Identity Key,Canonical Brand,Canonical Identifier,Source Count,Observation Count,Verified Price Source Count,Distinct Verified Prices,Market Price Status,Market Price,Observed Price Spread,All-Wall Price,All-Wall Duplicate Count,All-Wall Observed Duplicate Prices,All-Wall Evidence Quality,All-Wall Product Name,Al's Taping Tools Price,Al's Taping Tools Duplicate Count,Al's Taping Tools Observed Duplicate Prices,Al's Taping Tools Evidence Quality,Al's Taping Tools Product Name,Wall Tools Price,Wall Tools Duplicate Count,Wall Tools Observed Duplicate Prices,Wall Tools Evidence Quality,Wall Tools Product Name
tapetech::cfcrnr,TapeTech,CFCRNR,2,2,2,2,MARKET_PRICE_CONFLICT,,3999.50,15865.00,0,15865.00,single_observation,TapeTech Continuous Flow Corner Finishing Bundle CFCRNR,11865.50,0,11865.50,single_observation,Ames Bazooka Continuous Flow Corner Finishing Bundle,,0,,,
tapetech::ctvlv,TapeTech,CTVLV,2,2,2,2,MARKET_PRICE_CONFLICT,,1341.60,1349.00,0,1349.00,single_observation,TapeTech Continuous Flow RF Controller CTVLV,2690.60,0,2690.60,single_observation,TapeTech CF Taper/CF Corner Finisher Flow Controller,,0,,,
tapetech::ctpmp,TapeTech,CTPMP,2,2,2,2,MARKET_PRICE_CONFLICT,,950.00,12450.00,0,12450.00,single_observation,TapeTech Continuous Flow Pump CTPMP,13400.00,0,13400.00,single_observation,TapeTech Continuous Flow Bazooka Pump,,0,,,
columbia::colsemi,Columbia Tools,COLSEMI,2,2,2,2,MARKET_PRICE_CONFLICT,,855.00,1175.00,0,1175.00,single_observation,Columbia Semi-Auto Taping Tool Kit,2030.00,0,2030.00,single_observation,Columbia Semi-Automatic Starter Set,,0,,,
tapetech::t05cf,TapeTech,T05CF,2,2,2,2,MARKET_PRICE_CONFLICT,,326.00,2849.00,0,2849.00,single_observation,TapeTech Continuous Flow Taper T05CF,3175.00,0,3175.00,single_observation,TapeTech Continuous Flow Taper,,0,,,
tapetech::ttjumbo1012,TapeTech,TT JUMBO 10/12,2,2,2,2,MARKET_PRICE_CONFLICT,,304.00,6085.00,0,6085.00,single_observation,TapeTech Basic Jumbo Set with 10in and 12in Boxes,5781.00,0,5781.00,single_observation,"TapeTech Jumbo Drywall Taping Tool Set - 10/12 Boxes, Taper, Spotter, Angle Tools",,0,,,
columbia::ffb97,Columbia Tools,FFB9-7,2,2,2,2,MARKET_PRICE_CONFLICT,,300.42,4.58,0,4.58,single_observation,FFB9-7 Columbia Flat Box Blade 7in #6082,305.00,0,305.00,single_observation,"Columbia Flat Box Blade 7"" - FFB9-7",,0,,,
columbia::ffb98,Columbia Tools,FFB9-8,2,2,2,2,MARKET_PRICE_CONFLICT,,300.30,4.70,0,4.70,single_observation,FFB9-8 Columbia Flat Box Blade 8in #6083,305.00,0,305.00,single_observation,"Columbia Flat Box Blade 8"" - FFB9-8",,0,,,
tapetech::mws01tt,TapeTech,MWS01-TT,2,2,2,2,MARKET_PRICE_CONFLICT,,270.00,599.00,0,599.00,single_observation,TapeTech Mobile Wash Station MWS01-TT,869.00,0,869.00,single_observation,TapeTech Mobile Tool Wash Station,,0,,,
tapetech::056248g,TapeTech,056248G,2,2,2,2,MARKET_PRICE_CONFLICT,,185.16,395.09,0,395.09,single_observation,TapeTech Taper Tube 056248G,,0,,,,580.25,0,580.25,single_observation,"TapeTech Taper Tube, Gold (TAPE-056248G)"
columbia::ct103,Columbia Tools,CT103,3,3,3,3,MARKET_PRICE_CONFLICT,,121.76,150.64,0,150.64,single_observation,CT103 Columbia Taper Barrel Main Body #5963,251.06,0,251.06,single_observation,Taper Barrel Main Body - CT103,129.30,0,129.30,single_observation,Columbia Barrel (Main Aluminium Tube Body) (COLM-CT103)
tapetech::257133,TapeTech,257133,2,2,2,2,MARKET_PRICE_CONFLICT,,117.07,682.93,0,682.93,single_observation,"TapeTech Continuous Flow MXF Hose 1/2"" x 50' 257133",800.00,0,800.00,single_observation,"TapeTech Continuous Flow MXF Hose 1/2"" x 50'",,0,,,
tapetech::200,TapeTech,200,2,2,2,2,MARKET_PRICE_CONFLICT,,108.85,117.29,0,117.29,single_observation,TapeTech Gooser Assembly 200,,0,,,,226.14,0,226.14,single_observation,TapeTech GOOSER SUB-ASSEMBLY (TAPE-200)
tapetech::16c298,TapeTech,16C298,2,2,2,2,MARKET_PRICE_CONFLICT,,98.57,103.87,0,103.87,single_observation,TapeTech Continuous Flow Hopper Filter 16C298,202.44,0,202.44,single_observation,TapeTech Replacement Hopper Filter for Bazooka Continuous Flow Pump,,0,,,
tapetech::501rse,TapeTech,501RSE,3,3,3,3,MARKET_PRICE_CONFLICT,,96.88,166.59,0,166.59,single_observation,TapeTech Corner Roller Wheel Repair Kit 501RSE,199.00,0,199.00,single_observation,TapeTech Corner Roller Wheel Repair Kit - 501RSE,263.47,0,263.47,single_observation,TapeTech Corner Roller Wheel Repair Kit - Euro
tapetech::335,TapeTech,335,3,3,3,3,MARKET_PRICE_CONFLICT,,96.06,168.29,0,168.29,single_observation,TapeTech Piston Assembly Kit 335,169.00,0,169.00,single_observation,TapeTech Piston Assembly Kit,264.35,0,264.35,single_observation,TapeTech PISTON SUB-ASSEMBLY (TAPE-335)
level5::4817,LEVEL5,4-817,2,2,2,2,MARKET_PRICE_CONFLICT,,94.83,,0,,,,79.16,0,79.16,single_observation,Level 5 Drywall Taper Gooser Assembly,173.99,0,173.99,single_observation,Level 5 Gooser Assembly
tapetech::cfs8034tt,TapeTech,CFS8034TT,2,2,2,2,MARKET_PRICE_CONFLICT,,83.00,667.00,0,667.00,single_observation,"TapeTech 34"" Continuous Flow Flat Box Handle CFS8034TT",750.00,0,750.00,single_observation,"TapeTech 34"" Continuous Flow Finishing Box Handle",,0,,,
tapetech::cfs8047tt,TapeTech,CFS8047TT,2,2,2,2,MARKET_PRICE_CONFLICT,,82.00,698.00,0,698.00,single_observation,"TapeTech 47"" Continuous Flow Flat Box Handle CFS8047TT",780.00,0,780.00,single_observation,"TapeTech 47"" Continuous Flow Finishing Box Handle",,0,,,
tapetech::cf12h,TapeTech,CF12H,2,2,2,2,MARKET_PRICE_CONFLICT,,81.00,669.00,0,669.00,single_observation,"TapeTech 12"" Continuous Flow Flat Box CF12H",750.00,0,750.00,single_observation,"TapeTech / Ames Continuous Flow 12"" Finishing Box - CF12H",,0,,,
tapetech::cfs8060tt,TapeTech,CFS8060TT,2,2,2,2,MARKET_PRICE_CONFLICT,,78.00,722.00,0,722.00,single_observation,"TapeTech 60"" Continuous Flow Flat Box Handle CFS8060TT",800.00,0,800.00,single_observation,"TapeTech 60"" Continuous Flow Finishing Box Handle",,0,,,
tapetech::215,TapeTech,215,3,3,3,3,MARKET_PRICE_CONFLICT,,73.30,190.99,0,190.99,single_observation,TapeTech Drive Dog Assembly 215,125.99,0,125.99,single_observation,TapeTech Drive Dog Assembly Kit - 215,199.29,0,199.29,single_observation,TapeTech DRIVE DOG SUB ASSEMBLY (TAPE-215)
tapetech::qb0006,TapeTech,QB0006,2,2,2,2,MARKET_PRICE_CONFLICT,,73.29,10.09,0,10.09,single_observation,TapeTech Axle QB0006,83.38,0,83.38,single_observation,Axle - QB0006,,0,,,
tapetech::cfh40tt,TapeTech,CFH40TT,2,2,2,2,MARKET_PRICE_CONFLICT,,73.00,577.00,0,577.00,single_observation,"TapeTech Continuous Flow 40"" Corner Finisher Handle",650.00,0,650.00,single_observation,"TapeTech 40"" Continuous Flow Corner Finisher Handle",,0,,,
tapetech::cf10h,TapeTech,CF10H,2,2,2,2,MARKET_PRICE_CONFLICT,,72.00,578.00,0,578.00,single_observation,"TapeTech 10"" Continuous Flow Flat Box CF10H",650.00,0,650.00,single_observation,"TapeTech / Ames Continuous Flow 10"" Finishing Box - CF10H",,0,,,
columbia::hns14a,Columbia Tools,HNS14A,2,2,2,2,MARKET_PRICE_CONFLICT,,71.89,89.54,0,89.54,single_observation,HNS14A Columbia Nail Spotter Handle Link,,0,,,,17.65,0,17.65,single_observation,Columbia Handle Link for Hinged Nail Spotter (COLM-HNS14A)
tapetech::cf07h,TapeTech,CF07H,2,2,2,2,MARKET_PRICE_CONFLICT,,70.00,545.00,0,545.00,single_observation,"TapeTech 7"" Continuous Flow Flat Box CF07H",615.00,0,615.00,single_observation,"TapeTech / Ames Continuous Flow 7"" Finishing Box - CF07H",,0,,,
tapetech::cfh66tt,TapeTech,CFH66TT,2,2,2,2,MARKET_PRICE_CONFLICT,,69.00,621.00,0,621.00,single_observation,"TapeTech Continuous Flow 66"" Corner Finisher Handle",690.00,0,690.00,single_observation,"TapeTech 66"" Continuous Flow Corner Finisher Handle",,0,,,
columbia::ffb17,Columbia Tools,FFB1-7,2,2,2,2,MARKET_PRICE_CONFLICT,,68.69,73.22,0,73.22,single_observation,"FFB1-7 Columbia 7"" Flat Box Rear Plate",,0,,,,4.53,0,4.53,single_observation,Columbia Door Spring (a.k.a. Pressure Plate Spring) (COLM-FFB17)
tapetech::cfs8072tt,TapeTech,CFS8072TT,2,2,2,2,MARKET_PRICE_CONFLICT,,67.00,753.00,0,753.00,single_observation,"TapeTech 72"" Continuous Flow Flat Box Handle CFS8072TT",820.00,0,820.00,single_observation,"TapeTech 72"" Continuous Flow Finishing Box Handle",,0,,,
tapetech::304002,TapeTech,304002,2,2,2,2,MARKET_PRICE_CONFLICT,,63.85,178.99,0,178.99,single_observation,"TapeTech 12"" Flat Box Blade Holder Assembly 304002",,0,,,,242.84,0,242.84,single_observation,"TapeTech BLADE HOLDER ASSEMBLY, 12"" BOX (TAPE-304002)"
tapetech::ch90tt,TapeTech,CH90TT,2,2,2,2,MARKET_PRICE_CONFLICT,,60.46,99.00,0,99.00,single_observation,TapeTech 90 mm Cove Applicator Head CH90TT,159.46,0,159.46,single_observation,TapeTech 90 mm Cove Applicator Head CH90TT,,0,,,
tapetech::196003,TapeTech,196003,3,3,3,3,MARKET_PRICE_CONFLICT,,59.81,125.19,0,125.19,single_observation,TapeTech Xtender Hinge Assembly 196003,185.00,0,185.00,single_observation,196003 - TapeTech Xtender Handle Hinge Assembly,184.15,0,184.15,single_observation,TapeTech HINGE CASTING (TAPE-196003)
tapetech::054101,TapeTech,054101,3,3,3,3,MARKET_PRICE_CONFLICT,,55.22,8.03,0,8.03,single_observation,TapeTech Tape Guide Assembly 054101,63.25,0,63.25,single_observation,Tape Guide Assembly - 054101,57.10,0,57.10,single_observation,TapeTech TAPE GUIDE ASSEMBLY (TAPE-054101)
tapetech::804242,TapeTech,804242,2,2,2,2,MARKET_PRICE_CONFLICT,,54.15,,0,,,,44.30,0,44.30,single_observation,"42"" Connector Assembly - 804242",98.45,0,98.45,single_observation,"TapeTech 42"" CONNECTOR"
level5::4777,LEVEL5,4-777,2,2,2,2,MARKET_PRICE_CONFLICT,,52.64,,0,,,,45.00,0,45.00,single_observation,Level5 Corner Roller Handle,97.64,0,97.64,single_observation,Level 5 Red Aluminum Corner Roller Handle
tapetech::24d166,TapeTech,24D166,2,2,2,2,MARKET_PRICE_CONFLICT,,50.37,525.37,0,525.37,single_observation,TapeTech Z Swivel Attachment for CF Hose 24D166,475.00,0,475.00,single_observation,TapeTech Z Swivel Attachment for CF Hose 24D166,,0,,,
tapetech::051105,TapeTech,051105,2,2,2,2,MARKET_PRICE_CONFLICT,,48.80,50.89,0,50.89,single_observation,TapeTech Side Plate 051105,99.69,0,99.69,single_observation,Side Plate (Near Main Chain) - 051105,,0,,,
tapetech::480002f,TapeTech,480002F,3,3,3,3,MARKET_PRICE_CONFLICT,,48.01,20.79,0,20.79,single_observation,TapeTech Wear Pad 480002F,68.80,0,68.80,single_observation,TapeTech Angle Head Wear Pad - 480002,21.19,0,21.19,single_observation,TapeTech Wear Pad (TAPE-480002F)
tapetech::ch83tt,TapeTech,CH83TT,2,2,2,2,MARKET_PRICE_CONFLICT,,45.85,99.00,0,99.00,single_observation,TapeTech 83 mm Cove Applicator Head CH83TT,144.85,0,144.85,single_observation,TapeTech 83 mm Cove Applicator Head CH83TT,,0,,,
columbia::ssb40,Columbia Tools,SSB40,2,2,2,2,MARKET_PRICE_CONFLICT,,45.00,144.99,0,144.99,single_observation,"Columbia 40"" Sabre Smoothing Blade",99.99,0,99.99,single_observation,"Columbia Sabre Smoothing Blade 40""",,0,,,
tapetech::051089,TapeTech,051089,2,2,2,2,MARKET_PRICE_CONFLICT,,43.77,70.65,0,70.65,single_observation,TapeTech Side Plate 051089,114.42,0,114.42,single_observation,Side Plate - 051089,,0,,,
tapetech::254002,TapeTech,254002,2,2,2,2,MARKET_PRICE_CONFLICT,,43.35,177.89,0,177.89,single_observation,"TapeTech 10"" Flat Box Blade Holder Assembly 254002",,0,,,,221.24,0,221.24,single_observation,TapeTech BLADE HOLDR ASSY (TAPE-254002)
tapetech::ch75tt,TapeTech,CH75TT,2,2,2,2,MARKET_PRICE_CONFLICT,,41.86,99.00,0,99.00,single_observation,TapeTech 75 mm Cove Applicator Head CH75TT,140.86,0,140.86,single_observation,TapeTech 75 mm Cove Applicator Head CH75TT,,0,,,
columbia::ssb32,Columbia Tools,SSB32,2,2,2,2,MARKET_PRICE_CONFLICT,,41.00,115.99,0,115.99,single_observation,"Columbia 32"" Sabre Smoothing Blade",74.99,0,74.99,single_observation,"Columbia Sabre Smoothing Blade 32""",,0,,,
tapetech::300040f,TapeTech,300040F,2,2,2,2,MARKET_PRICE_CONFLICT,,40.24,10.91,0,10.91,single_observation,"TapeTech 12"" Flat Box 4-40 Tie Rod 300040",51.15,0,51.15,single_observation,"4-40 Tie Rod for 12"" - 300040",,0,,,
tapetech::ch55tt,TapeTech,CH55TT,2,2,2,2,MARKET_PRICE_CONFLICT,,39.19,99.00,0,99.00,single_observation,TapeTech 55 mm Cove Applicator Head CH55TT,138.19,0,138.19,single_observation,TapeTech 55 mm Cove Applicator Head CH55TT,,0,,,
columbia::ssb48,Columbia Tools,SSB48,2,2,2,2,MARKET_PRICE_CONFLICT,,38.00,167.99,0,167.99,single_observation,"Columbia 48"" Sabre Smoothing Blade",129.99,0,129.99,single_observation,"Columbia Sabre Smoothing Blade 48""",,0,,,
tapetech::050113f,TapeTech,050113F,3,3,3,3,MARKET_PRICE_CONFLICT,,35.63,14.09,0,14.09,single_observation,TapeTech Cutter Block Tube 050113F,49.72,0,49.72,single_observation,Cutter Block Tube - 050113F,14.37,0,14.37,single_observation,TapeTech CUTTER BLOCK TUBE (TAPE-050113F)
tapetech::814242,TapeTech,814242,2,2,2,2,MARKET_PRICE_CONFLICT,,32.65,68.49,0,68.49,single_observation,"TapeTech 42"" Connector Assy 814242",35.84,0,35.84,single_observation,"814242 - 42"" Connector Assy",,0,,,
tapetech::654036,TapeTech,654036,2,2,2,2,MARKET_PRICE_CONFLICT,,29.48,84.39,0,84.39,single_observation,"TapeTech 3"" Blade Clamp Assembly 654036",,0,,,,113.87,0,113.87,single_observation,TapeTech BLADE CLAMP ASSY (TAPE-654036)
tapetech::501a,TapeTech,501A,2,2,2,2,MARKET_PRICE_CONFLICT,,29.35,42.29,0,42.29,single_observation,TapeTech Taper Repair Kit 501A,,0,,,,71.64,0,71.64,single_observation,TapeTech Taper Repair Kit (TAPE-501A)
tapetech::502f4x,TapeTech,502F4X,2,2,2,2,MARKET_PRICE_CONFLICT,,29.35,102.99,0,102.99,single_observation,"TapeTech 3.5"" Angle Head Blade Kit 502F4X",73.64,0,73.64,single_observation,"TapeTech 3.5"" EZ Roll Corner Finisher Blade Kit - 502F4X",,0,,,
tapetech::500028,TapeTech,500028,3,3,3,3,MARKET_PRICE_CONFLICT,,28.04,22.69,0,22.69,single_observation,"TapeTech 7"" Angle Box Wiper 500028",50.73,0,50.73,single_observation,"500028 - TapeTech Replacement Wiper for 7"" Angle Box",23.04,0,23.04,single_observation,"TapeTech 7"" WIPER (TAPE-500028)"
tapetech::140006,TapeTech,140006,2,2,2,2,MARKET_PRICE_CONFLICT,,27.93,223.79,0,223.79,single_observation,TapeTech Pushrod 140006,251.72,0,251.72,single_observation,140006 - Mudrunner Pushrod,,0,,,
tapetech::144001,TapeTech,144001,2,2,2,2,MARKET_PRICE_CONFLICT,,27.41,569.99,0,569.99,single_observation,TapeTech MudRunner Plastic Tube with Clamps 144001,597.40,0,597.40,single_observation,144001 - Mudrunner Plastic Tube Complete,,0,,,
tapetech::800018f,TapeTech,800018F,3,3,3,3,MARKET_PRICE_CONFLICT,,27.22,49.79,0,49.79,single_observation,TapeTech Connector Plate 800018F,77.01,0,77.01,single_observation,Connector Plate - 800018,50.70,0,50.70,single_observation,TapeTech CONNECTOR PLATE (TAPE-800018F)
columbia::ssb24,Columbia Tools,SSB24,2,2,2,2,MARKET_PRICE_CONFLICT,,27.00,86.99,0,86.99,single_observation,"Columbia 24"" Sabre Smoothing Blade",59.99,0,59.99,single_observation,"Columbia Sabre Smoothing Blade 24""",,0,,,
columbia::ah32,Columbia Tools,AH3-2,2,2,2,2,MARKET_PRICE_CONFLICT,,26.70,36.34,0,36.34,single_observation,AH3-2 Columbia Angle Head Carbide Blade 2in #5801,9.64,0,9.64,single_observation,12 - Upper Leaf Spring (AH-32),,0,,,
tapetech::050235,TapeTech,050235,2,2,2,2,MARKET_PRICE_CONFLICT,,26.21,38.29,0,38.29,single_observation,TapeTech Band 050235,12.08,0,12.08,single_observation,Band - 050235,,0,,,
columbia::3wtdf,Columbia Tools,3WTDF,2,2,2,2,MARKET_PRICE_CONFLICT,,25.99,140.99,0,140.99,single_observation,"Columbia 3"" Widetrack Direct Corner Flusher",115.00,0,115.00,single_observation,"Columbia Taping Tools 3"" Widetrack Direct Drywall Corner Flusher",,0,,,
tapetech::050083f,TapeTech,050083F,3,3,3,3,MARKET_PRICE_CONFLICT,,25.61,64.49,0,64.49,single_observation,TapeTech Cable Drum 050083F,39.99,0,39.99,single_observation,Cable Drum - 050083F,65.60,0,65.60,single_observation,TapeTech Cable Drum (TAPE-050083F)
columbia::ct1,Columbia Tools,CT1,2,2,2,2,MARKET_PRICE_CONFLICT,,25.60,180.74,0,180.74,single_observation,CT1 Columbia Taper Head Casting #5570,,0,,,,155.14,0,155.14,single_observation,Columbia Taper Head (COLM-CT1)
surpro::s1a2640,SurPro,S1-A-2640,2,2,2,2,MARKET_PRICE_CONFLICT,,25.00,,0,,,,305.00,0,305.00,single_observation,"Surpro 26-40"" S1 Aluminum Single Sided Drywall Stilts",330.00,0,330.00,single_observation,SurPro S1 Aluminum Drywall Stilts (Adjustable Height 26-40 in.)
tapetech::054096f,TapeTech,054096F,3,3,3,3,MARKET_PRICE_CONFLICT,,24.88,15.39,0,15.39,single_observation,TapeTech Short Creaser Assembly 054096F,40.27,0,40.27,single_observation,Short Creaser Assembly - 054096,15.65,0,15.65,single_observation,TapeTech Short Creaser Assembly (TAPE-054096F)
columbia::cra2,Columbia Tools,CRA-2,2,2,2,2,MARKET_PRICE_CONFLICT,,24.82,89.99,0,89.99,single_observation,Columbia Corner Roller Wheel Maintenance Kit,,0,,,,114.81,0,114.81,single_observation,"Columbia Corner Roller Repair Kit, (COLM-CRA2)"
tapetech::305045g,TapeTech,305045G,3,3,3,3,MARKET_PRICE_CONFLICT,,24.66,54.00,0,54.00,single_observation,"TapeTech 12"" Axle 305045G",78.66,0,78.66,single_observation,305045G -TapeTech 12 in. Standard Axle for EasyRoll Wheels,71.17,0,71.17,single_observation,TapeTech 12 inch EZ Roll Flat Box Axle
tapetech::681015,TapeTech,681015,2,2,2,2,MARKET_PRICE_CONFLICT,,24.60,75.99,0,75.99,single_observation,"TapeTech 3"" Nail Spotter Wiper 681015",100.59,0,100.59,single_observation,"TapeTech 3"" Wiper For Nailspotter - 680015",,0,,,
tapetech::056133,TapeTech,056133,2,2,2,2,MARKET_PRICE_CONFLICT,,24.38,29.90,0,29.90,single_observation,Stainless Steel Taper Blades 10 pack,,0,,,,5.52,0,5.52,single_observation,TapeTech PYRAMID BLADE (TAPE-056133)
tapetech::140019,TapeTech,140019,2,2,2,2,MARKET_PRICE_CONFLICT,,24.27,125.89,0,125.89,single_observation,TapeTech Main Tube Cap 140019,150.16,0,150.16,single_observation,140019 - Main Tube Cap,,0,,,
tapetech::502a,TapeTech,502A,2,2,2,2,MARKET_PRICE_CONFLICT,,24.03,49.99,0,49.99,single_observation,TapeTech Taper Rebuild Kit 502A,,0,,,,74.02,0,74.02,single_observation,TapeTech Taper Rebuild Kit (TAPE-502A)
tapetech::ezcover07,TapeTech,EZCOVER07,3,3,3,3,MARKET_PRICE_CONFLICT,,23.37,194.39,0,194.39,single_observation,TapeTech EasyClean® Cover Plate Kit EZCOVER07,181.90,0,181.90,single_observation,TapeTech EasyClean Cover Plate Conversion Kit,205.27,0,205.27,single_observation,TapeTech EZCOVER PLATE (TAPE-EZCOVER07)
columbia::ffba107,Columbia Tools,FFBA10-7,2,2,2,2,MARKET_PRICE_CONFLICT,,23.01,120.46,0,120.46,single_observation,FFBA10-7 Columbia Flat Box Blade Bar Assembly 7in #6115,97.45,0,97.45,single_observation,Flat Box Blade Bar Assembly 7in - FFBA10-7,,0,,,
tapetech::pfk40tt,TapeTech,PFK40TT,3,3,3,2,MARKET_PRICE_CONFLICT,,23.01,99.99,0,99.99,single_observation,"TapeTech 40"" Premium Finishing Knife PFK40TT",123.00,0,123.00,single_observation,"TapeTech 40"" Premium Finishing Knife",99.99,0,99.99,single_observation,"TapeTech 40"" Premium Finishing Knife (TAPE-PFK40TT)"
tapetech::680002,TapeTech,680002,3,3,3,3,MARKET_PRICE_CONFLICT,,22.40,44.39,0,44.39,single_observation,"TapeTech 3"" Nail Spotter Latch 680002",21.99,0,21.99,single_observation,Latch - 680002,41.92,0,41.92,single_observation,"TapeTech 3"" LATCH (TAPE-680002)"
tapetech::604036,TapeTech,604036,2,2,2,2,MARKET_PRICE_CONFLICT,,22.39,75.99,0,75.99,single_observation,"TapeTech 2"" Blade Clamp Assembly 604036",,0,,,,98.38,0,98.38,single_observation,TapeTech BLADE CLAMP ASSY (TAPE-604036)
tapetech::303027b,TapeTech,303027B,2,2,2,2,MARKET_PRICE_CONFLICT,,21.86,187.49,0,187.49,single_observation,"TapeTech 12"" CFS Pressure Plate 303027B",165.63,0,165.63,single_observation,"TapeTech Pressure Plate, 12"" CFS - 303027B",,0,,,
tapetech::054245f,TapeTech,054245F,2,2,2,2,MARKET_PRICE_CONFLICT,,21.70,61.19,0,61.19,single_observation,TapeTech Trigger Assembly 054245F,,0,,,,82.89,0,82.89,single_observation,TapeTech Creaser Trigger (TAPE-054245F)
tapetech::atx01tt,TapeTech,ATX01TT,3,3,3,2,MARKET_PRICE_CONFLICT,,21.00,399.00,0,399.00,single_observation,TapeTech Automatic Taper Extension ATX01TT,399.00,0,399.00,single_observation,TapeTech Automatic Taper Extension for 07TT Taper,378.00,0,378.00,single_observation,Tape Tech Automatic Taper Extension (TAPE-ATX01TT)
columbia::hpa4,Columbia Tools,HPA4,2,2,2,2,MARKET_PRICE_CONFLICT,,20.88,147.38,0,147.38,single_observation,Columbia Mud Pump Head Casting Assembly HPA4,,0,,,,126.50,0,126.50,single_observation,Columbia Head Billet Assembly (Pump) (COLM-HPA-4)
columbia::ffba1014,Columbia Tools,FFBA10-14,2,2,2,2,MARKET_PRICE_CONFLICT,,20.07,120.46,0,120.46,single_observation,FFBA10-14 Columbia Flat Box Blade Bar Assembly 14in #13786,100.39,0,100.39,single_observation,Flat Box Blade Bar Assembly 14in - FFBA10-14,,0,,,
tapetech::054219,TapeTech,054219,3,3,3,3,MARKET_PRICE_CONFLICT,,20.01,54.99,0,54.99,single_observation,TapeTech Control Extension Arm 054219,75.00,0,75.00,single_observation,Control Extension Arm - 054219,74.57,0,74.57,single_observation,TapeTech CONTROL EXTENSION ARM (TAPE-054219)
tapetech::pfk32tt,TapeTech,PFK32TT,3,3,3,2,MARKET_PRICE_CONFLICT,,20.01,74.99,0,74.99,single_observation,"TapeTech 32"" Premium Finishing Knife PFK32TT",95.00,0,95.00,single_observation,"TapeTech 32"" Premium Finishing Knife",74.99,0,74.99,single_observation,"TapeTech 32"" Premium Finishing Knife (TAPE-PFK32TT)"
columbia::ssb18,Columbia Tools,SSB18,2,2,2,2,MARKET_PRICE_CONFLICT,,20.00,64.99,0,64.99,single_observation,"Columbia 18"" Sabre Smoothing Blade",44.99,0,44.99,single_observation,"Columbia Sabre Smoothing Blade 18""",,0,,,
tapetech::ctbxc,TapeTech,CTBXC,2,2,2,2,MARKET_PRICE_CONFLICT,,20.00,545.00,0,545.00,single_observation,TapeTech Continuous Flow Flat Box Controller CTBXC,525.00,0,525.00,single_observation,TapeTech Continuous Flow Finishing Box Controller,,0,,,
tapetech::050072f,TapeTech,050072F,3,3,3,3,MARKET_PRICE_CONFLICT,,19.91,8.19,0,8.19,single_observation,TapeTech Rear Support 050072F,28.10,0,28.10,single_observation,Rear Support - 050072,8.30,0,8.30,single_observation,TapeTech Rear Support (TAPE-050072F)
tapetech::150003f,TapeTech,150003F,2,2,2,2,MARKET_PRICE_CONFLICT,,19.65,51.99,0,51.99,single_observation,TapeTech Coupling 150003F,,0,,,,71.64,0,71.64,single_observation,TapeTech COUPLING (TAPE-150003F)
tapetech::pfk24tt,TapeTech,PFK24TT,3,3,3,2,MARKET_PRICE_CONFLICT,,19.01,59.99,0,59.99,single_observation,"TapeTech 24"" Premium Finishing Knife PFK24TT",79.00,0,79.00,single_observation,"TapeTech 24"" Premium Finishing Knife",59.99,0,59.99,single_observation,"TapeTech 24"" Premium Finishing Knife (TAPE-PFK24TT)"
columbia::ssb16,Columbia Tools,SSB16,2,2,2,2,MARKET_PRICE_CONFLICT,,19.00,57.99,0,57.99,single_observation,"Columbia 16"" Sabre Smoothing Blade",38.99,0,38.99,single_observation,"Columbia Sabre Smoothing Blade 16""",,0,,,
tapetech::xhttnsa,TapeTech,XHTT/NSA,2,2,2,2,MARKET_PRICE_CONFLICT,,19.00,219.00,0,219.00,single_observation,TapeTech Extendable Nail Spotter Handle XHTT/NSA,238.00,0,238.00,single_observation,TapeTech Xtender Nail Spotter Handle Kit,,0,,,
tapetech::212081,TapeTech,212081,2,2,2,2,MARKET_PRICE_CONFLICT,,18.54,71.29,0,71.29,single_observation,TapeTech Arm 212081,,0,,,,89.83,0,89.83,single_observation,TapeTech ARM (TAPE-212081)
tapetech::pfk14tt,TapeTech,PFK14TT,3,3,3,2,MARKET_PRICE_CONFLICT,,18.01,32.99,0,32.99,single_observation,"TapeTech 14"" Premium Finishing Knife PFK14TT",51.00,0,51.00,single_observation,"TapeTech 14"" Premium Finishing Knife",32.99,0,32.99,single_observation,"TapeTech 14"" Premium Finishing Knife (TAPE-PFK14TT)"
tapetech::050249,TapeTech,050249,2,2,2,2,MARKET_PRICE_CONFLICT,,17.83,38.09,0,38.09,single_observation,TapeTech Creaser Connector 050249,,0,,,,55.92,0,55.92,single_observation,TapeTech CREASER CONNECTOR
tapetech::054116f,TapeTech,054116F,3,3,3,3,MARKET_PRICE_CONFLICT,,17.63,26.29,0,26.29,single_observation,TapeTech Drive Dog 054116F,43.92,0,43.92,single_observation,Drive Dog Assembly - 054116F,26.70,0,26.70,single_observation,TapeTech DRIVE DOG ASSY. (TAPE-054116F)
tapetech::pfk48tt,TapeTech,PFK48TT,3,3,3,2,MARKET_PRICE_CONFLICT,,17.01,129.99,0,129.99,single_observation,"TapeTech 48"" Premium Finishing Knife PFK48TT",147.00,0,147.00,single_observation,"TapeTech 48"" Premium Finishing Knife",129.99,0,129.99,single_observation,"TapeTech 48"" Premium Finishing Knife (TAPE-PFK48TT)"
columbia::c1hcltha,Columbia Tools,C1H/CLTHA,2,2,2,2,MARKET_PRICE_CONFLICT,,17.00,147.00,0,147.00,single_observation,Columbia Tomahawk Smoothing Blade Handle,130.00,0,130.00,single_observation,Columbia Tomahawk Smoothing Blade Fixed Handle,,0,,,
columbia::ssb14,Columbia Tools,SSB14,2,2,2,2,MARKET_PRICE_CONFLICT,,17.00,49.99,0,49.99,single_observation,"Columbia 14"" Sabre Smoothing Blade",32.99,0,32.99,single_observation,"Columbia Sabre Smoothing Blade 14""",,0,,,
tapetech::056100f,TapeTech,056100F,3,3,3,3,MARKET_PRICE_CONFLICT,,16.85,134.99,0,134.99,single_observation,TapeTech Taper Head Casting 056100F,151.84,0,151.84,single_observation,Replacement Head Casting - 056100,137.24,0,137.24,single_observation,TapeTech TAPER HEAD (TAPE-056100F)
tapetech::502f3,TapeTech,502F3,3,3,3,3,MARKET_PRICE_CONFLICT,,16.50,105.29,0,105.29,single_observation,"TapeTech 3"" Angle Head Blade Kit 502F3",89.40,0,89.40,single_observation,"TapeTech 3"" Corner Finisher Blade Kit - 502F3",105.90,0,105.90,single_observation,"TapeTech 3"" Corner Finisher Blade Repair Kit (TAPE-502F3)"
tapetech::ezrollkit,TapeTech,EZROLL-KIT,2,2,2,2,MARKET_PRICE_CONFLICT,,15.68,38.99,0,38.99,single_observation,TapeTech EasyRoll Flat Box Wheel Kit EZROLL-KIT,,0,,,,54.67,0,54.67,single_observation,TapeTech EZ Roll Flat Box Wheel Repair Kit (TAPE-EZROLLKIT)
tapetech::700037,TapeTech,700037,3,3,3,3,MARKET_PRICE_CONFLICT,,15.50,26.19,0,26.19,single_observation,TapeTech Loading Pump Nut 700037,41.69,0,41.69,single_observation,Special Nut - 700037,41.45,0,41.45,single_observation,TapeTech SPECIAL NUT (TAPE-700037)
tapetech::cfk02tt,TapeTech,CFK02TT,2,2,2,2,MARKET_PRICE_CONFLICT,,15.01,79.99,0,79.99,single_observation,TapeTech Creaser Wheel Kit for Corner Flushers CFK02TT,95.00,0,95.00,single_observation,TapeTech Creaser Wheel Kit for Corner Flushers CFK02TT,,0,,,
columbia::mp7,Columbia Tools,MP7,2,2,2,2,MARKET_PRICE_CONFLICT,,14.93,105.42,0,105.42,single_observation,MP7 Columbia Mud Pump Handle #6167,,0,,,,90.49,0,90.49,single_observation,Columbia Handle (COLM-MP7)
columbia::ct57,Columbia Tools,CT57,2,2,2,2,MARKET_PRICE_CONFLICT,,14.50,102.40,0,102.40,single_observation,CT57 Columbia Taper Tape Advance Carriage #5833,,0,,,,87.90,0,87.90,single_observation,Columbia Tape Advance Carriage (Includes CT58)  (COLM-CT57)
tapetech::350034,TapeTech,350034,2,2,2,2,MARKET_PRICE_CONFLICT,,14.45,36.99,0,36.99,single_observation,"TapeTech 8"" Angle Box Pressure Plate 350034",,0,,,,51.44,0,51.44,single_observation,"TapeTech 8"" PRESSURE PLATE (TAPE-350034)"
columbia::ct78,Columbia Tools,CT78,2,2,2,2,MARKET_PRICE_CONFLICT,,14.07,99.40,0,99.40,single_observation,CT78 Columbia Taper Drive Chain #5850,,0,,,,85.33,0,85.33,single_observation,Columbia Drive Chain (COLM-CT78)
tapetech::pfk18tt,TapeTech,PFK18TT,3,3,3,2,MARKET_PRICE_CONFLICT,,14.01,44.99,0,44.99,single_observation,"TapeTech 18"" Premium Finishing Knife PFK18TT",59.00,0,59.00,single_observation,"TapeTech 18"" Premium Finishing Knife",44.99,0,44.99,single_observation,"TapeTech 18"" Premium Finishing Knife (TAPE-PFK18TT)"
usg-sheetrock::340311,USG Sheetrock Tools,340311,2,2,2,2,MARKET_PRICE_CONFLICT,,13.60,199.99,0,199.99,single_observation,USG Sheetrock™ Paper Face Bead Hopper,213.59,0,213.59,single_observation,Sheetrock Paper Faced Corner Bead Hopper,,0,,,
tapetech::191007,TapeTech,191007,3,3,3,3,MARKET_PRICE_CONFLICT,,13.49,107.79,0,107.79,single_observation,TapeTech Xtender Connector Rod 191007,121.28,0,121.28,single_observation,191007 - TapeTech Xtender Handle Connector Rod,109.62,0,109.62,single_observation,TapeTech ROD (TAPE-191007)
tapetech::631015,TapeTech,631015,2,2,2,2,MARKET_PRICE_CONFLICT,,13.29,62.79,0,62.79,single_observation,"TapeTech 2"" Nail Spotter Wiper 631015",76.08,0,76.08,single_observation,"TapeTech 2"" Wiper For Nailspotter - 630015",,0,,,
tapetech::810028,TapeTech,810028,2,2,2,2,MARKET_PRICE_CONFLICT,,12.64,11.39,0,11.39,single_observation,TapeTech Swivel Axle 810028,24.03,0,24.03,single_observation,810028 - Swivel Axle,,0,,,
columbia::mp8,Columbia Tools,MP8,2,2,2,2,MARKET_PRICE_CONFLICT,,12.28,86.62,0,86.62,single_observation,COLMP8 Columbia Mud Pump Leg,,0,,,,74.34,0,74.34,single_observation,Columbia Leg (COLM-MP8)
tapetech::pwwhvhs3,TapeTech,PWW-HV-HS-3,2,2,2,2,MARKET_PRICE_CONFLICT,,12.00,37.99,0,37.99,single_observation,TapeTech Hi-Vis Hoodie - XLarge,49.99,0,49.99,single_observation,TapeTech High Visibility Hooded Sweatshirt - XL,,0,,,
columbia::cltbf,Columbia Tools,CLT-BF,3,3,3,3,MARKET_PRICE_CONFLICT,,11.88,70.00,0,70.00,single_observation,Columbia Compound Tube Filler Adaptor,70.47,0,70.47,single_observation,Columbia Compound Tube Filler Adaptor,81.88,0,81.88,single_observation,Columbia Cam Lock Box Filler
tapetech::810029,TapeTech,810029,2,2,2,2,MARKET_PRICE_CONFLICT,,11.71,19.79,0,19.79,single_observation,TapeTech Connector Coupling 810029,31.50,0,31.50,single_observation,810029 - Connector Coupling,,0,,,
tapetech::212084,TapeTech,212084,3,3,3,3,MARKET_PRICE_CONFLICT,,11.55,37.89,0,37.89,single_observation,TapeTech Left Flange 212084,26.34,0,26.34,single_observation,212084 - Tape Tech Power Assist Left Flange,35.75,0,35.75,single_observation,"TapeTech FLANGE, LEFT (TAPE-212084)"
tapetech::212085,TapeTech,212085,2,2,2,2,MARKET_PRICE_CONFLICT,,11.55,37.89,0,37.89,single_observation,TapeTech Right Flange 212085,26.34,0,26.34,single_observation,TapeTech Power Assist Right Flange - 212085,,0,,,
tapetech::sssaf,TapeTech,SSSA-F,2,2,2,2,MARKET_PRICE_CONFLICT,,11.54,49.99,0,49.99,single_observation,TapeTech Single Angle Sanding Sponge Fine (Box Of 24),61.53,0,61.53,single_observation,TapeTech Single Angle Sanding Sponge - Fine - 24 Pack,,0,,,
tapetech::881005,TapeTech,881005,2,2,2,2,MARKET_PRICE_CONFLICT,,11.41,45.79,0,45.79,single_observation,TapeTech Rear Brake Lever 881005,57.20,0,57.20,single_observation,881005 - Rear Brake Lever,,0,,,
tapetech::pfk12tt,TapeTech,PFK12TT,2,2,2,2,MARKET_PRICE_CONFLICT,,11.01,29.99,0,29.99,single_observation,"TapeTech 12"" Premium Finishing Knife PFK12TT",41.00,0,41.00,single_observation,"TapeTech 12"" Premium Smoothing Wipe Down Blade",,0,,,
columbia::ssb12,Columbia Tools,SSB12,2,2,2,2,MARKET_PRICE_CONFLICT,,11.00,42.99,0,42.99,single_observation,"Columbia 12"" Sabre Smoothing Blade",31.99,0,31.99,single_observation,"Columbia Sabre Smoothing Blade 12""",,0,,,
tapetech::050212f,TapeTech,050212F,3,3,3,3,MARKET_PRICE_CONFLICT,,10.85,13.59,0,13.59,single_observation,TapeTech Lock Block 050212F,2.95,0,2.95,single_observation,Lock Block (5-40) - 050212,13.80,0,13.80,single_observation,TapeTech LOCK BLOCK
columbia::ct77,Columbia Tools,CT77,2,2,2,2,MARKET_PRICE_CONFLICT,,10.67,75.30,0,75.30,single_observation,CT77 Columbia Taper Drive Sprocket Large #5848,,0,,,,64.63,0,64.63,single_observation,Columbia Drive Sprocket - Large (COLM-CT77)
columbia::mp34,Columbia Tools,MP34,2,2,2,2,MARKET_PRICE_CONFLICT,,10.59,74.78,0,74.78,single_observation,MP34 Columbia Mud Pump Adaptor #5878,,0,,,,64.19,0,64.19,single_observation,Columbia Box Filler Adaptor Body (COLM-MP34)
tapetech::804855,TapeTech,804855,2,2,2,2,MARKET_PRICE_CONFLICT,,10.55,463.09,0,463.09,single_observation,TapeTech Ext Corner Handle with Welded Flange 804855,473.64,0,473.64,single_observation,804855 - Ext Corner Handle with Welded Flange,,0,,,
columbia::ct104,Columbia Tools,CT-104,2,2,2,2,MARKET_PRICE_CONFLICT,,10.36,,0,,,,22.00,0,22.00,single_observation,Taper Connection Strap - CT104,11.64,0,11.64,single_observation,Columbia Crimper lever Connection Strap (COLM-CT104)
surpro::ss1004,SurPro,SS1004,2,2,2,2,MARKET_PRICE_CONFLICT,,10.10,,0,,,,38.50,0,38.50,single_observation,Sur-Pro Spring Kit,28.40,0,28.40,single_observation,SurPro Stilt Spring Kit
tapetech::xhttcfa,TapeTech,XHTT/CFA,2,2,2,2,MARKET_PRICE_CONFLICT,,10.00,228.00,0,228.00,single_observation,TapeTech Extendable Angle Head Handle XHTT/CFA,218.00,0,218.00,single_observation,TapeTech XHTT/CFA Extender Angle Head Handle Kit,,0,,,
usg-sheetrock::340926,USG Sheetrock Tools,340926,2,2,2,2,MARKET_PRICE_CONFLICT,,10.00,369.00,0,369.00,single_observation,"Sheetrock Tools Drywall Stilts 24"" - 40""",379.00,0,379.00,single_observation,"Sheetrock Tools Drywall Stilts 24""- 40""",,0,,,
usg-sheetrock::340114,USG Sheetrock Tools,340114,2,2,2,2,MARKET_PRICE_CONFLICT,,9.99,22.99,0,22.99,single_observation,"Sheetrock 10"" Classic Blue Steel Drywall Taping Knife",13.00,0,13.00,single_observation,"Sheetrock 10"" Classic Blue Steel Drywall Taping Knife",,0,,,
tapetech::jk06cstt,TapeTech,JK06CSTT,2,2,2,2,MARKET_PRICE_CONFLICT,,9.96,11.99,0,11.99,single_observation,"TapeTech 6"" Premium Carbon Steel Joint Knife",21.95,0,21.95,single_observation,"TapeTech 6"" Premium Carbon Steel Joint Knife",,0,,,
columbia::8ffba,Columbia Tools,8FFBA,2,2,2,2,MARKET_PRICE_CONFLICT,,9.94,421.99,0,421.99,single_observation,"Columbia 8"" Automatic Assist Drywall Flat Box",,0,,,,431.93,0,431.93,single_observation,Columbia 8 in. Automatic Assist Flat Box
tapetech::202007,TapeTech,202007,2,2,2,2,MARKET_PRICE_CONFLICT,,9.88,13.34,0,13.34,single_observation,"TapeTech Push Rod, Crown Adjustment 202007",,0,,,,23.22,0,23.22,single_observation,"TapeTech Push Rod, Crown Adjust (TAPE-202007)"
tapetech::156001f,TapeTech,156001F,3,3,3,3,MARKET_PRICE_CONFLICT,,9.72,104.39,0,104.39,single_observation,TapeTech Corner Roller Head Casting 156001F,106.72,0,106.72,single_observation,TapeTech Corner Roller Head Casting - 156001,97.00,0,97.00,single_observation,TapeTech CORNER ROLLER HEAD (TAPE-156001F)
columbia::ct49,Columbia Tools,CT49,2,2,2,2,MARKET_PRICE_CONFLICT,,9.60,67.74,0,67.74,single_observation,CT49 Columbia Taper Crimping Arm Right #5623,,0,,,,58.14,0,58.14,single_observation,Columbia Crimping Arm Right - Stainless Steel (COLM-CT49)
tapetech::502005f,TapeTech,502005F,3,3,3,3,MARKET_PRICE_CONFLICT,,9.58,48.89,0,48.89,single_observation,TapeTech Pivot 502005F,58.32,0,58.32,single_observation,502005 - Pivot,48.74,0,48.74,single_observation,TapeTech PIVOT (TAPE-502005F)
tapetech::mp14tt,TapeTech,MP14TT,2,2,2,2,MARKET_PRICE_CONFLICT,,9.52,17.99,0,17.99,single_observation,"TapeTech 14"" Premium Mud Pan",27.51,0,27.51,single_observation,"TapeTech 14"" Premium Mud Pan",,0,,,
tapetech::700036,TapeTech,700036,2,2,2,2,MARKET_PRICE_CONFLICT,,9.51,16.29,0,16.29,single_observation,TapeTech 5/16-24 X 1-7/16 Stud 700036,,0,,,,25.80,0,25.80,single_observation,TapeTech 5/16-24X1 7/16 STD SCREW (TAPE-700036)
tapetech::mp12tt,TapeTech,MP12TT,2,2,2,2,MARKET_PRICE_CONFLICT,,9.46,16.99,0,16.99,single_observation,"TapeTech 12"" Premium Mud Pan",26.45,0,26.45,single_observation,"TapeTech 12"" Premium Mud Pan",,0,,,
columbia::ffbr408,Columbia Tools,FFBR-40-8,2,2,2,2,MARKET_PRICE_CONFLICT,,9.38,64.99,0,64.99,single_observation,"Columbia 8"" Bead Wheel Axel Kit",,0,,,,55.61,0,55.61,single_observation,"Columbia 8"" Bead Wheel Conversion Kit"
tapetech::jk06sstt,TapeTech,JK06SSTT,2,2,2,2,MARKET_PRICE_CONFLICT,,9.27,13.99,0,13.99,single_observation,"TapeTech 6"" Premium Stainless Steel Joint Knife",23.26,0,23.26,single_observation,"TapeTech 6"" Premium Stainless Steel Joint Knife",,0,,,
tapetech::254005,TapeTech,254005,3,3,3,3,MARKET_PRICE_CONFLICT,,9.21,30.79,0,30.79,single_observation,TapeTech Flat Box Clamp Assembly 254005,34.65,0,34.65,single_observation,"254005 - 10"" Clamp Assembly",40.00,0,40.00,single_observation,TapeTech CLAMP ASSY (TAPE-254005)
columbia::ffbr4010,Columbia Tools,FFBR-40-10,2,2,2,2,MARKET_PRICE_CONFLICT,,9.17,64.78,0,64.78,single_observation,"Columbia 10"" Bead Wheel Axel Kit",,0,,,,55.61,0,55.61,single_observation,"Columbia 10"" Bead Wheel Conversion Kit"
columbia::ffbr4012,Columbia Tools,FFBR-40-12,2,2,2,2,MARKET_PRICE_CONFLICT,,9.17,64.78,0,64.78,single_observation,"Columbia 12"" Bead Wheel Axel Kit",,0,,,,55.61,0,55.61,single_observation,"Columbia 12"" Bead Wheel Conversion Kit"
tapetech::880006f,TapeTech,880006F,3,3,3,3,MARKET_PRICE_CONFLICT,,9.11,11.59,0,11.59,single_observation,TapeTech Master Link 880006F,2.68,0,2.68,single_observation,Master Link - 880006F,11.79,0,11.79,single_observation,TapeTech MASTER LINK (TAPE-880006F)
tapetech::630010,TapeTech,630010,2,2,2,2,MARKET_PRICE_CONFLICT,,9.01,28.99,0,28.99,single_observation,"TapeTech 2"" Nail Spotter Hinge Block 630010",,0,,,,38.00,0,38.00,single_observation,"TapeTech 2"" HINGE BLOCK (TAPE-630010)"
tapetech::qb60435,TapeTech,QB6043-5,2,2,2,2,MARKET_PRICE_CONFLICT,,9.00,22.99,0,22.99,single_observation,"TapeTech 6.5"" QSX Notched Blade QB6043-5",31.99,0,31.99,single_observation,"TapeTech 6.5"" QuickBox™ QSX Notched Blades 5pk",,0,,,
usg-sheetrock::340405,USG Sheetrock Tools,340405,2,2,2,2,MARKET_PRICE_CONFLICT,,9.00,34.99,0,34.99,single_observation,"Sheetrock 10"" Classic Stainless Steel Mud Pan",25.99,0,25.99,single_observation,"Sheetrock 10"" Classic Stainless Steel Mud Pan",,0,,,
columbia::hh2,Columbia Tools,HH2,2,2,2,2,MARKET_PRICE_CONFLICT,,8.98,77.48,0,77.48,single_observation,Columbia Upper Mounting Bracket for COL88,,0,,,,68.50,0,68.50,single_observation,Columbia Flat Box Handle Upper Mounting Bracket for Hydra Reach Flat Box Handle (COLM-HH2)
tapetech::tk08sstt,TapeTech,TK08SSTT,2,2,2,2,MARKET_PRICE_CONFLICT,,8.96,13.99,0,13.99,single_observation,"TapeTech 8"" Premium Stainless Steel Taping Knife",22.95,0,22.95,single_observation,"TapeTech 8"" Premium Stainless Steel Taping Knife",,0,,,
tapetech::050093f,TapeTech,050093F,2,2,2,2,MARKET_PRICE_CONFLICT,,8.90,12.47,0,12.47,single_observation,TapeTech Taper Wheel 050093F,,0,,,,21.37,0,21.37,single_observation,TapeTech Taper Wheel
tapetech::500003f,TapeTech,500003F,2,2,2,2,MARKET_PRICE_CONFLICT,,8.87,,0,,,,38.91,0,38.91,single_observation,"500003F - 7"" Seal Holder",47.78,0,47.78,single_observation,"TapeTech 7"" SEAL HOLDER (TAPE-500003F)"
tapetech::140004,TapeTech,140004,3,3,3,3,MARKET_PRICE_CONFLICT,,8.64,38.09,0,38.09,single_observation,TapeTech Tube Adapter 140004,46.73,0,46.73,single_observation,140004 - Tube Adapter,38.69,0,38.69,single_observation,TapeTech TUBE ADAPTER (TAPE-140004)
columbia::ct66,Columbia Tools,CT66,2,2,2,2,MARKET_PRICE_CONFLICT,,8.54,60.26,0,60.26,single_observation,CT66 Columbia Taper Drive Drum #5840,,0,,,,51.72,0,51.72,single_observation,Columbia Drive Drum (COLM-CT66)
columbia::ct93,Columbia Tools,CT93,2,2,2,2,MARKET_PRICE_CONFLICT,,8.54,60.26,0,60.26,single_observation,CT93 Columbia Taper Mud Shut Off Lever Arm #5868,,0,,,,51.72,0,51.72,single_observation,Columbia Mud Gate Lever Arm (COLM-CT93)
columbia::hp1,Columbia Tools,HP1,2,2,2,2,MARKET_PRICE_CONFLICT,,8.54,60.26,0,60.26,single_observation,Columbia Mud Pump Cylinder (Removable) HP1,,0,,,,51.72,0,51.72,single_observation,Columbia Pump Cylinder (COLM-HP1)
columbia::mp11,Columbia Tools,MP11,2,2,2,2,MARKET_PRICE_CONFLICT,,8.54,60.26,0,60.26,single_observation,MP11 Columbia Mud Pump Piston Shaft #6172,,0,,,,51.72,0,51.72,single_observation,Columbia Piston Shaft (COLM-MP11)
tapetech::882016,TapeTech,882016,2,2,2,2,MARKET_PRICE_CONFLICT,,8.50,15.49,0,15.49,single_observation,TapeTech Guide Plug 882016,,0,,,,23.99,0,23.99,single_observation,TapeTech GUIDE PLUG (TAPE-882016)
columbia::ffb147,Columbia Tools,FFB14-7,2,2,2,2,MARKET_PRICE_CONFLICT,,8.36,50.12,0,50.12,single_observation,FFB14-7 Columbia Flat Box Std Door Gasket 7in-Old Style with Tab #6092,41.76,0,41.76,single_observation,"Columbia Flat Box Door Gasket 7"" - FFB14-7",,0,,,
tapetech::sssam,TapeTech,SSSA-M,2,2,2,2,MARKET_PRICE_CONFLICT,,8.30,49.99,0,49.99,single_observation,TapeTech Single Angle Sanding Sponge Medium (Box Of 24),58.29,0,58.29,single_observation,TapeTech Single Angle Sanding Sponge – Medium - 24 Pack,,0,,,
tapetech::054032f,TapeTech,054032F,3,3,3,3,MARKET_PRICE_CONFLICT,,8.20,53.99,0,53.99,single_observation,TapeTech Push Rod Assembly 054032F,62.19,0,62.19,single_observation,Push Rod Assembly - 054032,54.90,0,54.90,single_observation,TapeTech Push Rod Assembly (TAPE-054032F)
tapetech::050009f,TapeTech,050009F,2,2,2,2,MARKET_PRICE_CONFLICT,,8.12,26.16,0,26.16,single_observation,TapeTech Spring Holder 050009F,18.04,0,18.04,single_observation,SPRING HOLDER,,0,,,
tapetech::500018,TapeTech,500018,3,3,3,3,MARKET_PRICE_CONFLICT,,8.10,29.69,0,29.69,single_observation,"TapeTech 7"" Pressure Plate 500018",37.79,0,37.79,single_observation,"500018 - Pleasure Plate 7""",30.22,0,30.22,single_observation,TapeTech PRESSURE PLATE (TAPE-500018)
columbia::hnsa52,Columbia Tools,HNSA-5-2”,3,3,3,3,MARKET_PRICE_CONFLICT,,8.07,54.44,0,54.44,single_observation,HNSA-5-2 Columbia Nail Spotter Wheel Kit- 2in #12541,46.37,0,46.37,single_observation,Columbia Nail Spotter Wheel Kit- 2in,46.73,0,46.73,single_observation,Columbia 2 in. Hinged Nail Spotter Wheel Conversion Kit (COLM-HNSA-5-2)
columbia::mpr1,Columbia Tools,MPR-1,2,2,2,2,MARKET_PRICE_CONFLICT,,8.06,,0,,,,37.99,0,37.99,single_observation,Columbia Mud Pump Maintenacne Kit,29.93,0,29.93,single_observation,Columbia Pump Repair Kit (COLM-MPR-1)
tapetech::200040,TapeTech,200040,2,2,2,2,MARKET_PRICE_CONFLICT,,8.00,28.79,0,28.79,single_observation,"TapeTech 7"" Flat Box 4-40 Tie Rod 200040",,0,,,,36.79,0,36.79,single_observation,"TapeTech 7"" TIE ROD (TAPE-200040F)"
tapetech::ssdaf,TapeTech,SSDA-F,2,2,2,2,MARKET_PRICE_CONFLICT,,8.00,47.99,0,47.99,single_observation,TapeTech Dual Angle Sanding Sponge Fine (Box Of 24),39.99,0,39.99,single_observation,TapeTech Dual Angle Sanding Sponge – Fine - 24 Pack,,0,,,
usg-sheetrock::340403,USG Sheetrock Tools,340403,2,2,2,2,MARKET_PRICE_CONFLICT,,8.00,39.99,0,39.99,single_observation,"Sheetrock 14"" Matrix Mud Pan with Reinforced Band",31.99,0,31.99,single_observation,"Sheetrock 14"" Matrix Stainless Steel Mud Pan w/ Reinforced Band",,0,,,
surpro::ss1008,SurPro,SS1008,2,2,2,2,MARKET_PRICE_CONFLICT,,7.99,,0,,,,19.99,0,19.99,single_observation,Sur-Pro Wing Bolt Kit (4 Pack),12.00,0,12.00,single_observation,SurPro Stilt Wing Bolt Kit
tapetech::jk04sstt,TapeTech,JK04SSTT,2,2,2,2,MARKET_PRICE_CONFLICT,,7.96,11.99,0,11.99,single_observation,"TapeTech 4"" Premium Stainless Steel Joint Knife",19.95,0,19.95,single_observation,"TapeTech 4"" Premium Stainless Steel Joint Knife",,0,,,
tapetech::jk05sstt,TapeTech,JK05SSTT,2,2,2,2,MARKET_PRICE_CONFLICT,,7.96,12.99,0,12.99,single_observation,"TapeTech 5"" Premium Stainless Steel Joint Knife",20.95,0,20.95,single_observation,"TapeTech 5"" Premium Stainless Steel Joint Knife",,0,,,
tapetech::tk08bstt,TapeTech,TK08BSTT,2,2,2,2,MARKET_PRICE_CONFLICT,,7.96,11.99,0,11.99,single_observation,"TapeTech 8"" Premium Blue Steel Taping Knife",19.95,0,19.95,single_observation,"TapeTech 8"" Premium Blue Steel Taping Knife",,0,,,
tapetech::501c12,TapeTech,501C12,2,2,2,2,MARKET_PRICE_CONFLICT,,7.95,20.49,0,20.49,single_observation,"TapeTech 12"" Flat Box Repair Kit 501C12",,0,,,,28.44,0,28.44,single_observation,TapeTech 12 in. Flat Box Repair Kit (TAPE-501C12)
columbia::ct19,Columbia Tools,CT19,3,3,3,3,MARKET_PRICE_CONFLICT,,7.78,40.70,0,40.70,single_observation,CT19 Columbia Taper Paper Feed Guide #5594,32.92,0,32.92,single_observation,Taper Paper Feed Guide - CT19,34.93,0,34.93,single_observation,Columbia Paper Feed Guide (COLM-CT19)
columbia::ct73,Columbia Tools,CT73,3,3,3,3,MARKET_PRICE_CONFLICT,,7.76,45.16,0,45.16,single_observation,CT73 Columbia Taper Cable Drum #5846,46.53,0,46.53,single_observation,Taper Cable Drum - CT73,38.77,0,38.77,single_observation,Columbia Cable Drum - Stainless Steel (COLM-CT73)
tapetech::qb60235,TapeTech,QB6023-5,2,2,2,2,MARKET_PRICE_CONFLICT,,7.76,22.99,0,22.99,single_observation,"TapeTech 6.5"" QSX Crown Finishing Blade QB6023-5",30.75,0,30.75,single_observation,"TapeTech 6.5"" QuickBox™ QSX Crown Finishing Blades 5pk",,0,,,
columbia::ct7,Columbia Tools,CT7,2,2,2,2,MARKET_PRICE_CONFLICT,,7.73,66.56,0,66.56,single_observation,CT7 Columbia Taper Side Plate Support Left #5580,,0,,,,58.83,0,58.83,single_observation,Columbia Side Plate Support - Left (COLM-CT7)
columbia::ct8,Columbia Tools,CT8,2,2,2,2,MARKET_PRICE_CONFLICT,,7.73,66.56,0,66.56,single_observation,CT8 Columbia Taper Side Plate Support Right #5582,,0,,,,58.83,0,58.83,single_observation,Columbia Side Plate Support - Right (COLM-CT8)
columbia::hnsa53,Columbia Tools,HNSA-5-3”,2,2,2,2,MARKET_PRICE_CONFLICT,,7.71,54.44,0,54.44,single_observation,HNSA-5-3 Columbia Nail Spotter Wheel Kit 3in #12542,,0,,,,46.73,0,46.73,single_observation,Columbia 3 in. Hinged Nail Spotter Wheel Conversion Kit (COLM-HNSA-5-3)
columbia::bh2,Columbia Tools,BH2,2,2,2,2,MARKET_PRICE_CONFLICT,,7.64,45.84,0,45.84,single_observation,BH2 Columbia Box Handle 180 Grip Plate - COL handles #12459,,0,,,,38.20,0,38.20,single_observation,Columbia 180 Grip Plate for Flat Box Handle (COLM-BH2)
columbia::ct48,Columbia Tools,CT48,2,2,2,2,MARKET_PRICE_CONFLICT,,7.64,65.78,0,65.78,single_observation,CT48 Columbia Taper Crimping Arm Left #5622,,0,,,,58.14,0,58.14,single_observation,Columbia Crimping Arm Left - Stainless Steel (COLM-CT48)
tapetech::050145,TapeTech,050145,2,2,2,2,MARKET_PRICE_CONFLICT,,7.50,12.79,0,12.79,single_observation,TapeTech Creaser Chain 050145,,0,,,,20.29,0,20.29,single_observation,TapeTech Creaser Chain
columbia::hffb510,Columbia Tools,HFFB5-10,2,2,2,2,MARKET_PRICE_CONFLICT,,7.47,52.72,0,52.72,single_observation,HFFB5-10 Columbia Flat Box Axle 10in #6075,,0,,,,45.25,0,45.25,single_observation,"Columbia 10"" Flat Box Axle (COLM-HFFB5-10)"
columbia::hffb512,Columbia Tools,HFFB5-12,2,2,2,2,MARKET_PRICE_CONFLICT,,7.47,52.72,0,52.72,single_observation,HFFB5-12 Columbia Flat Box Axle 12in #6076,,0,,,,45.25,0,45.25,single_observation,"Columbia 12"" Flat Box Axle (COLM-HFFB5-12)"
tapetech::501c10,TapeTech,501C10,3,3,3,3,MARKET_PRICE_CONFLICT,,7.33,18.99,0,18.99,single_observation,"TapeTech 10"" Flat Box Repair Kit 501C10",24.99,0,24.99,single_observation,"TapeTech 10"" Flat Box Repair Kit - 501C10",26.32,0,26.32,single_observation,TapeTech 10 in. Flat Box Repair Kit
columbia::ct71,Columbia Tools,CT71,2,2,2,2,MARKET_PRICE_CONFLICT,,7.11,22.63,0,22.63,single_observation,CT71 Columbia Taper Drive Sprocket Small #5844,,0,,,,15.52,0,15.52,single_observation,Columbia Drive Sprocket - Small (COLM-CT71)
columbia::ct25,Columbia Tools,CT25,2,2,2,2,MARKET_PRICE_CONFLICT,,7.04,49.68,0,49.68,single_observation,CT25 Columbia Taper Knife Guide Square Tube #5598,,0,,,,42.64,0,42.64,single_observation,Columbia Cutter Block Guide Tube (COLM-CT25)
columbia::hh10,Columbia Tools,HH10,2,2,2,2,MARKET_PRICE_CONFLICT,,7.02,60.56,0,60.56,single_observation,COLHH10 Octogon Tube,,0,,,,53.54,0,53.54,single_observation,Columbia Aluminum Hex Extension Tube for Hydra Reach Flat Box Handle (COLM-HH10)
tapetech::050141,TapeTech,050141,3,3,3,3,MARKET_PRICE_CONFLICT,,7.02,24.99,0,24.99,single_observation,"TapeTech Chain Roller Support, Left 050141",18.40,0,18.40,single_observation,Chain Roller Support (Left) - 050141,25.42,0,25.42,single_observation,TapeTech CHAIN ROLLER SUPPORT (LEFT) (TAPE-050141)
tapetech::pfb32,TapeTech,PFB32,2,2,2,2,MARKET_PRICE_CONFLICT,,7.01,71.99,0,71.99,single_observation,"TapeTech 32"" Replacement Blade PFB32 2pk",79.00,0,79.00,single_observation,"TapeTech 32"" Replacement Blades for PFK32TT Skimming Knife",,0,,,
surpro::ss1007,SurPro,SS1007,2,2,2,2,MARKET_PRICE_CONFLICT,,7.00,,0,,,,22.00,0,22.00,single_observation,Sur-Stilt Plastic Sleeve Kit - SS1007,15.00,0,15.00,single_observation,SurPro Stilt Plastic Sleeve Kit
tapetech::jk05cstt,TapeTech,JK05CSTT,2,2,2,2,MARKET_PRICE_CONFLICT,,6.96,10.99,0,10.99,single_observation,"TapeTech 5"" Premium Carbon Steel Joint Knife",17.95,0,17.95,single_observation,"TapeTech 5"" Premium Carbon Steel Joint Knife",,0,,,
tapetech::480016f,TapeTech,480016F,2,2,2,2,MARKET_PRICE_CONFLICT,,6.86,302.59,0,302.59,single_observation,"TapeTech Stainless Steel Frame, Right 480016F",309.45,0,309.45,single_observation,Stainless Steel Frame (Right) - 480016F,,0,,,
tapetech::200045g,TapeTech,200045G,2,2,2,2,MARKET_PRICE_CONFLICT,,6.82,,0,,,,54.67,0,54.67,single_observation,"200045G - Replacement 7"" Axle",61.49,0,61.49,single_observation,"TapeTech 7"" AXLE"
tapetech::130002,TapeTech,130002,2,2,2,2,MARKET_PRICE_CONFLICT,,6.74,54.99,0,54.99,single_observation,TapeTech Mud Tube Outlet 130002,48.25,0,48.25,single_observation,Outlet Mud Tube - 130002,,0,,,
tapetech::501f25a,TapeTech,501F25A,2,2,2,2,MARKET_PRICE_CONFLICT,,6.70,30.39,0,30.39,single_observation,"TapeTech 2.5"" Angle Head Repair Kit 501F25A",37.09,0,37.09,single_observation,"TapeTech 2.5"" Corner Finisher Maintenance Kit - 501F25A",,0,,,
tapetech::857355,TapeTech,857355,2,2,2,2,MARKET_PRICE_CONFLICT,,6.70,35.29,0,35.29,single_observation,TapeTech Gooseneck Brush,41.99,0,41.99,single_observation,TapeTech Gooseneck Cleaning Brush,,0,,,
columbia::ctr2,Columbia Tools,CTR-2,2,2,2,2,MARKET_PRICE_CONFLICT,,6.65,,0,,,,46.35,0,46.35,single_observation,Columbia Taper Head Maintenance Kit,53.00,0,53.00,single_observation,Columbia Automatic Taper Repair Kit - Braking System Kit (COLM-CTR2)
tapetech::501c7,TapeTech,501C7,3,3,3,3,MARKET_PRICE_CONFLICT,,6.54,18.99,0,18.99,single_observation,"TapeTech 7"" Flat Box Repair Kit 501C7",17.68,0,17.68,single_observation,"TapeTech 7"" Flat Box Repair Kit - 501C7",24.22,0,24.22,single_observation,"TapeTech 7"" FLAT BOX REPAIR KIT (TAPE-501C7)"
tapetech::212086,TapeTech,212086,2,2,2,2,MARKET_PRICE_CONFLICT,,6.53,31.99,0,31.99,single_observation,TapeTech Flat Box Hook 212086,38.52,0,38.52,single_observation,212086 - TapeTech Replacement Hook,,0,,,
tapetech::056707,TapeTech,056707,3,3,3,3,MARKET_PRICE_CONFLICT,,6.52,11.99,0,11.99,single_observation,TapeTech Bazooka Oil,18.51,0,18.51,single_observation,TapeTech™ Bazooka Oil (8oz),16.92,0,16.92,single_observation,TapeTech Bazooka Oil - 8oz can
tapetech::cfstcc,TapeTech,CFSTCC,2,2,2,2,MARKET_PRICE_CONFLICT,,6.51,24.99,0,24.99,single_observation,TapeTech CFS Tool Cleaning Coupling CFSTCC,31.50,0,31.50,single_observation,TapeTech/Ames  CFS Tool Cleaning Coupling,,0,,,
tapetech::052221,TapeTech,052221,2,2,2,2,MARKET_PRICE_CONFLICT,,6.50,51.49,0,51.49,single_observation,TapeTech Control Arm Boss 052221,57.99,0,57.99,single_observation,Control Arm Boss for 07TT - 052221,,0,,,
columbia::sb240,Columbia Tools,SB2-40,3,3,3,2,MARKET_PRICE_CONFLICT,,6.49,70.00,0,70.00,single_observation,"Columbia Replacement 40"" Blade for Tomahawk",70.00,0,70.00,single_observation,"Columbia Replacement 40"" Blade for Tomahawk",76.49,0,76.49,single_observation,Columbia 40 in. Replacement Blade for Tomahawk Smoothing Blade
columbia::cs,Columbia Tools,CS,3,3,3,3,MARKET_PRICE_CONFLICT,,6.48,35.99,0,35.99,single_observation,Columbia Pole Sander Head Only,32.45,0,32.45,single_observation,Columbia Pole Sander Head Only,38.93,0,38.93,single_observation,Columbia Sander
tapetech::406001,TapeTech,406001,2,2,2,2,MARKET_PRICE_CONFLICT,,6.47,282.79,0,282.79,single_observation,"TapeTech 2"" Head Casting 406001",289.26,0,289.26,single_observation,"406001 - 2"" Head Casting",,0,,,
columbia::ct79,Columbia Tools,CT79,2,2,2,2,MARKET_PRICE_CONFLICT,,6.41,45.18,0,45.18,single_observation,CT79 Columbia Taper Hollow Shaft #5851,,0,,,,38.77,0,38.77,single_observation,Columbia Hollow Shaft (COLM-CT79)
columbia::ct85,Columbia Tools,CT85,2,2,2,2,MARKET_PRICE_CONFLICT,,6.41,45.18,0,45.18,single_observation,CT85 Columbia Taper Clutch Release Shaft #5857,,0,,,,38.77,0,38.77,single_observation,Columbia Clutch Release Shaft (COLM-CT85)
columbia::cfb77,Columbia Tools,CFB7-7,2,2,2,2,MARKET_PRICE_CONFLICT,,6.39,45.16,0,45.16,single_observation,"CFB7-7 Columbia Angle Box Angle Box Door Gasket 6.1""",,0,,,,38.77,0,38.77,single_observation,"Columbia Corner Box Door Gasket 7"" (COLM-CFB7-7)"
columbia::cfb78,Columbia Tools,CFB7-8,2,2,2,2,MARKET_PRICE_CONFLICT,,6.39,45.16,0,45.16,single_observation,"CFB7-8 Door Gasket for 8CFB Angle Box - 7.125""",,0,,,,38.77,0,38.77,single_observation,"Columbia Corner Box Door Gasket 8"" (COLM-CFB7-8)"
columbia::ct80,Columbia Tools,CT80,3,3,3,3,MARKET_PRICE_CONFLICT,,6.39,43.84,0,43.84,single_observation,CT80 Columbia Taper Manual Drive Grip #5852,45.16,0,45.16,single_observation,Taper Manual Drive Grip - CT80,38.77,0,38.77,single_observation,Columbia Manual Drive Grip (COLM-CT80)
columbia::cfb6,Columbia Tools,CFB6,2,2,2,2,MARKET_PRICE_CONFLICT,,6.26,32.18,0,32.18,single_observation,CFB6 Columbia Angle Box Mud Supply Valve Unit #5545,,0,,,,38.44,0,38.44,single_observation,Columbia Mud Supply Valve for Corner Box (COLM-CFB6)
columbia::hns152,Columbia Tools,HNS15-2”,2,2,2,2,MARKET_PRICE_CONFLICT,,6.20,43.74,0,43.74,single_observation,HNS15-2 Columbia Nail Spotter Door Gasket 2in #12536,,0,,,,37.54,0,37.54,single_observation,Columbia Door Gasket for 2 in. Hinged Nail Spotter (COLM-HNS15-2)
columbia::hns153,Columbia Tools,HNS15-3”,2,2,2,2,MARKET_PRICE_CONFLICT,,6.20,43.74,0,43.74,single_observation,HNS15-3 Columbia Nail Spotter Door Gasket 3in #12537,,0,,,,37.54,0,37.54,single_observation,Columbia Door Gasket for 3 in. Hinged Nail Spotter (COLM-HNS15-3)
columbia::ct6a,Columbia Tools,CT6A,2,2,2,2,MARKET_PRICE_CONFLICT,,6.14,43.34,0,43.34,single_observation,CT6A Columbia Taper Side Plate Left #5577,,0,,,,37.20,0,37.20,single_observation,Columbia Stainless Steel Side Plate - Left (COLM-CT6A)
usg-sheetrock::340402,USG Sheetrock Tools,340402,2,2,2,2,MARKET_PRICE_CONFLICT,,6.04,39.99,0,39.99,single_observation,"Sheetrock 12"" Matrix Mud Pan with Reinforced Band",33.95,0,33.95,single_observation,"Sheetrock 12"" Matrix Stainless Steel Mud Pan w/ Reinforced Band",,0,,,
columbia::ssb7,Columbia Tools,SSB7,2,2,2,2,MARKET_PRICE_CONFLICT,,6.00,25.99,0,25.99,single_observation,"Columbia 7"" Sabre Smoothing Blade",19.99,0,19.99,single_observation,"Columbia Sabre Smoothing Blade 7""",,0,,,
tapetech::76xltt,TapeTech,76XLTT,2,2,2,2,MARKET_PRICE_CONFLICT,,6.00,659.00,0,659.00,single_observation,TapeTech XL EasyClean Loading Pump 76XLTT,665.00,0,665.00,single_observation,TapeTech Extra Long EasyClean Tall Loading Pump - 76XLTT,,0,,,
tapetech::qb60035,TapeTech,QB6003-5,2,2,2,2,MARKET_PRICE_CONFLICT,,6.00,22.99,0,22.99,single_observation,TapeTech 6.5 QSX Flat Finishing Blade QB6003-5,28.99,0,28.99,single_observation,"TapeTech 6.5"" QuickBox™ QSX Flat Finishing Blades 5pk",,0,,,
usg-sheetrock::340302,USG Sheetrock Tools,340302,2,2,2,2,MARKET_PRICE_CONFLICT,,6.00,46.99,0,46.99,single_observation,"Sheetrock 10"" Offset Blue Steel Blade Taping Knife",40.99,0,40.99,single_observation,"Sheetrock 10"" Offset Taping Knife",,0,,,
columbia::hh31,Columbia Tools,HH31,3,3,3,3,MARKET_PRICE_CONFLICT,,5.98,16.36,0,16.36,single_observation,COLHH31 Columbia Hydra Handle Release Clip Pin,20.44,0,20.44,single_observation,Handle Release Clip Pin - Columbia Flat Box Door Gasket 10in Fat Boy-New Style - HFBB14-1,14.46,0,14.46,single_observation,Columbia Release Clip Pin for Hydra Reach Flat Box Handle (COLM-HH31)
tapetech::ck06cstt,TapeTech,CK06CSTT,2,2,2,2,MARKET_PRICE_CONFLICT,,5.96,8.99,0,8.99,single_observation,"TapeTech 6"" Carbon Steel Clipped Joint Knife",14.95,0,14.95,single_observation,"TapeTech 6"" Carbon Steel Clipped Joint Knife",,0,,,
tapetech::jk03sstt,TapeTech,JK03SSTT,2,2,2,2,MARKET_PRICE_CONFLICT,,5.96,9.99,0,9.99,single_observation,"TapeTech 3"" Premium Stainless Steel Joint Knife",15.95,0,15.95,single_observation,"TapeTech 3"" Premium Stainless Steel Joint Knife",,0,,,
tapetech::jk04cstt,TapeTech,JK04CSTT,2,2,2,2,MARKET_PRICE_CONFLICT,,5.96,10.99,0,10.99,single_observation,"TapeTech 4"" Premium Carbon Steel Joint Knife",16.95,0,16.95,single_observation,"TapeTech 4"" Premium Carbon Steel Joint Knife",,0,,,
usg-sheetrock::340406,USG Sheetrock Tools,340406,2,2,2,2,MARKET_PRICE_CONFLICT,,5.96,34.99,0,34.99,single_observation,"Sheetrock 12"" Classic Stainless Steel Mud Pan",40.95,0,40.95,single_observation,"Sheetrock 12"" Classic Stainless Steel Mud Pan",,0,,,
columbia::bh3,Columbia Tools,BH3,2,2,2,2,MARKET_PRICE_CONFLICT,,5.95,35.90,0,35.90,single_observation,Columbia Lower Mounting Bracket,,0,,,,29.95,0,29.95,single_observation,Columbia Lower Mounting Bracket for 180 Grip Flat Box Handle (COLM-BH3)
tapetech::880042,TapeTech,880042,2,2,2,2,MARKET_PRICE_CONFLICT,,5.90,13.99,0,13.99,single_observation,TapeTech Rubber Grip Handle 880042,8.09,0,8.09,single_observation,Rubber Grip Handle - 880042,,0,,,
columbia::hh9,Columbia Tools,HH9,2,2,2,2,MARKET_PRICE_CONFLICT,,5.81,50.01,0,50.01,single_observation,Columbia Coiled Hydraulic Hose for COL88,,0,,,,44.20,0,44.20,single_observation,Columbia Coiled Hydraulic Line for Hydra Reach Flat Box Handle (COLM-HH9)
tapetech::480209,TapeTech,480209,2,2,2,2,MARKET_PRICE_CONFLICT,,5.77,46.19,0,46.19,single_observation,"TapeTech 3.5"" Carbide Blade 480209",51.96,0,51.96,single_observation,"3.5"" Angle Head Carbide Blade - 480209",,0,,,
columbia::ffh1,Columbia Tools,FFH1,2,2,2,2,MARKET_PRICE_CONFLICT,,5.75,64.34,0,64.34,single_observation,FFH1 Columbia Flat Box Handle Mounting Base #6120,,0,,,,58.59,0,58.59,single_observation,Columbia Handle Mounting Base (COLM-FFH1)
tapetech::700045,TapeTech,700045,2,2,2,2,MARKET_PRICE_CONFLICT,,5.75,,0,,,,12.34,0,12.34,single_observation,Retainer - 700045,18.09,0,18.09,single_observation,TapeTech RETAINER (TAPE-700045)
tapetech::486201,TapeTech,486201,2,2,2,2,MARKET_PRICE_CONFLICT,,5.73,253.69,0,253.69,single_observation,"TapeTech 3.5"" EasyRoll Head Casting 486201",259.42,0,259.42,single_observation,"486201 - 3.5"" EasyRoll Head Casting",,0,,,
columbia::3csf,Columbia Tools,3CSF,2,2,2,2,MARKET_PRICE_CONFLICT,,5.68,168.99,0,168.99,single_observation,"Columbia 3"" Combo Flusher",163.31,0,163.31,single_observation,Columbia Combo Flusher,,0,,,
surpro::ss1010l,SurPro,SS1010L,2,2,2,2,MARKET_PRICE_CONFLICT,,5.63,,0,,,,42.73,0,42.73,single_observation,Sur-Pro S2 Stilt Leg Band Kit (Left) - SS1010L,37.10,0,37.10,single_observation,SurPro 2 Stilt Leg Band Kit (Left)
surpro::ss1010r,SurPro,SS1010R,2,2,2,2,MARKET_PRICE_CONFLICT,,5.63,,0,,,,42.73,0,42.73,single_observation,Sur-Pro S2 Stilt Leg Band Kit (Right) - SS1010R,37.10,0,37.10,single_observation,SurPro 2 Stilt Leg Band Kit (Right)
tapetech::809011,TapeTech,809011,3,3,3,3,MARKET_PRICE_CONFLICT,,5.61,11.99,0,11.99,single_observation,TapeTech Dog Point Thumb Screw 809011,17.60,0,17.60,single_observation,809011 - Dog Point 5/16-18x7/8 Thumb Screw,17.54,0,17.54,single_observation,TapeTech 5/16-18/3/4 THUMBSCREW (TAPE-809011)
tapetech::ssdam,TapeTech,SSDA-M,2,2,2,2,MARKET_PRICE_CONFLICT,,5.60,47.99,0,47.99,single_observation,TapeTech Dual Angle Sanding Sponge Medium (Box Of 24),42.39,0,42.39,single_observation,TapeTech Dual Angle Sanding Sponge – Medium - 24 Pack,,0,,,
tapetech::ssdamf,TapeTech,SSDA-MF,2,2,2,2,MARKET_PRICE_CONFLICT,,5.60,47.99,0,47.99,single_observation,TapeTech Dual Angle Sanding Sponge Med/Fine (Box Of 24),42.39,0,42.39,single_observation,TapeTech Dual Angle Premium Sanding Sponges – Medium/Fine - 24 Pack,,0,,,
tapetech::050205,TapeTech,050205,3,3,3,3,MARKET_PRICE_CONFLICT,,5.56,9.99,0,9.99,single_observation,TapeTech Hex Head Cup Bolt 050205,15.55,0,15.55,single_observation,Hex Head Cup Bolt (Special) - 050205,15.45,0,15.45,single_observation,"TapeTech 1/4-20X3/4"" HED HD CUP BOLT (TAPE-050205)"
columbia::ct36,Columbia Tools,CT36,2,2,2,2,MARKET_PRICE_CONFLICT,,5.55,39.16,0,39.16,single_observation,CT36 Columbia Taper Return Spring Tube #5609,,0,,,,33.61,0,33.61,single_observation,Columbia Return Spring Tube (COLM-CT36)
tapetech::059044,TapeTech,059044,2,2,2,2,MARKET_PRICE_CONFLICT,,5.53,13.79,0,13.79,single_observation,TapeTech Insert 059044,,0,,,,19.32,0,19.32,single_observation,TapeTech INSERT (TAPE-059044)
columbia::hns82,Columbia Tools,"HNS8-2""",2,2,2,2,MARKET_PRICE_CONFLICT,,5.45,38.44,0,38.44,single_observation,HNS8-2 Columbia Nail Spotter Blade Holder 2in #12527,,0,,,,32.99,0,32.99,single_observation,Columbia Blade Holder for 2 in. Hinged Nail Spotter (COLM-HNS8-2)
columbia::hns83,Columbia Tools,HNS8-3”,2,2,2,2,MARKET_PRICE_CONFLICT,,5.45,38.44,0,38.44,single_observation,HNS8-3 Columbia Nail Spotter Blade Holder 3in #12528,,0,,,,32.99,0,32.99,single_observation,Columbia Blade Holder for 3 in. Hinged Nail Spotter (COLM-HNS8-3)
columbia::ct43,Columbia Tools,CT43,3,3,3,3,MARKET_PRICE_CONFLICT,,5.34,37.66,0,37.66,single_observation,CT43 Columbia Taper Micro Chain #5618,36.39,0,36.39,single_observation,Taper Micro Chain #5618 - CT43,32.32,0,32.32,single_observation,Columbia Micro Chain (Cutting System) (COLM-CT43)
columbia::mp6,Columbia Tools,MP6,2,2,2,2,MARKET_PRICE_CONFLICT,,5.34,37.66,0,37.66,single_observation,MP6 Columbia Mud Pump Handle Link #6165,,0,,,,32.32,0,32.32,single_observation,Columbia Handle Link (One Piece) (COLM-MP6)
tapetech::050200,TapeTech,050200,3,3,3,3,MARKET_PRICE_CONFLICT,,5.33,40.79,0,40.79,single_observation,TapeTech Plastic Plunger 050200,46.12,0,46.12,single_observation,Plastic Plunger - 050200,41.45,0,41.45,single_observation,TapeTech PLUNGER (TAPE-050200)
tapetech::724065,TapeTech,724065,3,3,3,3,MARKET_PRICE_CONFLICT,,5.33,20.21,0,20.21,single_observation,TapeTech Quick Release Pin 724065,16.96,0,16.96,single_observation,724065 - Quick Release Pin,22.29,0,22.29,single_observation,TapeTech QUICK RELEASE PIN (TAPE-724065)
columbia::ct70,Columbia Tools,CT70,2,2,2,2,MARKET_PRICE_CONFLICT,,5.32,37.64,0,37.64,single_observation,CT70 Columbia Taper Drive Shaft #5843,,0,,,,32.32,0,32.32,single_observation,Columbia Drive Shaft (COLM-CT70)
columbia::ct130,Columbia Tools,CT130,3,3,3,3,MARKET_PRICE_CONFLICT,,5.20,27.14,0,27.14,single_observation,CT130 Columbia Taper Extension Shaft #5993,21.94,0,21.94,single_observation,CT130 - Taper Extension Shaft,23.29,0,23.29,single_observation,Columbia Extension Shaft (COLM-CT130)
tapetech::882013,TapeTech,882013,2,2,2,2,MARKET_PRICE_CONFLICT,,5.13,8.89,0,8.89,single_observation,TapeTech Locking Pin 882013,,0,,,,14.02,0,14.02,single_observation,TapeTech Locking Pin (TAPE-882013)
columbia::cr2,Columbia Tools,CR2,2,2,2,2,MARKET_PRICE_CONFLICT,,5.12,20.64,0,20.64,single_observation,Columbia Roller Wheel CR2,,0,,,,15.52,0,15.52,single_observation,"Columbia Roller, 2 piece - Nylatron/Steel (COLM-CR2)"
columbia::ct6,Columbia Tools,CT6,2,2,2,2,MARKET_PRICE_CONFLICT,,5.12,36.16,0,36.16,single_observation,CT6 Columbia Taper Side Plate Right #5576,,0,,,,31.04,0,31.04,single_observation,Columbia Stainless Steel Side Plate - Right (COLM-CT6)
tapetech::050086f,TapeTech,050086F,3,3,3,3,MARKET_PRICE_CONFLICT,,5.11,11.39,0,11.39,single_observation,TapeTech Head Bushing 050086F,16.50,0,16.50,single_observation,Head Bushing - 050086,11.60,0,11.60,single_observation,TapeTech Head Bushing
columbia::sb214,Columbia Tools,SB2-14,3,3,3,3,MARKET_PRICE_CONFLICT,,5.07,37.77,0,37.77,single_observation,"Columbia Replacement 14"" Blade for Tomahawk",35.00,0,35.00,single_observation,"Columbia Replacement 14"" Blade for Tomahawk",40.07,0,40.07,single_observation,Columbia 14 in. Replacement Blade for Tomahawk Smoothing Blade
columbia::mp5,Columbia Tools,MP5,3,3,3,3,MARKET_PRICE_CONFLICT,,5.05,26.38,0,26.38,single_observation,MP5 Columbia Mud Pump Head Bushing #6164,21.33,0,21.33,single_observation,Mud Pump Head Bushing - MP5,22.64,0,22.64,single_observation,Columbia Head Bushing (COLM-MP5)
tapetech::059227,TapeTech,059227,2,2,2,2,MARKET_PRICE_CONFLICT,,5.03,8.19,0,8.19,single_observation,TapeTech 10-32 Special Nut 059227,3.16,0,3.16,single_observation,059227 - 10-32 Special Nut,,0,,,
tapetech::pfb14,TapeTech,PFB14,2,2,2,2,MARKET_PRICE_CONFLICT,,5.01,36.99,0,36.99,single_observation,"TapeTech 14"" Replacement Blade PFB14 2pk",42.00,0,42.00,single_observation,"TapeTech 14"" Replacement Blades for PFK14TT Skimming Knife",,0,,,
columbia::ssb10,Columbia Tools,SSB10,2,2,2,2,MARKET_PRICE_CONFLICT,,5.00,34.99,0,34.99,single_observation,"Columbia 10"" Sabre Smoothing Blade",29.99,0,29.99,single_observation,"Columbia Sabre Smoothing Blade 10""",,0,,,
tapetech::nsatt,TapeTech,NSA-TT,2,2,2,2,MARKET_PRICE_CONFLICT,,5.00,40.00,0,40.00,single_observation,TapeTech Nail Spotter Handle Adapter NSA-TT,45.00,0,45.00,single_observation,TapeTech Nail Spotter Adapter - NSA-TT,,0,,,
tapetech::rttctt,TapeTech,RTTC-TT,2,2,2,2,MARKET_PRICE_CONFLICT,,5.00,13.99,0,13.99,single_observation,TapeTech Taper Cable Repair Tool RTTC-TT,18.99,0,18.99,single_observation,TapeTech Taper Cable Repair Tool,,0,,,
usg-sheetrock::340106,USG Sheetrock Tools,340106,2,2,2,2,MARKET_PRICE_CONFLICT,,5.00,20.99,0,20.99,single_observation,"USG Sheetrock 5"" Classic Carbon Steel Putty Knife",15.99,0,15.99,single_observation,"USG 5"" CLASSIC Carbon Steel Round Blade Finishing Knife",,0,,,
columbia::fbb48,Columbia Tools,FBB4-8,2,2,2,2,MARKET_PRICE_CONFLICT,,4.99,55.70,0,55.70,single_observation,COLFBB4-8 Columbia 8in Fat Boy Flat Box Door,,0,,,,50.71,0,50.71,single_observation,"Columbia 8"" Fat Boy Flat Box Door (Pre-2006 Non-Hinged) (COLM-FBB4-8)"
tapetech::219039,TapeTech,219039,2,2,2,2,MARKET_PRICE_CONFLICT,,4.99,,0,,,,6.25,0,6.25,single_observation,219039 - TapeTech Left Skid for Power Assist Boxes,11.24,0,11.24,single_observation,"TapeTech SKID, LEFT (TAPE-219039)"
tapetech::154007,TapeTech,154007,2,2,2,2,MARKET_PRICE_CONFLICT,,4.96,53.49,0,53.49,single_observation,TapeTech Swivel Assembly 154007,,0,,,,48.53,0,48.53,single_observation,TapeTech Swivel Assembly (TAPE-154007)
columbia::ct105,Columbia Tools,CT105,2,2,2,2,MARKET_PRICE_CONFLICT,,4.90,34.62,0,34.62,single_observation,CT105 Columbia Taper Crimper Lever #5965,,0,,,,29.72,0,29.72,single_observation,Columbia Crimper Lever (COLM-CT105)
tapetech::400005,TapeTech,400005,2,2,2,2,MARKET_PRICE_CONFLICT,,4.90,8.39,0,8.39,single_observation,"TapeTech 2"" Blade Tension Spring 400005",,0,,,,13.29,0,13.29,single_observation,TapeTech Blade Tension Spring (TAPE-400005)
usg-sheetrock::340900,USG Sheetrock Tools,340900,2,2,2,2,MARKET_PRICE_CONFLICT,,4.90,59.99,0,59.99,single_observation,Sheetrock No-Flip Drywall Pole Sander,64.89,0,64.89,single_observation,Sheetrock Tools Drywall Pole Sander,,0,,,
tapetech::501h,TapeTech,501H,3,3,3,3,MARKET_PRICE_CONFLICT,,4.89,23.09,0,23.09,single_observation,TapeTech Pump Repair Kit 501H,19.26,0,19.26,single_observation,TapeTech Pump Wear Parts Kit - 501H,24.15,0,24.15,single_observation,TapeTech Pump Repair Kit (TAPE-501H)
columbia::cr,Columbia Tools,CR,2,2,2,2,MARKET_PRICE_CONFLICT,,4.88,162.75,0,162.75,single_observation,Columbia Corner Roller Head Only,167.63,0,167.63,single_observation,Columbia Corner Roller,,0,,,
columbia::mp2,Columbia Tools,MP2,2,2,2,2,MARKET_PRICE_CONFLICT,,4.80,33.90,0,33.90,single_observation,Columbia Foot Valve Casting,,0,,,,29.10,0,29.10,single_observation,Columbia Foot Valve Casting (COLM-MP2)
tapetech::220002,TapeTech,220002,2,2,2,2,MARKET_PRICE_CONFLICT,,4.77,101.07,0,101.07,single_observation,"TapeTech 7"" Power Assist /EasyClean® Box Blade Holder 220002",,0,,,,105.84,0,105.84,single_observation,"TapeTech 7"" BLADE HOLDER, EASYCLEAN (TAPE-220002)"
tapetech::700011f,TapeTech,700011F,2,2,2,2,MARKET_PRICE_CONFLICT,,4.76,,0,,,,39.13,0,39.13,single_observation,Foot Valve - 700011,43.89,0,43.89,single_observation,TapeTech FOOT VALVE (TAPE-700011F)
tapetech::054075,TapeTech,054075,3,3,3,3,MARKET_PRICE_CONFLICT,,4.65,35.49,0,35.49,single_observation,TapeTech Tape Runner Assembly - Right 054075,40.14,0,40.14,single_observation,Tape Runner Assembly (Right) - 054075,36.09,0,36.09,single_observation,TapeTech TAPE RUNNER ASSEMBLY (TAPE-054075)
tapetech::054104,TapeTech,054104,3,3,3,3,MARKET_PRICE_CONFLICT,,4.65,35.49,0,35.49,single_observation,TapeTech Tape Runner Assembly - Left 054104,40.14,0,40.14,single_observation,Tape Runner Assembly (Left) - 054104,36.09,0,36.09,single_observation,TapeTech TAPE RUNNER ASSEMBLY (TAPE-054104)
columbia::sb224,Columbia Tools,SB2-24,2,2,2,2,MARKET_PRICE_CONFLICT,,4.64,50.00,0,50.00,single_observation,"Columbia Replacement 24"" Blade for Tomahawk",,0,,,,54.64,0,54.64,single_observation,Columbia 24 in. Replacement Blade for Tomahawk Smoothing Blade
tapetech::420016,TapeTech,420016,2,2,2,2,MARKET_PRICE_CONFLICT,,4.61,203.19,0,203.19,single_observation,"TapeTech 2.5"" Frame, Right 420016",207.80,0,207.80,single_observation,420016 - 2.5in Frame (Right),,0,,,
tapetech::050036,TapeTech,050036,2,2,2,2,MARKET_PRICE_CONFLICT,,4.58,17.83,0,17.83,single_observation,TapeTech Bracket Base 050036,13.25,0,13.25,single_observation,Taper Bracket Base - CT87A,,0,,,
columbia::ffb47,Columbia Tools,FFB4-7,2,2,2,2,MARKET_PRICE_CONFLICT,,4.57,51.18,0,51.18,single_observation,"COLFFB4-7 Columbia 7"" Flat Box Door",,0,,,,46.61,0,46.61,single_observation,"Columbia 7"" Flat Finisher Flat Box Door (Pre-2006 Non-Hinged) (COLM-FFB4-7)"
columbia::ffb48,Columbia Tools,FFB4-8,2,2,2,2,MARKET_PRICE_CONFLICT,,4.57,51.18,0,51.18,single_observation,FFB4-8 Columbia Flat Box Door 8in #6069,,0,,,,46.61,0,46.61,single_observation,"Columbia 8"" Flat Finisher Flat Box Door (Pre-2006 Non-Hinged) (COLM-FFB4-8)"
columbia::hhr1,Columbia Tools,HHR-1,2,2,2,2,MARKET_PRICE_CONFLICT,,4.51,38.94,0,38.94,single_observation,Columbia Hydra Handle Repair Kit,,0,,,,34.43,0,34.43,single_observation,COLUMBIA HYDRA HANDLE REPAIR KIT (COLM-HHR-1)
tapetech::501f3a,TapeTech,501F3A,2,2,2,2,MARKET_PRICE_CONFLICT,,4.50,39.49,0,39.49,single_observation,"TapeTech 3"" Angle Head Repair Kit 501F3A",34.99,0,34.99,single_observation,"TapeTech 3"" Corner Finisher Repair Kit - 501F3A",,0,,,
usg-sheetrock::340102,USG Sheetrock Tools,340102,2,2,2,2,MARKET_PRICE_CONFLICT,,4.50,19.99,0,19.99,single_observation,"USG Sheetrock 4"" Classic Carbon Steel Putty Knife",15.49,0,15.49,single_observation,"USG 4"" CLASSIC Carbon Steel Round Blade Finishing Knife",,0,,,
tapetech::480008f,TapeTech,480008F,3,3,3,3,MARKET_PRICE_CONFLICT,,4.45,16.29,0,16.29,single_observation,"TapeTech Spring Adjusting Cam, Left 480008F",20.74,0,20.74,single_observation,Spring Adjusting Cam (Left) - 480008,16.57,0,16.57,single_observation,"TapeTech Spring Adjuster Cam, Right (TAPE-480008F)"
tapetech::059331,TapeTech,059331,2,2,2,2,MARKET_PRICE_CONFLICT,,4.41,0.99,0,0.99,single_observation,TapeTech 10-32 x 5/16 Hex Setscrew Cup Pt 059331,5.40,0,5.40,single_observation,"059331 - Setscrew, 10-32x5",,0,,,
tapetech::140009g,TapeTech,140009G,2,2,2,2,MARKET_PRICE_CONFLICT,,4.41,262.69,0,262.69,single_observation,TapeTech MudRunner Control Tube 140009G,,0,,,,267.10,0,267.10,single_observation,TapeTech CONTROL TUBE  (TAPE-140009G)
tapetech::050237,TapeTech,050237,2,2,2,2,MARKET_PRICE_CONFLICT,,4.40,18.91,0,18.91,single_observation,TapeTech Spool Shaft 050237,14.51,0,14.51,single_observation,Spool Shaft - 050237,,0,,,
tapetech::050204,TapeTech,050204,2,2,2,2,MARKET_PRICE_CONFLICT,,4.38,9.99,0,9.99,single_observation,TapeTech Plunger Cup Washer 050204,,0,,,,14.37,0,14.37,single_observation,TapeTech PLUNGER CUP WASHER (TAPE-050204)
columbia::ffh3,Columbia Tools,FFH3,2,2,2,2,MARKET_PRICE_CONFLICT,,4.37,37.66,0,37.66,single_observation,FFH3 Columbia Flat Box Handle Lower Mounting Bracket #6122,,0,,,,33.29,0,33.29,single_observation,Columbia Lower Mounting Bracket (COLM-FFH3)
tapetech::300009,TapeTech,300009,3,3,3,3,MARKET_PRICE_CONFLICT,,4.34,14.29,0,14.29,single_observation,"TapeTech 12"" Flat Box Shim 300009",18.63,0,18.63,single_observation,"2 - Shim 12""",14.57,0,14.57,single_observation,TapeTech SHIM (TAPE-300009)
tapetech::050070f,TapeTech,050070F,3,3,3,3,MARKET_PRICE_CONFLICT,,4.33,9.39,0,9.39,single_observation,TapeTech Creaser Wheel Axle 050070F,13.72,0,13.72,single_observation,Creaser Wheel Axle - 050070,9.59,0,9.59,single_observation,TapeTech AXLE CREASER WHEEL (TAPE-050070F)
columbia::ct82,Columbia Tools,CT82,2,2,2,2,MARKET_PRICE_CONFLICT,,4.28,30.12,0,30.12,single_observation,CT82 Columbia Taper Clutch Lever #5854,,0,,,,25.84,0,25.84,single_observation,Columbia Clutch Lever (COLM-CT82)
columbia::ct97,Columbia Tools,CT97,2,2,2,2,MARKET_PRICE_CONFLICT,,4.28,30.14,0,30.14,single_observation,CT97 Columbia Taper Mud Supply Valve Body #5959,,0,,,,25.86,0,25.86,single_observation,Columbia Mud Supply Valve Body (COLM-CT97)
columbia::cfb15,Columbia Tools,CFB15,2,2,2,2,MARKET_PRICE_CONFLICT,,4.26,30.10,0,30.10,single_observation,CFB15 Columbia Angle Box Door Hinge #5552,,0,,,,25.84,0,25.84,single_observation,Columbia Door Hinge (COLM-CFB15)
columbia::cr11,Columbia Tools,CR11,2,2,2,2,MARKET_PRICE_CONFLICT,,4.26,30.10,0,30.10,single_observation,CR11 Columbia Corner Roller Handle Connecting Link #5567,,0,,,,25.84,0,25.84,single_observation,Columbia Handle Connecting Link (COLM-CR11)
columbia::ct107,Columbia Tools,CT107,2,2,2,2,MARKET_PRICE_CONFLICT,,4.26,30.10,0,30.10,single_observation,CT107 Columbia Taper Piston Body #5967,,0,,,,25.84,0,25.84,single_observation,Columbia Piston Body (COLM-CT107)
columbia::ct90,Columbia Tools,CT90,2,2,2,2,MARKET_PRICE_CONFLICT,,4.26,30.10,0,30.10,single_observation,CT90 Columbia Taper Rod Sleeve Housing #5864,,0,,,,25.84,0,25.84,single_observation,Columbia Clutch Release Rod Sleeve Housing (COLM-CT90)
tapetech::502h,TapeTech,502H,2,2,2,2,MARKET_PRICE_CONFLICT,,4.25,32.69,0,32.69,single_observation,TapeTech Pump Rebuild Kit 502H,,0,,,,36.94,0,36.94,single_observation,TapeTech Mud Pump Rebuild Kit
columbia::ct127,Columbia Tools,CT127,2,2,2,2,MARKET_PRICE_CONFLICT,,4.24,36.56,0,36.56,single_observation,CT127 Columbia Taper Extension Shaft Bracket #5988,,0,,,,32.32,0,32.32,single_observation,Columbia Extension Shaft Bracket (COLM-CT127)
tapetech::603031,TapeTech,603031,2,2,2,2,MARKET_PRICE_CONFLICT,,4.15,,0,,,,5.82,0,5.82,single_observation,Special Nut - 603031,9.97,0,9.97,single_observation,TapeTech NUT SPECIAL (TAPE-603031)
columbia::bh26,Columbia Tools,BH26,3,3,3,3,MARKET_PRICE_CONFLICT,,4.13,12.38,0,12.38,single_observation,BH26 Columbia Box Handle Cam for 180 Handle #11575,9.62,0,9.62,single_observation,Box Handle Cam for 180 Handle - BH26,8.25,0,8.25,single_observation,Columbia Cam for 180 Grip Flat Box Handle (COLM-BH26)
usg-sheetrock::340017,USG Sheetrock Tools,340017,2,2,2,2,MARKET_PRICE_CONFLICT,,4.03,21.99,0,21.99,single_observation,"Sheetrock 6"" Matrix Blue Steel Drywall Taping Knife",17.96,0,17.96,single_observation,"Sheetrock 6"" MATRIX Blue Steel Finishing Knife",,0,,,
tapetech::pfb12,TapeTech,PFB12,2,2,2,2,MARKET_PRICE_CONFLICT,,4.01,32.99,0,32.99,single_observation,"TapeTech 12"" Replacement Blade PFB12 2pk",37.00,0,37.00,single_observation,"TapeTech 12"" Replacement Blades for PFK12TT Skimming Knife",,0,,,
tapetech::pfb18,TapeTech,PFB18,2,2,2,2,MARKET_PRICE_CONFLICT,,4.01,43.99,0,43.99,single_observation,"TapeTech 18"" Replacement Blade PFB18 2pk",48.00,0,48.00,single_observation,"TapeTech 18"" Replacement Blades for PFK18TT Skimming Knife",,0,,,
columbia::sb218,Columbia Tools,SB2-18,2,2,2,2,MARKET_PRICE_CONFLICT,,4.00,43.35,0,43.35,single_observation,"Columbia Replacement 18"" Blade for Tomahawk",,0,,,,47.35,0,47.35,single_observation,Columbia 18 in. Replacement Blade for Tomahawk Smoothing Blade
tapetech::fhttcaatt,TapeTech,FHTT/CAA-TT,2,2,2,2,MARKET_PRICE_CONFLICT,,4.00,104.00,0,104.00,single_observation,TapeTech Fiberglass Angle Box Handle FHTT/CAA,100.00,0,100.00,single_observation,TapeTech Fiberglass Corner Box Handle Kit,,0,,,
tapetech::tk14bstt,TapeTech,TK14BSTT,2,2,2,2,MARKET_PRICE_CONFLICT,,4.00,13.99,0,13.99,single_observation,"TapeTech 14"" Premium Blue Steel Taping Knife",17.99,0,17.99,single_observation,"TapeTech 14"" Premium Blue Steel Taping Knife",,0,,,
usg-sheetrock::340414,USG Sheetrock Tools,340414,2,2,2,2,MARKET_PRICE_CONFLICT,,4.00,20.99,0,20.99,single_observation,USG Sheetrock™ Tools Drywall Jab Saw,16.99,0,16.99,single_observation,"Sheetrock Brand 6"" Key Hole/Jab Saw",,0,,,
tapetech::200713,TapeTech,200713,2,2,2,2,MARKET_PRICE_CONFLICT,,3.96,18.10,0,18.10,single_observation,TapeTech Dial Post 200713,14.14,0,14.14,single_observation,TapeTech Dial Post - 200713,,0,,,
tapetech::jk02sstt,TapeTech,JK02SSTT,2,2,2,2,MARKET_PRICE_CONFLICT,,3.96,8.99,0,8.99,single_observation,"TapeTech 2"" Premium Stainless Steel Joint Knife",12.95,0,12.95,single_observation,"TapeTech 2"" Premium Stainless Steel Joint Knife",,0,,,
tapetech::pk35cstt,TapeTech,PK35CSTT,2,2,2,2,MARKET_PRICE_CONFLICT,,3.96,8.99,0,8.99,single_observation,"TapeTech 3.5"" Carbon Steel Pointing Knife",12.95,0,12.95,single_observation,"TapeTech 3.5"" Carbon Steel Pointing Knife",,0,,,
tapetech::050073,TapeTech,050073,3,3,3,3,MARKET_PRICE_CONFLICT,,3.95,3.59,0,3.59,single_observation,TapeTech Creaser Wheel 050073,7.54,0,7.54,single_observation,Automatic Taper Creaser Wheel - 050073,3.67,0,3.67,single_observation,TapeTech CREASER WHEEL (TAPE-050073)
tapetech::052051,TapeTech,052051,2,2,2,2,MARKET_PRICE_CONFLICT,,3.95,26.29,0,26.29,single_observation,TapeTech Cover Plate Screw 052051,22.34,0,22.34,single_observation,Cover Plate Screw for 07TT - 052051,,0,,,
tapetech::882002,TapeTech,882002,2,2,2,2,MARKET_PRICE_CONFLICT,,3.94,172.09,0,172.09,single_observation,TapeTech Profile Extrusion Assembly 882002,176.03,0,176.03,single_observation,Profile Extrusion - 882002,,0,,,
usg-sheetrock::340006,USG Sheetrock Tools,340006,2,2,2,2,MARKET_PRICE_CONFLICT,,3.93,22.99,0,22.99,single_observation,"USG Sheetrock 5"" Matrix Carbon Steel Putty Knife",19.06,0,19.06,single_observation,"Sheetrock 5"" Matrix Carbon Steel Putty Knife",,0,,,
tapetech::130001,TapeTech,130001,2,2,2,2,MARKET_PRICE_CONFLICT,,3.90,25.99,0,25.99,single_observation,TapeTech Mud Tube Cap 130001,22.09,0,22.09,single_observation,Cap Mud Tube - 130001,,0,,,
columbia::mp28,Columbia Tools,MP28,2,2,2,2,MARKET_PRICE_CONFLICT,,3.86,12.28,0,12.28,single_observation,MP28 Columbia Mud Pump Filler Nut #5875,,0,,,,8.42,0,8.42,single_observation,Columbia Filler Nut (COLM-MP28)
columbia::ah1a,Columbia Tools,AH1A,2,2,2,2,MARKET_PRICE_CONFLICT,,3.82,12.18,0,12.18,single_observation,Columbia Spring Housing Angle Head,,0,,,,8.36,0,8.36,single_observation,Columbia Return Spring Holder (COLM-AH1A)
columbia::ct53,Columbia Tools,CT53,2,2,2,2,MARKET_PRICE_CONFLICT,,3.74,26.38,0,26.38,single_observation,Columbia Taper Toe Kicker CT53,,0,,,,22.64,0,22.64,single_observation,Columbia Toe Kicker (COLM-CT53)
tapetech::680009,TapeTech,680009,3,3,3,3,MARKET_PRICE_CONFLICT,,3.70,21.19,0,21.19,single_observation,"TapeTech 3"" Nail Spotter Facing 680009",24.89,0,24.89,single_observation,Facing - 680009,21.55,0,21.55,single_observation,"TapeTech 3"" FACING (TAPE-680009)"
tapetech::630009,TapeTech,630009,3,3,3,3,MARKET_PRICE_CONFLICT,,3.62,21.19,0,21.19,single_observation,"TapeTech 2"" Nail Spotter Facing 630009",24.81,0,24.81,single_observation,Facing - 630009,21.55,0,21.55,single_observation,"TapeTech 2"" FACING (TAPE-630009)"
columbia::tsb40,Columbia Tools,TSB-40,3,3,3,3,MARKET_PRICE_CONFLICT,,3.58,154.99,0,154.99,single_observation,"Columbia 40"" Tomahawk Smoothing Blade",151.41,0,151.41,single_observation,"Columbia 40"" Tomahawk Smoothing Blade",154.36,0,154.36,single_observation,Columbia 40 in. Tomahawk Smoothing Blade
tapetech::059061f,TapeTech,059061F,3,3,3,3,MARKET_PRICE_CONFLICT,,3.56,8.00,0,8.00,single_observation,TapeTech Valve Spring 059061F,5.61,0,5.61,single_observation,059061 - Valve Spring,4.44,0,4.44,single_observation,TapeTech Valve Spring
columbia::sb232,Columbia Tools,SB2-32,2,2,2,2,MARKET_PRICE_CONFLICT,,3.55,58.37,0,58.37,single_observation,"Columbia Replacement 32"" Blade for Tomahawk",,0,,,,61.92,0,61.92,single_observation,Columbia 32 in. Replacement Blade for Tomahawk Smoothing Blade
usg-sheetrock::340505,USG Sheetrock Tools,340505,2,2,2,2,MARKET_PRICE_CONFLICT,,3.55,24.99,0,24.99,single_observation,"USG Sheetrock 5"" Matrix Stainless Steel Putty Knife",21.44,0,21.44,single_observation,"USG Sheetrock 5"" Matrix Stainless Steel Putty Knife",,0,,,
columbia::cbncr,Columbia Tools,CBNCR,3,3,3,3,MARKET_PRICE_CONFLICT,,3.54,87.00,0,87.00,single_observation,Columbia Outside Bullnose Corner Roller,86.52,0,86.52,single_observation,Columbia Outside Bullnose Corner Roller,90.06,0,90.06,single_observation,Columbia Outside Bullnose Bead Roller
columbia::ct95,Columbia Tools,CT95,2,2,2,2,MARKET_PRICE_CONFLICT,,3.53,11.30,0,11.30,single_observation,CT95 Columbia Taper Control Valve #5870,,0,,,,7.77,0,7.77,single_observation,Columbia Mud Gate Control Valve Plate (COLM-CT95)
columbia::ctr1,Columbia Tools,CTR-1,3,3,3,3,MARKET_PRICE_CONFLICT,,3.52,22.99,0,22.99,single_observation,Columbia Taper Maintenance Kit,24.99,0,24.99,single_observation,Columbia Taper Maintenance Kit,26.51,0,26.51,single_observation,Columbia Automatic Taper Repair Kit - Blades & Cable Kit (COLM-CTR1)
tapetech::qb80035,TapeTech,QB8003-5,2,2,2,2,MARKET_PRICE_CONFLICT,,3.51,39.99,0,39.99,single_observation,"TapeTech 8"" QSX Flat Finishing Blade QB8003-5",43.50,0,43.50,single_observation,"TapeTech 8"" QuickBox™ QSX Flat Finishing Blades 5pk",,0,,,
tapetech::059206,TapeTech,059206,2,2,2,2,MARKET_PRICE_CONFLICT,,3.50,9.79,0,9.79,single_observation,TapeTech 1/4-20 Special Hex Nut 059206,,0,,,,13.29,0,13.29,single_observation,TapeTech 1/4-20 Hex Nut (TAPE-059206)
tapetech::149021,TapeTech,149021,3,3,3,3,MARKET_PRICE_CONFLICT,,3.49,28.09,0,28.09,single_observation,TapeTech MudRunner Round Lip U-Cup 149021,31.58,0,31.58,single_observation,149021 - Mudrunner Large U-Cup,28.59,0,28.59,single_observation,TapeTech ROUND LIP U-CUP (TAPE-149021)
usg-sheetrock::340029,USG Sheetrock Tools,340029,2,2,2,2,MARKET_PRICE_CONFLICT,,3.49,18.99,0,18.99,single_observation,"USG Sheetrock Pro-Series 8"" Blue Steel Taping Knife",15.50,0,15.50,single_observation,"Sheetrock 8"" Pro-Series High Carbon Steel Joint Knife",,0,,,
usg-sheetrock::340407,USG Sheetrock Tools,340407,2,2,2,2,MARKET_PRICE_CONFLICT,,3.49,32.99,0,32.99,single_observation,"Sheetrock 14"" Classic Stainless Steel Mud Pan",29.50,0,29.50,single_observation,"Sheetrock 14"" Classic Stainless Steel Mud Pan",,0,,,
tapetech::050203,TapeTech,050203,3,3,3,3,MARKET_PRICE_CONFLICT,,3.45,30.27,0,30.27,single_observation,TapeTech Plunger Cup 050203,33.72,0,33.72,single_observation,Plunger Cup - 050203,32.14,0,32.14,single_observation,TapeTech PLUNGER CUP
tapetech::130036,TapeTech,130036,2,2,2,2,MARKET_PRICE_CONFLICT,,3.42,148.79,0,148.79,single_observation,"TapeTech 36"" Main Tube 130036",152.21,0,152.21,single_observation,"130036 - Main Tube, 36"" Mud Tube",,0,,,
columbia::ct128,Columbia Tools,CT128,2,2,2,2,MARKET_PRICE_CONFLICT,,3.40,29.24,0,29.24,single_observation,CT128 Columbia Taper Shaft Guide Strap #5989,,0,,,,25.84,0,25.84,single_observation,Columbia Extention Shaft Guide Strap (COLM-CT128)
columbia::ct37,Columbia Tools,CT37,2,2,2,2,MARKET_PRICE_CONFLICT,,3.40,29.24,0,29.24,single_observation,CT37 Columbia Taper Tube Holding Bracket Upper #5610,,0,,,,25.84,0,25.84,single_observation,Columbia Tube Holding Bracket  - Upper (COLM-CT37)
columbia::hns20,Columbia Tools,HNS20,2,2,2,2,MARKET_PRICE_CONFLICT,,3.40,20.44,0,20.44,single_observation,HNS20 Columbia Nail Spotter Wedge for Skid Nail Spotter #12278,17.04,0,17.04,single_observation,Columbia Nail Spotter Wedge for Skid Nail Spotter - HNS20,,0,,,
tapetech::602029f,TapeTech,602029F,2,2,2,2,MARKET_PRICE_CONFLICT,,3.40,8.00,0,8.00,single_observation,TapeTech Special Rivet 602029F,,0,,,,4.60,0,4.60,single_observation,TapeTech SPECIAL RIVET (TAPE-602029F)
tapetech::602045f,TapeTech,602045F,2,2,2,2,MARKET_PRICE_CONFLICT,,3.40,8.00,0,8.00,single_observation,TapeTech Special Washer 602045F,,0,,,,4.60,0,4.60,single_observation,TapeTech SPECIAL WASHER (TAPE-602045F)
tapetech::250009,TapeTech,250009,3,3,3,3,MARKET_PRICE_CONFLICT,,3.37,12.89,0,12.89,single_observation,"TapeTech 10"" Flat Box Shim 250009",16.26,0,16.26,single_observation,"250009 - TapeTech Replacement Shim 10""",13.10,0,13.10,single_observation,TapeTech SHIM (TAPE-250009)
columbia::ffb1112,Columbia Tools,FFB11-12,2,2,2,2,MARKET_PRICE_CONFLICT,,3.35,10.46,0,10.46,single_observation,"COLFFB11-12 Columbia  12"" Flat Box Adjuster Spring",,0,,,,7.11,0,7.11,single_observation,"Columbia Flat Box Adjuster Spring 12"" (COLM-FFB11-12)"
columbia::sb248,Columbia Tools,SB2-48,2,2,2,2,MARKET_PRICE_CONFLICT,,3.35,73.35,0,73.35,single_observation,"Columbia Replacement 48"" Blade for Tomahawk",70.00,0,70.00,single_observation,"Columbia Replacement 48"" Blade for Tomahawk",,0,,,
usg-sheetrock::340607,USG Sheetrock Tools,340607,2,2,2,2,MARKET_PRICE_CONFLICT,,3.35,22.99,0,22.99,single_observation,"USG Sheetrock 4"" Classic Stainless Steel Putty Knife",19.64,0,19.64,single_observation,"Sheetrock 4"" Stainless Steel Classic Knife",,0,,,
columbia::ah6a,Columbia Tools,AH6A,2,2,2,2,MARKET_PRICE_CONFLICT,,3.31,23.36,0,23.36,single_observation,Columbia Ball Holder Release Clip Angle Head,,0,,,,20.05,0,20.05,single_observation,Columbia Ball Holder Release Clip (COLM-AH6A)
columbia::hh22,Columbia Tools,HH22,2,2,2,2,MARKET_PRICE_CONFLICT,,3.31,28.60,0,28.60,single_observation,Columbia Reservoir Piston Part HH22,,0,,,,25.29,0,25.29,single_observation,Columbia Reservoir Piston for Hydra Reach Flat Box Handle (COLM-HH22)
tapetech::149023,TapeTech,149023,3,3,3,3,MARKET_PRICE_CONFLICT,,3.31,17.19,0,17.19,single_observation,TapeTech MudRunner Round Lip U-Cup 149023,20.50,0,20.50,single_observation,149023 - Round Lip U-Cup,17.50,0,17.50,single_observation,TapeTech ROUND LIP U-CUP (TAPE-149023)
usg-sheetrock::340504,USG Sheetrock Tools,340504,2,2,2,2,MARKET_PRICE_CONFLICT,,3.24,23.99,0,23.99,single_observation,"USG Sheetrock 4"" Matrix Stainless Steel Putty Knife",20.75,0,20.75,single_observation,"USG Sheetrock 4"" Matrix Stainless Steel Putty Knife",,0,,,
tapetech::204002,TapeTech,204002,2,2,2,2,MARKET_PRICE_CONFLICT,,3.23,191.49,0,191.49,single_observation,"TapeTech 7"" Blade Holder Assembly 204002",,0,,,,194.72,0,194.72,single_observation,TapeTech BLADE HOLDER ASSEMBLY (TAPE-204002)
columbia::ct87cs,Columbia Tools,CT87-CS,2,2,2,2,MARKET_PRICE_CONFLICT,,3.22,10.30,0,10.30,single_observation,Columbia Cover Plate Cork Seal,,0,,,,7.08,0,7.08,single_observation,Columbia Cover Plate Gasket (COLM-CT87CS)
columbia::ct23,Columbia Tools,CT23,2,2,2,2,MARKET_PRICE_CONFLICT,,3.21,10.98,0,10.98,single_observation,CT23 Columbia Taper Reinforcing Rod #5597,,0,,,,7.77,0,7.77,single_observation,Columbia Reinforcing Rod / Spacer Rod (COLM-CT23)
columbia::ct58,Columbia Tools,CT58,2,2,2,2,MARKET_PRICE_CONFLICT,,3.21,10.98,0,10.98,single_observation,CT58 Columbia Taper Guide Rod Bushing #5834,,0,,,,7.77,0,7.77,single_observation,Columbia Guide Rod Bushing (COLM-CT58)
columbia::ct87a,Columbia Tools,CT87A,2,2,2,2,MARKET_PRICE_CONFLICT,,3.21,10.98,0,10.98,single_observation,CT87A Columbia Taper Bracket Base #5860,,0,,,,7.77,0,7.77,single_observation,Columbia Bracket Base (COLM-CT87A)
columbia::mp13,Columbia Tools,MP13,2,2,2,2,MARKET_PRICE_CONFLICT,,3.21,10.98,0,10.98,single_observation,MP13 Columbia Mud Pump Piston Backing Washer (Large) #6173,,0,,,,7.77,0,7.77,single_observation,Columbia Piston Cup Backing Washer (a.k.a. Large Retainer) (COLM-MP13)
columbia::ct115,Columbia Tools,CT115,2,2,2,2,MARKET_PRICE_CONFLICT,,3.19,22.60,0,22.60,single_observation,CT115 Columbia Taper Guard Ring #5973,,0,,,,19.41,0,19.41,single_observation,Columbia Barrel Guard Ring (COLM-CT115)
columbia::ct86,Columbia Tools,CT86,2,2,2,2,MARKET_PRICE_CONFLICT,,3.19,22.60,0,22.60,single_observation,CT86 Columbia Taper Toe Kicker Cable #5858,,0,,,,19.41,0,19.41,single_observation,Columbia Toe Kicker Cable (COLM-CT86)
columbia::hp45,Columbia Tools,HP45,2,2,2,2,MARKET_PRICE_CONFLICT,,3.19,22.60,0,22.60,single_observation,HP45 Columbia Mud Pump O-Ring Enclosure #6154,,0,,,,19.41,0,19.41,single_observation,Columbia Pump O-Ring Enclosure (COLM-HP45)
tapetech::142001,TapeTech,142001,2,2,2,2,MARKET_PRICE_CONFLICT,,3.18,192.99,0,192.99,single_observation,TapeTech MudRunner Tube 142001,,0,,,,196.17,0,196.17,single_observation,TapeTech TUBE (TAPE-142001)
columbia::hh32,Columbia Tools,HH32,2,2,2,2,MARKET_PRICE_CONFLICT,,3.17,27.26,0,27.26,single_observation,COLHH32 Columbia Hydra Handle Release Clip Washer,,0,,,,24.09,0,24.09,single_observation,Columbia Release Clip Washer for Hydra Reach Flat Box Handle (COLM-HH32)
columbia::ct99,Columbia Tools,CT99,2,2,2,2,MARKET_PRICE_CONFLICT,,3.14,16.44,0,16.44,single_observation,Columbia Removable Cover Plate Pin,13.30,0,13.30,single_observation,Removable Cover Plate Pin - CT99,,0,,,
columbia::ct67,Columbia Tools,CT67,3,3,3,3,MARKET_PRICE_CONFLICT,,3.11,7.53,0,7.53,single_observation,CT67 Columbia Taper Ratchet Gear #5841,4.42,0,4.42,single_observation,Columbia Taper Ratchet Gear - CT67,5.16,0,5.16,single_observation,Columbia Ratchet Gear (COLM-CT67)
columbia::hns14c,Columbia Tools,HNS14C,2,2,2,2,MARKET_PRICE_CONFLICT,,3.09,21.70,0,21.70,single_observation,HNS14C Columbia Nail Spotter Handle Link Connector #12634,,0,,,,18.61,0,18.61,single_observation,Columbia Handle Link Connector for Hinged Nail Spotter (COLM-HNS14C)
tapetech::050410b,TapeTech,050410B,2,2,2,2,MARKET_PRICE_CONFLICT,,3.09,24.39,0,24.39,single_observation,"TapeTech Control Tube Flange, Black 050410B",27.48,0,27.48,single_observation,Control Tube Flange - 050410B,,0,,,
tapetech::pfb40,TapeTech,PFB40,2,2,2,2,MARKET_PRICE_CONFLICT,,3.01,91.99,0,91.99,single_observation,"TapeTech 40"" Replacement Blade PFB40 2pk",95.00,0,95.00,single_observation,"TapeTech 40"" Replacement Blades for PFK40TT Skimming Knife",,0,,,
tapetech::pfk07tt,TapeTech,PFK07TT,2,2,2,2,MARKET_PRICE_CONFLICT,,3.01,27.99,0,27.99,single_observation,"TapeTech 7"" Premium Finishing Knife PFK07TT",31.00,0,31.00,single_observation,"TapeTech 7"" Premium Smoothing Wipe Down Blade",,0,,,
tapetech::402017f,TapeTech,402017F,3,3,3,3,MARKET_PRICE_CONFLICT,,3.00,5.99,0,5.99,single_observation,"TapeTech Center Clip, Short 402017F",3.29,0,3.29,single_observation,Center Clip (Short) - 402017,2.99,0,2.99,single_observation,TapeTech 3 in. Angle Head Center Clip (short) (TAPE-402017)
tapetech::caatt,TapeTech,CAA-TT,3,3,3,2,MARKET_PRICE_CONFLICT,,3.00,45.00,0,45.00,single_observation,TapeTech Angle Box Handle Adapter CAA-TT,42.00,0,42.00,single_observation,TapeTech Corner Applicator Adapter -  CAA-TT,45.00,0,45.00,single_observation,TapeTech Corner Applicator Adapter
tapetech::tk10bstt,TapeTech,TK10BSTT,2,2,2,2,MARKET_PRICE_CONFLICT,,3.00,12.99,0,12.99,single_observation,"TapeTech 10"" Premium Blue Steel Taping Knife",15.99,0,15.99,single_observation,"TapeTech 10"" Premium Blue Steel Taping Knife",,0,,,
tapetech::tk12bstt,TapeTech,TK12BSTT,2,2,2,2,MARKET_PRICE_CONFLICT,,3.00,19.99,0,19.99,single_observation,"TapeTech 12"" Premium Blue Steel Taping Knife",16.99,0,16.99,single_observation,"TapeTech 12"" Premium Blue Steel Taping Knife",,0,,,
usg-sheetrock::340028,USG Sheetrock Tools,340028,2,2,2,2,MARKET_PRICE_CONFLICT,,3.00,19.99,0,19.99,single_observation,"USG Sheetrock Pro-Series 10"" Blue Steel Taping Knife",16.99,0,16.99,single_observation,"Sheetrock 10"" Pro-Series High Carbon Steel Joint Knife",,0,,,
usg-sheetrock::340316,USG Sheetrock Tools,340316,2,2,2,2,MARKET_PRICE_CONFLICT,,2.99,8.49,0,8.49,single_observation,Sheetrock Bead Hopper Gate - Outside Bullnose,5.50,0,5.50,single_observation,Sheetrock Bead Hopper Gate - Outside Bullnose,,0,,,
usg-sheetrock::340317,USG Sheetrock Tools,340317,2,2,2,2,MARKET_PRICE_CONFLICT,,2.99,8.49,0,8.49,single_observation,Sheetrock Bead Hopper Gate - Inside 90,5.50,0,5.50,single_observation,Sheetrock Bead Hopper Gate - Inside 90°,,0,,,
columbia::cr3,Columbia Tools,CR3,2,2,2,2,MARKET_PRICE_CONFLICT,,2.97,9.45,0,9.45,single_observation,CR3 Columbia Corner Roller Bearing Sleeve #5563,,0,,,,6.48,0,6.48,single_observation,Columbia Bearing Sleeve (COLM-CR3)
columbia::cr6,Columbia Tools,CR6,3,3,3,3,MARKET_PRICE_CONFLICT,,2.94,17.68,0,17.68,single_observation,CR6 Columbia Corner Roller Handle Mounting Swivel #5565,14.74,0,14.74,single_observation,Corner Roller Handle Mounting Swivel - CR6,15.18,0,15.18,single_observation,Columbia Handle Mounting Swivel (COLM-CR6)
columbia::ct12,Columbia Tools,CT12,2,2,2,2,MARKET_PRICE_CONFLICT,,2.94,10.05,0,10.05,single_observation,CT12 Columbia Taper Tape Advance Release Bracket #5586,,0,,,,7.11,0,7.11,single_observation,Columbia Tape Advance Release Bracket (COLM-CT12)
columbia::ffb1110,Columbia Tools,FFB11-10,2,2,2,2,MARKET_PRICE_CONFLICT,,2.94,10.05,0,10.05,single_observation,"FFB11-10 Columbia Flat Box Adjuster Spring 10""",,0,,,,7.11,0,7.11,single_observation,"Columbia Flat Box Adjuster Spring 7"",8"", or 10"" (COLM-FFB11-10)"
columbia::ffb117,Columbia Tools,FFB11-7,2,2,2,2,MARKET_PRICE_CONFLICT,,2.94,10.05,0,10.05,single_observation,"FFB11-7 Columbia Flat Box Adjuster Spring 7""",,0,,,,7.11,0,7.11,single_observation,"Columbia Flat Box Adjuster Spring 7"" (COLM-FFB11-7)"
columbia::ffb118,Columbia Tools,FFB11-8,2,2,2,2,MARKET_PRICE_CONFLICT,,2.94,10.05,0,10.05,single_observation,"FFB11-8 Columbia Flat Box Adjuster Spring 8""",,0,,,,7.11,0,7.11,single_observation,"Columbia Flat Box Adjuster Spring 8"" (COLM-FFB11-8)"
tapetech::709027,TapeTech,709027,2,2,2,2,MARKET_PRICE_CONFLICT,,2.91,1.19,0,1.19,single_observation,TapeTech 3/8-16 Thin Nylock Nut 709027,,0,,,,4.10,0,4.10,single_observation,TapeTech 3/8-16 THIN FLEXL (TAPE-709027)
surpro::ss1011,SurPro,SS1011,2,2,2,2,MARKET_PRICE_CONFLICT,,2.90,,0,,,,21.50,0,21.50,single_observation,Sur-Pro Strap Kit - SS1011,18.60,0,18.60,single_observation,SurPro 2 Stilt Leg Strap Kit
columbia::ct38,Columbia Tools,CT38,2,2,2,2,MARKET_PRICE_CONFLICT,,2.89,24.86,0,24.86,single_observation,CT38 Columbia Taper Tube Holding Bracket Lower #5611,,0,,,,21.97,0,21.97,single_observation,Columbia Tube Holding Bracket - Lower (COLM-CT38)
columbia::ct45,Columbia Tools,CT45,2,2,2,2,MARKET_PRICE_CONFLICT,,2.88,20.34,0,20.34,single_observation,CT45 Columbia Taper Connecting Rod (Includes CT46 Stop) #5619,,0,,,,17.46,0,17.46,single_observation,Columbia Connecting Rod (Now one piece Includes CT46 Rod Stop) 2005+ (COLM-CT45)
columbia::ct119,Columbia Tools,CT119,3,3,3,3,MARKET_PRICE_CONFLICT,,2.82,8.48,0,8.48,single_observation,COLCT119 Spool Retaining Spring,5.66,0,5.66,single_observation,Spool Retaining Spring - CT119,5.82,0,5.82,single_observation,Columbia Tape Spool Retaining Spring (COLM-CT119)
columbia::ct14,Columbia Tools,CT14,2,2,2,2,MARKET_PRICE_CONFLICT,,2.82,8.98,0,8.98,single_observation,CT14 Columbia Taper Adjustable Brake Holder #5588,,0,,,,6.16,0,6.16,single_observation,Columbia Adjustable Brake Holder (COLM-CT14)
tapetech::700010f,TapeTech,700010F,3,3,3,3,MARKET_PRICE_CONFLICT,,2.82,9.49,0,9.49,single_observation,TapeTech Valve Disc 700010F,6.83,0,6.83,single_observation,Valve Disc - 700010F,9.65,0,9.65,single_observation,TapeTech VALVE DISC (TAPE-700010F)
tapetech::149035,TapeTech,149035,3,3,3,3,MARKET_PRICE_CONFLICT,,2.78,21.89,0,21.89,single_observation,TapeTech Rod Wiper 149035,24.67,0,24.67,single_observation,149035 - Mudrunner Rod Wiper,22.29,0,22.29,single_observation,TapeTech ROD WIPER (TAPE-149035)
columbia::ct62,Columbia Tools,CT62,2,2,2,2,MARKET_PRICE_CONFLICT,,2.77,19.56,0,19.56,single_observation,CT62 Columbia Taper Needle Holding Shaft #5836,,0,,,,16.79,0,16.79,single_observation,Columbia Needle Holding Shaft (COLM-CT62)
columbia::ffb6,Columbia Tools,FFB6,2,2,2,2,MARKET_PRICE_CONFLICT,,2.76,9.43,0,9.43,single_observation,FFB6 Columbia Flat Box Box Wheel #6077,,0,,,,6.67,0,6.67,single_observation,Columbia Axle Roller (Box Wheel) (COLM-FFB6)
tapetech::140005,TapeTech,140005,2,2,2,2,MARKET_PRICE_CONFLICT,,2.75,118.99,0,118.99,single_observation,TapeTech End Cap 140005,121.74,0,121.74,single_observation,140005 - End Cap,,0,,,
columbia::hns12,Columbia Tools,HNS12,2,2,2,2,MARKET_PRICE_CONFLICT,,2.73,19.22,0,19.22,single_observation,HNS12 Columbia Nail Spotter Handle Clamp #12533,,0,,,,16.49,0,16.49,single_observation,Columbia Handle Clamp for Hinged Nail Spotter (COLM-HNS12)
columbia::ct22,Columbia Tools,CT22,2,2,2,2,MARKET_PRICE_CONFLICT,,2.71,23.40,0,23.40,single_observation,CT22 Columbia Taper Brass Bracket #5596,,0,,,,20.69,0,20.69,single_observation,Columbia Brass Bracket (COLM-CT22)
tapetech::qb0008,TapeTech,QB0008,2,2,2,2,MARKET_PRICE_CONFLICT,,2.71,15.89,0,15.89,single_observation,TapeTech Wheel QB0008,13.18,0,13.18,single_observation,Wheel - QB0008,,0,,,
columbia::ct56,Columbia Tools,CT56,2,2,2,2,MARKET_PRICE_CONFLICT,,2.70,9.18,0,9.18,single_observation,CT56 Columbia Taper Carriage Guide Rod Stop #5832,,0,,,,6.48,0,6.48,single_observation,Columbia Carriage Guide Rod Stop (COLM-CT56)
columbia::sb212,Columbia Tools,SB2-12,2,2,2,2,MARKET_PRICE_CONFLICT,,2.69,30.09,0,30.09,single_observation,"Columbia Replacement 12"" Blade for Tomahawk",,0,,,,32.78,0,32.78,single_observation,Columbia 12 in. Replacement Blade for Tomahawk Smoothing Blade
columbia::ct26,Columbia Tools,CT26,2,2,2,2,MARKET_PRICE_CONFLICT,,2.66,18.82,0,18.82,single_observation,CT26 Columbia Taper Knife Guide Bracket Right #5599,,0,,,,16.16,0,16.16,single_observation,Columbia Knife Guide Bracket  - Right (COLM-CT26)
columbia::ct34,Columbia Tools,CT34,2,2,2,2,MARKET_PRICE_CONFLICT,,2.66,8.48,0,8.48,single_observation,CT34 Columbia Taper Cover Plate Attachment Block #5607,,0,,,,5.82,0,5.82,single_observation,Columbia Cover Plate Attachment Block (COLM-CT34)
tapetech::209041,TapeTech,209041,3,3,3,3,MARKET_PRICE_CONFLICT,,2.65,4.29,0,4.29,single_observation,TapeTech Spring Clip 209041,1.75,0,1.75,single_observation,209041 - Spring Clip,4.40,0,4.40,single_observation,TapeTech Spring Clip (TAPE-209041)
tapetech::506009,TapeTech,506009,2,2,2,2,MARKET_PRICE_CONFLICT,,2.65,156.69,0,156.69,single_observation,TapeTech Cone Assembly 506009,,0,,,,159.34,0,159.34,single_observation,TapeTech CONE SS (TAPE-506009)
tapetech::151011,TapeTech,151011,2,2,2,2,MARKET_PRICE_CONFLICT,,2.63,11.79,0,11.79,single_observation,TapeTech Inner Roller 151011,,0,,,,14.42,0,14.42,single_observation,TapeTech INNER ROLLER (TAPE-151011)
tapetech::219006,TapeTech,219006,2,2,2,2,MARKET_PRICE_CONFLICT,,2.62,,0,,,,8.00,0,8.00,single_observation,219006 -  Right Skid Power Assist Boxes,10.62,0,10.62,single_observation,"TapeTech SKID, RIGHT (TAPE-219006)"
columbia::ct88,Columbia Tools,CT88,2,2,2,2,MARKET_PRICE_CONFLICT,,2.58,18.10,0,18.10,single_observation,CT88 Columbia Taper Clutch Release Rod #5862,,0,,,,15.52,0,15.52,single_observation,Columbia Clutch Release Rod (COLM-CT88)
columbia::ct89,Columbia Tools,CT89,2,2,2,2,MARKET_PRICE_CONFLICT,,2.58,18.10,0,18.10,single_observation,CT89 Columbia Taper Release Rod Sleeve #5863,,0,,,,15.52,0,15.52,single_observation,Columbia Clutch Release Rod Sleeve (COLM-CT89)
columbia::ct118,Columbia Tools,CT118,3,3,3,3,MARKET_PRICE_CONFLICT,,2.57,8.23,0,8.23,single_observation,CT118 Columbia Taper Retaining Spring Clip #5977,5.66,0,5.66,single_observation,Columbia Taper Retaining Spring Clip - CT118,5.82,0,5.82,single_observation,Columbia Tape Spool Retaining Spring Insert (COLM-CT118)
columbia::ct14a,Columbia Tools,CT14A,3,3,3,3,MARKET_PRICE_CONFLICT,,2.57,8.73,0,8.73,single_observation,CT14A Columbia Taper Adjustable Brake #5589,7.18,0,7.18,single_observation,CT14A - Taper Adjustable Brake,6.16,0,6.16,single_observation,Columbia Adjustable Brake (COLM-CT14A)
columbia::ct41a,Columbia Tools,CT41A,3,3,3,3,MARKET_PRICE_CONFLICT,,2.57,8.73,0,8.73,single_observation,CT41A Columbia Taper Cutter Block Clamp #5615,6.32,0,6.32,single_observation,Taper Cutter Block Clamp - CT41A,6.16,0,6.16,single_observation,Columbia Knife Retainer Cap (COLM-CT41A)
tapetech::210096,TapeTech,210096,2,2,2,2,MARKET_PRICE_CONFLICT,,2.57,45.69,0,45.69,single_observation,"TapeTech Seal for 7"" PowerAssist /EasyClean® Flat Boxes 210096",,0,,,,43.12,0,43.12,single_observation,"TapeTech SEAL, 7"" (TAPE-210096)"
columbia::ct111,Columbia Tools,CT111,3,3,3,2,MARKET_PRICE_CONFLICT,,2.56,18.08,0,18.08,single_observation,CT111 Columbia Taper Piston Cup #5969,18.08,0,18.08,single_observation,Taper Piston Cup - CT111,15.52,0,15.52,single_observation,Columbia Plunger Cup (COLM-CT111)
columbia::ct68,Columbia Tools,CT68,2,2,2,2,MARKET_PRICE_CONFLICT,,2.56,18.08,0,18.08,single_observation,CT68 Columbia Taper Hub #5842,,0,,,,15.52,0,15.52,single_observation,Columbia Hub (COLM-CT68)
columbia::mp9,Columbia Tools,MP9,2,2,2,2,MARKET_PRICE_CONFLICT,,2.56,18.08,0,18.08,single_observation,MP9 Columbia Mud Pump Standard Fitting #6169,,0,,,,15.52,0,15.52,single_observation,Columbia Box Filler Nozzle (COLM-MP9)
tapetech::140013,TapeTech,140013,3,3,3,3,MARKET_PRICE_CONFLICT,,2.56,12.89,0,12.89,single_observation,TapeTech MudRunner Control Bushing 140013,15.45,0,15.45,single_observation,140013 - Mudrunner Control Bushing,13.07,0,13.07,single_observation,TapeTech CONTROL BUSHING (TAPE-140013)
columbia::ah9,Columbia Tools,AH9,2,2,2,2,MARKET_PRICE_CONFLICT,,2.54,12.25,0,12.25,single_observation,AH9 Columbia Angle Head Retainer Clip (Long) #5814,,0,,,,9.71,0,9.71,single_observation,"Columbia 2, 2.5, & 3 in. Bottom Retainer Clip (COLM-AH9)"
columbia::ct116,Columbia Tools,CT116,2,2,2,2,MARKET_PRICE_CONFLICT,,2.53,21.94,0,21.94,single_observation,CT116 Columbia Taper Strap #5974,,0,,,,19.41,0,19.41,single_observation,Columbia Standard Strap (COLM-CT116)
tapetech::702031f,TapeTech,702031F,3,3,3,3,MARKET_PRICE_CONFLICT,,2.53,26.29,0,26.29,single_observation,TapeTech Aluminum Ball 702031F,24.17,0,24.17,single_observation,Aluminum Ball - 702031,26.70,0,26.70,single_observation,TapeTech HANDLE BALL (TAPE-702031F)
columbia::hns12a,Columbia Tools,HNS12A,2,2,2,2,MARKET_PRICE_CONFLICT,,2.51,8.01,0,8.01,single_observation,HNS12A Columbia Nail Spotter Handle Roll Pin #12534,,0,,,,5.50,0,5.50,single_observation,Columbia Handle Roll Pin for Hinged Nail Spotter (COLM-HNS12A)
tapetech::426001,TapeTech,426001,2,2,2,2,MARKET_PRICE_CONFLICT,,2.51,109.99,0,109.99,single_observation,"TapeTech 2.5"" Head, Universal 426001",112.50,0,112.50,single_observation,426001 - 2.5in Head Casting,,0,,,
columbia::ah15,Columbia Tools,AH15,2,2,2,2,MARKET_PRICE_CONFLICT,,2.50,27.94,0,27.94,single_observation,AH15 Columbia Angle Head Handle Ball #5816,,0,,,,25.44,0,25.44,single_observation,Columbia Handle Connecting Link Ball (COLM-AH15)
tapetech::609018,TapeTech,609018,3,3,3,3,MARKET_PRICE_CONFLICT,,2.50,5.93,0,5.93,single_observation,TapeTech 3/16 Plastic Washer 609018,3.95,0,3.95,single_observation,609018 - 3/16 Plastic Washer,6.45,0,6.45,single_observation,TapeTech WASHER (TAPE-609018)
usg-sheetrock::340010,USG Sheetrock Tools,340010,2,2,2,2,MARKET_PRICE_CONFLICT,,2.49,23.99,0,23.99,single_observation,"USG Sheetrock 6"" Matrix Carbon Steel Putty Knife",21.50,0,21.50,single_observation,"Sheetrock 6"" Matrix Carbon Steel Finishing Knife",,0,,,
usg-sheetrock::340013,USG Sheetrock Tools,340013,2,2,2,2,MARKET_PRICE_CONFLICT,,2.49,22.99,0,22.99,single_observation,"Sheetrock 8"" Matrix Blue Steel Drywall Taping Knife",20.50,0,20.50,single_observation,"Sheetrock 8"" Matrix Blue Steel Finishing Knife",,0,,,
usg-sheetrock::340014,USG Sheetrock Tools,340014,2,2,2,2,MARKET_PRICE_CONFLICT,,2.49,24.99,0,24.99,single_observation,"Sheetrock 10"" Matrix Blue Steel Drywall Taping Knife",22.50,0,22.50,single_observation,"USG Sheetrock 10"" Matrix Blue Steel Finishing Knife",,0,,,
usg-sheetrock::340027,USG Sheetrock Tools,340027,2,2,2,2,MARKET_PRICE_CONFLICT,,2.49,19.99,0,19.99,single_observation,"USG Sheetrock Pro-Series 12"" Blue Steel Taping Knife",17.50,0,17.50,single_observation,"Sheetrock 12"" Pro-Series High Carbon Steel Joint Knife",,0,,,
usg-sheetrock::340506,USG Sheetrock Tools,340506,2,2,2,2,MARKET_PRICE_CONFLICT,,2.49,25.99,0,25.99,single_observation,"USG Sheetrock 6"" Matrix Stainless Steel Putty Knife",23.50,0,23.50,single_observation,"Sheetrock 6"" Matrix Stainless Steel Finishing Knife",,0,,,
usg-sheetrock::340510,USG Sheetrock Tools,340510,2,2,2,2,MARKET_PRICE_CONFLICT,,2.49,30.99,0,30.99,single_observation,"Sheetrock 14"" Matrix Stainless Drywall Taping Knife",28.50,0,28.50,single_observation,"Sheetrock 14"" Matrix Stainless Drywall Taping Knife",,0,,,
tapetech::qb6001,TapeTech,QB6001,2,2,2,2,MARKET_PRICE_CONFLICT,,2.48,107.59,0,107.59,single_observation,TapeTech Shell QB6001,110.07,0,110.07,single_observation,Shell - QB6001,,0,,,
columbia::cf1b,Columbia Tools,CF1B,2,2,2,2,MARKET_PRICE_CONFLICT,,2.46,17.44,0,17.44,single_observation,COLCF1B Columbia Direct Plate - Flusher,14.98,0,14.98,single_observation,Columbia Direct Plate - Flusher - CF1B,,0,,,
tapetech::300001,TapeTech,300001,3,3,3,3,MARKET_PRICE_CONFLICT,,2.45,7.99,0,7.99,single_observation,"TapeTech 12"" Flat Box Blade 300001",5.54,0,5.54,single_observation,"12"" Flat Box Blade - 300001",7.75,0,7.75,single_observation,TapeTech 12 in. Flat Box Blade
usg-sheetrock::340318,USG Sheetrock Tools,340318,2,2,2,2,MARKET_PRICE_CONFLICT,,2.45,8.49,0,8.49,single_observation,Sheetrock Bead Hopper Gate - Outside 90,6.04,0,6.04,single_observation,Sheetrock Bead Hopper Gate - Outside 90,,0,,,
tapetech::050240,TapeTech,050240,2,2,2,2,MARKET_PRICE_CONFLICT,,2.42,9.86,0,9.86,single_observation,TapeTech Post Socket 050240,7.44,0,7.44,single_observation,Post (Socket) - 050240,,0,,,
columbia::ct31,Columbia Tools,CT31,2,2,2,2,MARKET_PRICE_CONFLICT,,2.41,8.23,0,8.23,single_observation,CT31 Columbia Taper Chain Tension & Guide Bracke #5604,,0,,,,5.82,0,5.82,single_observation,Columbia Chain Tension & Guide Bracke (COLM-CT31)
columbia::ct50,Columbia Tools,CT50,2,2,2,2,MARKET_PRICE_CONFLICT,,2.41,8.23,0,8.23,single_observation,CT50 Columbia Taper Crimping Wheel Bushing #5624,,0,,,,5.82,0,5.82,single_observation,Columbia Crimping Wheel Bushing (COLM-CT50)
tapetech::054114f,TapeTech,054114F,3,3,3,3,MARKET_PRICE_CONFLICT,,2.41,95.09,0,95.09,single_observation,TapeTech Sprocket Driver Assembly 054114F,97.50,0,97.50,single_observation,Sprocket Driver Assembly - 054114F,96.70,0,96.70,single_observation,TapeTech SPROCKET DRIVER ASSEMBLY (TAPE-054114F)
tapetech::889055,TapeTech,889055,3,3,3,3,MARKET_PRICE_CONFLICT,,2.41,1.49,0,1.49,single_observation,TapeTech Nylon Spacer 889055,3.90,0,3.90,single_observation,Nylon Spacer - 889055,1.50,0,1.50,single_observation,TapeTech NYLON SPACER (TAPE-889055)
columbia::ct129b,Columbia Tools,CT129B,2,2,2,2,MARKET_PRICE_CONFLICT,,2.37,7.53,0,7.53,single_observation,CT129B Columbia Taper Sleeve (Plastic Roller) #5992,,0,,,,5.16,0,5.16,single_observation,Columbia Shaft Guide Roller  (COLM-CT129B)
columbia::ct64,Columbia Tools,CT64,2,2,2,2,MARKET_PRICE_CONFLICT,,2.37,7.53,0,7.53,single_observation,CT64 Columbia Taper Needle Return Shaft #5838,,0,,,,5.16,0,5.16,single_observation,Columbia Needle Return Shaft (COLM-CT64)
columbia::ct98,Columbia Tools,CT98,2,2,2,2,MARKET_PRICE_CONFLICT,,2.37,7.53,0,7.53,single_observation,CT98 Columbia Taper Mud Supply Seal Plate #5960,,0,,,,5.16,0,5.16,single_observation,Columbia Mud Supply Seal Plate & Shaft (COLM-CT98)
columbia::ct17,Columbia Tools,CT17,2,2,2,2,MARKET_PRICE_CONFLICT,,2.36,20.44,0,20.44,single_observation,CT17 Columbia Taper Separation Plate #5593,,0,,,,18.08,0,18.08,single_observation,Columbia Separation Plate (COLM-CT17)
columbia::hh30,Columbia Tools,HH30,2,2,2,2,MARKET_PRICE_CONFLICT,,2.36,20.44,0,20.44,single_observation,COLHH30 Columbia Hydra Handle Extension Release Clip,,0,,,,18.08,0,18.08,single_observation,Columbia Extension Release Clip for Hydra Reach Flat Box Handle (COLM-HH30)
columbia::ffb2510,Columbia Tools,FFB25-10,3,3,3,3,MARKET_PRICE_CONFLICT,,2.35,7.50,0,7.50,single_observation,FFB25-10 Columbia Flat Box Rubber Gasket Retainer 10in #6105,6.00,0,6.00,single_observation,Flat Box Rubber Gasket Retainer 10in - FFB25-10,5.15,0,5.15,single_observation,Columbia 10 in. Flat Box Rubber Gasket Retainer (COLM-FFB25-10)
columbia::ffb2512,Columbia Tools,FFB25-12,2,2,2,2,MARKET_PRICE_CONFLICT,,2.35,7.50,0,7.50,single_observation,FFB25-12 Columbia Flat Box Rubber Gasket Retainer 12in #11202,,0,,,,5.15,0,5.15,single_observation,Columbia 12 in. Flat Box Rubber Gasket Retainer (COLM-FFB25-12)
columbia::ffb257,Columbia Tools,FFB25-7,2,2,2,2,MARKET_PRICE_CONFLICT,,2.35,7.50,0,7.50,single_observation,FFB25-7 Columbia Flat Box Rubber Gasket Retainer 7in #10905,,0,,,,5.15,0,5.15,single_observation,Columbia 7 in. Flat Box Rubber Gasket Retainer (COLM-FFB25-7)
columbia::ffb258,Columbia Tools,FFB25-8,2,2,2,2,MARKET_PRICE_CONFLICT,,2.35,7.50,0,7.50,single_observation,FFB25-8 Columbia Flat Box Rubber Gasket Retainer 8in #10858,,0,,,,5.15,0,5.15,single_observation,Columbia 8 in. Flat Box Rubber Gasket Retainer (COLM-FFB25-8)
columbia::mp23,Columbia Tools,MP23,3,3,3,3,MARKET_PRICE_CONFLICT,,2.33,5.65,0,5.65,single_observation,MP23 Columbia Mud Pump Mud Pump Seal #6176,3.32,0,3.32,single_observation,Columbia Mud Pump Mud Pump Seal - MP23,3.87,0,3.87,single_observation,Columbia Mud Pump Seal (a.k.a U-cup) (COLM-MP23)
columbia::fsb24,Columbia Tools,FSB24,2,2,2,2,MARKET_PRICE_CONFLICT,,2.32,70.82,0,70.82,single_observation,"Columbia 24"" Fat Boy Smoothing Blade",68.50,0,68.50,single_observation,"Columbia 24"" Fat Boy Smoothing Blade",,0,,,
tapetech::700002f,TapeTech,700002F,2,2,2,2,MARKET_PRICE_CONFLICT,,2.30,138.89,0,138.89,single_observation,TapeTech Piston Rod 700002F,,0,,,,141.19,0,141.19,single_observation,TapeTech PISTON ROD (USED WITH 700015F) (TAPE-700002F)
tapetech::680010,TapeTech,680010,3,3,3,3,MARKET_PRICE_CONFLICT,,2.27,28.99,0,28.99,single_observation,"TapeTech 3"" Nail Spotter Hinge Block 680010",29.65,0,29.65,single_observation,Hinge Block - 680010,27.38,0,27.38,single_observation,"TapeTech 3"" HINGE BLOCK (TAPE-680010)"
tapetech::409021,TapeTech,409021,2,2,2,2,MARKET_PRICE_CONFLICT,,2.26,7.29,0,7.29,single_observation,"TapeTech 2"" Retainer Spring 409021",,0,,,,9.55,0,9.55,single_observation,"TapeTech Retainer Spring - 2"" Corner Finisher Head"
columbia::ct10a,Columbia Tools,CT10A,2,2,2,2,MARKET_PRICE_CONFLICT,,2.23,7.08,0,7.08,single_observation,CT10A Columbia Taper Crimping Arm Bushing Left #5584,,0,,,,4.85,0,4.85,single_observation,Columbia Crimping Arm Bushing - Left (COLM-CT10A)
tapetech::050702,TapeTech,050702,2,2,2,2,MARKET_PRICE_CONFLICT,,2.23,99.69,0,99.69,single_observation,TapeTech Right Side Plate 50702,101.92,0,101.92,single_observation,Right Side Plate - 050702,,0,,,
columbia::ffb16,Columbia Tools,FFB16,2,2,2,2,MARKET_PRICE_CONFLICT,,2.15,7.35,0,7.35,single_observation,FFB16 Columbia Flat Box Door Spring Nut #6100,,0,,,,5.20,0,5.20,single_observation,Columbia Door Spring Nut (a.k.a. Spring Anchor) (COLM-FFB16)
columbia::cfb10,Columbia Tools,CFB10,2,2,2,2,MARKET_PRICE_CONFLICT,,2.14,7.30,0,7.30,single_observation,CFB10 Columbia Angle Box 5/16-18 X 3/4in Thumb Screw #5550,,0,,,,5.16,0,5.16,single_observation,"Columbia 5/16""-18"" x 3/4"" Thumb Screw (COLM-CFB10)"
columbia::hh33,Columbia Tools,HH33,2,2,2,2,MARKET_PRICE_CONFLICT,,2.14,7.30,0,7.30,single_observation,COLHH33 Columbia Hydra Handle Release Clip Spring,,0,,,,5.16,0,5.16,single_observation,Columbia Spring for Hydra Reach Flat Box Handle (COLM-HH33)
columbia::mp36,Columbia Tools,MP36,3,3,3,3,MARKET_PRICE_CONFLICT,,2.14,7.30,0,7.30,single_observation,MP36 Columbia Mud Pump Nylatron Bushing #5879,6.02,0,6.02,single_observation,Columbia Mud Pump Nylatron Bushing - MP36,5.16,0,5.16,single_observation,Columbia Nylatron Bushing (COLM-MP36)
columbia::sb210,Columbia Tools,SB2-10,2,2,2,2,MARKET_PRICE_CONFLICT,,2.14,23.35,0,23.35,single_observation,"Columbia Replacement 10"" Blade for Tomahawk",,0,,,,25.49,0,25.49,single_observation,Columbia 10 in. Replacement Blade for Tomahawk Smoothing Blade
columbia::cfb16,Columbia Tools,CFB16,2,2,2,2,MARKET_PRICE_CONFLICT,,2.13,7.28,0,7.28,single_observation,CFB16 Columbia Angle Box Bearing Sleeve - Ss #5554,,0,,,,5.15,0,5.15,single_observation,Columbia Bearing Sleeve (COLM-CFB16)
columbia::ct27,Columbia Tools,CT27,2,2,2,2,MARKET_PRICE_CONFLICT,,2.13,15.06,0,15.06,single_observation,CT27 Columbia Taper Knife Guide Bracket Left #5600,,0,,,,12.93,0,12.93,single_observation,Columbia Knife Guide Bracket  - Left (COLM-CT27)
columbia::ct47,Columbia Tools,CT47,2,2,2,2,MARKET_PRICE_CONFLICT,,2.13,15.06,0,15.06,single_observation,CT47 Columbia Taper Crimping Wheel #5621,,0,,,,12.93,0,12.93,single_observation,Columbia Crimping Wheel (COLM-CT47)
columbia::ct55,Columbia Tools,CT55,2,2,2,2,MARKET_PRICE_CONFLICT,,2.13,15.06,0,15.06,single_observation,CT55 Columbia Taper Carriage Guide Rod #5831,,0,,,,12.93,0,12.93,single_observation,Columbia Carriage Guide Rod (COLM-CT55)
columbia::ct84a,Columbia Tools,CT84A,2,2,2,2,MARKET_PRICE_CONFLICT,,2.13,15.06,0,15.06,single_observation,CT84A Columbia Taper Cable Guide Pulley #5856,,0,,,,12.93,0,12.93,single_observation,Columbia Cable Guide Pulley (COLM-CT84A)
columbia::cc5,Columbia Tools,CC5,2,2,2,2,MARKET_PRICE_CONFLICT,,2.11,6.70,0,6.70,single_observation,Columbia Roller for Corner Cobra,4.59,0,4.59,single_observation,Columbia Roller for Corner Cobra - CC5,,0,,,
tapetech::251025g,TapeTech,251025G,2,2,2,2,MARKET_PRICE_CONFLICT,,2.09,90.19,0,90.19,single_observation,TapeTech Right Side Plate 251025G,92.28,0,92.28,single_observation,251025G - Right Side Plate,,0,,,
columbia::ct94,Columbia Tools,CT94,2,2,2,2,MARKET_PRICE_CONFLICT,,2.07,6.60,0,6.60,single_observation,CT94 Columbia Taper Mud Shut Off Upper Plate #5869,,0,,,,4.53,0,4.53,single_observation,Columbia Mud Gate Upper Plate (COLM-CT94)
tapetech::050405b,TapeTech,050405B,2,2,2,2,MARKET_PRICE_CONFLICT,,2.06,16.29,0,16.29,single_observation,"TapeTech Keeper Axle, Black 050405B",18.35,0,18.35,single_observation,Keeper Axle - 050405B,,0,,,
columbia::ct13,Columbia Tools,CT13,2,2,2,2,MARKET_PRICE_CONFLICT,,2.05,14.46,0,14.46,single_observation,Columbia Taper Dog Base Bracket,,0,,,,12.41,0,12.41,single_observation,Columbia Dog Base Bracket (COLM-CT13)
columbia::hh17b,Columbia Tools,HH17B,2,2,2,2,MARKET_PRICE_CONFLICT,,2.04,6.80,0,6.80,single_observation,13715,,0,,,,4.76,0,4.76,single_observation,Columbia Brass Connector #2 for Hydra Reach Flat Box Handle (COLM-HH17B)
usg-sheetrock::340002,USG Sheetrock Tools,340002,2,2,2,2,MARKET_PRICE_CONFLICT,,2.04,20.99,0,20.99,single_observation,"USG Sheetrock 4"" Matrix Carbon Steel Putty Knife",18.95,0,18.95,single_observation,"Sheetrock 4"" Matrix Carbon Steel Round Blade Finishing Knife",,0,,,
columbia::3df,Columbia Tools,3DF,2,2,2,2,MARKET_PRICE_CONFLICT,,2.03,130.99,0,130.99,single_observation,"Columbia 3"" Direct Corner Flusher",133.02,0,133.02,single_observation,"Columbia Taping Tools 3"" Direct Drywall Corner Flusher",,0,,,
tapetech::pfb24,TapeTech,PFB24,2,2,2,2,MARKET_PRICE_CONFLICT,,2.01,55.99,0,55.99,single_observation,"TapeTech 24"" Replacement Blade PFB24 2pk",58.00,0,58.00,single_observation,"TapeTech 24"" Replacement Blades for PFK24TT Skimming Knife",,0,,,
columbia::ct10,Columbia Tools,CT10,2,2,2,2,MARKET_PRICE_CONFLICT,,2.00,6.85,0,6.85,single_observation,CT10 Columbia Taper Crimping Arm Bushing Right #5583,,0,,,,4.85,0,4.85,single_observation,Columbia Crimping Arm Bushing - Right (COLM-CT10)
columbia::ct28,Columbia Tools,CT28,3,3,3,3,MARKET_PRICE_CONFLICT,,2.00,5.65,0,5.65,single_observation,CT28 Columbia Taper Roller Bushing #5601,3.65,0,3.65,single_observation,CT28 - Taper Roller Bushing,3.87,0,3.87,single_observation,Columbia Roller Bushing (COLM-CT28)
usg-sheetrock::340606,USG Sheetrock Tools,340606,2,2,2,2,MARKET_PRICE_CONFLICT,,2.00,29.99,0,29.99,single_observation,"Sheetrock 14"" Classic Stainless Drywall Taping Knife",27.99,0,27.99,single_observation,"Sheetrock 14"" Classic Stainless Drywall Taping Knife",,0,,,
tapetech::051243,TapeTech,051243,2,2,2,2,MARKET_PRICE_CONFLICT,,1.99,21.39,0,21.39,single_observation,TapeTech Stub Shaft 51243,19.40,0,19.40,single_observation,Stub Shaft - 051243,,0,,,
tapetech::700008,TapeTech,700008,2,2,2,2,MARKET_PRICE_CONFLICT,,1.99,,0,,,,20.76,0,20.76,single_observation,Large Retainer - 700008,18.77,0,18.77,single_observation,"TapeTech RETAINER, LARGE (TAPE-700008)"
tapetech::202022,TapeTech,202022,3,3,3,3,MARKET_PRICE_CONFLICT,,1.96,1.17,0,1.17,single_observation,TapeTech Repair Clip 202022,3.13,0,3.13,single_observation,Repair Clip - 202022,1.59,0,1.59,single_observation,TapeTech Repair Clip (TAPE-202022)
tapetech::jk01sstt,TapeTech,JK01SSTT,2,2,2,2,MARKET_PRICE_CONFLICT,,1.96,7.99,0,7.99,single_observation,"TapeTech 1"" Premium Stainless Steel Joint Knife",9.95,0,9.95,single_observation,"TapeTech 1"" Premium Stainless Steel Joint Knife",,0,,,
columbia::ct20,Columbia Tools,CT20,3,3,3,3,MARKET_PRICE_CONFLICT,,1.95,11.72,0,11.72,single_observation,CT20 Columbia Taper Hinge Block #5595,9.77,0,9.77,single_observation,CT20 - Taper Hinge Block,10.36,0,10.36,single_observation,Columbia Hinge Block (COLM-CT20)
tapetech::059098,TapeTech,059098,3,3,3,3,MARKET_PRICE_CONFLICT,,1.93,5.79,0,5.79,single_observation,TapeTech Side Plate Shim 059098,7.72,0,7.72,single_observation,Side Plate Shim -  059098,5.89,0,5.89,single_observation,"TapeTech Shim, Side Plate (TAPE-059098)"
columbia::ct3,Columbia Tools,CT3,2,2,2,2,MARKET_PRICE_CONFLICT,,1.92,13.56,0,13.56,single_observation,CT3 Columbia Taper Right Insert Bushing #5572,,0,,,,11.64,0,11.64,single_observation,Columbia Right Insert Bushing (Includes CT5)  (COLM-CT3)
columbia::ct3a,Columbia Tools,CT3A,3,3,3,2,MARKET_PRICE_CONFLICT,,1.92,13.56,0,13.56,single_observation,CT3A Columbia Taper Left Insert Bushing #5573,13.56,0,13.56,single_observation,Columbia Taper Left Insert Bushing - CT3A,11.64,0,11.64,single_observation,Columbia Left Insert Bushing (Includes CT4) (COLM-CT3A)
columbia::mp13a,Columbia Tools,MP13A,2,2,2,2,MARKET_PRICE_CONFLICT,,1.92,13.56,0,13.56,single_observation,MP13A Columbia Mud Pump Piston Backing Washer (Small) #6174,,0,,,,11.64,0,11.64,single_observation,Columbia Piston Cup Backing Washer (a.k.a. Small Retainer) (includes MP32) (COLM-MP13A)
columbia::mp14,Columbia Tools,MP14,2,2,2,2,MARKET_PRICE_CONFLICT,,1.92,13.56,0,13.56,single_observation,MP14 Columbia Mud Pump Piston Cup #6175,,0,,,,11.64,0,11.64,single_observation,Columbia Piston Cup (COLM-MP14)
tapetech::052055,TapeTech,052055,2,2,2,2,MARKET_PRICE_CONFLICT,,1.91,86.09,0,86.09,single_observation,TapeTech Taper Head Enclosure 052055,88.00,0,88.00,single_observation,Taper Head Enclosure for 07TT - 052055,,0,,,
columbia::ffba12,Columbia Tools,FFBA12,2,2,2,2,MARKET_PRICE_CONFLICT,,1.90,26.40,0,26.40,single_observation,FFBA12-SML Columbia Flat Box Dial Assembly #6119,,0,,,,24.50,0,24.50,single_observation,"Columbia Flat Box Adjuster Dial Assembly (COLM-FFBA-12, FFBA-12-7, FFBA-12-8, FFBA-12-10, FFBA-12-12)"
tapetech::700005,TapeTech,700005,3,3,3,3,MARKET_PRICE_CONFLICT,,1.90,3.19,0,3.19,single_observation,TapeTech U-Cup 700005,3.71,0,3.71,single_observation,U-Cup - 700005,5.09,0,5.09,single_observation,TapeTech Mud Pump Piston U-Cup
columbia::hns10a,Columbia Tools,HNS10A,2,2,2,2,MARKET_PRICE_CONFLICT,,1.89,6.05,0,6.05,single_observation,HNS10A Columbia Nail Spotter Door Spring Short- Right #12532,,0,,,,4.16,0,4.16,single_observation,Columbia Door Spring Short for Hinged Nail Spotter (COLM-HNS10A)
tapetech::203010,TapeTech,203010,3,3,3,3,MARKET_PRICE_CONFLICT,,1.89,9.49,0,9.49,single_observation,"TapeTech 7"" & 10"" Crown Spring 203010",11.38,0,11.38,single_observation,203010 - Flat Box Crown Spring,9.70,0,9.70,single_observation,"TapeTech 7"" X 10"" Crown Spring (TAPE-203010)"
tapetech::050090f,TapeTech,050090F,2,2,2,2,MARKET_PRICE_CONFLICT,,1.88,,0,,,,28.58,0,28.58,single_observation,Tape Guide Spacer Bar - 050090,26.70,0,26.70,single_observation,TapeTech Spacer Bar (TAPE-050090F)
columbia::ct109,Columbia Tools,CT109,2,2,2,2,MARKET_PRICE_CONFLICT,,1.87,6.40,0,6.40,single_observation,CT114 Columbia Taper Cable Retaining Nut #5972,,0,,,,4.53,0,4.53,single_observation,Columbia 1/4 - 20 Hex Nut (COLM-CT109)
columbia::ct129a,Columbia Tools,CT129A,2,2,2,2,MARKET_PRICE_CONFLICT,,1.87,6.40,0,6.40,single_observation,CT129A Columbia Taper Strap Bracket #5991,,0,,,,4.53,0,4.53,single_observation,Columbia Shaft Guide Bracket/Control Extension Support (COLM-CT129A)
columbia::hns10,Columbia Tools,HNS10,2,2,2,2,MARKET_PRICE_CONFLICT,,1.87,6.38,0,6.38,single_observation,HNS10 Columbia Nail Spotter Door Spring Long- Left #12531,,0,,,,4.51,0,4.51,single_observation,Columbia Nail Spotter Door Spring (COLM-HNS10)
tapetech::059024,TapeTech,059024,2,2,2,2,MARKET_PRICE_CONFLICT,,1.87,5.39,0,5.39,single_observation,TapeTech Chain Keeper Washer 059024,,0,,,,3.52,0,3.52,single_observation,TapeTech Chain Keeper (TAPE-059024)
columbia::hh27,Columbia Tools,HH27,2,2,2,2,MARKET_PRICE_CONFLICT,,1.84,15.80,0,15.80,single_observation,COLHH27 Piston Driver Adapter for Hydra Handle,,0,,,,13.96,0,13.96,single_observation,Columbia Pressure Adjuster for Hydra Reach Flat Box Handle (COLM-HH27)
columbia::hp46,Columbia Tools,HP46,3,3,3,3,MARKET_PRICE_CONFLICT,,1.84,5.48,0,5.48,single_observation,HP46 Columbia Mud Pump Latch Keeper #6155,3.64,0,3.64,single_observation,Mud Pump Latch Keeper - HP46,3.87,0,3.87,single_observation,Columbia Latch Keeper (COLM-HP46)
tapetech::219091,TapeTech,219091,3,3,3,3,MARKET_PRICE_CONFLICT,,1.82,8.19,0,8.19,single_observation,TapeTech Spring 219091,10.01,0,10.01,single_observation,Spring for Power Assist Boxes - 219091,8.30,0,8.30,single_observation,TapeTech SPRING (TAPE-219091)
tapetech::630002,TapeTech,630002,3,3,3,3,MARKET_PRICE_CONFLICT,,1.82,41.99,0,41.99,single_observation,"TapeTech 2"" Nail Spotter Latch 630002",42.98,0,42.98,single_observation,Latch - 630002,41.16,0,41.16,single_observation,"TapeTech 2"" LATCH (TAPE-630002)"
tapetech::200052f,TapeTech,200052F,3,3,3,3,MARKET_PRICE_CONFLICT,,1.80,6.39,0,6.39,single_observation,TapeTech Shoulder Screw 200052F,5.25,0,5.25,single_observation,200052 - Shoulder Screw,7.05,0,7.05,single_observation,TapeTech Shoulder Screw (TAPE-200052F)
columbia::cfb25,Columbia Tools,CFB25,2,2,2,2,MARKET_PRICE_CONFLICT,,1.79,6.95,0,6.95,single_observation,CFB25 Columbia Angle Box Mud Supply Seal Plate #5560,,0,,,,5.16,0,5.16,single_observation,Columbia Mud Supply Valve Seal Plate & Shaft (COLM-CFB25)
columbia::ct112,Columbia Tools,CT112,2,2,2,2,MARKET_PRICE_CONFLICT,,1.79,12.64,0,12.64,single_observation,CT112 Columbia Taper Connecting Stud #5970,,0,,,,10.85,0,10.85,single_observation,Columbia Slotted Piston Connecting Stud (COLM-CT112)
columbia::ffb4a,Columbia Tools,FFB4A,2,2,2,2,MARKET_PRICE_CONFLICT,,1.79,6.10,0,6.10,single_observation,FFB4A Columbia Flat Box Stainless Steel Washer #6112,,0,,,,4.31,0,4.31,single_observation,Columbia Stainless Steel Washer (COLM-FFB4A)
columbia::cfb1a,Columbia Tools,CFB1A,2,2,2,2,MARKET_PRICE_CONFLICT,,1.78,5.65,0,5.65,single_observation,CFB1A Columbia Angle Box Hinge Seal #5556,,0,,,,3.87,0,3.87,single_observation,Columbia Hinge Seal for Corner Box (COLM-CFB1A)
columbia::ct2,Columbia Tools,CT2,2,2,2,2,MARKET_PRICE_CONFLICT,,1.78,5.65,0,5.65,single_observation,CT2 Columbia Taper Insert Bushing #5571,,0,,,,3.87,0,3.87,single_observation,Columbia Nylatron Insert Bushing (COLM-CT2)
columbia::ct91,Columbia Tools,CT91,2,2,2,2,MARKET_PRICE_CONFLICT,,1.78,5.65,0,5.65,single_observation,CT91 Columbia Taper Release Clip Bushing #5865,,0,,,,3.87,0,3.87,single_observation,Columbia Clutch Release Cam Bushing (COLM-CT91)
usg-sheetrock::340115,USG Sheetrock Tools,340115,2,2,2,2,MARKET_PRICE_CONFLICT,,1.76,23.99,0,23.99,single_observation,"Sheetrock 12"" Classic Blue Steel Drywall Taping Knife",25.75,0,25.75,single_observation,"Sheetrock 12"" Classic Blue Steel Finishing Knife",,0,,,
columbia::ct92,Columbia Tools,CT92,2,2,2,2,MARKET_PRICE_CONFLICT,,1.72,12.08,0,12.08,single_observation,CT92 Columbia Taper Release Clip #5866,,0,,,,10.36,0,10.36,single_observation,Columbia Clutch Release Cam (COLM-CT92)
tapetech::052226,TapeTech,052226,2,2,2,2,MARKET_PRICE_CONFLICT,,1.72,8.79,0,8.79,single_observation,"TapeTech Control Arm Guide, Molded 052226",10.51,0,10.51,single_observation,Control Arm Guide - 052226,,0,,,
tapetech::814254,TapeTech,814254,2,2,2,2,MARKET_PRICE_CONFLICT,,1.71,76.29,0,76.29,single_observation,"TapeTech 54"" Connector Assy 814254",78.00,0,78.00,single_observation,"814254 - 54"" Connector Assy",,0,,,
columbia::cfb47,Columbia Tools,CFB4-7,2,2,2,2,MARKET_PRICE_CONFLICT,,1.69,14.62,0,14.62,single_observation,"CFB4-7 Pressure Door for 7CFB Angle Box - 6.125""",,0,,,,12.93,0,12.93,single_observation,Columbia 7 in. Corner Box Door (COLM-CFB4-7)
columbia::cfb48,Columbia Tools,CFB4-8,2,2,2,2,MARKET_PRICE_CONFLICT,,1.69,14.62,0,14.62,single_observation,"CFB4-8 Pressure Door for 8CFB Angle Box - 7.0625""",,0,,,,12.93,0,12.93,single_observation,Columbia 8 in. Corner Box Door (COLM-CFB4-8)
columbia::ct7a,Columbia Tools,CT7A,2,2,2,2,MARKET_PRICE_CONFLICT,,1.69,14.62,0,14.62,single_observation,CT7A Columbia Taper Side Plate Hub #5581,,0,,,,12.93,0,12.93,single_observation,Columbia Side Plate Hub (COLM-CT7A)
tapetech::502019,TapeTech,502019,3,3,3,3,MARKET_PRICE_CONFLICT,,1.69,6.42,0,6.42,single_observation,TapeTech Seal 502019,5.40,0,5.40,single_observation,502019 - Replacement Seal,7.09,0,7.09,single_observation,TapeTech SEAL (TAPE-502019)
tapetech::480021,TapeTech,480021,2,2,2,2,MARKET_PRICE_CONFLICT,,1.66,6.39,0,6.39,single_observation,TapeTech Blade Tension Spring 480021,,0,,,,8.05,0,8.05,single_observation,TapeTech Blade Tension Spring (TAPE-480021)
columbia::ct65,Columbia Tools,CT65,2,2,2,2,MARKET_PRICE_CONFLICT,,1.64,5.20,0,5.20,single_observation,CT65 Columbia Taper Needle Return Spring #5839,,0,,,,3.56,0,3.56,single_observation,Columbia Needle Return Spring (COLM-CT65)
columbia::ah125,Columbia Tools,AH1-2.5,2,2,2,2,MARKET_PRICE_CONFLICT,,1.63,175.48,0,175.48,single_observation,AH1-2.5 Columbia Angle Head Body Casting 2.5in,173.85,0,173.85,single_observation,"1 - 2.5"" Body (AH-1-2.5)",,0,,,
columbia::fa299,Columbia Tools,FA299,2,2,2,2,MARKET_PRICE_CONFLICT,,1.62,4.33,0,4.33,single_observation,"1/4-20 X 1-1/2"" Hex Bolt",,0,,,,2.71,0,2.71,single_observation,Columbia 1/4-20 x 1-1/2 Hex Bolt (COLM-FA299)
columbia::ah9a,Columbia Tools,AH9A,2,2,2,2,MARKET_PRICE_CONFLICT,,1.61,11.32,0,11.32,single_observation,AH9-3.5 Columbia Angle Head Retainer Clip (Long) Fat Heads #5815,,0,,,,9.71,0,9.71,single_observation,Columbia 3.5 in. Bottom Retainer Clip (COLM-AH9A)
columbia::cfb19,Columbia Tools,CFB19,2,2,2,2,MARKET_PRICE_CONFLICT,,1.61,5.48,0,5.48,single_observation,CFB19 Columbia Angle Box Nylatron Bushing #5555,,0,,,,3.87,0,3.87,single_observation,Columbia Nylatron Bushing (COLM-CFB19)
columbia::ct51,Columbia Tools,CT51,2,2,2,2,MARKET_PRICE_CONFLICT,,1.61,5.48,0,5.48,single_observation,CT51 Columbia Taper Spacer Bar #5828,,0,,,,3.87,0,3.87,single_observation,Columbia Spacer Bar (COLM-CT51)
columbia::mp25,Columbia Tools,MP25,2,2,2,2,MARKET_PRICE_CONFLICT,,1.61,11.32,0,11.32,single_observation,MP25 Columbia Mud Pump Filler Stud #5872,,0,,,,9.71,0,9.71,single_observation,Columbia Filler Stud (COLM-MP25)
tapetech::050713,TapeTech,050713,2,2,2,2,MARKET_PRICE_CONFLICT,,1.61,68.79,0,68.79,single_observation,TapeTech Inner Mud Tube 50713,70.40,0,70.40,single_observation,Inner Mud Tube - 050713,,0,,,
tapetech::052408,TapeTech,052408,2,2,2,2,MARKET_PRICE_CONFLICT,,1.61,63.39,0,63.39,single_observation,TapeTech Spool Post 052408,65.00,0,65.00,single_observation,Spool Post for 07TT - 052408,,0,,,
columbia::cr4,Columbia Tools,CR4,2,2,2,2,MARKET_PRICE_CONFLICT,,1.60,5.40,0,5.40,single_observation,CR4 Columbia Corner Roller Washer #5564,,0,,,,3.80,0,3.80,single_observation,Columbia Cut Washer (COLM-CR4)
columbia::fa221,Columbia Tools,FA221,2,2,2,2,MARKET_PRICE_CONFLICT,,1.60,2.15,0,2.15,single_observation,FA227 Columbia #6 Belleville Washer #6007,,0,,,,0.55,0,0.55,single_observation,Columbia #6 Bellevile Washer (COLM-FA221)
tapetech::050144f,TapeTech,050144F,3,3,3,3,MARKET_PRICE_CONFLICT,,1.58,13.09,0,13.09,single_observation,TapeTech Cutter Chain Tube Link 050144F,14.67,0,14.67,single_observation,Cutter Chain Tube Link - 050144,13.29,0,13.29,single_observation,TapeTech Cutter Chain Tube Link (TAPE-050144F)
columbia::ct39,Columbia Tools,CT39,2,2,2,2,MARKET_PRICE_CONFLICT,,1.56,11.04,0,11.04,single_observation,CT39 Columbia Taper Knife Return Spring #5612,,0,,,,9.48,0,9.48,single_observation,Columbia Knife Return Spring (COLM-CT39)
columbia::ffb955,Columbia Tools,FFB9-5.5,2,2,2,2,MARKET_PRICE_CONFLICT,,1.56,4.70,0,4.70,single_observation,FFB9-5.5 Columbia Flat Box Blade 5.5in #13783,3.14,0,3.14,single_observation,"Columbia Flat Box Blade 5.5"" - FFB9-5.5",,0,,,
tapetech::210073,TapeTech,210073,3,3,3,3,MARKET_PRICE_CONFLICT,,1.56,12.39,0,12.39,single_observation,TapeTech Shoulder Screw 210073,11.08,0,11.08,single_observation,210073 - Shoulder Screw,12.64,0,12.64,single_observation,TapeTech EZ Roll Shoulder Screw (TAPE-210073)
tapetech::050023f,TapeTech,050023F,3,3,3,3,MARKET_PRICE_CONFLICT,,1.53,7.39,0,7.39,single_observation,TapeTech Spacer Bar 050023F,6.04,0,6.04,single_observation,TapeTech Spacer Bar - 050023,7.57,0,7.57,single_observation,TapeTech SPACER (TAPE-050023F)
columbia::ffb4b,Columbia Tools,FFB4B,2,2,2,2,MARKET_PRICE_CONFLICT,,1.52,5.20,0,5.20,single_observation,FFB4B Columbia Flat Box Stainless Steel Backing Washer #6113,,0,,,,3.68,0,3.68,single_observation,Columbia Stainless Steel Backing Washer (COLM-FFB4B)
tapetech::484014f,TapeTech,484014F,2,2,2,2,MARKET_PRICE_CONFLICT,,1.51,14.74,0,14.74,single_observation,TapeTech Center Clip Assembly 484014F,,0,,,,16.25,0,16.25,single_observation,TapeTech Center Clip Assembly (TAPE-484014F)
columbia::ct59,Columbia Tools,CT59,2,2,2,2,MARKET_PRICE_CONFLICT,,1.49,20.90,0,20.90,single_observation,CT59 Columbia Taper Magnet #5835,,0,,,,19.41,0,19.41,single_observation,Columbia Magnet (COLM-CT59)
columbia::hns13,Columbia Tools,HNS13,2,2,2,2,MARKET_PRICE_CONFLICT,,1.49,4.78,0,4.78,single_observation,HNS13 Columbia Nail Spotter Roll Pin Bushing #12535,,0,,,,3.29,0,3.29,single_observation,Columbia Roll Pin Bushing for Hinged Nail Spotter (COLM-HNS13)
usg-sheetrock::340015,USG Sheetrock Tools,340015,2,2,2,2,MARKET_PRICE_CONFLICT,,1.49,24.99,0,24.99,single_observation,"Sheetrock 12"" Matrix Blue Steel Drywall Taping Knife",23.50,0,23.50,single_observation,"Sheetrock 12"" Matrix Blue Steel Drywall Taping Knife",,0,,,
usg-sheetrock::340016,USG Sheetrock Tools,340016,2,2,2,2,MARKET_PRICE_CONFLICT,,1.49,27.99,0,27.99,single_observation,"Sheetrock 14"" Matrix Blue Steel Drywall Taping Knife",26.50,0,26.50,single_observation,"Sheetrock 14"" MATRIX Blue Steel Finishing Knife",,0,,,
usg-sheetrock::340047,USG Sheetrock Tools,340047,2,2,2,2,MARKET_PRICE_CONFLICT,,1.49,29.99,0,29.99,single_observation,"USG Sheetrock 8"" Matrix Carbon Steel Putty Knife",28.50,0,28.50,single_observation,"Sheetrock 8"" MATRIX Carbon Steel Round Blade Finishing Knife",,0,,,
usg-sheetrock::340050,USG Sheetrock Tools,340050,2,2,2,2,MARKET_PRICE_CONFLICT,,1.49,29.99,0,29.99,single_observation,"USG Sheetrock 10"" Classic Carbon Steel Putty Knife",28.50,0,28.50,single_observation,"Sheetrock 10"" Classic Polished Carbon Steel Joint Knife",,0,,,
usg-sheetrock::340401,USG Sheetrock Tools,340401,2,2,2,2,MARKET_PRICE_CONFLICT,,1.49,32.99,0,32.99,single_observation,"Sheetrock 10"" Matrix Mud Pan with Reinforced Band",31.50,0,31.50,single_observation,"Sheetrock 10"" Matrix Stainless Steel Mud Pan w/ Reinforced Band",,0,,,
usg-sheetrock::340507,USG Sheetrock Tools,340507,2,2,2,2,MARKET_PRICE_CONFLICT,,1.49,25.99,0,25.99,single_observation,"Sheetrock 8"" Matrix Stainless Drywall Taping Knife",24.50,0,24.50,single_observation,"Sheetrock 8"" Matrix Stainless Drywall Taping Knife",,0,,,
usg-sheetrock::340508,USG Sheetrock Tools,340508,2,2,2,2,MARKET_PRICE_CONFLICT,,1.49,26.99,0,26.99,single_observation,"Sheetrock 10"" Matrix Stainless Drywall Taping Knife",25.50,0,25.50,single_observation,"Sheetrock 10"" Matrix Stainless Drywall Taping Knife",,0,,,
usg-sheetrock::340509,USG Sheetrock Tools,340509,2,2,2,2,MARKET_PRICE_CONFLICT,,1.49,27.99,0,27.99,single_observation,"Sheetrock 12"" Matrix Stainless Drywall Taping Knife",26.50,0,26.50,single_observation,"Sheetrock 12"" Matrix Stainless Drywall Taping Knife",,0,,,
tapetech::404014f,TapeTech,404014F,2,2,2,2,MARKET_PRICE_CONFLICT,,1.48,14.74,0,14.74,single_observation,TapeTech Center Clip Assembly 404014F,,0,,,,16.22,0,16.22,single_observation,TapeTech 3 in. Angle Head Center Clip (long) (TAPE-404014)
columbia::ct125,Columbia Tools,CT125,2,2,2,2,MARKET_PRICE_CONFLICT,,1.47,4.70,0,4.70,single_observation,CT125 Columbia Taper Roller #5985,,0,,,,3.23,0,3.23,single_observation,Columbia Hand Grip Roller (COLM-CT125)
columbia::ct29,Columbia Tools,CT29,2,2,2,2,MARKET_PRICE_CONFLICT,,1.47,4.70,0,4.70,single_observation,CT29 Columbia Taper Nylatron Chain Roller #5602,,0,,,,3.23,0,3.23,single_observation,Columbia Right Nylatron Chain Roller (Small) (COLM-CT29)
columbia::ct29a,Columbia Tools,CT29A,2,2,2,2,MARKET_PRICE_CONFLICT,,1.47,4.70,0,4.70,single_observation,CT29A Columbia Taper Nylatron Chain Roller (Left) #5603,,0,,,,3.23,0,3.23,single_observation,Columbia Small Right Side Nylatron Chain Roller for Automatic Taper (COLM-CT29A)
columbia::ct83,Columbia Tools,CT83,2,2,2,2,MARKET_PRICE_CONFLICT,,1.47,4.70,0,4.70,single_observation,CT83 Columbia Taper Clutch Dog #5855,,0,,,,3.23,0,3.23,single_observation,Columbia Clutch Dog (COLM-CT83)
columbia::mp3,Columbia Tools,MP3,2,2,2,2,MARKET_PRICE_CONFLICT,,1.47,4.70,0,4.70,single_observation,MP3 Columbia Mud Pump Pump Flapper Valve #6163,,0,,,,3.23,0,3.23,single_observation,Columbia Pump Flapper Valve (COLM-MP3)
tapetech::350033f,TapeTech,350033F,3,3,3,3,MARKET_PRICE_CONFLICT,,1.47,63.39,0,63.39,single_observation,TapeTech Seal Holder 350033F,64.86,0,64.86,single_observation,"350033F - 8"" Seal Holder",64.54,0,64.54,single_observation,"TapeTech 8"" Seal Holder"
columbia::ffb2a,Columbia Tools,FFB2A,2,2,2,2,MARKET_PRICE_CONFLICT,,1.46,4.65,0,4.65,single_observation,FFB2A Columbia Flat Box Bushing #6106,,0,,,,3.19,0,3.19,single_observation,Columbia Flat Box Adjuster Pin Sleeve (COLM-FFB2A)
columbia::hns1a3,Columbia Tools,"HNS1A-3""",2,2,2,2,MARKET_PRICE_CONFLICT,,1.45,10.18,0,10.18,single_observation,HNS1A-3 Columbia Nail Spotter Mud Seal Strip 3in #12516,8.73,0,8.73,single_observation,Nail Spotter Mud Seal Strip 3in - HNS1A-3,,0,,,
tapetech::054048f,TapeTech,054048F,3,3,3,3,MARKET_PRICE_CONFLICT,,1.45,26.99,0,26.99,single_observation,TapeTech Baffle Plate Assembly 054048F,26.02,0,26.02,single_observation,Baffle Plate Assembly - 054048,27.47,0,27.47,single_observation,TapeTech BAFFLE PLATE ASSEMBLY (TAPE-054048F)
columbia::ah18,Columbia Tools,AH18,2,2,2,2,MARKET_PRICE_CONFLICT,,1.44,10.16,0,10.16,single_observation,AH18 Columbia Angle Head Socket Wear Cup #5817,,0,,,,8.72,0,8.72,single_observation,Columbia Socket Wear Cup (COLM-AH18)
columbia::ct113,Columbia Tools,CT113,3,3,3,3,MARKET_PRICE_CONFLICT,,1.44,4.58,0,4.58,single_observation,CT113 Columbia Taper Lock Block #5971,3.14,0,3.14,single_observation,Taper Lock Block - CT113,3.23,0,3.23,single_observation,Columbia Lock Block for Automatic Taper (COLM-CT113)
tapetech::310071,TapeTech,310071,2,2,2,2,MARKET_PRICE_CONFLICT,,1.44,25.39,0,25.39,single_observation,"TapeTech 12"" Spacer Rod 310071",,0,,,,23.95,0,23.95,single_observation,"TapeTech 12"" SPACER ROD (TAPE-310071)"
tapetech::600007,TapeTech,600007,3,3,3,3,MARKET_PRICE_CONFLICT,,1.43,63.79,0,63.79,single_observation,"TapeTech 2"" Nail Spotter Skid  600007",65.22,0,65.22,single_observation,"600007 - Skid 2"" Nail Spotter",64.83,0,64.83,single_observation,TapeTech SKID (TAPE-600007)
tapetech::804003f,TapeTech,804003F,2,2,2,2,MARKET_PRICE_CONFLICT,,1.43,80.59,0,80.59,single_observation,TapeTech Handle Lever Assembly 804003F,,0,,,,82.02,0,82.02,single_observation,TapeTech HANDLE LEVER ASSEMBLY (TAPE-804003F)
tapetech::140007,TapeTech,140007,2,2,2,2,MARKET_PRICE_CONFLICT,,1.41,19.89,0,19.89,single_observation,TapeTech MudRunner Needle Plug 140007,,0,,,,18.48,0,18.48,single_observation,TapeTech NEEDLE PLUG (TAPE-140007)
columbia::cr12,Columbia Tools,CR12,2,2,2,2,MARKET_PRICE_CONFLICT,,1.39,5.38,0,5.38,single_observation,CR12 Columbia Corner Roller Swivel Coupling Pin #5568,,0,,,,3.99,0,3.99,single_observation,Columbia Handle Connecting Link for Corner Roller (COLM-CR12)
tapetech::728001f,TapeTech,728001F,2,2,2,2,MARKET_PRICE_CONFLICT,,1.39,166.47,0,166.47,single_observation,TapeTech Loading Pump Head Assembly 728001F,167.86,0,167.86,single_observation,Pump Head Assembly - 728001,,0,,,
tapetech::058126f,TapeTech,058126F,2,2,2,2,MARKET_PRICE_CONFLICT,,1.38,81.69,0,81.69,single_observation,TapeTech Main Drive Chain 058126F,,0,,,,83.07,0,83.07,single_observation,TapeTech MAIN CHAIN (TAPE-058126F)
tapetech::310024f,TapeTech,310024F,2,2,2,2,MARKET_PRICE_CONFLICT,,1.38,60.69,0,60.69,single_observation,"TapeTech 12"" Power Assist /EasyClean®Flat Box Wiper 310024F",62.07,0,62.07,single_observation,"310024 - 12"" Wiper For Power Assist TTEC/ECH Boxes",,0,,,
columbia::ct106,Columbia Tools,CT106,2,2,2,2,MARKET_PRICE_CONFLICT,,1.36,11.72,0,11.72,single_observation,CT106 Columbia Taper Bearing Shaft #5966,,0,,,,10.36,0,10.36,single_observation,Columbia Crimper Lever Bearing Shaft (COLM-CT106)
columbia::hh17c,Columbia Tools,HH17C,2,2,2,2,MARKET_PRICE_CONFLICT,,1.36,4.98,0,4.98,single_observation,COLHH17C Line Pincher for COL88,,0,,,,3.62,0,3.62,single_observation,Columbia Line Pincher for Hydra Reach Flat Box Handle (COLM-HH17C)
columbia::ct125a,Columbia Tools,CT125A,2,2,2,2,MARKET_PRICE_CONFLICT,,1.35,4.58,0,4.58,single_observation,CT125A Columbia Taper Bearing #5986,,0,,,,3.23,0,3.23,single_observation,Columbia Hand Grip Roller Sleeve (COLM-CT125A)
columbia::ct35,Columbia Tools,CT35,2,2,2,2,MARKET_PRICE_CONFLICT,,1.35,4.58,0,4.58,single_observation,CT35 Columbia Taper Cap Reinforcing Tab #5608,,0,,,,3.23,0,3.23,single_observation,Columbia Cap Reinforcing Tab (COLM-CT35)
tapetech::609015,TapeTech,609015,3,3,3,3,MARKET_PRICE_CONFLICT,,1.34,10.69,0,10.69,single_observation,TapeTech Nut Block 609015,12.03,0,12.03,single_observation,609015 - Nut Block,10.87,0,10.87,single_observation,TapeTech NUT BLOCK (TAPE-609015)
columbia::ct101,Columbia Tools,CT101,2,2,2,2,MARKET_PRICE_CONFLICT,,1.30,4.15,0,4.15,single_observation,CT101 Columbia Taper Return Spring #5961,,0,,,,2.85,0,2.85,single_observation,Columbia Mud Supply Valve Return Spring (COLM-CT101)
columbia::ct32,Columbia Tools,CT32,2,2,2,2,MARKET_PRICE_CONFLICT,,1.30,11.01,0,11.01,single_observation,CT32 Columbia Taper Carriage Cam,,0,,,,9.71,0,9.71,single_observation,Columbia Carriage Cam (COLM-CT32)
tapetech::889009,TapeTech,889009,3,3,3,3,MARKET_PRICE_CONFLICT,,1.26,0.99,0,0.99,single_observation,TapeTech Roll Pin 889009,2.25,0,2.25,single_observation,Roll Pin - 889009,1.19,0,1.19,single_observation,"TapeTech 5/32 X 1"" SPRING PIN 18-8 S (TAPE-889009)"
columbia::ffb20a,Columbia Tools,FFB20A,2,2,2,2,MARKET_PRICE_CONFLICT,,1.25,4.58,0,4.58,single_observation,FFB20A Columbia Flat Box Box Wheel Bearing #6103,,0,,,,3.33,0,3.33,single_observation,Columbia Axle Roller Bearing (COLM-FFB20A)
columbia::bh5,Columbia Tools,BH5,2,2,2,2,MARKET_PRICE_CONFLICT,,1.21,10.54,0,10.54,single_observation,BH5 Columbia Box Handle Upper Mounting Bracket (180 Grip) #12460,,0,,,,9.33,0,9.33,single_observation,Columbia Upper Mounting Bracket for 180 Grip Flat Box Handle (COLM-BH5)
columbia::ct129,Columbia Tools,CT129,2,2,2,2,MARKET_PRICE_CONFLICT,,1.21,4.10,0,4.10,single_observation,CT129 Columbia Taper Shaft Guide Roller Bushing #5990,,0,,,,2.89,0,2.89,single_observation,Columbia Shaft Guide Roller Sleeve (COLM-CT129)
columbia::cta41,Columbia Tools,CTA41,3,4,2,2,MARKET_PRICE_CONFLICT,,1.21,,1,136.28 | 91.99,conflicting_duplicate_prices,CTA41 Columbia Taper Cutter Block Assembly #5999 | Columbia Cutter Block Assembly Maintenance Kit,115.76,0,115.76,single_observation,Columbia Taper Cutter Block Assembly,116.97,0,116.97,single_observation,Columbia Cutter Block Assembly (Taper) (COLM-CTA41)
tapetech::050233,TapeTech,050233,2,2,2,2,MARKET_PRICE_CONFLICT,,1.20,11.41,0,11.41,single_observation,TapeTech Band Adapter 050233,12.61,0,12.61,single_observation,Band Adapter - 050233,,0,,,
tapetech::130007,TapeTech,130007,2,2,2,2,MARKET_PRICE_CONFLICT,,1.20,9.69,0,9.69,single_observation,TapeTech Piston 130007,8.49,0,8.49,single_observation,Replacement Piston - 130007,,0,,,
columbia::ct11,Columbia Tools,CT11,2,2,2,2,MARKET_PRICE_CONFLICT,,1.19,10.24,0,10.24,single_observation,CT11 Columbia Taper Mud Guard Plate #5585,,0,,,,9.05,0,9.05,single_observation,Columbia Mud Guard Plate (COLM-CT11)
columbia::ct92a,Columbia Tools,CT92A,2,2,2,2,MARKET_PRICE_CONFLICT,,1.18,3.78,0,3.78,single_observation,CT92A Columbia Taper L Clip #5867,,0,,,,2.60,0,2.60,single_observation,"Columbia Toe Kicker Cable Retainer Clip ""L"" Clip (COLM-CT92A)"
columbia::ffb32,Columbia Tools,FFB32,2,2,2,2,MARKET_PRICE_CONFLICT,,1.18,3.78,0,3.78,single_observation,FFB32 Columbia Flat Box Thumb Release Clip,,0,,,,2.60,0,2.60,single_observation,Columbia Old Style Door Stop (Screw Type) (COLM-FFB32)
columbia::tsb12,Columbia Tools,TSB-12,3,3,3,2,MARKET_PRICE_CONFLICT,,1.18,64.99,0,64.99,single_observation,"Columbia 12"" Tomahawk Smoothing Blade",63.81,0,63.81,single_observation,"Columbia 12"" Tomahawk Smoothing Blade",63.81,0,63.81,single_observation,Columbia 12 in. Tomahawk Smoothing Blade
tapetech::720066f,TapeTech,720066F,2,2,2,2,MARKET_PRICE_CONFLICT,,1.14,57.74,0,57.74,single_observation,TapeTech O-Ring Enclosure 720066F,,0,,,,56.60,0,56.60,single_observation,TapeTech O-RING ENCLOSURE (TAPE-720066F)
tapetech::880004,TapeTech,880004,3,3,3,3,MARKET_PRICE_CONFLICT,,1.14,48.89,0,48.89,single_observation,TapeTech Rear Brake Lever Bracket 880004,50.03,0,50.03,single_observation,880004 - Rear Brake Lever Bracket,49.77,0,49.77,single_observation,TapeTech REAR BREAK LEVER BRACKET (TAPE-880004)
tapetech::050094f,TapeTech,050094F,2,2,2,2,MARKET_PRICE_CONFLICT,,1.13,69.39,0,69.39,single_observation,TapeTech Taper Wheel Spool 050094F,,0,,,,70.52,0,70.52,single_observation,TapeTech TAPER WHEEL SPOOL (TAPE-050094F)
tapetech::190036,TapeTech,190036,2,2,2,2,MARKET_PRICE_CONFLICT,,1.13,9.99,0,9.99,single_observation,TapeTech Xtender Handle Pin 190036,,0,,,,11.12,0,11.12,single_observation,TapeTech PIN (TAPE-190036)
columbia::fa300,Columbia Tools,FA300,2,2,2,2,MARKET_PRICE_CONFLICT,,1.12,3.83,0,3.83,single_observation,FA300 Columbia 1/4-20 X 2in Hex Bolt #6050,,0,,,,2.71,0,2.71,single_observation,Columbia 1/4-20 x 2 Hex Bolt (COLM-FA300)
columbia::ffb5a,Columbia Tools,FFB5A,2,2,2,2,MARKET_PRICE_CONFLICT,,1.11,3.78,0,3.78,single_observation,FFB5A Columbia Flat Box Axle Bushing #6114,,0,,,,2.67,0,2.67,single_observation,Columbia Axle Bushing (COLM-FFB5A)
tapetech::052400b,TapeTech,052400B,2,2,2,2,MARKET_PRICE_CONFLICT,,1.11,45.49,0,45.49,single_observation,"TapeTech Spool Mount, Black 052400B",46.60,0,46.60,single_observation,Taper Spool Mount - 052400B,,0,,,
surpro::ss1005p,SurPro,SS1005-P,2,2,2,2,MARKET_PRICE_CONFLICT,,1.10,,0,,,,28.30,0,28.30,single_observation,Sur-Pro Plastic Leg Band Kit,29.40,0,29.40,single_observation,SurPro Stilt Plastic Leg Band Kit
columbia::ct81,Columbia Tools,CT81,2,2,2,2,MARKET_PRICE_CONFLICT,,1.08,3.68,0,3.68,single_observation,CT81 Columbia Taper Clutch Return Spring #5853,,0,,,,2.60,0,2.60,single_observation,Columbia Clutch Return Spring (COLM-CT81)
columbia::sb27,Columbia Tools,SB2-7,2,2,2,2,MARKET_PRICE_CONFLICT,,1.06,17.16,0,17.16,single_observation,"Columbia Replacement 7"" Blade for Tomahawk",,0,,,,18.22,0,18.22,single_observation,Columbia 7 in. Replacement Blade for Tomahawk Smoothing Blade
tapetech::151005,TapeTech,151005,3,3,3,3,MARKET_PRICE_CONFLICT,,1.06,46.19,0,46.19,single_observation,TapeTech Roller 151005,47.25,0,47.25,single_observation,151005 - Roller (New Style),46.99,0,46.99,single_observation,TapeTech OUTER ROLLER ASSEMBLY (TAPE-151005)
tapetech::260024f,TapeTech,260024F,2,2,2,2,MARKET_PRICE_CONFLICT,,1.06,55.39,0,55.39,single_observation,"TapeTech 10"" Power Assist /EasyClean® Flat Box Wiper 260024F",,0,,,,56.45,0,56.45,single_observation,"TapeTech 10"" COMBO WIPER (TAPE-260024F)"
tapetech::700015f,TapeTech,700015F,2,2,2,2,MARKET_PRICE_CONFLICT,,1.05,60.69,0,60.69,single_observation,TapeTech Link 700015F,,0,,,,61.74,0,61.74,single_observation,TapeTech LINK (TAPE-700015F)
usg-sheetrock::340116,USG Sheetrock Tools,340116,2,2,2,2,MARKET_PRICE_CONFLICT,,1.04,25.99,0,25.99,single_observation,"Sheetrock 14"" Classic Blue Steel Drywall Taping Knife",24.95,0,24.95,single_observation,"Sheetrock 14"" Classic Blue Steel Drywall Taping Knife",,0,,,
usg-sheetrock::340602,USG Sheetrock Tools,340602,2,2,2,2,MARKET_PRICE_CONFLICT,,1.04,23.99,0,23.99,single_observation,"USG Sheetrock 6"" Classic Stainless Steel Putty Knife",22.95,0,22.95,single_observation,"Sheetrock 6"" Stainless Steel Classic Knife",,0,,,
columbia::ct96,Columbia Tools,CT96,2,2,2,2,MARKET_PRICE_CONFLICT,,1.02,3.28,0,3.28,single_observation,CT96 Columbia Taper Mud Shut Off Gasket #5871,,0,,,,2.26,0,2.26,single_observation,Columbia Mud Gate Gasket (COLM-CT96)
columbia::mp39,Columbia Tools,MP39,2,2,2,2,MARKET_PRICE_CONFLICT,,1.02,3.28,0,3.28,single_observation,MP39 Columbia Mud Pump Sleeve #5880,,0,,,,2.26,0,2.26,single_observation,Columbia Piston Cup Sleeve (COLM-MP39)
columbia::ffb19,Columbia Tools,FFB19,2,2,2,2,MARKET_PRICE_CONFLICT,,1.01,11.01,0,11.01,single_observation,FFB19 Columbia Flat Box Brass Adjuster Pin #6102,,0,,,,10.00,0,10.00,single_observation,Columbia Adjuster Pin (6/32 x 1-1/2 Brass Hex Head) (COLM-FFB19)
columbia::ffh6,Columbia Tools,FFH6,2,2,2,2,MARKET_PRICE_CONFLICT,,1.01,11.01,0,11.01,single_observation,FFH6 Columbia Flat Box Handle Hinge Pin #6125,,0,,,,10.00,0,10.00,single_observation,Columbia Hinge Pin (COLM-FFH6)
usg-sheetrock::340110,USG Sheetrock Tools,340110,2,2,2,2,MARKET_PRICE_CONFLICT,,1.00,21.99,0,21.99,single_observation,"USG Sheetrock 6"" Classic Carbon Steel Putty Knife",20.99,0,20.99,single_observation,"USG 6"" CLASSIC Carbon Steel Round Blade Finishing Knife",,0,,,
usg-sheetrock::340113,USG Sheetrock Tools,340113,2,2,2,2,MARKET_PRICE_CONFLICT,,1.00,20.99,0,20.99,single_observation,"Sheetrock 8"" Classic Blue Steel Drywall Taping Knife",19.99,0,19.99,single_observation,"Sheetrock 8"" Classic Blue Steel Drywall Taping Knife",,0,,,
usg-sheetrock::340404,USG Sheetrock Tools,340404,2,2,2,2,MARKET_PRICE_CONFLICT,,1.00,15.99,0,15.99,single_observation,USG SHEETROCK™ Mud Pan Grip,14.99,0,14.99,single_observation,Sheetrock Magnetic Mud Pan Grip,,0,,,
usg-sheetrock::340601,USG Sheetrock Tools,340601,2,2,2,2,MARKET_PRICE_CONFLICT,,1.00,23.99,0,23.99,single_observation,"USG Sheetrock 5"" Classic Stainless Steel Putty Knife",22.99,0,22.99,single_observation,"Sheetrock 5"" Stainless Steel Classic Knife",,0,,,
tapetech::054209f,TapeTech,054209F,2,2,2,2,MARKET_PRICE_CONFLICT,,0.99,9.51,0,9.51,single_observation,TapeTech Cable 054209F,,0,,,,10.50,0,10.50,single_observation,TapeTech Plunger Cable
usg-sheetrock::340310,USG Sheetrock Tools,340310,2,2,2,2,MARKET_PRICE_CONFLICT,,0.99,149.99,0,149.99,single_observation,USG Sheetrock™ Outside 90° Bead Roller,149.00,0,149.00,single_observation,Sheetrock 90 Degree Corner Bead Roller,,0,,,
columbia::14ffba,Columbia Tools,14FFBA,3,3,3,2,MARKET_PRICE_CONFLICT,,0.98,438.99,0,438.99,single_observation,"Columbia 14"" Automatic Assist Drywall Flat Box",438.01,0,438.01,single_observation,"Columbia 14""  Automatic Assist Drywall Flat Box",438.01,0,438.01,single_observation,Columbia 14 in. Automatic Assist Flat Box
tapetech::808015f,TapeTech,808015F,2,2,2,2,MARKET_PRICE_CONFLICT,,0.98,57.09,0,57.09,single_observation,TapeTech Hinge Assembly 808015F,,0,,,,58.07,0,58.07,single_observation,TapeTech HINGE ASSEMBLY (TAPE-808015F)
columbia::35sf,Columbia Tools,3.5SF,2,2,2,2,MARKET_PRICE_CONFLICT,,0.97,133.99,0,133.99,single_observation,"Columbia 3.5"" Standard Corner Flusher",133.02,0,133.02,single_observation,"Columbia Taping Tools 3.5"" Standard Drywall Corner Flusher with Wheels",,0,,,
tapetech::050712,TapeTech,050712,2,2,2,2,MARKET_PRICE_CONFLICT,,0.97,43.49,0,43.49,single_observation,TapeTech Main Tube End Plug 50712,44.46,0,44.46,single_observation,Main Tube End Plug - 050712,,0,,,
columbia::ah8,Columbia Tools,AH8,2,2,2,2,MARKET_PRICE_CONFLICT,,0.96,6.78,0,6.78,single_observation,AH8 Columbia Angle Head Retainer Clip (Short) #5812,,0,,,,5.82,0,5.82,single_observation,"Columbia Top Retainer Clip, fits 2"", 2.5"", and 3"" (COLM-AH8)"
columbia::chxl,Columbia Tools,CHXL,2,2,2,2,MARKET_PRICE_CONFLICT,,0.96,173.99,0,173.99,single_observation,Columbia Extendable Roller Handle 4'-8',,0,,,,173.03,0,173.03,single_observation,Columbia 4-8 ft. Extendable Handle
tapetech::260096,TapeTech,260096,3,3,3,3,MARKET_PRICE_CONFLICT,,0.95,41.29,0,41.29,single_observation,"TapeTech Seal for 10"" PowerAssist /EasyClean® Flat Boxes 260096",42.24,0,42.24,single_observation,"10"" Seal for PowerAssist /Easy Clean Flat Boxes - 260096",42.07,0,42.07,single_observation,"TapeTech SEAL, 10"" (TAPE-260096)"
tapetech::800008,TapeTech,800008,2,2,2,2,MARKET_PRICE_CONFLICT,,0.95,51.99,0,51.99,single_observation,"TapeTech Upper Brake Lever, Pivot Arm 800008",,0,,,,52.94,0,52.94,single_observation,TapeTech PIVOT ARM
columbia::12fbb,Columbia Tools,12FBB,2,2,2,2,MARKET_PRICE_CONFLICT,,0.94,465.99,0,465.99,single_observation,"Columbia 12"" Fat Boy Flat Box",465.05,0,465.05,single_observation,"Columbia 12"" Fat Boy Drywall Flat Finishing Box",,0,,,
columbia::fa305,Columbia Tools,FA305,2,2,2,2,MARKET_PRICE_CONFLICT,,0.94,3.65,0,3.65,single_observation,FA305 Columbia 5/16-18 X 3/4in Hex Bolt #6053,,0,,,,2.71,0,2.71,single_observation,Columbia 5/16-18 x 3/4 Hex Bolt (COLM-FA305)
tapetech::209006,TapeTech,209006,2,2,2,2,MARKET_PRICE_CONFLICT,,0.93,2.59,0,2.59,single_observation,"TapeTech Skid Cover, Right 209006",,0,,,,3.52,0,3.52,single_observation,TapeTech Skid Cover - Right Side
columbia::tbmp,Columbia Tools,TBMP,3,3,3,3,MARKET_PRICE_CONFLICT,,0.92,492.99,0,492.99,single_observation,Columbia Tall Boy Loading Pump,492.08,0,492.08,single_observation,Columbia Tall Boy Loading Pump,492.07,0,492.07,single_observation,Columbia Tall Boy Mud Pump
columbia::tsb48,Columbia Tools,TSB-48,3,3,3,3,MARKET_PRICE_CONFLICT,,0.92,200.99,0,200.99,single_observation,"Columbia 48"" Tomahawk Smoothing Blade",200.08,0,200.08,single_observation,"Columbia 48"" Tomahawk Smoothing Blade",200.07,0,200.07,single_observation,Columbia 48 in. Tomahawk Smoothing Blade
columbia::10fbba,Columbia Tools,10FBBA,3,3,3,2,MARKET_PRICE_CONFLICT,,0.91,492.99,0,492.99,single_observation,"Columbia 10"" Fat Boy Automatic Assist Drywall Flat Box",492.08,0,492.08,single_observation,"Columbia 10""  Automatic Assist Drywall Tool Flat Box",492.08,0,492.08,single_observation,Columbia 10 in. Automatic Fat Boy Flat Box
tapetech::300026f,TapeTech,300026F,2,2,2,2,MARKET_PRICE_CONFLICT,,0.91,49.79,0,49.79,single_observation,"TapeTech 12"" Flat Box Wiper 300026F",,0,,,,50.70,0,50.70,single_observation,"TapeTech 12"" WIPER - Flat Box Wiper One-Piece (TAPE-300026F)"
columbia::clt42,Columbia Tools,CLT42,3,3,3,3,MARKET_PRICE_CONFLICT,,0.89,280.99,0,280.99,single_observation,"Columbia 42"" Cam-Lock Compound Mud Tube",280.11,0,280.11,single_observation,"Columbia 42"" Cam-Lock Compound Mud Tube",280.10,0,280.10,single_observation,Columbia 42 in. Cam Lock Compound Mud Tube
columbia::clt55,Columbia Tools,CLT55,2,2,2,2,MARKET_PRICE_CONFLICT,,0.89,278.99,0,278.99,single_observation,"Columbia 55"" Cam-Lock Compound Mud Tube",278.10,0,278.10,single_observation,"Columbia 55"" Cam-Lock Compound Mud Tube",,0,,,
columbia::mp32,Columbia Tools,MP32,2,2,2,2,MARKET_PRICE_CONFLICT,,0.89,2.85,0,2.85,single_observation,MP32 Columbia Mud Pump Backing Washer Locator #5876,,0,,,,1.96,0,1.96,single_observation,Columbia Backing Washer Locator (COLM-MP32)
tapetech::140018,TapeTech,140018,2,2,2,2,MARKET_PRICE_CONFLICT,,0.88,51.59,0,51.59,single_observation,TapeTech Spring 140018,,0,,,,52.47,0,52.47,single_observation,TapeTech SPRING (TAPE-140018)
columbia::42bbh,Columbia Tools,42BBH,2,2,2,2,MARKET_PRICE_CONFLICT,,0.87,227.99,0,227.99,single_observation,"Columbia 42"" 180-Grip Bent Flat Box Handle",227.12,0,227.12,single_observation,"Columbia Drywall 42"" 180-Grip Bent Flat Box Handle",,0,,,
columbia::mhl,Columbia Tools,MHL,3,3,3,2,MARKET_PRICE_CONFLICT,,0.87,373.99,0,373.99,single_observation,Columbia MATRIX XL Extendable Flat Box Handle,373.12,0,373.12,single_observation,"Columbia Matrix Long Extendable Drywall Flat Box Handle 56"" to 76""",373.12,0,373.12,single_observation,Columbia Matrix Long Flat Box Handle
tapetech::202044f,TapeTech,202044F,2,2,2,2,MARKET_PRICE_CONFLICT,,0.87,9.27,0,9.27,single_observation,TapeTech Pressure Plate Spring 202044F,,0,,,,10.14,0,10.14,single_observation,TapeTech Spring
columbia::ica21,Columbia Tools,ICA2-1,3,3,3,2,MARKET_PRICE_CONFLICT,,0.86,68.99,0,68.99,single_observation,Columbia Inside Corner Applicator 2 Wheels,68.13,0,68.13,single_observation,Columbia Inside Corner Applicator 2 Wheels,68.13,0,68.13,single_observation,Columbia Inside 90 Corner Applicator 2 Wheels
tapetech::340,TapeTech,340,2,2,2,2,MARKET_PRICE_CONFLICT,,0.86,160.99,0,160.99,single_observation,TapeTech Cutter Chain Assembly 340,,0,,,,161.85,0,161.85,single_observation,TapeTech CUTTER CHAIN SUB-ASSEMBLY (TAPE-340)
tapetech::650007,TapeTech,650007,2,2,2,2,MARKET_PRICE_CONFLICT,,0.86,54.39,0,54.39,single_observation,"TapeTech 3"" Nail Spotter Skid 650007",,0,,,,55.25,0,55.25,single_observation,TapeTech SKID (TAPE-650007)
tapetech::810027,TapeTech,810027,2,2,2,2,MARKET_PRICE_CONFLICT,,0.86,51.49,0,51.49,single_observation,TapeTech Short Connector 810027,,0,,,,52.35,0,52.35,single_observation,TapeTech SHORT CONNECTOR (TAPE-810027)
tapetech::200001,TapeTech,200001,3,3,3,3,MARKET_PRICE_CONFLICT,,0.85,5.22,0,5.22,single_observation,"TapeTech 7"" Flat Box Blade 200001",4.95,0,4.95,single_observation,"7"" Blade - 200001",5.80,0,5.80,single_observation,TapeTech 7 in. Flat Box Blade
tapetech::210097,TapeTech,210097,2,2,2,2,MARKET_PRICE_CONFLICT,,0.85,15.39,0,15.39,single_observation,"TapeTech 7"" Power Assist /EasyClean® Flat Box Seal Plate 210097",,0,,,,14.54,0,14.54,single_observation,"TapeTech SEAL PLATE 7"" (TAPE-210097)"
tapetech::502cn,TapeTech,502CN,2,2,2,2,MARKET_PRICE_CONFLICT,,0.85,38.99,0,38.99,single_observation,TapeTech Box Wheel Repair Kit 502CN,,0,,,,39.84,0,39.84,single_observation,TapeTech Flat Box Wheel Repair Kit (TAPE-502CN)
tapetech::630017,TapeTech,630017,2,2,2,2,MARKET_PRICE_CONFLICT,,0.85,52.59,0,52.59,single_observation,TapeTech Pressure Plate Tab 630017,,0,,,,53.44,0,53.44,single_observation,TapeTech PRESSURE PLATE TAB - REPAIR ONLY (TAPE-630017)
columbia::6bbh,Columbia Tools,6BBH,2,2,2,2,MARKET_PRICE_CONFLICT,,0.84,254.99,0,254.99,single_observation,"Columbia 72"" 180-Grip Bent Flat Box Handle",254.15,0,254.15,single_observation,"Columbia 72"" 180-Grip Bent Flat Box Handle",,0,,,
columbia::gn,Columbia Tools,GN,3,3,3,2,MARKET_PRICE_CONFLICT,,0.84,108.99,0,108.99,single_observation,Columbia Gooseneck,108.15,0,108.15,single_observation,Columbia Gooseneck,108.15,0,108.15,single_observation,Columbia Gooseneck
tapetech::050081f,TapeTech,050081F,3,3,3,3,MARKET_PRICE_CONFLICT,,0.84,3.08,0,3.08,single_observation,TapeTech Creaser Return Spring 050081F,3.92,0,3.92,single_observation,Creaser Return Spring - 050081,3.32,0,3.32,single_observation,TapeTech Spring Creaser Retainer (TAPE-050081)
tapetech::480017f,TapeTech,480017F,2,2,2,2,MARKET_PRICE_CONFLICT,,0.84,8.56,0,8.56,single_observation,"TapeTech Center Clip, Short 480017F",,0,,,,9.40,0,9.40,single_observation,TapeTech Center Clip - Short (TAPE-480017F)
columbia::10ffb,Columbia Tools,10FFB,3,3,3,2,MARKET_PRICE_CONFLICT,,0.83,400.99,0,400.99,single_observation,"Columbia 10"" Flat Finishing Box",400.16,0,400.16,single_observation,"Columbia 10"" Drywall Flat Finishing Box",400.16,0,400.16,single_observation,Columbia 10 in. Quick Clean Flat Box
columbia::rc,Columbia Tools,RC,2,2,2,2,MARKET_PRICE_CONFLICT,,0.83,1020.99,0,1020.99,single_observation,Columbia Road Case,1020.16,0,1020.16,single_observation,Columbia Road Case,,0,,,
tapetech::056142,TapeTech,056142,2,2,2,2,MARKET_PRICE_CONFLICT,,0.83,48.29,0,48.29,single_observation,TapeTech Cutter Chain 056142,,0,,,,49.12,0,49.12,single_observation,TapeTech CUTTER CHAIN (TAPE-056142)
tapetech::650005f,TapeTech,650005F,3,3,3,3,MARKET_PRICE_CONFLICT,,0.83,35.29,0,35.29,single_observation,"TapeTech 3"" Nail Spotter Blade 650005F",36.12,0,36.12,single_observation,"650005 - 3"" Nailspotter Blade",35.90,0,35.90,single_observation,TapeTech 3 in. Carbide Nail Spotter Blade (TAPE-650005)
columbia::mp9a,Columbia Tools,MP9A,2,2,2,2,MARKET_PRICE_CONFLICT,,0.82,2.58,0,2.58,single_observation,MP9A Columbia Mud Pump Connecting Chain #6170,,0,,,,1.76,0,1.76,single_observation,Columbia Connecting Chain (COLM-MP9A)
columbia::c1hext,Columbia Tools,C1HEXT,3,3,3,3,MARKET_PRICE_CONFLICT,,0.81,135.99,0,135.99,single_observation,Columbia ONE Extendable Handle,135.19,0,135.19,single_observation,Columbia ONE Extendable Handle 3'-5',135.18,0,135.18,single_observation,Columbia 3-5 ft. Extendable Columbia One Handle
tapetech::200026f,TapeTech,200026F,3,3,3,3,MARKET_PRICE_CONFLICT,,0.81,34.39,0,34.39,single_observation,"TapeTech 7"" Flat Box Wiper 200026F",35.20,0,35.20,single_observation,"200026 - 7"" Wiper Gasket",35.00,0,35.00,single_observation,"TapeTech 7"" WIPER - Flat Box Wiper One-Piece (TAPE-200026F)"
tapetech::250026f,TapeTech,250026F,2,2,2,2,MARKET_PRICE_CONFLICT,,0.81,45.29,0,45.29,single_observation,"TapeTech 10"" Flat Box Wiper 250026F",,0,,,,46.10,0,46.10,single_observation,"TapeTech 10"" WIPER - Flat Box Wiper One-Piece (TAPE-250026F)"
columbia::10ffba,Columbia Tools,10FFBA,2,2,2,2,MARKET_PRICE_CONFLICT,,0.80,427.99,0,427.99,single_observation,"Columbia 10"" Automatic Assist Drywall Flat Box",,0,,,,427.19,0,427.19,single_observation,Columbia 10 in. Automatic Assist Flat Box
columbia::bh07,Columbia Tools,BH07,2,2,2,2,MARKET_PRICE_CONFLICT,,0.80,16.12,0,16.12,single_observation,BH07 Columbia Box Handle Cam Follower #11374,15.32,0,15.32,single_observation,Columbia Box Handle Cam Follower - BH7,,0,,,
columbia::ns42,Columbia Tools,NS4-2,2,2,2,2,MARKET_PRICE_CONFLICT,,0.80,37.32,0,37.32,single_observation,NS4-2 Columbia Nail Spotter Door Gasket 2in #5885,36.52,0,36.52,single_observation,Nail Spotter Door Gasket 2in - NS4-2,,0,,,
tapetech::209047,TapeTech,209047,2,2,2,2,MARKET_PRICE_CONFLICT,,0.80,2.39,0,2.39,single_observation,TapeTech Nyliner Bearing 209047,,0,,,,3.19,0,3.19,single_observation,TapeTech Nyliner Bearing (TAPE-209047)
tapetech::310096,TapeTech,310096,2,2,2,2,MARKET_PRICE_CONFLICT,,0.80,41.79,0,41.79,single_observation,"TapeTech Seal for 12"" PowerAssist /EasyClean®Flat Boxes 310096",,0,,,,42.59,0,42.59,single_observation,"TapeTech 12"" SEAL (TAPE-310096)"
columbia::cfb15a,Columbia Tools,CFB15A,2,2,2,2,MARKET_PRICE_CONFLICT,,0.79,2.75,0,2.75,single_observation,CFB15A Columbia Angle Box Hinge Bushing #5553,,0,,,,1.96,0,1.96,single_observation,Columbia Hinge Bushing for Corner Box (COLM-CFB15A)
columbia::ns18,Columbia Tools,NS18,2,2,2,2,MARKET_PRICE_CONFLICT,,0.79,4.12,0,4.12,single_observation,NS18 Columbia Nail Spotter Pivot #5898,,0,,,,3.33,0,3.33,single_observation,Columbia Shoe Pivot (COLM-NS18)
tapetech::130006,TapeTech,130006,2,2,2,2,MARKET_PRICE_CONFLICT,,0.79,33.39,0,33.39,single_observation,TapeTech Ball 130006,34.18,0,34.18,single_observation,130006 - Ball Mud Tube,,0,,,
columbia::3sf,Columbia Tools,3SF,2,2,2,2,MARKET_PRICE_CONFLICT,,0.78,122.99,0,122.99,single_observation,"Columbia 3"" Standard Corner Flusher",122.21,0,122.21,single_observation,"Columbia Taping Tools 3"" Standard Drywall Corner Flusher with Wheels",,0,,,
columbia::clt32,Columbia Tools,CLT32,3,3,3,3,MARKET_PRICE_CONFLICT,,0.78,268.99,0,268.99,single_observation,"Columbia 32"" Cam-Lock Compound Mud Tube",268.21,0,268.21,single_observation,"Columbia 32"" Cam-Lock Compound Mud Tube",268.22,0,268.22,single_observation,Columbia 32 in. Cam Lock Compound Mud Tube
columbia::tsb32,Columbia Tools,TSB-32,3,3,3,2,MARKET_PRICE_CONFLICT,,0.78,122.99,0,122.99,single_observation,"Columbia 32"" Tomahawk Smoothing Blade",122.21,0,122.21,single_observation,"Columbia 32"" Tomahawk Smoothing Blade",122.21,0,122.21,single_observation,Columbia 32 in. Tomahawk Smoothing Blade
columbia::fa306,Columbia Tools,FA306,2,2,2,2,MARKET_PRICE_CONFLICT,,0.77,3.48,0,3.48,single_observation,FA306 Columbia 5/16-18 X 1-1/4in Hex Bolt #6054,,0,,,,2.71,0,2.71,single_observation,Columbia 5/16-18 x 1-1/4 Hex Bolt (COLM-FA306)
columbia::ffb7,Columbia Tools,FFB-7,2,2,2,2,MARKET_PRICE_CONFLICT,,0.77,,0,,,,3.44,0,3.44,single_observation,Columbia Flat Box Shoe (Right) - FFB7,2.67,0,2.67,single_observation,Columbia Shoe - right (COLM-FFB7)
columbia::ffb7a,Columbia Tools,FFB-7A,2,2,2,2,MARKET_PRICE_CONFLICT,,0.77,,0,,,,3.44,0,3.44,single_observation,Columbia Flat Box Shoe (Left) - FFB7A,2.67,0,2.67,single_observation,Columbia Shoe - left (COLM-FFB7A)
columbia::10fbb,Columbia Tools,10FBB,2,2,2,2,MARKET_PRICE_CONFLICT,,0.76,454.99,0,454.99,single_observation,"Columbia 10"" Fat Boy Flat Box",454.23,0,454.23,single_observation,"Columbia 10"" Fat Boy Drywall Flat Finishing Box",,0,,,
columbia::35ah,Columbia Tools,3.5AH,2,2,2,2,MARKET_PRICE_CONFLICT,,0.76,454.99,0,454.99,single_observation,"Columbia 3.5"" Angle Head",454.23,0,454.23,single_observation,"Columbia 3.5"" Angle Head w/ Wheels",,0,,,
columbia::3ns,Columbia Tools,3NS,2,2,2,2,MARKET_PRICE_CONFLICT,,0.76,308.99,0,308.99,single_observation,"Columbia Taping Tools 3"" Hinged Nail Spotter Head Only",308.23,0,308.23,single_observation,"Columbia Taping Tools 3"" Hinged Nail Spotter",,0,,,
tapetech::213083,TapeTech,213083,2,2,2,2,MARKET_PRICE_CONFLICT,,0.76,32.99,0,32.99,single_observation,TapeTech Power Assist Cog 213083,33.75,0,33.75,single_observation,Cog (Power Assist) - 213083,,0,,,
columbia::tsb10,Columbia Tools,TSB-10,3,3,3,2,MARKET_PRICE_CONFLICT,,0.75,56.99,0,56.99,single_observation,"Columbia 10"" Tomahawk Smoothing Blade",56.24,0,56.24,single_observation,"Columbia 10"" Tomahawk Smoothing Blade",56.24,0,56.24,single_observation,Columbia 10 in. Tomahawk Smoothing Blade
tapetech::304005,TapeTech,304005,2,2,2,2,MARKET_PRICE_CONFLICT,,0.75,39.09,0,39.09,single_observation,"TapeTech 12"" Flat Box Blade Holder Clamp 304005",,0,,,,39.84,0,39.84,single_observation,TapeTech CLAMP ASSY (TAPE-304005)
columbia::3bh,Columbia Tools,3BH,2,2,2,2,MARKET_PRICE_CONFLICT,,0.73,189.99,0,189.99,single_observation,"Columbia 36"" 180-Grip Flat Box Handle",189.26,0,189.26,single_observation,"Columbia 36"" 180-Grip Featherweight Flat Box Handle",,0,,,
columbia::ct41,Columbia Tools,CT41,2,2,2,2,MARKET_PRICE_CONFLICT,,0.73,2.35,0,2.35,single_observation,CT41 Columbia Taper Cutter Block #5614,,0,,,,1.62,0,1.62,single_observation,Columbia Knife Retainer Block (COLM-CT41)
columbia::ffh26,Columbia Tools,FFH26,2,2,2,2,MARKET_PRICE_CONFLICT,,0.73,2.48,0,2.48,single_observation,FFH26 Columbia Flat Box Handle 8-32 X 3/4 Brake Stop #6144,,0,,,,1.75,0,1.75,single_observation,Columbia 8-32 x 3/4 Brake Stop (COLM-FFH26)
columbia::hp44,Columbia Tools,HP44,2,2,2,2,MARKET_PRICE_CONFLICT,,0.73,2.35,0,2.35,single_observation,HP44 Columbia Mud Pump Collar O-Ring #6153,,0,,,,1.62,0,1.62,single_observation,"Columbia Collar ""O"" Ring (COLM-HP44)"
tapetech::050046,TapeTech,050046,2,2,2,2,MARKET_PRICE_CONFLICT,,0.73,40.89,0,40.89,single_observation,"TapeTech Chain Roller Support, Right 050046",,0,,,,41.62,0,41.62,single_observation,TapeTech CHAIN ROLLER SUPPORT (RIGHT) (TAPE-050046)
columbia::8fbba,Columbia Tools,8FBBA,2,2,2,2,MARKET_PRICE_CONFLICT,,0.72,481.99,0,481.99,single_observation,"Columbia 8"" Fat Boy Automatic Assist Drywall Flat Box",481.27,0,481.27,single_observation,"Columbia 8"" Fat Boy Automatic Assist Drywall Flat Box",,0,,,
columbia::fa274,Columbia Tools,FA274,2,2,2,2,MARKET_PRICE_CONFLICT,,0.72,2.75,0,2.75,single_observation,FA274 Columbia 10-24 X 3/8in Socket Hd Screw #6031,,0,,,,2.03,0,2.03,single_observation,Columbia 10-24 x 3/8 in. Socket Screw (COLM-FA274)
columbia::fa294,Columbia Tools,FA294,2,2,2,2,MARKET_PRICE_CONFLICT,,0.72,2.75,0,2.75,single_observation,FA294 Columbia 1/4-20 X 3/8 Socket Hd Screw #6044,,0,,,,2.03,0,2.03,single_observation,Columbia 1/4-20 x 3/8 Socket Screw (COLM-FA294)
columbia::fa297,Columbia Tools,FA297,2,2,2,2,MARKET_PRICE_CONFLICT,,0.72,2.75,0,2.75,single_observation,FA297 Columbia 1/4-20 X 5/8in Socket Hd Scre #6047,,0,,,,2.03,0,2.03,single_observation,Columbia 1/4-20 x 5/8 Socket Screw (COLM-FA297)
tapetech::052011,TapeTech,052011,2,2,2,2,MARKET_PRICE_CONFLICT,,0.71,9.39,0,9.39,single_observation,TapeTech Drip Guard 052011,8.68,0,8.68,single_observation,Drip Guard - 052011,,0,,,
tapetech::880038,TapeTech,880038,2,2,2,2,MARKET_PRICE_CONFLICT,,0.71,36.19,0,36.19,single_observation,TapeTech Connecting Rod 880038,,0,,,,36.90,0,36.90,single_observation,TapeTech CONNECTION ROD (TAPE-880038)
tapetech::059328,TapeTech,059328,2,2,2,2,MARKET_PRICE_CONFLICT,,0.68,6.27,0,6.27,single_observation,TapeTech O-Ring 07TT Taper Lid 059328,,0,,,,6.95,0,6.95,single_observation,TapeTech O-Ring 07TT Taper Lid (TAPE-059328)
columbia::fa312,Columbia Tools,FA312,2,2,2,2,MARKET_PRICE_CONFLICT,,0.67,2.15,0,2.15,single_observation,FA312 Columbia 10-24 X 1/4in Set Screw #6796,,0,,,,1.48,0,1.48,single_observation,Columbia 10-24 x ¼” Socket Head Set Screw (COLM-FA312)
columbia::sat,Columbia Tools,SAT,3,3,3,3,MARKET_PRICE_CONFLICT,,0.67,243.99,0,243.99,single_observation,Columbia Semi Auto Drywall Taping Tool,243.34,0,243.34,single_observation,Columbia Semi Auto Taper Drywall Taping Tool,243.32,0,243.32,single_observation,Columbia Semi Automatic Taper
columbia::ts,Columbia Tools,TS,2,2,2,2,MARKET_PRICE_CONFLICT,,0.67,5746.99,0,5746.99,single_observation,Columbia Tactical Set,,0,,,,5746.32,0,5746.32,single_observation,Columbia Tactical Set
tapetech::149028,TapeTech,149028,3,3,3,3,MARKET_PRICE_CONFLICT,,0.67,1.49,0,1.49,single_observation,TapeTech MudRunner #6 Nylon Bushing 149028,2.14,0,2.14,single_observation,MudRunner Nylon Bushing #6 - 149028,1.47,0,1.47,single_observation,TapeTech #6 NYLON BUSHING
tapetech::152006,TapeTech,152006,2,2,2,2,MARKET_PRICE_CONFLICT,,0.67,30.09,0,30.09,single_observation,Tapetech Stud For Corner Roller 152006,30.76,0,30.76,single_observation,Stud For Corner Roller - 152006,,0,,,
columbia::ah5,Columbia Tools,AH5,2,2,2,2,MARKET_PRICE_CONFLICT,,0.66,2.28,0,2.28,single_observation,AH5 Columbia Angle Head Frame Retainer Clip #5806,,0,,,,1.62,0,1.62,single_observation,Columbia Frame Retainer Clip / Blade Holder Stop (COLM-AH5)
tapetech::052150,TapeTech,052150,3,3,3,3,MARKET_PRICE_CONFLICT,,0.66,10.89,0,10.89,single_observation,TapeTech Brake Adjuster 052150,11.15,0,11.15,single_observation,Brake Adjuster - 052150,10.49,0,10.49,single_observation,TapeTech Brake Adjuster (TAPE-052150)
columbia::5bbh,Columbia Tools,5BBH,2,2,2,2,MARKET_PRICE_CONFLICT,,0.65,243.99,0,243.99,single_observation,"Columbia 60"" 180-Grip Bent Flat Box Handle",243.34,0,243.34,single_observation,"Columbia 60"" 180-Grip Bent Flat Box Handle",,0,,,
columbia::8ffb,Columbia Tools,8FFB,2,2,2,2,MARKET_PRICE_CONFLICT,,0.65,389.99,0,389.99,single_observation,"Columbia 8"" Flat Finishing Box",389.34,0,389.34,single_observation,"Columbia 8"" Drywall Flat Finisher Box",,0,,,
columbia::ct100,Columbia Tools,CT100,2,2,2,2,MARKET_PRICE_CONFLICT,,0.65,1.90,0,1.90,single_observation,Columbia Removable Cover Plate Pin ring,1.25,0,1.25,single_observation,Removable Cover Plate Pin ring - CT100,,0,,,
columbia::tsb7,Columbia Tools,TSB-7,3,3,3,3,MARKET_PRICE_CONFLICT,,0.65,44.99,0,44.99,single_observation,"Columbia 7"" Tomahawk Smoothing Blade",44.34,0,44.34,single_observation,"Columbia 7"" Tomahawk Smoothing Blade",44.35,0,44.35,single_observation,Columbia 7 in. Tomahawk Smoothing Blade
tapetech::052121f,TapeTech,052121F,2,2,2,2,MARKET_PRICE_CONFLICT,,0.65,40.59,0,40.59,single_observation,TapeTech Driver Shaft 052121F,,0,,,,41.24,0,41.24,single_observation,TapeTech CABLE DRUM SHAFT (TAPE-052121F)
tapetech::206003,TapeTech,206003,2,2,2,2,MARKET_PRICE_CONFLICT,,0.65,37.69,0,37.69,single_observation,TapeTech Dial Assembly 206003,,0,,,,38.34,0,38.34,single_observation,TapeTech Dial Assembly (TAPE-206003)
tapetech::709043,TapeTech,709043,3,3,3,3,MARKET_PRICE_CONFLICT,,0.65,1.49,0,1.49,single_observation,TapeTech S-Hook 709043,2.14,0,2.14,single_observation,S-Hook - 709043,2.10,0,2.10,single_observation,TapeTech #63 S-HOOK (TAPE-709043)
tapetech::724061f,TapeTech,724061F,2,2,2,2,MARKET_PRICE_CONFLICT,,0.65,37.69,0,37.69,single_observation,TapeTech Latch Clamp Assembly 724061F,,0,,,,38.34,0,38.34,single_observation,TapeTech DRAW LATCH ASSEMBLY (TAPE-724061F)
columbia::ct63,Columbia Tools,CT63,2,2,2,2,MARKET_PRICE_CONFLICT,,0.64,1.93,0,1.93,single_observation,Needle,,0,,,,1.29,0,1.29,single_observation,Columbia Tape Advance Needle (COLM-CT63)
tapetech::250001,TapeTech,250001,2,2,2,2,MARKET_PRICE_CONFLICT,,0.64,6.18,0,6.18,single_observation,"TapeTech 10"" Flat Box Blade 250001",,0,,,,6.82,0,6.82,single_observation,TapeTech 10 in. Flat Box Blade
columbia::fa225,Columbia Tools,FA225,2,2,2,2,MARKET_PRICE_CONFLICT,,0.62,2.10,0,2.10,single_observation,FA225 Columbia 1/8in X 3/8in Special Washer #6010,,0,,,,1.48,0,1.48,single_observation,Columbia 1/8 x 3/8 in. Rivet Shoulder Washer (COLM-FA225)
columbia::fa232,Columbia Tools,FA232,2,2,2,2,MARKET_PRICE_CONFLICT,,0.62,2.10,0,2.10,single_observation,FA232 Columbia 6-32 Hex Nut #6012,,0,,,,1.48,0,1.48,single_observation,Columbia 6-32 Hex Nut (COLM-FA232)
columbia::fa270,Columbia Tools,FA270,2,2,2,2,MARKET_PRICE_CONFLICT,,0.62,2.10,0,2.10,single_observation,FA270 Columbia #10 X 3/4in Fender Washer #6029,,0,,,,1.48,0,1.48,single_observation,Columbia #10 x ¾” Fender Washer (COLM-FA270)
columbia::fa273,Columbia Tools,FA273,2,2,2,2,MARKET_PRICE_CONFLICT,,0.62,2.10,0,2.10,single_observation,"COLFA273 10-24 X 1"" Hex Bolt",,0,,,,1.48,0,1.48,single_observation,Columbia 10-24 x 1 in. Hex Bolt (COLM-FA273)
columbia::fa275,Columbia Tools,FA275,2,2,2,2,MARKET_PRICE_CONFLICT,,0.62,2.15,0,2.15,single_observation,FA275 Columbia 10-24 X 3/4in Hex Bolt #6032,,0,,,,1.53,0,1.53,single_observation,Columbia 10-24 x  Hex Bolt (COLM-FA275)
columbia::fa302,Columbia Tools,FA302,2,2,2,2,MARKET_PRICE_CONFLICT,,0.62,2.15,0,2.15,single_observation,FA302 Columbia 1/4-28 X 1/4in Set Screw #6051,,0,,,,1.53,0,1.53,single_observation,Columbia 1/4-28 x 1/4 Set Screw (COLM-FA302)
columbia::fa308,Columbia Tools,FA308,2,2,2,2,MARKET_PRICE_CONFLICT,,0.62,2.10,0,2.10,single_observation,FA308 Columbia 33/64 X 7/8in Flat Washer #6055,,0,,,,1.48,0,1.48,single_observation,Columbia 1/2 x 7/8 Flat Washer (COLM-FA308)
columbia::fa247,Columbia Tools,FA247,2,2,2,2,MARKET_PRICE_CONFLICT,,0.61,1.95,0,1.95,single_observation,FA247 Columbia 6-32 X 5/8in Hex Bolt #6018,,0,,,,1.34,0,1.34,single_observation,Columbia 6-32 x 5/8 in. Hex Bolt (COLM-FA247)
columbia::fa279,Columbia Tools,FA279,2,2,2,2,MARKET_PRICE_CONFLICT,,0.61,1.95,0,1.95,single_observation,FA279 Columbia 10-24 X 1-1/4in Hex Bolt #6036,,0,,,,1.34,0,1.34,single_observation,Columbia 10-24 x 1 ¼” Hex Bolt (COLM-FA279)
columbia::ffb15,Columbia Tools,FFB15,2,2,2,2,MARKET_PRICE_CONFLICT,,0.61,2.28,0,2.28,single_observation,FFB15 Columbia Flat Box Door Spring Clip #6099,,0,,,,1.67,0,1.67,single_observation,Columbia Door Spring Clip (COLM-FFB15)
tapetech::054059f,TapeTech,054059F,2,2,2,2,MARKET_PRICE_CONFLICT,,0.61,37.49,0,37.49,single_observation,TapeTech Filler Valve Tube 054059F,,0,,,,38.10,0,38.10,single_observation,TapeTech FILLER VALVE ASSEMBLY (TAPE-054059F)
tapetech::190006,TapeTech,190006,2,2,2,2,MARKET_PRICE_CONFLICT,,0.61,25.93,0,25.93,single_observation,TapeTech Xtender Pin 190006,,0,,,,25.32,0,25.32,single_observation,TapeTech PIN (TAPE-190006)
tapetech::219067,TapeTech,219067,3,3,3,3,MARKET_PRICE_CONFLICT,,0.61,1.17,0,1.17,single_observation,TapeTech O-Ring 1/2 x 7/8 x 3/16  219067,1.78,0,1.78,single_observation,Flat Box Box Wheel O-Ring - FFB6A,1.30,0,1.30,single_observation,TapeTech O-Ring - Flat Box Tire (TAPE-219067)
tapetech::450009f,TapeTech,450009F,3,3,3,3,MARKET_PRICE_CONFLICT,,0.61,35.29,0,35.29,single_observation,"TapeTech 3"" Carbide Blade 450009F",35.36,0,35.36,single_observation,"450009 - 3"" Carbide Blade",35.90,0,35.90,single_observation,TapeTech 3 in. Carbide Angle Head Blade
tapetech::502f4,TapeTech,502F4,2,2,2,2,MARKET_PRICE_CONFLICT,,0.61,97.79,0,97.79,single_observation,"TapeTech 3"" EasyRoll Angle Head Blade Kit 502F4",,0,,,,98.40,0,98.40,single_observation,TapeTech 3 in. Easy Roll Angle Head Blade Repair Kit (TAPE-502F4)
columbia::fa252,Columbia Tools,FA252,2,2,2,2,MARKET_PRICE_CONFLICT,,0.60,1.15,0,1.15,single_observation,FA252 Columbia #8 Star Washer #10453,,0,,,,0.55,0,0.55,single_observation,Columbia #8 Star Washer (COLM-FA252)
columbia::fa266,Columbia Tools,FA266,2,2,2,2,MARKET_PRICE_CONFLICT,,0.60,1.15,0,1.15,single_observation,FA266 Columbia 8-32 X 1in Flat Head Screw #6026,,0,,,,0.55,0,0.55,single_observation,Columbia 8-32 x 1 Flat Slot (COLM-FA266)
tapetech::050715,TapeTech,050715,2,2,2,2,MARKET_PRICE_CONFLICT,,0.60,24.59,0,24.59,single_observation,TapeTech Link Bushing 050715,25.19,0,25.19,single_observation,Link Bushing - 050715,,0,,,
tapetech::059067,TapeTech,059067,2,2,2,2,MARKET_PRICE_CONFLICT,,0.60,1.79,0,1.79,single_observation,TapeTech Key Ring 059067,,0,,,,1.19,0,1.19,single_observation,TapeTech KEY RING (TAPE-059067)
columbia::ah72,Columbia Tools,AH7-2,3,3,3,3,MARKET_PRICE_CONFLICT,,0.59,1.90,0,1.90,single_observation,AH7-2 Columbia Angle Head Frame Tension Spring 2in #5808,1.47,0,1.47,single_observation,AH7-2 - Angle Head Frame Tension Spring 2in,1.31,0,1.31,single_observation,Columbia Frame Tension Spring for 2 and 2.5 in. Angle Heads (COLM-AH7-2)
columbia::ah725,Columbia Tools,AH7-2.5,2,2,2,2,MARKET_PRICE_CONFLICT,,0.59,1.90,0,1.90,single_observation,AH7-2.5 Columbia Angle Head Frame Tension Spring 2.5in (Also Small 3in Spring) #5809,,0,,,,1.31,0,1.31,single_observation,Columbia Frame Tension Spring for 2.5 and 3 in. Angle Heads (COLM-AH7-2.5)
columbia::ah73,Columbia Tools,AH7-3,2,2,2,2,MARKET_PRICE_CONFLICT,,0.59,1.90,0,1.90,single_observation,AH7-3 Columbia Angle Head Tension Spring 3in (Large) #5810,,0,,,,1.31,0,1.31,single_observation,Columbia Frame Tension Spring for 3 and 3.5 in. Angle Heads (COLM-AH7-3)
columbia::ah735,Columbia Tools,AH7-3.5,2,2,2,2,MARKET_PRICE_CONFLICT,,0.59,1.90,0,1.90,single_observation,AH7-3.5 Columbia Angle Head Frame Tension Spring 3.5in #5811,,0,,,,1.31,0,1.31,single_observation,Columbia Frame Tension Spring for 3.5 in. Angle Heads Only (COLM-AH7-3.5)
columbia::ct4,Columbia Tools,CT4,2,2,2,2,MARKET_PRICE_CONFLICT,,0.59,1.88,0,1.88,single_observation,CT4 Columbia Taper Left Wafer Bushing #5574,,0,,,,1.29,0,1.29,single_observation,Columbia Left Wafer Bushing (COLM-CT4)
columbia::ct5,Columbia Tools,CT5,2,2,2,2,MARKET_PRICE_CONFLICT,,0.59,1.88,0,1.88,single_observation,CT5 Columbia Taper Right Wafer Bushing #5575,,0,,,,1.29,0,1.29,single_observation,Columbia Right Wafer Bushing (COLM-CT5)
columbia::2ns,Columbia Tools,2NS,2,2,2,2,MARKET_PRICE_CONFLICT,,0.58,297.99,0,297.99,single_observation,"Columbia Taping Tools 2"" Hinged Nail Spotter Head Only",297.41,0,297.41,single_observation,"Columbia Taping Tools 2"" Nail Spotter",,0,,,
columbia::8itfb,Columbia Tools,8ITFB,3,3,3,3,MARKET_PRICE_CONFLICT,,0.58,443.99,0,443.99,single_observation,"Columbia Inside Track Fat Boy Flat Box 8""",443.42,0,443.42,single_observation,"COLUMBIA 8"" INSIDE TRACK FAT BOY BOX",443.41,0,443.41,single_observation,Columbia 8 in. Inside Track Fat Boy Flat Box
tapetech::050063,TapeTech,050063,2,2,2,2,MARKET_PRICE_CONFLICT,,0.58,34.59,0,34.59,single_observation,TapeTech Cut Off Spring Cover 050063,,0,,,,35.17,0,35.17,single_observation,TapeTech CUTOFF SPRING COVER (TAPE-050063)
tapetech::050115f,TapeTech,050115F,3,3,3,3,MARKET_PRICE_CONFLICT,,0.58,3.32,0,3.32,single_observation,TapeTech Drive Dog Spring 050115F,3.90,0,3.90,single_observation,Drive Dog Spring - 050115F,3.69,0,3.69,single_observation,TapeTech Spring Drive Dog (TAPE-050115)
tapetech::700029,TapeTech,700029,2,2,2,2,MARKET_PRICE_CONFLICT,,0.58,2.84,0,2.84,single_observation,TapeTech Bushing Liner 700029,,0,,,,3.42,0,3.42,single_observation,TapeTech BUSHING LINER  (TAPE-700029)
tapetech::804254,TapeTech,804254,2,2,2,2,MARKET_PRICE_CONFLICT,,0.58,,0,,,,121.55,0,121.55,single_observation,"54"" Connector Assembly - 804254",120.97,0,120.97,single_observation,"TapeTech 54"" CONNECTOR (TAPE-804254)"
columbia::3ah,Columbia Tools,3AH,2,2,2,2,MARKET_PRICE_CONFLICT,,0.57,443.99,0,443.99,single_observation,"Columbia 3"" Angle Head",443.42,0,443.42,single_observation,"Columbia 3"" Angle Head w/ Wheels",,0,,,
columbia::8fbb,Columbia Tools,8FBB,2,2,2,2,MARKET_PRICE_CONFLICT,,0.57,443.99,0,443.99,single_observation,"Columbia 8"" Fat Boy Flat Box",443.42,0,443.42,single_observation,"Columbia 8"" Fat Boy Drywall Flat Finishing Box",,0,,,
columbia::fa292,Columbia Tools,FA292,2,2,2,2,MARKET_PRICE_CONFLICT,,0.57,1.93,0,1.93,single_observation,FA292 Columbia 1/4-20 Nyloc Jam Nut #6043,,0,,,,1.36,0,1.36,single_observation,Columbia -20 Nyloc Jam Nut (COLM-FA292)
columbia::ica41,Columbia Tools,ICA4-1,3,3,3,3,MARKET_PRICE_CONFLICT,,0.56,85.99,0,85.99,single_observation,Columbia Inside Corner Applicator 4 Wheels,85.44,0,85.44,single_observation,Columbia Inside Corner Applicator 4 Wheels,85.43,0,85.43,single_observation,Columbia Inside 90 Corner Applicator 4 Wheels
tapetech::050003,TapeTech,050003,3,3,3,3,MARKET_PRICE_CONFLICT,,0.56,5.34,0,5.34,single_observation,TapeTech Control Valve Wiper 050003,5.60,0,5.60,single_observation,Tapetech 050003 - Control Valve Wiper,5.90,0,5.90,single_observation,"TapeTech WIPER,CONTROL VALVE (TAPE-050003)"
tapetech::050030,TapeTech,050030,2,2,2,2,MARKET_PRICE_CONFLICT,,0.56,32.39,0,32.39,single_observation,TapeTech Magnet 050030,,0,,,,32.95,0,32.95,single_observation,TapeTech Automatic Taper Magnet
tapetech::400009f,TapeTech,400009F,2,2,2,2,MARKET_PRICE_CONFLICT,,0.56,29.89,0,29.89,single_observation,"TapeTech 2"" Carbide Blade 400009F",,0,,,,30.45,0,30.45,single_observation,"TapeTech 2"" CARBIDE BLADE (TAPE-400009F)"
columbia::fa220,Columbia Tools,FA220,2,2,2,2,MARKET_PRICE_CONFLICT,,0.55,1.10,0,1.10,single_observation,FA220 Columbia 4-40 X 3/4in Bind Head Screw #6006,,0,,,,0.55,0,0.55,single_observation,Columbia 4-40 x 3/4 Binder Slot (COLM-FA220)
columbia::fa226,Columbia Tools,FA226,2,2,2,2,MARKET_PRICE_CONFLICT,,0.55,1.10,0,1.10,single_observation,"COLFA226 6-32 X 3/16"" Flat Slot",,0,,,,0.55,0,0.55,single_observation,Columbia 6-32 x 3/16 in. Flat Slot Screw (COLM-FA226)
columbia::ffb6a,Columbia Tools,FFB6A,2,2,2,2,MARKET_PRICE_CONFLICT,,0.55,1.88,0,1.88,single_observation,FFB6A Columbia Flat Box Box Wheel inOin Ring #6078,,0,,,,1.33,0,1.33,single_observation,"Columbia Box Wheel ""O"" Ring (Tire) (COLM-FFB6A)"
tapetech::140003,TapeTech,140003,2,2,2,2,MARKET_PRICE_CONFLICT,,0.55,30.59,0,30.59,single_observation,TapeTech MudRunner Tube Cap 140003,,0,,,,31.14,0,31.14,single_observation,TapeTech TUBE CAP (TAPE-140003)
tapetech::402012,TapeTech,402012,2,2,2,2,MARKET_PRICE_CONFLICT,,0.55,25.39,0,25.39,single_observation,"TapeTech 3"" CF Ball Retainer 402012",25.94,0,25.94,single_observation,402012 - Ball Retainer,,0,,,
columbia::8cfb,Columbia Tools,8CFB,2,2,2,2,MARKET_PRICE_CONFLICT,,0.54,324.99,0,324.99,single_observation,"Columbia 8"" ThrottleBox Angle Box 8CFB",324.45,0,324.45,single_observation,"Columbia 8"" ThrottleBox Angle Box",,0,,,
columbia::cf3b,Columbia Tools,CF3B,2,2,2,2,MARKET_PRICE_CONFLICT,,0.54,2.70,0,2.70,single_observation,Columbia Wheel for Corner Flusher,2.16,0,2.16,single_observation,Columbia Wheel for Corner Flusher,,0,,,
columbia::fa255,Columbia Tools,FA255,2,2,2,2,MARKET_PRICE_CONFLICT,,0.54,1.88,0,1.88,single_observation,FA255 Columbia 8-32 Nyloc Jam Nut #6020,,0,,,,1.34,0,1.34,single_observation,Columbia 8-32 Nyloc Jam Nut (COLM-FA255)
columbia::ffb32a,Columbia Tools,FFB32A,2,2,2,2,MARKET_PRICE_CONFLICT,,0.54,1.70,0,1.70,single_observation,FFB32A Columbia Flat Box Thumb Release Clip Screw,,0,,,,1.16,0,1.16,single_observation,Columbia Thumb Clip Door Release/Stop Bolt (COLM-FFB32A)
columbia::fa234,Columbia Tools,FA234,2,2,2,2,MARKET_PRICE_CONFLICT,,0.53,1.85,0,1.85,single_observation,FA234 Columbia 6-32 Nyloc Jam Nut #6014,,0,,,,1.32,0,1.32,single_observation,Columbia 6-32 Nyloc Jam Nut (COLM-FA234)
columbia::fa261,Columbia Tools,FA261,2,2,2,2,MARKET_PRICE_CONFLICT,,0.52,1.21,0,1.21,single_observation,"8-32 X 3/8"" Socket Hd Screw",,0,,,,0.69,0,0.69,single_observation,Columbia 8-32 x 3/8 in. Socket Screw (COLM-FA261)
columbia::hh23,Columbia Tools,HH23,2,2,2,2,MARKET_PRICE_CONFLICT,,0.52,1.78,0,1.78,single_observation,COLHH23 Piston O-Ring for Hydra Handle,,0,,,,1.26,0,1.26,single_observation,Columbia Piston O-Ring for Hydra Reach Flat Box Handle (COLM-HH23)
tapetech::602035,TapeTech,602035,2,2,2,2,MARKET_PRICE_CONFLICT,,0.52,9.59,0,9.59,single_observation,TapeTech Adjustable Stop 602035,,0,,,,9.07,0,9.07,single_observation,TapeTech ADJUSTABLE STOP (TAPE-602035)
tapetech::050500,TapeTech,050500,3,3,3,3,MARKET_PRICE_CONFLICT,,0.51,24.49,0,24.49,single_observation,TapeTech Metal Brake Roller 050500,25.00,0,25.00,single_observation,Metal Brake Roller - 050500,24.85,0,24.85,single_observation,TapeTech Brake Roller (TAPE-050500)
tapetech::054118f,TapeTech,054118F,2,2,2,2,MARKET_PRICE_CONFLICT,,0.51,33.19,0,33.19,single_observation,TapeTech Drive Dog Holder 054118F,,0,,,,33.70,0,33.70,single_observation,TapeTech DRIVE DOG HOLDER ASSEMBLY (REPLACES 050118) (TAPE-054118F)
tapetech::600005f,TapeTech,600005F,2,2,2,2,MARKET_PRICE_CONFLICT,,0.51,29.89,0,29.89,single_observation,"TapeTech 2"" Nail Spotter Blade 600005F",,0,,,,30.40,0,30.40,single_observation,TapeTech 2 in. Carbide Nail Spotter Blade (TAPE-600005)
tapetech::889027,TapeTech,889027,2,2,2,2,MARKET_PRICE_CONFLICT,,0.51,33.69,0,33.69,single_observation,TapeTech Lock Washer 889027,,0,,,,34.20,0,34.20,single_observation,TapeTech LOCK WASHER (TAPE-889027)
columbia::42bh,Columbia Tools,42BH,2,2,2,2,MARKET_PRICE_CONFLICT,,0.50,205.99,0,205.99,single_observation,"Columbia 42"" 180-Grip Flat Box Handle",205.49,0,205.49,single_observation,"Columbia 42"" 180-Grip Featherweight Flat Box Handle",,0,,,
columbia::fa200,Columbia Tools,FA200,2,2,2,2,MARKET_PRICE_CONFLICT,,0.50,1.05,0,1.05,single_observation,"FA200 1/16"" X 1/4"" Split Pin #6001",,0,,,,0.55,0,0.55,single_observation,Columbia 1/16 x 1/4 Split Pin (COLM-FA200)
columbia::fa201,Columbia Tools,FA201,2,2,2,2,MARKET_PRICE_CONFLICT,,0.50,1.05,0,1.05,single_observation,FA201 Columbia 1/16in X 3/8in Split Pin #6002,,0,,,,0.55,0,0.55,single_observation,Columbia 1/16 x 3/8 Split Pin (COLM-FA201)
columbia::fa209,Columbia Tools,FA209,2,2,2,2,MARKET_PRICE_CONFLICT,,0.50,1.05,0,1.05,single_observation,FA209 Columbia 4-40 X 1/8in Flat Head Screw #6004,,0,,,,0.55,0,0.55,single_observation,Columbia 4-40 x 1/8 Flat Slot (COLM-FA209)
columbia::fa219,Columbia Tools,FA219,2,2,2,2,MARKET_PRICE_CONFLICT,,0.50,1.05,0,1.05,single_observation,FA219 Columbia 4-40 X 1/2in Fill. Head Screw #6005,,0,,,,0.55,0,0.55,single_observation,Columbia 4-40 x 1/2 Fillister Slot (COLM-FA219)
columbia::fa253,Columbia Tools,FA253,2,2,2,2,MARKET_PRICE_CONFLICT,,0.50,1.05,0,1.05,single_observation,FA253 Columbia #8 Flat Washer #6019,,0,,,,0.55,0,0.55,single_observation,Columbia #8 Flat Washer (COLM-FA253)
columbia::fa276,Columbia Tools,FA276,2,2,2,2,MARKET_PRICE_CONFLICT,,0.50,1.05,0,1.05,single_observation,FA276 Columbia 10-24 X 7/8 Pan Head Screw #6033,,0,,,,0.55,0,0.55,single_observation,Columbia 10-24 x 7/8 in. Binder Slot Screw (COLM-FA276)
columbia::fa278,Columbia Tools,FA278,2,2,2,2,MARKET_PRICE_CONFLICT,,0.50,1.05,0,1.05,single_observation,FA278 Columbia #8 Belleville Washer #6035,,0,,,,0.55,0,0.55,single_observation,Columbia #8 Belleville Washer (COLM-FA278)
columbia::fa280,Columbia Tools,FA280,2,2,2,2,MARKET_PRICE_CONFLICT,,0.50,1.05,0,1.05,single_observation,FA280 Columbia #10 Belleville Washer,,0,,,,0.55,0,0.55,single_observation,Columbia #10 Belleville Washer (COLM-FA280)
columbia::fa295,Columbia Tools,FA295,2,2,2,2,MARKET_PRICE_CONFLICT,,0.50,1.05,0,1.05,single_observation,FA295 Columbia 1/4-20 X 1/2in Flat Socket #6045,,0,,,,0.55,0,0.55,single_observation,Columbia -20 x  in. Flat Head Socket Screw (COLM-FA295)
columbia::fa298,Columbia Tools,FA298,2,2,2,2,MARKET_PRICE_CONFLICT,,0.50,1.05,0,1.05,single_observation,FA298 Columbia 1/4-20 X 7/8in Flat Socket #6048,,0,,,,0.55,0,0.55,single_observation,Columbia -20 x 7/8 in. Flat Socket Screw (COLM-FA298)
columbia::fa314,Columbia Tools,FA314,2,2,2,2,MARKET_PRICE_CONFLICT,,0.50,1.05,0,1.05,single_observation,Columbia Pan Slot COLFA314,,0,,,,0.55,0,0.55,single_observation,Columbia 10-24 x 1-1/2 in. Pan Slot Screw (COLM-FA314)
columbia::mh,Columbia Tools,MH,3,3,3,2,MARKET_PRICE_CONFLICT,,0.50,351.99,0,351.99,single_observation,Columbia MATRIX Extendable Flat Box Handle,351.49,0,351.49,single_observation,Columbia MATRIX Extendable Flat Box Handle,351.49,0,351.49,single_observation,Columbia Matrix Flat Box Handle
surpro::ss1009,SurPro,SS1009,2,2,2,2,MARKET_PRICE_CONFLICT,,0.50,,0,,,,15.50,0,15.50,single_observation,Sur-Stilt Heel Bracket Kit,15.00,0,15.00,single_observation,SurPro Stilt Heel Bracket Kit
tapetech::050109f,TapeTech,050109F,2,2,2,2,MARKET_PRICE_CONFLICT,,0.50,28.09,0,28.09,single_observation,TapeTech Drive Hub 050109F,,0,,,,28.59,0,28.59,single_observation,TapeTech Drive Hub (TAPE-050109F)
tapetech::052576,TapeTech,052576,2,2,2,2,MARKET_PRICE_CONFLICT,,0.50,18.99,0,18.99,single_observation,TapeTech Brake Spring Mount 052576,,0,,,,18.49,0,18.49,single_observation,TapeTech Brake Spring Mount (TAPE-052576)
tapetech::204005,TapeTech,204005,2,2,2,2,MARKET_PRICE_CONFLICT,,0.50,28.09,0,28.09,single_observation,"TapeTech 7"" Clamp Assembly 204005",,0,,,,28.59,0,28.59,single_observation,TapeTech CLAMP ASSEMBLY
tapetech::700004f,TapeTech,700004F,3,3,3,3,MARKET_PRICE_CONFLICT,,0.50,30.99,0,30.99,single_observation,TapeTech Gland 700004F,31.24,0,31.24,single_observation,Gland - 700004,31.49,0,31.49,single_observation,TapeTech GLAND
tapetech::704040,TapeTech,704040,2,2,2,2,MARKET_PRICE_CONFLICT,,0.50,28.09,0,28.09,single_observation,TapeTech Filler Tube Assembly 704040,,0,,,,28.59,0,28.59,single_observation,TapeTech FILLER TUBE ASSY (TAPE-704040)
columbia::fa231,Columbia Tools,FA231,2,2,2,2,MARKET_PRICE_CONFLICT,,0.49,1.55,0,1.55,single_observation,"Columbia #6 X 3/8"" Hex Bolt COLFA231",,0,,,,1.06,0,1.06,single_observation,Columbia 6-32 x 3/8 in. Hex Bolt (COLM-FA231)
columbia::fa285,Columbia Tools,FA285,2,2,2,2,MARKET_PRICE_CONFLICT,,0.49,1.65,0,1.65,single_observation,FA285 Columbia 1/4in Plastic Washer #6039,,0,,,,1.16,0,1.16,single_observation,Columbia 1/4 x 1/8 Plastic Washer (COLM-FA285)
columbia::hns14b,Columbia Tools,HNS14B,2,2,2,2,MARKET_PRICE_CONFLICT,,0.49,1.53,0,1.53,single_observation,HNS14B Columbia Nail Spotter Handle Rivet #12633,,0,,,,1.04,0,1.04,single_observation,Columbia Handle Rivet for Hinged Nail Spotter (COLM-HNS14B)
tapetech::130005,TapeTech,130005,2,2,2,2,MARKET_PRICE_CONFLICT,,0.49,22.59,0,22.59,single_observation,TapeTech Guide 130005,23.08,0,23.08,single_observation,130005 - Guide Mud Tube,,0,,,
tapetech::qb6011,TapeTech,QB6011,2,2,2,2,MARKET_PRICE_CONFLICT,,0.49,23.59,0,23.59,single_observation,TapeTech Seal QB6011,24.08,0,24.08,single_observation,Seal - QB6011,,0,,,
usg-sheetrock::340800,USG Sheetrock Tools,340800,2,2,2,2,MARKET_PRICE_CONFLICT,,0.49,16.99,0,16.99,single_observation,Sheetrock Dimpler Drywall Screw Setting Tool,17.48,0,17.48,single_observation,Sheetrock Dimpler Drywall Screw Setting Tool,,0,,,
columbia::cobcr,Columbia Tools,COBCR,3,3,3,2,MARKET_PRICE_CONFLICT,,0.48,87.00,0,87.00,single_observation,Columbia 90° Outside Bead Corner Roller,86.52,0,86.52,single_observation,Columbia Taping Tools Standard Outside 90 Corner Bead Roller,86.52,0,86.52,single_observation,Columbia Outside 90 Degree Bead Roller
columbia::cobcrw,Columbia Tools,COBCRW,2,2,2,2,MARKET_PRICE_CONFLICT,,0.48,87.00,0,87.00,single_observation,Columbia Tools Wide Outside Bead Roller,86.52,0,86.52,single_observation,Columbia Taping Tools Superwide Outside 90 Corner Bead Roller,,0,,,
columbia::6bh,Columbia Tools,6BH,2,2,2,2,MARKET_PRICE_CONFLICT,,0.47,232.99,0,232.99,single_observation,"Columbia 72"" 180-Grip Flat Box Handle",232.52,0,232.52,single_observation,"Columbia 72"" 180-Grip Featherweight Flat Box Handle",,0,,,
columbia::cltha,Columbia Tools,CLTHA,3,3,3,2,MARKET_PRICE_CONFLICT,,0.47,86.99,0,86.99,single_observation,Columbia Tomalock Adaptor,86.52,0,86.52,single_observation,Columbia Tomalock Smoothing Blade Adaptor Tomahawk Handle,86.52,0,86.52,single_observation,Columbia Tomalock Adaptor
columbia::fa281,Columbia Tools,FA281,2,2,2,2,MARKET_PRICE_CONFLICT,,0.47,1.95,0,1.95,single_observation,FA281 Columbia 10-32 X Nyloc Jam Nut #6038,,0,,,,1.48,0,1.48,single_observation,Columbia 10-32 Nyloc Jam Nut (COLM-FA281)
columbia::tsb18,Columbia Tools,TSB-18,3,3,3,2,MARKET_PRICE_CONFLICT,,0.47,86.99,0,86.99,single_observation,"Columbia 18"" Tomahawk Smoothing Blade",86.52,0,86.52,single_observation,"Columbia 18"" Tomahawk Smoothing Blade",86.52,0,86.52,single_observation,Columbia 18 in. Tomahawk Smoothing Blade
tapetech::050402b,TapeTech,050402B,2,2,2,2,MARKET_PRICE_CONFLICT,,0.47,21.49,0,21.49,single_observation,"TapeTech Band Clamp, Black 050402B",21.96,0,21.96,single_observation,Band Clamp - 050402B,,0,,,
tapetech::402033,TapeTech,402033,2,2,2,2,MARKET_PRICE_CONFLICT,,0.47,22.19,0,22.19,single_observation,TapeTech Threaded Angle Head Ball Coupling 402033,22.66,0,22.66,single_observation,Ball Coupling - Threaded Angle Head Ball - 402033,,0,,,
tapetech::882012,TapeTech,882012,3,3,3,3,MARKET_PRICE_CONFLICT,,0.47,21.59,0,21.59,single_observation,TapeTech Actuator Clip Pin 882012,22.06,0,22.06,single_observation,882012 - Actuator Clip Pin,21.92,0,21.92,single_observation,TapeTech ACTUATOR CLIP PIN (TAPE-882012)
columbia::7ffb,Columbia Tools,7FFB,2,2,2,2,MARKET_PRICE_CONFLICT,,0.46,378.99,0,378.99,single_observation,"Columbia 7"" Flat Finishing Box",378.53,0,378.53,single_observation,Columbia Drywall Taping Tools 7” Hinged Flat Finisher Box,,0,,,
tapetech::050019,TapeTech,050019,2,2,2,2,MARKET_PRICE_CONFLICT,,0.46,23.69,0,23.69,single_observation,TapeTech Disengaging Cam 050019,,0,,,,24.15,0,24.15,single_observation,TapeTech DISENGAGING CAM (TAPE-050019)
tapetech::480005,TapeTech,480005,3,3,3,3,MARKET_PRICE_CONFLICT,,0.46,7.09,0,7.09,single_observation,TapeTech Blade Tension Spring 480005,7.24,0,7.24,single_observation,480005 - Blade Tension Spring (Large),7.55,0,7.55,single_observation,TapeTech Blade Tension Spring (TAPE-480005)
columbia::ct76,Columbia Tools,CT76,2,2,2,2,MARKET_PRICE_CONFLICT,,0.45,1.43,0,1.43,single_observation,CT76 Columbia Taper Nylatron Washer #5847,,0,,,,0.98,0,0.98,single_observation,Columbia Nylatron Washer (COLM-CT76)
columbia::fa222,Columbia Tools,FA222,2,2,2,2,MARKET_PRICE_CONFLICT,,0.45,1.00,0,1.00,single_observation,FA222 Columbia 5-40 X 3/8in Bind Head Screw #6008,,0,,,,0.55,0,0.55,single_observation,Columbia 5-40 x 3/8 in. Pan Slot Screw (COLM-FA222)
tapetech::409011,TapeTech,409011,3,3,3,3,MARKET_PRICE_CONFLICT,,0.45,3.08,0,3.08,single_observation,TapeTech Skid 409011,3.53,0,3.53,single_observation,Skid Blade - 409011,3.32,0,3.32,single_observation,TapeTech Angle Head Side Skid (TAPE-409011)
tapetech::420009,TapeTech,420009,2,2,2,2,MARKET_PRICE_CONFLICT,,0.45,24.29,0,24.29,single_observation,"TapeTech 2.5"" Carbide Blade CF 420009",,0,,,,24.74,0,24.74,single_observation,TapeTech 2.5 in. Carbide Angle Head Blade (TAPE-420009)
columbia::cmh,Columbia Tools,CMH,3,3,3,2,MARKET_PRICE_CONFLICT,,0.43,113.99,0,113.99,single_observation,"Columbia Closet Monster 18"" Handle",113.56,0,113.56,single_observation,"Columbia Closet Monster 18"" Flat Box Handle",113.56,0,113.56,single_observation,Columbia Closet Monster Flat Box Handle
tapetech::402002f,TapeTech,402002F,2,2,2,2,MARKET_PRICE_CONFLICT,,0.43,23.19,0,23.19,single_observation,TapeTech Spring Retainer Stop 402002F,,0,,,,23.62,0,23.62,single_observation,TapeTech SPRING RETAINER (TAPE-402002F)
tapetech::639020,TapeTech,639020,3,3,3,2,MARKET_PRICE_CONFLICT,,0.43,1.29,0,1.29,single_observation,TapeTech Plastic Washer 639020,1.72,0,1.72,single_observation,Plastic Washer - 639020,1.29,0,1.29,single_observation,TapeTech PLASTIC WASHER
columbia::fa290,Columbia Tools,FA290,2,2,2,2,MARKET_PRICE_CONFLICT,,0.42,1.90,0,1.90,single_observation,1/4-20 Nyloc Nut,,0,,,,1.48,0,1.48,single_observation,Columbia ¼-20 Nyloc Nut (COLM-FA290)
tapetech::050043f,TapeTech,050043F,2,2,2,2,MARKET_PRICE_CONFLICT,,0.41,21.69,0,21.69,single_observation,TapeTech Anvil 050043F,,0,,,,22.10,0,22.10,single_observation,TapeTech ANVIL (TAPE-050043F)
tapetech::050050f,TapeTech,050050F,2,2,2,2,MARKET_PRICE_CONFLICT,,0.41,26.29,0,26.29,single_observation,TapeTech Needle Holder 050050F,,0,,,,26.70,0,26.70,single_observation,TapeTech NEEDLE HOLDER (TAPE-050050F)
tapetech::050140f,TapeTech,050140F,3,3,3,3,MARKET_PRICE_CONFLICT,,0.41,17.19,0,17.19,single_observation,TapeTech 3-48 Special Tie Rod 050140F,17.60,0,17.60,single_observation,3-48 Special Tie Rod - 050140F,17.50,0,17.50,single_observation,TapeTech 3-48 SPEC. TIE ROD (TAPE-050140F)
tapetech::050150f,TapeTech,050150F,2,2,2,2,MARKET_PRICE_CONFLICT,,0.41,25.39,0,25.39,single_observation,TapeTech Hub 050150F,,0,,,,25.80,0,25.80,single_observation,TapeTech HUB (TAPE-050150F)
tapetech::054095f,TapeTech,054095F,2,2,2,2,MARKET_PRICE_CONFLICT,,0.41,26.29,0,26.29,single_observation,TapeTech Long Creaser Assembly 054095F,,0,,,,26.70,0,26.70,single_observation,TapeTech LONG CREASER ASSEMBLY (TAPE-054095F)
tapetech::059029,TapeTech,059029,3,3,3,3,MARKET_PRICE_CONFLICT,,0.41,0.99,0,0.99,single_observation,TapeTech 6-32 X 5/8 Flat Head Screw 059029,1.40,0,1.40,single_observation,6-32 X 5/8 Flat Hd Screw - 059029,1.19,0,1.19,single_observation,TapeTech 6-32 X 5/8 Flat Head Screw SST (TAPE-059029)
tapetech::059047,TapeTech,059047,3,3,3,3,MARKET_PRICE_CONFLICT,,0.41,0.99,0,0.99,single_observation,TapeTech 2-56 X 1/8 Bind Head Screw 059047,1.40,0,1.40,single_observation,2-56 X 1/8 Bind Hd Screw - 059047,1.19,0,1.19,single_observation,"TapeTech 2/56 X 1/8"" Bind Head Screw SST"
tapetech::059087,TapeTech,059087,3,3,3,3,MARKET_PRICE_CONFLICT,,0.41,0.99,0,0.99,single_observation,TapeTech 3-48 Miniature Hex Nut 59087,1.40,0,1.40,single_observation,3-48 Hex Miniature Nut - 059087,1.15,0,1.15,single_observation,TapeTech 3-48 Miniature Hex Nut (TAPE-059087)
tapetech::190002,TapeTech,190002,3,3,3,3,MARKET_PRICE_CONFLICT,,0.41,15.89,0,15.89,single_observation,TapeTech Xtender Block 190002,16.30,0,16.30,single_observation,190002 - Block,16.22,0,16.22,single_observation,TapeTech BLOCK (TAPE-190002)
tapetech::489020,TapeTech,489020,3,3,3,3,MARKET_PRICE_CONFLICT,,0.41,0.99,0,0.99,single_observation,TapeTech 4-40x5/16 Nylock Pan Hd Screw 489020,1.40,0,1.40,single_observation,4-40x5/16 Nylock Pan Hd Screw - 489020,1.15,0,1.15,single_observation,TapeTech 4-40X5/16 SCREW (TAPE-489020)
tapetech::499025,TapeTech,499025,3,3,3,3,MARKET_PRICE_CONFLICT,,0.41,0.99,0,0.99,single_observation,TapeTech MudRunner 6-32 X 1/2 Bind Head Screw 499025,1.40,0,1.40,single_observation,"6-32 X 1/2"" Bind Head Screw - 499025",1.19,0,1.19,single_observation,TapeTech 6-32 X 1/2 BINDING HEAD SCREW (TAPE-499025)
tapetech::190034,TapeTech,190034,2,2,2,2,MARKET_PRICE_CONFLICT,,0.40,24.49,0,24.49,single_observation,TapeTech Xtender Coupler 190034,,0,,,,24.89,0,24.89,single_observation,TapeTech COUPLER (TAPE-190034)
columbia::12ffba,Columbia Tools,12FFBA,2,2,2,2,MARKET_PRICE_CONFLICT,,0.39,432.99,0,432.99,single_observation,"Columbia 12"" Automatic Assist Drywall Flat Box",,0,,,,432.60,0,432.60,single_observation,Columbia 12 in. Automatic Assist Flat Box
tapetech::052149,TapeTech,052149,2,2,2,2,MARKET_PRICE_CONFLICT,,0.39,2.13,0,2.13,single_observation,TapeTech Tenite Bearing 052149,2.52,0,2.52,single_observation,Tenite Bearing - 052149,,0,,,
columbia::pts,Columbia Tools,PTS,3,3,3,3,MARKET_PRICE_CONFLICT,,0.38,5962.99,0,5962.99,single_observation,Columbia Predator Tactical Set,5962.62,0,5962.62,single_observation,Columbia Tactical Set with Predator Upgrade,5962.61,0,5962.61,single_observation,Columbia Predator Tactical Set
tapetech::059078,TapeTech,059078,2,2,2,2,MARKET_PRICE_CONFLICT,,0.38,3.67,0,3.67,single_observation,TapeTech Nyliner Bearing 059078,,0,,,,4.05,0,4.05,single_observation,TapeTech Bearing Nyliner
tapetech::059082,TapeTech,059082,2,2,2,2,MARKET_PRICE_CONFLICT,,0.38,4.04,0,4.04,single_observation,TapeTech Drum Washer 059082,,0,,,,4.42,0,4.42,single_observation,TapeTech Drum Washer (TAPE-059082)
columbia::25df,Columbia Tools,2.5DF,2,2,2,2,MARKET_PRICE_CONFLICT,,0.37,127.99,0,127.99,single_observation,"Columbia 2.5"" Direct Corner Flusher",127.62,0,127.62,single_observation,"Columbia Taping Tools 2.5"" Direct Drywall Corner Flusher",,0,,,
columbia::cext90,Columbia Tools,CEXT90,3,3,3,2,MARKET_PRICE_CONFLICT,,0.37,127.99,0,127.99,single_observation,Columbia Outside 90 Applicator Head,127.62,0,127.62,single_observation,Columbia Outside 90 Corner Applicator Head,127.62,0,127.62,single_observation,Columbia Outside 90 Degree Mud Applicator
tapetech::050068,TapeTech,050068,2,2,2,2,MARKET_PRICE_CONFLICT,,0.37,4.15,0,4.15,single_observation,TapeTech Gooser & Cutter Chain Stop 050068,,0,,,,4.52,0,4.52,single_observation,TapeTech Gooser & Cutter Chain Stop (TAPE-050068)
columbia::fa267,Columbia Tools,FA267,2,2,2,2,MARKET_PRICE_CONFLICT,,0.36,1.05,0,1.05,single_observation,FA267 Columbia 8-32 X 1.5in Pan Head Screw #6027,,0,,,,0.69,0,0.69,single_observation,Columbia 8-32 x 1-1/2 Pan Head (COLM-FA267)
columbia::12itfb,Columbia Tools,12ITFB,2,2,2,2,MARKET_PRICE_CONFLICT,,0.35,459.99,0,459.99,single_observation,"Columbia Inside Track Fat Boy Flat Box 12""",,0,,,,459.64,0,459.64,single_observation,Columbia 12 in. Inside Track Fat Boy Flat Box
columbia::7cfb,Columbia Tools,7CFB,2,2,2,2,MARKET_PRICE_CONFLICT,,0.35,313.99,0,313.99,single_observation,"Columbia 7"" ThrottleBox Angle Box 7CFB",313.64,0,313.64,single_observation,"Columbia 7"" ThrottleBox Angle Box",,0,,,
tapetech::050137f,TapeTech,050137F,2,2,2,2,MARKET_PRICE_CONFLICT,,0.35,23.39,0,23.39,single_observation,TapeTech Cutter Block Clamp 050137F,,0,,,,23.74,0,23.74,single_observation,TapeTech CUTTER BLOCK CLAMP (TAPE-050137F)
tapetech::140015,TapeTech,140015,2,2,2,2,MARKET_PRICE_CONFLICT,,0.35,19.39,0,19.39,single_observation,TapeTech MudRunner Connector 140015,,0,,,,19.74,0,19.74,single_observation,TapeTech Connector
tapetech::350008,TapeTech,350008,2,2,2,2,MARKET_PRICE_CONFLICT,,0.35,22.69,0,22.69,single_observation,"TapeTech 8"" Angle Box Wiper 350008",,0,,,,23.04,0,23.04,single_observation,"TapeTech 8"" WIPERS (TAPE-350008)"
columbia::fa224,Columbia Tools,FA224,2,2,2,2,MARKET_PRICE_CONFLICT,,0.34,1.15,0,1.15,single_observation,FA224 Columbia 1/8in X 3/8in Split Pin #6009,,0,,,,0.81,0,0.81,single_observation,Columbia 1/8 x 3/8 Split Pin (COLM-FA224)
columbia::fa245,Columbia Tools,FA245,2,2,2,2,MARKET_PRICE_CONFLICT,,0.34,1.05,0,1.05,single_observation,FA245 Columbia 6-32 X 1/2in Fill. Head Screw #6017,,0,,,,0.71,0,0.71,single_observation,Columbia 6-32 x 1/2 Fillister Slot (COLM-FA245)
tapetech::qb6004,TapeTech,QB6004,2,2,2,2,MARKET_PRICE_CONFLICT,,0.34,14.29,0,14.29,single_observation,TapeTech Blade Holder QB6004,14.63,0,14.63,single_observation,Blade Holder - QB6004,,0,,,
columbia::fa288,Columbia Tools,FA288,2,2,2,2,MARKET_PRICE_CONFLICT,,0.33,2.36,0,2.36,single_observation,FA288 Columbia 1/4in X 1/2in Split Pin #6040,,0,,,,2.03,0,2.03,single_observation,Columbia  x  in. Split Pin (COLM-FA288)
tapetech::052401b,TapeTech,052401B,2,2,2,2,MARKET_PRICE_CONFLICT,,0.33,14.79,0,14.79,single_observation,"TapeTech Plunger Stop, Small 052401B",,0,,,,15.12,0,15.12,single_observation,Plunger Stop Small (TAPE-052401B)
columbia::mhs,Columbia Tools,MHS,3,3,3,2,MARKET_PRICE_CONFLICT,,0.32,340.99,0,340.99,single_observation,Columbia MATRIX Extendable Short Flat Box Handle,340.67,0,340.67,single_observation,"Columbia Short Matrix Flat Box Handle 29""-39""",340.67,0,340.67,single_observation,Columbia Matrix Short Flat Box Handle
columbia::fa296,Columbia Tools,FA296,2,2,2,2,MARKET_PRICE_CONFLICT,,0.31,1.00,0,1.00,single_observation,FA296 Columbia 1/4-20 X 1/2in Hex Bolt #6046,,0,,,,0.69,0,0.69,single_observation,Columbia 1/4-20 x 1/2 Hex Bolt (COLM-FA296)
tapetech::880053,TapeTech,880053,2,2,2,2,MARKET_PRICE_CONFLICT,,0.31,18.89,0,18.89,single_observation,TapeTech Lock Block 880053,,0,,,,19.20,0,19.20,single_observation,TapeTech LOCK BLOCK (TAPE-880053)
columbia::cc,Columbia Tools,CC,3,3,3,3,MARKET_PRICE_CONFLICT,,0.30,368.00,0,368.00,single_observation,Columbia Corner Cobra Adjustable Roller,367.71,0,367.71,single_observation,Columbia Corner Cobra Adjustable Inside & Outside Corner Roller,367.70,0,367.70,single_observation,Columbia Corner Cobra
tapetech::729009,TapeTech,729009,2,2,2,2,MARKET_PRICE_CONFLICT,,0.30,15.19,0,15.19,single_observation,TapeTech U-Cup Wiper 729009,,0,,,,15.49,0,15.49,single_observation,TapeTech Mud Pump Piston U-Cup (TAPE-729009)
columbia::tl38,Columbia Tools,TL3-8,2,2,2,2,MARKET_PRICE_CONFLICT,,0.29,75.99,0,75.99,single_observation,Columbia Twist Lock Extendable Handle,,0,,,,75.70,0,75.70,single_observation,Columbia Twist Lock Handle 3-8 ft.
tapetech::209046,TapeTech,209046,3,3,3,3,MARKET_PRICE_CONFLICT,,0.29,5.39,0,5.39,single_observation,TapeTech Flat Box Washer 209046,5.68,0,5.68,single_observation,209046 - Flat Box Washer,5.52,0,5.52,single_observation,TapeTech Washer (TAPE-209046)
columbia::3bbh,Columbia Tools,3BBH,2,2,2,2,MARKET_PRICE_CONFLICT,,0.28,221.99,0,221.99,single_observation,"Columbia 36"" 180-Grip Bent Flat Box Handle",221.71,0,221.71,single_observation,Columbia 3' 180 Grip Bent Box Handle,,0,,,
columbia::55ffb,Columbia Tools,5.5FFB,2,2,2,2,MARKET_PRICE_CONFLICT,,0.28,367.99,0,367.99,single_observation,"Columbia 5.5"" Flat Finishing Box",367.71,0,367.71,single_observation,"Columbia 5.5"" Drywall Flat Finisher Box",,0,,,
columbia::5bh,Columbia Tools,5BH,2,2,2,2,MARKET_PRICE_CONFLICT,,0.28,221.99,0,221.99,single_observation,"Columbia 60"" 180-Grip Flat Box Handle",221.71,0,221.71,single_observation,"Columbia 60"" 180-Grip Featherweight Flat Box Handle",,0,,,
columbia::bf,Columbia Tools,BF,3,3,3,2,MARKET_PRICE_CONFLICT,,0.28,75.99,0,75.99,single_observation,Columbia Box Filler Fitting,75.71,0,75.71,single_observation,Columbia Box Filler,75.71,0,75.71,single_observation,Columbia Box Filler
columbia::cmt42,Columbia Tools,CMT42,2,2,2,2,MARKET_PRICE_CONFLICT,,0.28,221.99,0,221.99,single_observation,"Columbia 42"" Compound Mud Tube",221.71,0,221.71,single_observation,"Columbia 42"" Drywall Corner Finishing Compound Mud Tube",,0,,,
columbia::tbbf,Columbia Tools,TBBF,2,2,2,2,MARKET_PRICE_CONFLICT,,0.28,75.99,0,75.99,single_observation,Columbia Tall Boy Box Filler,,0,,,,75.71,0,75.71,single_observation,Columbia Tall Boy Box Filler
columbia::tsb14,Columbia Tools,TSB-14,3,3,3,3,MARKET_PRICE_CONFLICT,,0.28,75.99,0,75.99,single_observation,"Columbia 14"" Tomahawk Smoothing Blade",75.71,0,75.71,single_observation,"Columbia 14"" Tomahawk Smoothing Blade",75.72,0,75.72,single_observation,Columbia 14 in. Tomahawk Smoothing Blade
tapetech::050004,TapeTech,050004,2,2,2,2,MARKET_PRICE_CONFLICT,,0.28,14.09,0,14.09,single_observation,TapeTech Wiper Retainer 050004,,0,,,,14.37,0,14.37,single_observation,TapeTech WIPER RETAINER (TAPE-050004)
tapetech::050079,TapeTech,050079,2,2,2,2,MARKET_PRICE_CONFLICT,,0.28,16.29,0,16.29,single_observation,TapeTech Creaser Crank 050079,,0,,,,16.57,0,16.57,single_observation,TapeTech Creaser Crank
tapetech::054028,TapeTech,054028,2,2,2,2,MARKET_PRICE_CONFLICT,,0.28,18.89,0,18.89,single_observation,TapeTech Gooser Body Assembly 054028,,0,,,,19.17,0,19.17,single_observation,TapeTech GOOSER BODY ASSEMBLY (TAPE-054028)
tapetech::190033,TapeTech,190033,2,2,2,2,MARKET_PRICE_CONFLICT,,0.28,18.69,0,18.69,single_observation,TapeTech Xtender Adjuster 190033,,0,,,,18.97,0,18.97,single_observation,TapeTech ADJUSTER (TAPE-190033)
tapetech::310097,TapeTech,310097,2,2,2,2,MARKET_PRICE_CONFLICT,,0.28,13.79,0,13.79,single_observation,"TapeTech 12"" Seal Plate for PowerAssist /EasyClean® Boxes 310097",14.07,0,14.07,single_observation,"12"" Seal Plate - 310097",,0,,,
tapetech::480007f,TapeTech,480007F,2,2,2,2,MARKET_PRICE_CONFLICT,,0.28,16.29,0,16.29,single_observation,"TapeTech Spring Adjusting Cam, Right 480007F",,0,,,,16.57,0,16.57,single_observation,"TapeTech Spring Adjuster Cam, Left (TAPE-480007F)"
tapetech::480026,TapeTech,480026,3,3,3,3,MARKET_PRICE_CONFLICT,,0.28,11.39,0,11.39,single_observation,TapeTech Wheel 480026,11.67,0,11.67,single_observation,480026 - TapeTech Replacement Angle Head Wheel,11.60,0,11.60,single_observation,TapeTech Wheel (TAPE-480026)
tapetech::889052,TapeTech,889052,2,2,2,2,MARKET_PRICE_CONFLICT,,0.28,1.12,0,1.12,single_observation,TapeTech 6-32 X 1/4 Hex Cap Screw 889052,1.40,0,1.40,single_observation,"6-32 X 1/4"" Hex Cap Screw - 889052",,0,,,
tapetech::050058,TapeTech,050058,3,3,3,3,MARKET_PRICE_CONFLICT,,0.27,11.59,0,11.59,single_observation,TapeTech Control Valve 50058,11.86,0,11.86,single_observation,Control Valve - 050058,11.79,0,11.79,single_observation,TapeTech Control Valve (TAPE-050058)
tapetech::801009,TapeTech,801009,3,3,3,3,MARKET_PRICE_CONFLICT,,0.27,10.69,0,10.69,single_observation,TapeTech Coupling Pin 801009,10.96,0,10.96,single_observation,Coupling Pin - 801009,10.94,0,10.94,single_observation,TapeTech COUPLING PIN  (REPAIR ONLY BOX HANDLES) (TAPE-801009)
tapetech::809004,TapeTech,809004,3,3,3,3,MARKET_PRICE_CONFLICT,,0.27,1.17,0,1.17,single_observation,TapeTech 8-32 x 3/4 Socket Cup Point Setscrew 809004,1.05,0,1.05,single_observation,8-32 x 3/4 Hex Socket Screw - 809004,1.32,0,1.32,single_observation,TapeTech 8-32 X 5/8 SETSCREW SOCKET CUP PT
columbia::cmt32,Columbia Tools,CMT32,2,2,2,2,MARKET_PRICE_CONFLICT,,0.26,208.99,0,208.99,single_observation,"Columbia 32"" Compound Mud Tube",208.73,0,208.73,single_observation,"Columbia 32"" Drywall Corner Finishing Compound Mud Tube",,0,,,
tapetech::050034f,TapeTech,050034F,2,2,2,2,MARKET_PRICE_CONFLICT,,0.26,14.49,0,14.49,single_observation,TapeTech Disengaging Rod 050034F,,0,,,,14.75,0,14.75,single_observation,TapeTech DISENGAGING ROD   (TAPE-050034F)
tapetech::050041f,TapeTech,050041F,2,2,2,2,MARKET_PRICE_CONFLICT,,0.26,,0,,,,42.61,0,42.61,single_observation,Disengaging Rod Bearing - 050041,42.35,0,42.35,single_observation,TapeTech DISENGAGING ROD BEARING (TAPE-050041F)
tapetech::050064f,TapeTech,050064F,2,2,2,2,MARKET_PRICE_CONFLICT,,0.26,16.09,0,16.09,single_observation,TapeTech Valve 050064F,,0,,,,16.35,0,16.35,single_observation,TapeTech VALVE (TAPE-050064F)
tapetech::050123,TapeTech,050123,2,2,2,2,MARKET_PRICE_CONFLICT,,0.26,15.39,0,15.39,single_observation,TapeTech Cam 050123,,0,,,,15.65,0,15.65,single_observation,TapeTech CAM (TAPE-050123)
tapetech::159010,TapeTech,159010,2,2,2,2,MARKET_PRICE_CONFLICT,,0.26,1.49,0,1.49,single_observation,TapeTech 8-32 x 3/8 Fillister Head Nyloc 159010,,0,,,,1.75,0,1.75,single_observation,"TapeTech 8-32 X 3/8"" FILLISTER HEAD SCREW (TAPE-159010)"
tapetech::212087,TapeTech,212087,3,3,3,3,MARKET_PRICE_CONFLICT,,0.26,11.79,0,11.79,single_observation,TapeTech Flat Box Lock 212087,12.05,0,12.05,single_observation,212087 - Flat Box Lock,11.97,0,11.97,single_observation,TapeTech LOCK (TAPE-212087)
tapetech::212090,TapeTech,212090,2,2,2,2,MARKET_PRICE_CONFLICT,,0.26,15.39,0,15.39,single_observation,TapeTech Power Assist Flat Box Spring 212090,,0,,,,15.65,0,15.65,single_observation,TapeTech SPRING (TAPE-212090)
tapetech::260071,TapeTech,260071,2,2,2,2,MARKET_PRICE_CONFLICT,,0.26,15.39,0,15.39,single_observation,TapeTech 10 Spacer Rod 260071,,0,,,,15.65,0,15.65,single_observation,"TapeTech 10"" SPACER ROD (TAPE-260071)"
tapetech::450021,TapeTech,450021,2,2,2,2,MARKET_PRICE_CONFLICT,,0.26,14.49,0,14.49,single_observation,TapeTech Blade Tension Spring 450021,,0,,,,14.75,0,14.75,single_observation,TapeTech Blade Tension Spring (TAPE-450021)
tapetech::729071,TapeTech,729071,2,2,2,2,MARKET_PRICE_CONFLICT,,0.26,1.99,0,1.99,single_observation,TapeTech Flange O-Ring 729071,2.25,0,2.25,single_observation,729071 - Flange O-Ring,,0,,,
tapetech::809024,TapeTech,809024,2,2,2,2,MARKET_PRICE_CONFLICT,,0.26,3.43,0,3.43,single_observation,TapeTech Socket Cup Point Setscrew 809024,,0,,,,3.69,0,3.69,single_observation,TapeTech 1/4-28X1/4 SOCKET SCREW (TAPE-809024)
tapetech::050134,TapeTech,050134,3,3,3,3,MARKET_PRICE_CONFLICT,,0.25,2.25,0,2.25,single_observation,TapeTech Chain Roller 050134,2.50,0,2.50,single_observation,Chain Roller - 050134,2.40,0,2.40,single_observation,TapeTech Chain Roller (TAPE-050134)
tapetech::050163,TapeTech,050163,2,2,2,2,MARKET_PRICE_CONFLICT,,0.25,13.39,0,13.39,single_observation,TapeTech Main Chain Guard 050163,,0,,,,13.64,0,13.64,single_observation,TapeTech MAIN CHAIN GUARD (TAPE-050163)
tapetech::054111f,TapeTech,054111F,2,2,2,2,MARKET_PRICE_CONFLICT,,0.25,,0,,,,17.75,0,17.75,single_observation,Gooser Guide - 054111,17.50,0,17.50,single_observation,TapeTech GOOSER GUIDE/BUSHING (TAPE-054111F)
tapetech::209016,TapeTech,209016,3,3,3,3,MARKET_PRICE_CONFLICT,,0.25,1.17,0,1.17,single_observation,TapeTech 4-40 X 7/32 Bd Hd Slot Screw 209016,1.05,0,1.05,single_observation,Screw 4-40 X 7/32 Bind Hd - 209016,1.30,0,1.30,single_observation,TapeTech 4-40 X 7/32 BIND HEAD SCREW SST (TAPE-209016)
tapetech::210071,TapeTech,210071,2,2,2,2,MARKET_PRICE_CONFLICT,,0.25,14.29,0,14.29,single_observation,"TapeTech 7"" Spacer Rod 210071",,0,,,,14.54,0,14.54,single_observation,TapeTech SPACER ROD (TAPE-210071)
tapetech::630030,TapeTech,630030,2,2,2,2,MARKET_PRICE_CONFLICT,,0.25,11.19,0,11.19,single_observation,"TapeTech 2"" Nail Spotter Insert 630030",,0,,,,11.44,0,11.44,single_observation,"TapeTech 2"" INSERT (TAPE-630030)"
tapetech::059129,TapeTech,059129,3,3,3,3,MARKET_PRICE_CONFLICT,,0.24,0.99,0,0.99,single_observation,TapeTech Cutter Block Pin 059129,0.95,0,0.95,single_observation,Cutter Block Pin - 059129,1.19,0,1.19,single_observation,TapeTech CUTTER BLOCK PIN (TAPE-059129)
tapetech::059164,TapeTech,059164,3,3,3,3,MARKET_PRICE_CONFLICT,,0.24,0.99,0,0.99,single_observation,TapeTech #6 Star Washer 059164,0.95,0,0.95,single_observation,059164 - #6 Star Washer,1.19,0,1.19,single_observation,TapeTech #6 EXT WASHER
tapetech::059217,TapeTech,059217,3,3,3,3,MARKET_PRICE_CONFLICT,,0.24,0.99,0,0.99,single_observation,TapeTech 4-40 X 3/8 Bind Hd Screw 059217,0.95,0,0.95,single_observation,059217 - 4-40 X 3/8 Bind Head Screw,1.19,0,1.19,single_observation,TapeTech 4-40 X 3/8 BIND HEAD SCREW SST (TAPE-059217)
tapetech::709006,TapeTech,709006,3,3,3,2,MARKET_PRICE_CONFLICT,,0.24,1.19,0,1.19,single_observation,TapeTech 1/4-20x5/8 Socket Capscreen 709006,0.95,0,0.95,single_observation,1/4-20x5/8 Socket Hd Capscrew - 709006,1.19,0,1.19,single_observation,TapeTech 1/4-20X5/8 SOCKET HEAD SCREW
tapetech::709007,TapeTech,709007,3,3,3,3,MARKET_PRICE_CONFLICT,,0.24,0.99,0,0.99,single_observation,TapeTech 5/16-24 Hex Nut 709007,0.95,0,0.95,single_observation,5/16-24 Hex Nut - 709007,1.19,0,1.19,single_observation,TapeTech 5/16-24 HEX HEAD (TAPE-709007)
usg-sheetrock::340018,USG Sheetrock Tools,340018,2,2,2,2,MARKET_PRICE_CONFLICT,,0.24,19.99,0,19.99,single_observation,"Sheetrock 6"" Classic Blue Steel Drywall Taping Knife",19.75,0,19.75,single_observation,"Sheetrock 6"" Classic Blue Steel Drywall Taping Knife",,0,,,
tapetech::059018,TapeTech,059018,3,3,3,3,MARKET_PRICE_CONFLICT,,0.23,1.17,0,1.17,single_observation,TapeTech 6-32 Thin Pattern Stop Nut 059018,1.40,0,1.40,single_observation,6-32 Thin Pattern Stopnut - 059018,1.30,0,1.30,single_observation,TapeTech # 6-32 LOCKNUT (TAPE-059018)
tapetech::059025,TapeTech,059025,3,3,3,3,MARKET_PRICE_CONFLICT,,0.23,1.17,0,1.17,single_observation,TapeTech 5/64 X 1/2 Cotter Pin 059025,1.40,0,1.40,single_observation,059025 - Cotter Pin,1.30,0,1.30,single_observation,"TapeTech 5/64"" X 1/2"" Cotter Pin SST (TAPE-059025)"
tapetech::059051,TapeTech,059051,3,3,3,3,MARKET_PRICE_CONFLICT,,0.23,1.17,0,1.17,single_observation,TapeTech 6-32 X 3/16 Fillister Screw 059051,1.40,0,1.40,single_observation,059051 - 6-32 X 3/16 Fillister Screw,1.30,0,1.30,single_observation,TapeTech 6-32 X 3/16 FILLISTER HEAD SCREW SST (TAPE-059051)
tapetech::059056,TapeTech,059056,3,3,3,3,MARKET_PRICE_CONFLICT,,0.23,1.17,0,1.17,single_observation,TapeTech 2-56 X 3/16 Bind Head Slot Screw 059056,1.40,0,1.40,single_observation,2-56 X 3/16 Bind Hd Screw - 059056,1.30,0,1.30,single_observation,TapeTech 2-56 X 3/16 BIND HEAD SCREW SST (TAPE-059056)
tapetech::059102,TapeTech,059102,3,3,3,3,MARKET_PRICE_CONFLICT,,0.23,1.17,0,1.17,single_observation,TapeTech 4-40 X 1/4 Flat Head Mach Slot Screw 059102,1.40,0,1.40,single_observation,059102 - 4-40 X 1/4 Flat Hd Screw,1.30,0,1.30,single_observation,TapeTech 4-40 X 1/4 Flat head Screw SST (TAPE-059102)
tapetech::059122,TapeTech,059122,2,2,2,2,MARKET_PRICE_CONFLICT,,0.23,1.17,0,1.17,single_observation,TapeTech #6 X 5/16 Self Tap Screw 059122,1.40,0,1.40,single_observation,#6 X 5/16 Self Tap Screw - 059122,,0,,,
tapetech::502006,TapeTech,502006,2,2,2,2,MARKET_PRICE_CONFLICT,,0.23,12.29,0,12.29,single_observation,TapeTech Pivot Bearing 502006,,0,,,,12.52,0,12.52,single_observation,TapeTech PIVOT BEARING (TAPE-502006)
tapetech::050244,TapeTech,050244,3,3,3,3,MARKET_PRICE_CONFLICT,,0.22,8.29,0,8.29,single_observation,TapeTech Tape Spool 050244,8.51,0,8.51,single_observation,Tape Spool - 050244,8.47,0,8.47,single_observation,TapeTech Tape Spool
tapetech::050027,TapeTech,050027,3,3,3,3,MARKET_PRICE_CONFLICT,,0.21,7.19,0,7.19,single_observation,TapeTech Needle Holder Lock 050027,7.40,0,7.40,single_observation,Needle Holder Lock - 050027,7.35,0,7.35,single_observation,TapeTech NEEDLE HOLDER LOCK (TAPE-050027)
tapetech::050099f,TapeTech,050099F,2,2,2,2,MARKET_PRICE_CONFLICT,,0.21,14.89,0,14.89,single_observation,TapeTech Head Bushing 050099F,,0,,,,15.10,0,15.10,single_observation,TapeTech Head Bushing (TAPE-050099)
tapetech::050128f,TapeTech,050128F,2,2,2,2,MARKET_PRICE_CONFLICT,,0.21,12.69,0,12.69,single_observation,TapeTech Chain Roller Bushing 050128F,,0,,,,12.90,0,12.90,single_observation,TapeTech CHAIN ROLLER BUSHING (TAPE-050128F)
tapetech::059201,TapeTech,059201,2,2,2,2,MARKET_PRICE_CONFLICT,,0.21,11.69,0,11.69,single_observation,TapeTech 1/4-20 Hex Castle Nut 59201,,0,,,,11.90,0,11.90,single_observation,TapeTech 1/4-20 HEX CASTLE NUT (TAPE-059201)
tapetech::402019,TapeTech,402019,3,3,3,3,MARKET_PRICE_CONFLICT,,0.21,8.49,0,8.49,single_observation,TapeTech Blade Holder Stop 402019,8.70,0,8.70,single_observation,402019 - Blade Holder Stop,8.65,0,8.65,single_observation,TapeTech Blade Holder Stop (TAPE-402019)
tapetech::709050,TapeTech,709050,2,2,2,2,MARKET_PRICE_CONFLICT,,0.21,0.99,0,0.99,single_observation,TapeTech #10 Ex Shakeproof Lockwasher 709050,,0,,,,1.20,0,1.20,single_observation,TapeTech #10 LOCKWASHER - REPAIR ONLY (TAPE-709050)
tapetech::889016,TapeTech,889016,2,2,2,2,MARKET_PRICE_CONFLICT,,0.21,2.19,0,2.19,single_observation,TapeTech Roll Pin 889016,,0,,,,2.40,0,2.40,single_observation,TapeTech 1/4X1-1/4 SLOTTED SPRING PIN (TAPE-889016)
columbia::14ffb,Columbia Tools,14FFB,2,2,2,2,MARKET_PRICE_CONFLICT,,0.20,421.99,0,421.99,single_observation,"Columbia 14"" Flat Finishing Box",421.79,0,421.79,single_observation,"Columbia 14"" Drywall Flat Finishing Box",,0,,,
columbia::25ah,Columbia Tools,2.5AH,2,2,2,2,MARKET_PRICE_CONFLICT,,0.20,421.99,0,421.99,single_observation,"Columbia 2.5"" Angle Head",421.79,0,421.79,single_observation,"Columbia 2.5"" Angle Head w/ Wheels",,0,,,
tapetech::059005,TapeTech,059005,2,2,2,2,MARKET_PRICE_CONFLICT,,0.20,0.99,0,0.99,single_observation,TapeTech 4-40 Hex Nut 059005,,0,,,,1.19,0,1.19,single_observation,TapeTech 4-40 Hex Nut (TAPE-059005)
tapetech::059013,TapeTech,059013,2,2,2,2,MARKET_PRICE_CONFLICT,,0.20,0.99,0,0.99,single_observation,TapeTech 6-32 X 5/16 Round Head Screw 059013,,0,,,,1.19,0,1.19,single_observation,TapeTech 6-32 X 5/16 ROUND HEAD SCREW SST (TAPE-059013)
tapetech::059014,TapeTech,059014,2,2,2,2,MARKET_PRICE_CONFLICT,,0.20,0.99,0,0.99,single_observation,TapeTech 4-40 X 3/16 Truss Head Screw Slot 059014,,0,,,,1.19,0,1.19,single_observation,TapeTech 4-40 X 3/16 Truss Head Screw SST (TAPE-059014)
tapetech::059021,TapeTech,059021,3,3,3,3,MARKET_PRICE_CONFLICT,,0.20,0.99,0,0.99,single_observation,TapeTech 4-40 X 5/32 Bind Head Screw 059021,1.05,0,1.05,single_observation,4-40 X 5/32 Bind Hd Screw - 059021,1.19,0,1.19,single_observation,TapeTech 4-40 X 5/32 BIND HEAD SCREW SST (TAPE-059021)
tapetech::059038,TapeTech,059038,2,2,2,2,MARKET_PRICE_CONFLICT,,0.20,0.99,0,0.99,single_observation,TapeTech #4 Med Spring Lockwasher 59038,,0,,,,1.19,0,1.19,single_observation,TapeTech #4 MEDIUM SPRING LOCK WASHER (TAPE-059038)
tapetech::059040,TapeTech,059040,2,2,2,2,MARKET_PRICE_CONFLICT,,0.20,0.99,0,0.99,single_observation,TapeTech Buna O-Ring 59040,,0,,,,1.19,0,1.19,single_observation,TapeTech 0-RING
tapetech::059060,TapeTech,059060,2,2,2,2,MARKET_PRICE_CONFLICT,,0.20,0.99,0,0.99,single_observation,TapeTech 3-48 Nylock Stop Nut 059060,,0,,,,1.19,0,1.19,single_observation,TapeTech 3-48 Hex Stopnut (TAPE-059060)
tapetech::059074,TapeTech,059074,3,3,3,3,MARKET_PRICE_CONFLICT,,0.20,0.99,0,0.99,single_observation,TapeTech 8-32 Hex Elastic Stop Nut 059074,1.05,0,1.05,single_observation,059074 - 8-32 Hex Nylock Nut,1.19,0,1.19,single_observation,TapeTech 8-32 Hex Elastic Stopnut (TAPE-059074)
tapetech::059091,TapeTech,059091,3,3,3,3,MARKET_PRICE_CONFLICT,,0.20,0.99,0,0.99,single_observation,TapeTech 6-32 X 1/2 Fillister Hd Screw 059091,1.05,0,1.05,single_observation,6-32 X 1/2 Fillister Head Screw - 059091,1.19,0,1.19,single_observation,TapeTech 6-32 X 1/2 Fillister Head Screw SST (TAPE-059091)
tapetech::059092,TapeTech,059092,2,2,2,2,MARKET_PRICE_CONFLICT,,0.20,0.99,0,0.99,single_observation,TapeTech 8-32 X 1-1/2 Round Hd Screw 059092,,0,,,,1.19,0,1.19,single_observation,TapeTech 8-32 X 1-1/2 Round Head Screw SST (TAPE-059092)
tapetech::059107,TapeTech,059107,2,2,2,2,MARKET_PRICE_CONFLICT,,0.20,0.99,0,0.99,single_observation,TapeTech 6-32 X 1/4 TapeTech Flat Head Screw 059107,,0,,,,1.19,0,1.19,single_observation,TapeTech 6-32 X 1/4 Flat Head Screw SST (TAPE-059107)
tapetech::059119,TapeTech,059119,2,2,2,2,MARKET_PRICE_CONFLICT,,0.20,0.99,0,0.99,single_observation,TapeTech Drive Dog Holder Pin 059119,,0,,,,1.19,0,1.19,single_observation,TapeTech Drive Dog Holder Pin
tapetech::059120,TapeTech,059120,2,2,2,2,MARKET_PRICE_CONFLICT,,0.20,0.99,0,0.99,single_observation,TapeTech Drive Dog Axle 059120,,0,,,,1.19,0,1.19,single_observation,TapeTech Drive Dog Axle (TAPE-059120)
tapetech::059127,TapeTech,059127,2,2,2,2,MARKET_PRICE_CONFLICT,,0.20,0.99,0,0.99,single_observation,TapeTech 8-32 X 5/8 Truss Slot Hd Screw 59127,,0,,,,1.19,0,1.19,single_observation,TapeTech 8-32 X 5/8 Truss head Screw SST (TAPE-059127)
tapetech::059161,TapeTech,059161,2,2,2,2,MARKET_PRICE_CONFLICT,,0.20,0.99,0,0.99,single_observation,TapeTech 4-40 X 3/8 Fillister Head Screw 059161,,0,,,,1.19,0,1.19,single_observation,TapeTech 4-40 X 3/8 Fillister Head Screw SST (TAPE-059161)
tapetech::059225,TapeTech,059225,2,2,2,2,MARKET_PRICE_CONFLICT,,0.20,0.99,0,0.99,single_observation,TapeTech 10-32 Thin Pattern Stop Nut 059225,,0,,,,1.19,0,1.19,single_observation,TapeTech 10-32 LockNut (TAPE-059225)
tapetech::059230,TapeTech,059230,2,2,2,2,MARKET_PRICE_CONFLICT,,0.20,0.99,0,0.99,single_observation,TapeTech 5-40 X 13/32 Bd Hd Screw 059230,,0,,,,1.19,0,1.19,single_observation,TapeTech 5-40 X 13/32 Bind Head Screw SST (TAPE-059230)
tapetech::059238,TapeTech,059238,2,2,2,2,MARKET_PRICE_CONFLICT,,0.20,0.99,0,0.99,single_observation,TapeTech 1/4-20 X 1/2 Flat Hd Screw 059238,,0,,,,1.19,0,1.19,single_observation,"TapeTech 1/4-20 X 1/2"" Flat Head Screw SST (TAPE-059238)"
tapetech::149029,TapeTech,149029,2,2,2,2,MARKET_PRICE_CONFLICT,,0.20,0.99,0,0.99,single_observation,TapeTech MudRunner Washer NAS 620C 149029,,0,,,,1.19,0,1.19,single_observation,TapeTech NAS 620C 1/4 L WASHER SST (TAPE-149029)
tapetech::150009,TapeTech,150009,2,2,2,2,MARKET_PRICE_CONFLICT,,0.20,11.59,0,11.59,single_observation,TapeTech Swivel Axle 150009,,0,,,,11.79,0,11.79,single_observation,TapeTech Swivel Axle for Corner Roller (TAPE-150009)
tapetech::202021,TapeTech,202021,3,3,3,3,MARKET_PRICE_CONFLICT,,0.20,8.69,0,8.69,single_observation,TapeTech Special Nut 202021,8.89,0,8.89,single_observation,202021 - Special Nut,8.85,0,8.85,single_observation,TapeTech Special Nut (TAPE-202021)
tapetech::209048,TapeTech,209048,3,3,3,3,MARKET_PRICE_CONFLICT,,0.20,0.99,0,0.99,single_observation,TapeTech 4-40 X 1/8 Slot Screw 209048,1.05,0,1.05,single_observation,209048 - 4-40 X 1/8 Bind Hd Screw,1.19,0,1.19,single_observation,"TapeTech 4-40 X 1/8"" Bind Head Screw SST (TAPE-209048)"
tapetech::219080,TapeTech,219080,2,2,2,2,MARKET_PRICE_CONFLICT,,0.20,0.99,0,0.99,single_observation,TapeTech Fillister Head Screw 219080,,0,,,,1.19,0,1.19,single_observation,TapeTech 6-32 X 5/8 Fillister Head Screw SST (TAPE-219080)
tapetech::359005,TapeTech,359005,2,2,2,2,MARKET_PRICE_CONFLICT,,0.20,0.99,0,0.99,single_observation,TapeTech 6-32 X 1/4 Bind Slot Hd Screw 359005,,0,,,,1.19,0,1.19,single_observation,TapeTech 6-32 X 1/4 Bind Head Screw SST (TAPE-359005)
tapetech::409010,TapeTech,409010,2,2,2,2,MARKET_PRICE_CONFLICT,,0.20,0.99,0,0.99,single_observation,"TapeTech 3"" Retainer Spring 409010",,0,,,,1.19,0,1.19,single_observation,TapeTech Retainer Spring (TAPE-409010)
tapetech::489029,TapeTech,489029,2,2,2,2,MARKET_PRICE_CONFLICT,,0.20,0.99,0,0.99,single_observation,TapeTech 6-32 X 5/8 Socket Head Screw 489029,,0,,,,1.19,0,1.19,single_observation,TapeTech 6-32X5/8 SKT HEAD SCREW (TAPE-489029)
tapetech::509008,TapeTech,509008,3,3,3,2,MARKET_PRICE_CONFLICT,,0.20,0.99,0,0.99,single_observation,TapeTech 10-32 X 1/2 Binder Head Slot Screw 509008,0.99,0,0.99,single_observation,509008 - 10-32 X 1/2 Bd Hd Screw,1.19,0,1.19,single_observation,TapeTech 10-32X1/2 BHMS (TAPE-509008)
tapetech::509010,TapeTech,509010,2,2,2,2,MARKET_PRICE_CONFLICT,,0.20,0.99,0,0.99,single_observation,TapeTech 4-40 X 5/16 Flat Head Screw 509010,,0,,,,1.19,0,1.19,single_observation,TapeTech 4-40 X 5/16 FLAT HEAD SCREW SST (TAPE-509010)
tapetech::609011,TapeTech,609011,2,2,2,2,MARKET_PRICE_CONFLICT,,0.20,0.99,0,0.99,single_observation,TapeTech 6-32 X 1/8 Round Head Screw 609011,,0,,,,1.19,0,1.19,single_observation,TapeTech ROUND HEAD SCREW (TAPE-609011)
tapetech::609021,TapeTech,609021,2,2,2,2,MARKET_PRICE_CONFLICT,,0.20,0.99,0,0.99,single_observation,TapeTech 10-32 X 5/8 Round Head Screw 609021,,0,,,,1.19,0,1.19,single_observation,TapeTech 10-32X5/8 RHMS (TAPE-609021)
tapetech::659021,TapeTech,659021,2,2,2,2,MARKET_PRICE_CONFLICT,,0.20,0.99,0,0.99,single_observation,TapeTech 10-32 X 3/4 Round Head Screw 659021,,0,,,,1.19,0,1.19,single_observation,TapeTech 10-32X3/4 ROUND HEAD SCREW - REPAIR ONLY (TAPE-659021)
tapetech::709012,TapeTech,709012,2,2,2,2,MARKET_PRICE_CONFLICT,,0.20,0.99,0,0.99,single_observation,TapeTech Washer 709012,,0,,,,1.19,0,1.19,single_observation,TapeTech WASHER SPECIAL (TAPE-709012)
tapetech::709017,TapeTech,709017,2,2,2,2,MARKET_PRICE_CONFLICT,,0.20,0.99,0,0.99,single_observation,TapeTech 10-32 X 3/8 Fillister Head Screw 709017,,0,,,,1.19,0,1.19,single_observation,TapeTech 10-32X3/8' SCREW (TAPE-709017)
tapetech::709055,TapeTech,709055,2,2,2,2,MARKET_PRICE_CONFLICT,,0.20,0.99,0,0.99,single_observation,TapeTech 10-24 X 7/8 Screw 709055,,0,,,,1.19,0,1.19,single_observation,TapeTech 10-24X7/8 ROUND HEAD SCREW (TAPE-709055)
tapetech::709056,TapeTech,709056,3,3,3,2,MARKET_PRICE_CONFLICT,,0.20,0.99,0,0.99,single_observation,TapeTech 10-24 Nut 709056,0.99,0,0.99,single_observation,709056 - 10-24 Sst Nut,1.19,0,1.19,single_observation,TapeTech 10-24 HEX NUT (TAPE-709056)
tapetech::729064,TapeTech,729064,3,3,3,2,MARKET_PRICE_CONFLICT,,0.20,0.99,0,0.99,single_observation,TapeTech 8-32 X 3/8 Bind Head Screw 729064,0.99,0,0.99,single_observation,729064 - 8-32 X 3/8 Bind Hd Sst Screw,1.19,0,1.19,single_observation,TapeTech 8-32X3/8 BIND HEAD SCREW (TAPE-729064)
tapetech::809006,TapeTech,809006,3,3,3,2,MARKET_PRICE_CONFLICT,,0.20,0.99,0,0.99,single_observation,TapeTech #14 S Brass Washer 809006,0.99,0,0.99,single_observation,809006 - #14 S Brass Washer,1.19,0,1.19,single_observation,TapeTech #14 Brass Washer
tapetech::889015,TapeTech,889015,3,3,3,3,MARKET_PRICE_CONFLICT,,0.20,1.17,0,1.17,single_observation,TapeTech 6-32 X 3/8 Cap Screw 889015,1.10,0,1.10,single_observation,6-32 X 3/8 Cap Screw - 889015,1.30,0,1.30,single_observation,TapeTech 6-32 X 3/8 Cap Screw (TAPE-889015)
tapetech::889030,TapeTech,889030,2,2,2,2,MARKET_PRICE_CONFLICT,,0.20,0.99,0,0.99,single_observation,TapeTech 4-40 X 3/16 Fillister Head Screw 889030,,0,,,,1.19,0,1.19,single_observation,TapeTech 4-40 X 3/16 FILLISTER HEAD SCREW (TAPE-889030)
tapetech::889035,TapeTech,889035,3,3,3,2,MARKET_PRICE_CONFLICT,,0.20,0.99,0,0.99,single_observation,TapeTech 6-32 X 1/4 Pan Head Screw 889035,0.99,0,0.99,single_observation,889035 - 6-32 X 1/4 Pan Head Screw,1.19,0,1.19,single_observation,TapeTech 6-32 X 1/4 PAN HEAD SCREW (TAPE-889035)
columbia::25sf,Columbia Tools,2.5SF,2,2,2,2,MARKET_PRICE_CONFLICT,,0.19,116.99,0,116.99,single_observation,"Columbia 2.5"" Standard Corner Flusher",116.80,0,116.80,single_observation,"Columbia Taping Tools 2.5"" Standard Drywall Corner Flusher with Wheels",,0,,,
columbia::icatw,Columbia Tools,ICATW,3,3,3,2,MARKET_PRICE_CONFLICT,,0.19,116.99,0,116.99,single_observation,Columbia Inside 90° Applicator with Wheels,116.80,0,116.80,single_observation,Columbia Inside 90 Applicator with Wheels,116.80,0,116.80,single_observation,Columbia Two-Way Inside Corner Applicator
tapetech::139010,TapeTech,139010,2,2,2,2,MARKET_PRICE_CONFLICT,,0.19,1.29,0,1.29,single_observation,"TapeTech Screw, 4-40 x 1-1/4 SHCS 139010",1.10,0,1.10,single_observation,"139010 - Screw, 4-40 x 1-1/4 SHCS Mud Tube",,0,,,
tapetech::202020,TapeTech,202020,3,3,3,3,MARKET_PRICE_CONFLICT,,0.19,7.59,0,7.59,single_observation,TapeTech Spring Anchor 202020,7.78,0,7.78,single_observation,202020 - Spring Anchor,7.74,0,7.74,single_observation,TapeTech Spring Anchor (TAPE-202020)
tapetech::209030,TapeTech,209030,2,2,2,2,MARKET_PRICE_CONFLICT,,0.19,2.13,0,2.13,single_observation,TapeTech 10-24 Wing Nut 209030,,0,,,,2.32,0,2.32,single_observation,TapeTech 10-24 Wing Nut (TAPE-209030)
tapetech::050031,TapeTech,050031,2,2,2,2,MARKET_PRICE_CONFLICT,,0.18,8.29,0,8.29,single_observation,TapeTech Gooser Bushing 050031,,0,,,,8.47,0,8.47,single_observation,TapeTech GOOSER BUSHING - REPAIR ONLY (TAPE-050031)
tapetech::210059,TapeTech,210059,2,2,2,2,MARKET_PRICE_CONFLICT,,0.18,9.79,0,9.79,single_observation,TapeTech Shoulder Screw 210059,,0,,,,9.97,0,9.97,single_observation,TapeTech SHOULDER SCREW (TAPE-210059)
tapetech::210060,TapeTech,210060,2,2,2,2,MARKET_PRICE_CONFLICT,,0.18,11.79,0,11.79,single_observation,TapeTech Pivot Bearing 210060,,0,,,,11.97,0,11.97,single_observation,TapeTech PIVOT BEARING (TAPE-210060)
tapetech::650040,TapeTech,650040,2,2,2,2,MARKET_PRICE_CONFLICT,,0.18,9.79,0,9.79,single_observation,TapeTech Special Washer 650040,,0,,,,9.97,0,9.97,single_observation,TapeTech WASHER SPECIAL (TAPE-650040)
tapetech::800021f,TapeTech,800021F,2,2,2,2,MARKET_PRICE_CONFLICT,,0.18,10.69,0,10.69,single_observation,TapeTech Pin 800021F,,0,,,,10.87,0,10.87,single_observation,TapeTech PIN (TAPE-800021F)
columbia::10itfb,Columbia Tools,10ITFB,3,3,3,2,MARKET_PRICE_CONFLICT,,0.17,448.99,0,448.99,single_observation,"Columbia Inside Track Fat Boy Flat Box 10""",448.82,0,448.82,single_observation,"Columbia 10"" Inside Track Fat Boy Flat Box",448.82,0,448.82,single_observation,Columbia 10 in. Inside Track Fat Boy Flat Box
columbia::tsb24,Columbia Tools,TSB-24,3,3,3,3,MARKET_PRICE_CONFLICT,,0.17,103.99,0,103.99,single_observation,"Columbia 24"" Tomahawk Smoothing Blade",103.82,0,103.82,single_observation,"Columbia 24"" Tomahawk Smoothing Blade",103.83,0,103.83,single_observation,Columbia 24 in. Tomahawk Smoothing Blade
tapetech::059085,TapeTech,059085,2,2,2,2,MARKET_PRICE_CONFLICT,,0.16,0.99,0,0.99,single_observation,TapeTech 8-32 X 1/4 Fillister Head Slot Screw 059085,,0,,,,1.15,0,1.15,single_observation,TapeTech 8-32 X 1/4 Fillister Head Screw SST (TAPE-059085)
tapetech::179009,TapeTech,179009,2,2,2,2,MARKET_PRICE_CONFLICT,,0.16,2.29,0,2.29,single_observation,"TapeTech Nyliner, 5L10-FK 179009",,0,,,,2.45,0,2.45,single_observation,"TapeTech Nyliner, 5L10-FK (TAPE-179009)"
tapetech::202028,TapeTech,202028,2,2,2,2,MARKET_PRICE_CONFLICT,,0.16,6.29,0,6.29,single_observation,TapeTech Threaded Washer 202028,,0,,,,6.45,0,6.45,single_observation,TapeTech Threaded Washer (TAPE-202028)
tapetech::202036,TapeTech,202036,2,2,2,2,MARKET_PRICE_CONFLICT,,0.16,7.19,0,7.19,single_observation,TapeTech Shoulder Screw 202036,,0,,,,7.35,0,7.35,single_observation,TapeTech SHOULDER SCREW
tapetech::209039,TapeTech,209039,2,2,2,2,MARKET_PRICE_CONFLICT,,0.16,2.61,0,2.61,single_observation,"TapeTech Skid Cover, Left 209039",,0,,,,2.77,0,2.77,single_observation,TapeTech Skid Cover - Left Side
tapetech::209049,TapeTech,209049,2,2,2,2,MARKET_PRICE_CONFLICT,,0.16,0.99,0,0.99,single_observation,TapeTech 6-32 X 5/16 Screw 209049,,0,,,,1.15,0,1.15,single_observation,TapeTech 6-32 X 5/16 Bind Head Screw (TAPE-209049)
tapetech::212089,TapeTech,212089,2,2,2,2,MARKET_PRICE_CONFLICT,,0.16,6.29,0,6.29,single_observation,TapeTech Flat Box Spacer 212089,,0,,,,6.45,0,6.45,single_observation,TapeTech SPACER (TAPE-212089)
tapetech::480027,TapeTech,480027,2,2,2,2,MARKET_PRICE_CONFLICT,,0.16,7.19,0,7.19,single_observation,TapeTech Wheel Bushing 480027,,0,,,,7.35,0,7.35,single_observation,TapeTech Wheel Bushing (TAPE-480027)
tapetech::489022,TapeTech,489022,3,3,3,2,MARKET_PRICE_CONFLICT,,0.16,0.99,0,0.99,single_observation,TapeTech 4-40 X 31/64 Screw 489022,0.99,0,0.99,single_observation,4-40 X 31/64 Screw - 489022,1.15,0,1.15,single_observation,TapeTech 4-40X1/2 SCREW (TAPE-489022)
tapetech::609049,TapeTech,609049,2,2,2,2,MARKET_PRICE_CONFLICT,,0.16,0.99,0,0.99,single_observation,TapeTech Serrated Hex Flange Nut 609049,,0,,,,1.15,0,1.15,single_observation,TapeTech SERRATED HEX FLANGE NUT  REPLACES 609043 (TAPE-609049)
tapetech::609050,TapeTech,609050,2,2,2,2,MARKET_PRICE_CONFLICT,,0.16,5.49,0,5.49,single_observation,TapeTech 6-32 X 3/32 Screw Slot Round 609050,5.65,0,5.65,single_observation,6-32 X 3/32 Screw Slotted Rd - 609050,,0,,,
tapetech::709024,TapeTech,709024,3,3,3,3,MARKET_PRICE_CONFLICT,,0.16,0.99,0,0.99,single_observation,TapeTech 5/16 Med Lockwasher 709024,1.10,0,1.10,single_observation,709024 - 5/16 Medium Lockwaher,1.15,0,1.15,single_observation,TapeTech 5/16 LOCKWASHER (TAPE-709024)
tapetech::720045,TapeTech,720045,2,2,2,2,MARKET_PRICE_CONFLICT,,0.16,11.89,0,11.89,single_observation,TapeTech Piston 720045,,0,,,,12.05,0,12.05,single_observation,TapeTech Pump Piston (TAPE-720045)
tapetech::200009,TapeTech,200009,2,2,2,2,MARKET_PRICE_CONFLICT,,0.15,11.09,0,11.09,single_observation,"TapeTech 7"" Flat Box Shim 200009",,0,,,,11.24,0,11.24,single_observation,TapeTech SHIM (TAPE-200009)
tapetech::339073,TapeTech,339073,2,2,2,2,MARKET_PRICE_CONFLICT,,0.15,1.17,0,1.17,single_observation,TapeTech 10-24 x 1-1/4 Fillister Slot Head Screw 339073,,0,,,,1.32,0,1.32,single_observation,TapeTech 10-24 x 1-1/4 SL Fillister Head Screw (TAPE-339073)
tapetech::409013,TapeTech,409013,2,2,2,2,MARKET_PRICE_CONFLICT,,0.15,1.17,0,1.17,single_observation,TapeTech 4-40 X 1/8 Socket Set Screw Cup Point 409013,,0,,,,1.32,0,1.32,single_observation,TapeTech 4-40X1/8 Set Screw
tapetech::700049,TapeTech,700049,2,2,2,2,MARKET_PRICE_CONFLICT,,0.15,2.25,0,2.25,single_observation,TapeTech Loading Pump Gasket 700049,,0,,,,2.40,0,2.40,single_observation,TapeTech Gasket (TAPE-700049)
tapetech::809012,TapeTech,809012,2,2,2,2,MARKET_PRICE_CONFLICT,,0.15,1.17,0,1.17,single_observation,TapeTech 8-32x3/8 Cap Screw 809012,,0,,,,1.32,0,1.32,single_observation,TapeTech 8-32X3/8 HEX SOCKET CAP SCREW
tapetech::809017,TapeTech,809017,2,2,2,2,MARKET_PRICE_CONFLICT,,0.15,1.17,0,1.17,single_observation,TapeTech #8 Med Spring Lockwasher 809017,,0,,,,1.32,0,1.32,single_observation,TapeTech #8 LOCKWASHER (TAPE-809017)
tapetech::880008,TapeTech,880008,2,2,2,2,MARKET_PRICE_CONFLICT,,0.15,1.53,0,1.53,single_observation,TapeTech Spacer Bushing 880008,1.38,0,1.38,single_observation,880008 - Spacer Bushing,,0,,,
tapetech::129061,TapeTech,129061,2,2,2,2,MARKET_PRICE_CONFLICT,,0.14,1.29,0,1.29,single_observation,TapeTech E-Clip #25 129061,,0,,,,1.15,0,1.15,single_observation,TapeTech E-CLIP #25 (TAPE-129061)
tapetech::059012,TapeTech,059012,2,2,2,2,MARKET_PRICE_CONFLICT,,0.13,1.17,0,1.17,single_observation,TapeTech 6-32 X 3/8 Fillister Head Screw 059012,,0,,,,1.30,0,1.30,single_observation,"TapeTech 6-32 x 3/8"" Fillister Screw SST (TAPE-059012)"
tapetech::059015,TapeTech,059015,2,2,2,2,MARKET_PRICE_CONFLICT,,0.13,1.17,0,1.17,single_observation,TapeTech 6-32 X 1/4 Fillister Slot Head Screw 059015,,0,,,,1.30,0,1.30,single_observation,TapeTech 6-32 X 1/4 FILLISTER HEAD SCREW SST (TAPE-059015)
tapetech::059016,TapeTech,059016,2,2,2,2,MARKET_PRICE_CONFLICT,,0.13,1.17,0,1.17,single_observation,TapeTech #6 Med Split Spring Lockwasher 059016,,0,,,,1.30,0,1.30,single_observation,TapeTech #6 LOCKWASHER MEDIUM SPRING SST (TAPE-059016)
tapetech::059020,TapeTech,059020,2,2,2,2,MARKET_PRICE_CONFLICT,,0.13,1.17,0,1.17,single_observation,TapeTech 6-32 X 3/8 Bind Head Slot Screw 059020,,0,,,,1.30,0,1.30,single_observation,TapeTech 6-32 X 3/8 BIND HEAD SCREW SST (TAPE-059020)
tapetech::059037,TapeTech,059037,2,2,2,2,MARKET_PRICE_CONFLICT,,0.13,1.17,0,1.17,single_observation,TapeTech 4-40 X 1/4 Bind Head Slot Screw 059037,,0,,,,1.30,0,1.30,single_observation,TapeTech 4-40 X 1/4 BIND HEAD SCREW SST (TAPE-059037)
tapetech::059049,TapeTech,059049,2,2,2,2,MARKET_PRICE_CONFLICT,,0.13,1.17,0,1.17,single_observation,TapeTech Gooser Needle 059049,,0,,,,1.30,0,1.30,single_observation,TapeTech Gooser Needle (TAPE-059049)
tapetech::059057,TapeTech,059057,2,2,2,2,MARKET_PRICE_CONFLICT,,0.13,1.17,0,1.17,single_observation,TapeTech 4-40 X 3/16 Bind Slot Head Screw 059057,,0,,,,1.30,0,1.30,single_observation,TapeTech 4-40 X 3/16 BIND HEAD SCREW SST (TAPE-059057)
tapetech::059084,TapeTech,059084,2,2,2,2,MARKET_PRICE_CONFLICT,,0.13,1.17,0,1.17,single_observation,TapeTech 8-32 X 1/4 1/2 Dog Setscrew 059084,,0,,,,1.30,0,1.30,single_observation,TapeTech 8-32 X 1/4 SETSCREW 1/2 DOG SST
tapetech::059143,TapeTech,059143,2,2,2,2,MARKET_PRICE_CONFLICT,,0.13,1.17,0,1.17,single_observation,TapeTech 1/16 x 1/2 Cotter Pin 059143,,0,,,,1.30,0,1.30,single_observation,"TapeTech 1/16X1/2"" COTTER PIN SST (TAPE-059143)"
tapetech::059156,TapeTech,059156,2,2,2,2,MARKET_PRICE_CONFLICT,,0.13,1.17,0,1.17,single_observation,TapeTech 4-40 X 5/16 Bind Hd Slot Screw 059156,,0,,,,1.30,0,1.30,single_observation,TapeTech 4-40 X 5/16 BIND HEAD SCREW SST (TAPE-059156)
tapetech::059260,TapeTech,059260,2,2,2,2,MARKET_PRICE_CONFLICT,,0.13,1.17,0,1.17,single_observation,TapeTech 8-32 Hex Nut 59260,,0,,,,1.30,0,1.30,single_observation,TapeTech 8-32 Hex Nut SST (TAPE-059260)
tapetech::209017,TapeTech,209017,2,2,2,2,MARKET_PRICE_CONFLICT,,0.13,1.17,0,1.17,single_observation,TapeTech 10-24 Nylock Nut 209017,,0,,,,1.30,0,1.30,single_observation,TapeTech 10-24 LockNut
tapetech::209042,TapeTech,209042,2,2,2,2,MARKET_PRICE_CONFLICT,,0.13,1.17,0,1.17,single_observation,TapeTech #10 Brass Washer 209042,,0,,,,1.30,0,1.30,single_observation,TapeTech #10 Brass Washer
tapetech::219064,TapeTech,219064,2,2,2,2,MARKET_PRICE_CONFLICT,,0.13,1.17,0,1.17,single_observation,TapeTech Spring Washer 219064,,0,,,,1.30,0,1.30,single_observation,TapeTech Spring Washer (TAPE-219064)
tapetech::489013,TapeTech,489013,2,2,2,2,MARKET_PRICE_CONFLICT,,0.13,1.17,0,1.17,single_observation,TapeTech 6-32 X 1/8 Socket Head Set Screw 489013,,0,,,,1.30,0,1.30,single_observation,TapeTech 6-32 x 1/8 in. SC Head Screw (TAPE-489013)
tapetech::489028,TapeTech,489028,2,2,2,2,MARKET_PRICE_CONFLICT,,0.13,1.17,0,1.17,single_observation,TapeTech O-Ring -108 489028,,0,,,,1.30,0,1.30,single_observation,TapeTech O-RING (TAPE-489028)
tapetech::600022,TapeTech,600022,2,2,2,2,MARKET_PRICE_CONFLICT,,0.13,9.29,0,9.29,single_observation,TapeTech Connector 600022,,0,,,,9.42,0,9.42,single_observation,TapeTech CONNECTOR (TAPE-600022)
tapetech::609008,TapeTech,609008,2,2,2,2,MARKET_PRICE_CONFLICT,,0.13,1.17,0,1.17,single_observation,TapeTech 4-40 X 1/2 Flat Head Slot Screw Slot 609008,,0,,,,1.30,0,1.30,single_observation,TapeTech 4-40X1/2 FILLISTER HEAD MS (TAPE-609008)
tapetech::609012,TapeTech,609012,2,2,2,2,MARKET_PRICE_CONFLICT,,0.13,1.17,0,1.17,single_observation,TapeTech 4-40 Elastic Stopnut 609012,,0,,,,1.30,0,1.30,single_observation,TapeTech 4-40 STOPNUT ELASTIC SST (TAPE-609012)
tapetech::609048,TapeTech,609048,2,2,2,2,MARKET_PRICE_CONFLICT,,0.13,1.17,0,1.17,single_observation,TapeTech 4-40 X 3/8 Flat Head Slot Screw 609048,,0,,,,1.30,0,1.30,single_observation,TapeTech 4-40 X 3/8 FLAT HEAD SCREW SST (TAPE-609048)
tapetech::650022,TapeTech,650022,2,2,2,2,MARKET_PRICE_CONFLICT,,0.13,9.29,0,9.29,single_observation,TapeTech Connector 650022,,0,,,,9.42,0,9.42,single_observation,TapeTech CONNECTOR (TAPE-650022)
tapetech::700033f,TapeTech,700033F,2,2,2,2,MARKET_PRICE_CONFLICT,,0.13,6.49,0,6.49,single_observation,TapeTech Coarse Mesh Screen 700033F,,0,,,,6.62,0,6.62,single_observation,TapeTech  Coarse Mesh Pump Screen
tapetech::709034,TapeTech,709034,2,2,2,2,MARKET_PRICE_CONFLICT,,0.13,1.17,0,1.17,single_observation,TapeTech Filler O-Ring 709034,,0,,,,1.30,0,1.30,single_observation,TapeTech FILLER O'RING (TAPE-709034)
tapetech::729063,TapeTech,729063,2,2,2,2,MARKET_PRICE_CONFLICT,,0.13,1.17,0,1.17,single_observation,TapeTech 8-32 X 3/16 Bind Head Screw 729063,,0,,,,1.30,0,1.30,single_observation,TapeTech 8-32X3/16 BIND HEAD SCREW (TAPE-729063)
tapetech::059224,TapeTech,059224,2,2,2,2,MARKET_PRICE_CONFLICT,,0.12,1.17,0,1.17,single_observation,TapeTech Washer 1/4 SAE St 59224,1.05,0,1.05,single_observation,059224 - 1/4 Standard Sst Washer,,0,,,
columbia::c1h,Columbia Tools,C1H,3,3,3,3,MARKET_PRICE_CONFLICT,,0.11,64.99,0,64.99,single_observation,Columbia ONE Handle,64.89,0,64.89,single_observation,Columbia ONE Handle,64.88,0,64.88,single_observation,Columbia 4 ft. Columbia One Handle
tapetech::209012,TapeTech,209012,2,2,2,2,MARKET_PRICE_CONFLICT,,0.11,1.19,0,1.19,single_observation,TapeTech 4-40 X 1/4 Head Screw 209012,,0,,,,1.30,0,1.30,single_observation,"TapeTech Scres, 4-40 X 1/4 Filister Head SST (TAPE-209012)"
tapetech::209058,TapeTech,209058,2,2,2,2,MARKET_PRICE_CONFLICT,,0.11,9.09,0,9.09,single_observation,TapeTech 6-32 Brass Nut 209058,,0,,,,9.20,0,9.20,single_observation,TapeTech #6-32 BRASS NUT (TAPE-209058)
tapetech::210058f,TapeTech,210058F,2,2,2,2,MARKET_PRICE_CONFLICT,,0.11,6.69,0,6.69,single_observation,TapeTech Latch 210058F,,0,,,,6.80,0,6.80,single_observation,TapeTech LATCH (TAPE-210058F)
tapetech::499023,TapeTech,499023,2,2,2,2,MARKET_PRICE_CONFLICT,,0.11,0.99,0,0.99,single_observation,TapeTech 4-40 x 3/16 Flat Head Screw SST 499023,1.10,0,1.10,single_observation,"499023 - Screw, 4-40 x 3/16, Flat Head, SST",,0,,,
tapetech::680030,TapeTech,680030,2,2,2,2,MARKET_PRICE_CONFLICT,,0.11,6.39,0,6.39,single_observation,"TapeTech 3"" Nail Spotter Insert 680030",,0,,,,6.50,0,6.50,single_observation,"TapeTech 3"" INSERT (TAPE-680030)"
columbia::4bh,Columbia Tools,4BH,3,3,3,2,MARKET_PRICE_CONFLICT,,0.10,210.99,0,210.99,single_observation,"Columbia 48"" 180-Grip Flat Box Handle",210.89,0,210.89,single_observation,"Columbia 48"" 180-Grip Featherweight Flat Box Handle",210.89,0,210.89,single_observation,Columbia Taping Tools 4 ft. 180 Grip Flat Box Handle
columbia::ah4,Columbia Tools,AH4,2,2,2,2,MARKET_PRICE_CONFLICT,,0.10,,0,,,,3.46,0,3.46,single_observation,AH4 - Angle Head Side Blade,3.56,0,3.56,single_observation,"Columbia Side Blade Skid, Stainless Steel (COLM-AH4)"
tapetech::880028,TapeTech,880028,2,2,2,2,MARKET_PRICE_CONFLICT,,0.10,4.69,0,4.69,single_observation,TapeTech Compression Spring 880028,,0,,,,4.79,0,4.79,single_observation,TapeTech COMPRESSION SPRING (TAPE-880028)
columbia::12fbba,Columbia Tools,12FBBA,2,2,2,2,MARKET_PRICE_CONFLICT,,0.09,502.99,0,502.99,single_observation,"Columbia 12"" Fat Boy Automatic Assist Drywall Flat Box",502.90,0,502.90,single_observation,"Columbia 12"" Fat Boy Automatic Assist Drywall Flat Box",,0,,,
columbia::cmt24,Columbia Tools,CMT24,2,2,2,2,MARKET_PRICE_CONFLICT,,0.08,197.99,0,197.99,single_observation,"Columbia 24"" Compound Mud Tube",197.91,0,197.91,single_observation,"Columbia 24"" Drywall Corner Finishing Compound Mud Tube",,0,,,
tapetech::050154,TapeTech,050154,2,2,2,2,MARKET_PRICE_CONFLICT,,0.08,3.79,0,3.79,single_observation,TapeTech Bearing Bracket 050154,,0,,,,3.87,0,3.87,single_observation,TapeTech BEARING BRACKET (TAPE-050154)
tapetech::149032,TapeTech,149032,3,3,3,3,MARKET_PRICE_CONFLICT,,0.08,2.29,0,2.29,single_observation,TapeTech MudRunner Large O-Ring 149032,2.37,0,2.37,single_observation,149032 - Large O-Ring Buna,2.35,0,2.35,single_observation,TapeTech O-Ring BUNA 2-230 (TAPE-149032)
tapetech::150004f,TapeTech,150004F,2,2,2,2,MARKET_PRICE_CONFLICT,,0.08,,0,,,,12.60,0,12.60,single_observation,Swivel Coupling Pin - 150004,12.52,0,12.52,single_observation,TapeTech SWLVEL COUPLING PIN (TAPE-150004F)
tapetech::359046,TapeTech,359046,2,2,2,2,MARKET_PRICE_CONFLICT,,0.08,1.29,0,1.29,single_observation,TapeTech 10-32 Hex Nut 359046,,0,,,,1.21,0,1.21,single_observation,"TapeTech NUT HEX, SST (TAPE-359046)"
tapetech::502007,TapeTech,502007,2,2,2,2,MARKET_PRICE_CONFLICT,,0.08,3.79,0,3.79,single_observation,TapeTech 5L7D-Type 4 Nyliner Bearing 502007,,0,,,,3.87,0,3.87,single_observation,TapeTech BEARING (TAPE-502007)
tapetech::729060,TapeTech,729060,2,2,2,2,MARKET_PRICE_CONFLICT,,0.08,2.48,0,2.48,single_observation,"TapeTech O-Ring, Large Gasket 729060",,0,,,,2.40,0,2.40,single_observation,"TapeTech GASKET, LATHE CUT BUNA N70 (TAPE-729060)"
columbia::fa256,Columbia Tools,FA256,2,2,2,2,MARKET_PRICE_CONFLICT,,0.07,0.48,0,0.48,single_observation,"COLFA256 8-32 x 3/16"" Pan Slot",,0,,,,0.55,0,0.55,single_observation,Columbia 8/32 x 3/16 in. Pan Slot Screw (COLM-FA256)
tapetech::059220,TapeTech,059220,2,2,2,2,MARKET_PRICE_CONFLICT,,0.07,1.12,0,1.12,single_observation,TapeTech 8-32 X 5/16 Cup Point Screw 059220,,0,,,,1.19,0,1.19,single_observation,TapeTech 8-32 X 5/16 Set Screw Cup Point SST (TAPE-059220)
columbia::cflt,Columbia Tools,CFLT,3,3,3,3,MARKET_PRICE_CONFLICT,,0.06,91.99,0,91.99,single_observation,Columbia Flat Applicator Head,91.93,0,91.93,single_observation,"Columbia 4"" Flat Applicator Head",91.94,0,91.94,single_observation,Columbia 4 in. Flat Applicator
columbia::fmh,Columbia Tools,FMH,2,2,2,2,MARKET_PRICE_CONFLICT,,0.06,91.99,0,91.99,single_observation,Columbia L-Trim Mud Applicator Head,91.93,0,91.93,single_observation,Columbia L-Trim Mud Applicator Head FMH,,0,,,
columbia::ia90,Columbia Tools,IA90,3,3,3,2,MARKET_PRICE_CONFLICT,,0.06,91.99,0,91.99,single_observation,Columbia Inside 90 Mud Applicator Head,91.93,0,91.93,single_observation,Columbia 90 Inside Corner Mud Head,91.93,0,91.93,single_observation,Columbia Inside 90 Mud Head
columbia::oa90,Columbia Tools,OA90,3,3,3,2,MARKET_PRICE_CONFLICT,,0.06,91.99,0,91.99,single_observation,Columbia Tools Drywall Outside Corner Bead Mud Applicator,91.93,0,91.93,single_observation,Columbia Tools Drywall Outside Corner Bead Mud Applicator,91.93,0,91.93,single_observation,Columbia Outside 90 Mud Head
tapetech::050017,TapeTech,050017,2,2,2,2,MARKET_PRICE_CONFLICT,,0.06,4.89,0,4.89,single_observation,TapeTech Collar Bushing 050017,,0,,,,4.95,0,4.95,single_observation,TapeTech COLLAR BUSHING (TAPE-050017)
tapetech::219092,TapeTech,219092,2,2,2,2,MARKET_PRICE_CONFLICT,,0.06,1.09,0,1.09,single_observation,TapeTech 4-40 X 1 Binder Head Screw 219092,,0,,,,1.15,0,1.15,single_observation,"TapeTech 4-40 X 1"" BIND HEAD SCREW SST (TAPE-219092)"
tapetech::219095,TapeTech,219095,2,2,2,2,MARKET_PRICE_CONFLICT,,0.06,0.99,0,0.99,single_observation,TapeTech Power Assist Plastic Washer 219095,1.05,0,1.05,single_observation,219095 - Plastic Washer,,0,,,
tapetech::502034,TapeTech,502034,2,2,2,2,MARKET_PRICE_CONFLICT,,0.06,,0,,,,11.30,0,11.30,single_observation,502034 - Corner Box Latch,11.24,0,11.24,single_observation,TapeTech LATCH (TAPE-502034)
tapetech::709052,TapeTech,709052,2,2,2,2,MARKET_PRICE_CONFLICT,,0.06,1.09,0,1.09,single_observation,TapeTech 1/4-20 Elastic Thin Stop Nut 709052,,0,,,,1.15,0,1.15,single_observation,TapeTech 1/4-20 ELASTIC THIN (TAPE-709052)
tapetech::159014,TapeTech,159014,2,2,2,2,MARKET_PRICE_CONFLICT,,0.04,1.12,0,1.12,single_observation,TapeTech Repair Washer 159014,1.08,0,1.08,single_observation,TapeTech Repair Washer - 159014,,0,,,
usg-sheetrock::340413,USG Sheetrock Tools,340413,2,2,2,2,MARKET_PRICE_CONFLICT,,0.04,59.99,0,59.99,single_observation,"USG Sheetrock™ 30"" Mud Mixer",59.95,0,59.95,single_observation,"Sheetrock 30"" Mud Mixer",,0,,,
columbia::ffb1410,Columbia Tools,FFB14-10,2,2,2,2,MARKET_PRICE_CONFLICT,,0.03,45.16,0,45.16,single_observation,FFB14-10 Columbia Flat Box Std Door Gasket 10in-Old Style with Tab #6095,45.19,0,45.19,single_observation,"Columbia Flat Box Door Gasket 10"" - FFB14-10",,0,,,
columbia::ffb1412,Columbia Tools,FFB14-12,2,2,2,2,MARKET_PRICE_CONFLICT,,0.03,45.16,0,45.16,single_observation,FFB14-12 Columbia Flat Box Std Door Gasket 12in-Old Style with Tab #6097,45.19,0,45.19,single_observation,"Columbia Flat Box Std Door Gasket 12"" - FFB14-12",,0,,,
tapetech::050412,TapeTech,050412,2,2,2,2,MARKET_PRICE_CONFLICT,,0.03,4.19,0,4.19,single_observation,TapeTech Wheel Keeper Wireform 050412,,0,,,,4.22,0,4.22,single_observation,TapeTech WHEEL KEEPER WIREFORM (TAPE-050412)
tapetech::050577,TapeTech,050577,2,2,2,2,MARKET_PRICE_CONFLICT,,0.03,3.49,0,3.49,single_observation,TapeTech Brake Torsion Spring 050577,,0,,,,3.52,0,3.52,single_observation,TapeTech Brake Torsion Spring
tapetech::559017,TapeTech,559017,3,3,3,2,MARKET_PRICE_CONFLICT,,0.03,1.19,0,1.19,single_observation,TapeTech 1/4-20 X 5/8 Hex Head Screw 559017,1.22,0,1.22,single_observation,"559017 - 1/4-20 X 5/8"" Hex Hd Screw",1.19,0,1.19,single_observation,TapeTech 1/4-20X58 HEX HEAD SCREW
tapetech::qb0005,TapeTech,QB0005,2,2,2,2,MARKET_PRICE_CONFLICT,,0.03,2.29,0,2.29,single_observation,TapeTech Self Tapping Screw QB0005,2.32,0,2.32,single_observation,"Screw, #8 x 1/2 Fl Hd Self Tapping - QB0005",,0,,,
columbia::12ffb,Columbia Tools,12FFB,3,3,3,2,MARKET_PRICE_CONFLICT,,0.02,410.99,0,410.99,single_observation,"Columbia 12"" Flat Finishing Box",410.97,0,410.97,single_observation,"Columbia 12"" Drywall Flat Finishing Box",410.97,0,410.97,single_observation,Columbia 12 in. Quick Clean Flat Box
columbia::2ah,Columbia Tools,2AH,2,2,2,2,MARKET_PRICE_CONFLICT,,0.02,410.99,0,410.99,single_observation,"Columbia 2"" Angle Head",410.97,0,410.97,single_observation,"Columbia 2"" Angle Head w/ Wheels",,0,,,
columbia::hmp,Columbia Tools,HMP,3,3,3,2,MARKET_PRICE_CONFLICT,,0.02,410.99,0,410.99,single_observation,Columbia Loading Pump,410.97,0,410.97,single_observation,Columbia Hot Mud Pump,410.97,0,410.97,single_observation,Columbia Quick Clean Mud Pump
tapetech::059332,TapeTech,059332,2,2,2,2,MARKET_PRICE_CONFLICT,,0.02,1.09,0,1.09,single_observation,"TapeTech O-Ring, 1mm x 11mm 059332",1.07,0,1.07,single_observation,059332 - O-Ring for 07TT Cover Plate,,0,,,
tapetech::159027,TapeTech,159027,2,2,2,2,MARKET_PRICE_CONFLICT,,0.02,1.29,0,1.29,single_observation,TapeTech Special Washer 159027,1.31,0,1.31,single_observation,159027 - Special Washer,,0,,,
tapetech::609032,TapeTech,609032,2,2,2,2,MARKET_PRICE_CONFLICT,,0.02,1.17,0,1.17,single_observation,TapeTech 10-32 X 3/4 Flat Head Screw 609032,,0,,,,1.15,0,1.15,single_observation,TapeTech 10-32X3/4' FLAT HEAD SCREW SST (TAPE-609032)
tapetech::709023,TapeTech,709023,2,2,2,2,MARKET_PRICE_CONFLICT,,0.02,2.19,0,2.19,single_observation,TapeTech 5/16-18 X 7/8 Hex Capscrew 709023,,0,,,,2.17,0,2.17,single_observation,TapeTech 5/16-18X7/8 HEX HEAD SCREW (TAPE-709023)
columbia::aha,Columbia Tools,AHA,2,2,2,2,MARKET_PRICE_CONFLICT,,0.01,,0,,,,24.87,0,24.87,single_observation,Columbia Angle Head Ball Adapter,24.88,0,24.88,single_observation,Columbia Angle Head Adaptor
columbia::fa262,Columbia Tools,FA262,2,2,2,2,MARKET_PRICE_CONFLICT,,0.01,1.86,0,1.86,single_observation,"8-32 X 1/2"" Socket Hd. Screw",,0,,,,1.85,0,1.85,single_observation,Columbia 8-32 x ½ in. Socket (COLM-FA262)
columbia::fa268,Columbia Tools,FA268,2,2,2,2,MARKET_PRICE_CONFLICT,,0.01,0.54,0,0.54,single_observation,#10 Flat Washer,,0,,,,0.55,0,0.55,single_observation,Columbia #10 Flat Washer (COLM-FA268)
columbia::predator,Columbia Tools,PREDATOR,2,2,2,2,MARKET_PRICE_CONFLICT,,0.01,,0,,,,1838.55,0,1838.55,single_observation,Columbia PREDATOR Carbon Fiber Automatic Taper,1838.54,0,1838.54,single_observation,Columbia Predator Automatic Taper
tapetech::pfkhatt,TapeTech,PFKHATT,3,3,3,2,MARKET_PRICE_CONFLICT,,0.01,26.99,0,26.99,single_observation,TapeTech Finishing Knife Handle Adapter PFKHATT,27.00,0,27.00,single_observation,TapeTech Finishing Knife Handle Adapter - PFKHATT,26.99,0,26.99,single_observation,Tapetech Premium Finishing Knife Handle Adapter (TAPE-PFKHATT)
columbia::35df,Columbia Tools,3.5DF,2,2,2,1,MARKET_PRICE_VERIFIED_2_OF_3,146.00,0.00,146.00,0,146.00,single_observation,"Columbia 3.5"" Direct Corner Flusher",146.00,0,146.00,single_observation,"Columbia Taping Tools 3.5"" Direct Drywall Corner Flusher with Wheels",,0,,,
columbia::91mt,Columbia Tools,9-1MT,2,2,2,1,MARKET_PRICE_VERIFIED_2_OF_3,12.92,0.00,12.92,0,12.92,single_observation,Columbia 9 in 1 Multi Tool,12.92,0,12.92,single_observation,Columbia 9 IN 1 MULTI TOOL,,0,,,
columbia::ah33,Columbia Tools,AH3-3,2,2,2,1,MARKET_PRICE_VERIFIED_2_OF_3,36.34,0.00,36.34,0,36.34,single_observation,AH3-3 Columbia Angle Head Carbide Blade 3in #5803,36.34,0,36.34,single_observation,13 - Spring Adjustment Pin (AH-33),,0,,,
columbia::bh4,Columbia Tools,BH4,2,2,2,1,MARKET_PRICE_VERIFIED_2_OF_3,24.79,0.00,,0,,,,24.79,0,24.79,single_observation,Flat Box Handle Lower Brake Lever - BH4,24.79,0,24.79,single_observation,Columbia Lower Brake Lever for 180 Grip Flat Box Handle (COLM-BH4)
columbia::c12mpx6,Columbia Tools,C12MPX6,2,2,2,1,MARKET_PRICE_VERIFIED_2_OF_3,25.82,0.00,25.82,0,25.82,single_observation,"Columbia 12"" Stainless Mud Pan",25.82,0,25.82,single_observation,"Columbia 12"" Mud Pan w/ Grip",,0,,,
columbia::c14mpx6,Columbia Tools,C14MPX6,2,2,2,1,MARKET_PRICE_VERIFIED_2_OF_3,26.65,0.00,26.65,0,26.65,single_observation,"Columbia 14"" Stainless Mud Pan",26.65,0,26.65,single_observation,"Columbia 14"" Mud Pan with Magnetic Grip",,0,,,
columbia::c16mpx6,Columbia Tools,C16MPX6,2,2,2,1,MARKET_PRICE_VERIFIED_2_OF_3,27.48,0.00,27.48,0,27.48,single_observation,"Columbia 16"" Stainless Mud Pan",27.48,0,27.48,single_observation,"Columbia 16"" Mud Pan with Magnetic Grip",,0,,,
columbia::cfb8a,Columbia Tools,CFB8A,2,2,2,1,MARKET_PRICE_VERIFIED_2_OF_3,52.72,0.00,52.72,0,52.72,single_observation,Columbia ONE Angle Box Door Adaptor,52.72,0,52.72,single_observation,Columbia ONE Angle Box Door Adaptor #14499 - CFB8A,,0,,,
columbia::cjk6,Columbia Tools,CJK6,2,2,2,1,MARKET_PRICE_VERIFIED_2_OF_3,16.25,0.00,16.25,0,16.25,single_observation,"Columbia 6"" Clipped Joint Knife",16.25,0,16.25,single_observation,"Columbia 6"" CLIPPED JOINT KNIFE",,0,,,
columbia::npk15,Columbia Tools,NPK1.5,2,2,2,1,MARKET_PRICE_VERIFIED_2_OF_3,10.83,0.00,10.83,0,10.83,single_observation,"Columbia 1.5"" Nylon Putty Knife",10.83,0,10.83,single_observation,"Columbia 1.5"" PUTTY KNIFE",,0,,,
columbia::npk2,Columbia Tools,NPK2,2,2,2,1,MARKET_PRICE_VERIFIED_2_OF_3,11.25,0.00,11.25,0,11.25,single_observation,"Columbia 2"" Nylon Putty Knife",11.25,0,11.25,single_observation,"Columbia 2"" PUTTY KNIFE",,0,,,
columbia::npk3,Columbia Tools,NPK3,2,2,2,1,MARKET_PRICE_VERIFIED_2_OF_3,11.67,0.00,11.67,0,11.67,single_observation,"Columbia 3"" Nylon Putty Knife",11.67,0,11.67,single_observation,"Columbia 3"" PUTTY KNIFE",,0,,,
columbia::npk4,Columbia Tools,NPK4,2,2,2,1,MARKET_PRICE_VERIFIED_2_OF_3,12.92,0.00,12.92,0,12.92,single_observation,"Columbia 4"" Nylon Putty Knife",12.92,0,12.92,single_observation,"Columbia 4"" PUTTY KNIFE",,0,,,
columbia::npk6,Columbia Tools,NPK6,2,2,2,1,MARKET_PRICE_VERIFIED_2_OF_3,16.67,0.00,16.67,0,16.67,single_observation,"Columbia 6"" Nylon Putty Knife",16.67,0,16.67,single_observation,"Columbia 6"" PUTTY KNIFE",,0,,,
columbia::npk8,Columbia Tools,NPK8,2,2,2,1,MARKET_PRICE_VERIFIED_2_OF_3,17.50,0.00,17.50,0,17.50,single_observation,"Columbia 8"" Nylon Putty Knife",17.50,0,17.50,single_observation,"Columbia 8"" PUTTY KNIFE",,0,,,
columbia::pjk35,Columbia Tools,PJK3.5,2,2,2,1,MARKET_PRICE_VERIFIED_2_OF_3,12.92,0.00,12.92,0,12.92,single_observation,"Columbia 3.5"" Pointed Joint Knife",12.92,0,12.92,single_observation,"Columbia 3.5"" Pointing Joint Knife",,0,,,
surpro::ss1003r,SurPro,SS1003R,2,2,2,1,MARKET_PRICE_VERIFIED_2_OF_3,36.00,0.00,,0,,,,36.00,0,36.00,single_observation,Sur-Pro Floor Plate Kit,36.00,0,36.00,single_observation,SurPro Super Grip Floor Plate Kit (Fits S1 & S2 Stilts) (SURP-SS1003R)
tapetech::03tt,TapeTech,03TT,2,2,2,1,MARKET_PRICE_VERIFIED_2_OF_3,1775.00,0.00,1775.00,0,1775.00,single_observation,TapeTech EasyClean Automatic Mini Taper 03TT,1775.00,0,1775.00,single_observation,TapeTech EasyClean Automatic Mini-Taper - 03TT,,0,,,
tapetech::050133,TapeTech,050133,2,2,2,1,MARKET_PRICE_VERIFIED_2_OF_3,3.59,0.00,3.59,0,3.59,single_observation,TapeTech Pyramid Blade 050133,,0,,,,3.59,0,3.59,single_observation,TapeTech Pyramid Blade (TAPE-050133)
tapetech::050413,TapeTech,050413,2,2,2,1,MARKET_PRICE_VERIFIED_2_OF_3,1.29,0.00,1.29,0,1.29,single_observation,TapeTech Control Tube Wheel 050413,,0,,,,1.29,0,1.29,single_observation,TapeTech CONTROL TUBE ROLLER (TAPE-050413)
tapetech::059106,TapeTech,059106,2,2,2,1,MARKET_PRICE_VERIFIED_2_OF_3,1.19,0.00,1.19,0,1.19,single_observation,TapeTech 4-40 X 1/8 Flat Head Slot Screw 059106,,0,,,,1.19,0,1.19,single_observation,TapeTech 4-40 X 5/32 Flat head Screw SST (TAPE-059106)
tapetech::149031,TapeTech,149031,2,2,2,1,MARKET_PRICE_VERIFIED_2_OF_3,1.29,0.00,1.29,0,1.29,single_observation,TapeTech MudRunner Small O-Ring 149031,,0,,,,1.29,0,1.29,single_observation,TapeTech O-Ring BUNA 2-318 (TAPE-149031)
tapetech::159023,TapeTech,159023,2,2,2,1,MARKET_PRICE_VERIFIED_2_OF_3,1.29,0.00,1.29,0,1.29,single_observation,TapeTech Nylon Washer 159023,,0,,,,1.29,0,1.29,single_observation,TapeTech NYLON WASHER (TAPE-159023)
tapetech::15tte,TapeTech,15TTE,2,2,2,1,MARKET_PRICE_VERIFIED_2_OF_3,189.00,0.00,189.00,0,189.00,single_observation,TapeTech Corner Roller 15TTE,189.00,0,189.00,single_observation,TapeTech Inside Corner Roller,,0,,,
tapetech::16tt,TapeTech,16TT,2,2,2,1,MARKET_PRICE_VERIFIED_2_OF_3,85.00,0.00,85.00,0,85.00,single_observation,TapeTech Mud Applicator Head 90 Outside 16TT,85.00,0,85.00,single_observation,TapeTech 90 Outside Corner Applicator Head,,0,,,
tapetech::16tt90,TapeTech,16TT90,2,2,2,1,MARKET_PRICE_VERIFIED_2_OF_3,85.00,0.00,85.00,0,85.00,single_observation,TapeTech Mud Applicator Head 90 Inside 16TT90,85.00,0,85.00,single_observation,TapeTech 90 Inside Corner Mud Applicator,,0,,,
tapetech::17tt,TapeTech,17TT,2,2,2,1,MARKET_PRICE_VERIFIED_2_OF_3,170.00,0.00,170.00,0,170.00,single_observation,TapeTech Outside Corner Roller 17TT,170.00,0,170.00,single_observation,TapeTech Outside Corner Bead Roller - 17TT,,0,,,
tapetech::17tte,TapeTech,17TTE,2,2,2,1,MARKET_PRICE_VERIFIED_2_OF_3,179.00,0.00,179.00,0,179.00,single_observation,TapeTech Outside Corner Roller 17TTE,179.00,0,179.00,single_observation,TapeTech Outside Corner Roller (for Flex Tape) - 17TTE,,0,,,
tapetech::219093,TapeTech,219093,2,2,2,1,MARKET_PRICE_VERIFIED_2_OF_3,0.99,0.00,0.99,0,0.99,single_observation,TapeTech 6-32 X 3/4 Flat Head Screw 219093,0.99,0,0.99,single_observation,"219093 - 6-32 X 3/4"" Flat Head Screw",,0,,,
tapetech::40xtt,TapeTech,40XTT,2,2,2,1,MARKET_PRICE_VERIFIED_2_OF_3,389.00,0.00,389.00,0,389.00,single_observation,"TapeTech 2"" Angle Head 40XTT",389.00,0,389.00,single_observation,"TapeTech 2"" Angle Head Drywall Corner Finisher - 40XTT",,0,,,
tapetech::42tt,TapeTech,42TT,2,2,2,1,MARKET_PRICE_VERIFIED_2_OF_3,399.00,0.00,399.00,0,399.00,single_observation,"TapeTech 2.5"" Angle Head 42TT",399.00,0,399.00,single_observation,"TapeTech 2.5"" EasyRoll Angle Head Drywall Finishing Tool - 42TT",,0,,,
tapetech::48tt,TapeTech,48TT,2,2,2,1,MARKET_PRICE_VERIFIED_2_OF_3,429.00,0.00,429.00,0,429.00,single_observation,"TapeTech 3"" EasyRoll Angle Head 48TT",429.00,0,429.00,single_observation,"TapeTech 3"" EasyRoll Angle Head Drywall Finishing Tool - 48TT",,0,,,
tapetech::48xtt,TapeTech,48XTT,2,2,2,1,MARKET_PRICE_VERIFIED_2_OF_3,439.00,0.00,439.00,0,439.00,single_observation,"TapeTech 3.5"" EasyRoll Angle Head 48XTT",439.00,0,439.00,single_observation,"TapeTech 3.5"" EasyRoll Angle Head Corner Finisher - 48XTT",,0,,,
tapetech::609020,TapeTech,609020,2,2,2,1,MARKET_PRICE_VERIFIED_2_OF_3,2.59,0.00,2.59,0,2.59,single_observation,TapeTech Friction Washer Disc 609020,,0,,,,2.59,0,2.59,single_observation,TapeTech FRICTION WASHER  (TAPE-609020)
tapetech::8000ttpa,TapeTech,8000TT-PA,2,2,2,1,MARKET_PRICE_VERIFIED_2_OF_3,109.00,0.00,109.00,0,109.00,single_observation,TapeTech Wizard Compact Flat Box Handle 8000TT-PA,109.00,0,109.00,single_observation,TapeTech Wizard Compact Handle for Power Assist Boxes,,0,,,
tapetech::8034tt,TapeTech,8034TT,2,2,2,1,MARKET_PRICE_VERIFIED_2_OF_3,229.00,0.00,229.00,0,229.00,single_observation,"TapeTech 34"" Flat Box Handle 8034TT",229.00,0,229.00,single_observation,"TapeTech 34"" Drywall Flat Finishing Box Handle - 8034TT",,0,,,
tapetech::8042tt,TapeTech,8042TT,2,2,2,1,MARKET_PRICE_VERIFIED_2_OF_3,234.00,0.00,234.00,0,234.00,single_observation,"TapeTech 42"" Flat Box Handle 8042TT",234.00,0,234.00,single_observation,"TapeTech 42"" Drywall Flat Finisher Box Handle - 8042TT",,0,,,
tapetech::8054tt,TapeTech,8054TT,2,2,2,1,MARKET_PRICE_VERIFIED_2_OF_3,239.00,0.00,239.00,0,239.00,single_observation,"TapeTech 54"" Flat Box Handle 8054TT",239.00,0,239.00,single_observation,"TapeTech 54"" Drywall Flat Finisher Box Handle",,0,,,
tapetech::8072tt,TapeTech,8072TT,2,2,2,1,MARKET_PRICE_VERIFIED_2_OF_3,249.00,0.00,249.00,0,249.00,single_observation,"TapeTech 72"" Flat Box Handle 8072TT",249.00,0,249.00,single_observation,"TapeTech 72"" Drywall Flat Finisher Box Handle - 8072TT",,0,,,
tapetech::8134tt,TapeTech,8134TT,2,2,2,1,MARKET_PRICE_VERIFIED_2_OF_3,259.00,0.00,259.00,0,259.00,single_observation,"TapeTech 34"" Easy Finish Bent Flat Box Handle 8134TT",259.00,0,259.00,single_observation,"TapeTech 34"" EasyFinish Flat Box Handle - 8134TT",,0,,,
tapetech::8142tt,TapeTech,8142TT,2,2,2,1,MARKET_PRICE_VERIFIED_2_OF_3,269.00,0.00,269.00,0,269.00,single_observation,"TapeTech 42"" Easy Finish Bent Flat Box Handle 8142TT",269.00,0,269.00,single_observation,"TapeTech 42"" EasyFinish Flat Box Handle - 8142TT",,0,,,
tapetech::8154tt,TapeTech,8154TT,2,2,2,1,MARKET_PRICE_VERIFIED_2_OF_3,279.00,0.00,279.00,0,279.00,single_observation,"TapeTech 54"" Easy Finish Bent Flat Box Handle 8154TT",279.00,0,279.00,single_observation,"TapeTech 54"" EasyFinish Flat Box Handle - 8154TT",,0,,,
tapetech::8172tt,TapeTech,8172TT,2,2,2,1,MARKET_PRICE_VERIFIED_2_OF_3,289.00,0.00,289.00,0,289.00,single_observation,"TapeTech 72"" Easy Finish Bent Flat Box Handle 8172TT",289.00,0,289.00,single_observation,"TapeTech 72"" EasyFinish Flat Box Handle - 8172TT",,0,,,
tapetech::85xltt,TapeTech,85XLTT,2,2,2,1,MARKET_PRICE_VERIFIED_2_OF_3,199.00,0.00,199.00,0,199.00,single_observation,TapeTech XL Gooseneck for 76XLTT Pump,199.00,0,199.00,single_observation,TapeTech Extra Long Gooseneck Adapter,,0,,,
tapetech::bhe,TapeTech,BHE,2,2,2,1,MARKET_PRICE_VERIFIED_2_OF_3,299.00,0.00,299.00,0,299.00,single_observation,TapeTech Brakeless Extendable Flat Box Handle BHE,299.00,0,299.00,single_observation,TapeTech Brakeless Extendable Flat Box Handle,,0,,,
tapetech::ca07tt,TapeTech,CA07TT,2,2,2,1,MARKET_PRICE_VERIFIED_2_OF_3,315.00,0.00,315.00,0,315.00,single_observation,"TapeTech 7"" Angle Box CA07TT",315.00,0,315.00,single_observation,"TapeTech  7"" Corner Applicator Head",,0,,,
tapetech::ca08tt,TapeTech,CA08TT,2,2,2,1,MARKET_PRICE_VERIFIED_2_OF_3,330.00,0.00,330.00,0,330.00,single_observation,"TapeTech 8"" Angle Box CA08TT",330.00,0,330.00,single_observation,"TapeTech 8"" Corner Applicator - CA08TT",,0,,,
tapetech::cf35tt,TapeTech,CF35TT,2,2,2,1,MARKET_PRICE_VERIFIED_2_OF_3,125.00,0.00,125.00,0,125.00,single_observation,"TapeTech 3.5"" Direct Flusher CF35TT",125.00,0,125.00,single_observation,"TapeTech 3.5"" Direct Flusher",,0,,,
tapetech::cf40tt,TapeTech,CF40TT,2,2,2,1,MARKET_PRICE_VERIFIED_2_OF_3,129.00,0.00,129.00,0,129.00,single_observation,"TapeTech 4"" Direct Flusher CF40TT",129.00,0,129.00,single_observation,"TapeTech 4"" Direct Flusher - CF40TT",,0,,,
tapetech::cnatt,TapeTech,CNA-TT,2,2,2,1,MARKET_PRICE_VERIFIED_2_OF_3,16.00,0.00,16.00,0,16.00,single_observation,TapeTech EZ Wash Adapters CNA-TT,16.00,0,16.00,single_observation,Taper Cleaning Nozzle Adapter,,0,,,
tapetech::ct24tt,TapeTech,CT24TT,2,2,2,1,MARKET_PRICE_VERIFIED_2_OF_3,189.00,0.00,189.00,0,189.00,single_observation,"TapeTech 24"" Compound Tube CT24TT",189.00,0,189.00,single_observation,"Tapetech 24"" Drywall Compound Tube - CT24TT",,0,,,
tapetech::ct36tt,TapeTech,CT36TT,2,2,2,1,MARKET_PRICE_VERIFIED_2_OF_3,199.00,0.00,199.00,0,199.00,single_observation,"TapeTech 36"" Compound Tube CT36TT",199.00,0,199.00,single_observation,"TapeTech 36"" Drywall Compound Tube - CT36TT",,0,,,
tapetech::ct42tt,TapeTech,CT42TT,2,2,2,1,MARKET_PRICE_VERIFIED_2_OF_3,209.00,0.00,209.00,0,209.00,single_observation,"TapeTech 42"" Compound Tube CT42TT",209.00,0,209.00,single_observation,"Tapetech 42"" Drywall Compound Tube - CT42TT",,0,,,
tapetech::cta01tt,TapeTech,CTA01TT,2,2,2,1,MARKET_PRICE_VERIFIED_2_OF_3,19.99,0.00,19.99,0,19.99,single_observation,TapeTech Compound Tube Filler Adapter CTA01TT,19.99,0,19.99,single_observation,TapeTech Compound Tube Filler Adapter - CTA01TT,,0,,,
tapetech::ehc12,TapeTech,EHC12,2,2,2,1,MARKET_PRICE_VERIFIED_2_OF_3,444.00,0.00,444.00,0,444.00,single_observation,"TapeTech 12"" MAXXBOX Flat Box EHC12",444.00,0,444.00,single_observation,"TapeTech 12"" MAXXBOX w/ Easy Roll Wheels - EHC12",,0,,,
tapetech::ez07tt,TapeTech,EZ07TT,2,2,2,1,MARKET_PRICE_VERIFIED_2_OF_3,379.00,0.00,379.00,0,379.00,single_observation,"TapeTech 7"" EasyClean Flat Box EZ07TT",379.00,0,379.00,single_observation,"TapeTech 7"" EasyClean Drywall Flat Box",,0,,,
tapetech::ez10tt,TapeTech,EZ10TT,2,2,2,1,MARKET_PRICE_VERIFIED_2_OF_3,389.00,0.00,389.00,0,389.00,single_observation,"TapeTech 10"" EasyClean Flat Box EZ10TT",389.00,0,389.00,single_observation,"TapeTech 10"" EasyClean Drywall Flat Box",,0,,,
tapetech::ez12tt,TapeTech,EZ12TT,2,2,2,1,MARKET_PRICE_VERIFIED_2_OF_3,399.00,0.00,399.00,0,399.00,single_observation,"TapeTech 12"" EasyClean Flat Box EZ12TT",399.00,0,399.00,single_observation,"TapeTech 12"" EasyClean Drywall Flat Box",,0,,,
tapetech::ez15tt,TapeTech,EZ15TT,2,2,2,1,MARKET_PRICE_VERIFIED_2_OF_3,429.00,0.00,429.00,0,429.00,single_observation,"TapeTech 15"" EasyClean Flat Box EZ15TT",429.00,0,429.00,single_observation,"TapeTech 15"" EasyClean Drywall Flat Box - EZ15TT",,0,,,
tapetech::fhttcc,TapeTech,FHTT-CC,2,2,2,1,MARKET_PRICE_VERIFIED_2_OF_3,50.00,0.00,50.00,0,50.00,single_observation,"TapeTech Closet Crusher 18"" Support Handle FHTT-CC",50.00,0,50.00,single_observation,"TapeTech Closet Crusher 18"" Support Handle",,0,,,
tapetech::mr01tt,TapeTech,MR01TT,2,2,2,1,MARKET_PRICE_VERIFIED_2_OF_3,1099.00,0.00,1099.00,0,1099.00,single_observation,TapeTech MudRunner® Pro,1099.00,0,1099.00,single_observation,TapeTech MudRunner Compound Applicator Tube,,0,,,
tapetech::mrcase,TapeTech,MRCASE,2,2,2,1,MARKET_PRICE_VERIFIED_2_OF_3,119.00,0.00,119.00,0,119.00,single_observation,MudRunner Tool Case,119.00,0,119.00,single_observation,MudRunner® Tool Case,,0,,,
tapetech::pahc07,TapeTech,PAHC07,2,2,2,1,MARKET_PRICE_VERIFIED_2_OF_3,459.00,0.00,459.00,0,459.00,single_observation,"TapeTech 7"" Power Assist MAXXBOX PAHC07",459.00,0,459.00,single_observation,"TapeTech 7"" PowerAssist MaxxBox w/ EasyRoll Wheels",,0,,,
tapetech::pahc10,TapeTech,PAHC10,2,2,2,1,MARKET_PRICE_VERIFIED_2_OF_3,469.00,0.00,469.00,0,469.00,single_observation,"TapeTech 10"" Power Assist MAXXBOX PAHC10",469.00,0,469.00,single_observation,"TapeTech 10"" PowerAssist MaxxBox w/ EasyRoll Wheels - PAHC10",,0,,,
tapetech::pahc12,TapeTech,PAHC12,2,2,2,1,MARKET_PRICE_VERIFIED_2_OF_3,479.00,0.00,479.00,0,479.00,single_observation,"TapeTech 12"" Power Assist MAXXBOX PAHC12",479.00,0,479.00,single_observation,"TapeTech 12"" PowerAssist MaxxBox w/ EasyRoll Wheels - PAHC12",,0,,,
tapetech::qb06qsx,TapeTech,QB06-QSX,2,2,2,1,MARKET_PRICE_VERIFIED_2_OF_3,149.00,0.00,149.00,0,149.00,single_observation,"TapeTech 6.5"" QuickBox QSX Finishing Box",149.00,0,149.00,single_observation,"TapeTech QuickBox QSX 6.5"" Finishing Box",,0,,,
tapetech::qb08qsx,TapeTech,QB08-QSX,2,2,2,1,MARKET_PRICE_VERIFIED_2_OF_3,174.00,0.00,174.00,0,174.00,single_observation,"TapeTech 8"" QuickBox QSX Finishing Box",174.00,0,174.00,single_observation,"TapeTech QuickBox QSX 8"" Finishing Box",,0,,,
tapetech::tc01tt,TapeTech,TC01TT,2,2,2,1,MARKET_PRICE_VERIFIED_2_OF_3,60.00,0.00,60.00,0,60.00,single_observation,TapeTech Tool Caddy TC01TT,60.00,0,60.00,single_observation,TapeTech Tool Caddy,,0,,,
tapetech::tk10sstt,TapeTech,TK10SSTT,2,2,2,1,MARKET_PRICE_VERIFIED_2_OF_3,15.99,0.00,15.99,0,15.99,single_observation,"TapeTech 10"" Premium Stainless Steel Taping Knife",15.99,0,15.99,single_observation,"TapeTech 10"" Premium Stainless Steel Taping Knife",,0,,,
tapetech::tk12sstt,TapeTech,TK12SSTT,2,2,2,1,MARKET_PRICE_VERIFIED_2_OF_3,16.99,0.00,16.99,0,16.99,single_observation,"TapeTech 12"" Premium Stainless Steel Taping Knife",16.99,0,16.99,single_observation,"TapeTech 12"" Premium Stainless Steel Taping Knife",,0,,,
tapetech::tk14sstt,TapeTech,TK14SSTT,2,2,2,1,MARKET_PRICE_VERIFIED_2_OF_3,17.99,0.00,17.99,0,17.99,single_observation,"TapeTech 14"" Premium Stainless Steel Taping Knife",17.99,0,17.99,single_observation,"TapeTech 14"" Premium Stainless Steel Taping Knife",,0,,,
tapetech::tmk01tt,TapeTech,TMK01TT,2,2,2,1,MARKET_PRICE_VERIFIED_2_OF_3,55.00,0.00,55.00,0,55.00,single_observation,TapeTech TapeTech ATF Tool Maintenance Kit TMK01TT,55.00,0,55.00,single_observation,TapeTech Tool Maintenance Kit,,0,,,
usg-sheetrock::340030,USG Sheetrock Tools,340030,2,2,2,1,MARKET_PRICE_VERIFIED_2_OF_3,17.99,0.00,17.99,0,17.99,single_observation,USG Sheetrock Pro-Series 6in High Carbon Steel Joint Knife,17.99,0,17.99,single_observation,"Sheetrock 6"" Pro-Series High Carbon Steel Joint Knife",,0,,,
usg-sheetrock::340303,USG Sheetrock Tools,340303,2,2,2,1,MARKET_PRICE_VERIFIED_2_OF_3,50.99,0.00,50.99,0,50.99,single_observation,"Sheetrock 12"" Offset Blue Steel Blade Taping Knife",50.99,0,50.99,single_observation,"Sheetrock 12"" Offset Taping Knife",,0,,,
usg-sheetrock::340603,USG Sheetrock Tools,340603,2,2,2,1,MARKET_PRICE_VERIFIED_2_OF_3,24.99,0.00,24.99,0,24.99,single_observation,"Sheetrock 8"" Classic Stainless Drywall Taping Knife",24.99,0,24.99,single_observation,"Sheetrock 8"" Classic Stainless Drywall Taping Knife",,0,,,
usg-sheetrock::340604,USG Sheetrock Tools,340604,2,2,2,1,MARKET_PRICE_VERIFIED_2_OF_3,25.99,0.00,25.99,0,25.99,single_observation,"Sheetrock 10"" Classic Stainless Drywall Taping Knife",25.99,0,25.99,single_observation,"Sheetrock 10"" Classic Stainless Drywall Taping Knife",,0,,,
usg-sheetrock::340605,USG Sheetrock Tools,340605,2,2,2,1,MARKET_PRICE_VERIFIED_2_OF_3,26.99,0.00,26.99,0,26.99,single_observation,"Sheetrock 12"" Classic Stainless Drywall Taping Knife",26.99,0,26.99,single_observation,"Sheetrock 12"" Classic Stainless Drywall Taping Knife",,0,,,
usg-sheetrock::340925,USG Sheetrock Tools,340925,2,2,2,1,MARKET_PRICE_VERIFIED_2_OF_3,359.00,0.00,359.00,0,359.00,single_observation,"Sheetrock Tools Drywall Stilts 18"" - 30""",359.00,0,359.00,single_observation,"Sheetrock Tools Drywall Stilts 18""- 30""",,0,,,
columbia::sptaper,Columbia Tools,SPTAPER,3,3,3,1,MARKET_PRICE_VERIFIED_3_OF_3,1838.55,0.00,1838.55,0,1838.55,single_observation,"Columbia ""Sawed Off"" Mini PREDATOR Automatic Taper",1838.55,0,1838.55,single_observation,"Columbia PREDATOR ""Sawed Off"" Mini Carbon Fiber Automatic Taper",1838.55,0,1838.55,single_observation,Columbia Sawed-Off Predator Automatic Taper
columbia::staper,Columbia Tools,STAPER,3,3,3,1,MARKET_PRICE_VERIFIED_3_OF_3,1649.29,0.00,1649.29,0,1649.29,single_observation,"Columbia ""Sawed Off"" Mini Automatic Taper",1649.29,0,1649.29,single_observation,"Columbia ""Sawed Off"" Mini Automatic Taper",1649.29,0,1649.29,single_observation,Columbia Sawed-Off Automatic Taper
columbia::taper,Columbia Tools,TAPER,3,3,3,1,MARKET_PRICE_VERIFIED_3_OF_3,1649.29,0.00,1649.29,0,1649.29,single_observation,Columbia Automatic Taper,1649.29,0,1649.29,single_observation,Columbia Automatic Taper,1649.29,0,1649.29,single_observation,Columbia Automatic Taper
columbia::tbgn,Columbia Tools,TBGN,3,3,3,1,MARKET_PRICE_VERIFIED_3_OF_3,146.00,0.00,146.00,0,146.00,single_observation,Columbia Tall Boy Gooseneck,146.00,0,146.00,single_observation,Columbia Tall Boy Gooseneck,146.00,0,146.00,single_observation,Columbia Tall Boy Gooseneck
tapetech::07tt,TapeTech,07TT,3,3,3,1,MARKET_PRICE_VERIFIED_3_OF_3,1599.00,0.00,1599.00,0,1599.00,single_observation,TapeTech EasyClean Automatic Taper 07TT,1599.00,0,1599.00,single_observation,TapeTech Easy Clean  Automatic Taper,1599.00,0,1599.00,single_observation,TapeTech EasyClean Bazooka
tapetech::07ttc,TapeTech,07TT-C,3,3,3,1,MARKET_PRICE_VERIFIED_3_OF_3,1780.00,0.00,1780.00,0,1780.00,single_observation,TapeTech Carbon Fiber Automatic Taper 07TT-C,1780.00,0,1780.00,single_observation,TapeTech Carbon Fiber Automatic Taper,1780.00,0,1780.00,single_observation,Tape Tech Carbon Fiber Automatic Taper
tapetech::76tt,TapeTech,76TT,3,3,3,1,MARKET_PRICE_VERIFIED_3_OF_3,399.00,0.00,399.00,0,399.00,single_observation,TapeTech EasyClean® Loading Pump 76TT,399.00,0,399.00,single_observation,TapeTech EasyClean Loading Pump - 76TT,399.00,0,399.00,single_observation,TapeTech EasyClean Pump
tapetech::8000tt,TapeTech,8000TT,3,3,3,1,MARKET_PRICE_VERIFIED_3_OF_3,109.00,0.00,109.00,0,109.00,single_observation,TapeTech Wizard Compact Flat Box Handle 8000TT,109.00,0,109.00,single_observation,TapeTech Wizard Flat Box Handle,109.00,0,109.00,single_observation,TapeTech Wizard Compact Flat Box Handle (TAPE-8000TT)
tapetech::85t,TapeTech,85T,3,3,3,1,MARKET_PRICE_VERIFIED_3_OF_3,105.00,0.00,105.00,0,105.00,single_observation,TapeTech Gooseneck 85T,105.00,0,105.00,single_observation,TapeTech Gooseneck Adapter,105.00,0,105.00,single_observation,TapeTech Gooseneck
tapetech::88tte,TapeTech,88TTE,3,3,3,1,MARKET_PRICE_VERIFIED_3_OF_3,378.00,0.00,378.00,0,378.00,single_observation,TapeTech Xtender Flat Box Handle 88TTE,378.00,0,378.00,single_observation,TapeTech Flat Box Xtender Handle - 88TTE,378.00,0,378.00,single_observation,TapeTech Flat Box Xtender Handle
tapetech::90t,TapeTech,90T,3,3,3,1,MARKET_PRICE_VERIFIED_3_OF_3,79.00,0.00,79.00,0,79.00,single_observation,TapeTech Box Filler 90TT,79.00,0,79.00,single_observation,TapeTech Drywall Box Filler Attachment -  90T,79.00,0,79.00,single_observation,TapeTech Box Filler
tapetech::ban001tt,TapeTech,BAN001-TT,3,3,3,1,MARKET_PRICE_VERIFIED_3_OF_3,119.00,0.00,119.00,0,119.00,single_observation,TapeTech MudDog™ Banjo,119.00,0,119.00,single_observation,TapeTech Mud Dog Banjo,119.00,0,119.00,single_observation,TapeTech Mud Dog Banjo
tapetech::cf25tt,TapeTech,CF25TT,3,3,3,1,MARKET_PRICE_VERIFIED_3_OF_3,114.00,0.00,114.00,0,114.00,single_observation,"TapeTech 2.5"" Direct Flusher CF25TT",114.00,0,114.00,single_observation,"TapeTech 2.5"" Direct Flusher - CF25TT",114.00,0,114.00,single_observation,"Tape Tech 2.5"" Corner Flusher (TAPE-CF25TT)"
tapetech::cf30tt,TapeTech,CF30TT,3,3,3,1,MARKET_PRICE_VERIFIED_3_OF_3,119.00,0.00,119.00,0,119.00,single_observation,"TapeTech 3"" Direct Flusher CF30TT",119.00,0,119.00,single_observation,"TapeTech 3"" Direct Flusher",119.00,0,119.00,single_observation,"Tape Tech 3"" Corner Flusher (TAPE-CF30TT)"
tapetech::cfatt,TapeTech,CFA-TT,3,3,3,1,MARKET_PRICE_VERIFIED_3_OF_3,49.00,0.00,49.00,0,49.00,single_observation,TapeTech Corner Finisher Handle Adapter CFA-TT,49.00,0,49.00,single_observation,TapeTech Corner Finisher Ball Adapter - CFA-TT,49.00,0,49.00,single_observation,TapeTech Corner Finisher Adapter
tapetech::ehc07,TapeTech,EHC07,3,3,3,1,MARKET_PRICE_VERIFIED_3_OF_3,419.00,0.00,419.00,0,419.00,single_observation,"TapeTech 7"" MAXXBOX Flat Box EHC07",419.00,0,419.00,single_observation,"TapeTech 7"" MAXXBOX w/ Easy Roll Wheels",419.00,0,419.00,single_observation,TapeTech 7 inch Extra High Capacity Flat Box
tapetech::ehc10,TapeTech,EHC10,3,3,3,1,MARKET_PRICE_VERIFIED_3_OF_3,419.00,0.00,419.00,0,419.00,single_observation,"TapeTech 10"" MAXXBOX Flat Box EHC10",419.00,0,419.00,single_observation,"TapeTech 10"" MAXXBOX w/ Easy Roll Wheels - EHC10",419.00,0,419.00,single_observation,TapeTech 10 inch Extra High Capacity Flat Box (TAPE-EHC10)
tapetech::fhtt,TapeTech,FHTT,3,3,3,1,MARKET_PRICE_VERIFIED_3_OF_3,59.00,0.00,59.00,0,59.00,single_observation,TapeTech Interchangeable Fiberglass Support Handle FHTT,59.00,0,59.00,single_observation,TapeTech Interchangeable Fiberglass Handle - FHTT,59.00,0,59.00,single_observation,TapeTech Fiberglass Handle
tapetech::ns02tt,TapeTech,NS02TT,3,3,3,1,MARKET_PRICE_VERIFIED_3_OF_3,278.00,0.00,278.00,0,278.00,single_observation,"TapeTech 2"" EasyClean Nail Spotter NS02TT",278.00,0,278.00,single_observation,"TapeTech 2"" EasyClean Nail/Screw Spotter Head",278.00,0,278.00,single_observation,TapeTech 2 inch Easyclean Nail Spotter
tapetech::ns03tt,TapeTech,NS03TT,3,3,3,1,MARKET_PRICE_VERIFIED_3_OF_3,289.00,0.00,289.00,0,289.00,single_observation,"TapeTech 3"" EasyClean Nail Spotter NS03TT",289.00,0,289.00,single_observation,"TapeTech 3"" EasyClean Nail/Screw Spotter",289.00,0,289.00,single_observation,TapeTech 3 inch Easyclean Nail Spotter
tapetech::xhtt,TapeTech,XHTT,3,3,3,1,MARKET_PRICE_VERIFIED_3_OF_3,179.00,0.00,179.00,0,179.00,single_observation,TapeTech Interchangeable Extendable Support Handle XHTT,179.00,0,179.00,single_observation,TapeTech Extendable Interchangeable Handle - XHTT,179.00,0,179.00,single_observation,TapeTech Extension Handle
