Identity Key,Canonical Brand,Canonical Identifier,Retailer Pair,Missing Retailer,Lower-Priced Retailer,Lower Price,Higher-Priced Retailer,Higher Price,Absolute Spread,Spread % vs Lowest,Absolute Spread Bucket,Relative Spread Bucket,Uses Approved Identifier Alias,All-Wall Price,All-Wall Evidence Quality,All-Wall Product Name,All-Wall Strict Identifiers,Al's Taping Tools Price,Al's Taping Tools Evidence Quality,Al's Taping Tools Product Name,Al's Taping Tools Strict Identifiers,Wall Tools Price,Wall Tools Evidence Quality,Wall Tools Product Name,Wall Tools Strict Identifiers
columbia::ffb9-7,Columbia Tools,ffb9-7,All-Wall vs Al's Taping Tools,Wall Tools,All-Wall,4.58,Al's Taping Tools,305.00,300.42,6559.39,>25.00,>25%,no,4.58,single_observation,FFB9-7 Columbia Flat Box Blade 7in #6082,ffb9-7,305.00,single_observation,"Columbia Flat Box Blade 7"" - FFB9-7",ffb9-7,,,,
columbia::ffb9-8,Columbia Tools,ffb9-8,All-Wall vs Al's Taping Tools,Wall Tools,All-Wall,4.70,Al's Taping Tools,305.00,300.30,6389.36,>25.00,>25%,no,4.70,single_observation,FFB9-8 Columbia Flat Box Blade 8in #6083,ffb9-8,305.00,single_observation,"Columbia Flat Box Blade 8"" - FFB9-8",ffb9-8,,,,
tapetech::qb0006,TapeTech,qb0006,All-Wall vs Al's Taping Tools,Wall Tools,All-Wall,10.09,Al's Taping Tools,83.38,73.29,726.36,>25.00,>25%,no,10.09,single_observation,TapeTech Axle QB0006,qb0006,83.38,single_observation,Axle - QB0006,qb0006,,,,
tapetech::059331,TapeTech,059331,All-Wall vs Al's Taping Tools,Wall Tools,All-Wall,0.99,Al's Taping Tools,5.40,4.41,445.45,1.01-5.00,>25%,no,0.99,single_observation,TapeTech 10-32 x 5/16 Hex Setscrew Cup Pt 059331,059331,5.40,single_observation,"059331 - Setscrew, 10-32x5",059331,,,,
columbia::hns14a,Columbia Tools,hns14a,All-Wall vs Wall Tools,Al's Taping Tools,Wall Tools,17.65,All-Wall,89.54,71.89,407.31,>25.00,>25%,no,89.54,single_observation,HNS14A Columbia Nail Spotter Handle Link,hns14a,,,,,17.65,single_observation,Columbia Handle Link for Hinged Nail Spotter (COLM-HNS14A),hns14a
tapetech::300040f,TapeTech,300040f,All-Wall vs Al's Taping Tools,Wall Tools,All-Wall,10.91,Al's Taping Tools,51.15,40.24,368.84,>25.00,>25%,no,10.91,single_observation,"TapeTech 12"" Flat Box 4-40 Tie Rod 300040",300040f,51.15,single_observation,"4-40 Tie Rod for 12"" - 300040",300040f,,,,
tapetech::709027,TapeTech,709027,All-Wall vs Wall Tools,Al's Taping Tools,All-Wall,1.19,Wall Tools,4.10,2.91,244.54,1.01-5.00,>25%,no,1.19,single_observation,TapeTech 3/8-16 Thin Nylock Nut 709027,709027,,,,,4.10,single_observation,TapeTech 3/8-16 THIN FLEXL (TAPE-709027),709027
tapetech::050235,TapeTech,050235,All-Wall vs Al's Taping Tools,Wall Tools,Al's Taping Tools,12.08,All-Wall,38.29,26.21,216.97,>25.00,>25%,no,38.29,single_observation,TapeTech Band 050235,050235,12.08,single_observation,Band - 050235,050235,,,,
tapetech::059227,TapeTech,059227,All-Wall vs Al's Taping Tools,Wall Tools,Al's Taping Tools,3.16,All-Wall,8.19,5.03,159.18,5.01-25.00,>25%,no,8.19,single_observation,TapeTech 10-32 Special Nut 059227,059227,3.16,single_observation,059227 - 10-32 Special Nut,059227,,,,
tapetech::804242,TapeTech,804242,Al's Taping Tools vs Wall Tools,All-Wall,Al's Taping Tools,44.30,Wall Tools,98.45,54.15,122.23,>25.00,>25%,no,,,,,44.30,single_observation,"42"" Connector Assembly - 804242",804242,98.45,single_observation,"TapeTech 42"" CONNECTOR",804242
tapetech::810028,TapeTech,810028,All-Wall vs Al's Taping Tools,Wall Tools,All-Wall,11.39,Al's Taping Tools,24.03,12.64,110.97,5.01-25.00,>25%,no,11.39,single_observation,TapeTech Swivel Axle 810028,810028,24.03,single_observation,810028 - Swivel Axle,810028,,,,
columbia::fa252,Columbia Tools,fa252,All-Wall vs Wall Tools,Al's Taping Tools,Wall Tools,0.55,All-Wall,1.15,0.60,109.09,0.26-1.00,>25%,no,1.15,single_observation,FA252 Columbia #8 Star Washer #10453,fa252,,,,,0.55,single_observation,Columbia #8 Star Washer (COLM-FA252),fa252
columbia::fa266,Columbia Tools,fa266,All-Wall vs Wall Tools,Al's Taping Tools,Wall Tools,0.55,All-Wall,1.15,0.60,109.09,0.26-1.00,>25%,no,1.15,single_observation,FA266 Columbia 8-32 X 1in Flat Head Screw #6026,fa266,,,,,0.55,single_observation,Columbia 8-32 x 1 Flat Slot (COLM-FA266),fa266
columbia::fa220,Columbia Tools,fa220,All-Wall vs Wall Tools,Al's Taping Tools,Wall Tools,0.55,All-Wall,1.10,0.55,100.00,0.26-1.00,>25%,no,1.10,single_observation,FA220 Columbia 4-40 X 3/4in Bind Head Screw #6006,fa220,,,,,0.55,single_observation,Columbia 4-40 x 3/4 Binder Slot (COLM-FA220),fa220
tapetech::ctvlv,TapeTech,ctvlv,All-Wall vs Al's Taping Tools,Wall Tools,All-Wall,1349.00,Al's Taping Tools,2690.60,1341.60,99.45,>25.00,>25%,no,1349.00,single_observation,TapeTech Continuous Flow RF Controller CTVLV,ctvlv,2690.60,single_observation,TapeTech CF Taper/CF Corner Finisher Flow Controller,ctvlv,,,,
tapetech::051105,TapeTech,051105,All-Wall vs Al's Taping Tools,Wall Tools,All-Wall,50.89,Al's Taping Tools,99.69,48.80,95.89,>25.00,>25%,no,50.89,single_observation,TapeTech Side Plate 051105,051105,99.69,single_observation,Side Plate (Near Main Chain) - 051105,051105,,,,
tapetech::16c298,TapeTech,16c298,All-Wall vs Al's Taping Tools,Wall Tools,All-Wall,103.87,Al's Taping Tools,202.44,98.57,94.90,>25.00,>25%,no,103.87,single_observation,TapeTech Continuous Flow Hopper Filter 16C298,16c298,202.44,single_observation,TapeTech Replacement Hopper Filter for Bazooka Continuous Flow Pump,16c298,,,,
tapetech::200,TapeTech,200,All-Wall vs Wall Tools,Al's Taping Tools,All-Wall,117.29,Wall Tools,226.14,108.85,92.80,>25.00,>25%,no,117.29,single_observation,TapeTech Gooser Assembly 200,200,,,,,226.14,single_observation,TapeTech GOOSER SUB-ASSEMBLY (TAPE-200),200
tapetech::814242,TapeTech,814242,All-Wall vs Al's Taping Tools,Wall Tools,Al's Taping Tools,35.84,All-Wall,68.49,32.65,91.10,>25.00,>25%,no,68.49,single_observation,"TapeTech 42"" Connector Assy 814242",814242,35.84,single_observation,"814242 - 42"" Connector Assy",814242,,,,
columbia::fa200,Columbia Tools,fa200,All-Wall vs Wall Tools,Al's Taping Tools,Wall Tools,0.55,All-Wall,1.05,0.50,90.91,0.26-1.00,>25%,no,1.05,single_observation,"FA200 1/16"" X 1/4"" Split Pin #6001",fa200,,,,,0.55,single_observation,Columbia 1/16 x 1/4 Split Pin (COLM-FA200),fa200
columbia::fa201,Columbia Tools,fa201,All-Wall vs Wall Tools,Al's Taping Tools,Wall Tools,0.55,All-Wall,1.05,0.50,90.91,0.26-1.00,>25%,no,1.05,single_observation,FA201 Columbia 1/16in X 3/8in Split Pin #6002,fa201,,,,,0.55,single_observation,Columbia 1/16 x 3/8 Split Pin (COLM-FA201),fa201
columbia::fa209,Columbia Tools,fa209,All-Wall vs Wall Tools,Al's Taping Tools,Wall Tools,0.55,All-Wall,1.05,0.50,90.91,0.26-1.00,>25%,no,1.05,single_observation,FA209 Columbia 4-40 X 1/8in Flat Head Screw #6004,fa209,,,,,0.55,single_observation,Columbia 4-40 x 1/8 Flat Slot (COLM-FA209),fa209
columbia::fa219,Columbia Tools,fa219,All-Wall vs Wall Tools,Al's Taping Tools,Wall Tools,0.55,All-Wall,1.05,0.50,90.91,0.26-1.00,>25%,no,1.05,single_observation,FA219 Columbia 4-40 X 1/2in Fill. Head Screw #6005,fa219,,,,,0.55,single_observation,Columbia 4-40 x 1/2 Fillister Slot (COLM-FA219),fa219
columbia::fa253,Columbia Tools,fa253,All-Wall vs Wall Tools,Al's Taping Tools,Wall Tools,0.55,All-Wall,1.05,0.50,90.91,0.26-1.00,>25%,no,1.05,single_observation,FA253 Columbia #8 Flat Washer #6019,fa253,,,,,0.55,single_observation,Columbia #8 Flat Washer (COLM-FA253),fa253
columbia::fa276,Columbia Tools,fa276,All-Wall vs Wall Tools,Al's Taping Tools,Wall Tools,0.55,All-Wall,1.05,0.50,90.91,0.26-1.00,>25%,no,1.05,single_observation,FA276 Columbia 10-24 X 7/8 Pan Head Screw #6033,fa276,,,,,0.55,single_observation,Columbia 10-24 x 7/8 in. Binder Slot Screw (COLM-FA276),fa276
columbia::fa278,Columbia Tools,fa278,All-Wall vs Wall Tools,Al's Taping Tools,Wall Tools,0.55,All-Wall,1.05,0.50,90.91,0.26-1.00,>25%,no,1.05,single_observation,FA278 Columbia #8 Belleville Washer #6035,fa278,,,,,0.55,single_observation,Columbia #8 Belleville Washer (COLM-FA278),fa278
columbia::fa280,Columbia Tools,fa280,All-Wall vs Wall Tools,Al's Taping Tools,Wall Tools,0.55,All-Wall,1.05,0.50,90.91,0.26-1.00,>25%,no,1.05,single_observation,FA280 Columbia #10 Belleville Washer,fa280,,,,,0.55,single_observation,Columbia #10 Belleville Washer (COLM-FA280),fa280
columbia::fa295,Columbia Tools,fa295,All-Wall vs Wall Tools,Al's Taping Tools,Wall Tools,0.55,All-Wall,1.05,0.50,90.91,0.26-1.00,>25%,no,1.05,single_observation,FA295 Columbia 1/4-20 X 1/2in Flat Socket #6045,fa295,,,,,0.55,single_observation,Columbia -20 x  in. Flat Head Socket Screw (COLM-FA295),fa295
columbia::fa298,Columbia Tools,fa298,All-Wall vs Wall Tools,Al's Taping Tools,Wall Tools,0.55,All-Wall,1.05,0.50,90.91,0.26-1.00,>25%,no,1.05,single_observation,FA298 Columbia 1/4-20 X 7/8in Flat Socket #6048,fa298,,,,,0.55,single_observation,Columbia -20 x 7/8 in. Flat Socket Screw (COLM-FA298),fa298
columbia::fa314,Columbia Tools,fa314,All-Wall vs Wall Tools,Al's Taping Tools,Wall Tools,0.55,All-Wall,1.05,0.50,90.91,0.26-1.00,>25%,no,1.05,single_observation,Columbia Pan Slot COLFA314,fa314,,,,,0.55,single_observation,Columbia 10-24 x 1-1/2 in. Pan Slot Screw (COLM-FA314),fa314
columbia::ct104,Columbia Tools,ct104,Al's Taping Tools vs Wall Tools,All-Wall,Wall Tools,11.64,Al's Taping Tools,22.00,10.36,89.00,5.01-25.00,>25%,no,,,,,22.00,single_observation,Taper Connection Strap - CT104,ct-104,11.64,single_observation,Columbia Crimper lever Connection Strap (COLM-CT104),ct104
tapetech::jk06cstt,TapeTech,jk06cstt,All-Wall vs Al's Taping Tools,Wall Tools,All-Wall,11.99,Al's Taping Tools,21.95,9.96,83.07,5.01-25.00,>25%,no,11.99,single_observation,"TapeTech 6"" Premium Carbon Steel Joint Knife",jk06cstt,21.95,single_observation,"TapeTech 6"" Premium Carbon Steel Joint Knife",jk06cstt,,,,
columbia::fa222,Columbia Tools,fa222,All-Wall vs Wall Tools,Al's Taping Tools,Wall Tools,0.55,All-Wall,1.00,0.45,81.82,0.26-1.00,>25%,no,1.00,single_observation,FA222 Columbia 5-40 X 3/8in Bind Head Screw #6008,fa222,,,,,0.55,single_observation,Columbia 5-40 x 3/8 in. Pan Slot Screw (COLM-FA222),fa222
tapetech::219039,TapeTech,219039,Al's Taping Tools vs Wall Tools,All-Wall,Al's Taping Tools,6.25,Wall Tools,11.24,4.99,79.84,1.01-5.00,>25%,no,,,,,6.25,single_observation,219039 - TapeTech Left Skid for Power Assist Boxes,219039,11.24,single_observation,"TapeTech SKID, LEFT (TAPE-219039)",219039
usg-sheetrock::340114,USG Sheetrock Tools,340114,All-Wall vs Al's Taping Tools,Wall Tools,Al's Taping Tools,13.00,All-Wall,22.99,9.99,76.85,5.01-25.00,>25%,no,22.99,single_observation,"Sheetrock 10"" Classic Blue Steel Drywall Taping Knife",340114,13.00,single_observation,"Sheetrock 10"" Classic Blue Steel Drywall Taping Knife",340114,,,,
columbia::fa261,Columbia Tools,fa261,All-Wall vs Wall Tools,Al's Taping Tools,Wall Tools,0.69,All-Wall,1.21,0.52,75.36,0.26-1.00,>25%,no,1.21,single_observation,"8-32 X 3/8"" Socket Hd Screw",fa261,,,,,0.69,single_observation,Columbia 8-32 x 3/8 in. Socket Screw (COLM-FA261),fa261
tapetech::202007,TapeTech,202007,All-Wall vs Wall Tools,Al's Taping Tools,All-Wall,13.34,Wall Tools,23.22,9.88,74.06,5.01-25.00,>25%,no,13.34,single_observation,"TapeTech Push Rod, Crown Adjustment 202007",202007,,,,,23.22,single_observation,"TapeTech Push Rod, Crown Adjust (TAPE-202007)",202007
tapetech::602029f,TapeTech,602029f,All-Wall vs Wall Tools,Al's Taping Tools,Wall Tools,4.60,All-Wall,8.00,3.40,73.91,1.01-5.00,>25%,no,8.00,single_observation,TapeTech Special Rivet 602029F,602029f,,,,,4.60,single_observation,TapeTech SPECIAL RIVET (TAPE-602029F),602029f
tapetech::602045f,TapeTech,602045f,All-Wall vs Wall Tools,Al's Taping Tools,Wall Tools,4.60,All-Wall,8.00,3.40,73.91,1.01-5.00,>25%,no,8.00,single_observation,TapeTech Special Washer 602045F,602045f,,,,,4.60,single_observation,TapeTech SPECIAL WASHER (TAPE-602045F),602045f
tapetech::880042,TapeTech,880042,All-Wall vs Al's Taping Tools,Wall Tools,Al's Taping Tools,8.09,All-Wall,13.99,5.90,72.93,5.01-25.00,>25%,no,13.99,single_observation,TapeTech Rubber Grip Handle 880042,880042,8.09,single_observation,Rubber Grip Handle - 880042,880042,,,,
columbia::colsemi,Columbia Tools,colsemi,All-Wall vs Al's Taping Tools,Wall Tools,All-Wall,1175.00,Al's Taping Tools,2030.00,855.00,72.77,>25.00,>25%,no,1175.00,single_observation,Columbia Semi-Auto Taping Tool Kit,colsemi,2030.00,single_observation,Columbia Semi-Automatic Starter Set,colsemi,,,,
tapetech::050093f,TapeTech,050093f,All-Wall vs Wall Tools,Al's Taping Tools,All-Wall,12.47,Wall Tools,21.37,8.90,71.37,5.01-25.00,>25%,no,12.47,single_observation,TapeTech Taper Wheel 050093F,050093f,,,,,21.37,single_observation,TapeTech Taper Wheel,050093f
tapetech::603031,TapeTech,603031,Al's Taping Tools vs Wall Tools,All-Wall,Al's Taping Tools,5.82,Wall Tools,9.97,4.15,71.31,1.01-5.00,>25%,no,,,,,5.82,single_observation,Special Nut - 603031,603031,9.97,single_observation,TapeTech NUT SPECIAL (TAPE-603031),603031
tapetech::501a,TapeTech,501a,All-Wall vs Wall Tools,Al's Taping Tools,All-Wall,42.29,Wall Tools,71.64,29.35,69.40,>25.00,>25%,no,42.29,single_observation,TapeTech Taper Repair Kit 501A,501a,,,,,71.64,single_observation,TapeTech Taper Repair Kit (TAPE-501A),501a
surpro::ss1008,SurPro,ss1008,Al's Taping Tools vs Wall Tools,All-Wall,Wall Tools,12.00,Al's Taping Tools,19.99,7.99,66.58,5.01-25.00,>25%,no,,,,,19.99,single_observation,Sur-Pro Wing Bolt Kit (4 Pack),ss1008,12.00,single_observation,SurPro Stilt Wing Bolt Kit,ss1008
tapetech::jk04sstt,TapeTech,jk04sstt,All-Wall vs Al's Taping Tools,Wall Tools,All-Wall,11.99,Al's Taping Tools,19.95,7.96,66.39,5.01-25.00,>25%,no,11.99,single_observation,"TapeTech 4"" Premium Stainless Steel Joint Knife",jk04sstt,19.95,single_observation,"TapeTech 4"" Premium Stainless Steel Joint Knife",jk04sstt,,,,
tapetech::tk08bstt,TapeTech,tk08bstt,All-Wall vs Al's Taping Tools,Wall Tools,All-Wall,11.99,Al's Taping Tools,19.95,7.96,66.39,5.01-25.00,>25%,no,11.99,single_observation,"TapeTech 8"" Premium Blue Steel Taping Knife",tk08bstt,19.95,single_observation,"TapeTech 8"" Premium Blue Steel Taping Knife",tk08bstt,,,,
tapetech::ck06cstt,TapeTech,ck06cstt,All-Wall vs Al's Taping Tools,Wall Tools,All-Wall,8.99,Al's Taping Tools,14.95,5.96,66.30,5.01-25.00,>25%,no,8.99,single_observation,"TapeTech 6"" Carbon Steel Clipped Joint Knife",ck06cstt,14.95,single_observation,"TapeTech 6"" Carbon Steel Clipped Joint Knife",ck06cstt,,,,
tapetech::jk06sstt,TapeTech,jk06sstt,All-Wall vs Al's Taping Tools,Wall Tools,All-Wall,13.99,Al's Taping Tools,23.26,9.27,66.26,5.01-25.00,>25%,no,13.99,single_observation,"TapeTech 6"" Premium Stainless Steel Joint Knife",jk06sstt,23.26,single_observation,"TapeTech 6"" Premium Stainless Steel Joint Knife",jk06sstt,,,,
tapetech::tk08sstt,TapeTech,tk08sstt,All-Wall vs Al's Taping Tools,Wall Tools,All-Wall,13.99,Al's Taping Tools,22.95,8.96,64.05,5.01-25.00,>25%,no,13.99,single_observation,"TapeTech 8"" Premium Stainless Steel Taping Knife",tk08sstt,22.95,single_observation,"TapeTech 8"" Premium Stainless Steel Taping Knife",tk08sstt,,,,
tapetech::jk05cstt,TapeTech,jk05cstt,All-Wall vs Al's Taping Tools,Wall Tools,All-Wall,10.99,Al's Taping Tools,17.95,6.96,63.33,5.01-25.00,>25%,no,10.99,single_observation,"TapeTech 5"" Premium Carbon Steel Joint Knife",jk05cstt,17.95,single_observation,"TapeTech 5"" Premium Carbon Steel Joint Knife",jk05cstt,,,,
tapetech::051089,TapeTech,051089,All-Wall vs Al's Taping Tools,Wall Tools,All-Wall,70.65,Al's Taping Tools,114.42,43.77,61.95,>25.00,>25%,no,70.65,single_observation,TapeTech Side Plate 051089,051089,114.42,single_observation,Side Plate - 051089,051089,,,,
tapetech::jk05sstt,TapeTech,jk05sstt,All-Wall vs Al's Taping Tools,Wall Tools,All-Wall,12.99,Al's Taping Tools,20.95,7.96,61.28,5.01-25.00,>25%,no,12.99,single_observation,"TapeTech 5"" Premium Stainless Steel Joint Knife",jk05sstt,20.95,single_observation,"TapeTech 5"" Premium Stainless Steel Joint Knife",jk05sstt,,,,
tapetech::ch90tt,TapeTech,ch90tt,All-Wall vs Al's Taping Tools,Wall Tools,All-Wall,99.00,Al's Taping Tools,159.46,60.46,61.07,>25.00,>25%,no,99.00,single_observation,TapeTech 90 mm Cove Applicator Head CH90TT,ch90tt,159.46,single_observation,TapeTech 90 mm Cove Applicator Head CH90TT,ch90tt,,,,
columbia::fa299,Columbia Tools,fa299,All-Wall vs Wall Tools,Al's Taping Tools,Wall Tools,2.71,All-Wall,4.33,1.62,59.78,1.01-5.00,>25%,no,4.33,single_observation,"1/4-20 X 1-1/2"" Hex Bolt",fa299,,,,,2.71,single_observation,Columbia 1/4-20 x 1-1/2 Hex Bolt (COLM-FA299),fa299
tapetech::jk03sstt,TapeTech,jk03sstt,All-Wall vs Al's Taping Tools,Wall Tools,All-Wall,9.99,Al's Taping Tools,15.95,5.96,59.66,5.01-25.00,>25%,no,9.99,single_observation,"TapeTech 3"" Premium Stainless Steel Joint Knife",jk03sstt,15.95,single_observation,"TapeTech 3"" Premium Stainless Steel Joint Knife",jk03sstt,,,,
tapetech::810029,TapeTech,810029,All-Wall vs Al's Taping Tools,Wall Tools,All-Wall,19.79,Al's Taping Tools,31.50,11.71,59.17,5.01-25.00,>25%,no,19.79,single_observation,TapeTech Connector Coupling 810029,810029,31.50,single_observation,810029 - Connector Coupling,810029,,,,
tapetech::050145,TapeTech,050145,All-Wall vs Wall Tools,Al's Taping Tools,All-Wall,12.79,Wall Tools,20.29,7.50,58.64,5.01-25.00,>25%,no,12.79,single_observation,TapeTech Creaser Chain 050145,050145,,,,,20.29,single_observation,TapeTech Creaser Chain,050145
tapetech::400005,TapeTech,400005,All-Wall vs Wall Tools,Al's Taping Tools,All-Wall,8.39,Wall Tools,13.29,4.90,58.40,1.01-5.00,>25%,no,8.39,single_observation,"TapeTech 2"" Blade Tension Spring 400005",400005,,,,,13.29,single_observation,TapeTech Blade Tension Spring (TAPE-400005),400005
tapetech::700036,TapeTech,700036,All-Wall vs Wall Tools,Al's Taping Tools,All-Wall,16.29,Wall Tools,25.80,9.51,58.38,5.01-25.00,>25%,no,16.29,single_observation,TapeTech 5/16-24 X 1-7/16 Stud 700036,700036,,,,,25.80,single_observation,TapeTech 5/16-24X1 7/16 STD SCREW (TAPE-700036),700036
tapetech::882013,TapeTech,882013,All-Wall vs Wall Tools,Al's Taping Tools,All-Wall,8.89,Wall Tools,14.02,5.13,57.71,5.01-25.00,>25%,no,8.89,single_observation,TapeTech Locking Pin 882013,882013,,,,,14.02,single_observation,TapeTech Locking Pin (TAPE-882013),882013
tapetech::mp12tt,TapeTech,mp12tt,All-Wall vs Al's Taping Tools,Wall Tools,All-Wall,16.99,Al's Taping Tools,26.45,9.46,55.68,5.01-25.00,>25%,no,16.99,single_observation,"TapeTech 12"" Premium Mud Pan",mp12tt,26.45,single_observation,"TapeTech 12"" Premium Mud Pan",mp12tt,,,,
tapetech::882016,TapeTech,882016,All-Wall vs Wall Tools,Al's Taping Tools,All-Wall,15.49,Wall Tools,23.99,8.50,54.87,5.01-25.00,>25%,no,15.49,single_observation,TapeTech Guide Plug 882016,882016,,,,,23.99,single_observation,TapeTech GUIDE PLUG (TAPE-882016),882016
columbia::ssb32,Columbia Tools,ssb32,All-Wall vs Al's Taping Tools,Wall Tools,Al's Taping Tools,74.99,All-Wall,115.99,41.00,54.67,>25.00,>25%,no,115.99,single_observation,"Columbia 32"" Sabre Smoothing Blade",ssb32,74.99,single_observation,"Columbia Sabre Smoothing Blade 32""",ssb32,,,,
usg-sheetrock::340316,USG Sheetrock Tools,340316,All-Wall vs Al's Taping Tools,Wall Tools,Al's Taping Tools,5.50,All-Wall,8.49,2.99,54.36,1.01-5.00,>25%,no,8.49,single_observation,Sheetrock Bead Hopper Gate - Outside Bullnose,340316,5.50,single_observation,Sheetrock Bead Hopper Gate - Outside Bullnose,340316,,,,
usg-sheetrock::340317,USG Sheetrock Tools,340317,All-Wall vs Al's Taping Tools,Wall Tools,Al's Taping Tools,5.50,All-Wall,8.49,2.99,54.36,1.01-5.00,>25%,no,8.49,single_observation,Sheetrock Bead Hopper Gate - Inside 90,340317,5.50,single_observation,Sheetrock Bead Hopper Gate - Inside 90°,340317,,,,
tapetech::jk04cstt,TapeTech,jk04cstt,All-Wall vs Al's Taping Tools,Wall Tools,All-Wall,10.99,Al's Taping Tools,16.95,5.96,54.23,5.01-25.00,>25%,no,10.99,single_observation,"TapeTech 4"" Premium Carbon Steel Joint Knife",jk04cstt,16.95,single_observation,"TapeTech 4"" Premium Carbon Steel Joint Knife",jk04cstt,,,,
tapetech::059024,TapeTech,059024,All-Wall vs Wall Tools,Al's Taping Tools,Wall Tools,3.52,All-Wall,5.39,1.87,53.12,1.01-5.00,>25%,no,5.39,single_observation,TapeTech Chain Keeper Washer 059024,059024,,,,,3.52,single_observation,TapeTech Chain Keeper (TAPE-059024),059024
tapetech::mp14tt,TapeTech,mp14tt,All-Wall vs Al's Taping Tools,Wall Tools,All-Wall,17.99,Al's Taping Tools,27.51,9.52,52.92,5.01-25.00,>25%,no,17.99,single_observation,"TapeTech 14"" Premium Mud Pan",mp14tt,27.51,single_observation,"TapeTech 14"" Premium Mud Pan",mp14tt,,,,
columbia::fa267,Columbia Tools,fa267,All-Wall vs Wall Tools,Al's Taping Tools,Wall Tools,0.69,All-Wall,1.05,0.36,52.17,0.26-1.00,>25%,no,1.05,single_observation,FA267 Columbia 8-32 X 1.5in Pan Head Screw #6027,fa267,,,,,0.69,single_observation,Columbia 8-32 x 1-1/2 Pan Head (COLM-FA267),fa267
columbia::ssb14,Columbia Tools,ssb14,All-Wall vs Al's Taping Tools,Wall Tools,Al's Taping Tools,32.99,All-Wall,49.99,17.00,51.53,5.01-25.00,>25%,no,49.99,single_observation,"Columbia 14"" Sabre Smoothing Blade",ssb14,32.99,single_observation,"Columbia Sabre Smoothing Blade 14""",ssb14,,,,
tapetech::059067,TapeTech,059067,All-Wall vs Wall Tools,Al's Taping Tools,Wall Tools,1.19,All-Wall,1.79,0.60,50.42,0.26-1.00,>25%,no,1.79,single_observation,TapeTech Key Ring 059067,059067,,,,,1.19,single_observation,TapeTech KEY RING (TAPE-059067),059067
columbia::ffb9-5.5,Columbia Tools,ffb9-5.5,All-Wall vs Al's Taping Tools,Wall Tools,Al's Taping Tools,3.14,All-Wall,4.70,1.56,49.68,1.01-5.00,>25%,no,4.70,single_observation,FFB9-5.5 Columbia Flat Box Blade 5.5in #13783,ffb9-5.5,3.14,single_observation,"Columbia Flat Box Blade 5.5"" - FFB9-5.5",ffb9-5.5,,,,
columbia::ct63,Columbia Tools,ct63,All-Wall vs Wall Tools,Al's Taping Tools,Wall Tools,1.29,All-Wall,1.93,0.64,49.61,0.26-1.00,>25%,no,1.93,single_observation,Needle,ct63,,,,,1.29,single_observation,Columbia Tape Advance Needle (COLM-CT63),ct63
columbia::ssb16,Columbia Tools,ssb16,All-Wall vs Al's Taping Tools,Wall Tools,Al's Taping Tools,38.99,All-Wall,57.99,19.00,48.73,5.01-25.00,>25%,no,57.99,single_observation,"Columbia 16"" Sabre Smoothing Blade",ssb16,38.99,single_observation,"Columbia Sabre Smoothing Blade 16""",ssb16,,,,
tapetech::502a,TapeTech,502a,All-Wall vs Wall Tools,Al's Taping Tools,All-Wall,49.99,Wall Tools,74.02,24.03,48.07,5.01-25.00,>25%,no,49.99,single_observation,TapeTech Taper Rebuild Kit 502A,502a,,,,,74.02,single_observation,TapeTech Taper Rebuild Kit (TAPE-502A),502a
columbia::fa245,Columbia Tools,fa245,All-Wall vs Wall Tools,Al's Taping Tools,Wall Tools,0.71,All-Wall,1.05,0.34,47.89,0.26-1.00,>25%,no,1.05,single_observation,FA245 Columbia 6-32 X 1/2in Fill. Head Screw #6017,fa245,,,,,0.71,single_observation,Columbia 6-32 x 1/2 Fillister Slot (COLM-FA245),fa245
columbia::hns14b,Columbia Tools,hns14b,All-Wall vs Wall Tools,Al's Taping Tools,Wall Tools,1.04,All-Wall,1.53,0.49,47.12,0.26-1.00,>25%,no,1.53,single_observation,HNS14B Columbia Nail Spotter Handle Rivet #12633,hns14b,,,,,1.04,single_observation,Columbia Handle Rivet for Hinged Nail Spotter (COLM-HNS14B),hns14b
tapetech::056248g,TapeTech,056248g,All-Wall vs Wall Tools,Al's Taping Tools,All-Wall,395.09,Wall Tools,580.25,185.16,46.87,>25.00,>25%,no,395.09,single_observation,TapeTech Taper Tube 056248G,056248g,,,,,580.25,single_observation,"TapeTech Taper Tube, Gold (TAPE-056248G)",056248g
tapetech::050249,TapeTech,050249,All-Wall vs Wall Tools,Al's Taping Tools,All-Wall,38.09,Wall Tools,55.92,17.83,46.81,5.01-25.00,>25%,no,38.09,single_observation,TapeTech Creaser Connector 050249,050249,,,,,55.92,single_observation,TapeTech CREASER CONNECTOR,050249
surpro::ss1007,SurPro,ss1007,Al's Taping Tools vs Wall Tools,All-Wall,Wall Tools,15.00,Al's Taping Tools,22.00,7.00,46.67,5.01-25.00,>25%,no,,,,,22.00,single_observation,Sur-Stilt Plastic Sleeve Kit - SS1007,ss1007,15.00,single_observation,SurPro Stilt Plastic Sleeve Kit,ss1007
tapetech::700045,TapeTech,700045,Al's Taping Tools vs Wall Tools,All-Wall,Al's Taping Tools,12.34,Wall Tools,18.09,5.75,46.60,5.01-25.00,>25%,no,,,,,12.34,single_observation,Retainer - 700045,700045,18.09,single_observation,TapeTech RETAINER (TAPE-700045),700045
columbia::mp9a,Columbia Tools,mp9a,All-Wall vs Wall Tools,Al's Taping Tools,Wall Tools,1.76,All-Wall,2.58,0.82,46.59,0.26-1.00,>25%,no,2.58,single_observation,MP9A Columbia Mud Pump Connecting Chain #6170,mp9a,,,,,1.76,single_observation,Columbia Connecting Chain (COLM-MP9A),mp9a
columbia::ffb32a,Columbia Tools,ffb32a,All-Wall vs Wall Tools,Al's Taping Tools,Wall Tools,1.16,All-Wall,1.70,0.54,46.55,0.26-1.00,>25%,no,1.70,single_observation,FFB32A Columbia Flat Box Thumb Release Clip Screw,ffb32a,,,,,1.16,single_observation,Columbia Thumb Clip Door Release/Stop Bolt (COLM-FFB32A),ffb32a
tapetech::ch83tt,TapeTech,ch83tt,All-Wall vs Al's Taping Tools,Wall Tools,All-Wall,99.00,Al's Taping Tools,144.85,45.85,46.31,>25.00,>25%,no,99.00,single_observation,TapeTech 83 mm Cove Applicator Head CH83TT,ch83tt,144.85,single_observation,TapeTech 83 mm Cove Applicator Head CH83TT,ch83tt,,,,
columbia::fa231,Columbia Tools,fa231,All-Wall vs Wall Tools,Al's Taping Tools,Wall Tools,1.06,All-Wall,1.55,0.49,46.23,0.26-1.00,>25%,no,1.55,single_observation,"Columbia #6 X 3/8"" Hex Bolt COLFA231",fa231,,,,,1.06,single_observation,Columbia 6-32 x 3/8 in. Hex Bolt (COLM-FA231),fa231
columbia::ct65,Columbia Tools,ct65,All-Wall vs Wall Tools,Al's Taping Tools,Wall Tools,3.56,All-Wall,5.20,1.64,46.07,1.01-5.00,>25%,no,5.20,single_observation,CT65 Columbia Taper Needle Return Spring #5839,ct65,,,,,3.56,single_observation,Columbia Needle Return Spring (COLM-CT65),ct65
columbia::cfb1a,Columbia Tools,cfb1a,All-Wall vs Wall Tools,Al's Taping Tools,Wall Tools,3.87,All-Wall,5.65,1.78,45.99,1.01-5.00,>25%,no,5.65,single_observation,CFB1A Columbia Angle Box Hinge Seal #5556,cfb1a,,,,,3.87,single_observation,Columbia Hinge Seal for Corner Box (COLM-CFB1A),cfb1a
columbia::ct2,Columbia Tools,ct2,All-Wall vs Wall Tools,Al's Taping Tools,Wall Tools,3.87,All-Wall,5.65,1.78,45.99,1.01-5.00,>25%,no,5.65,single_observation,CT2 Columbia Taper Insert Bushing #5571,ct2,,,,,3.87,single_observation,Columbia Nylatron Insert Bushing (COLM-CT2),ct2
columbia::ct91,Columbia Tools,ct91,All-Wall vs Wall Tools,Al's Taping Tools,Wall Tools,3.87,All-Wall,5.65,1.78,45.99,1.01-5.00,>25%,no,5.65,single_observation,CT91 Columbia Taper Release Clip Bushing #5865,ct91,,,,,3.87,single_observation,Columbia Clutch Release Cam Bushing (COLM-CT91),ct91
columbia::ct10a,Columbia Tools,ct10a,All-Wall vs Wall Tools,Al's Taping Tools,Wall Tools,4.85,All-Wall,7.08,2.23,45.98,1.01-5.00,>25%,no,7.08,single_observation,CT10A Columbia Taper Crimping Arm Bushing Left #5584,ct10a,,,,,4.85,single_observation,Columbia Crimping Arm Bushing - Left (COLM-CT10A),ct10a
columbia::cc5,Columbia Tools,cc5,All-Wall vs Al's Taping Tools,Wall Tools,Al's Taping Tools,4.59,All-Wall,6.70,2.11,45.97,1.01-5.00,>25%,no,6.70,single_observation,Columbia Roller for Corner Cobra,cc5,4.59,single_observation,Columbia Roller for Corner Cobra - CC5,cc5,,,,
columbia::ct129b,Columbia Tools,ct129b,All-Wall vs Wall Tools,Al's Taping Tools,Wall Tools,5.16,All-Wall,7.53,2.37,45.93,1.01-5.00,>25%,no,7.53,single_observation,CT129B Columbia Taper Sleeve (Plastic Roller) #5992,ct129b,,,,,5.16,single_observation,Columbia Shaft Guide Roller  (COLM-CT129B),ct129b
columbia::ct64,Columbia Tools,ct64,All-Wall vs Wall Tools,Al's Taping Tools,Wall Tools,5.16,All-Wall,7.53,2.37,45.93,1.01-5.00,>25%,no,7.53,single_observation,CT64 Columbia Taper Needle Return Shaft #5838,ct64,,,,,5.16,single_observation,Columbia Needle Return Shaft (COLM-CT64),ct64
columbia::ct98,Columbia Tools,ct98,All-Wall vs Wall Tools,Al's Taping Tools,Wall Tools,5.16,All-Wall,7.53,2.37,45.93,1.01-5.00,>25%,no,7.53,single_observation,CT98 Columbia Taper Mud Supply Seal Plate #5960,ct98,,,,,5.16,single_observation,Columbia Mud Supply Seal Plate & Shaft (COLM-CT98),ct98
columbia::ct76,Columbia Tools,ct76,All-Wall vs Wall Tools,Al's Taping Tools,Wall Tools,0.98,All-Wall,1.43,0.45,45.92,0.26-1.00,>25%,no,1.43,single_observation,CT76 Columbia Taper Nylatron Washer #5847,ct76,,,,,0.98,single_observation,Columbia Nylatron Washer (COLM-CT76),ct76
columbia::mp28,Columbia Tools,mp28,All-Wall vs Wall Tools,Al's Taping Tools,Wall Tools,8.42,All-Wall,12.28,3.86,45.84,1.01-5.00,>25%,no,12.28,single_observation,MP28 Columbia Mud Pump Filler Nut #5875,mp28,,,,,8.42,single_observation,Columbia Filler Nut (COLM-MP28),mp28
columbia::cr3,Columbia Tools,cr3,All-Wall vs Wall Tools,Al's Taping Tools,Wall Tools,6.48,All-Wall,9.45,2.97,45.83,1.01-5.00,>25%,no,9.45,single_observation,CR3 Columbia Corner Roller Bearing Sleeve #5563,cr3,,,,,6.48,single_observation,Columbia Bearing Sleeve (COLM-CR3),cr3
columbia::ct71,Columbia Tools,ct71,All-Wall vs Wall Tools,Al's Taping Tools,Wall Tools,15.52,All-Wall,22.63,7.11,45.81,5.01-25.00,>25%,no,22.63,single_observation,CT71 Columbia Taper Drive Sprocket Small #5844,ct71,,,,,15.52,single_observation,Columbia Drive Sprocket - Small (COLM-CT71),ct71
columbia::ct14,Columbia Tools,ct14,All-Wall vs Wall Tools,Al's Taping Tools,Wall Tools,6.16,All-Wall,8.98,2.82,45.78,1.01-5.00,>25%,no,8.98,single_observation,CT14 Columbia Taper Adjustable Brake Holder #5588,ct14,,,,,6.16,single_observation,Columbia Adjustable Brake Holder (COLM-CT14),ct14
columbia::ffb2a,Columbia Tools,ffb2a,All-Wall vs Wall Tools,Al's Taping Tools,Wall Tools,3.19,All-Wall,4.65,1.46,45.77,1.01-5.00,>25%,no,4.65,single_observation,FFB2A Columbia Flat Box Bushing #6106,ffb2a,,,,,3.19,single_observation,Columbia Flat Box Adjuster Pin Sleeve (COLM-FFB2A),ffb2a
columbia::ct4,Columbia Tools,ct4,All-Wall vs Wall Tools,Al's Taping Tools,Wall Tools,1.29,All-Wall,1.88,0.59,45.74,0.26-1.00,>25%,no,1.88,single_observation,CT4 Columbia Taper Left Wafer Bushing #5574,ct4,,,,,1.29,single_observation,Columbia Left Wafer Bushing (COLM-CT4),ct4
columbia::ct5,Columbia Tools,ct5,All-Wall vs Wall Tools,Al's Taping Tools,Wall Tools,1.29,All-Wall,1.88,0.59,45.74,0.26-1.00,>25%,no,1.88,single_observation,CT5 Columbia Taper Right Wafer Bushing #5575,ct5,,,,,1.29,single_observation,Columbia Right Wafer Bushing (COLM-CT5),ct5
columbia::ct34,Columbia Tools,ct34,All-Wall vs Wall Tools,Al's Taping Tools,Wall Tools,5.82,All-Wall,8.48,2.66,45.70,1.01-5.00,>25%,no,8.48,single_observation,CT34 Columbia Taper Cover Plate Attachment Block #5607,ct34,,,,,5.82,single_observation,Columbia Cover Plate Attachment Block (COLM-CT34),ct34
columbia::ct94,Columbia Tools,ct94,All-Wall vs Wall Tools,Al's Taping Tools,Wall Tools,4.53,All-Wall,6.60,2.07,45.70,1.01-5.00,>25%,no,6.60,single_observation,CT94 Columbia Taper Mud Shut Off Upper Plate #5869,ct94,,,,,4.53,single_observation,Columbia Mud Gate Upper Plate (COLM-CT94),ct94
columbia::ah1a,Columbia Tools,ah1a,All-Wall vs Wall Tools,Al's Taping Tools,Wall Tools,8.36,All-Wall,12.18,3.82,45.69,1.01-5.00,>25%,no,12.18,single_observation,Columbia Spring Housing Angle Head,ah1a,,,,,8.36,single_observation,Columbia Return Spring Holder (COLM-AH1A),ah1a
columbia::hns12a,Columbia Tools,hns12a,All-Wall vs Wall Tools,Al's Taping Tools,Wall Tools,5.50,All-Wall,8.01,2.51,45.64,1.01-5.00,>25%,no,8.01,single_observation,HNS12A Columbia Nail Spotter Handle Roll Pin #12534,hns12a,,,,,5.50,single_observation,Columbia Handle Roll Pin for Hinged Nail Spotter (COLM-HNS12A),hns12a
columbia::ffb25-12,Columbia Tools,ffb25-12,All-Wall vs Wall Tools,Al's Taping Tools,Wall Tools,5.15,All-Wall,7.50,2.35,45.63,1.01-5.00,>25%,no,7.50,single_observation,FFB25-12 Columbia Flat Box Rubber Gasket Retainer 12in #11202,ffb25-12,,,,,5.15,single_observation,Columbia 12 in. Flat Box Rubber Gasket Retainer (COLM-FFB25-12),ffb25-12
columbia::ffb25-7,Columbia Tools,ffb25-7,All-Wall vs Wall Tools,Al's Taping Tools,Wall Tools,5.15,All-Wall,7.50,2.35,45.63,1.01-5.00,>25%,no,7.50,single_observation,FFB25-7 Columbia Flat Box Rubber Gasket Retainer 7in #10905,ffb25-7,,,,,5.15,single_observation,Columbia 7 in. Flat Box Rubber Gasket Retainer (COLM-FFB25-7),ffb25-7
columbia::ffb25-8,Columbia Tools,ffb25-8,All-Wall vs Wall Tools,Al's Taping Tools,Wall Tools,5.15,All-Wall,7.50,2.35,45.63,1.01-5.00,>25%,no,7.50,single_observation,FFB25-8 Columbia Flat Box Rubber Gasket Retainer 8in #10858,ffb25-8,,,,,5.15,single_observation,Columbia 8 in. Flat Box Rubber Gasket Retainer (COLM-FFB25-8),ffb25-8
columbia::ct101,Columbia Tools,ct101,All-Wall vs Wall Tools,Al's Taping Tools,Wall Tools,2.85,All-Wall,4.15,1.30,45.61,1.01-5.00,>25%,no,4.15,single_observation,CT101 Columbia Taper Return Spring #5961,ct101,,,,,2.85,single_observation,Columbia Mud Supply Valve Return Spring (COLM-CT101),ct101
columbia::fa247,Columbia Tools,fa247,All-Wall vs Wall Tools,Al's Taping Tools,Wall Tools,1.34,All-Wall,1.95,0.61,45.52,0.26-1.00,>25%,no,1.95,single_observation,FA247 Columbia 6-32 X 5/8in Hex Bolt #6018,fa247,,,,,1.34,single_observation,Columbia 6-32 x 5/8 in. Hex Bolt (COLM-FA247),fa247
columbia::fa279,Columbia Tools,fa279,All-Wall vs Wall Tools,Al's Taping Tools,Wall Tools,1.34,All-Wall,1.95,0.61,45.52,0.26-1.00,>25%,no,1.95,single_observation,FA279 Columbia 10-24 X 1-1/4in Hex Bolt #6036,fa279,,,,,1.34,single_observation,Columbia 10-24 x 1 ¼” Hex Bolt (COLM-FA279),fa279
columbia::ct125,Columbia Tools,ct125,All-Wall vs Wall Tools,Al's Taping Tools,Wall Tools,3.23,All-Wall,4.70,1.47,45.51,1.01-5.00,>25%,no,4.70,single_observation,CT125 Columbia Taper Roller #5985,ct125,,,,,3.23,single_observation,Columbia Hand Grip Roller (COLM-CT125),ct125
columbia::ct29,Columbia Tools,ct29,All-Wall vs Wall Tools,Al's Taping Tools,Wall Tools,3.23,All-Wall,4.70,1.47,45.51,1.01-5.00,>25%,no,4.70,single_observation,CT29 Columbia Taper Nylatron Chain Roller #5602,ct29,,,,,3.23,single_observation,Columbia Right Nylatron Chain Roller (Small) (COLM-CT29),ct29
columbia::ct83,Columbia Tools,ct83,All-Wall vs Wall Tools,Al's Taping Tools,Wall Tools,3.23,All-Wall,4.70,1.47,45.51,1.01-5.00,>25%,no,4.70,single_observation,CT83 Columbia Taper Clutch Dog #5855,ct83,,,,,3.23,single_observation,Columbia Clutch Dog (COLM-CT83),ct83
columbia::mp3,Columbia Tools,mp3,All-Wall vs Wall Tools,Al's Taping Tools,Wall Tools,3.23,All-Wall,4.70,1.47,45.51,1.01-5.00,>25%,no,4.70,single_observation,MP3 Columbia Mud Pump Pump Flapper Valve #6163,mp3,,,,,3.23,single_observation,Columbia Pump Flapper Valve (COLM-MP3),mp3
columbia::hns10a,Columbia Tools,hns10a,All-Wall vs Wall Tools,Al's Taping Tools,Wall Tools,4.16,All-Wall,6.05,1.89,45.43,1.01-5.00,>25%,no,6.05,single_observation,HNS10A Columbia Nail Spotter Door Spring Short- Right #12532,hns10a,,,,,4.16,single_observation,Columbia Door Spring Short for Hinged Nail Spotter (COLM-HNS10A),hns10a
columbia::mp32,Columbia Tools,mp32,All-Wall vs Wall Tools,Al's Taping Tools,Wall Tools,1.96,All-Wall,2.85,0.89,45.41,0.26-1.00,>25%,no,2.85,single_observation,MP32 Columbia Mud Pump Backing Washer Locator #5876,mp32,,,,,1.96,single_observation,Columbia Backing Washer Locator (COLM-MP32),mp32
columbia::ct92a,Columbia Tools,ct92a,All-Wall vs Wall Tools,Al's Taping Tools,Wall Tools,2.60,All-Wall,3.78,1.18,45.38,1.01-5.00,>25%,no,3.78,single_observation,CT92A Columbia Taper L Clip #5867,ct92a,,,,,2.60,single_observation,"Columbia Toe Kicker Cable Retainer Clip ""L"" Clip (COLM-CT92A)",ct92a
columbia::hns13,Columbia Tools,hns13,All-Wall vs Wall Tools,Al's Taping Tools,Wall Tools,3.29,All-Wall,4.78,1.49,45.29,1.01-5.00,>25%,no,4.78,single_observation,HNS13 Columbia Nail Spotter Roll Pin Bushing #12535,hns13,,,,,3.29,single_observation,Columbia Roll Pin Bushing for Hinged Nail Spotter (COLM-HNS13),hns13
columbia::fa312,Columbia Tools,fa312,All-Wall vs Wall Tools,Al's Taping Tools,Wall Tools,1.48,All-Wall,2.15,0.67,45.27,0.26-1.00,>25%,no,2.15,single_observation,FA312 Columbia 10-24 X 1/4in Set Screw #6796,fa312,,,,,1.48,single_observation,Columbia 10-24 x ¼” Socket Head Set Screw (COLM-FA312),fa312
columbia::ct96,Columbia Tools,ct96,All-Wall vs Wall Tools,Al's Taping Tools,Wall Tools,2.26,All-Wall,3.28,1.02,45.13,1.01-5.00,>25%,no,3.28,single_observation,CT96 Columbia Taper Mud Shut Off Gasket #5871,ct96,,,,,2.26,single_observation,Columbia Mud Gate Gasket (COLM-CT96),ct96
columbia::mp39,Columbia Tools,mp39,All-Wall vs Wall Tools,Al's Taping Tools,Wall Tools,2.26,All-Wall,3.28,1.02,45.13,1.01-5.00,>25%,no,3.28,single_observation,MP39 Columbia Mud Pump Sleeve #5880,mp39,,,,,2.26,single_observation,Columbia Piston Cup Sleeve (COLM-MP39),mp39
tapetech::mws01-tt,TapeTech,mws01-tt,All-Wall vs Al's Taping Tools,Wall Tools,All-Wall,599.00,Al's Taping Tools,869.00,270.00,45.08,>25.00,>25%,no,599.00,single_observation,TapeTech Mobile Wash Station MWS01-TT,mws01-tt,869.00,single_observation,TapeTech Mobile Tool Wash Station,mws01-tt,,,,
columbia::hp44,Columbia Tools,hp44,All-Wall vs Wall Tools,Al's Taping Tools,Wall Tools,1.62,All-Wall,2.35,0.73,45.06,0.26-1.00,>25%,no,2.35,single_observation,HP44 Columbia Mud Pump Collar O-Ring #6153,hp44,,,,,1.62,single_observation,"Columbia Collar ""O"" Ring (COLM-HP44)",hp44
columbia::ssb24,Columbia Tools,ssb24,All-Wall vs Al's Taping Tools,Wall Tools,Al's Taping Tools,59.99,All-Wall,86.99,27.00,45.01,>25.00,>25%,no,86.99,single_observation,"Columbia 24"" Sabre Smoothing Blade",ssb24,59.99,single_observation,"Columbia Sabre Smoothing Blade 24""",ssb24,,,,
tapetech::050009f,TapeTech,050009f,All-Wall vs Al's Taping Tools,Wall Tools,Al's Taping Tools,18.04,All-Wall,26.16,8.12,45.01,5.01-25.00,>25%,no,26.16,single_observation,TapeTech Spring Holder 050009F,050009f,18.04,single_observation,SPRING HOLDER,050009f,,,,
columbia::ssb40,Columbia Tools,ssb40,All-Wall vs Al's Taping Tools,Wall Tools,Al's Taping Tools,99.99,All-Wall,144.99,45.00,45.00,>25.00,>25%,no,144.99,single_observation,"Columbia 40"" Sabre Smoothing Blade",ssb40,99.99,single_observation,"Columbia Sabre Smoothing Blade 40""",ssb40,,,,
columbia::fa296,Columbia Tools,fa296,All-Wall vs Wall Tools,Al's Taping Tools,Wall Tools,0.69,All-Wall,1.00,0.31,44.93,0.26-1.00,>25%,no,1.00,single_observation,FA296 Columbia 1/4-20 X 1/2in Hex Bolt #6046,fa296,,,,,0.69,single_observation,Columbia 1/4-20 x 1/2 Hex Bolt (COLM-FA296),fa296
columbia::ssb18,Columbia Tools,ssb18,All-Wall vs Al's Taping Tools,Wall Tools,Al's Taping Tools,44.99,All-Wall,64.99,20.00,44.45,5.01-25.00,>25%,no,64.99,single_observation,"Columbia 18"" Sabre Smoothing Blade",ssb18,44.99,single_observation,"Columbia Sabre Smoothing Blade 18""",ssb18,,,,
tapetech::jk02sstt,TapeTech,jk02sstt,All-Wall vs Al's Taping Tools,Wall Tools,All-Wall,8.99,Al's Taping Tools,12.95,3.96,44.05,1.01-5.00,>25%,no,8.99,single_observation,"TapeTech 2"" Premium Stainless Steel Joint Knife",jk02sstt,12.95,single_observation,"TapeTech 2"" Premium Stainless Steel Joint Knife",jk02sstt,,,,
tapetech::pk35cstt,TapeTech,pk35cstt,All-Wall vs Al's Taping Tools,Wall Tools,All-Wall,8.99,Al's Taping Tools,12.95,3.96,44.05,1.01-5.00,>25%,no,8.99,single_observation,"TapeTech 3.5"" Carbon Steel Pointing Knife",pk35cstt,12.95,single_observation,"TapeTech 3.5"" Carbon Steel Pointing Knife",pk35cstt,,,,
tapetech::212085,TapeTech,212085,All-Wall vs Al's Taping Tools,Wall Tools,Al's Taping Tools,26.34,All-Wall,37.89,11.55,43.85,5.01-25.00,>25%,no,37.89,single_observation,TapeTech Right Flange 212085,212085,26.34,single_observation,TapeTech Power Assist Right Flange - 212085,212085,,,,
tapetech::050204,TapeTech,050204,All-Wall vs Wall Tools,Al's Taping Tools,All-Wall,9.99,Wall Tools,14.37,4.38,43.84,1.01-5.00,>25%,no,9.99,single_observation,TapeTech Plunger Cup Washer 050204,050204,,,,,14.37,single_observation,TapeTech PLUNGER CUP WASHER (TAPE-050204),050204
columbia::hh17b,Columbia Tools,hh17b,All-Wall vs Wall Tools,Al's Taping Tools,Wall Tools,4.76,All-Wall,6.80,2.04,42.86,1.01-5.00,>25%,no,6.80,single_observation,13715,hh17b,,,,,4.76,single_observation,Columbia Brass Connector #2 for Hydra Reach Flat Box Handle (COLM-HH17B),hh17b
tapetech::ch75tt,TapeTech,ch75tt,All-Wall vs Al's Taping Tools,Wall Tools,All-Wall,99.00,Al's Taping Tools,140.86,41.86,42.28,>25.00,>25%,no,99.00,single_observation,TapeTech 75 mm Cove Applicator Head CH75TT,ch75tt,140.86,single_observation,TapeTech 75 mm Cove Applicator Head CH75TT,ch75tt,,,,
columbia::fa285,Columbia Tools,fa285,All-Wall vs Wall Tools,Al's Taping Tools,Wall Tools,1.16,All-Wall,1.65,0.49,42.24,0.26-1.00,>25%,no,1.65,single_observation,FA285 Columbia 1/4in Plastic Washer #6039,fa285,,,,,1.16,single_observation,Columbia 1/4 x 1/8 Plastic Washer (COLM-FA285),fa285
columbia::cr4,Columbia Tools,cr4,All-Wall vs Wall Tools,Al's Taping Tools,Wall Tools,3.80,All-Wall,5.40,1.60,42.11,1.01-5.00,>25%,no,5.40,single_observation,CR4 Columbia Corner Roller Washer #5564,cr4,,,,,3.80,single_observation,Columbia Cut Washer (COLM-CR4),cr4
columbia::fa224,Columbia Tools,fa224,All-Wall vs Wall Tools,Al's Taping Tools,Wall Tools,0.81,All-Wall,1.15,0.34,41.98,0.26-1.00,>25%,no,1.15,single_observation,FA224 Columbia 1/8in X 3/8in Split Pin #6009,fa224,,,,,0.81,single_observation,Columbia 1/8 x 3/8 Split Pin (COLM-FA224),fa224
columbia::fa292,Columbia Tools,fa292,All-Wall vs Wall Tools,Al's Taping Tools,Wall Tools,1.36,All-Wall,1.93,0.57,41.91,0.26-1.00,>25%,no,1.93,single_observation,FA292 Columbia 1/4-20 Nyloc Jam Nut #6043,fa292,,,,,1.36,single_observation,Columbia -20 Nyloc Jam Nut (COLM-FA292),fa292
columbia::fa225,Columbia Tools,fa225,All-Wall vs Wall Tools,Al's Taping Tools,Wall Tools,1.48,All-Wall,2.10,0.62,41.89,0.26-1.00,>25%,no,2.10,single_observation,FA225 Columbia 1/8in X 3/8in Special Washer #6010,fa225,,,,,1.48,single_observation,Columbia 1/8 x 3/8 in. Rivet Shoulder Washer (COLM-FA225),fa225
columbia::fa232,Columbia Tools,fa232,All-Wall vs Wall Tools,Al's Taping Tools,Wall Tools,1.48,All-Wall,2.10,0.62,41.89,0.26-1.00,>25%,no,2.10,single_observation,FA232 Columbia 6-32 Hex Nut #6012,fa232,,,,,1.48,single_observation,Columbia 6-32 Hex Nut (COLM-FA232),fa232
columbia::fa270,Columbia Tools,fa270,All-Wall vs Wall Tools,Al's Taping Tools,Wall Tools,1.48,All-Wall,2.10,0.62,41.89,0.26-1.00,>25%,no,2.10,single_observation,FA270 Columbia #10 X 3/4in Fender Washer #6029,fa270,,,,,1.48,single_observation,Columbia #10 x ¾” Fender Washer (COLM-FA270),fa270
columbia::fa308,Columbia Tools,fa308,All-Wall vs Wall Tools,Al's Taping Tools,Wall Tools,1.48,All-Wall,2.10,0.62,41.89,0.26-1.00,>25%,no,2.10,single_observation,FA308 Columbia 33/64 X 7/8in Flat Washer #6055,fa308,,,,,1.48,single_observation,Columbia 1/2 x 7/8 Flat Washer (COLM-FA308),fa308
columbia::ct129,Columbia Tools,ct129,All-Wall vs Wall Tools,Al's Taping Tools,Wall Tools,2.89,All-Wall,4.10,1.21,41.87,1.01-5.00,>25%,no,4.10,single_observation,CT129 Columbia Taper Shaft Guide Roller Bushing #5990,ct129,,,,,2.89,single_observation,Columbia Shaft Guide Roller Sleeve (COLM-CT129),ct129
columbia::ct125a,Columbia Tools,ct125a,All-Wall vs Wall Tools,Al's Taping Tools,Wall Tools,3.23,All-Wall,4.58,1.35,41.80,1.01-5.00,>25%,no,4.58,single_observation,CT125A Columbia Taper Bearing #5986,ct125a,,,,,3.23,single_observation,Columbia Hand Grip Roller Sleeve (COLM-CT125A),ct125a
columbia::ct35,Columbia Tools,ct35,All-Wall vs Wall Tools,Al's Taping Tools,Wall Tools,3.23,All-Wall,4.58,1.35,41.80,1.01-5.00,>25%,no,4.58,single_observation,CT35 Columbia Taper Cap Reinforcing Tab #5608,ct35,,,,,3.23,single_observation,Columbia Cap Reinforcing Tab (COLM-CT35),ct35
columbia::ffh26,Columbia Tools,ffh26,All-Wall vs Wall Tools,Al's Taping Tools,Wall Tools,1.75,All-Wall,2.48,0.73,41.71,0.26-1.00,>25%,no,2.48,single_observation,FFH26 Columbia Flat Box Handle 8-32 X 3/4 Brake Stop #6144,ffh26,,,,,1.75,single_observation,Columbia 8-32 x 3/4 Brake Stop (COLM-FFH26),ffh26
columbia::ct56,Columbia Tools,ct56,All-Wall vs Wall Tools,Al's Taping Tools,Wall Tools,6.48,All-Wall,9.18,2.70,41.67,1.01-5.00,>25%,no,9.18,single_observation,CT56 Columbia Taper Carriage Guide Rod Stop #5832,ct56,,,,,6.48,single_observation,Columbia Carriage Guide Rod Stop (COLM-CT56),ct56
columbia::cfb19,Columbia Tools,cfb19,All-Wall vs Wall Tools,Al's Taping Tools,Wall Tools,3.87,All-Wall,5.48,1.61,41.60,1.01-5.00,>25%,no,5.48,single_observation,CFB19 Columbia Angle Box Nylatron Bushing #5555,cfb19,,,,,3.87,single_observation,Columbia Nylatron Bushing (COLM-CFB19),cfb19
columbia::ct51,Columbia Tools,ct51,All-Wall vs Wall Tools,Al's Taping Tools,Wall Tools,3.87,All-Wall,5.48,1.61,41.60,1.01-5.00,>25%,no,5.48,single_observation,CT51 Columbia Taper Spacer Bar #5828,ct51,,,,,3.87,single_observation,Columbia Spacer Bar (COLM-CT51),ct51
columbia::ffb5a,Columbia Tools,ffb5a,All-Wall vs Wall Tools,Al's Taping Tools,Wall Tools,2.67,All-Wall,3.78,1.11,41.57,1.01-5.00,>25%,no,3.78,single_observation,FFB5A Columbia Flat Box Axle Bushing #6114,ffb5a,,,,,2.67,single_observation,Columbia Axle Bushing (COLM-FFB5A),ffb5a
columbia::ct81,Columbia Tools,ct81,All-Wall vs Wall Tools,Al's Taping Tools,Wall Tools,2.60,All-Wall,3.68,1.08,41.54,1.01-5.00,>25%,no,3.68,single_observation,CT81 Columbia Taper Clutch Return Spring #5853,ct81,,,,,2.60,single_observation,Columbia Clutch Return Spring (COLM-CT81),ct81
columbia::ffb4a,Columbia Tools,ffb4a,All-Wall vs Wall Tools,Al's Taping Tools,Wall Tools,4.31,All-Wall,6.10,1.79,41.53,1.01-5.00,>25%,no,6.10,single_observation,FFB4A Columbia Flat Box Stainless Steel Washer #6112,ffb4a,,,,,4.31,single_observation,Columbia Stainless Steel Washer (COLM-FFB4A),ffb4a
columbia::cfb10,Columbia Tools,cfb10,All-Wall vs Wall Tools,Al's Taping Tools,Wall Tools,5.16,All-Wall,7.30,2.14,41.47,1.01-5.00,>25%,no,7.30,single_observation,CFB10 Columbia Angle Box 5/16-18 X 3/4in Thumb Screw #5550,cfb10,,,,,5.16,single_observation,"Columbia 5/16""-18"" x 3/4"" Thumb Screw (COLM-CFB10)",cfb10
columbia::hns10,Columbia Tools,hns10,All-Wall vs Wall Tools,Al's Taping Tools,Wall Tools,4.51,All-Wall,6.38,1.87,41.46,1.01-5.00,>25%,no,6.38,single_observation,HNS10 Columbia Nail Spotter Door Spring Long- Left #12531,hns10,,,,,4.51,single_observation,Columbia Nail Spotter Door Spring (COLM-HNS10),hns10
columbia::ct118,Columbia Tools,ct118,All-Wall vs Wall Tools,Al's Taping Tools,Wall Tools,5.82,All-Wall,8.23,2.41,41.41,1.01-5.00,>25%,no,8.23,single_observation,CT118 Columbia Taper Retaining Spring Clip #5977,ct118,,,,,5.82,single_observation,Columbia Tape Spool Retaining Spring Insert (COLM-CT118),ct118
columbia::ct31,Columbia Tools,ct31,All-Wall vs Wall Tools,Al's Taping Tools,Wall Tools,5.82,All-Wall,8.23,2.41,41.41,1.01-5.00,>25%,no,8.23,single_observation,CT31 Columbia Taper Chain Tension & Guide Bracke #5604,ct31,,,,,5.82,single_observation,Columbia Chain Tension & Guide Bracke (COLM-CT31),ct31
columbia::ct50,Columbia Tools,ct50,All-Wall vs Wall Tools,Al's Taping Tools,Wall Tools,5.82,All-Wall,8.23,2.41,41.41,1.01-5.00,>25%,no,8.23,single_observation,CT50 Columbia Taper Crimping Wheel Bushing #5624,ct50,,,,,5.82,single_observation,Columbia Crimping Wheel Bushing (COLM-CT50),ct50
columbia::ffb6,Columbia Tools,ffb6,All-Wall vs Wall Tools,Al's Taping Tools,Wall Tools,6.67,All-Wall,9.43,2.76,41.38,1.01-5.00,>25%,no,9.43,single_observation,FFB6 Columbia Flat Box Box Wheel #6077,ffb6,,,,,6.67,single_observation,Columbia Axle Roller (Box Wheel) (COLM-FFB6),ffb6
columbia::cfb16,Columbia Tools,cfb16,All-Wall vs Wall Tools,Al's Taping Tools,Wall Tools,5.15,All-Wall,7.28,2.13,41.36,1.01-5.00,>25%,no,7.28,single_observation,CFB16 Columbia Angle Box Bearing Sleeve - Ss #5554,cfb16,,,,,5.15,single_observation,Columbia Bearing Sleeve (COLM-CFB16),cfb16
columbia::hh31,Columbia Tools,hh31,Al's Taping Tools vs Wall Tools,All-Wall,Wall Tools,14.46,Al's Taping Tools,20.44,5.98,41.36,5.01-25.00,>25%,no,,,,,20.44,single_observation,Handle Release Clip Pin - Columbia Flat Box Door Gasket 10in Fat Boy-New Style - HFBB14-1,hh31,14.46,single_observation,Columbia Release Clip Pin for Hydra Reach Flat Box Handle (COLM-HH31),hh31
columbia::ct12,Columbia Tools,ct12,All-Wall vs Wall Tools,Al's Taping Tools,Wall Tools,7.11,All-Wall,10.05,2.94,41.35,1.01-5.00,>25%,no,10.05,single_observation,CT12 Columbia Taper Tape Advance Release Bracket #5586,ct12,,,,,7.11,single_observation,Columbia Tape Advance Release Bracket (COLM-CT12),ct12
columbia::ffb11-10,Columbia Tools,ffb11-10,All-Wall vs Wall Tools,Al's Taping Tools,Wall Tools,7.11,All-Wall,10.05,2.94,41.35,1.01-5.00,>25%,no,10.05,single_observation,"FFB11-10 Columbia Flat Box Adjuster Spring 10""",ffb11-10,,,,,7.11,single_observation,"Columbia Flat Box Adjuster Spring 7"",8"", or 10"" (COLM-FFB11-10)",ffb11-10
columbia::ffb11-7,Columbia Tools,ffb11-7,All-Wall vs Wall Tools,Al's Taping Tools,Wall Tools,7.11,All-Wall,10.05,2.94,41.35,1.01-5.00,>25%,no,10.05,single_observation,"FFB11-7 Columbia Flat Box Adjuster Spring 7""",ffb11-7,,,,,7.11,single_observation,"Columbia Flat Box Adjuster Spring 7"" (COLM-FFB11-7)",ffb11-7
columbia::ffb11-8,Columbia Tools,ffb11-8,All-Wall vs Wall Tools,Al's Taping Tools,Wall Tools,7.11,All-Wall,10.05,2.94,41.35,1.01-5.00,>25%,no,10.05,single_observation,"FFB11-8 Columbia Flat Box Adjuster Spring 8""",ffb11-8,,,,,7.11,single_observation,"Columbia Flat Box Adjuster Spring 8"" (COLM-FFB11-8)",ffb11-8
columbia::ffb16,Columbia Tools,ffb16,All-Wall vs Wall Tools,Al's Taping Tools,Wall Tools,5.20,All-Wall,7.35,2.15,41.35,1.01-5.00,>25%,no,7.35,single_observation,FFB16 Columbia Flat Box Door Spring Nut #6100,ffb16,,,,,5.20,single_observation,Columbia Door Spring Nut (a.k.a. Spring Anchor) (COLM-FFB16),ffb16
columbia::ffb6a,Columbia Tools,ffb6a,All-Wall vs Wall Tools,Al's Taping Tools,Wall Tools,1.33,All-Wall,1.88,0.55,41.35,0.26-1.00,>25%,no,1.88,single_observation,FFB6A Columbia Flat Box Box Wheel inOin Ring #6078,ffb6a,,,,,1.33,single_observation,"Columbia Box Wheel ""O"" Ring (Tire) (COLM-FFB6A)",ffb6a
columbia::fa300,Columbia Tools,fa300,All-Wall vs Wall Tools,Al's Taping Tools,Wall Tools,2.71,All-Wall,3.83,1.12,41.33,1.01-5.00,>25%,no,3.83,single_observation,FA300 Columbia 1/4-20 X 2in Hex Bolt #6050,fa300,,,,,2.71,single_observation,Columbia 1/4-20 x 2 Hex Bolt (COLM-FA300),fa300
columbia::ct23,Columbia Tools,ct23,All-Wall vs Wall Tools,Al's Taping Tools,Wall Tools,7.77,All-Wall,10.98,3.21,41.31,1.01-5.00,>25%,no,10.98,single_observation,CT23 Columbia Taper Reinforcing Rod #5597,ct23,,,,,7.77,single_observation,Columbia Reinforcing Rod / Spacer Rod (COLM-CT23),ct23
columbia::ct58,Columbia Tools,ct58,All-Wall vs Wall Tools,Al's Taping Tools,Wall Tools,7.77,All-Wall,10.98,3.21,41.31,1.01-5.00,>25%,no,10.98,single_observation,CT58 Columbia Taper Guide Rod Bushing #5834,ct58,,,,,7.77,single_observation,Columbia Guide Rod Bushing (COLM-CT58),ct58
columbia::ct87a,Columbia Tools,ct87a,All-Wall vs Wall Tools,Al's Taping Tools,Wall Tools,7.77,All-Wall,10.98,3.21,41.31,1.01-5.00,>25%,no,10.98,single_observation,CT87A Columbia Taper Bracket Base #5860,ct87a,,,,,7.77,single_observation,Columbia Bracket Base (COLM-CT87A),ct87a
columbia::mp13,Columbia Tools,mp13,All-Wall vs Wall Tools,Al's Taping Tools,Wall Tools,7.77,All-Wall,10.98,3.21,41.31,1.01-5.00,>25%,no,10.98,single_observation,MP13 Columbia Mud Pump Piston Backing Washer (Large) #6173,mp13,,,,,7.77,single_observation,Columbia Piston Cup Backing Washer (a.k.a. Large Retainer) (COLM-MP13),mp13
columbia::ffb4b,Columbia Tools,ffb4b,All-Wall vs Wall Tools,Al's Taping Tools,Wall Tools,3.68,All-Wall,5.20,1.52,41.30,1.01-5.00,>25%,no,5.20,single_observation,FFB4B Columbia Flat Box Stainless Steel Backing Washer #6113,ffb4b,,,,,3.68,single_observation,Columbia Stainless Steel Backing Washer (COLM-FFB4B),ffb4b
columbia::ct129a,Columbia Tools,ct129a,All-Wall vs Wall Tools,Al's Taping Tools,Wall Tools,4.53,All-Wall,6.40,1.87,41.28,1.01-5.00,>25%,no,6.40,single_observation,CT129A Columbia Taper Strap Bracket #5991,ct129a,,,,,4.53,single_observation,Columbia Shaft Guide Bracket/Control Extension Support (COLM-CT129A),ct129a
columbia::ct10,Columbia Tools,ct10,All-Wall vs Wall Tools,Al's Taping Tools,Wall Tools,4.85,All-Wall,6.85,2.00,41.24,1.01-5.00,>25%,no,6.85,single_observation,CT10 Columbia Taper Crimping Arm Bushing Right #5583,ct10,,,,,4.85,single_observation,Columbia Crimping Arm Bushing - Right (COLM-CT10),ct10
columbia::ah5,Columbia Tools,ah5,All-Wall vs Wall Tools,Al's Taping Tools,Wall Tools,1.62,All-Wall,2.28,0.66,40.74,0.26-1.00,>25%,no,2.28,single_observation,AH5 Columbia Angle Head Frame Retainer Clip #5806,ah5,,,,,1.62,single_observation,Columbia Frame Retainer Clip / Blade Holder Stop (COLM-AH5),ah5
usg-sheetrock::340318,USG Sheetrock Tools,340318,All-Wall vs Al's Taping Tools,Wall Tools,Al's Taping Tools,6.04,All-Wall,8.49,2.45,40.56,1.01-5.00,>25%,no,8.49,single_observation,Sheetrock Bead Hopper Gate - Outside 90,340318,6.04,single_observation,Sheetrock Bead Hopper Gate - Outside 90,340318,,,,
columbia::fa275,Columbia Tools,fa275,All-Wall vs Wall Tools,Al's Taping Tools,Wall Tools,1.53,All-Wall,2.15,0.62,40.52,0.26-1.00,>25%,no,2.15,single_observation,FA275 Columbia 10-24 X 3/4in Hex Bolt #6032,fa275,,,,,1.53,single_observation,Columbia 10-24 x  Hex Bolt (COLM-FA275),fa275
columbia::fa302,Columbia Tools,fa302,All-Wall vs Wall Tools,Al's Taping Tools,Wall Tools,1.53,All-Wall,2.15,0.62,40.52,0.26-1.00,>25%,no,2.15,single_observation,FA302 Columbia 1/4-28 X 1/4in Set Screw #6051,fa302,,,,,1.53,single_observation,Columbia 1/4-28 x 1/4 Set Screw (COLM-FA302),fa302
columbia::cfb15a,Columbia Tools,cfb15a,All-Wall vs Wall Tools,Al's Taping Tools,Wall Tools,1.96,All-Wall,2.75,0.79,40.31,0.26-1.00,>25%,no,2.75,single_observation,CFB15A Columbia Angle Box Hinge Bushing #5553,cfb15a,,,,,1.96,single_observation,Columbia Hinge Bushing for Corner Box (COLM-CFB15A),cfb15a
columbia::fa255,Columbia Tools,fa255,All-Wall vs Wall Tools,Al's Taping Tools,Wall Tools,1.34,All-Wall,1.88,0.54,40.30,0.26-1.00,>25%,no,1.88,single_observation,FA255 Columbia 8-32 Nyloc Jam Nut #6020,fa255,,,,,1.34,single_observation,Columbia 8-32 Nyloc Jam Nut (COLM-FA255),fa255
columbia::fa234,Columbia Tools,fa234,All-Wall vs Wall Tools,Al's Taping Tools,Wall Tools,1.32,All-Wall,1.85,0.53,40.15,0.26-1.00,>25%,no,1.85,single_observation,FA234 Columbia 6-32 Nyloc Jam Nut #6014,fa234,,,,,1.32,single_observation,Columbia 6-32 Nyloc Jam Nut (COLM-FA234),fa234
tapetech::059044,TapeTech,059044,All-Wall vs Wall Tools,Al's Taping Tools,All-Wall,13.79,Wall Tools,19.32,5.53,40.10,5.01-25.00,>25%,no,13.79,single_observation,TapeTech Insert 059044,059044,,,,,19.32,single_observation,TapeTech INSERT (TAPE-059044),059044
tapetech::502f4x,TapeTech,502f4x,All-Wall vs Al's Taping Tools,Wall Tools,Al's Taping Tools,73.64,All-Wall,102.99,29.35,39.86,>25.00,>25%,no,102.99,single_observation,"TapeTech 3.5"" Angle Head Blade Kit 502F4X",502f4x,73.64,single_observation,"TapeTech 3.5"" EZ Roll Corner Finisher Blade Kit - 502F4X",502f4x,,,,
tapetech::ch55tt,TapeTech,ch55tt,All-Wall vs Al's Taping Tools,Wall Tools,All-Wall,99.00,Al's Taping Tools,138.19,39.19,39.59,>25.00,>25%,no,99.00,single_observation,TapeTech 55 mm Cove Applicator Head CH55TT,ch55tt,138.19,single_observation,TapeTech 55 mm Cove Applicator Head CH55TT,ch55tt,,,,
tapetech::qb6043-5,TapeTech,qb6043-5,All-Wall vs Al's Taping Tools,Wall Tools,All-Wall,22.99,Al's Taping Tools,31.99,9.00,39.15,5.01-25.00,>25%,no,22.99,single_observation,"TapeTech 6.5"" QSX Notched Blade QB6043-5",qb6043-5,31.99,single_observation,"TapeTech 6.5"" QuickBox™ QSX Notched Blades 5pk",qb6043-5,,,,
tapetech::350034,TapeTech,350034,All-Wall vs Wall Tools,Al's Taping Tools,All-Wall,36.99,Wall Tools,51.44,14.45,39.06,5.01-25.00,>25%,no,36.99,single_observation,"TapeTech 8"" Angle Box Pressure Plate 350034",350034,,,,,51.44,single_observation,"TapeTech 8"" PRESSURE PLATE (TAPE-350034)",350034
tapetech::501c12,TapeTech,501c12,All-Wall vs Wall Tools,Al's Taping Tools,All-Wall,20.49,Wall Tools,28.44,7.95,38.80,5.01-25.00,>25%,no,20.49,single_observation,"TapeTech 12"" Flat Box Repair Kit 501C12",501c12,,,,,28.44,single_observation,TapeTech 12 in. Flat Box Repair Kit (TAPE-501C12),501c12
tapetech::501c10,TapeTech,501c10,All-Wall vs Wall Tools,Al's Taping Tools,All-Wall,18.99,Wall Tools,26.32,7.33,38.60,5.01-25.00,>25%,no,18.99,single_observation,"TapeTech 10"" Flat Box Repair Kit 501C10",501c10,,,,,26.32,single_observation,TapeTech 10 in. Flat Box Repair Kit,501c10
tapetech::150003f,TapeTech,150003f,All-Wall vs Wall Tools,Al's Taping Tools,All-Wall,51.99,Wall Tools,71.64,19.65,37.80,5.01-25.00,>25%,no,51.99,single_observation,TapeTech Coupling 150003F,150003f,,,,,71.64,single_observation,TapeTech COUPLING (TAPE-150003F),150003f
columbia::ffb20a,Columbia Tools,ffb20a,All-Wall vs Wall Tools,Al's Taping Tools,Wall Tools,3.33,All-Wall,4.58,1.25,37.54,1.01-5.00,>25%,no,4.58,single_observation,FFB20A Columbia Flat Box Box Wheel Bearing #6103,ffb20a,,,,,3.33,single_observation,Columbia Axle Roller Bearing (COLM-FFB20A),ffb20a
columbia::ffb15,Columbia Tools,ffb15,All-Wall vs Wall Tools,Al's Taping Tools,Wall Tools,1.67,All-Wall,2.28,0.61,36.53,0.26-1.00,>25%,no,2.28,single_observation,FFB15 Columbia Flat Box Door Spring Clip #6099,ffb15,,,,,1.67,single_observation,Columbia Door Spring Clip (COLM-FFB15),ffb15
tapetech::209006,TapeTech,209006,All-Wall vs Wall Tools,Al's Taping Tools,All-Wall,2.59,Wall Tools,3.52,0.93,35.91,0.26-1.00,>25%,no,2.59,single_observation,"TapeTech Skid Cover, Right 209006",209006,,,,,3.52,single_observation,TapeTech Skid Cover - Right Side,209006
tapetech::059206,TapeTech,059206,All-Wall vs Wall Tools,Al's Taping Tools,All-Wall,9.79,Wall Tools,13.29,3.50,35.75,1.01-5.00,>25%,no,9.79,single_observation,TapeTech 1/4-20 Special Hex Nut 059206,059206,,,,,13.29,single_observation,TapeTech 1/4-20 Hex Nut (TAPE-059206),059206
tapetech::rttc-tt,TapeTech,rttc-tt,All-Wall vs Al's Taping Tools,Wall Tools,All-Wall,13.99,Al's Taping Tools,18.99,5.00,35.74,1.01-5.00,>25%,no,13.99,single_observation,TapeTech Taper Cable Repair Tool RTTC-TT,rttc-tt,18.99,single_observation,TapeTech Taper Cable Repair Tool,rttc-tt,,,,
tapetech::304002,TapeTech,304002,All-Wall vs Wall Tools,Al's Taping Tools,All-Wall,178.99,Wall Tools,242.84,63.85,35.67,>25.00,>25%,no,178.99,single_observation,"TapeTech 12"" Flat Box Blade Holder Assembly 304002",304002,,,,,242.84,single_observation,"TapeTech BLADE HOLDER ASSEMBLY, 12"" BOX (TAPE-304002)",304002
surpro::ss1004,SurPro,ss1004,Al's Taping Tools vs Wall Tools,All-Wall,Wall Tools,28.40,Al's Taping Tools,38.50,10.10,35.56,5.01-25.00,>25%,no,,,,,38.50,single_observation,Sur-Pro Spring Kit,ss1004,28.40,single_observation,SurPro Stilt Spring Kit,ss1004
columbia::fa274,Columbia Tools,fa274,All-Wall vs Wall Tools,Al's Taping Tools,Wall Tools,2.03,All-Wall,2.75,0.72,35.47,0.26-1.00,>25%,no,2.75,single_observation,FA274 Columbia 10-24 X 3/8in Socket Hd Screw #6031,fa274,,,,,2.03,single_observation,Columbia 10-24 x 3/8 in. Socket Screw (COLM-FA274),fa274
columbia::fa294,Columbia Tools,fa294,All-Wall vs Wall Tools,Al's Taping Tools,Wall Tools,2.03,All-Wall,2.75,0.72,35.47,0.26-1.00,>25%,no,2.75,single_observation,FA294 Columbia 1/4-20 X 3/8 Socket Hd Screw #6044,fa294,,,,,2.03,single_observation,Columbia 1/4-20 x 3/8 Socket Screw (COLM-FA294),fa294
columbia::fa297,Columbia Tools,fa297,All-Wall vs Wall Tools,Al's Taping Tools,Wall Tools,2.03,All-Wall,2.75,0.72,35.47,0.26-1.00,>25%,no,2.75,single_observation,FA297 Columbia 1/4-20 X 5/8in Socket Hd Scre #6047,fa297,,,,,2.03,single_observation,Columbia 1/4-20 x 5/8 Socket Screw (COLM-FA297),fa297
tapetech::054245f,TapeTech,054245f,All-Wall vs Wall Tools,Al's Taping Tools,All-Wall,61.19,Wall Tools,82.89,21.70,35.46,5.01-25.00,>25%,no,61.19,single_observation,TapeTech Trigger Assembly 054245F,054245f,,,,,82.89,single_observation,TapeTech Creaser Trigger (TAPE-054245F),054245f
tapetech::654036,TapeTech,654036,All-Wall vs Wall Tools,Al's Taping Tools,All-Wall,84.39,Wall Tools,113.87,29.48,34.93,>25.00,>25%,no,84.39,single_observation,"TapeTech 3"" Blade Clamp Assembly 654036",654036,,,,,113.87,single_observation,TapeTech BLADE CLAMP ASSY (TAPE-654036),654036
columbia::cr12,Columbia Tools,cr12,All-Wall vs Wall Tools,Al's Taping Tools,Wall Tools,3.99,All-Wall,5.38,1.39,34.84,1.01-5.00,>25%,no,5.38,single_observation,CR12 Columbia Corner Roller Swivel Coupling Pin #5568,cr12,,,,,3.99,single_observation,Columbia Handle Connecting Link for Corner Roller (COLM-CR12),cr12
columbia::cfb25,Columbia Tools,cfb25,All-Wall vs Wall Tools,Al's Taping Tools,Wall Tools,5.16,All-Wall,6.95,1.79,34.69,1.01-5.00,>25%,no,6.95,single_observation,CFB25 Columbia Angle Box Mud Supply Seal Plate #5560,cfb25,,,,,5.16,single_observation,Columbia Mud Supply Valve Seal Plate & Shaft (COLM-CFB25),cfb25
columbia::fa305,Columbia Tools,fa305,All-Wall vs Wall Tools,Al's Taping Tools,Wall Tools,2.71,All-Wall,3.65,0.94,34.69,0.26-1.00,>25%,no,3.65,single_observation,FA305 Columbia 5/16-18 X 3/4in Hex Bolt #6053,fa305,,,,,2.71,single_observation,Columbia 5/16-18 x 3/4 Hex Bolt (COLM-FA305),fa305
usg-sheetrock::340405,USG Sheetrock Tools,340405,All-Wall vs Al's Taping Tools,Wall Tools,Al's Taping Tools,25.99,All-Wall,34.99,9.00,34.63,5.01-25.00,>25%,no,34.99,single_observation,"Sheetrock 10"" Classic Stainless Steel Mud Pan",340405,25.99,single_observation,"Sheetrock 10"" Classic Stainless Steel Mud Pan",340405,,,,
tapetech::050036,TapeTech,050036,All-Wall vs Al's Taping Tools,Wall Tools,Al's Taping Tools,13.25,All-Wall,17.83,4.58,34.57,1.01-5.00,>25%,no,17.83,single_observation,TapeTech Bracket Base 050036,050036,13.25,single_observation,Taper Bracket Base - CT87A,050036,,,,
columbia::ssb12,Columbia Tools,ssb12,All-Wall vs Al's Taping Tools,Wall Tools,Al's Taping Tools,31.99,All-Wall,42.99,11.00,34.39,5.01-25.00,>25%,no,42.99,single_observation,"Columbia 12"" Sabre Smoothing Blade",ssb12,31.99,single_observation,"Columbia Sabre Smoothing Blade 12""",ssb12,,,,
tapetech::qb6023-5,TapeTech,qb6023-5,All-Wall vs Al's Taping Tools,Wall Tools,All-Wall,22.99,Al's Taping Tools,30.75,7.76,33.75,5.01-25.00,>25%,no,22.99,single_observation,"TapeTech 6.5"" QSX Crown Finishing Blade QB6023-5",qb6023-5,30.75,single_observation,"TapeTech 6.5"" QuickBox™ QSX Crown Finishing Blades 5pk",qb6023-5,,,,
tapetech::cfcrnr,TapeTech,cfcrnr,All-Wall vs Al's Taping Tools,Wall Tools,Al's Taping Tools,11865.50,All-Wall,15865.00,3999.50,33.71,>25.00,>25%,no,15865.00,single_observation,TapeTech Continuous Flow Corner Finishing Bundle CFCRNR,cfcrnr,11865.50,single_observation,Ames Bazooka Continuous Flow Corner Finishing Bundle,cfcrnr,,,,
tapetech::209047,TapeTech,209047,All-Wall vs Wall Tools,Al's Taping Tools,All-Wall,2.39,Wall Tools,3.19,0.80,33.47,0.26-1.00,>25%,no,2.39,single_observation,TapeTech Nyliner Bearing 209047,209047,,,,,3.19,single_observation,TapeTech Nyliner Bearing (TAPE-209047),209047
columbia::cr2,Columbia Tools,cr2,All-Wall vs Wall Tools,Al's Taping Tools,Wall Tools,15.52,All-Wall,20.64,5.12,32.99,5.01-25.00,>25%,no,20.64,single_observation,Columbia Roller Wheel CR2,cr2,,,,,15.52,single_observation,"Columbia Roller, 2 piece - Nylatron/Steel (COLM-CR2)",cr2
tapetech::219006,TapeTech,219006,Al's Taping Tools vs Wall Tools,All-Wall,Al's Taping Tools,8.00,Wall Tools,10.62,2.62,32.75,1.01-5.00,>25%,no,,,,,8.00,single_observation,219006 -  Right Skid Power Assist Boxes,219006,10.62,single_observation,"TapeTech SKID, RIGHT (TAPE-219006)",219006
tapetech::050240,TapeTech,050240,All-Wall vs Al's Taping Tools,Wall Tools,Al's Taping Tools,7.44,All-Wall,9.86,2.42,32.53,1.01-5.00,>25%,no,9.86,single_observation,TapeTech Post Socket 050240,050240,7.44,single_observation,Post (Socket) - 050240,050240,,,,
tapetech::681015,TapeTech,681015,All-Wall vs Al's Taping Tools,Wall Tools,All-Wall,75.99,Al's Taping Tools,100.59,24.60,32.37,5.01-25.00,>25%,no,75.99,single_observation,"TapeTech 3"" Nail Spotter Wiper 681015",681015,100.59,single_observation,"TapeTech 3"" Wiper For Nailspotter - 680015",681015,,,,
columbia::fa281,Columbia Tools,fa281,All-Wall vs Wall Tools,Al's Taping Tools,Wall Tools,1.48,All-Wall,1.95,0.47,31.76,0.26-1.00,>25%,no,1.95,single_observation,FA281 Columbia 10-32 X Nyloc Jam Nut #6038,fa281,,,,,1.48,single_observation,Columbia 10-32 Nyloc Jam Nut (COLM-FA281),fa281
tapetech::pww-hv-hs-3,TapeTech,pww-hv-hs-3,All-Wall vs Al's Taping Tools,Wall Tools,All-Wall,37.99,Al's Taping Tools,49.99,12.00,31.59,5.01-25.00,>25%,no,37.99,single_observation,TapeTech Hi-Vis Hoodie - XLarge,pww-hv-hs-3,49.99,single_observation,TapeTech High Visibility Hooded Sweatshirt - XL,pww-hv-hs-3,,,,
usg-sheetrock::340106,USG Sheetrock Tools,340106,All-Wall vs Al's Taping Tools,Wall Tools,Al's Taping Tools,15.99,All-Wall,20.99,5.00,31.27,1.01-5.00,>25%,no,20.99,single_observation,"USG Sheetrock 5"" Classic Carbon Steel Putty Knife",340106,15.99,single_observation,"USG 5"" CLASSIC Carbon Steel Round Blade Finishing Knife",340106,,,,
tapetech::630010,TapeTech,630010,All-Wall vs Wall Tools,Al's Taping Tools,All-Wall,28.99,Wall Tools,38.00,9.01,31.08,5.01-25.00,>25%,no,28.99,single_observation,"TapeTech 2"" Nail Spotter Hinge Block 630010",630010,,,,,38.00,single_observation,"TapeTech 2"" HINGE BLOCK (TAPE-630010)",630010
tapetech::409021,TapeTech,409021,All-Wall vs Wall Tools,Al's Taping Tools,All-Wall,7.29,Wall Tools,9.55,2.26,31.00,1.01-5.00,>25%,no,7.29,single_observation,"TapeTech 2"" Retainer Spring 409021",409021,,,,,9.55,single_observation,"TapeTech Retainer Spring - 2"" Corner Finisher Head",409021
tapetech::050237,TapeTech,050237,All-Wall vs Al's Taping Tools,Wall Tools,Al's Taping Tools,14.51,All-Wall,18.91,4.40,30.32,1.01-5.00,>25%,no,18.91,single_observation,TapeTech Spool Shaft 050237,050237,14.51,single_observation,Spool Shaft - 050237,050237,,,,
columbia::ssb7,Columbia Tools,ssb7,All-Wall vs Al's Taping Tools,Wall Tools,Al's Taping Tools,19.99,All-Wall,25.99,6.00,30.02,5.01-25.00,>25%,no,25.99,single_observation,"Columbia 7"" Sabre Smoothing Blade",ssb7,19.99,single_observation,"Columbia Sabre Smoothing Blade 7""",ssb7,,,,
tapetech::604036,TapeTech,604036,All-Wall vs Wall Tools,Al's Taping Tools,All-Wall,75.99,Wall Tools,98.38,22.39,29.46,5.01-25.00,>25%,no,75.99,single_observation,"TapeTech 2"" Blade Clamp Assembly 604036",604036,,,,,98.38,single_observation,TapeTech BLADE CLAMP ASSY (TAPE-604036),604036
columbia::ssb48,Columbia Tools,ssb48,All-Wall vs Al's Taping Tools,Wall Tools,Al's Taping Tools,129.99,All-Wall,167.99,38.00,29.23,>25.00,>25%,no,167.99,single_observation,"Columbia 48"" Sabre Smoothing Blade",ssb48,129.99,single_observation,"Columbia Sabre Smoothing Blade 48""",ssb48,,,,
usg-sheetrock::340102,USG Sheetrock Tools,340102,All-Wall vs Al's Taping Tools,Wall Tools,Al's Taping Tools,15.49,All-Wall,19.99,4.50,29.05,1.01-5.00,>25%,no,19.99,single_observation,"USG Sheetrock 4"" Classic Carbon Steel Putty Knife",340102,15.49,single_observation,"USG 4"" CLASSIC Carbon Steel Round Blade Finishing Knife",340102,,,,
columbia::ffb7,Columbia Tools,ffb7,Al's Taping Tools vs Wall Tools,All-Wall,Wall Tools,2.67,Al's Taping Tools,3.44,0.77,28.84,0.26-1.00,>25%,no,,,,,3.44,single_observation,Columbia Flat Box Shoe (Right) - FFB7,ffb-7,2.67,single_observation,Columbia Shoe - right (COLM-FFB7),ffb7
columbia::ffb7a,Columbia Tools,ffb7a,Al's Taping Tools vs Wall Tools,All-Wall,Wall Tools,2.67,Al's Taping Tools,3.44,0.77,28.84,0.26-1.00,>25%,no,,,,,3.44,single_observation,Columbia Flat Box Shoe (Left) - FFB7A,ffb-7a,2.67,single_observation,Columbia Shoe - left (COLM-FFB7A),ffb7a
tapetech::tk14bstt,TapeTech,tk14bstt,All-Wall vs Al's Taping Tools,Wall Tools,All-Wall,13.99,Al's Taping Tools,17.99,4.00,28.59,1.01-5.00,>25%,no,13.99,single_observation,"TapeTech 14"" Premium Blue Steel Taping Knife",tk14bstt,17.99,single_observation,"TapeTech 14"" Premium Blue Steel Taping Knife",tk14bstt,,,,
columbia::fa306,Columbia Tools,fa306,All-Wall vs Wall Tools,Al's Taping Tools,Wall Tools,2.71,All-Wall,3.48,0.77,28.41,0.26-1.00,>25%,no,3.48,single_observation,FA306 Columbia 5/16-18 X 1-1/4in Hex Bolt #6054,fa306,,,,,2.71,single_observation,Columbia 5/16-18 x 1-1/4 Hex Bolt (COLM-FA306),fa306
columbia::fa290,Columbia Tools,fa290,All-Wall vs Wall Tools,Al's Taping Tools,Wall Tools,1.48,All-Wall,1.90,0.42,28.38,0.26-1.00,>25%,no,1.90,single_observation,1/4-20 Nyloc Nut,fa290,,,,,1.48,single_observation,Columbia ¼-20 Nyloc Nut (COLM-FA290),fa290
tapetech::200713,TapeTech,200713,All-Wall vs Al's Taping Tools,Wall Tools,Al's Taping Tools,14.14,All-Wall,18.10,3.96,28.01,1.01-5.00,>25%,no,18.10,single_observation,TapeTech Dial Post 200713,200713,14.14,single_observation,TapeTech Dial Post - 200713,200713,,,,
tapetech::200040,TapeTech,200040,All-Wall vs Wall Tools,Al's Taping Tools,All-Wall,28.79,Wall Tools,36.79,8.00,27.79,5.01-25.00,>25%,no,28.79,single_observation,"TapeTech 7"" Flat Box 4-40 Tie Rod 200040",200040,,,,,36.79,single_observation,"TapeTech 7"" TIE ROD (TAPE-200040F)",200040
tapetech::501c7,TapeTech,501c7,All-Wall vs Wall Tools,Al's Taping Tools,All-Wall,18.99,Wall Tools,24.22,5.23,27.54,5.01-25.00,>25%,no,18.99,single_observation,"TapeTech 7"" Flat Box Repair Kit 501C7",501c7,,,,,24.22,single_observation,"TapeTech 7"" FLAT BOX REPAIR KIT (TAPE-501C7)",501c7
columbia::ah9,Columbia Tools,ah9,All-Wall vs Wall Tools,Al's Taping Tools,Wall Tools,9.71,All-Wall,12.25,2.54,26.16,1.01-5.00,>25%,no,12.25,single_observation,AH9 Columbia Angle Head Retainer Clip (Long) #5814,ah9,,,,,9.71,single_observation,"Columbia 2, 2.5, & 3 in. Bottom Retainer Clip (COLM-AH9)",ah9
tapetech::qb6003-5,TapeTech,qb6003-5,All-Wall vs Al's Taping Tools,Wall Tools,All-Wall,22.99,Al's Taping Tools,28.99,6.00,26.10,5.01-25.00,>25%,no,22.99,single_observation,TapeTech 6.5 QSX Flat Finishing Blade QB6003-5,qb6003-5,28.99,single_observation,"TapeTech 6.5"" QuickBox™ QSX Flat Finishing Blades 5pk",qb6003-5,,,,
tapetech::cfstcc,TapeTech,cfstcc,All-Wall vs Al's Taping Tools,Wall Tools,All-Wall,24.99,Al's Taping Tools,31.50,6.51,26.05,5.01-25.00,>25%,no,24.99,single_observation,TapeTech CFS Tool Cleaning Coupling CFSTCC,cfstcc,31.50,single_observation,TapeTech/Ames  CFS Tool Cleaning Coupling,cfstcc,,,,
tapetech::212081,TapeTech,212081,All-Wall vs Wall Tools,Al's Taping Tools,All-Wall,71.29,Wall Tools,89.83,18.54,26.01,5.01-25.00,>25%,no,71.29,single_observation,TapeTech Arm 212081,212081,,,,,89.83,single_observation,TapeTech ARM (TAPE-212081),212081
tapetech::480021,TapeTech,480021,All-Wall vs Wall Tools,Al's Taping Tools,All-Wall,6.39,Wall Tools,8.05,1.66,25.98,1.01-5.00,>25%,no,6.39,single_observation,TapeTech Blade Tension Spring 480021,480021,,,,,8.05,single_observation,TapeTech Blade Tension Spring (TAPE-480021),480021
columbia::cta-41,Columbia Tools,cta-41,All-Wall vs Al's Taping Tools,Wall Tools,All-Wall,91.99,Al's Taping Tools,115.76,23.77,25.84,5.01-25.00,>25%,no,91.99,single_observation,Columbia Cutter Block Assembly Maintenance Kit,cta-41,115.76,single_observation,Columbia Taper Cutter Block Assembly,cta-41,,,,
usg-sheetrock::340403,USG Sheetrock Tools,340403,All-Wall vs Al's Taping Tools,Wall Tools,Al's Taping Tools,31.99,All-Wall,39.99,8.00,25.01,5.01-25.00,>25%,no,39.99,single_observation,"Sheetrock 14"" Matrix Mud Pan with Reinforced Band",340403,31.99,single_observation,"Sheetrock 14"" Matrix Stainless Steel Mud Pan w/ Reinforced Band",340403,,,,
tapetech::889052,TapeTech,889052,All-Wall vs Al's Taping Tools,Wall Tools,All-Wall,1.12,Al's Taping Tools,1.40,0.28,25.00,0.26-1.00,10-25%,no,1.12,single_observation,TapeTech 6-32 X 1/4 Hex Cap Screw 889052,889052,1.40,single_observation,"6-32 X 1/4"" Hex Cap Screw - 889052",889052,,,,
tapetech::881005,TapeTech,881005,All-Wall vs Al's Taping Tools,Wall Tools,All-Wall,45.79,Al's Taping Tools,57.20,11.41,24.92,5.01-25.00,10-25%,no,45.79,single_observation,TapeTech Rear Brake Lever 881005,881005,57.20,single_observation,881005 - Rear Brake Lever,881005,,,,
tapetech::jk01sstt,TapeTech,jk01sstt,All-Wall vs Al's Taping Tools,Wall Tools,All-Wall,7.99,Al's Taping Tools,9.95,1.96,24.53,1.01-5.00,10-25%,no,7.99,single_observation,"TapeTech 1"" Premium Stainless Steel Joint Knife",jk01sstt,9.95,single_observation,"TapeTech 1"" Premium Stainless Steel Joint Knife",jk01sstt,,,,
tapetech::254002,TapeTech,254002,All-Wall vs Wall Tools,Al's Taping Tools,All-Wall,177.89,Wall Tools,221.24,43.35,24.37,>25.00,10-25%,no,177.89,single_observation,"TapeTech 10"" Flat Box Blade Holder Assembly 254002",254002,,,,,221.24,single_observation,TapeTech BLADE HOLDR ASSY (TAPE-254002),254002
usg-sheetrock::340414,USG Sheetrock Tools,340414,All-Wall vs Al's Taping Tools,Wall Tools,Al's Taping Tools,16.99,All-Wall,20.99,4.00,23.54,1.01-5.00,10-25%,no,20.99,single_observation,USG Sheetrock™ Tools Drywall Jab Saw,340414,16.99,single_observation,"Sheetrock Brand 6"" Key Hole/Jab Saw",340414,,,,
tapetech::tk10bstt,TapeTech,tk10bstt,All-Wall vs Al's Taping Tools,Wall Tools,All-Wall,12.99,Al's Taping Tools,15.99,3.00,23.09,1.01-5.00,10-25%,no,12.99,single_observation,"TapeTech 10"" Premium Blue Steel Taping Knife",tk10bstt,15.99,single_observation,"TapeTech 10"" Premium Blue Steel Taping Knife",tk10bstt,,,,
tapetech::sssa-f,TapeTech,sssa-f,All-Wall vs Al's Taping Tools,Wall Tools,All-Wall,49.99,Al's Taping Tools,61.53,11.54,23.08,5.01-25.00,10-25%,no,49.99,single_observation,TapeTech Single Angle Sanding Sponge Fine (Box Of 24),sssa-f,61.53,single_observation,TapeTech Single Angle Sanding Sponge - Fine - 24 Pack,sssa-f,,,,
tapetech::500003f,TapeTech,500003f,Al's Taping Tools vs Wall Tools,All-Wall,Al's Taping Tools,38.91,Wall Tools,47.78,8.87,22.80,5.01-25.00,10-25%,no,,,,,38.91,single_observation,"500003F - 7"" Seal Holder",500003f,47.78,single_observation,"TapeTech 7"" SEAL HOLDER (TAPE-500003F)",500003f
columbia::3wtdf,Columbia Tools,3wtdf,All-Wall vs Al's Taping Tools,Wall Tools,Al's Taping Tools,115.00,All-Wall,140.99,25.99,22.60,>25.00,10-25%,no,140.99,single_observation,"Columbia 3"" Widetrack Direct Corner Flusher",3wtdf,115.00,single_observation,"Columbia Taping Tools 3"" Widetrack Direct Drywall Corner Flusher",3wtdf,,,,
usg-sheetrock::340029,USG Sheetrock Tools,340029,All-Wall vs Al's Taping Tools,Wall Tools,Al's Taping Tools,15.50,All-Wall,18.99,3.49,22.52,1.01-5.00,10-25%,no,18.99,single_observation,"USG Sheetrock Pro-Series 8"" Blue Steel Taping Knife",340029,15.50,single_observation,"Sheetrock 8"" Pro-Series High Carbon Steel Joint Knife",340029,,,,
usg-sheetrock::340017,USG Sheetrock Tools,340017,All-Wall vs Al's Taping Tools,Wall Tools,Al's Taping Tools,17.96,All-Wall,21.99,4.03,22.44,1.01-5.00,10-25%,no,21.99,single_observation,"Sheetrock 6"" Matrix Blue Steel Drywall Taping Knife",340017,17.96,single_observation,"Sheetrock 6"" MATRIX Blue Steel Finishing Knife",340017,,,,
tapetech::151011,TapeTech,151011,All-Wall vs Wall Tools,Al's Taping Tools,All-Wall,11.79,Wall Tools,14.42,2.63,22.31,1.01-5.00,10-25%,no,11.79,single_observation,TapeTech Inner Roller 151011,151011,,,,,14.42,single_observation,TapeTech INNER ROLLER (TAPE-151011),151011
tapetech::709050,TapeTech,709050,All-Wall vs Wall Tools,Al's Taping Tools,All-Wall,0.99,Wall Tools,1.20,0.21,21.21,0.06-0.25,10-25%,no,0.99,single_observation,TapeTech #10 Ex Shakeproof Lockwasher 709050,709050,,,,,1.20,single_observation,TapeTech #10 LOCKWASHER - REPAIR ONLY (TAPE-709050),709050
tapetech::631015,TapeTech,631015,All-Wall vs Al's Taping Tools,Wall Tools,All-Wall,62.79,Al's Taping Tools,76.08,13.29,21.17,5.01-25.00,10-25%,no,62.79,single_observation,"TapeTech 2"" Nail Spotter Wiper 631015",631015,76.08,single_observation,"TapeTech 2"" Wiper For Nailspotter - 630015",631015,,,,
usg-sheetrock::340006,USG Sheetrock Tools,340006,All-Wall vs Al's Taping Tools,Wall Tools,Al's Taping Tools,19.06,All-Wall,22.99,3.93,20.62,1.01-5.00,10-25%,no,22.99,single_observation,"USG Sheetrock 5"" Matrix Carbon Steel Putty Knife",340006,19.06,single_observation,"Sheetrock 5"" Matrix Carbon Steel Putty Knife",340006,,,,
tapetech::qb0008,TapeTech,qb0008,All-Wall vs Al's Taping Tools,Wall Tools,Al's Taping Tools,13.18,All-Wall,15.89,2.71,20.56,1.01-5.00,10-25%,no,15.89,single_observation,TapeTech Wheel QB0008,qb0008,13.18,single_observation,Wheel - QB0008,qb0008,,,,
tapetech::700029,TapeTech,700029,All-Wall vs Wall Tools,Al's Taping Tools,All-Wall,2.84,Wall Tools,3.42,0.58,20.42,0.26-1.00,10-25%,no,2.84,single_observation,TapeTech Bushing Liner 700029,700029,,,,,3.42,single_observation,TapeTech BUSHING LINER  (TAPE-700029),700029
tapetech::212086,TapeTech,212086,All-Wall vs Al's Taping Tools,Wall Tools,All-Wall,31.99,Al's Taping Tools,38.52,6.53,20.41,5.01-25.00,10-25%,no,31.99,single_observation,TapeTech Flat Box Hook 212086,212086,38.52,single_observation,212086 - TapeTech Replacement Hook,212086,,,,
tapetech::059005,TapeTech,059005,All-Wall vs Wall Tools,Al's Taping Tools,All-Wall,0.99,Wall Tools,1.19,0.20,20.20,0.06-0.25,10-25%,no,0.99,single_observation,TapeTech 4-40 Hex Nut 059005,059005,,,,,1.19,single_observation,TapeTech 4-40 Hex Nut (TAPE-059005),059005
tapetech::059013,TapeTech,059013,All-Wall vs Wall Tools,Al's Taping Tools,All-Wall,0.99,Wall Tools,1.19,0.20,20.20,0.06-0.25,10-25%,no,0.99,single_observation,TapeTech 6-32 X 5/16 Round Head Screw 059013,059013,,,,,1.19,single_observation,TapeTech 6-32 X 5/16 ROUND HEAD SCREW SST (TAPE-059013),059013
tapetech::059014,TapeTech,059014,All-Wall vs Wall Tools,Al's Taping Tools,All-Wall,0.99,Wall Tools,1.19,0.20,20.20,0.06-0.25,10-25%,no,0.99,single_observation,TapeTech 4-40 X 3/16 Truss Head Screw Slot 059014,059014,,,,,1.19,single_observation,TapeTech 4-40 X 3/16 Truss Head Screw SST (TAPE-059014),059014
tapetech::059038,TapeTech,059038,All-Wall vs Wall Tools,Al's Taping Tools,All-Wall,0.99,Wall Tools,1.19,0.20,20.20,0.06-0.25,10-25%,no,0.99,single_observation,TapeTech #4 Med Spring Lockwasher 59038,059038,,,,,1.19,single_observation,TapeTech #4 MEDIUM SPRING LOCK WASHER (TAPE-059038),059038
tapetech::059040,TapeTech,059040,All-Wall vs Wall Tools,Al's Taping Tools,All-Wall,0.99,Wall Tools,1.19,0.20,20.20,0.06-0.25,10-25%,no,0.99,single_observation,TapeTech Buna O-Ring 59040,059040,,,,,1.19,single_observation,TapeTech 0-RING,059040
tapetech::059060,TapeTech,059060,All-Wall vs Wall Tools,Al's Taping Tools,All-Wall,0.99,Wall Tools,1.19,0.20,20.20,0.06-0.25,10-25%,no,0.99,single_observation,TapeTech 3-48 Nylock Stop Nut 059060,059060,,,,,1.19,single_observation,TapeTech 3-48 Hex Stopnut (TAPE-059060),059060
tapetech::059092,TapeTech,059092,All-Wall vs Wall Tools,Al's Taping Tools,All-Wall,0.99,Wall Tools,1.19,0.20,20.20,0.06-0.25,10-25%,no,0.99,single_observation,TapeTech 8-32 X 1-1/2 Round Hd Screw 059092,059092,,,,,1.19,single_observation,TapeTech 8-32 X 1-1/2 Round Head Screw SST (TAPE-059092),059092
tapetech::059107,TapeTech,059107,All-Wall vs Wall Tools,Al's Taping Tools,All-Wall,0.99,Wall Tools,1.19,0.20,20.20,0.06-0.25,10-25%,no,0.99,single_observation,TapeTech 6-32 X 1/4 TapeTech Flat Head Screw 059107,059107,,,,,1.19,single_observation,TapeTech 6-32 X 1/4 Flat Head Screw SST (TAPE-059107),059107
tapetech::059119,TapeTech,059119,All-Wall vs Wall Tools,Al's Taping Tools,All-Wall,0.99,Wall Tools,1.19,0.20,20.20,0.06-0.25,10-25%,no,0.99,single_observation,TapeTech Drive Dog Holder Pin 059119,059119,,,,,1.19,single_observation,TapeTech Drive Dog Holder Pin,059119
tapetech::059120,TapeTech,059120,All-Wall vs Wall Tools,Al's Taping Tools,All-Wall,0.99,Wall Tools,1.19,0.20,20.20,0.06-0.25,10-25%,no,0.99,single_observation,TapeTech Drive Dog Axle 059120,059120,,,,,1.19,single_observation,TapeTech Drive Dog Axle (TAPE-059120),059120
tapetech::059127,TapeTech,059127,All-Wall vs Wall Tools,Al's Taping Tools,All-Wall,0.99,Wall Tools,1.19,0.20,20.20,0.06-0.25,10-25%,no,0.99,single_observation,TapeTech 8-32 X 5/8 Truss Slot Hd Screw 59127,059127,,,,,1.19,single_observation,TapeTech 8-32 X 5/8 Truss head Screw SST (TAPE-059127),059127
tapetech::059161,TapeTech,059161,All-Wall vs Wall Tools,Al's Taping Tools,All-Wall,0.99,Wall Tools,1.19,0.20,20.20,0.06-0.25,10-25%,no,0.99,single_observation,TapeTech 4-40 X 3/8 Fillister Head Screw 059161,059161,,,,,1.19,single_observation,TapeTech 4-40 X 3/8 Fillister Head Screw SST (TAPE-059161),059161
tapetech::059225,TapeTech,059225,All-Wall vs Wall Tools,Al's Taping Tools,All-Wall,0.99,Wall Tools,1.19,0.20,20.20,0.06-0.25,10-25%,no,0.99,single_observation,TapeTech 10-32 Thin Pattern Stop Nut 059225,059225,,,,,1.19,single_observation,TapeTech 10-32 LockNut (TAPE-059225),059225
tapetech::059230,TapeTech,059230,All-Wall vs Wall Tools,Al's Taping Tools,All-Wall,0.99,Wall Tools,1.19,0.20,20.20,0.06-0.25,10-25%,no,0.99,single_observation,TapeTech 5-40 X 13/32 Bd Hd Screw 059230,059230,,,,,1.19,single_observation,TapeTech 5-40 X 13/32 Bind Head Screw SST (TAPE-059230),059230
tapetech::059238,TapeTech,059238,All-Wall vs Wall Tools,Al's Taping Tools,All-Wall,0.99,Wall Tools,1.19,0.20,20.20,0.06-0.25,10-25%,no,0.99,single_observation,TapeTech 1/4-20 X 1/2 Flat Hd Screw 059238,059238,,,,,1.19,single_observation,"TapeTech 1/4-20 X 1/2"" Flat Head Screw SST (TAPE-059238)",059238
tapetech::149029,TapeTech,149029,All-Wall vs Wall Tools,Al's Taping Tools,All-Wall,0.99,Wall Tools,1.19,0.20,20.20,0.06-0.25,10-25%,no,0.99,single_observation,TapeTech MudRunner Washer NAS 620C 149029,149029,,,,,1.19,single_observation,TapeTech NAS 620C 1/4 L WASHER SST (TAPE-149029),149029
tapetech::219080,TapeTech,219080,All-Wall vs Wall Tools,Al's Taping Tools,All-Wall,0.99,Wall Tools,1.19,0.20,20.20,0.06-0.25,10-25%,no,0.99,single_observation,TapeTech Fillister Head Screw 219080,219080,,,,,1.19,single_observation,TapeTech 6-32 X 5/8 Fillister Head Screw SST (TAPE-219080),219080
tapetech::359005,TapeTech,359005,All-Wall vs Wall Tools,Al's Taping Tools,All-Wall,0.99,Wall Tools,1.19,0.20,20.20,0.06-0.25,10-25%,no,0.99,single_observation,TapeTech 6-32 X 1/4 Bind Slot Hd Screw 359005,359005,,,,,1.19,single_observation,TapeTech 6-32 X 1/4 Bind Head Screw SST (TAPE-359005),359005
tapetech::409010,TapeTech,409010,All-Wall vs Wall Tools,Al's Taping Tools,All-Wall,0.99,Wall Tools,1.19,0.20,20.20,0.06-0.25,10-25%,no,0.99,single_observation,"TapeTech 3"" Retainer Spring 409010",409010,,,,,1.19,single_observation,TapeTech Retainer Spring (TAPE-409010),409010
tapetech::489029,TapeTech,489029,All-Wall vs Wall Tools,Al's Taping Tools,All-Wall,0.99,Wall Tools,1.19,0.20,20.20,0.06-0.25,10-25%,no,0.99,single_observation,TapeTech 6-32 X 5/8 Socket Head Screw 489029,489029,,,,,1.19,single_observation,TapeTech 6-32X5/8 SKT HEAD SCREW (TAPE-489029),489029
tapetech::509010,TapeTech,509010,All-Wall vs Wall Tools,Al's Taping Tools,All-Wall,0.99,Wall Tools,1.19,0.20,20.20,0.06-0.25,10-25%,no,0.99,single_observation,TapeTech 4-40 X 5/16 Flat Head Screw 509010,509010,,,,,1.19,single_observation,TapeTech 4-40 X 5/16 FLAT HEAD SCREW SST (TAPE-509010),509010
tapetech::609011,TapeTech,609011,All-Wall vs Wall Tools,Al's Taping Tools,All-Wall,0.99,Wall Tools,1.19,0.20,20.20,0.06-0.25,10-25%,no,0.99,single_observation,TapeTech 6-32 X 1/8 Round Head Screw 609011,609011,,,,,1.19,single_observation,TapeTech ROUND HEAD SCREW (TAPE-609011),609011
tapetech::609021,TapeTech,609021,All-Wall vs Wall Tools,Al's Taping Tools,All-Wall,0.99,Wall Tools,1.19,0.20,20.20,0.06-0.25,10-25%,no,0.99,single_observation,TapeTech 10-32 X 5/8 Round Head Screw 609021,609021,,,,,1.19,single_observation,TapeTech 10-32X5/8 RHMS (TAPE-609021),609021
tapetech::659021,TapeTech,659021,All-Wall vs Wall Tools,Al's Taping Tools,All-Wall,0.99,Wall Tools,1.19,0.20,20.20,0.06-0.25,10-25%,no,0.99,single_observation,TapeTech 10-32 X 3/4 Round Head Screw 659021,659021,,,,,1.19,single_observation,TapeTech 10-32X3/4 ROUND HEAD SCREW - REPAIR ONLY (TAPE-659021),659021
tapetech::709012,TapeTech,709012,All-Wall vs Wall Tools,Al's Taping Tools,All-Wall,0.99,Wall Tools,1.19,0.20,20.20,0.06-0.25,10-25%,no,0.99,single_observation,TapeTech Washer 709012,709012,,,,,1.19,single_observation,TapeTech WASHER SPECIAL (TAPE-709012),709012
tapetech::709017,TapeTech,709017,All-Wall vs Wall Tools,Al's Taping Tools,All-Wall,0.99,Wall Tools,1.19,0.20,20.20,0.06-0.25,10-25%,no,0.99,single_observation,TapeTech 10-32 X 3/8 Fillister Head Screw 709017,709017,,,,,1.19,single_observation,TapeTech 10-32X3/8' SCREW (TAPE-709017),709017
tapetech::709055,TapeTech,709055,All-Wall vs Wall Tools,Al's Taping Tools,All-Wall,0.99,Wall Tools,1.19,0.20,20.20,0.06-0.25,10-25%,no,0.99,single_observation,TapeTech 10-24 X 7/8 Screw 709055,709055,,,,,1.19,single_observation,TapeTech 10-24X7/8 ROUND HEAD SCREW (TAPE-709055),709055
tapetech::889030,TapeTech,889030,All-Wall vs Wall Tools,Al's Taping Tools,All-Wall,0.99,Wall Tools,1.19,0.20,20.20,0.06-0.25,10-25%,no,0.99,single_observation,TapeTech 4-40 X 3/16 Fillister Head Screw 889030,889030,,,,,1.19,single_observation,TapeTech 4-40 X 3/16 FILLISTER HEAD SCREW (TAPE-889030),889030
columbia::ffb14-7,Columbia Tools,ffb14-7,All-Wall vs Al's Taping Tools,Wall Tools,Al's Taping Tools,41.76,All-Wall,50.12,8.36,20.02,5.01-25.00,10-25%,no,50.12,single_observation,FFB14-7 Columbia Flat Box Std Door Gasket 7in-Old Style with Tab #6092,ffb14-7,41.76,single_observation,"Columbia Flat Box Door Gasket 7"" - FFB14-7",ffb14-7,,,,
tapetech::ssda-f,TapeTech,ssda-f,All-Wall vs Al's Taping Tools,Wall Tools,Al's Taping Tools,39.99,All-Wall,47.99,8.00,20.01,5.01-25.00,10-25%,no,47.99,single_observation,TapeTech Dual Angle Sanding Sponge Fine (Box Of 24),ssda-f,39.99,single_observation,TapeTech Dual Angle Sanding Sponge – Fine - 24 Pack,ssda-f,,,,
columbia::bh2,Columbia Tools,bh2,All-Wall vs Wall Tools,Al's Taping Tools,Wall Tools,38.20,All-Wall,45.84,7.64,20.00,5.01-25.00,10-25%,no,45.84,single_observation,BH2 Columbia Box Handle 180 Grip Plate - COL handles #12459,bh2,,,,,38.20,single_observation,Columbia 180 Grip Plate for Flat Box Handle (COLM-BH2),bh2
columbia::hns20,Columbia Tools,hns20,All-Wall vs Al's Taping Tools,Wall Tools,Al's Taping Tools,17.04,All-Wall,20.44,3.40,19.95,1.01-5.00,10-25%,no,20.44,single_observation,HNS20 Columbia Nail Spotter Wedge for Skid Nail Spotter #12278,hns20,17.04,single_observation,Columbia Nail Spotter Wedge for Skid Nail Spotter - HNS20,hns20,,,,
columbia::bh3,Columbia Tools,bh3,All-Wall vs Wall Tools,Al's Taping Tools,Wall Tools,29.95,All-Wall,35.90,5.95,19.87,5.01-25.00,10-25%,no,35.90,single_observation,Columbia Lower Mounting Bracket,bh3,,,,,29.95,single_observation,Columbia Lower Mounting Bracket for 180 Grip Flat Box Handle (COLM-BH3),bh3
tapetech::059122,TapeTech,059122,All-Wall vs Al's Taping Tools,Wall Tools,All-Wall,1.17,Al's Taping Tools,1.40,0.23,19.66,0.06-0.25,10-25%,no,1.17,single_observation,TapeTech #6 X 5/16 Self Tap Screw 059122,059122,1.40,single_observation,#6 X 5/16 Self Tap Screw - 059122,059122,,,,
tapetech::052226,TapeTech,052226,All-Wall vs Al's Taping Tools,Wall Tools,All-Wall,8.79,Al's Taping Tools,10.51,1.72,19.57,1.01-5.00,10-25%,no,8.79,single_observation,"TapeTech Control Arm Guide, Molded 052226",052226,10.51,single_observation,Control Arm Guide - 052226,052226,,,,
columbia::cfb6,Columbia Tools,cfb6,All-Wall vs Wall Tools,Al's Taping Tools,All-Wall,32.18,Wall Tools,38.44,6.26,19.45,5.01-25.00,10-25%,no,32.18,single_observation,CFB6 Columbia Angle Box Mud Supply Valve Unit #5545,cfb6,,,,,38.44,single_observation,Columbia Mud Supply Valve for Corner Box (COLM-CFB6),cfb6
tapetech::140019,TapeTech,140019,All-Wall vs Al's Taping Tools,Wall Tools,All-Wall,125.89,Al's Taping Tools,150.16,24.27,19.28,5.01-25.00,10-25%,no,125.89,single_observation,TapeTech Main Tube Cap 140019,140019,150.16,single_observation,140019 - Main Tube Cap,140019,,,,
tapetech::857355,TapeTech,857355,All-Wall vs Al's Taping Tools,Wall Tools,All-Wall,35.29,Al's Taping Tools,41.99,6.70,18.99,5.01-25.00,10-25%,no,35.29,single_observation,TapeTech Gooseneck Brush,857355,41.99,single_observation,TapeTech Gooseneck Cleaning Brush,857355,,,,
tapetech::cfk02tt,TapeTech,cfk02tt,All-Wall vs Al's Taping Tools,Wall Tools,All-Wall,79.99,Al's Taping Tools,95.00,15.01,18.76,5.01-25.00,10-25%,no,79.99,single_observation,TapeTech Creaser Wheel Kit for Corner Flushers CFK02TT,cfk02tt,95.00,single_observation,TapeTech Creaser Wheel Kit for Corner Flushers CFK02TT,cfk02tt,,,,
tapetech::052149,TapeTech,052149,All-Wall vs Al's Taping Tools,Wall Tools,All-Wall,2.13,Al's Taping Tools,2.52,0.39,18.31,0.26-1.00,10-25%,no,2.13,single_observation,TapeTech Tenite Bearing 052149,052149,2.52,single_observation,Tenite Bearing - 052149,052149,,,,
usg-sheetrock::340402,USG Sheetrock Tools,340402,All-Wall vs Al's Taping Tools,Wall Tools,Al's Taping Tools,33.95,All-Wall,39.99,6.04,17.79,5.01-25.00,10-25%,no,39.99,single_observation,"Sheetrock 12"" Matrix Mud Pan with Reinforced Band",340402,33.95,single_observation,"Sheetrock 12"" Matrix Stainless Steel Mud Pan w/ Reinforced Band",340402,,,,
tapetech::052051,TapeTech,052051,All-Wall vs Al's Taping Tools,Wall Tools,Al's Taping Tools,22.34,All-Wall,26.29,3.95,17.68,1.01-5.00,10-25%,no,26.29,single_observation,TapeTech Cover Plate Screw 052051,052051,22.34,single_observation,Cover Plate Screw for 07TT - 052051,052051,,,,
tapetech::130001,TapeTech,130001,All-Wall vs Al's Taping Tools,Wall Tools,Al's Taping Tools,22.09,All-Wall,25.99,3.90,17.66,1.01-5.00,10-25%,no,25.99,single_observation,TapeTech Mud Tube Cap 130001,130001,22.09,single_observation,Cap Mud Tube - 130001,130001,,,,
tapetech::tk12bstt,TapeTech,tk12bstt,All-Wall vs Al's Taping Tools,Wall Tools,Al's Taping Tools,16.99,All-Wall,19.99,3.00,17.66,1.01-5.00,10-25%,no,19.99,single_observation,"TapeTech 12"" Premium Blue Steel Taping Knife",tk12bstt,16.99,single_observation,"TapeTech 12"" Premium Blue Steel Taping Knife",tk12bstt,,,,
usg-sheetrock::340028,USG Sheetrock Tools,340028,All-Wall vs Al's Taping Tools,Wall Tools,Al's Taping Tools,16.99,All-Wall,19.99,3.00,17.66,1.01-5.00,10-25%,no,19.99,single_observation,"USG Sheetrock Pro-Series 10"" Blue Steel Taping Knife",340028,16.99,single_observation,"Sheetrock 10"" Pro-Series High Carbon Steel Joint Knife",340028,,,,
tapetech::159010,TapeTech,159010,All-Wall vs Wall Tools,Al's Taping Tools,All-Wall,1.49,Wall Tools,1.75,0.26,17.45,0.26-1.00,10-25%,no,1.49,single_observation,TapeTech 8-32 x 3/8 Fillister Head Nyloc 159010,159010,,,,,1.75,single_observation,"TapeTech 8-32 X 3/8"" FILLISTER HEAD SCREW (TAPE-159010)",159010
columbia::hnsa-5-2,Columbia Tools,hnsa-5-2,All-Wall vs Al's Taping Tools,Wall Tools,Al's Taping Tools,46.37,All-Wall,54.44,8.07,17.40,5.01-25.00,10-25%,no,54.44,single_observation,HNSA-5-2 Columbia Nail Spotter Wheel Kit- 2in #12541,hnsa-5-2,46.37,single_observation,Columbia Nail Spotter Wheel Kit- 2in,hnsa-5-2,,,,
tapetech::139010,TapeTech,139010,All-Wall vs Al's Taping Tools,Wall Tools,Al's Taping Tools,1.10,All-Wall,1.29,0.19,17.27,0.06-0.25,10-25%,no,1.29,single_observation,"TapeTech Screw, 4-40 x 1-1/4 SHCS 139010",139010,1.10,single_observation,"139010 - Screw, 4-40 x 1-1/4 SHCS Mud Tube",139010,,,,
tapetech::257133,TapeTech,257133,All-Wall vs Al's Taping Tools,Wall Tools,All-Wall,682.93,Al's Taping Tools,800.00,117.07,17.14,>25.00,10-25%,no,682.93,single_observation,"TapeTech Continuous Flow MXF Hose 1/2"" x 50' 257133",257133,800.00,single_observation,"TapeTech Continuous Flow MXF Hose 1/2"" x 50'",257133,,,,
usg-sheetrock::340607,USG Sheetrock Tools,340607,All-Wall vs Al's Taping Tools,Wall Tools,Al's Taping Tools,19.64,All-Wall,22.99,3.35,17.06,1.01-5.00,10-25%,no,22.99,single_observation,"USG Sheetrock 4"" Classic Stainless Steel Putty Knife",340607,19.64,single_observation,"Sheetrock 4"" Stainless Steel Classic Knife",340607,,,,
usg-sheetrock::340406,USG Sheetrock Tools,340406,All-Wall vs Al's Taping Tools,Wall Tools,All-Wall,34.99,Al's Taping Tools,40.95,5.96,17.03,5.01-25.00,10-25%,no,34.99,single_observation,"Sheetrock 12"" Classic Stainless Steel Mud Pan",340406,40.95,single_observation,"Sheetrock 12"" Classic Stainless Steel Mud Pan",340406,,,,
columbia::ssb10,Columbia Tools,ssb10,All-Wall vs Al's Taping Tools,Wall Tools,Al's Taping Tools,29.99,All-Wall,34.99,5.00,16.67,1.01-5.00,10-25%,no,34.99,single_observation,"Columbia 10"" Sabre Smoothing Blade",ssb10,29.99,single_observation,"Columbia Sabre Smoothing Blade 10""",ssb10,,,,
columbia::ct88,Columbia Tools,ct88,All-Wall vs Wall Tools,Al's Taping Tools,Wall Tools,15.52,All-Wall,18.10,2.58,16.62,1.01-5.00,10-25%,no,18.10,single_observation,CT88 Columbia Taper Clutch Release Rod #5862,ct88,,,,,15.52,single_observation,Columbia Clutch Release Rod (COLM-CT88),ct88
columbia::ct89,Columbia Tools,ct89,All-Wall vs Wall Tools,Al's Taping Tools,Wall Tools,15.52,All-Wall,18.10,2.58,16.62,1.01-5.00,10-25%,no,18.10,single_observation,CT89 Columbia Taper Release Rod Sleeve #5863,ct89,,,,,15.52,single_observation,Columbia Clutch Release Rod Sleeve (COLM-CT89),ct89
columbia::hns1a-3,Columbia Tools,hns1a-3,All-Wall vs Al's Taping Tools,Wall Tools,Al's Taping Tools,8.73,All-Wall,10.18,1.45,16.61,1.01-5.00,10-25%,no,10.18,single_observation,HNS1A-3 Columbia Nail Spotter Mud Seal Strip 3in #12516,hns1a-3,8.73,single_observation,Nail Spotter Mud Seal Strip 3in - HNS1A-3,hns1a-3,,,,
columbia::ct92,Columbia Tools,ct92,All-Wall vs Wall Tools,Al's Taping Tools,Wall Tools,10.36,All-Wall,12.08,1.72,16.60,1.01-5.00,10-25%,no,12.08,single_observation,CT92 Columbia Taper Release Clip #5866,ct92,,,,,10.36,single_observation,Columbia Clutch Release Cam (COLM-CT92),ct92
columbia::hns14c,Columbia Tools,hns14c,All-Wall vs Wall Tools,Al's Taping Tools,Wall Tools,18.61,All-Wall,21.70,3.09,16.60,1.01-5.00,10-25%,no,21.70,single_observation,HNS14C Columbia Nail Spotter Handle Link Connector #12634,hns14c,,,,,18.61,single_observation,Columbia Handle Link Connector for Hinged Nail Spotter (COLM-HNS14C),hns14c
tapetech::sssa-m,TapeTech,sssa-m,All-Wall vs Al's Taping Tools,Wall Tools,All-Wall,49.99,Al's Taping Tools,58.29,8.30,16.60,5.01-25.00,10-25%,no,49.99,single_observation,TapeTech Single Angle Sanding Sponge Medium (Box Of 24),sssa-m,58.29,single_observation,TapeTech Single Angle Sanding Sponge – Medium - 24 Pack,sssa-m,,,,
columbia::mp25,Columbia Tools,mp25,All-Wall vs Wall Tools,Al's Taping Tools,Wall Tools,9.71,All-Wall,11.32,1.61,16.58,1.01-5.00,10-25%,no,11.32,single_observation,MP25 Columbia Mud Pump Filler Stud #5872,mp25,,,,,9.71,single_observation,Columbia Filler Stud (COLM-MP25),mp25
columbia::ct82,Columbia Tools,ct82,All-Wall vs Wall Tools,Al's Taping Tools,Wall Tools,25.84,All-Wall,30.12,4.28,16.56,1.01-5.00,10-25%,no,30.12,single_observation,CT82 Columbia Taper Clutch Lever #5854,ct82,,,,,25.84,single_observation,Columbia Clutch Lever (COLM-CT82),ct82
columbia::hns12,Columbia Tools,hns12,All-Wall vs Wall Tools,Al's Taping Tools,Wall Tools,16.49,All-Wall,19.22,2.73,16.56,1.01-5.00,10-25%,no,19.22,single_observation,HNS12 Columbia Nail Spotter Handle Clamp #12533,hns12,,,,,16.49,single_observation,Columbia Handle Clamp for Hinged Nail Spotter (COLM-HNS12),hns12
usg-sheetrock::340505,USG Sheetrock Tools,340505,All-Wall vs Al's Taping Tools,Wall Tools,Al's Taping Tools,21.44,All-Wall,24.99,3.55,16.56,1.01-5.00,10-25%,no,24.99,single_observation,"USG Sheetrock 5"" Matrix Stainless Steel Putty Knife",340505,21.44,single_observation,"USG Sheetrock 5"" Matrix Stainless Steel Putty Knife",340505,,,,
columbia::ct97,Columbia Tools,ct97,All-Wall vs Wall Tools,Al's Taping Tools,Wall Tools,25.86,All-Wall,30.14,4.28,16.55,1.01-5.00,10-25%,no,30.14,single_observation,CT97 Columbia Taper Mud Supply Valve Body #5959,ct97,,,,,25.86,single_observation,Columbia Mud Supply Valve Body (COLM-CT97),ct97
columbia::ct79,Columbia Tools,ct79,All-Wall vs Wall Tools,Al's Taping Tools,Wall Tools,38.77,All-Wall,45.18,6.41,16.53,5.01-25.00,10-25%,no,45.18,single_observation,CT79 Columbia Taper Hollow Shaft #5851,ct79,,,,,38.77,single_observation,Columbia Hollow Shaft (COLM-CT79),ct79
columbia::ct85,Columbia Tools,ct85,All-Wall vs Wall Tools,Al's Taping Tools,Wall Tools,38.77,All-Wall,45.18,6.41,16.53,5.01-25.00,10-25%,no,45.18,single_observation,CT85 Columbia Taper Clutch Release Shaft #5857,ct85,,,,,38.77,single_observation,Columbia Clutch Release Shaft (COLM-CT85),ct85
columbia::ct13,Columbia Tools,ct13,All-Wall vs Wall Tools,Al's Taping Tools,Wall Tools,12.41,All-Wall,14.46,2.05,16.52,1.01-5.00,10-25%,no,14.46,single_observation,Columbia Taper Dog Base Bracket,ct13,,,,,12.41,single_observation,Columbia Dog Base Bracket (COLM-CT13),ct13
columbia::ct53,Columbia Tools,ct53,All-Wall vs Wall Tools,Al's Taping Tools,Wall Tools,22.64,All-Wall,26.38,3.74,16.52,1.01-5.00,10-25%,no,26.38,single_observation,Columbia Taper Toe Kicker CT53,ct53,,,,,22.64,single_observation,Columbia Toe Kicker (COLM-CT53),ct53
columbia::hns15-2,Columbia Tools,hns15-2,All-Wall vs Wall Tools,Al's Taping Tools,Wall Tools,37.54,All-Wall,43.74,6.20,16.52,5.01-25.00,10-25%,no,43.74,single_observation,HNS15-2 Columbia Nail Spotter Door Gasket 2in #12536,hns15-2,,,,,37.54,single_observation,Columbia Door Gasket for 2 in. Hinged Nail Spotter (COLM-HNS15-2),hns15-2
columbia::hns15-3,Columbia Tools,hns15-3,All-Wall vs Wall Tools,Al's Taping Tools,Wall Tools,37.54,All-Wall,43.74,6.20,16.52,5.01-25.00,10-25%,no,43.74,single_observation,HNS15-3 Columbia Nail Spotter Door Gasket 3in #12537,hns15-3,,,,,37.54,single_observation,Columbia Door Gasket for 3 in. Hinged Nail Spotter (COLM-HNS15-3),hns15-3
columbia::hns8-2,Columbia Tools,hns8-2,All-Wall vs Wall Tools,Al's Taping Tools,Wall Tools,32.99,All-Wall,38.44,5.45,16.52,5.01-25.00,10-25%,no,38.44,single_observation,HNS8-2 Columbia Nail Spotter Blade Holder 2in #12527,hns8-2,,,,,32.99,single_observation,Columbia Blade Holder for 2 in. Hinged Nail Spotter (COLM-HNS8-2),hns8-2
columbia::hns8-3,Columbia Tools,hns8-3,All-Wall vs Wall Tools,Al's Taping Tools,Wall Tools,32.99,All-Wall,38.44,5.45,16.52,5.01-25.00,10-25%,no,38.44,single_observation,HNS8-3 Columbia Nail Spotter Blade Holder 3in #12528,hns8-3,,,,,32.99,single_observation,Columbia Blade Holder for 3 in. Hinged Nail Spotter (COLM-HNS8-3),hns8-3
columbia::mp6,Columbia Tools,mp6,All-Wall vs Wall Tools,Al's Taping Tools,Wall Tools,32.32,All-Wall,37.66,5.34,16.52,5.01-25.00,10-25%,no,37.66,single_observation,MP6 Columbia Mud Pump Handle Link #6165,mp6,,,,,32.32,single_observation,Columbia Handle Link (One Piece) (COLM-MP6),mp6
columbia::ah18,Columbia Tools,ah18,All-Wall vs Wall Tools,Al's Taping Tools,Wall Tools,8.72,All-Wall,10.16,1.44,16.51,1.01-5.00,10-25%,no,10.16,single_observation,AH18 Columbia Angle Head Socket Wear Cup #5817,ah18,,,,,8.72,single_observation,Columbia Socket Wear Cup (COLM-AH18),ah18
columbia::ah6a,Columbia Tools,ah6a,All-Wall vs Wall Tools,Al's Taping Tools,Wall Tools,20.05,All-Wall,23.36,3.31,16.51,1.01-5.00,10-25%,no,23.36,single_observation,Columbia Ball Holder Release Clip Angle Head,ah6a,,,,,20.05,single_observation,Columbia Ball Holder Release Clip (COLM-AH6A),ah6a
columbia::ct25,Columbia Tools,ct25,All-Wall vs Wall Tools,Al's Taping Tools,Wall Tools,42.64,All-Wall,49.68,7.04,16.51,5.01-25.00,10-25%,no,49.68,single_observation,CT25 Columbia Taper Knife Guide Square Tube #5598,ct25,,,,,42.64,single_observation,Columbia Cutter Block Guide Tube (COLM-CT25),ct25
columbia::ct36,Columbia Tools,ct36,All-Wall vs Wall Tools,Al's Taping Tools,Wall Tools,33.61,All-Wall,39.16,5.55,16.51,5.01-25.00,10-25%,no,39.16,single_observation,CT36 Columbia Taper Return Spring Tube #5609,ct36,,,,,33.61,single_observation,Columbia Return Spring Tube (COLM-CT36),ct36
columbia::ct49,Columbia Tools,ct49,All-Wall vs Wall Tools,Al's Taping Tools,Wall Tools,58.14,All-Wall,67.74,9.60,16.51,5.01-25.00,10-25%,no,67.74,single_observation,CT49 Columbia Taper Crimping Arm Right #5623,ct49,,,,,58.14,single_observation,Columbia Crimping Arm Right - Stainless Steel (COLM-CT49),ct49
columbia::ct66,Columbia Tools,ct66,All-Wall vs Wall Tools,Al's Taping Tools,Wall Tools,51.72,All-Wall,60.26,8.54,16.51,5.01-25.00,10-25%,no,60.26,single_observation,CT66 Columbia Taper Drive Drum #5840,ct66,,,,,51.72,single_observation,Columbia Drive Drum (COLM-CT66),ct66
columbia::ct6a,Columbia Tools,ct6a,All-Wall vs Wall Tools,Al's Taping Tools,Wall Tools,37.20,All-Wall,43.34,6.14,16.51,5.01-25.00,10-25%,no,43.34,single_observation,CT6A Columbia Taper Side Plate Left #5577,ct6a,,,,,37.20,single_observation,Columbia Stainless Steel Side Plate - Left (COLM-CT6A),ct6a
columbia::ct77,Columbia Tools,ct77,All-Wall vs Wall Tools,Al's Taping Tools,Wall Tools,64.63,All-Wall,75.30,10.67,16.51,5.01-25.00,10-25%,no,75.30,single_observation,CT77 Columbia Taper Drive Sprocket Large #5848,ct77,,,,,64.63,single_observation,Columbia Drive Sprocket - Large (COLM-CT77),ct77
columbia::ct93,Columbia Tools,ct93,All-Wall vs Wall Tools,Al's Taping Tools,Wall Tools,51.72,All-Wall,60.26,8.54,16.51,5.01-25.00,10-25%,no,60.26,single_observation,CT93 Columbia Taper Mud Shut Off Lever Arm #5868,ct93,,,,,51.72,single_observation,Columbia Mud Gate Lever Arm (COLM-CT93),ct93
columbia::cta41,Columbia Tools,cta41,All-Wall vs Wall Tools,Al's Taping Tools,Wall Tools,116.97,All-Wall,136.28,19.31,16.51,5.01-25.00,10-25%,no,136.28,single_observation,CTA41 Columbia Taper Cutter Block Assembly #5999,cta41,,,,,116.97,single_observation,Columbia Cutter Block Assembly (Taper) (COLM-CTA41),cta41
columbia::hffb5-10,Columbia Tools,hffb5-10,All-Wall vs Wall Tools,Al's Taping Tools,Wall Tools,45.25,All-Wall,52.72,7.47,16.51,5.01-25.00,10-25%,no,52.72,single_observation,HFFB5-10 Columbia Flat Box Axle 10in #6075,hffb5-10,,,,,45.25,single_observation,"Columbia 10"" Flat Box Axle (COLM-HFFB5-10)",hffb5-10
columbia::hffb5-12,Columbia Tools,hffb5-12,All-Wall vs Wall Tools,Al's Taping Tools,Wall Tools,45.25,All-Wall,52.72,7.47,16.51,5.01-25.00,10-25%,no,52.72,single_observation,HFFB5-12 Columbia Flat Box Axle 12in #6076,hffb5-12,,,,,45.25,single_observation,"Columbia 12"" Flat Box Axle (COLM-HFFB5-12)",hffb5-12
columbia::hp1,Columbia Tools,hp1,All-Wall vs Wall Tools,Al's Taping Tools,Wall Tools,51.72,All-Wall,60.26,8.54,16.51,5.01-25.00,10-25%,no,60.26,single_observation,Columbia Mud Pump Cylinder (Removable) HP1,hp1,,,,,51.72,single_observation,Columbia Pump Cylinder (COLM-HP1),hp1
columbia::hpa4,Columbia Tools,hpa4,All-Wall vs Wall Tools,Al's Taping Tools,Wall Tools,126.50,All-Wall,147.38,20.88,16.51,5.01-25.00,10-25%,no,147.38,single_observation,Columbia Mud Pump Head Casting Assembly HPA4,hpa4,,,,,126.50,single_observation,Columbia Head Billet Assembly (Pump) (COLM-HPA-4),hpa4
columbia::mp11,Columbia Tools,mp11,All-Wall vs Wall Tools,Al's Taping Tools,Wall Tools,51.72,All-Wall,60.26,8.54,16.51,5.01-25.00,10-25%,no,60.26,single_observation,MP11 Columbia Mud Pump Piston Shaft #6172,mp11,,,,,51.72,single_observation,Columbia Piston Shaft (COLM-MP11),mp11
columbia::ct1,Columbia Tools,ct1,All-Wall vs Wall Tools,Al's Taping Tools,Wall Tools,155.14,All-Wall,180.74,25.60,16.50,>25.00,10-25%,no,180.74,single_observation,CT1 Columbia Taper Head Casting #5570,ct1,,,,,155.14,single_observation,Columbia Taper Head (COLM-CT1),ct1
columbia::ct112,Columbia Tools,ct112,All-Wall vs Wall Tools,Al's Taping Tools,Wall Tools,10.85,All-Wall,12.64,1.79,16.50,1.01-5.00,10-25%,no,12.64,single_observation,CT112 Columbia Taper Connecting Stud #5970,ct112,,,,,10.85,single_observation,Columbia Slotted Piston Connecting Stud (COLM-CT112),ct112
columbia::ct57,Columbia Tools,ct57,All-Wall vs Wall Tools,Al's Taping Tools,Wall Tools,87.90,All-Wall,102.40,14.50,16.50,5.01-25.00,10-25%,no,102.40,single_observation,CT57 Columbia Taper Tape Advance Carriage #5833,ct57,,,,,87.90,single_observation,Columbia Tape Advance Carriage (Includes CT58)  (COLM-CT57),ct57
columbia::ct62,Columbia Tools,ct62,All-Wall vs Wall Tools,Al's Taping Tools,Wall Tools,16.79,All-Wall,19.56,2.77,16.50,1.01-5.00,10-25%,no,19.56,single_observation,CT62 Columbia Taper Needle Holding Shaft #5836,ct62,,,,,16.79,single_observation,Columbia Needle Holding Shaft (COLM-CT62),ct62
columbia::mp34,Columbia Tools,mp34,All-Wall vs Wall Tools,Al's Taping Tools,Wall Tools,64.19,All-Wall,74.78,10.59,16.50,5.01-25.00,10-25%,no,74.78,single_observation,MP34 Columbia Mud Pump Adaptor #5878,mp34,,,,,64.19,single_observation,Columbia Box Filler Adaptor Body (COLM-MP34),mp34
columbia::mp7,Columbia Tools,mp7,All-Wall vs Wall Tools,Al's Taping Tools,Wall Tools,90.49,All-Wall,105.42,14.93,16.50,5.01-25.00,10-25%,no,105.42,single_observation,MP7 Columbia Mud Pump Handle #6167,mp7,,,,,90.49,single_observation,Columbia Handle (COLM-MP7),mp7
columbia::ah8,Columbia Tools,ah8,All-Wall vs Wall Tools,Al's Taping Tools,Wall Tools,5.82,All-Wall,6.78,0.96,16.49,0.26-1.00,10-25%,no,6.78,single_observation,AH8 Columbia Angle Head Retainer Clip (Short) #5812,ah8,,,,,5.82,single_observation,"Columbia Top Retainer Clip, fits 2"", 2.5"", and 3"" (COLM-AH8)",ah8
columbia::cfb15,Columbia Tools,cfb15,All-Wall vs Wall Tools,Al's Taping Tools,Wall Tools,25.84,All-Wall,30.10,4.26,16.49,1.01-5.00,10-25%,no,30.10,single_observation,CFB15 Columbia Angle Box Door Hinge #5552,cfb15,,,,,25.84,single_observation,Columbia Door Hinge (COLM-CFB15),cfb15
columbia::cr11,Columbia Tools,cr11,All-Wall vs Wall Tools,Al's Taping Tools,Wall Tools,25.84,All-Wall,30.10,4.26,16.49,1.01-5.00,10-25%,no,30.10,single_observation,CR11 Columbia Corner Roller Handle Connecting Link #5567,cr11,,,,,25.84,single_observation,Columbia Handle Connecting Link (COLM-CR11),cr11
columbia::ct105,Columbia Tools,ct105,All-Wall vs Wall Tools,Al's Taping Tools,Wall Tools,29.72,All-Wall,34.62,4.90,16.49,1.01-5.00,10-25%,no,34.62,single_observation,CT105 Columbia Taper Crimper Lever #5965,ct105,,,,,29.72,single_observation,Columbia Crimper Lever (COLM-CT105),ct105
columbia::ct107,Columbia Tools,ct107,All-Wall vs Wall Tools,Al's Taping Tools,Wall Tools,25.84,All-Wall,30.10,4.26,16.49,1.01-5.00,10-25%,no,30.10,single_observation,CT107 Columbia Taper Piston Body #5967,ct107,,,,,25.84,single_observation,Columbia Piston Body (COLM-CT107),ct107
columbia::ct3,Columbia Tools,ct3,All-Wall vs Wall Tools,Al's Taping Tools,Wall Tools,11.64,All-Wall,13.56,1.92,16.49,1.01-5.00,10-25%,no,13.56,single_observation,CT3 Columbia Taper Right Insert Bushing #5572,ct3,,,,,11.64,single_observation,Columbia Right Insert Bushing (Includes CT5)  (COLM-CT3),ct3
columbia::ct45,Columbia Tools,ct45,All-Wall vs Wall Tools,Al's Taping Tools,Wall Tools,17.46,All-Wall,20.34,2.88,16.49,1.01-5.00,10-25%,no,20.34,single_observation,CT45 Columbia Taper Connecting Rod (Includes CT46 Stop) #5619,ct45,,,,,17.46,single_observation,Columbia Connecting Rod (Now one piece Includes CT46 Rod Stop) 2005+ (COLM-CT45),ct45
columbia::ct6,Columbia Tools,ct6,All-Wall vs Wall Tools,Al's Taping Tools,Wall Tools,31.04,All-Wall,36.16,5.12,16.49,5.01-25.00,10-25%,no,36.16,single_observation,CT6 Columbia Taper Side Plate Right #5576,ct6,,,,,31.04,single_observation,Columbia Stainless Steel Side Plate - Right (COLM-CT6),ct6
columbia::ct68,Columbia Tools,ct68,All-Wall vs Wall Tools,Al's Taping Tools,Wall Tools,15.52,All-Wall,18.08,2.56,16.49,1.01-5.00,10-25%,no,18.08,single_observation,CT68 Columbia Taper Hub #5842,ct68,,,,,15.52,single_observation,Columbia Hub (COLM-CT68),ct68
columbia::ct78,Columbia Tools,ct78,All-Wall vs Wall Tools,Al's Taping Tools,Wall Tools,85.33,All-Wall,99.40,14.07,16.49,5.01-25.00,10-25%,no,99.40,single_observation,CT78 Columbia Taper Drive Chain #5850,ct78,,,,,85.33,single_observation,Columbia Drive Chain (COLM-CT78),ct78
columbia::ct90,Columbia Tools,ct90,All-Wall vs Wall Tools,Al's Taping Tools,Wall Tools,25.84,All-Wall,30.10,4.26,16.49,1.01-5.00,10-25%,no,30.10,single_observation,CT90 Columbia Taper Rod Sleeve Housing #5864,ct90,,,,,25.84,single_observation,Columbia Clutch Release Rod Sleeve Housing (COLM-CT90),ct90
columbia::mp13a,Columbia Tools,mp13a,All-Wall vs Wall Tools,Al's Taping Tools,Wall Tools,11.64,All-Wall,13.56,1.92,16.49,1.01-5.00,10-25%,no,13.56,single_observation,MP13A Columbia Mud Pump Piston Backing Washer (Small) #6174,mp13a,,,,,11.64,single_observation,Columbia Piston Cup Backing Washer (a.k.a. Small Retainer) (includes MP32) (COLM-MP13A),mp13a
columbia::mp14,Columbia Tools,mp14,All-Wall vs Wall Tools,Al's Taping Tools,Wall Tools,11.64,All-Wall,13.56,1.92,16.49,1.01-5.00,10-25%,no,13.56,single_observation,MP14 Columbia Mud Pump Piston Cup #6175,mp14,,,,,11.64,single_observation,Columbia Piston Cup (COLM-MP14),mp14
columbia::mp2,Columbia Tools,mp2,All-Wall vs Wall Tools,Al's Taping Tools,Wall Tools,29.10,All-Wall,33.90,4.80,16.49,1.01-5.00,10-25%,no,33.90,single_observation,Columbia Foot Valve Casting,mp2,,,,,29.10,single_observation,Columbia Foot Valve Casting (COLM-MP2),mp2
columbia::mp9,Columbia Tools,mp9,All-Wall vs Wall Tools,Al's Taping Tools,Wall Tools,15.52,All-Wall,18.08,2.56,16.49,1.01-5.00,10-25%,no,18.08,single_observation,MP9 Columbia Mud Pump Standard Fitting #6169,mp9,,,,,15.52,single_observation,Columbia Box Filler Nozzle (COLM-MP9),mp9
columbia::ct27,Columbia Tools,ct27,All-Wall vs Wall Tools,Al's Taping Tools,Wall Tools,12.93,All-Wall,15.06,2.13,16.47,1.01-5.00,10-25%,no,15.06,single_observation,CT27 Columbia Taper Knife Guide Bracket Left #5600,ct27,,,,,12.93,single_observation,Columbia Knife Guide Bracket  - Left (COLM-CT27),ct27
columbia::ct47,Columbia Tools,ct47,All-Wall vs Wall Tools,Al's Taping Tools,Wall Tools,12.93,All-Wall,15.06,2.13,16.47,1.01-5.00,10-25%,no,15.06,single_observation,CT47 Columbia Taper Crimping Wheel #5621,ct47,,,,,12.93,single_observation,Columbia Crimping Wheel (COLM-CT47),ct47
columbia::ct55,Columbia Tools,ct55,All-Wall vs Wall Tools,Al's Taping Tools,Wall Tools,12.93,All-Wall,15.06,2.13,16.47,1.01-5.00,10-25%,no,15.06,single_observation,CT55 Columbia Taper Carriage Guide Rod #5831,ct55,,,,,12.93,single_observation,Columbia Carriage Guide Rod (COLM-CT55),ct55
columbia::ct84a,Columbia Tools,ct84a,All-Wall vs Wall Tools,Al's Taping Tools,Wall Tools,12.93,All-Wall,15.06,2.13,16.47,1.01-5.00,10-25%,no,15.06,single_observation,CT84A Columbia Taper Cable Guide Pulley #5856,ct84a,,,,,12.93,single_observation,Columbia Cable Guide Pulley (COLM-CT84A),ct84a
columbia::ct26,Columbia Tools,ct26,All-Wall vs Wall Tools,Al's Taping Tools,Wall Tools,16.16,All-Wall,18.82,2.66,16.46,1.01-5.00,10-25%,no,18.82,single_observation,CT26 Columbia Taper Knife Guide Bracket Right #5599,ct26,,,,,16.16,single_observation,Columbia Knife Guide Bracket  - Right (COLM-CT26),ct26
columbia::ct39,Columbia Tools,ct39,All-Wall vs Wall Tools,Al's Taping Tools,Wall Tools,9.48,All-Wall,11.04,1.56,16.46,1.01-5.00,10-25%,no,11.04,single_observation,CT39 Columbia Taper Knife Return Spring #5612,ct39,,,,,9.48,single_observation,Columbia Knife Return Spring (COLM-CT39),ct39
columbia::ct70,Columbia Tools,ct70,All-Wall vs Wall Tools,Al's Taping Tools,Wall Tools,32.32,All-Wall,37.64,5.32,16.46,5.01-25.00,10-25%,no,37.64,single_observation,CT70 Columbia Taper Drive Shaft #5843,ct70,,,,,32.32,single_observation,Columbia Drive Shaft (COLM-CT70),ct70
columbia::ct115,Columbia Tools,ct115,All-Wall vs Wall Tools,Al's Taping Tools,Wall Tools,19.41,All-Wall,22.60,3.19,16.43,1.01-5.00,10-25%,no,22.60,single_observation,CT115 Columbia Taper Guard Ring #5973,ct115,,,,,19.41,single_observation,Columbia Barrel Guard Ring (COLM-CT115),ct115
columbia::ct86,Columbia Tools,ct86,All-Wall vs Wall Tools,Al's Taping Tools,Wall Tools,19.41,All-Wall,22.60,3.19,16.43,1.01-5.00,10-25%,no,22.60,single_observation,CT86 Columbia Taper Toe Kicker Cable #5858,ct86,,,,,19.41,single_observation,Columbia Toe Kicker Cable (COLM-CT86),ct86
columbia::hp45,Columbia Tools,hp45,All-Wall vs Wall Tools,Al's Taping Tools,Wall Tools,19.41,All-Wall,22.60,3.19,16.43,1.01-5.00,10-25%,no,22.60,single_observation,HP45 Columbia Mud Pump O-Ring Enclosure #6154,hp45,,,,,19.41,single_observation,Columbia Pump O-Ring Enclosure (COLM-HP45),hp45
columbia::fa288,Columbia Tools,fa288,All-Wall vs Wall Tools,Al's Taping Tools,Wall Tools,2.03,All-Wall,2.36,0.33,16.26,0.26-1.00,10-25%,no,2.36,single_observation,FA288 Columbia 1/4in X 1/2in Split Pin #6040,fa288,,,,,2.03,single_observation,Columbia  x  in. Split Pin (COLM-FA288),fa288
columbia::cltbf,Columbia Tools,cltbf,Al's Taping Tools vs Wall Tools,All-Wall,Al's Taping Tools,70.47,Wall Tools,81.88,11.41,16.19,5.01-25.00,10-25%,no,,,,,70.47,single_observation,Columbia Compound Tube Filler Adaptor,cltbf,81.88,single_observation,Columbia Cam Lock Box Filler,cltbf
tapetech::059085,TapeTech,059085,All-Wall vs Wall Tools,Al's Taping Tools,All-Wall,0.99,Wall Tools,1.15,0.16,16.16,0.06-0.25,10-25%,no,0.99,single_observation,TapeTech 8-32 X 1/4 Fillister Head Slot Screw 059085,059085,,,,,1.15,single_observation,TapeTech 8-32 X 1/4 Fillister Head Screw SST (TAPE-059085),059085
tapetech::209049,TapeTech,209049,All-Wall vs Wall Tools,Al's Taping Tools,All-Wall,0.99,Wall Tools,1.15,0.16,16.16,0.06-0.25,10-25%,no,0.99,single_observation,TapeTech 6-32 X 5/16 Screw 209049,209049,,,,,1.15,single_observation,TapeTech 6-32 X 5/16 Bind Head Screw (TAPE-209049),209049
tapetech::609049,TapeTech,609049,All-Wall vs Wall Tools,Al's Taping Tools,All-Wall,0.99,Wall Tools,1.15,0.16,16.16,0.06-0.25,10-25%,no,0.99,single_observation,TapeTech Serrated Hex Flange Nut 609049,609049,,,,,1.15,single_observation,TapeTech SERRATED HEX FLANGE NUT  REPLACES 609043 (TAPE-609049),609049
usg-sheetrock::340504,USG Sheetrock Tools,340504,All-Wall vs Al's Taping Tools,Wall Tools,Al's Taping Tools,20.75,All-Wall,23.99,3.24,15.61,1.01-5.00,10-25%,no,23.99,single_observation,"USG Sheetrock 4"" Matrix Stainless Steel Putty Knife",340504,20.75,single_observation,"USG Sheetrock 4"" Matrix Stainless Steel Putty Knife",340504,,,,
surpro::ss1011,SurPro,ss1011,Al's Taping Tools vs Wall Tools,All-Wall,Wall Tools,18.60,Al's Taping Tools,21.50,2.90,15.59,1.01-5.00,10-25%,no,,,,,21.50,single_observation,Sur-Pro Strap Kit - SS1011,ss1011,18.60,single_observation,SurPro 2 Stilt Leg Strap Kit,ss1011
surpro::ss1010l,SurPro,ss1010l,Al's Taping Tools vs Wall Tools,All-Wall,Wall Tools,37.10,Al's Taping Tools,42.73,5.63,15.18,5.01-25.00,10-25%,no,,,,,42.73,single_observation,Sur-Pro S2 Stilt Leg Band Kit (Left) - SS1010L,ss1010l,37.10,single_observation,SurPro 2 Stilt Leg Band Kit (Left),ss1010l
surpro::ss1010r,SurPro,ss1010r,Al's Taping Tools vs Wall Tools,All-Wall,Wall Tools,37.10,Al's Taping Tools,42.73,5.63,15.18,5.01-25.00,10-25%,no,,,,,42.73,single_observation,Sur-Pro S2 Stilt Leg Band Kit (Right) - SS1010R,ss1010r,37.10,single_observation,SurPro 2 Stilt Leg Band Kit (Right),ss1010r
usg-sheetrock::340302,USG Sheetrock Tools,340302,All-Wall vs Al's Taping Tools,Wall Tools,Al's Taping Tools,40.99,All-Wall,46.99,6.00,14.64,5.01-25.00,10-25%,no,46.99,single_observation,"Sheetrock 10"" Offset Blue Steel Blade Taping Knife",340302,40.99,single_observation,"Sheetrock 10"" Offset Taping Knife",340302,,,,
usg-sheetrock::340027,USG Sheetrock Tools,340027,All-Wall vs Al's Taping Tools,Wall Tools,Al's Taping Tools,17.50,All-Wall,19.99,2.49,14.23,1.01-5.00,10-25%,no,19.99,single_observation,"USG Sheetrock Pro-Series 12"" Blue Steel Taping Knife",340027,17.50,single_observation,"Sheetrock 12"" Pro-Series High Carbon Steel Joint Knife",340027,,,,
tapetech::130007,TapeTech,130007,All-Wall vs Al's Taping Tools,Wall Tools,Al's Taping Tools,8.49,All-Wall,9.69,1.20,14.13,1.01-5.00,10-25%,no,9.69,single_observation,TapeTech Piston 130007,130007,8.49,single_observation,Replacement Piston - 130007,130007,,,,
tapetech::130002,TapeTech,130002,All-Wall vs Al's Taping Tools,Wall Tools,Al's Taping Tools,48.25,All-Wall,54.99,6.74,13.97,5.01-25.00,10-25%,no,54.99,single_observation,TapeTech Mud Tube Outlet 130002,130002,48.25,single_observation,Outlet Mud Tube - 130002,130002,,,,
columbia::ct32,Columbia Tools,ct32,All-Wall vs Wall Tools,Al's Taping Tools,Wall Tools,9.71,All-Wall,11.01,1.30,13.39,1.01-5.00,10-25%,no,11.01,single_observation,CT32 Columbia Taper Carriage Cam,ct32,,,,,9.71,single_observation,Columbia Carriage Cam (COLM-CT32),ct32
tapetech::ssda-m,TapeTech,ssda-m,All-Wall vs Al's Taping Tools,Wall Tools,Al's Taping Tools,42.39,All-Wall,47.99,5.60,13.21,5.01-25.00,10-25%,no,47.99,single_observation,TapeTech Dual Angle Sanding Sponge Medium (Box Of 24),ssda-m,42.39,single_observation,TapeTech Dual Angle Sanding Sponge – Medium - 24 Pack,ssda-m,,,,
tapetech::ssda-mf,TapeTech,ssda-mf,All-Wall vs Al's Taping Tools,Wall Tools,Al's Taping Tools,42.39,All-Wall,47.99,5.60,13.21,5.01-25.00,10-25%,no,47.99,single_observation,TapeTech Dual Angle Sanding Sponge Med/Fine (Box Of 24),ssda-mf,42.39,single_observation,TapeTech Dual Angle Premium Sanding Sponges – Medium/Fine - 24 Pack,ssda-mf,,,,
tapetech::303027b,TapeTech,303027b,All-Wall vs Al's Taping Tools,Wall Tools,Al's Taping Tools,165.63,All-Wall,187.49,21.86,13.20,5.01-25.00,10-25%,no,187.49,single_observation,"TapeTech 12"" CFS Pressure Plate 303027B",303027b,165.63,single_observation,"TapeTech Pressure Plate, 12"" CFS - 303027B",303027b,,,,
columbia::ct128,Columbia Tools,ct128,All-Wall vs Wall Tools,Al's Taping Tools,Wall Tools,25.84,All-Wall,29.24,3.40,13.16,1.01-5.00,10-25%,no,29.24,single_observation,CT128 Columbia Taper Shaft Guide Strap #5989,ct128,,,,,25.84,single_observation,Columbia Extention Shaft Guide Strap (COLM-CT128),ct128
columbia::ct37,Columbia Tools,ct37,All-Wall vs Wall Tools,Al's Taping Tools,Wall Tools,25.84,All-Wall,29.24,3.40,13.16,1.01-5.00,10-25%,no,29.24,single_observation,CT37 Columbia Taper Tube Holding Bracket Upper #5610,ct37,,,,,25.84,single_observation,Columbia Tube Holding Bracket  - Upper (COLM-CT37),ct37
columbia::ct11,Columbia Tools,ct11,All-Wall vs Wall Tools,Al's Taping Tools,Wall Tools,9.05,All-Wall,10.24,1.19,13.15,1.01-5.00,10-25%,no,10.24,single_observation,CT11 Columbia Taper Mud Guard Plate #5585,ct11,,,,,9.05,single_observation,Columbia Mud Guard Plate (COLM-CT11),ct11
columbia::ct38,Columbia Tools,ct38,All-Wall vs Wall Tools,Al's Taping Tools,Wall Tools,21.97,All-Wall,24.86,2.89,13.15,1.01-5.00,10-25%,no,24.86,single_observation,CT38 Columbia Taper Tube Holding Bracket Lower #5611,ct38,,,,,21.97,single_observation,Columbia Tube Holding Bracket - Lower (COLM-CT38),ct38
columbia::ct48,Columbia Tools,ct48,All-Wall vs Wall Tools,Al's Taping Tools,Wall Tools,58.14,All-Wall,65.78,7.64,13.14,5.01-25.00,10-25%,no,65.78,single_observation,CT48 Columbia Taper Crimping Arm Left #5622,ct48,,,,,58.14,single_observation,Columbia Crimping Arm Left - Stainless Steel (COLM-CT48),ct48
columbia::ct7,Columbia Tools,ct7,All-Wall vs Wall Tools,Al's Taping Tools,Wall Tools,58.83,All-Wall,66.56,7.73,13.14,5.01-25.00,10-25%,no,66.56,single_observation,CT7 Columbia Taper Side Plate Support Left #5580,ct7,,,,,58.83,single_observation,Columbia Side Plate Support - Left (COLM-CT7),ct7
columbia::ct8,Columbia Tools,ct8,All-Wall vs Wall Tools,Al's Taping Tools,Wall Tools,58.83,All-Wall,66.56,7.73,13.14,5.01-25.00,10-25%,no,66.56,single_observation,CT8 Columbia Taper Side Plate Support Right #5582,ct8,,,,,58.83,single_observation,Columbia Side Plate Support - Right (COLM-CT8),ct8
columbia::ct106,Columbia Tools,ct106,All-Wall vs Wall Tools,Al's Taping Tools,Wall Tools,10.36,All-Wall,11.72,1.36,13.13,1.01-5.00,10-25%,no,11.72,single_observation,CT106 Columbia Taper Bearing Shaft #5966,ct106,,,,,10.36,single_observation,Columbia Crimper Lever Bearing Shaft (COLM-CT106),ct106
columbia::ffh3,Columbia Tools,ffh3,All-Wall vs Wall Tools,Al's Taping Tools,Wall Tools,33.29,All-Wall,37.66,4.37,13.13,1.01-5.00,10-25%,no,37.66,single_observation,FFH3 Columbia Flat Box Handle Lower Mounting Bracket #6122,ffh3,,,,,33.29,single_observation,Columbia Lower Mounting Bracket (COLM-FFH3),ffh3
columbia::ct127,Columbia Tools,ct127,All-Wall vs Wall Tools,Al's Taping Tools,Wall Tools,32.32,All-Wall,36.56,4.24,13.12,1.01-5.00,10-25%,no,36.56,single_observation,CT127 Columbia Taper Extension Shaft Bracket #5988,ct127,,,,,32.32,single_observation,Columbia Extension Shaft Bracket (COLM-CT127),ct127
columbia::hh2,Columbia Tools,hh2,All-Wall vs Wall Tools,Al's Taping Tools,Wall Tools,68.50,All-Wall,77.48,8.98,13.11,5.01-25.00,10-25%,no,77.48,single_observation,Columbia Upper Mounting Bracket for COL88,hh2,,,,,68.50,single_observation,Columbia Flat Box Handle Upper Mounting Bracket for Hydra Reach Flat Box Handle (COLM-HH2),hh2
columbia::ct22,Columbia Tools,ct22,All-Wall vs Wall Tools,Al's Taping Tools,Wall Tools,20.69,All-Wall,23.40,2.71,13.10,1.01-5.00,10-25%,no,23.40,single_observation,CT22 Columbia Taper Brass Bracket #5596,ct22,,,,,20.69,single_observation,Columbia Brass Bracket (COLM-CT22),ct22
columbia::hh22,Columbia Tools,hh22,All-Wall vs Wall Tools,Al's Taping Tools,Wall Tools,25.29,All-Wall,28.60,3.31,13.09,1.01-5.00,10-25%,no,28.60,single_observation,Columbia Reservoir Piston Part HH22,hh22,,,,,25.29,single_observation,Columbia Reservoir Piston for Hydra Reach Flat Box Handle (COLM-HH22),hh22
columbia::c1h/cltha,Columbia Tools,c1h/cltha,All-Wall vs Al's Taping Tools,Wall Tools,Al's Taping Tools,130.00,All-Wall,147.00,17.00,13.08,5.01-25.00,10-25%,no,147.00,single_observation,Columbia Tomahawk Smoothing Blade Handle,c1h/cltha,130.00,single_observation,Columbia Tomahawk Smoothing Blade Fixed Handle,c1h/cltha,,,,
columbia::ct7a,Columbia Tools,ct7a,All-Wall vs Wall Tools,Al's Taping Tools,Wall Tools,12.93,All-Wall,14.62,1.69,13.07,1.01-5.00,10-25%,no,14.62,single_observation,CT7A Columbia Taper Side Plate Hub #5581,ct7a,,,,,12.93,single_observation,Columbia Side Plate Hub (COLM-CT7A),ct7a
tapetech::729071,TapeTech,729071,All-Wall vs Al's Taping Tools,Wall Tools,All-Wall,1.99,Al's Taping Tools,2.25,0.26,13.07,0.26-1.00,10-25%,no,1.99,single_observation,TapeTech Flange O-Ring 729071,729071,2.25,single_observation,729071 - Flange O-Ring,729071,,,,
columbia::ct17,Columbia Tools,ct17,All-Wall vs Wall Tools,Al's Taping Tools,Wall Tools,18.08,All-Wall,20.44,2.36,13.05,1.01-5.00,10-25%,no,20.44,single_observation,CT17 Columbia Taper Separation Plate #5593,ct17,,,,,18.08,single_observation,Columbia Separation Plate (COLM-CT17),ct17
columbia::ct116,Columbia Tools,ct116,All-Wall vs Wall Tools,Al's Taping Tools,Wall Tools,19.41,All-Wall,21.94,2.53,13.03,1.01-5.00,10-25%,no,21.94,single_observation,CT116 Columbia Taper Strap #5974,ct116,,,,,19.41,single_observation,Columbia Standard Strap (COLM-CT116),ct116
tapetech::502h,TapeTech,502h,All-Wall vs Wall Tools,Al's Taping Tools,All-Wall,32.69,Wall Tools,36.94,4.25,13.00,1.01-5.00,10-25%,no,32.69,single_observation,TapeTech Pump Rebuild Kit 502H,502h,,,,,36.94,single_observation,TapeTech Mud Pump Rebuild Kit,502h
columbia::bh5,Columbia Tools,bh5,All-Wall vs Wall Tools,Al's Taping Tools,Wall Tools,9.33,All-Wall,10.54,1.21,12.97,1.01-5.00,10-25%,no,10.54,single_observation,BH5 Columbia Box Handle Upper Mounting Bracket (180 Grip) #12460,bh5,,,,,9.33,single_observation,Columbia Upper Mounting Bracket for 180 Grip Flat Box Handle (COLM-BH5),bh5
tapetech::339073,TapeTech,339073,All-Wall vs Wall Tools,Al's Taping Tools,All-Wall,1.17,Wall Tools,1.32,0.15,12.82,0.06-0.25,10-25%,no,1.17,single_observation,TapeTech 10-24 x 1-1/4 Fillister Slot Head Screw 339073,339073,,,,,1.32,single_observation,TapeTech 10-24 x 1-1/4 SL Fillister Head Screw (TAPE-339073),339073
tapetech::409013,TapeTech,409013,All-Wall vs Wall Tools,Al's Taping Tools,All-Wall,1.17,Wall Tools,1.32,0.15,12.82,0.06-0.25,10-25%,no,1.17,single_observation,TapeTech 4-40 X 1/8 Socket Set Screw Cup Point 409013,409013,,,,,1.32,single_observation,TapeTech 4-40X1/8 Set Screw,409013
tapetech::809012,TapeTech,809012,All-Wall vs Wall Tools,Al's Taping Tools,All-Wall,1.17,Wall Tools,1.32,0.15,12.82,0.06-0.25,10-25%,no,1.17,single_observation,TapeTech 8-32x3/8 Cap Screw 809012,809012,,,,,1.32,single_observation,TapeTech 8-32X3/8 HEX SOCKET CAP SCREW,809012
tapetech::809017,TapeTech,809017,All-Wall vs Wall Tools,Al's Taping Tools,All-Wall,1.17,Wall Tools,1.32,0.15,12.82,0.06-0.25,10-25%,no,1.17,single_observation,TapeTech #8 Med Spring Lockwasher 809017,809017,,,,,1.32,single_observation,TapeTech #8 LOCKWASHER (TAPE-809017),809017
tapetech::050410b,TapeTech,050410b,All-Wall vs Al's Taping Tools,Wall Tools,All-Wall,24.39,Al's Taping Tools,27.48,3.09,12.67,1.01-5.00,10-25%,no,24.39,single_observation,"TapeTech Control Tube Flange, Black 050410B",050410b,27.48,single_observation,Control Tube Flange - 050410B,050410b,,,,
tapetech::050405b,TapeTech,050405b,All-Wall vs Al's Taping Tools,Wall Tools,All-Wall,16.29,Al's Taping Tools,18.35,2.06,12.65,1.01-5.00,10-25%,no,16.29,single_observation,"TapeTech Keeper Axle, Black 050405B",050405b,18.35,single_observation,Keeper Axle - 050405B,050405b,,,,
tapetech::cfh40tt,TapeTech,cfh40tt,All-Wall vs Al's Taping Tools,Wall Tools,All-Wall,577.00,Al's Taping Tools,650.00,73.00,12.65,>25.00,10-25%,no,577.00,single_observation,"TapeTech Continuous Flow 40"" Corner Finisher Handle",cfh40tt,650.00,single_observation,"TapeTech 40"" Continuous Flow Corner Finisher Handle",cfh40tt,,,,
tapetech::052221,TapeTech,052221,All-Wall vs Al's Taping Tools,Wall Tools,All-Wall,51.49,Al's Taping Tools,57.99,6.50,12.62,5.01-25.00,10-25%,no,51.49,single_observation,TapeTech Control Arm Boss 052221,052221,57.99,single_observation,Control Arm Boss for 07TT - 052221,052221,,,,
tapetech::nsa-tt,TapeTech,nsa-tt,All-Wall vs Al's Taping Tools,Wall Tools,All-Wall,40.00,Al's Taping Tools,45.00,5.00,12.50,1.01-5.00,10-25%,no,40.00,single_observation,TapeTech Nail Spotter Handle Adapter NSA-TT,nsa-tt,45.00,single_observation,TapeTech Nail Spotter Adapter - NSA-TT,nsa-tt,,,,
tapetech::480209,TapeTech,480209,All-Wall vs Al's Taping Tools,Wall Tools,All-Wall,46.19,Al's Taping Tools,51.96,5.77,12.49,5.01-25.00,10-25%,no,46.19,single_observation,"TapeTech 3.5"" Carbide Blade 480209",480209,51.96,single_observation,"3.5"" Angle Head Carbide Blade - 480209",480209,,,,
tapetech::140006,TapeTech,140006,All-Wall vs Al's Taping Tools,Wall Tools,All-Wall,223.79,Al's Taping Tools,251.72,27.93,12.48,>25.00,10-25%,no,223.79,single_observation,TapeTech Pushrod 140006,140006,251.72,single_observation,140006 - Mudrunner Pushrod,140006,,,,
tapetech::200045g,TapeTech,200045g,Al's Taping Tools vs Wall Tools,All-Wall,Al's Taping Tools,54.67,Wall Tools,61.49,6.82,12.47,5.01-25.00,10-25%,no,,,,,54.67,single_observation,"200045G - Replacement 7"" Axle",200045g,61.49,single_observation,"TapeTech 7"" AXLE",200045g
tapetech::cfs8034tt,TapeTech,cfs8034tt,All-Wall vs Al's Taping Tools,Wall Tools,All-Wall,667.00,Al's Taping Tools,750.00,83.00,12.44,>25.00,10-25%,no,667.00,single_observation,"TapeTech 34"" Continuous Flow Flat Box Handle CFS8034TT",cfs8034tt,750.00,single_observation,"TapeTech 34"" Continuous Flow Finishing Box Handle",cfs8034tt,,,,
tapetech::129061,TapeTech,129061,All-Wall vs Wall Tools,Al's Taping Tools,Wall Tools,1.15,All-Wall,1.29,0.14,12.17,0.06-0.25,10-25%,no,1.29,single_observation,TapeTech E-Clip #25 129061,129061,,,,,1.15,single_observation,TapeTech E-CLIP #25 (TAPE-129061),129061
tapetech::700011f,TapeTech,700011f,Al's Taping Tools vs Wall Tools,All-Wall,Al's Taping Tools,39.13,Wall Tools,43.89,4.76,12.16,1.01-5.00,10-25%,no,,,,,39.13,single_observation,Foot Valve - 700011,700011f,43.89,single_observation,TapeTech FOOT VALVE (TAPE-700011F),700011f
usg-sheetrock::340013,USG Sheetrock Tools,340013,All-Wall vs Al's Taping Tools,Wall Tools,Al's Taping Tools,20.50,All-Wall,22.99,2.49,12.15,1.01-5.00,10-25%,no,22.99,single_observation,"Sheetrock 8"" Matrix Blue Steel Drywall Taping Knife",340013,20.50,single_observation,"Sheetrock 8"" Matrix Blue Steel Finishing Knife",340013,,,,
usg-sheetrock::340407,USG Sheetrock Tools,340407,All-Wall vs Al's Taping Tools,Wall Tools,Al's Taping Tools,29.50,All-Wall,32.99,3.49,11.83,1.01-5.00,10-25%,no,32.99,single_observation,"Sheetrock 14"" Classic Stainless Steel Mud Pan",340407,29.50,single_observation,"Sheetrock 14"" Classic Stainless Steel Mud Pan",340407,,,,
tapetech::cfs8047tt,TapeTech,cfs8047tt,All-Wall vs Al's Taping Tools,Wall Tools,All-Wall,698.00,Al's Taping Tools,780.00,82.00,11.75,>25.00,10-25%,no,698.00,single_observation,"TapeTech 47"" Continuous Flow Flat Box Handle CFS8047TT",cfs8047tt,780.00,single_observation,"TapeTech 47"" Continuous Flow Finishing Box Handle",cfs8047tt,,,,
usg-sheetrock::340010,USG Sheetrock Tools,340010,All-Wall vs Al's Taping Tools,Wall Tools,Al's Taping Tools,21.50,All-Wall,23.99,2.49,11.58,1.01-5.00,10-25%,no,23.99,single_observation,"USG Sheetrock 6"" Matrix Carbon Steel Putty Knife",340010,21.50,single_observation,"Sheetrock 6"" Matrix Carbon Steel Finishing Knife",340010,,,,
tapetech::t05cf,TapeTech,t05cf,All-Wall vs Al's Taping Tools,Wall Tools,All-Wall,2849.00,Al's Taping Tools,3175.00,326.00,11.44,>25.00,10-25%,no,2849.00,single_observation,TapeTech Continuous Flow Taper T05CF,t05cf,3175.00,single_observation,TapeTech Continuous Flow Taper,t05cf,,,,
tapetech::059224,TapeTech,059224,All-Wall vs Al's Taping Tools,Wall Tools,Al's Taping Tools,1.05,All-Wall,1.17,0.12,11.43,0.06-0.25,10-25%,no,1.17,single_observation,TapeTech Washer 1/4 SAE St 59224,059224,1.05,single_observation,059224 - 1/4 Standard Sst Washer,059224,,,,
tapetech::190036,TapeTech,190036,All-Wall vs Wall Tools,Al's Taping Tools,All-Wall,9.99,Wall Tools,11.12,1.13,11.31,1.01-5.00,10-25%,no,9.99,single_observation,TapeTech Xtender Handle Pin 190036,190036,,,,,11.12,single_observation,TapeTech PIN (TAPE-190036),190036
tapetech::059012,TapeTech,059012,All-Wall vs Wall Tools,Al's Taping Tools,All-Wall,1.17,Wall Tools,1.30,0.13,11.11,0.06-0.25,10-25%,no,1.17,single_observation,TapeTech 6-32 X 3/8 Fillister Head Screw 059012,059012,,,,,1.30,single_observation,"TapeTech 6-32 x 3/8"" Fillister Screw SST (TAPE-059012)",059012
tapetech::059015,TapeTech,059015,All-Wall vs Wall Tools,Al's Taping Tools,All-Wall,1.17,Wall Tools,1.30,0.13,11.11,0.06-0.25,10-25%,no,1.17,single_observation,TapeTech 6-32 X 1/4 Fillister Slot Head Screw 059015,059015,,,,,1.30,single_observation,TapeTech 6-32 X 1/4 FILLISTER HEAD SCREW SST (TAPE-059015),059015
tapetech::059016,TapeTech,059016,All-Wall vs Wall Tools,Al's Taping Tools,All-Wall,1.17,Wall Tools,1.30,0.13,11.11,0.06-0.25,10-25%,no,1.17,single_observation,TapeTech #6 Med Split Spring Lockwasher 059016,059016,,,,,1.30,single_observation,TapeTech #6 LOCKWASHER MEDIUM SPRING SST (TAPE-059016),059016
tapetech::059020,TapeTech,059020,All-Wall vs Wall Tools,Al's Taping Tools,All-Wall,1.17,Wall Tools,1.30,0.13,11.11,0.06-0.25,10-25%,no,1.17,single_observation,TapeTech 6-32 X 3/8 Bind Head Slot Screw 059020,059020,,,,,1.30,single_observation,TapeTech 6-32 X 3/8 BIND HEAD SCREW SST (TAPE-059020),059020
tapetech::059037,TapeTech,059037,All-Wall vs Wall Tools,Al's Taping Tools,All-Wall,1.17,Wall Tools,1.30,0.13,11.11,0.06-0.25,10-25%,no,1.17,single_observation,TapeTech 4-40 X 1/4 Bind Head Slot Screw 059037,059037,,,,,1.30,single_observation,TapeTech 4-40 X 1/4 BIND HEAD SCREW SST (TAPE-059037),059037
tapetech::059049,TapeTech,059049,All-Wall vs Wall Tools,Al's Taping Tools,All-Wall,1.17,Wall Tools,1.30,0.13,11.11,0.06-0.25,10-25%,no,1.17,single_observation,TapeTech Gooser Needle 059049,059049,,,,,1.30,single_observation,TapeTech Gooser Needle (TAPE-059049),059049
tapetech::059057,TapeTech,059057,All-Wall vs Wall Tools,Al's Taping Tools,All-Wall,1.17,Wall Tools,1.30,0.13,11.11,0.06-0.25,10-25%,no,1.17,single_observation,TapeTech 4-40 X 3/16 Bind Slot Head Screw 059057,059057,,,,,1.30,single_observation,TapeTech 4-40 X 3/16 BIND HEAD SCREW SST (TAPE-059057),059057
tapetech::059084,TapeTech,059084,All-Wall vs Wall Tools,Al's Taping Tools,All-Wall,1.17,Wall Tools,1.30,0.13,11.11,0.06-0.25,10-25%,no,1.17,single_observation,TapeTech 8-32 X 1/4 1/2 Dog Setscrew 059084,059084,,,,,1.30,single_observation,TapeTech 8-32 X 1/4 SETSCREW 1/2 DOG SST,059084
tapetech::059143,TapeTech,059143,All-Wall vs Wall Tools,Al's Taping Tools,All-Wall,1.17,Wall Tools,1.30,0.13,11.11,0.06-0.25,10-25%,no,1.17,single_observation,TapeTech 1/16 x 1/2 Cotter Pin 059143,059143,,,,,1.30,single_observation,"TapeTech 1/16X1/2"" COTTER PIN SST (TAPE-059143)",059143
tapetech::059156,TapeTech,059156,All-Wall vs Wall Tools,Al's Taping Tools,All-Wall,1.17,Wall Tools,1.30,0.13,11.11,0.06-0.25,10-25%,no,1.17,single_observation,TapeTech 4-40 X 5/16 Bind Hd Slot Screw 059156,059156,,,,,1.30,single_observation,TapeTech 4-40 X 5/16 BIND HEAD SCREW SST (TAPE-059156),059156
tapetech::059260,TapeTech,059260,All-Wall vs Wall Tools,Al's Taping Tools,All-Wall,1.17,Wall Tools,1.30,0.13,11.11,0.06-0.25,10-25%,no,1.17,single_observation,TapeTech 8-32 Hex Nut 59260,059260,,,,,1.30,single_observation,TapeTech 8-32 Hex Nut SST (TAPE-059260),059260
tapetech::209017,TapeTech,209017,All-Wall vs Wall Tools,Al's Taping Tools,All-Wall,1.17,Wall Tools,1.30,0.13,11.11,0.06-0.25,10-25%,no,1.17,single_observation,TapeTech 10-24 Nylock Nut 209017,209017,,,,,1.30,single_observation,TapeTech 10-24 LockNut,209017
tapetech::209042,TapeTech,209042,All-Wall vs Wall Tools,Al's Taping Tools,All-Wall,1.17,Wall Tools,1.30,0.13,11.11,0.06-0.25,10-25%,no,1.17,single_observation,TapeTech #10 Brass Washer 209042,209042,,,,,1.30,single_observation,TapeTech #10 Brass Washer,209042
tapetech::219064,TapeTech,219064,All-Wall vs Wall Tools,Al's Taping Tools,All-Wall,1.17,Wall Tools,1.30,0.13,11.11,0.06-0.25,10-25%,no,1.17,single_observation,TapeTech Spring Washer 219064,219064,,,,,1.30,single_observation,TapeTech Spring Washer (TAPE-219064),219064
tapetech::489013,TapeTech,489013,All-Wall vs Wall Tools,Al's Taping Tools,All-Wall,1.17,Wall Tools,1.30,0.13,11.11,0.06-0.25,10-25%,no,1.17,single_observation,TapeTech 6-32 X 1/8 Socket Head Set Screw 489013,489013,,,,,1.30,single_observation,TapeTech 6-32 x 1/8 in. SC Head Screw (TAPE-489013),489013
tapetech::489028,TapeTech,489028,All-Wall vs Wall Tools,Al's Taping Tools,All-Wall,1.17,Wall Tools,1.30,0.13,11.11,0.06-0.25,10-25%,no,1.17,single_observation,TapeTech O-Ring -108 489028,489028,,,,,1.30,single_observation,TapeTech O-RING (TAPE-489028),489028
tapetech::499023,TapeTech,499023,All-Wall vs Al's Taping Tools,Wall Tools,All-Wall,0.99,Al's Taping Tools,1.10,0.11,11.11,0.06-0.25,10-25%,no,0.99,single_observation,TapeTech 4-40 x 3/16 Flat Head Screw SST 499023,499023,1.10,single_observation,"499023 - Screw, 4-40 x 3/16, Flat Head, SST",499023,,,,
tapetech::609008,TapeTech,609008,All-Wall vs Wall Tools,Al's Taping Tools,All-Wall,1.17,Wall Tools,1.30,0.13,11.11,0.06-0.25,10-25%,no,1.17,single_observation,TapeTech 4-40 X 1/2 Flat Head Slot Screw Slot 609008,609008,,,,,1.30,single_observation,TapeTech 4-40X1/2 FILLISTER HEAD MS (TAPE-609008),609008
tapetech::609012,TapeTech,609012,All-Wall vs Wall Tools,Al's Taping Tools,All-Wall,1.17,Wall Tools,1.30,0.13,11.11,0.06-0.25,10-25%,no,1.17,single_observation,TapeTech 4-40 Elastic Stopnut 609012,609012,,,,,1.30,single_observation,TapeTech 4-40 STOPNUT ELASTIC SST (TAPE-609012),609012
tapetech::609048,TapeTech,609048,All-Wall vs Wall Tools,Al's Taping Tools,All-Wall,1.17,Wall Tools,1.30,0.13,11.11,0.06-0.25,10-25%,no,1.17,single_observation,TapeTech 4-40 X 3/8 Flat Head Slot Screw 609048,609048,,,,,1.30,single_observation,TapeTech 4-40 X 3/8 FLAT HEAD SCREW SST (TAPE-609048),609048
tapetech::709034,TapeTech,709034,All-Wall vs Wall Tools,Al's Taping Tools,All-Wall,1.17,Wall Tools,1.30,0.13,11.11,0.06-0.25,10-25%,no,1.17,single_observation,TapeTech Filler O-Ring 709034,709034,,,,,1.30,single_observation,TapeTech FILLER O'RING (TAPE-709034),709034
tapetech::729063,TapeTech,729063,All-Wall vs Wall Tools,Al's Taping Tools,All-Wall,1.17,Wall Tools,1.30,0.13,11.11,0.06-0.25,10-25%,no,1.17,single_observation,TapeTech 8-32 X 3/16 Bind Head Screw 729063,729063,,,,,1.30,single_observation,TapeTech 8-32X3/16 BIND HEAD SCREW (TAPE-729063),729063
tapetech::cfh66tt,TapeTech,cfh66tt,All-Wall vs Al's Taping Tools,Wall Tools,All-Wall,621.00,Al's Taping Tools,690.00,69.00,11.11,>25.00,10-25%,no,621.00,single_observation,"TapeTech Continuous Flow 66"" Corner Finisher Handle",cfh66tt,690.00,single_observation,"TapeTech 66"" Continuous Flow Corner Finisher Handle",cfh66tt,,,,
usg-sheetrock::340014,USG Sheetrock Tools,340014,All-Wall vs Al's Taping Tools,Wall Tools,Al's Taping Tools,22.50,All-Wall,24.99,2.49,11.07,1.01-5.00,10-25%,no,24.99,single_observation,"Sheetrock 10"" Matrix Blue Steel Drywall Taping Knife",340014,22.50,single_observation,"USG Sheetrock 10"" Matrix Blue Steel Finishing Knife",340014,,,,
tapetech::880008,TapeTech,880008,All-Wall vs Al's Taping Tools,Wall Tools,Al's Taping Tools,1.38,All-Wall,1.53,0.15,10.87,0.06-0.25,10-25%,no,1.53,single_observation,TapeTech Spacer Bushing 880008,880008,1.38,single_observation,880008 - Spacer Bushing,880008,,,,
tapetech::059328,TapeTech,059328,All-Wall vs Wall Tools,Al's Taping Tools,All-Wall,6.27,Wall Tools,6.95,0.68,10.85,0.26-1.00,10-25%,no,6.27,single_observation,TapeTech O-Ring 07TT Taper Lid 059328,059328,,,,,6.95,single_observation,TapeTech O-Ring 07TT Taper Lid (TAPE-059328),059328
tapetech::cfs8060tt,TapeTech,cfs8060tt,All-Wall vs Al's Taping Tools,Wall Tools,All-Wall,722.00,Al's Taping Tools,800.00,78.00,10.80,>25.00,10-25%,no,722.00,single_observation,"TapeTech 60"" Continuous Flow Flat Box Handle CFS8060TT",cfs8060tt,800.00,single_observation,"TapeTech 60"" Continuous Flow Finishing Box Handle",cfs8060tt,,,,
usg-sheetrock::340002,USG Sheetrock Tools,340002,All-Wall vs Al's Taping Tools,Wall Tools,Al's Taping Tools,18.95,All-Wall,20.99,2.04,10.77,1.01-5.00,10-25%,no,20.99,single_observation,"USG Sheetrock 4"" Matrix Carbon Steel Putty Knife",340002,18.95,single_observation,"Sheetrock 4"" Matrix Carbon Steel Round Blade Finishing Knife",340002,,,,
tapetech::24d166,TapeTech,24d166,All-Wall vs Al's Taping Tools,Wall Tools,Al's Taping Tools,475.00,All-Wall,525.37,50.37,10.60,>25.00,10-25%,no,525.37,single_observation,TapeTech Z Swivel Attachment for CF Hose 24D166,24d166,475.00,single_observation,TapeTech Z Swivel Attachment for CF Hose 24D166,24d166,,,,
tapetech::700008,TapeTech,700008,Al's Taping Tools vs Wall Tools,All-Wall,Wall Tools,18.77,Al's Taping Tools,20.76,1.99,10.60,1.01-5.00,10-25%,no,,,,,20.76,single_observation,Large Retainer - 700008,700008,18.77,single_observation,"TapeTech RETAINER, LARGE (TAPE-700008)",700008
usg-sheetrock::340506,USG Sheetrock Tools,340506,All-Wall vs Al's Taping Tools,Wall Tools,Al's Taping Tools,23.50,All-Wall,25.99,2.49,10.60,1.01-5.00,10-25%,no,25.99,single_observation,"USG Sheetrock 6"" Matrix Stainless Steel Putty Knife",340506,23.50,single_observation,"Sheetrock 6"" Matrix Stainless Steel Finishing Knife",340506,,,,
tapetech::050233,TapeTech,050233,All-Wall vs Al's Taping Tools,Wall Tools,All-Wall,11.41,Al's Taping Tools,12.61,1.20,10.52,1.01-5.00,10-25%,no,11.41,single_observation,TapeTech Band Adapter 050233,050233,12.61,single_observation,Band Adapter - 050233,050233,,,,
tapetech::054209f,TapeTech,054209f,All-Wall vs Wall Tools,Al's Taping Tools,All-Wall,9.51,Wall Tools,10.50,0.99,10.41,0.26-1.00,10-25%,no,9.51,single_observation,TapeTech Cable 054209F,054209f,,,,,10.50,single_observation,TapeTech Plunger Cable,054209f
tapetech::250001,TapeTech,250001,All-Wall vs Wall Tools,Al's Taping Tools,All-Wall,6.18,Wall Tools,6.82,0.64,10.36,0.26-1.00,10-25%,no,6.18,single_observation,"TapeTech 10"" Flat Box Blade 250001",250001,,,,,6.82,single_observation,TapeTech 10 in. Flat Box Blade,250001
tapetech::059078,TapeTech,059078,All-Wall vs Wall Tools,Al's Taping Tools,All-Wall,3.67,Wall Tools,4.05,0.38,10.35,0.26-1.00,10-25%,no,3.67,single_observation,TapeTech Nyliner Bearing 059078,059078,,,,,4.05,single_observation,TapeTech Bearing Nyliner,059078
tapetech::051243,TapeTech,051243,All-Wall vs Al's Taping Tools,Wall Tools,Al's Taping Tools,19.40,All-Wall,21.39,1.99,10.26,1.01-5.00,10-25%,no,21.39,single_observation,TapeTech Stub Shaft 51243,051243,19.40,single_observation,Stub Shaft - 051243,051243,,,,
tapetech::484014f,TapeTech,484014f,All-Wall vs Wall Tools,Al's Taping Tools,All-Wall,14.74,Wall Tools,16.25,1.51,10.24,1.01-5.00,10-25%,no,14.74,single_observation,TapeTech Center Clip Assembly 484014F,484014f,,,,,16.25,single_observation,TapeTech Center Clip Assembly (TAPE-484014F),484014f
tapetech::154007,TapeTech,154007,All-Wall vs Wall Tools,Al's Taping Tools,Wall Tools,48.53,All-Wall,53.49,4.96,10.22,1.01-5.00,10-25%,no,53.49,single_observation,TapeTech Swivel Assembly 154007,154007,,,,,48.53,single_observation,TapeTech Swivel Assembly (TAPE-154007),154007
columbia::ffb19,Columbia Tools,ffb19,All-Wall vs Wall Tools,Al's Taping Tools,Wall Tools,10.00,All-Wall,11.01,1.01,10.10,1.01-5.00,10-25%,no,11.01,single_observation,FFB19 Columbia Flat Box Brass Adjuster Pin #6102,ffb19,,,,,10.00,single_observation,Columbia Adjuster Pin (6/32 x 1-1/2 Brass Hex Head) (COLM-FFB19),ffb19
columbia::ffh6,Columbia Tools,ffh6,All-Wall vs Wall Tools,Al's Taping Tools,Wall Tools,10.00,All-Wall,11.01,1.01,10.10,1.01-5.00,10-25%,no,11.01,single_observation,FFH6 Columbia Flat Box Handle Hinge Pin #6125,ffh6,,,,,10.00,single_observation,Columbia Hinge Pin (COLM-FFH6),ffh6
tapetech::404014f,TapeTech,404014f,All-Wall vs Wall Tools,Al's Taping Tools,All-Wall,14.74,Wall Tools,16.22,1.48,10.04,1.01-5.00,10-25%,no,14.74,single_observation,TapeTech Center Clip Assembly 404014F,404014f,,,,,16.22,single_observation,TapeTech 3 in. Angle Head Center Clip (long) (TAPE-404014),404014f
columbia::ah15,Columbia Tools,ah15,All-Wall vs Wall Tools,Al's Taping Tools,Wall Tools,25.44,All-Wall,27.94,2.50,9.83,1.01-5.00,5-10%,no,27.94,single_observation,AH15 Columbia Angle Head Handle Ball #5816,ah15,,,,,25.44,single_observation,Columbia Handle Connecting Link Ball (COLM-AH15),ah15
columbia::ffh1,Columbia Tools,ffh1,All-Wall vs Wall Tools,Al's Taping Tools,Wall Tools,58.59,All-Wall,64.34,5.75,9.81,5.01-25.00,5-10%,no,64.34,single_observation,FFH1 Columbia Flat Box Handle Mounting Base #6120,ffh1,,,,,58.59,single_observation,Columbia Handle Mounting Base (COLM-FFH1),ffh1
tapetech::480017f,TapeTech,480017f,All-Wall vs Wall Tools,Al's Taping Tools,All-Wall,8.56,Wall Tools,9.40,0.84,9.81,0.26-1.00,5-10%,no,8.56,single_observation,"TapeTech Center Clip, Short 480017F",480017f,,,,,9.40,single_observation,TapeTech Center Clip - Short (TAPE-480017F),480017f
columbia::ffb4-8,Columbia Tools,ffb4-8,All-Wall vs Wall Tools,Al's Taping Tools,Wall Tools,46.61,All-Wall,51.18,4.57,9.80,1.01-5.00,5-10%,no,51.18,single_observation,FFB4-8 Columbia Flat Box Door 8in #6069,ffb4-8,,,,,46.61,single_observation,"Columbia 8"" Flat Finisher Flat Box Door (Pre-2006 Non-Hinged) (COLM-FFB4-8)",ffb4-8
tapetech::889016,TapeTech,889016,All-Wall vs Wall Tools,Al's Taping Tools,All-Wall,2.19,Wall Tools,2.40,0.21,9.59,0.06-0.25,5-10%,no,2.19,single_observation,TapeTech Roll Pin 889016,889016,,,,,2.40,single_observation,TapeTech 1/4X1-1/4 SLOTTED SPRING PIN (TAPE-889016),889016
tapetech::059082,TapeTech,059082,All-Wall vs Wall Tools,Al's Taping Tools,All-Wall,4.04,Wall Tools,4.42,0.38,9.41,0.26-1.00,5-10%,no,4.04,single_observation,TapeTech Drum Washer 059082,059082,,,,,4.42,single_observation,TapeTech Drum Washer (TAPE-059082),059082
tapetech::202044f,TapeTech,202044f,All-Wall vs Wall Tools,Al's Taping Tools,All-Wall,9.27,Wall Tools,10.14,0.87,9.39,0.26-1.00,5-10%,no,9.27,single_observation,TapeTech Pressure Plate Spring 202044F,202044f,,,,,10.14,single_observation,TapeTech Spring,202044f
columbia::sb2-24,Columbia Tools,sb2-24,All-Wall vs Wall Tools,Al's Taping Tools,All-Wall,50.00,Wall Tools,54.64,4.64,9.28,1.01-5.00,5-10%,no,50.00,single_observation,"Columbia Replacement 24"" Blade for Tomahawk",sb2-24,,,,,54.64,single_observation,Columbia 24 in. Replacement Blade for Tomahawk Smoothing Blade,sb2-24
tapetech::209012,TapeTech,209012,All-Wall vs Wall Tools,Al's Taping Tools,All-Wall,1.19,Wall Tools,1.30,0.11,9.24,0.06-0.25,5-10%,no,1.19,single_observation,TapeTech 4-40 X 1/4 Head Screw 209012,209012,,,,,1.30,single_observation,"TapeTech Scres, 4-40 X 1/4 Filister Head SST (TAPE-209012)",209012
columbia::sb2-18,Columbia Tools,sb2-18,All-Wall vs Wall Tools,Al's Taping Tools,All-Wall,43.35,Wall Tools,47.35,4.00,9.23,1.01-5.00,5-10%,no,43.35,single_observation,"Columbia Replacement 18"" Blade for Tomahawk",sb2-18,,,,,47.35,single_observation,Columbia 18 in. Replacement Blade for Tomahawk Smoothing Blade,sb2-18
columbia::sb2-10,Columbia Tools,sb2-10,All-Wall vs Wall Tools,Al's Taping Tools,All-Wall,23.35,Wall Tools,25.49,2.14,9.16,1.01-5.00,5-10%,no,23.35,single_observation,"Columbia Replacement 10"" Blade for Tomahawk",sb2-10,,,,,25.49,single_observation,Columbia 10 in. Replacement Blade for Tomahawk Smoothing Blade,sb2-10
columbia::sb2-12,Columbia Tools,sb2-12,All-Wall vs Wall Tools,Al's Taping Tools,All-Wall,30.09,Wall Tools,32.78,2.69,8.94,1.01-5.00,5-10%,no,30.09,single_observation,"Columbia Replacement 12"" Blade for Tomahawk",sb2-12,,,,,32.78,single_observation,Columbia 12 in. Replacement Blade for Tomahawk Smoothing Blade,sb2-12
tapetech::050068,TapeTech,050068,All-Wall vs Wall Tools,Al's Taping Tools,All-Wall,4.15,Wall Tools,4.52,0.37,8.92,0.26-1.00,5-10%,no,4.15,single_observation,TapeTech Gooser & Cutter Chain Stop 050068,050068,,,,,4.52,single_observation,TapeTech Gooser & Cutter Chain Stop (TAPE-050068),050068
tapetech::209030,TapeTech,209030,All-Wall vs Wall Tools,Al's Taping Tools,All-Wall,2.13,Wall Tools,2.32,0.19,8.92,0.06-0.25,5-10%,no,2.13,single_observation,TapeTech 10-24 Wing Nut 209030,209030,,,,,2.32,single_observation,TapeTech 10-24 Wing Nut (TAPE-209030),209030
tapetech::cfs8072tt,TapeTech,cfs8072tt,All-Wall vs Al's Taping Tools,Wall Tools,All-Wall,753.00,Al's Taping Tools,820.00,67.00,8.90,>25.00,5-10%,no,753.00,single_observation,"TapeTech 72"" Continuous Flow Flat Box Handle CFS8072TT",cfs8072tt,820.00,single_observation,"TapeTech 72"" Continuous Flow Finishing Box Handle",cfs8072tt,,,,
tapetech::qb8003-5,TapeTech,qb8003-5,All-Wall vs Al's Taping Tools,Wall Tools,All-Wall,39.99,Al's Taping Tools,43.50,3.51,8.78,1.01-5.00,5-10%,no,39.99,single_observation,"TapeTech 8"" QSX Flat Finishing Blade QB8003-5",qb8003-5,43.50,single_observation,"TapeTech 8"" QuickBox™ QSX Flat Finishing Blades 5pk",qb8003-5,,,,
usg-sheetrock::340510,USG Sheetrock Tools,340510,All-Wall vs Al's Taping Tools,Wall Tools,Al's Taping Tools,28.50,All-Wall,30.99,2.49,8.74,1.01-5.00,5-10%,no,30.99,single_observation,"Sheetrock 14"" Matrix Stainless Drywall Taping Knife",340510,28.50,single_observation,"Sheetrock 14"" Matrix Stainless Drywall Taping Knife",340510,,,,
columbia::ctr-1,Columbia Tools,ctr-1,All-Wall vs Al's Taping Tools,Wall Tools,All-Wall,22.99,Al's Taping Tools,24.99,2.00,8.70,1.01-5.00,5-10%,no,22.99,single_observation,Columbia Taper Maintenance Kit,ctr-1,24.99,single_observation,Columbia Taper Maintenance Kit,ctr-1,,,,
tapetech::xhtt/nsa,TapeTech,xhtt/nsa,All-Wall vs Al's Taping Tools,Wall Tools,All-Wall,219.00,Al's Taping Tools,238.00,19.00,8.68,5.01-25.00,5-10%,no,219.00,single_observation,TapeTech Extendable Nail Spotter Handle XHTT/NSA,xhtt/nsa,238.00,single_observation,TapeTech Xtender Nail Spotter Handle Kit,xhtt/nsa,,,,
surpro::s1-a-2640,SurPro,s1-a-2640,Al's Taping Tools vs Wall Tools,All-Wall,Al's Taping Tools,305.00,Wall Tools,330.00,25.00,8.20,5.01-25.00,5-10%,no,,,,,305.00,single_observation,"Surpro 26-40"" S1 Aluminum Single Sided Drywall Stilts",s1-a-2640,330.00,single_observation,SurPro S1 Aluminum Drywall Stilts (Adjustable Height 26-40 in.),s1-a-2640
tapetech::052011,TapeTech,052011,All-Wall vs Al's Taping Tools,Wall Tools,Al's Taping Tools,8.68,All-Wall,9.39,0.71,8.18,0.26-1.00,5-10%,no,9.39,single_observation,TapeTech Drip Guard 052011,052011,8.68,single_observation,Drip Guard - 052011,052011,,,,
usg-sheetrock::340900,USG Sheetrock Tools,340900,All-Wall vs Al's Taping Tools,Wall Tools,All-Wall,59.99,Al's Taping Tools,64.89,4.90,8.17,1.01-5.00,5-10%,no,59.99,single_observation,Sheetrock No-Flip Drywall Pole Sander,340900,64.89,single_observation,Sheetrock Tools Drywall Pole Sander,340900,,,,
columbia::ct59,Columbia Tools,ct59,All-Wall vs Wall Tools,Al's Taping Tools,Wall Tools,19.41,All-Wall,20.90,1.49,7.68,1.01-5.00,5-10%,no,20.90,single_observation,CT59 Columbia Taper Magnet #5835,ct59,,,,,19.41,single_observation,Columbia Magnet (COLM-CT59),ct59
tapetech::140007,TapeTech,140007,All-Wall vs Wall Tools,Al's Taping Tools,Wall Tools,18.48,All-Wall,19.89,1.41,7.63,1.01-5.00,5-10%,no,19.89,single_observation,TapeTech MudRunner Needle Plug 140007,140007,,,,,18.48,single_observation,TapeTech NEEDLE PLUG (TAPE-140007),140007
tapetech::ctpmp,TapeTech,ctpmp,All-Wall vs Al's Taping Tools,Wall Tools,All-Wall,12450.00,Al's Taping Tools,13400.00,950.00,7.63,>25.00,5-10%,no,12450.00,single_observation,TapeTech Continuous Flow Pump CTPMP,ctpmp,13400.00,single_observation,TapeTech Continuous Flow Bazooka Pump,ctpmp,,,,
tapetech::809024,TapeTech,809024,All-Wall vs Wall Tools,Al's Taping Tools,All-Wall,3.43,Wall Tools,3.69,0.26,7.58,0.26-1.00,5-10%,no,3.43,single_observation,TapeTech Socket Cup Point Setscrew 809024,809024,,,,,3.69,single_observation,TapeTech 1/4-28X1/4 SOCKET SCREW (TAPE-809024),809024
usg-sheetrock::340115,USG Sheetrock Tools,340115,All-Wall vs Al's Taping Tools,Wall Tools,All-Wall,23.99,Al's Taping Tools,25.75,1.76,7.34,1.01-5.00,5-10%,no,23.99,single_observation,"Sheetrock 12"" Classic Blue Steel Drywall Taping Knife",340115,25.75,single_observation,"Sheetrock 12"" Classic Blue Steel Finishing Knife",340115,,,,
usg-sheetrock::340606,USG Sheetrock Tools,340606,All-Wall vs Al's Taping Tools,Wall Tools,Al's Taping Tools,27.99,All-Wall,29.99,2.00,7.15,1.01-5.00,5-10%,no,29.99,single_observation,"Sheetrock 14"" Classic Stainless Drywall Taping Knife",340606,27.99,single_observation,"Sheetrock 14"" Classic Stainless Drywall Taping Knife",340606,,,,
tapetech::caa-tt,TapeTech,caa-tt,All-Wall vs Al's Taping Tools,Wall Tools,Al's Taping Tools,42.00,All-Wall,45.00,3.00,7.14,1.01-5.00,5-10%,no,45.00,single_observation,TapeTech Angle Box Handle Adapter CAA-TT,caa-tt,42.00,single_observation,TapeTech Corner Applicator Adapter -  CAA-TT,caa-tt,,,,
tapetech::050090f,TapeTech,050090f,Al's Taping Tools vs Wall Tools,All-Wall,Wall Tools,26.70,Al's Taping Tools,28.58,1.88,7.04,1.01-5.00,5-10%,no,,,,,28.58,single_observation,Tape Guide Spacer Bar - 050090,050090f,26.70,single_observation,TapeTech Spacer Bar (TAPE-050090F),050090f
tapetech::179009,TapeTech,179009,All-Wall vs Wall Tools,Al's Taping Tools,All-Wall,2.29,Wall Tools,2.45,0.16,6.99,0.06-0.25,5-10%,no,2.29,single_observation,"TapeTech Nyliner, 5L10-FK 179009",179009,,,,,2.45,single_observation,"TapeTech Nyliner, 5L10-FK (TAPE-179009)",179009
usg-sheetrock::340311,USG Sheetrock Tools,340311,All-Wall vs Al's Taping Tools,Wall Tools,All-Wall,199.99,Al's Taping Tools,213.59,13.60,6.80,5.01-25.00,5-10%,no,199.99,single_observation,USG Sheetrock™ Paper Face Bead Hopper,340311,213.59,single_observation,Sheetrock Paper Faced Corner Bead Hopper,340311,,,,
tapetech::700049,TapeTech,700049,All-Wall vs Wall Tools,Al's Taping Tools,All-Wall,2.25,Wall Tools,2.40,0.15,6.67,0.06-0.25,5-10%,no,2.25,single_observation,TapeTech Loading Pump Gasket 700049,700049,,,,,2.40,single_observation,TapeTech Gasket (TAPE-700049),700049
usg-sheetrock::340404,USG Sheetrock Tools,340404,All-Wall vs Al's Taping Tools,Wall Tools,Al's Taping Tools,14.99,All-Wall,15.99,1.00,6.67,0.26-1.00,5-10%,no,15.99,single_observation,USG SHEETROCK™ Mud Pan Grip,340404,14.99,single_observation,Sheetrock Magnetic Mud Pan Grip,340404,,,,
tapetech::359046,TapeTech,359046,All-Wall vs Wall Tools,Al's Taping Tools,Wall Tools,1.21,All-Wall,1.29,0.08,6.61,0.06-0.25,5-10%,no,1.29,single_observation,TapeTech 10-32 Hex Nut 359046,359046,,,,,1.21,single_observation,"TapeTech NUT HEX, SST (TAPE-359046)",359046
usg-sheetrock::340015,USG Sheetrock Tools,340015,All-Wall vs Al's Taping Tools,Wall Tools,Al's Taping Tools,23.50,All-Wall,24.99,1.49,6.34,1.01-5.00,5-10%,no,24.99,single_observation,"Sheetrock 12"" Matrix Blue Steel Drywall Taping Knife",340015,23.50,single_observation,"Sheetrock 12"" Matrix Blue Steel Drywall Taping Knife",340015,,,,
tapetech::059220,TapeTech,059220,All-Wall vs Wall Tools,Al's Taping Tools,All-Wall,1.12,Wall Tools,1.19,0.07,6.25,0.06-0.25,5-10%,no,1.12,single_observation,TapeTech 8-32 X 5/16 Cup Point Screw 059220,059220,,,,,1.19,single_observation,TapeTech 8-32 X 5/16 Set Screw Cup Point SST (TAPE-059220),059220
columbia::sb2-7,Columbia Tools,sb2-7,All-Wall vs Wall Tools,Al's Taping Tools,All-Wall,17.16,Wall Tools,18.22,1.06,6.18,1.01-5.00,5-10%,no,17.16,single_observation,"Columbia Replacement 7"" Blade for Tomahawk",sb2-7,,,,,18.22,single_observation,Columbia 7 in. Replacement Blade for Tomahawk Smoothing Blade,sb2-7
tapetech::209039,TapeTech,209039,All-Wall vs Wall Tools,Al's Taping Tools,All-Wall,2.61,Wall Tools,2.77,0.16,6.13,0.06-0.25,5-10%,no,2.61,single_observation,"TapeTech Skid Cover, Left 209039",209039,,,,,2.77,single_observation,TapeTech Skid Cover - Left Side,209039
columbia::sb2-32,Columbia Tools,sb2-32,All-Wall vs Wall Tools,Al's Taping Tools,All-Wall,58.37,Wall Tools,61.92,3.55,6.08,1.01-5.00,5-10%,no,58.37,single_observation,"Columbia Replacement 32"" Blade for Tomahawk",sb2-32,,,,,61.92,single_observation,Columbia 32 in. Replacement Blade for Tomahawk Smoothing Blade,sb2-32
usg-sheetrock::340507,USG Sheetrock Tools,340507,All-Wall vs Al's Taping Tools,Wall Tools,Al's Taping Tools,24.50,All-Wall,25.99,1.49,6.08,1.01-5.00,5-10%,no,25.99,single_observation,"Sheetrock 8"" Matrix Stainless Drywall Taping Knife",340507,24.50,single_observation,"Sheetrock 8"" Matrix Stainless Drywall Taping Knife",340507,,,,
tapetech::219095,TapeTech,219095,All-Wall vs Al's Taping Tools,Wall Tools,All-Wall,0.99,Al's Taping Tools,1.05,0.06,6.06,0.06-0.25,5-10%,no,0.99,single_observation,TapeTech Power Assist Plastic Washer 219095,219095,1.05,single_observation,219095 - Plastic Washer,219095,,,,
tapetech::310071,TapeTech,310071,All-Wall vs Wall Tools,Al's Taping Tools,Wall Tools,23.95,All-Wall,25.39,1.44,6.01,1.01-5.00,5-10%,no,25.39,single_observation,"TapeTech 12"" Spacer Rod 310071",310071,,,,,23.95,single_observation,"TapeTech 12"" SPACER ROD (TAPE-310071)",310071
tapetech::210096,TapeTech,210096,All-Wall vs Wall Tools,Al's Taping Tools,Wall Tools,43.12,All-Wall,45.69,2.57,5.96,1.01-5.00,5-10%,no,45.69,single_observation,"TapeTech Seal for 7"" PowerAssist /EasyClean® Flat Boxes 210096",210096,,,,,43.12,single_observation,"TapeTech SEAL, 7"" (TAPE-210096)",210096
tapetech::210097,TapeTech,210097,All-Wall vs Wall Tools,Al's Taping Tools,Wall Tools,14.54,All-Wall,15.39,0.85,5.85,0.26-1.00,5-10%,no,15.39,single_observation,"TapeTech 7"" Power Assist /EasyClean® Flat Box Seal Plate 210097",210097,,,,,14.54,single_observation,"TapeTech SEAL PLATE 7"" (TAPE-210097)",210097
usg-sheetrock::340508,USG Sheetrock Tools,340508,All-Wall vs Al's Taping Tools,Wall Tools,Al's Taping Tools,25.50,All-Wall,26.99,1.49,5.84,1.01-5.00,5-10%,no,26.99,single_observation,"Sheetrock 10"" Matrix Stainless Drywall Taping Knife",340508,25.50,single_observation,"Sheetrock 10"" Matrix Stainless Drywall Taping Knife",340508,,,,
tapetech::602035,TapeTech,602035,All-Wall vs Wall Tools,Al's Taping Tools,Wall Tools,9.07,All-Wall,9.59,0.52,5.73,0.26-1.00,5-10%,no,9.59,single_observation,TapeTech Adjustable Stop 602035,602035,,,,,9.07,single_observation,TapeTech ADJUSTABLE STOP (TAPE-602035),602035
usg-sheetrock::340016,USG Sheetrock Tools,340016,All-Wall vs Al's Taping Tools,Wall Tools,Al's Taping Tools,26.50,All-Wall,27.99,1.49,5.62,1.01-5.00,5-10%,no,27.99,single_observation,"Sheetrock 14"" Matrix Blue Steel Drywall Taping Knife",340016,26.50,single_observation,"Sheetrock 14"" MATRIX Blue Steel Finishing Knife",340016,,,,
usg-sheetrock::340509,USG Sheetrock Tools,340509,All-Wall vs Al's Taping Tools,Wall Tools,Al's Taping Tools,26.50,All-Wall,27.99,1.49,5.62,1.01-5.00,5-10%,no,27.99,single_observation,"Sheetrock 12"" Matrix Stainless Drywall Taping Knife",340509,26.50,single_observation,"Sheetrock 12"" Matrix Stainless Drywall Taping Knife",340509,,,,
tapetech::219092,TapeTech,219092,All-Wall vs Wall Tools,Al's Taping Tools,All-Wall,1.09,Wall Tools,1.15,0.06,5.50,0.06-0.25,5-10%,no,1.09,single_observation,TapeTech 4-40 X 1 Binder Head Screw 219092,219092,,,,,1.15,single_observation,"TapeTech 4-40 X 1"" BIND HEAD SCREW SST (TAPE-219092)",219092
tapetech::709052,TapeTech,709052,All-Wall vs Wall Tools,Al's Taping Tools,All-Wall,1.09,Wall Tools,1.15,0.06,5.50,0.06-0.25,5-10%,no,1.09,single_observation,TapeTech 1/4-20 Elastic Thin Stop Nut 709052,709052,,,,,1.15,single_observation,TapeTech 1/4-20 ELASTIC THIN (TAPE-709052),709052
tapetech::ttjumbo10/12,TapeTech,ttjumbo10/12,All-Wall vs Al's Taping Tools,Wall Tools,Al's Taping Tools,5781.00,All-Wall,6085.00,304.00,5.26,>25.00,5-10%,no,6085.00,single_observation,TapeTech Basic Jumbo Set with 10in and 12in Boxes,ttjumbo10/12,5781.00,single_observation,"TapeTech Jumbo Drywall Taping Tool Set - 10/12 Boxes, Taper, Spotter, Angle Tools",ttjumbo10/12,,,,
usg-sheetrock::340047,USG Sheetrock Tools,340047,All-Wall vs Al's Taping Tools,Wall Tools,Al's Taping Tools,28.50,All-Wall,29.99,1.49,5.23,1.01-5.00,5-10%,no,29.99,single_observation,"USG Sheetrock 8"" Matrix Carbon Steel Putty Knife",340047,28.50,single_observation,"Sheetrock 8"" MATRIX Carbon Steel Round Blade Finishing Knife",340047,,,,
usg-sheetrock::340050,USG Sheetrock Tools,340050,All-Wall vs Al's Taping Tools,Wall Tools,Al's Taping Tools,28.50,All-Wall,29.99,1.49,5.23,1.01-5.00,5-10%,no,29.99,single_observation,"USG Sheetrock 10"" Classic Carbon Steel Putty Knife",340050,28.50,single_observation,"Sheetrock 10"" Classic Polished Carbon Steel Joint Knife",340050,,,,
columbia::bh07,Columbia Tools,bh07,All-Wall vs Al's Taping Tools,Wall Tools,Al's Taping Tools,15.32,All-Wall,16.12,0.80,5.22,0.26-1.00,5-10%,no,16.12,single_observation,BH07 Columbia Box Handle Cam Follower #11374,bh07,15.32,single_observation,Columbia Box Handle Cam Follower - BH7,bh07,,,,
usg-sheetrock::340113,USG Sheetrock Tools,340113,All-Wall vs Al's Taping Tools,Wall Tools,Al's Taping Tools,19.99,All-Wall,20.99,1.00,5.00,0.26-1.00,5-10%,no,20.99,single_observation,"Sheetrock 8"" Classic Blue Steel Drywall Taping Knife",340113,19.99,single_observation,"Sheetrock 8"" Classic Blue Steel Drywall Taping Knife",340113,,,,
tapetech::144001,TapeTech,144001,All-Wall vs Al's Taping Tools,Wall Tools,All-Wall,569.99,Al's Taping Tools,597.40,27.41,4.81,>25.00,1-5%,no,569.99,single_observation,TapeTech MudRunner Plastic Tube with Clamps 144001,144001,597.40,single_observation,144001 - Mudrunner Plastic Tube Complete,144001,,,,
columbia::sb2-48,Columbia Tools,sb2-48,All-Wall vs Al's Taping Tools,Wall Tools,Al's Taping Tools,70.00,All-Wall,73.35,3.35,4.79,1.01-5.00,1-5%,no,73.35,single_observation,"Columbia Replacement 48"" Blade for Tomahawk",sb2-48,70.00,single_observation,"Columbia Replacement 48"" Blade for Tomahawk",sb2-48,,,,
usg-sheetrock::340110,USG Sheetrock Tools,340110,All-Wall vs Al's Taping Tools,Wall Tools,Al's Taping Tools,20.99,All-Wall,21.99,1.00,4.76,0.26-1.00,1-5%,no,21.99,single_observation,"USG Sheetrock 6"" Classic Carbon Steel Putty Knife",340110,20.99,single_observation,"USG 6"" CLASSIC Carbon Steel Round Blade Finishing Knife",340110,,,,
usg-sheetrock::340401,USG Sheetrock Tools,340401,All-Wall vs Al's Taping Tools,Wall Tools,Al's Taping Tools,31.50,All-Wall,32.99,1.49,4.73,1.01-5.00,1-5%,no,32.99,single_observation,"Sheetrock 10"" Matrix Mud Pan with Reinforced Band",340401,31.50,single_observation,"Sheetrock 10"" Matrix Stainless Steel Mud Pan w/ Reinforced Band",340401,,,,
tapetech::220002,TapeTech,220002,All-Wall vs Wall Tools,Al's Taping Tools,All-Wall,101.07,Wall Tools,105.84,4.77,4.72,1.01-5.00,1-5%,no,101.07,single_observation,"TapeTech 7"" Power Assist /EasyClean® Box Blade Holder 220002",220002,,,,,105.84,single_observation,"TapeTech 7"" BLADE HOLDER, EASYCLEAN (TAPE-220002)",220002
tapetech::xhtt/cfa,TapeTech,xhtt/cfa,All-Wall vs Al's Taping Tools,Wall Tools,Al's Taping Tools,218.00,All-Wall,228.00,10.00,4.59,5.01-25.00,1-5%,no,228.00,single_observation,TapeTech Extendable Angle Head Handle XHTT/CFA,xhtt/cfa,218.00,single_observation,TapeTech XHTT/CFA Extender Angle Head Handle Kit,xhtt/cfa,,,,
usg-sheetrock::340602,USG Sheetrock Tools,340602,All-Wall vs Al's Taping Tools,Wall Tools,Al's Taping Tools,22.95,All-Wall,23.99,1.04,4.53,1.01-5.00,1-5%,no,23.99,single_observation,"USG Sheetrock 6"" Classic Stainless Steel Putty Knife",340602,22.95,single_observation,"Sheetrock 6"" Stainless Steel Classic Knife",340602,,,,
usg-sheetrock::340601,USG Sheetrock Tools,340601,All-Wall vs Al's Taping Tools,Wall Tools,Al's Taping Tools,22.99,All-Wall,23.99,1.00,4.35,0.26-1.00,1-5%,no,23.99,single_observation,"USG Sheetrock 5"" Classic Stainless Steel Putty Knife",340601,22.99,single_observation,"Sheetrock 5"" Stainless Steel Classic Knife",340601,,,,
usg-sheetrock::340116,USG Sheetrock Tools,340116,All-Wall vs Al's Taping Tools,Wall Tools,Al's Taping Tools,24.95,All-Wall,25.99,1.04,4.17,1.01-5.00,1-5%,no,25.99,single_observation,"Sheetrock 14"" Classic Blue Steel Drywall Taping Knife",340116,24.95,single_observation,"Sheetrock 14"" Classic Blue Steel Drywall Taping Knife",340116,,,,
tapetech::fhtt/caa-tt,TapeTech,fhtt/caa-tt,All-Wall vs Al's Taping Tools,Wall Tools,Al's Taping Tools,100.00,All-Wall,104.00,4.00,4.00,1.01-5.00,1-5%,no,104.00,single_observation,TapeTech Fiberglass Angle Box Handle FHTT/CAA,fhtt/caa-tt,100.00,single_observation,TapeTech Fiberglass Corner Box Handle Kit,fhtt/caa-tt,,,,
tapetech::ctbxc,TapeTech,ctbxc,All-Wall vs Al's Taping Tools,Wall Tools,Al's Taping Tools,525.00,All-Wall,545.00,20.00,3.81,5.01-25.00,1-5%,no,545.00,single_observation,TapeTech Continuous Flow Flat Box Controller CTBXC,ctbxc,525.00,single_observation,TapeTech Continuous Flow Finishing Box Controller,ctbxc,,,,
tapetech::159014,TapeTech,159014,All-Wall vs Al's Taping Tools,Wall Tools,Al's Taping Tools,1.08,All-Wall,1.12,0.04,3.70,<=0.05,1-5%,no,1.12,single_observation,TapeTech Repair Washer 159014,159014,1.08,single_observation,TapeTech Repair Washer - 159014,159014,,,,
columbia::3csf,Columbia Tools,3csf,All-Wall vs Al's Taping Tools,Wall Tools,Al's Taping Tools,163.31,All-Wall,168.99,5.68,3.48,5.01-25.00,1-5%,no,168.99,single_observation,"Columbia 3"" Combo Flusher",3csf,163.31,single_observation,Columbia Combo Flusher,3csf,,,,
columbia::fsb24,Columbia Tools,fsb24,All-Wall vs Al's Taping Tools,Wall Tools,Al's Taping Tools,68.50,All-Wall,70.82,2.32,3.39,1.01-5.00,1-5%,no,70.82,single_observation,"Columbia 24"" Fat Boy Smoothing Blade",fsb24,68.50,single_observation,"Columbia 24"" Fat Boy Smoothing Blade",fsb24,,,,
surpro::ss1009,SurPro,ss1009,Al's Taping Tools vs Wall Tools,All-Wall,Wall Tools,15.00,Al's Taping Tools,15.50,0.50,3.33,0.26-1.00,1-5%,no,,,,,15.50,single_observation,Sur-Stilt Heel Bracket Kit,ss1009,15.00,single_observation,SurPro Stilt Heel Bracket Kit,ss1009
tapetech::729060,TapeTech,729060,All-Wall vs Wall Tools,Al's Taping Tools,Wall Tools,2.40,All-Wall,2.48,0.08,3.33,0.06-0.25,1-5%,no,2.48,single_observation,"TapeTech O-Ring, Large Gasket 729060",729060,,,,,2.40,single_observation,"TapeTech GASKET, LATHE CUT BUNA N70 (TAPE-729060)",729060
columbia::cr,Columbia Tools,cr,All-Wall vs Al's Taping Tools,Wall Tools,All-Wall,162.75,Al's Taping Tools,167.63,4.88,3.00,1.01-5.00,1-5%,no,162.75,single_observation,Columbia Corner Roller Head Only,cr,167.63,single_observation,Columbia Corner Roller,cr,,,,
tapetech::609050,TapeTech,609050,All-Wall vs Al's Taping Tools,Wall Tools,All-Wall,5.49,Al's Taping Tools,5.65,0.16,2.91,0.06-0.25,1-5%,no,5.49,single_observation,TapeTech 6-32 X 3/32 Screw Slot Round 609050,609050,5.65,single_observation,6-32 X 3/32 Screw Slotted Rd - 609050,609050,,,,
columbia::ah4,Columbia Tools,ah4,Al's Taping Tools vs Wall Tools,All-Wall,Al's Taping Tools,3.46,Wall Tools,3.56,0.10,2.89,0.06-0.25,1-5%,no,,,,,3.46,single_observation,AH4 - Angle Head Side Blade,ah4,3.56,single_observation,"Columbia Side Blade Skid, Stainless Steel (COLM-AH4)",ah4
usg-sheetrock::340800,USG Sheetrock Tools,340800,All-Wall vs Al's Taping Tools,Wall Tools,All-Wall,16.99,Al's Taping Tools,17.48,0.49,2.88,0.26-1.00,1-5%,no,16.99,single_observation,Sheetrock Dimpler Drywall Screw Setting Tool,340800,17.48,single_observation,Sheetrock Dimpler Drywall Screw Setting Tool,340800,,,,
columbia::ct119,Columbia Tools,ct119,Al's Taping Tools vs Wall Tools,All-Wall,Al's Taping Tools,5.66,Wall Tools,5.82,0.16,2.83,0.06-0.25,1-5%,no,,,,,5.66,single_observation,Spool Retaining Spring - CT119,ct-119,5.82,single_observation,Columbia Tape Spool Retaining Spring (COLM-CT119),ct119
usg-sheetrock::340926,USG Sheetrock Tools,340926,All-Wall vs Al's Taping Tools,Wall Tools,All-Wall,369.00,Al's Taping Tools,379.00,10.00,2.71,5.01-25.00,1-5%,no,369.00,single_observation,"Sheetrock Tools Drywall Stilts 24"" - 40""",340926,379.00,single_observation,"Sheetrock Tools Drywall Stilts 24""- 40""",340926,,,,
tapetech::052576,TapeTech,052576,All-Wall vs Wall Tools,Al's Taping Tools,Wall Tools,18.49,All-Wall,18.99,0.50,2.70,0.26-1.00,1-5%,no,18.99,single_observation,TapeTech Brake Spring Mount 052576,052576,,,,,18.49,single_observation,TapeTech Brake Spring Mount (TAPE-052576),052576
tapetech::052408,TapeTech,052408,All-Wall vs Al's Taping Tools,Wall Tools,All-Wall,63.39,Al's Taping Tools,65.00,1.61,2.54,1.01-5.00,1-5%,no,63.39,single_observation,TapeTech Spool Post 052408,052408,65.00,single_observation,Spool Post for 07TT - 052408,052408,,,,
tapetech::202028,TapeTech,202028,All-Wall vs Wall Tools,Al's Taping Tools,All-Wall,6.29,Wall Tools,6.45,0.16,2.54,0.06-0.25,1-5%,no,6.29,single_observation,TapeTech Threaded Washer 202028,202028,,,,,6.45,single_observation,TapeTech Threaded Washer (TAPE-202028),202028
tapetech::212089,TapeTech,212089,All-Wall vs Wall Tools,Al's Taping Tools,All-Wall,6.29,Wall Tools,6.45,0.16,2.54,0.06-0.25,1-5%,no,6.29,single_observation,TapeTech Flat Box Spacer 212089,212089,,,,,6.45,single_observation,TapeTech SPACER (TAPE-212089),212089
tapetech::050715,TapeTech,050715,All-Wall vs Al's Taping Tools,Wall Tools,All-Wall,24.59,Al's Taping Tools,25.19,0.60,2.44,0.26-1.00,1-5%,no,24.59,single_observation,TapeTech Link Bushing 050715,050715,25.19,single_observation,Link Bushing - 050715,050715,,,,
tapetech::052400b,TapeTech,052400b,All-Wall vs Al's Taping Tools,Wall Tools,All-Wall,45.49,Al's Taping Tools,46.60,1.11,2.44,1.01-5.00,1-5%,no,45.49,single_observation,"TapeTech Spool Mount, Black 052400B",052400b,46.60,single_observation,Taper Spool Mount - 052400B,052400b,,,,
tapetech::190006,TapeTech,190006,All-Wall vs Wall Tools,Al's Taping Tools,Wall Tools,25.32,All-Wall,25.93,0.61,2.41,0.26-1.00,1-5%,no,25.93,single_observation,TapeTech Xtender Pin 190006,190006,,,,,25.32,single_observation,TapeTech PIN (TAPE-190006),190006
tapetech::qb6004,TapeTech,qb6004,All-Wall vs Al's Taping Tools,Wall Tools,All-Wall,14.29,Al's Taping Tools,14.63,0.34,2.38,0.26-1.00,1-5%,no,14.29,single_observation,TapeTech Blade Holder QB6004,qb6004,14.63,single_observation,Blade Holder - QB6004,qb6004,,,,
tapetech::130006,TapeTech,130006,All-Wall vs Al's Taping Tools,Wall Tools,All-Wall,33.39,Al's Taping Tools,34.18,0.79,2.37,0.26-1.00,1-5%,no,33.39,single_observation,TapeTech Ball 130006,130006,34.18,single_observation,130006 - Ball Mud Tube,130006,,,,
columbia::8ffba,Columbia Tools,8ffba,All-Wall vs Wall Tools,Al's Taping Tools,All-Wall,421.99,Wall Tools,431.93,9.94,2.36,5.01-25.00,1-5%,no,421.99,single_observation,"Columbia 8"" Automatic Assist Drywall Flat Box",8ffba,,,,,431.93,single_observation,Columbia 8 in. Automatic Assist Flat Box,8ffba
columbia::tsb-40,Columbia Tools,tsb-40,All-Wall vs Al's Taping Tools,Wall Tools,Al's Taping Tools,151.41,All-Wall,154.99,3.58,2.36,1.01-5.00,1-5%,no,154.99,single_observation,"Columbia 40"" Tomahawk Smoothing Blade",tsb-40,151.41,single_observation,"Columbia 40"" Tomahawk Smoothing Blade",tsb-40,,,,
tapetech::050713,TapeTech,050713,All-Wall vs Al's Taping Tools,Wall Tools,All-Wall,68.79,Al's Taping Tools,70.40,1.61,2.34,1.01-5.00,1-5%,no,68.79,single_observation,TapeTech Inner Mud Tube 50713,050713,70.40,single_observation,Inner Mud Tube - 050713,050713,,,,
tapetech::251025g,TapeTech,251025g,All-Wall vs Al's Taping Tools,Wall Tools,All-Wall,90.19,Al's Taping Tools,92.28,2.09,2.32,1.01-5.00,1-5%,no,90.19,single_observation,TapeTech Right Side Plate 251025G,251025g,92.28,single_observation,251025G - Right Side Plate,251025g,,,,
tapetech::140005,TapeTech,140005,All-Wall vs Al's Taping Tools,Wall Tools,All-Wall,118.99,Al's Taping Tools,121.74,2.75,2.31,1.01-5.00,1-5%,no,118.99,single_observation,TapeTech End Cap 140005,140005,121.74,single_observation,140005 - End Cap,140005,,,,
tapetech::qb6001,TapeTech,qb6001,All-Wall vs Al's Taping Tools,Wall Tools,All-Wall,107.59,Al's Taping Tools,110.07,2.48,2.31,1.01-5.00,1-5%,no,107.59,single_observation,TapeTech Shell QB6001,qb6001,110.07,single_observation,Shell - QB6001,qb6001,,,,
tapetech::130036,TapeTech,130036,All-Wall vs Al's Taping Tools,Wall Tools,All-Wall,148.79,Al's Taping Tools,152.21,3.42,2.30,1.01-5.00,1-5%,no,148.79,single_observation,"TapeTech 36"" Main Tube 130036",130036,152.21,single_observation,"130036 - Main Tube, 36"" Mud Tube",130036,,,,
tapetech::213083,TapeTech,213083,All-Wall vs Al's Taping Tools,Wall Tools,All-Wall,32.99,Al's Taping Tools,33.75,0.76,2.30,0.26-1.00,1-5%,no,32.99,single_observation,TapeTech Power Assist Cog 213083,213083,33.75,single_observation,Cog (Power Assist) - 213083,213083,,,,
tapetech::406001,TapeTech,406001,All-Wall vs Al's Taping Tools,Wall Tools,All-Wall,282.79,Al's Taping Tools,289.26,6.47,2.29,5.01-25.00,1-5%,no,282.79,single_observation,"TapeTech 2"" Head Casting 406001",406001,289.26,single_observation,"406001 - 2"" Head Casting",406001,,,,
tapetech::882002,TapeTech,882002,All-Wall vs Al's Taping Tools,Wall Tools,All-Wall,172.09,Al's Taping Tools,176.03,3.94,2.29,1.01-5.00,1-5%,no,172.09,single_observation,TapeTech Profile Extrusion Assembly 882002,882002,176.03,single_observation,Profile Extrusion - 882002,882002,,,,
tapetech::426001,TapeTech,426001,All-Wall vs Al's Taping Tools,Wall Tools,All-Wall,109.99,Al's Taping Tools,112.50,2.51,2.28,1.01-5.00,1-5%,no,109.99,single_observation,"TapeTech 2.5"" Head, Universal 426001",426001,112.50,single_observation,426001 - 2.5in Head Casting,426001,,,,
tapetech::804855,TapeTech,804855,All-Wall vs Al's Taping Tools,Wall Tools,All-Wall,463.09,Al's Taping Tools,473.64,10.55,2.28,5.01-25.00,1-5%,no,463.09,single_observation,TapeTech Ext Corner Handle with Welded Flange 804855,804855,473.64,single_observation,804855 - Ext Corner Handle with Welded Flange,804855,,,,
tapetech::310024f,TapeTech,310024f,All-Wall vs Al's Taping Tools,Wall Tools,All-Wall,60.69,Al's Taping Tools,62.07,1.38,2.27,1.01-5.00,1-5%,no,60.69,single_observation,"TapeTech 12"" Power Assist /EasyClean®Flat Box Wiper 310024F",310024f,62.07,single_observation,"310024 - 12"" Wiper For Power Assist TTEC/ECH Boxes",310024f,,,,
tapetech::420016,TapeTech,420016,All-Wall vs Al's Taping Tools,Wall Tools,All-Wall,203.19,Al's Taping Tools,207.80,4.61,2.27,1.01-5.00,1-5%,no,203.19,single_observation,"TapeTech 2.5"" Frame, Right 420016",420016,207.80,single_observation,420016 - 2.5in Frame (Right),420016,,,,
tapetech::480016f,TapeTech,480016f,All-Wall vs Al's Taping Tools,Wall Tools,All-Wall,302.59,Al's Taping Tools,309.45,6.86,2.27,5.01-25.00,1-5%,no,302.59,single_observation,"TapeTech Stainless Steel Frame, Right 480016F",480016f,309.45,single_observation,Stainless Steel Frame (Right) - 480016F,480016f,,,,
tapetech::486201,TapeTech,486201,All-Wall vs Al's Taping Tools,Wall Tools,All-Wall,253.69,Al's Taping Tools,259.42,5.73,2.26,5.01-25.00,1-5%,no,253.69,single_observation,"TapeTech 3.5"" EasyRoll Head Casting 486201",486201,259.42,single_observation,"486201 - 3.5"" EasyRoll Head Casting",486201,,,,
tapetech::050702,TapeTech,050702,All-Wall vs Al's Taping Tools,Wall Tools,All-Wall,99.69,Al's Taping Tools,101.92,2.23,2.24,1.01-5.00,1-5%,no,99.69,single_observation,TapeTech Right Side Plate 50702,050702,101.92,single_observation,Right Side Plate - 050702,050702,,,,
tapetech::814254,TapeTech,814254,All-Wall vs Al's Taping Tools,Wall Tools,All-Wall,76.29,Al's Taping Tools,78.00,1.71,2.24,1.01-5.00,1-5%,no,76.29,single_observation,"TapeTech 54"" Connector Assy 814254",814254,78.00,single_observation,"814254 - 54"" Connector Assy",814254,,,,
tapetech::050712,TapeTech,050712,All-Wall vs Al's Taping Tools,Wall Tools,All-Wall,43.49,Al's Taping Tools,44.46,0.97,2.23,0.26-1.00,1-5%,no,43.49,single_observation,TapeTech Main Tube End Plug 50712,050712,44.46,single_observation,Main Tube End Plug - 050712,050712,,,,
tapetech::052401b,TapeTech,052401b,All-Wall vs Wall Tools,Al's Taping Tools,All-Wall,14.79,Wall Tools,15.12,0.33,2.23,0.26-1.00,1-5%,no,14.79,single_observation,"TapeTech Plunger Stop, Small 052401B",052401b,,,,,15.12,single_observation,Plunger Stop Small (TAPE-052401B),052401b
tapetech::152006,TapeTech,152006,All-Wall vs Al's Taping Tools,Wall Tools,All-Wall,30.09,Al's Taping Tools,30.76,0.67,2.23,0.26-1.00,1-5%,no,30.09,single_observation,Tapetech Stud For Corner Roller 152006,152006,30.76,single_observation,Stud For Corner Roller - 152006,152006,,,,
tapetech::202036,TapeTech,202036,All-Wall vs Wall Tools,Al's Taping Tools,All-Wall,7.19,Wall Tools,7.35,0.16,2.23,0.06-0.25,1-5%,no,7.19,single_observation,TapeTech Shoulder Screw 202036,202036,,,,,7.35,single_observation,TapeTech SHOULDER SCREW,202036
tapetech::480027,TapeTech,480027,All-Wall vs Wall Tools,Al's Taping Tools,All-Wall,7.19,Wall Tools,7.35,0.16,2.23,0.06-0.25,1-5%,no,7.19,single_observation,TapeTech Wheel Bushing 480027,480027,,,,,7.35,single_observation,TapeTech Wheel Bushing (TAPE-480027),480027
tapetech::630030,TapeTech,630030,All-Wall vs Wall Tools,Al's Taping Tools,All-Wall,11.19,Wall Tools,11.44,0.25,2.23,0.06-0.25,1-5%,no,11.19,single_observation,"TapeTech 2"" Nail Spotter Insert 630030",630030,,,,,11.44,single_observation,"TapeTech 2"" INSERT (TAPE-630030)",630030
tapetech::052055,TapeTech,052055,All-Wall vs Al's Taping Tools,Wall Tools,All-Wall,86.09,Al's Taping Tools,88.00,1.91,2.22,1.01-5.00,1-5%,no,86.09,single_observation,TapeTech Taper Head Enclosure 052055,052055,88.00,single_observation,Taper Head Enclosure for 07TT - 052055,052055,,,,
columbia::ns4-2,Columbia Tools,ns4-2,All-Wall vs Al's Taping Tools,Wall Tools,Al's Taping Tools,36.52,All-Wall,37.32,0.80,2.19,0.26-1.00,1-5%,no,37.32,single_observation,NS4-2 Columbia Nail Spotter Door Gasket 2in #5885,ns4-2,36.52,single_observation,Nail Spotter Door Gasket 2in - NS4-2,ns4-2,,,,
tapetech::050402b,TapeTech,050402b,All-Wall vs Al's Taping Tools,Wall Tools,All-Wall,21.49,Al's Taping Tools,21.96,0.47,2.19,0.26-1.00,1-5%,no,21.49,single_observation,"TapeTech Band Clamp, Black 050402B",050402b,21.96,single_observation,Band Clamp - 050402B,050402b,,,,
tapetech::502cn,TapeTech,502cn,All-Wall vs Wall Tools,Al's Taping Tools,All-Wall,38.99,Wall Tools,39.84,0.85,2.18,0.26-1.00,1-5%,no,38.99,single_observation,TapeTech Box Wheel Repair Kit 502CN,502cn,,,,,39.84,single_observation,TapeTech Flat Box Wheel Repair Kit (TAPE-502CN),502cn
tapetech::050031,TapeTech,050031,All-Wall vs Wall Tools,Al's Taping Tools,All-Wall,8.29,Wall Tools,8.47,0.18,2.17,0.06-0.25,1-5%,no,8.29,single_observation,TapeTech Gooser Bushing 050031,050031,,,,,8.47,single_observation,TapeTech GOOSER BUSHING - REPAIR ONLY (TAPE-050031),050031
tapetech::130005,TapeTech,130005,All-Wall vs Al's Taping Tools,Wall Tools,All-Wall,22.59,Al's Taping Tools,23.08,0.49,2.17,0.26-1.00,1-5%,no,22.59,single_observation,TapeTech Guide 130005,130005,23.08,single_observation,130005 - Guide Mud Tube,130005,,,,
tapetech::402012,TapeTech,402012,All-Wall vs Al's Taping Tools,Wall Tools,All-Wall,25.39,Al's Taping Tools,25.94,0.55,2.17,0.26-1.00,1-5%,no,25.39,single_observation,"TapeTech 3"" CF Ball Retainer 402012",402012,25.94,single_observation,402012 - Ball Retainer,402012,,,,
tapetech::880028,TapeTech,880028,All-Wall vs Wall Tools,Al's Taping Tools,All-Wall,4.69,Wall Tools,4.79,0.10,2.13,0.06-0.25,1-5%,no,4.69,single_observation,TapeTech Compression Spring 880028,880028,,,,,4.79,single_observation,TapeTech COMPRESSION SPRING (TAPE-880028),880028
tapetech::402033,TapeTech,402033,All-Wall vs Al's Taping Tools,Wall Tools,All-Wall,22.19,Al's Taping Tools,22.66,0.47,2.12,0.26-1.00,1-5%,no,22.19,single_observation,TapeTech Threaded Angle Head Ball Coupling 402033,402033,22.66,single_observation,Ball Coupling - Threaded Angle Head Ball - 402033,402033,,,,
tapetech::050154,TapeTech,050154,All-Wall vs Wall Tools,Al's Taping Tools,All-Wall,3.79,Wall Tools,3.87,0.08,2.11,0.06-0.25,1-5%,no,3.79,single_observation,TapeTech Bearing Bracket 050154,050154,,,,,3.87,single_observation,TapeTech BEARING BRACKET (TAPE-050154),050154
tapetech::502007,TapeTech,502007,All-Wall vs Wall Tools,Al's Taping Tools,All-Wall,3.79,Wall Tools,3.87,0.08,2.11,0.06-0.25,1-5%,no,3.79,single_observation,TapeTech 5L7D-Type 4 Nyliner Bearing 502007,502007,,,,,3.87,single_observation,TapeTech BEARING (TAPE-502007),502007
tapetech::qb6011,TapeTech,qb6011,All-Wall vs Al's Taping Tools,Wall Tools,All-Wall,23.59,Al's Taping Tools,24.08,0.49,2.08,0.26-1.00,1-5%,no,23.59,single_observation,TapeTech Seal QB6011,qb6011,24.08,single_observation,Seal - QB6011,qb6011,,,,
tapetech::310097,TapeTech,310097,All-Wall vs Al's Taping Tools,Wall Tools,All-Wall,13.79,Al's Taping Tools,14.07,0.28,2.03,0.26-1.00,1-5%,no,13.79,single_observation,"TapeTech 12"" Seal Plate for PowerAssist /EasyClean® Boxes 310097",310097,14.07,single_observation,"12"" Seal Plate - 310097",310097,,,,
tapetech::720066f,TapeTech,720066f,All-Wall vs Wall Tools,Al's Taping Tools,Wall Tools,56.60,All-Wall,57.74,1.14,2.01,1.01-5.00,1-5%,no,57.74,single_observation,TapeTech O-Ring Enclosure 720066F,720066f,,,,,56.60,single_observation,TapeTech O-RING ENCLOSURE (TAPE-720066F),720066f
tapetech::700033f,TapeTech,700033f,All-Wall vs Wall Tools,Al's Taping Tools,All-Wall,6.49,Wall Tools,6.62,0.13,2.00,0.06-0.25,1-5%,no,6.49,single_observation,TapeTech Coarse Mesh Screen 700033F,700033f,,,,,6.62,single_observation,TapeTech  Coarse Mesh Pump Screen,700033f
tapetech::050004,TapeTech,050004,All-Wall vs Wall Tools,Al's Taping Tools,All-Wall,14.09,Wall Tools,14.37,0.28,1.99,0.26-1.00,1-5%,no,14.09,single_observation,TapeTech Wiper Retainer 050004,050004,,,,,14.37,single_observation,TapeTech WIPER RETAINER (TAPE-050004),050004
tapetech::729009,TapeTech,729009,All-Wall vs Wall Tools,Al's Taping Tools,All-Wall,15.19,Wall Tools,15.49,0.30,1.97,0.26-1.00,1-5%,no,15.19,single_observation,TapeTech U-Cup Wiper 729009,729009,,,,,15.49,single_observation,TapeTech Mud Pump Piston U-Cup (TAPE-729009),729009
tapetech::880038,TapeTech,880038,All-Wall vs Wall Tools,Al's Taping Tools,All-Wall,36.19,Wall Tools,36.90,0.71,1.96,0.26-1.00,1-5%,no,36.19,single_observation,TapeTech Connecting Rod 880038,880038,,,,,36.90,single_observation,TapeTech CONNECTION ROD (TAPE-880038),880038
tapetech::050019,TapeTech,050019,All-Wall vs Wall Tools,Al's Taping Tools,All-Wall,23.69,Wall Tools,24.15,0.46,1.94,0.26-1.00,1-5%,no,23.69,single_observation,TapeTech Disengaging Cam 050019,050019,,,,,24.15,single_observation,TapeTech DISENGAGING CAM (TAPE-050019),050019
tapetech::304005,TapeTech,304005,All-Wall vs Wall Tools,Al's Taping Tools,All-Wall,39.09,Wall Tools,39.84,0.75,1.92,0.26-1.00,1-5%,no,39.09,single_observation,"TapeTech 12"" Flat Box Blade Holder Clamp 304005",304005,,,,,39.84,single_observation,TapeTech CLAMP ASSY (TAPE-304005),304005
tapetech::260024f,TapeTech,260024f,All-Wall vs Wall Tools,Al's Taping Tools,All-Wall,55.39,Wall Tools,56.45,1.06,1.91,1.01-5.00,1-5%,no,55.39,single_observation,"TapeTech 10"" Power Assist /EasyClean® Flat Box Wiper 260024F",260024f,,,,,56.45,single_observation,"TapeTech 10"" COMBO WIPER (TAPE-260024F)",260024f
tapetech::310096,TapeTech,310096,All-Wall vs Wall Tools,Al's Taping Tools,All-Wall,41.79,Wall Tools,42.59,0.80,1.91,0.26-1.00,1-5%,no,41.79,single_observation,"TapeTech Seal for 12"" PowerAssist /EasyClean®Flat Boxes 310096",310096,,,,,42.59,single_observation,"TapeTech 12"" SEAL (TAPE-310096)",310096
tapetech::050043f,TapeTech,050043f,All-Wall vs Wall Tools,Al's Taping Tools,All-Wall,21.69,Wall Tools,22.10,0.41,1.89,0.26-1.00,1-5%,no,21.69,single_observation,TapeTech Anvil 050043F,050043f,,,,,22.10,single_observation,TapeTech ANVIL (TAPE-050043F),050043f
tapetech::050163,TapeTech,050163,All-Wall vs Wall Tools,Al's Taping Tools,All-Wall,13.39,Wall Tools,13.64,0.25,1.87,0.06-0.25,1-5%,no,13.39,single_observation,TapeTech Main Chain Guard 050163,050163,,,,,13.64,single_observation,TapeTech MAIN CHAIN GUARD (TAPE-050163),050163
tapetech::059332,TapeTech,059332,All-Wall vs Al's Taping Tools,Wall Tools,Al's Taping Tools,1.07,All-Wall,1.09,0.02,1.87,<=0.05,1-5%,no,1.09,single_observation,"TapeTech O-Ring, 1mm x 11mm 059332",059332,1.07,single_observation,059332 - O-Ring for 07TT Cover Plate,059332,,,,
tapetech::400009f,TapeTech,400009f,All-Wall vs Wall Tools,Al's Taping Tools,All-Wall,29.89,Wall Tools,30.45,0.56,1.87,0.26-1.00,1-5%,no,29.89,single_observation,"TapeTech 2"" Carbide Blade 400009F",400009f,,,,,30.45,single_observation,"TapeTech 2"" CARBIDE BLADE (TAPE-400009F)",400009f
tapetech::502006,TapeTech,502006,All-Wall vs Wall Tools,Al's Taping Tools,All-Wall,12.29,Wall Tools,12.52,0.23,1.87,0.06-0.25,1-5%,no,12.29,single_observation,TapeTech Pivot Bearing 502006,502006,,,,,12.52,single_observation,TapeTech PIVOT BEARING (TAPE-502006),502006
columbia::fa268,Columbia Tools,fa268,All-Wall vs Wall Tools,Al's Taping Tools,All-Wall,0.54,Wall Tools,0.55,0.01,1.85,<=0.05,1-5%,no,0.54,single_observation,#10 Flat Washer,fa268,,,,,0.55,single_observation,Columbia #10 Flat Washer (COLM-FA268),fa268
columbia::tsb-12,Columbia Tools,tsb-12,All-Wall vs Al's Taping Tools,Wall Tools,Al's Taping Tools,63.81,All-Wall,64.99,1.18,1.85,1.01-5.00,1-5%,no,64.99,single_observation,"Columbia 12"" Tomahawk Smoothing Blade",tsb-12,63.81,single_observation,"Columbia 12"" Tomahawk Smoothing Blade",tsb-12,,,,
tapetech::402002f,TapeTech,402002f,All-Wall vs Wall Tools,Al's Taping Tools,All-Wall,23.19,Wall Tools,23.62,0.43,1.85,0.26-1.00,1-5%,no,23.19,single_observation,TapeTech Spring Retainer Stop 402002F,402002f,,,,,23.62,single_observation,TapeTech SPRING RETAINER (TAPE-402002F),402002f
tapetech::420009,TapeTech,420009,All-Wall vs Wall Tools,Al's Taping Tools,All-Wall,24.29,Wall Tools,24.74,0.45,1.85,0.26-1.00,1-5%,no,24.29,single_observation,"TapeTech 2.5"" Carbide Blade CF 420009",420009,,,,,24.74,single_observation,TapeTech 2.5 in. Carbide Angle Head Blade (TAPE-420009),420009
tapetech::210059,TapeTech,210059,All-Wall vs Wall Tools,Al's Taping Tools,All-Wall,9.79,Wall Tools,9.97,0.18,1.84,0.06-0.25,1-5%,no,9.79,single_observation,TapeTech Shoulder Screw 210059,210059,,,,,9.97,single_observation,TapeTech SHOULDER SCREW (TAPE-210059),210059
tapetech::650040,TapeTech,650040,All-Wall vs Wall Tools,Al's Taping Tools,All-Wall,9.79,Wall Tools,9.97,0.18,1.84,0.06-0.25,1-5%,no,9.79,single_observation,TapeTech Special Washer 650040,650040,,,,,9.97,single_observation,TapeTech WASHER SPECIAL (TAPE-650040),650040
tapetech::300026f,TapeTech,300026f,All-Wall vs Wall Tools,Al's Taping Tools,All-Wall,49.79,Wall Tools,50.70,0.91,1.83,0.26-1.00,1-5%,no,49.79,single_observation,"TapeTech 12"" Flat Box Wiper 300026F",300026f,,,,,50.70,single_observation,"TapeTech 12"" WIPER - Flat Box Wiper One-Piece (TAPE-300026F)",300026f
tapetech::800008,TapeTech,800008,All-Wall vs Wall Tools,Al's Taping Tools,All-Wall,51.99,Wall Tools,52.94,0.95,1.83,0.26-1.00,1-5%,no,51.99,single_observation,"TapeTech Upper Brake Lever, Pivot Arm 800008",800008,,,,,52.94,single_observation,TapeTech PIVOT ARM,800008
tapetech::140015,TapeTech,140015,All-Wall vs Wall Tools,Al's Taping Tools,All-Wall,19.39,Wall Tools,19.74,0.35,1.81,0.26-1.00,1-5%,no,19.39,single_observation,TapeTech MudRunner Connector 140015,140015,,,,,19.74,single_observation,TapeTech Connector,140015
tapetech::059201,TapeTech,059201,All-Wall vs Wall Tools,Al's Taping Tools,All-Wall,11.69,Wall Tools,11.90,0.21,1.80,0.06-0.25,1-5%,no,11.69,single_observation,TapeTech 1/4-20 Hex Castle Nut 59201,059201,,,,,11.90,single_observation,TapeTech 1/4-20 HEX CASTLE NUT (TAPE-059201),059201
tapetech::140003,TapeTech,140003,All-Wall vs Wall Tools,Al's Taping Tools,All-Wall,30.59,Wall Tools,31.14,0.55,1.80,0.26-1.00,1-5%,no,30.59,single_observation,TapeTech MudRunner Tube Cap 140003,140003,,,,,31.14,single_observation,TapeTech TUBE CAP (TAPE-140003),140003
tapetech::050034f,TapeTech,050034f,All-Wall vs Wall Tools,Al's Taping Tools,All-Wall,14.49,Wall Tools,14.75,0.26,1.79,0.26-1.00,1-5%,no,14.49,single_observation,TapeTech Disengaging Rod 050034F,050034f,,,,,14.75,single_observation,TapeTech DISENGAGING ROD   (TAPE-050034F),050034f
tapetech::050046,TapeTech,050046,All-Wall vs Wall Tools,Al's Taping Tools,All-Wall,40.89,Wall Tools,41.62,0.73,1.79,0.26-1.00,1-5%,no,40.89,single_observation,"TapeTech Chain Roller Support, Right 050046",050046,,,,,41.62,single_observation,TapeTech CHAIN ROLLER SUPPORT (RIGHT) (TAPE-050046),050046
tapetech::250026f,TapeTech,250026f,All-Wall vs Wall Tools,Al's Taping Tools,All-Wall,45.29,Wall Tools,46.10,0.81,1.79,0.26-1.00,1-5%,no,45.29,single_observation,"TapeTech 10"" Flat Box Wiper 250026F",250026f,,,,,46.10,single_observation,"TapeTech 10"" WIPER - Flat Box Wiper One-Piece (TAPE-250026F)",250026f
tapetech::450021,TapeTech,450021,All-Wall vs Wall Tools,Al's Taping Tools,All-Wall,14.49,Wall Tools,14.75,0.26,1.79,0.26-1.00,1-5%,no,14.49,single_observation,TapeTech Blade Tension Spring 450021,450021,,,,,14.75,single_observation,TapeTech Blade Tension Spring (TAPE-450021),450021
tapetech::050109f,TapeTech,050109f,All-Wall vs Wall Tools,Al's Taping Tools,All-Wall,28.09,Wall Tools,28.59,0.50,1.78,0.26-1.00,1-5%,no,28.09,single_observation,TapeTech Drive Hub 050109F,050109f,,,,,28.59,single_observation,TapeTech Drive Hub (TAPE-050109F),050109f
tapetech::204005,TapeTech,204005,All-Wall vs Wall Tools,Al's Taping Tools,All-Wall,28.09,Wall Tools,28.59,0.50,1.78,0.26-1.00,1-5%,no,28.09,single_observation,"TapeTech 7"" Clamp Assembly 204005",204005,,,,,28.59,single_observation,TapeTech CLAMP ASSEMBLY,204005
tapetech::704040,TapeTech,704040,All-Wall vs Wall Tools,Al's Taping Tools,All-Wall,28.09,Wall Tools,28.59,0.50,1.78,0.26-1.00,1-5%,no,28.09,single_observation,TapeTech Filler Tube Assembly 704040,704040,,,,,28.59,single_observation,TapeTech FILLER TUBE ASSY (TAPE-704040),704040
tapetech::804003f,TapeTech,804003f,All-Wall vs Wall Tools,Al's Taping Tools,All-Wall,80.59,Wall Tools,82.02,1.43,1.77,1.01-5.00,1-5%,no,80.59,single_observation,TapeTech Handle Lever Assembly 804003F,804003f,,,,,82.02,single_observation,TapeTech HANDLE LEVER ASSEMBLY (TAPE-804003F),804003f
tapetech::210071,TapeTech,210071,All-Wall vs Wall Tools,Al's Taping Tools,All-Wall,14.29,Wall Tools,14.54,0.25,1.75,0.06-0.25,1-5%,no,14.29,single_observation,"TapeTech 7"" Spacer Rod 210071",210071,,,,,14.54,single_observation,TapeTech SPACER ROD (TAPE-210071),210071
tapetech::609032,TapeTech,609032,All-Wall vs Wall Tools,Al's Taping Tools,Wall Tools,1.15,All-Wall,1.17,0.02,1.74,<=0.05,1-5%,no,1.17,single_observation,TapeTech 10-32 X 3/4 Flat Head Screw 609032,609032,,,,,1.15,single_observation,TapeTech 10-32X3/4' FLAT HEAD SCREW SST (TAPE-609032),609032
tapetech::050030,TapeTech,050030,All-Wall vs Wall Tools,Al's Taping Tools,All-Wall,32.39,Wall Tools,32.95,0.56,1.73,0.26-1.00,1-5%,no,32.39,single_observation,TapeTech Magnet 050030,050030,,,,,32.95,single_observation,TapeTech Automatic Taper Magnet,050030
tapetech::150009,TapeTech,150009,All-Wall vs Wall Tools,Al's Taping Tools,All-Wall,11.59,Wall Tools,11.79,0.20,1.73,0.06-0.25,1-5%,no,11.59,single_observation,TapeTech Swivel Axle 150009,150009,,,,,11.79,single_observation,TapeTech Swivel Axle for Corner Roller (TAPE-150009),150009
tapetech::700015f,TapeTech,700015f,All-Wall vs Wall Tools,Al's Taping Tools,All-Wall,60.69,Wall Tools,61.74,1.05,1.73,1.01-5.00,1-5%,no,60.69,single_observation,TapeTech Link 700015F,700015f,,,,,61.74,single_observation,TapeTech LINK (TAPE-700015F),700015f
tapetech::050079,TapeTech,050079,All-Wall vs Wall Tools,Al's Taping Tools,All-Wall,16.29,Wall Tools,16.57,0.28,1.72,0.26-1.00,1-5%,no,16.29,single_observation,TapeTech Creaser Crank 050079,050079,,,,,16.57,single_observation,TapeTech Creaser Crank,050079
tapetech::056142,TapeTech,056142,All-Wall vs Wall Tools,Al's Taping Tools,All-Wall,48.29,Wall Tools,49.12,0.83,1.72,0.26-1.00,1-5%,no,48.29,single_observation,TapeTech Cutter Chain 056142,056142,,,,,49.12,single_observation,TapeTech CUTTER CHAIN (TAPE-056142),056142
tapetech::206003,TapeTech,206003,All-Wall vs Wall Tools,Al's Taping Tools,All-Wall,37.69,Wall Tools,38.34,0.65,1.72,0.26-1.00,1-5%,no,37.69,single_observation,TapeTech Dial Assembly 206003,206003,,,,,38.34,single_observation,TapeTech Dial Assembly (TAPE-206003),206003
tapetech::680030,TapeTech,680030,All-Wall vs Wall Tools,Al's Taping Tools,All-Wall,6.39,Wall Tools,6.50,0.11,1.72,0.06-0.25,1-5%,no,6.39,single_observation,"TapeTech 3"" Nail Spotter Insert 680030",680030,,,,,6.50,single_observation,"TapeTech 3"" INSERT (TAPE-680030)",680030
tapetech::724061f,TapeTech,724061f,All-Wall vs Wall Tools,Al's Taping Tools,All-Wall,37.69,Wall Tools,38.34,0.65,1.72,0.26-1.00,1-5%,no,37.69,single_observation,TapeTech Latch Clamp Assembly 724061F,724061f,,,,,38.34,single_observation,TapeTech DRAW LATCH ASSEMBLY (TAPE-724061F),724061f
tapetech::808015f,TapeTech,808015f,All-Wall vs Wall Tools,Al's Taping Tools,All-Wall,57.09,Wall Tools,58.07,0.98,1.72,0.26-1.00,1-5%,no,57.09,single_observation,TapeTech Hinge Assembly 808015F,808015f,,,,,58.07,single_observation,TapeTech HINGE ASSEMBLY (TAPE-808015F),808015f
tapetech::140018,TapeTech,140018,All-Wall vs Wall Tools,Al's Taping Tools,All-Wall,51.59,Wall Tools,52.47,0.88,1.71,0.26-1.00,1-5%,no,51.59,single_observation,TapeTech Spring 140018,140018,,,,,52.47,single_observation,TapeTech SPRING (TAPE-140018),140018
tapetech::600005f,TapeTech,600005f,All-Wall vs Wall Tools,Al's Taping Tools,All-Wall,29.89,Wall Tools,30.40,0.51,1.71,0.26-1.00,1-5%,no,29.89,single_observation,"TapeTech 2"" Nail Spotter Blade 600005F",600005f,,,,,30.40,single_observation,TapeTech 2 in. Carbide Nail Spotter Blade (TAPE-600005),600005f
tapetech::050123,TapeTech,050123,All-Wall vs Wall Tools,Al's Taping Tools,All-Wall,15.39,Wall Tools,15.65,0.26,1.69,0.26-1.00,1-5%,no,15.39,single_observation,TapeTech Cam 050123,050123,,,,,15.65,single_observation,TapeTech CAM (TAPE-050123),050123
tapetech::058126f,TapeTech,058126f,All-Wall vs Wall Tools,Al's Taping Tools,All-Wall,81.69,Wall Tools,83.07,1.38,1.69,1.01-5.00,1-5%,no,81.69,single_observation,TapeTech Main Drive Chain 058126F,058126f,,,,,83.07,single_observation,TapeTech MAIN CHAIN (TAPE-058126F),058126f
tapetech::204002,TapeTech,204002,All-Wall vs Wall Tools,Al's Taping Tools,All-Wall,191.49,Wall Tools,194.72,3.23,1.69,1.01-5.00,1-5%,no,191.49,single_observation,"TapeTech 7"" Blade Holder Assembly 204002",204002,,,,,194.72,single_observation,TapeTech BLADE HOLDER ASSEMBLY (TAPE-204002),204002
tapetech::212090,TapeTech,212090,All-Wall vs Wall Tools,Al's Taping Tools,All-Wall,15.39,Wall Tools,15.65,0.26,1.69,0.26-1.00,1-5%,no,15.39,single_observation,TapeTech Power Assist Flat Box Spring 212090,212090,,,,,15.65,single_observation,TapeTech SPRING (TAPE-212090),212090
tapetech::260071,TapeTech,260071,All-Wall vs Wall Tools,Al's Taping Tools,All-Wall,15.39,Wall Tools,15.65,0.26,1.69,0.26-1.00,1-5%,no,15.39,single_observation,TapeTech 10 Spacer Rod 260071,260071,,,,,15.65,single_observation,"TapeTech 10"" SPACER ROD (TAPE-260071)",260071
tapetech::506009,TapeTech,506009,All-Wall vs Wall Tools,Al's Taping Tools,All-Wall,156.69,Wall Tools,159.34,2.65,1.69,1.01-5.00,1-5%,no,156.69,single_observation,TapeTech Cone Assembly 506009,506009,,,,,159.34,single_observation,TapeTech CONE SS (TAPE-506009),506009
tapetech::050063,TapeTech,050063,All-Wall vs Wall Tools,Al's Taping Tools,All-Wall,34.59,Wall Tools,35.17,0.58,1.68,0.26-1.00,1-5%,no,34.59,single_observation,TapeTech Cut Off Spring Cover 050063,050063,,,,,35.17,single_observation,TapeTech CUTOFF SPRING COVER (TAPE-050063),050063
tapetech::140009g,TapeTech,140009g,All-Wall vs Wall Tools,Al's Taping Tools,All-Wall,262.69,Wall Tools,267.10,4.41,1.68,1.01-5.00,1-5%,no,262.69,single_observation,TapeTech MudRunner Control Tube 140009G,140009g,,,,,267.10,single_observation,TapeTech CONTROL TUBE  (TAPE-140009G),140009g
tapetech::800021f,TapeTech,800021f,All-Wall vs Wall Tools,Al's Taping Tools,All-Wall,10.69,Wall Tools,10.87,0.18,1.68,0.06-0.25,1-5%,no,10.69,single_observation,TapeTech Pin 800021F,800021f,,,,,10.87,single_observation,TapeTech PIN (TAPE-800021F),800021f
tapetech::810027,TapeTech,810027,All-Wall vs Wall Tools,Al's Taping Tools,All-Wall,51.49,Wall Tools,52.35,0.86,1.67,0.26-1.00,1-5%,no,51.49,single_observation,TapeTech Short Connector 810027,810027,,,,,52.35,single_observation,TapeTech SHORT CONNECTOR (TAPE-810027),810027
tapetech::700002f,TapeTech,700002f,All-Wall vs Wall Tools,Al's Taping Tools,All-Wall,138.89,Wall Tools,141.19,2.30,1.66,1.01-5.00,1-5%,no,138.89,single_observation,TapeTech Piston Rod 700002F,700002f,,,,,141.19,single_observation,TapeTech PISTON ROD (USED WITH 700015F) (TAPE-700002F),700002f
tapetech::050128f,TapeTech,050128f,All-Wall vs Wall Tools,Al's Taping Tools,All-Wall,12.69,Wall Tools,12.90,0.21,1.65,0.06-0.25,1-5%,no,12.69,single_observation,TapeTech Chain Roller Bushing 050128F,050128f,,,,,12.90,single_observation,TapeTech CHAIN ROLLER BUSHING (TAPE-050128F),050128f
tapetech::142001,TapeTech,142001,All-Wall vs Wall Tools,Al's Taping Tools,All-Wall,192.99,Wall Tools,196.17,3.18,1.65,1.01-5.00,1-5%,no,192.99,single_observation,TapeTech MudRunner Tube 142001,142001,,,,,196.17,single_observation,TapeTech TUBE (TAPE-142001),142001
tapetech::210058f,TapeTech,210058f,All-Wall vs Wall Tools,Al's Taping Tools,All-Wall,6.69,Wall Tools,6.80,0.11,1.64,0.06-0.25,1-5%,no,6.69,single_observation,TapeTech Latch 210058F,210058f,,,,,6.80,single_observation,TapeTech LATCH (TAPE-210058F),210058f
tapetech::880053,TapeTech,880053,All-Wall vs Wall Tools,Al's Taping Tools,All-Wall,18.89,Wall Tools,19.20,0.31,1.64,0.26-1.00,1-5%,no,18.89,single_observation,TapeTech Lock Block 880053,880053,,,,,19.20,single_observation,TapeTech LOCK BLOCK (TAPE-880053),880053
tapetech::050094f,TapeTech,050094f,All-Wall vs Wall Tools,Al's Taping Tools,All-Wall,69.39,Wall Tools,70.52,1.13,1.63,1.01-5.00,1-5%,no,69.39,single_observation,TapeTech Taper Wheel Spool 050094F,050094f,,,,,70.52,single_observation,TapeTech TAPER WHEEL SPOOL (TAPE-050094F),050094f
tapetech::054059f,TapeTech,054059f,All-Wall vs Wall Tools,Al's Taping Tools,All-Wall,37.49,Wall Tools,38.10,0.61,1.63,0.26-1.00,1-5%,no,37.49,single_observation,TapeTech Filler Valve Tube 054059F,054059f,,,,,38.10,single_observation,TapeTech FILLER VALVE ASSEMBLY (TAPE-054059F),054059f
tapetech::190034,TapeTech,190034,All-Wall vs Wall Tools,Al's Taping Tools,All-Wall,24.49,Wall Tools,24.89,0.40,1.63,0.26-1.00,1-5%,no,24.49,single_observation,TapeTech Xtender Coupler 190034,190034,,,,,24.89,single_observation,TapeTech COUPLER (TAPE-190034),190034
tapetech::050064f,TapeTech,050064f,All-Wall vs Wall Tools,Al's Taping Tools,All-Wall,16.09,Wall Tools,16.35,0.26,1.62,0.26-1.00,1-5%,no,16.09,single_observation,TapeTech Valve 050064F,050064f,,,,,16.35,single_observation,TapeTech VALVE (TAPE-050064F),050064f
tapetech::630017,TapeTech,630017,All-Wall vs Wall Tools,Al's Taping Tools,All-Wall,52.59,Wall Tools,53.44,0.85,1.62,0.26-1.00,1-5%,no,52.59,single_observation,TapeTech Pressure Plate Tab 630017,630017,,,,,53.44,single_observation,TapeTech PRESSURE PLATE TAB - REPAIR ONLY (TAPE-630017),630017
tapetech::050150f,TapeTech,050150f,All-Wall vs Wall Tools,Al's Taping Tools,All-Wall,25.39,Wall Tools,25.80,0.41,1.61,0.26-1.00,1-5%,no,25.39,single_observation,TapeTech Hub 050150F,050150f,,,,,25.80,single_observation,TapeTech HUB (TAPE-050150F),050150f
tapetech::052121f,TapeTech,052121f,All-Wall vs Wall Tools,Al's Taping Tools,All-Wall,40.59,Wall Tools,41.24,0.65,1.60,0.26-1.00,1-5%,no,40.59,single_observation,TapeTech Driver Shaft 052121F,052121f,,,,,41.24,single_observation,TapeTech CABLE DRUM SHAFT (TAPE-052121F),052121f
tapetech::650007,TapeTech,650007,All-Wall vs Wall Tools,Al's Taping Tools,All-Wall,54.39,Wall Tools,55.25,0.86,1.58,0.26-1.00,1-5%,no,54.39,single_observation,"TapeTech 3"" Nail Spotter Skid 650007",650007,,,,,55.25,single_observation,TapeTech SKID (TAPE-650007),650007
tapetech::050050f,TapeTech,050050f,All-Wall vs Wall Tools,Al's Taping Tools,All-Wall,26.29,Wall Tools,26.70,0.41,1.56,0.26-1.00,1-5%,no,26.29,single_observation,TapeTech Needle Holder 050050F,050050f,,,,,26.70,single_observation,TapeTech NEEDLE HOLDER (TAPE-050050F),050050f
tapetech::054095f,TapeTech,054095f,All-Wall vs Wall Tools,Al's Taping Tools,All-Wall,26.29,Wall Tools,26.70,0.41,1.56,0.26-1.00,1-5%,no,26.29,single_observation,TapeTech Long Creaser Assembly 054095F,054095f,,,,,26.70,single_observation,TapeTech LONG CREASER ASSEMBLY (TAPE-054095F),054095f
columbia::3df,Columbia Tools,3df,All-Wall vs Al's Taping Tools,Wall Tools,All-Wall,130.99,Al's Taping Tools,133.02,2.03,1.55,1.01-5.00,1-5%,no,130.99,single_observation,"Columbia 3"" Direct Corner Flusher",3df,133.02,single_observation,"Columbia Taping Tools 3"" Direct Drywall Corner Flusher",3df,,,,
tapetech::159027,TapeTech,159027,All-Wall vs Al's Taping Tools,Wall Tools,All-Wall,1.29,Al's Taping Tools,1.31,0.02,1.55,<=0.05,1-5%,no,1.29,single_observation,TapeTech Special Washer 159027,159027,1.31,single_observation,159027 - Special Washer,159027,,,,
tapetech::054118f,TapeTech,054118f,All-Wall vs Wall Tools,Al's Taping Tools,All-Wall,33.19,Wall Tools,33.70,0.51,1.54,0.26-1.00,1-5%,no,33.19,single_observation,TapeTech Drive Dog Holder 054118F,054118f,,,,,33.70,single_observation,TapeTech DRIVE DOG HOLDER ASSEMBLY (REPLACES 050118) (TAPE-054118F),054118f
tapetech::350008,TapeTech,350008,All-Wall vs Wall Tools,Al's Taping Tools,All-Wall,22.69,Wall Tools,23.04,0.35,1.54,0.26-1.00,1-5%,no,22.69,single_observation,"TapeTech 8"" Angle Box Wiper 350008",350008,,,,,23.04,single_observation,"TapeTech 8"" WIPERS (TAPE-350008)",350008
tapetech::210060,TapeTech,210060,All-Wall vs Wall Tools,Al's Taping Tools,All-Wall,11.79,Wall Tools,11.97,0.18,1.53,0.06-0.25,1-5%,no,11.79,single_observation,TapeTech Pivot Bearing 210060,210060,,,,,11.97,single_observation,TapeTech PIVOT BEARING (TAPE-210060),210060
tapetech::889027,TapeTech,889027,All-Wall vs Wall Tools,Al's Taping Tools,All-Wall,33.69,Wall Tools,34.20,0.51,1.51,0.26-1.00,1-5%,no,33.69,single_observation,TapeTech Lock Washer 889027,889027,,,,,34.20,single_observation,TapeTech LOCK WASHER (TAPE-889027),889027
tapetech::050137f,TapeTech,050137f,All-Wall vs Wall Tools,Al's Taping Tools,All-Wall,23.39,Wall Tools,23.74,0.35,1.50,0.26-1.00,1-5%,no,23.39,single_observation,TapeTech Cutter Block Clamp 050137F,050137f,,,,,23.74,single_observation,TapeTech CUTTER BLOCK CLAMP (TAPE-050137F),050137f
tapetech::190033,TapeTech,190033,All-Wall vs Wall Tools,Al's Taping Tools,All-Wall,18.69,Wall Tools,18.97,0.28,1.50,0.26-1.00,1-5%,no,18.69,single_observation,TapeTech Xtender Adjuster 190033,190033,,,,,18.97,single_observation,TapeTech ADJUSTER (TAPE-190033),190033
tapetech::054028,TapeTech,054028,All-Wall vs Wall Tools,Al's Taping Tools,All-Wall,18.89,Wall Tools,19.17,0.28,1.48,0.26-1.00,1-5%,no,18.89,single_observation,TapeTech Gooser Body Assembly 054028,054028,,,,,19.17,single_observation,TapeTech GOOSER BODY ASSEMBLY (TAPE-054028),054028
columbia::tsb-7,Columbia Tools,tsb-7,All-Wall vs Al's Taping Tools,Wall Tools,Al's Taping Tools,44.34,All-Wall,44.99,0.65,1.47,0.26-1.00,1-5%,no,44.99,single_observation,"Columbia 7"" Tomahawk Smoothing Blade",tsb-7,44.34,single_observation,"Columbia 7"" Tomahawk Smoothing Blade",tsb-7,,,,
tapetech::054111f,TapeTech,054111f,Al's Taping Tools vs Wall Tools,All-Wall,Wall Tools,17.50,Al's Taping Tools,17.75,0.25,1.43,0.06-0.25,1-5%,no,,,,,17.75,single_observation,Gooser Guide - 054111,054111f,17.50,single_observation,TapeTech GOOSER GUIDE/BUSHING (TAPE-054111F),054111f
tapetech::050099f,TapeTech,050099f,All-Wall vs Wall Tools,Al's Taping Tools,All-Wall,14.89,Wall Tools,15.10,0.21,1.41,0.06-0.25,1-5%,no,14.89,single_observation,TapeTech Head Bushing 050099F,050099f,,,,,15.10,single_observation,TapeTech Head Bushing (TAPE-050099),050099f
tapetech::600022,TapeTech,600022,All-Wall vs Wall Tools,Al's Taping Tools,All-Wall,9.29,Wall Tools,9.42,0.13,1.40,0.06-0.25,1-5%,no,9.29,single_observation,TapeTech Connector 600022,600022,,,,,9.42,single_observation,TapeTech CONNECTOR (TAPE-600022),600022
tapetech::650022,TapeTech,650022,All-Wall vs Wall Tools,Al's Taping Tools,All-Wall,9.29,Wall Tools,9.42,0.13,1.40,0.06-0.25,1-5%,no,9.29,single_observation,TapeTech Connector 650022,650022,,,,,9.42,single_observation,TapeTech CONNECTOR (TAPE-650022),650022
tapetech::200009,TapeTech,200009,All-Wall vs Wall Tools,Al's Taping Tools,All-Wall,11.09,Wall Tools,11.24,0.15,1.35,0.06-0.25,1-5%,no,11.09,single_observation,"TapeTech 7"" Flat Box Shim 200009",200009,,,,,11.24,single_observation,TapeTech SHIM (TAPE-200009),200009
tapetech::720045,TapeTech,720045,All-Wall vs Wall Tools,Al's Taping Tools,All-Wall,11.89,Wall Tools,12.05,0.16,1.35,0.06-0.25,1-5%,no,11.89,single_observation,TapeTech Piston 720045,720045,,,,,12.05,single_observation,TapeTech Pump Piston (TAPE-720045),720045
columbia::tsb-10,Columbia Tools,tsb-10,All-Wall vs Al's Taping Tools,Wall Tools,Al's Taping Tools,56.24,All-Wall,56.99,0.75,1.33,0.26-1.00,1-5%,no,56.99,single_observation,"Columbia 10"" Tomahawk Smoothing Blade",tsb-10,56.24,single_observation,"Columbia 10"" Tomahawk Smoothing Blade",tsb-10,,,,
tapetech::qb0005,TapeTech,qb0005,All-Wall vs Al's Taping Tools,Wall Tools,All-Wall,2.29,Al's Taping Tools,2.32,0.03,1.31,<=0.05,1-5%,no,2.29,single_observation,TapeTech Self Tapping Screw QB0005,qb0005,2.32,single_observation,"Screw, #8 x 1/2 Fl Hd Self Tapping - QB0005",qb0005,,,,
tapetech::050017,TapeTech,050017,All-Wall vs Wall Tools,Al's Taping Tools,All-Wall,4.89,Wall Tools,4.95,0.06,1.23,0.06-0.25,1-5%,no,4.89,single_observation,TapeTech Collar Bushing 050017,050017,,,,,4.95,single_observation,TapeTech COLLAR BUSHING (TAPE-050017),050017
usg-sheetrock::340018,USG Sheetrock Tools,340018,All-Wall vs Al's Taping Tools,Wall Tools,Al's Taping Tools,19.75,All-Wall,19.99,0.24,1.22,0.06-0.25,1-5%,no,19.99,single_observation,"Sheetrock 6"" Classic Blue Steel Drywall Taping Knife",340018,19.75,single_observation,"Sheetrock 6"" Classic Blue Steel Drywall Taping Knife",340018,,,,
tapetech::209058,TapeTech,209058,All-Wall vs Wall Tools,Al's Taping Tools,All-Wall,9.09,Wall Tools,9.20,0.11,1.21,0.06-0.25,1-5%,no,9.09,single_observation,TapeTech 6-32 Brass Nut 209058,209058,,,,,9.20,single_observation,TapeTech #6-32 BRASS NUT (TAPE-209058),209058
tapetech::709023,TapeTech,709023,All-Wall vs Wall Tools,Al's Taping Tools,Wall Tools,2.17,All-Wall,2.19,0.02,0.92,<=0.05,0.25-1%,no,2.19,single_observation,TapeTech 5/16-18 X 7/8 Hex Capscrew 709023,709023,,,,,2.17,single_observation,TapeTech 5/16-18X7/8 HEX HEAD SCREW (TAPE-709023),709023
tapetech::050577,TapeTech,050577,All-Wall vs Wall Tools,Al's Taping Tools,All-Wall,3.49,Wall Tools,3.52,0.03,0.86,<=0.05,0.25-1%,no,3.49,single_observation,TapeTech Brake Torsion Spring 050577,050577,,,,,3.52,single_observation,TapeTech Brake Torsion Spring,050577
tapetech::728001f,TapeTech,728001f,All-Wall vs Al's Taping Tools,Wall Tools,All-Wall,166.47,Al's Taping Tools,167.86,1.39,0.83,1.01-5.00,0.25-1%,no,166.47,single_observation,TapeTech Loading Pump Head Assembly 728001F,728001f,167.86,single_observation,Pump Head Assembly - 728001,728001f,,,,
columbia::3.5sf,Columbia Tools,3.5sf,All-Wall vs Al's Taping Tools,Wall Tools,Al's Taping Tools,133.02,All-Wall,133.99,0.97,0.73,0.26-1.00,0.25-1%,no,133.99,single_observation,"Columbia 3.5"" Standard Corner Flusher",3.5sf,133.02,single_observation,"Columbia Taping Tools 3.5"" Standard Drywall Corner Flusher with Wheels",3.5sf,,,,
tapetech::050412,TapeTech,050412,All-Wall vs Wall Tools,Al's Taping Tools,All-Wall,4.19,Wall Tools,4.22,0.03,0.72,<=0.05,0.25-1%,no,4.19,single_observation,TapeTech Wheel Keeper Wireform 050412,050412,,,,,4.22,single_observation,TapeTech WHEEL KEEPER WIREFORM (TAPE-050412),050412
usg-sheetrock::340310,USG Sheetrock Tools,340310,All-Wall vs Al's Taping Tools,Wall Tools,Al's Taping Tools,149.00,All-Wall,149.99,0.99,0.66,0.26-1.00,0.25-1%,no,149.99,single_observation,USG Sheetrock™ Outside 90° Bead Roller,340310,149.00,single_observation,Sheetrock 90 Degree Corner Bead Roller,340310,,,,
columbia::3sf,Columbia Tools,3sf,All-Wall vs Al's Taping Tools,Wall Tools,Al's Taping Tools,122.21,All-Wall,122.99,0.78,0.64,0.26-1.00,0.25-1%,no,122.99,single_observation,"Columbia 3"" Standard Corner Flusher",3sf,122.21,single_observation,"Columbia Taping Tools 3"" Standard Drywall Corner Flusher with Wheels",3sf,,,,
columbia::tsb-32,Columbia Tools,tsb-32,All-Wall vs Al's Taping Tools,Wall Tools,Al's Taping Tools,122.21,All-Wall,122.99,0.78,0.64,0.26-1.00,0.25-1%,no,122.99,single_observation,"Columbia 32"" Tomahawk Smoothing Blade",tsb-32,122.21,single_observation,"Columbia 32"" Tomahawk Smoothing Blade",tsb-32,,,,
tapetech::150004f,TapeTech,150004f,Al's Taping Tools vs Wall Tools,All-Wall,Wall Tools,12.52,Al's Taping Tools,12.60,0.08,0.64,0.06-0.25,0.25-1%,no,,,,,12.60,single_observation,Swivel Coupling Pin - 150004,150004f,12.52,single_observation,TapeTech SWLVEL COUPLING PIN (TAPE-150004F),150004f
tapetech::502f4,TapeTech,502f4,All-Wall vs Wall Tools,Al's Taping Tools,All-Wall,97.79,Wall Tools,98.40,0.61,0.62,0.26-1.00,0.25-1%,no,97.79,single_observation,"TapeTech 3"" EasyRoll Angle Head Blade Kit 502F4",502f4,,,,,98.40,single_observation,TapeTech 3 in. Easy Roll Angle Head Blade Repair Kit (TAPE-502F4),502f4
tapetech::050041f,TapeTech,050041f,Al's Taping Tools vs Wall Tools,All-Wall,Wall Tools,42.35,Al's Taping Tools,42.61,0.26,0.61,0.26-1.00,0.25-1%,no,,,,,42.61,single_observation,Disengaging Rod Bearing - 050041,050041f,42.35,single_observation,TapeTech DISENGAGING ROD BEARING (TAPE-050041F),050041f
columbia::chxl,Columbia Tools,chxl,All-Wall vs Wall Tools,Al's Taping Tools,Wall Tools,173.03,All-Wall,173.99,0.96,0.55,0.26-1.00,0.25-1%,no,173.99,single_observation,Columbia Extendable Roller Handle 4'-8',chxl,,,,,173.03,single_observation,Columbia 4-8 ft. Extendable Handle,chxl
columbia::cobcrw,Columbia Tools,cobcrw,All-Wall vs Al's Taping Tools,Wall Tools,Al's Taping Tools,86.52,All-Wall,87.00,0.48,0.55,0.26-1.00,0.25-1%,no,87.00,single_observation,Columbia Tools Wide Outside Bead Roller,cobcrw,86.52,single_observation,Columbia Taping Tools Superwide Outside 90 Corner Bead Roller,cobcrw,,,,
columbia::fa262,Columbia Tools,fa262,All-Wall vs Wall Tools,Al's Taping Tools,Wall Tools,1.85,All-Wall,1.86,0.01,0.54,<=0.05,0.25-1%,no,1.86,single_observation,"8-32 X 1/2"" Socket Hd. Screw",fa262,,,,,1.85,single_observation,Columbia 8-32 x ½ in. Socket (COLM-FA262),fa262
columbia::tsb-18,Columbia Tools,tsb-18,All-Wall vs Al's Taping Tools,Wall Tools,Al's Taping Tools,86.52,All-Wall,86.99,0.47,0.54,0.26-1.00,0.25-1%,no,86.99,single_observation,"Columbia 18"" Tomahawk Smoothing Blade",tsb-18,86.52,single_observation,"Columbia 18"" Tomahawk Smoothing Blade",tsb-18,,,,
tapetech::340,TapeTech,340,All-Wall vs Wall Tools,Al's Taping Tools,All-Wall,160.99,Wall Tools,161.85,0.86,0.53,0.26-1.00,0.25-1%,no,160.99,single_observation,TapeTech Cutter Chain Assembly 340,340,,,,,161.85,single_observation,TapeTech CUTTER CHAIN SUB-ASSEMBLY (TAPE-340),340
tapetech::502034,TapeTech,502034,Al's Taping Tools vs Wall Tools,All-Wall,Wall Tools,11.24,Al's Taping Tools,11.30,0.06,0.53,0.06-0.25,0.25-1%,no,,,,,11.30,single_observation,502034 - Corner Box Latch,502034,11.24,single_observation,TapeTech LATCH (TAPE-502034),502034
tapetech::804254,TapeTech,804254,Al's Taping Tools vs Wall Tools,All-Wall,Wall Tools,120.97,Al's Taping Tools,121.55,0.58,0.48,0.26-1.00,0.25-1%,no,,,,,121.55,single_observation,"54"" Connector Assembly - 804254",804254,120.97,single_observation,"TapeTech 54"" CONNECTOR (TAPE-804254)",804254
columbia::tsb-48,Columbia Tools,tsb-48,All-Wall vs Al's Taping Tools,Wall Tools,Al's Taping Tools,200.08,All-Wall,200.99,0.91,0.45,0.26-1.00,0.25-1%,no,200.99,single_observation,"Columbia 48"" Tomahawk Smoothing Blade",tsb-48,200.08,single_observation,"Columbia 48"" Tomahawk Smoothing Blade",tsb-48,,,,
columbia::3bh,Columbia Tools,3bh,All-Wall vs Al's Taping Tools,Wall Tools,Al's Taping Tools,189.26,All-Wall,189.99,0.73,0.39,0.26-1.00,0.25-1%,no,189.99,single_observation,"Columbia 36"" 180-Grip Flat Box Handle",3bh,189.26,single_observation,"Columbia 36"" 180-Grip Featherweight Flat Box Handle",3bh,,,,
columbia::42bbh,Columbia Tools,42bbh,All-Wall vs Al's Taping Tools,Wall Tools,Al's Taping Tools,227.12,All-Wall,227.99,0.87,0.38,0.26-1.00,0.25-1%,no,227.99,single_observation,"Columbia 42"" 180-Grip Bent Flat Box Handle",42bbh,227.12,single_observation,"Columbia Drywall 42"" 180-Grip Bent Flat Box Handle",42bbh,,,,
columbia::tbbf,Columbia Tools,tbbf,All-Wall vs Wall Tools,Al's Taping Tools,Wall Tools,75.71,All-Wall,75.99,0.28,0.37,0.26-1.00,0.25-1%,no,75.99,single_observation,Columbia Tall Boy Box Filler,tbbf,,,,,75.71,single_observation,Columbia Tall Boy Box Filler,tbbf
columbia::tsb-14,Columbia Tools,tsb-14,All-Wall vs Al's Taping Tools,Wall Tools,Al's Taping Tools,75.71,All-Wall,75.99,0.28,0.37,0.26-1.00,0.25-1%,no,75.99,single_observation,"Columbia 14"" Tomahawk Smoothing Blade",tsb-14,75.71,single_observation,"Columbia 14"" Tomahawk Smoothing Blade",tsb-14,,,,
columbia::6bbh,Columbia Tools,6bbh,All-Wall vs Al's Taping Tools,Wall Tools,Al's Taping Tools,254.15,All-Wall,254.99,0.84,0.33,0.26-1.00,0.25-1%,no,254.99,single_observation,"Columbia 72"" 180-Grip Bent Flat Box Handle",6bbh,254.15,single_observation,"Columbia 72"" 180-Grip Bent Flat Box Handle",6bbh,,,,
columbia::clt55,Columbia Tools,clt55,All-Wall vs Al's Taping Tools,Wall Tools,Al's Taping Tools,278.10,All-Wall,278.99,0.89,0.32,0.26-1.00,0.25-1%,no,278.99,single_observation,"Columbia 55"" Cam-Lock Compound Mud Tube",clt55,278.10,single_observation,"Columbia 55"" Cam-Lock Compound Mud Tube",clt55,,,,
columbia::2.5df,Columbia Tools,2.5df,All-Wall vs Al's Taping Tools,Wall Tools,Al's Taping Tools,127.62,All-Wall,127.99,0.37,0.29,0.26-1.00,0.25-1%,no,127.99,single_observation,"Columbia 2.5"" Direct Corner Flusher",2.5df,127.62,single_observation,"Columbia Taping Tools 2.5"" Direct Drywall Corner Flusher",2.5df,,,,
columbia::5bbh,Columbia Tools,5bbh,All-Wall vs Al's Taping Tools,Wall Tools,Al's Taping Tools,243.34,All-Wall,243.99,0.65,0.27,0.26-1.00,0.25-1%,no,243.99,single_observation,"Columbia 60"" 180-Grip Bent Flat Box Handle",5bbh,243.34,single_observation,"Columbia 60"" 180-Grip Bent Flat Box Handle",5bbh,,,,
columbia::3ns,Columbia Tools,3ns,All-Wall vs Al's Taping Tools,Wall Tools,Al's Taping Tools,308.23,All-Wall,308.99,0.76,0.25,0.26-1.00,<=0.25%,no,308.99,single_observation,"Columbia Taping Tools 3"" Hinged Nail Spotter Head Only",3ns,308.23,single_observation,"Columbia Taping Tools 3"" Hinged Nail Spotter",3ns,,,,
columbia::42bh,Columbia Tools,42bh,All-Wall vs Al's Taping Tools,Wall Tools,Al's Taping Tools,205.49,All-Wall,205.99,0.50,0.24,0.26-1.00,<=0.25%,no,205.99,single_observation,"Columbia 42"" 180-Grip Flat Box Handle",42bh,205.49,single_observation,"Columbia 42"" 180-Grip Featherweight Flat Box Handle",42bh,,,,
columbia::2ns,Columbia Tools,2ns,All-Wall vs Al's Taping Tools,Wall Tools,Al's Taping Tools,297.41,All-Wall,297.99,0.58,0.20,0.26-1.00,<=0.25%,no,297.99,single_observation,"Columbia Taping Tools 2"" Hinged Nail Spotter Head Only",2ns,297.41,single_observation,"Columbia Taping Tools 2"" Nail Spotter",2ns,,,,
columbia::6bh,Columbia Tools,6bh,All-Wall vs Al's Taping Tools,Wall Tools,Al's Taping Tools,232.52,All-Wall,232.99,0.47,0.20,0.26-1.00,<=0.25%,no,232.99,single_observation,"Columbia 72"" 180-Grip Flat Box Handle",6bh,232.52,single_observation,"Columbia 72"" 180-Grip Featherweight Flat Box Handle",6bh,,,,
columbia::10ffba,Columbia Tools,10ffba,All-Wall vs Wall Tools,Al's Taping Tools,Wall Tools,427.19,All-Wall,427.99,0.80,0.19,0.26-1.00,<=0.25%,no,427.99,single_observation,"Columbia 10"" Automatic Assist Drywall Flat Box",10ffba,,,,,427.19,single_observation,Columbia 10 in. Automatic Assist Flat Box,10ffba
columbia::3.5ah,Columbia Tools,3.5ah,All-Wall vs Al's Taping Tools,Wall Tools,Al's Taping Tools,454.23,All-Wall,454.99,0.76,0.17,0.26-1.00,<=0.25%,no,454.99,single_observation,"Columbia 3.5"" Angle Head",3.5ah,454.23,single_observation,"Columbia 3.5"" Angle Head w/ Wheels",3.5ah,,,,
columbia::8cfb,Columbia Tools,8cfb,All-Wall vs Al's Taping Tools,Wall Tools,Al's Taping Tools,324.45,All-Wall,324.99,0.54,0.17,0.26-1.00,<=0.25%,no,324.99,single_observation,"Columbia 8"" ThrottleBox Angle Box 8CFB",8cfb,324.45,single_observation,"Columbia 8"" ThrottleBox Angle Box",8cfb,,,,
columbia::8ffb,Columbia Tools,8ffb,All-Wall vs Al's Taping Tools,Wall Tools,Al's Taping Tools,389.34,All-Wall,389.99,0.65,0.17,0.26-1.00,<=0.25%,no,389.99,single_observation,"Columbia 8"" Flat Finishing Box",8ffb,389.34,single_observation,"Columbia 8"" Drywall Flat Finisher Box",8ffb,,,,
columbia::2.5sf,Columbia Tools,2.5sf,All-Wall vs Al's Taping Tools,Wall Tools,Al's Taping Tools,116.80,All-Wall,116.99,0.19,0.16,0.06-0.25,<=0.25%,no,116.99,single_observation,"Columbia 2.5"" Standard Corner Flusher",2.5sf,116.80,single_observation,"Columbia Taping Tools 2.5"" Standard Drywall Corner Flusher with Wheels",2.5sf,,,,
columbia::tsb-24,Columbia Tools,tsb-24,All-Wall vs Al's Taping Tools,Wall Tools,Al's Taping Tools,103.82,All-Wall,103.99,0.17,0.16,0.06-0.25,<=0.25%,no,103.99,single_observation,"Columbia 24"" Tomahawk Smoothing Blade",tsb-24,103.82,single_observation,"Columbia 24"" Tomahawk Smoothing Blade",tsb-24,,,,
columbia::8fbba,Columbia Tools,8fbba,All-Wall vs Al's Taping Tools,Wall Tools,Al's Taping Tools,481.27,All-Wall,481.99,0.72,0.15,0.26-1.00,<=0.25%,no,481.99,single_observation,"Columbia 8"" Fat Boy Automatic Assist Drywall Flat Box",8fbba,481.27,single_observation,"Columbia 8"" Fat Boy Automatic Assist Drywall Flat Box",8fbba,,,,
columbia::3ah,Columbia Tools,3ah,All-Wall vs Al's Taping Tools,Wall Tools,Al's Taping Tools,443.42,All-Wall,443.99,0.57,0.13,0.26-1.00,<=0.25%,no,443.99,single_observation,"Columbia 3"" Angle Head",3ah,443.42,single_observation,"Columbia 3"" Angle Head w/ Wheels",3ah,,,,
columbia::3bbh,Columbia Tools,3bbh,All-Wall vs Al's Taping Tools,Wall Tools,Al's Taping Tools,221.71,All-Wall,221.99,0.28,0.13,0.26-1.00,<=0.25%,no,221.99,single_observation,"Columbia 36"" 180-Grip Bent Flat Box Handle",3bbh,221.71,single_observation,Columbia 3' 180 Grip Bent Box Handle,3bbh,,,,
columbia::5bh,Columbia Tools,5bh,All-Wall vs Al's Taping Tools,Wall Tools,Al's Taping Tools,221.71,All-Wall,221.99,0.28,0.13,0.26-1.00,<=0.25%,no,221.99,single_observation,"Columbia 60"" 180-Grip Flat Box Handle",5bh,221.71,single_observation,"Columbia 60"" 180-Grip Featherweight Flat Box Handle",5bh,,,,
columbia::cmt42,Columbia Tools,cmt42,All-Wall vs Al's Taping Tools,Wall Tools,Al's Taping Tools,221.71,All-Wall,221.99,0.28,0.13,0.26-1.00,<=0.25%,no,221.99,single_observation,"Columbia 42"" Compound Mud Tube",cmt42,221.71,single_observation,"Columbia 42"" Drywall Corner Finishing Compound Mud Tube",cmt42,,,,
columbia::7ffb,Columbia Tools,7ffb,All-Wall vs Al's Taping Tools,Wall Tools,Al's Taping Tools,378.53,All-Wall,378.99,0.46,0.12,0.26-1.00,<=0.25%,no,378.99,single_observation,"Columbia 7"" Flat Finishing Box",7ffb,378.53,single_observation,Columbia Drywall Taping Tools 7” Hinged Flat Finisher Box,7ffb,,,,
columbia::cmt32,Columbia Tools,cmt32,All-Wall vs Al's Taping Tools,Wall Tools,Al's Taping Tools,208.73,All-Wall,208.99,0.26,0.12,0.26-1.00,<=0.25%,no,208.99,single_observation,"Columbia 32"" Compound Mud Tube",cmt32,208.73,single_observation,"Columbia 32"" Drywall Corner Finishing Compound Mud Tube",cmt32,,,,
columbia::7cfb,Columbia Tools,7cfb,All-Wall vs Al's Taping Tools,Wall Tools,Al's Taping Tools,313.64,All-Wall,313.99,0.35,0.11,0.26-1.00,<=0.25%,no,313.99,single_observation,"Columbia 7"" ThrottleBox Angle Box 7CFB",7cfb,313.64,single_observation,"Columbia 7"" ThrottleBox Angle Box",7cfb,,,,
columbia::12ffba,Columbia Tools,12ffba,All-Wall vs Wall Tools,Al's Taping Tools,Wall Tools,432.60,All-Wall,432.99,0.39,0.09,0.26-1.00,<=0.25%,no,432.99,single_observation,"Columbia 12"" Automatic Assist Drywall Flat Box",12ffba,,,,,432.60,single_observation,Columbia 12 in. Automatic Assist Flat Box,12ffba
columbia::12itfb,Columbia Tools,12itfb,All-Wall vs Wall Tools,Al's Taping Tools,Wall Tools,459.64,All-Wall,459.99,0.35,0.08,0.26-1.00,<=0.25%,no,459.99,single_observation,"Columbia Inside Track Fat Boy Flat Box 12""",12itfb,,,,,459.64,single_observation,Columbia 12 in. Inside Track Fat Boy Flat Box,12itfb
columbia::5.5ffb,Columbia Tools,5.5ffb,All-Wall vs Al's Taping Tools,Wall Tools,Al's Taping Tools,367.71,All-Wall,367.99,0.28,0.08,0.26-1.00,<=0.25%,no,367.99,single_observation,"Columbia 5.5"" Flat Finishing Box",5.5ffb,367.71,single_observation,"Columbia 5.5"" Drywall Flat Finisher Box",5.5ffb,,,,
columbia::rc,Columbia Tools,rc,All-Wall vs Al's Taping Tools,Wall Tools,Al's Taping Tools,1020.16,All-Wall,1020.99,0.83,0.08,0.26-1.00,<=0.25%,no,1020.99,single_observation,Columbia Road Case,rc,1020.16,single_observation,Columbia Road Case,rc,,,,
columbia::ffb14-10,Columbia Tools,ffb14-10,All-Wall vs Al's Taping Tools,Wall Tools,All-Wall,45.16,Al's Taping Tools,45.19,0.03,0.07,<=0.05,<=0.25%,no,45.16,single_observation,FFB14-10 Columbia Flat Box Std Door Gasket 10in-Old Style with Tab #6095,ffb14-10,45.19,single_observation,"Columbia Flat Box Door Gasket 10"" - FFB14-10",ffb14-10,,,,
columbia::ffb14-12,Columbia Tools,ffb14-12,All-Wall vs Al's Taping Tools,Wall Tools,All-Wall,45.16,Al's Taping Tools,45.19,0.03,0.07,<=0.05,<=0.25%,no,45.16,single_observation,FFB14-12 Columbia Flat Box Std Door Gasket 12in-Old Style with Tab #6097,ffb14-12,45.19,single_observation,"Columbia Flat Box Std Door Gasket 12"" - FFB14-12",ffb14-12,,,,
columbia::fmh,Columbia Tools,fmh,All-Wall vs Al's Taping Tools,Wall Tools,Al's Taping Tools,91.93,All-Wall,91.99,0.06,0.07,0.06-0.25,<=0.25%,no,91.99,single_observation,Columbia L-Trim Mud Applicator Head,fmh,91.93,single_observation,Columbia L-Trim Mud Applicator Head FMH,fmh,,,,
usg-sheetrock::340413,USG Sheetrock Tools,340413,All-Wall vs Al's Taping Tools,Wall Tools,Al's Taping Tools,59.95,All-Wall,59.99,0.04,0.07,<=0.05,<=0.25%,no,59.99,single_observation,"USG Sheetrock™ 30"" Mud Mixer",340413,59.95,single_observation,"Sheetrock 30"" Mud Mixer",340413,,,,
columbia::14ffb,Columbia Tools,14ffb,All-Wall vs Al's Taping Tools,Wall Tools,Al's Taping Tools,421.79,All-Wall,421.99,0.20,0.05,0.06-0.25,<=0.25%,no,421.99,single_observation,"Columbia 14"" Flat Finishing Box",14ffb,421.79,single_observation,"Columbia 14"" Drywall Flat Finishing Box",14ffb,,,,
columbia::2.5ah,Columbia Tools,2.5ah,All-Wall vs Al's Taping Tools,Wall Tools,Al's Taping Tools,421.79,All-Wall,421.99,0.20,0.05,0.06-0.25,<=0.25%,no,421.99,single_observation,"Columbia 2.5"" Angle Head",2.5ah,421.79,single_observation,"Columbia 2.5"" Angle Head w/ Wheels",2.5ah,,,,
columbia::aha,Columbia Tools,aha,Al's Taping Tools vs Wall Tools,All-Wall,Al's Taping Tools,24.87,Wall Tools,24.88,0.01,0.04,<=0.05,<=0.25%,no,,,,,24.87,single_observation,Columbia Angle Head Ball Adapter,aha,24.88,single_observation,Columbia Angle Head Adaptor,aha
columbia::cmt24,Columbia Tools,cmt24,All-Wall vs Al's Taping Tools,Wall Tools,Al's Taping Tools,197.91,All-Wall,197.99,0.08,0.04,0.06-0.25,<=0.25%,no,197.99,single_observation,"Columbia 24"" Compound Mud Tube",cmt24,197.91,single_observation,"Columbia 24"" Drywall Corner Finishing Compound Mud Tube",cmt24,,,,
columbia::12fbba,Columbia Tools,12fbba,All-Wall vs Al's Taping Tools,Wall Tools,Al's Taping Tools,502.90,All-Wall,502.99,0.09,0.02,0.06-0.25,<=0.25%,no,502.99,single_observation,"Columbia 12"" Fat Boy Automatic Assist Drywall Flat Box",12fbba,502.90,single_observation,"Columbia 12"" Fat Boy Automatic Assist Drywall Flat Box",12fbba,,,,
columbia::ts,Columbia Tools,ts,All-Wall vs Wall Tools,Al's Taping Tools,Wall Tools,5746.32,All-Wall,5746.99,0.67,0.01,0.26-1.00,<=0.25%,no,5746.99,single_observation,Columbia Tactical Set,ts,,,,,5746.32,single_observation,Columbia Tactical Set,ts
columbia::2ah,Columbia Tools,2ah,All-Wall vs Al's Taping Tools,Wall Tools,Al's Taping Tools,410.97,All-Wall,410.99,0.02,0.00,<=0.05,<=0.25%,no,410.99,single_observation,"Columbia 2"" Angle Head",2ah,410.97,single_observation,"Columbia 2"" Angle Head w/ Wheels",2ah,,,,
columbia::predator,Columbia Tools,predator,Al's Taping Tools vs Wall Tools,All-Wall,Wall Tools,1838.54,Al's Taping Tools,1838.55,0.01,0.00,<=0.05,<=0.25%,no,,,,,1838.55,single_observation,Columbia PREDATOR Carbon Fiber Automatic Taper,predator,1838.54,single_observation,Columbia Predator Automatic Taper,predator
