Match Status,Match Method,Evidence Quality,Match Score,WRatio,Token Set Ratio,Simple Ratio,Variation Compatible,Contradictions,Identity Key,DTB Row,DTB Product Type,DTB Parent SKU,DTB SKU,DTB Identifiers,DTB Name,DTB Match Name,DTB Brand,DTB Brand Key,DTB Effective Price,DTB Price Basis,DTB Price Warnings,Competitor Source,Competitor Source Key,Competitor Brand,Competitor Brand Key,Competitor Product Name,Competitor SKU,Competitor Price,DTB vs Competitor,Description Quality,Competitor Description
auto_accept,exact_identity_key,verified_exact_identity,100,95,100,86,yes,,columbia::fa280,118,simple,,FA280,FA280,#10 Belleville Washer,#10 Belleville Washer,Columbia Tools,columbia,1.00,regular_price,,All-Wall,all_wall,Columbia,columbia,FA280 Columbia #10 Belleville Washer,FA280,1.05,-0.05,product_specific,FA280 Columbia #10 Belleville Washer
auto_accept,exact_identity_key,verified_exact_identity,100,90,100,78,yes,,columbia::fa280,118,simple,,FA280,FA280,#10 Belleville Washer,#10 Belleville Washer,Columbia Tools,columbia,1.00,regular_price,,Wall Tools,wall_tools,Columbia Parts,columbia,Columbia #10 Belleville Washer (COLM-FA280),FA280,0.55,0.45,quarantined_storefront_boilerplate,
review,medium_confidence_fuzzy_title,review_fuzzy,100,95,100,86,yes,,,118,simple,,FA280,FA280,#10 Belleville Washer,#10 Belleville Washer,Columbia Tools,columbia,1.00,regular_price,,Al's Taping Tools,als_taping_tools,NorthStar,columbia,Columbia #10 Belleville Washer - FA280,219064-A,1.10,-0.10,product_specific,FA280 - Columbia #10 Belleville Washer
auto_accept,exact_identity_key,verified_exact_identity,100,100,100,100,yes,,columbia::fa268,119,simple,,FA268,FA268,#10 Flat Washer,#10 Flat Washer,Columbia Tools,columbia,2.25,regular_price,,All-Wall,all_wall,Columbia,columbia,#10 Flat Washer,FA268,0.54,1.71,missing,
auto_accept,exact_identity_key,verified_exact_identity,100,90,100,71,yes,,columbia::fa268,119,simple,,FA268,FA268,#10 Flat Washer,#10 Flat Washer,Columbia Tools,columbia,2.25,regular_price,,Wall Tools,wall_tools,Columbia Parts,columbia,Columbia #10 Flat Washer (COLM-FA268),FA268,0.55,1.70,product_specific,"Columbia Taping Tool Parts, Columbia Tool Parts, Taping Tool Parts, Taping Tool Repair"
auto_accept,exact_identity_key,verified_exact_identity,100,85,95,77,yes,,columbia::fa270,120,simple,,FA270,FA270,"#10 x 3/4"" Fender Washer","#10 x 3/4"" Fender Washer",Columbia Tools,columbia,2.50,regular_price,,All-Wall,all_wall,Columbia,columbia,FA270 Columbia #10 X 3/4in Fender Washer #6029,FA270,2.10,0.40,missing,
auto_accept,exact_identity_key,verified_exact_identity,100,85,90,70,yes,,columbia::fa270,120,simple,,FA270,FA270,"#10 x 3/4"" Fender Washer","#10 x 3/4"" Fender Washer",Columbia Tools,columbia,2.50,regular_price,,Wall Tools,wall_tools,Columbia Parts,columbia,Columbia #10 x ¾” Fender Washer (COLM-FA270),FA270,1.48,1.02,product_specific,Columbia #10 x ¾” Fender Washer
auto_accept,exact_identity_key,verified_exact_identity,100,90,100,70,yes,,columbia::fa228,121,simple,,FA228,FA228,#6 Flat Washer,#6 Flat Washer,Columbia Tools,columbia,1.00,regular_price,,Wall Tools,wall_tools,Columbia Parts,columbia,Columbia #6 Flat Washer (COLM-FA228),FA228,0.55,0.45,product_specific,"Columbia Taping Tool Parts, Columbia Tool Parts, Taping Tool Parts, Taping Tool Repair"
auto_accept,exact_identity_key,verified_exact_identity,100,90,100,70,yes,,columbia::fa229,122,simple,,FA229,FA229,#6 Lock Washer,#6 Lock Washer,Columbia Tools,columbia,1.00,regular_price,,Wall Tools,wall_tools,Columbia Parts,columbia,Columbia #6 Lock Washer (COLM-FA229),FA229,0.55,0.45,product_specific,"Columbia Taping Tool Parts, Columbia Tool Parts, Taping Tool Parts, Taping Tool Repair"
auto_accept,exact_identity_key,verified_exact_identity,100,90,100,70,yes,,columbia::fa230,123,simple,,FA230,FA230,#6 Star Washer,#6 Star Washer,Columbia Tools,columbia,1.00,regular_price,,Wall Tools,wall_tools,Columbia Parts,columbia,Columbia #6 Star Washer (COLM-FA230),FA230,0.55,0.45,product_specific,"Columbia Taping Tool Parts, Columbia Tool Parts, Taping Tool Parts, Taping Tool Repair"
auto_accept,exact_identity_key,verified_exact_identity,100,90,100,70,yes,,columbia::fa253,124,simple,,FA253,FA253,#8 Flat Washer,#8 Flat Washer,Columbia Tools,columbia,1.85,regular_price,,All-Wall,all_wall,Columbia,columbia,FA253 Columbia #8 Flat Washer #6019,FA253,1.05,0.80,missing,
auto_accept,exact_identity_key,verified_exact_identity,100,90,100,70,yes,,columbia::fa253,124,simple,,FA253,FA253,#8 Flat Washer,#8 Flat Washer,Columbia Tools,columbia,1.85,regular_price,,Wall Tools,wall_tools,Columbia Parts,columbia,Columbia #8 Flat Washer (COLM-FA253),FA253,0.55,1.30,product_specific,"Columbia Taping Tool Parts, Columbia Tool Parts, Taping Tool Parts, Taping Tool Repair"
review,exact_identifier_brand_conflict,review_brand_conflict,90,95,100,81,no,brand_mismatch:columbia!=tapetech,tapetech::fa253,124,simple,,FA253,FA253,#8 Flat Washer,#8 Flat Washer,Columbia Tools,columbia,1.85,regular_price,,Al's Taping Tools,als_taping_tools,TapeTech,tapetech,#8 Flat Washer - FA253,FA253,1.50,0.35,product_specific,FA253 - #8 Flat Washer
auto_accept,exact_identity_key,verified_exact_identity,100,90,100,68,yes,,columbia::fa252,125,simple,,FA252,FA252,#8 Star Washer,#8 Star Washer,Columbia Tools,columbia,2.05,regular_price,,All-Wall,all_wall,Columbia,columbia,FA252 Columbia #8 Star Washer #10453,FA252,1.15,0.90,missing,
auto_accept,exact_identity_key,verified_exact_identity,100,90,100,70,yes,,columbia::fa252,125,simple,,FA252,FA252,#8 Star Washer,#8 Star Washer,Columbia Tools,columbia,2.05,regular_price,,Wall Tools,wall_tools,Columbia Parts,columbia,Columbia #8 Star Washer (COLM-FA252),FA252,0.55,1.50,product_specific,Columbia #8 Star Washer
auto_accept,exact_identity_key,verified_exact_identity,100,90,100,79,yes,,columbia::fa202,126,simple,,FA202,FA202,"1/16 X 1/2"" Cotter Pin","1/16 X 1/2"" Cotter Pin",Columbia Tools,columbia,1.00,regular_price,,Wall Tools,wall_tools,Columbia Parts,columbia,Columbia 1/16 x 1/2 in. Cotter Pin (COLM-FA202),FA202,0.55,0.45,product_specific,Columbia 1/16 x 1/2 in. Cotter Pin
auto_accept,exact_identity_key,verified_exact_identity,100,90,100,78,yes,,columbia::fa200,127,simple,,FA200,FA200,"1/16 x 1/4"" Split Pin","1/16 x 1/4"" Split Pin",Columbia Tools,columbia,1.00,regular_price,,All-Wall,all_wall,Columbia,columbia,"FA200 1/16"" X 1/4"" Split Pin #6001",FA200,1.05,-0.05,missing,
auto_accept,exact_identity_key,verified_exact_identity,100,90,100,78,yes,,columbia::fa200,127,simple,,FA200,FA200,"1/16 x 1/4"" Split Pin","1/16 x 1/4"" Split Pin",Columbia Tools,columbia,1.00,regular_price,,Wall Tools,wall_tools,Columbia Parts,columbia,Columbia 1/16 x 1/4 Split Pin (COLM-FA200),FA200,0.55,0.45,product_specific,"Columbia Taping Tool Parts, Columbia Tool Parts, Taping Tool Parts, Taping Tool Repair"
auto_accept,exact_identity_key,verified_exact_identity,100,90,100,79,yes,,columbia::fa203,128,simple,,FA203,FA203,"1/16 x 3/4"" Cotter Pin","1/16 x 3/4"" Cotter Pin",Columbia Tools,columbia,1.00,regular_price,,Wall Tools,wall_tools,Columbia Parts,columbia,Columbia 1/16 x 3/4 Cotter Pin (COLM-FA203),FA203,0.55,0.45,product_specific,"Columbia Taping Tool Parts, Columbia Tool Parts, Taping Tool Parts, Taping Tool Repair"
auto_accept,exact_identity_key,verified_exact_identity,100,85,83,66,yes,,columbia::fa308,129,simple,,FA3,FA3 | FA308,"1/2"" x 7/8"" Flat Washer","1/2"" x 7/8"" Flat Washer",Columbia Tools,columbia,2.50,regular_price,,All-Wall,all_wall,Columbia,columbia,FA308 Columbia 33/64 X 7/8in Flat Washer #6055,FA308,2.10,0.40,missing,
auto_accept,exact_identity_key,verified_exact_identity,100,90,100,79,yes,,columbia::fa308,129,simple,,FA3,FA3 | FA308,"1/2"" x 7/8"" Flat Washer","1/2"" x 7/8"" Flat Washer",Columbia Tools,columbia,2.50,regular_price,,Wall Tools,wall_tools,Columbia Parts,columbia,Columbia 1/2 x 7/8 Flat Washer (COLM-FA308),FA308,1.48,1.02,product_specific,"Columbia Taping Tool Parts, Columbia Tool Parts, Taping Tool Parts, Taping Tool Repair"
review,exact_identifier_brand_conflict,review_brand_conflict,90,79,83,73,no,brand_mismatch:columbia!=tapetech,tapetech::fa308,129,simple,,FA3,FA3 | FA308,"1/2"" x 7/8"" Flat Washer","1/2"" x 7/8"" Flat Washer",Columbia Tools,columbia,2.50,regular_price,,Al's Taping Tools,als_taping_tools,TapeTech,tapetech,33/64 X 7/8in Flat Washer - FA308,FA-308,1.79,0.71,product_specific,FA308 - 33/64 X 7/8in Flat Washer FA308 Columbia 33/64 X 7/8in Flat Washer #6055
auto_accept,exact_identity_key,verified_exact_identity,100,90,100,71,yes,,columbia::ct109,130,simple,,CT109,CT109,1/4 - 20 Hex Nut,1/4 - 20 Hex Nut,Columbia Tools,columbia,6.00,regular_price,,Wall Tools,wall_tools,Columbia Parts,columbia,Columbia 1/4 - 20 Hex Nut (COLM-CT109),CT109,4.53,1.47,product_specific,"Columbia Taping Tool Parts, Columbia Tool Parts, Taping Tool Parts, Taping Tool Repair"
review,exact_identifier_contradiction,review_contradiction,94,85,36,36,no,title_identifier_conflict:['ct114']!=ct109,columbia::ct109,130,simple,,CT109,CT109,1/4 - 20 Hex Nut,1/4 - 20 Hex Nut,Columbia Tools,columbia,6.00,regular_price,,All-Wall,all_wall,Columbia,columbia,CT114 Columbia Taper Cable Retaining Nut #5972,CT109,6.40,-0.40,missing,
auto_accept,exact_identity_key,verified_exact_identity,100,85,94,76,yes,,columbia::fa296,131,simple,,FA296,FA296,"1/4 -20 x 1/2"" Hex Bolt","1/4 -20 x 1/2"" Hex Bolt",Columbia Tools,columbia,3.35,regular_price,,All-Wall,all_wall,Columbia,columbia,FA296 Columbia 1/4-20 X 1/2in Hex Bolt #6046,FA296,1.00,2.35,missing,
auto_accept,exact_identity_key,verified_exact_identity,100,90,100,79,yes,,columbia::fa296,131,simple,,FA296,FA296,"1/4 -20 x 1/2"" Hex Bolt","1/4 -20 x 1/2"" Hex Bolt",Columbia Tools,columbia,3.35,regular_price,,Wall Tools,wall_tools,Columbia Parts,columbia,Columbia 1/4-20 x 1/2 Hex Bolt (COLM-FA296),FA296,0.69,2.66,product_specific,"Columbia Taping Tool Parts, Columbia Tool Parts, Taping Tool Parts, Taping Tool Repair"
auto_accept,exact_identity_key,verified_exact_identity,100,67,68,67,yes,,columbia::fa295,132,simple,,FA295,FA295,"1/4 x 1/2"" Flathead Socket","1/4 x 1/2"" Flathead Socket",Columbia Tools,columbia,3.45,regular_price,,All-Wall,all_wall,Columbia,columbia,FA295 Columbia 1/4-20 X 1/2in Flat Socket #6045,FA295,1.05,2.40,missing,
auto_accept,exact_identity_key,verified_exact_identity,100,85,65,57,yes,,columbia::fa295,132,simple,,FA295,FA295,"1/4 x 1/2"" Flathead Socket","1/4 x 1/2"" Flathead Socket",Columbia Tools,columbia,3.45,regular_price,,Wall Tools,wall_tools,Columbia Parts,columbia,Columbia -20 x  in. Flat Head Socket Screw (COLM-FA295),FA295,0.55,2.90,product_specific,Columbia -20 x in. Flat Head Socket Screw
auto_accept,exact_identity_key,verified_exact_identity,100,77,81,57,yes,,columbia::fa286,134,simple,,FA286,FA286,"1/4"" x 1/2"" Flat Washer","1/4"" x 1/2"" Flat Washer",Columbia Tools,columbia,1.00,regular_price,,Wall Tools,wall_tools,Columbia Parts,columbia,Columbia  x  in. Flat Washer (COLM-FA286),FA286,0.55,0.45,product_specific,Columbia x in. Flat Washer
auto_accept,exact_identity_key,verified_exact_identity,100,85,86,64,yes,,columbia::fa288,135,simple,,FA288,FA288,"1/4"" X 3/4"" Split Pin","1/4"" X 3/4"" Split Pin",Columbia Tools,columbia,2.25,regular_price,,All-Wall,all_wall,Columbia,columbia,FA288 Columbia 1/4in X 1/2in Split Pin #6040,FA288,2.36,-0.11,missing,
auto_accept,exact_identity_key,verified_exact_identity,100,74,78,53,yes,,columbia::fa288,135,simple,,FA288,FA288,"1/4"" X 3/4"" Split Pin","1/4"" X 3/4"" Split Pin",Columbia Tools,columbia,2.25,regular_price,,Wall Tools,wall_tools,Columbia Parts,columbia,Columbia  x  in. Split Pin (COLM-FA288),FA288,2.03,0.22,product_specific,Columbia x in. Split Pin
review,exact_identifier_unknown_brand,review_unknown_brand,90,85,86,70,yes,competitor_brand_unknown,,135,simple,,FA288,FA288,"1/4"" X 3/4"" Split Pin","1/4"" X 3/4"" Split Pin",Columbia Tools,columbia,2.25,regular_price,,Al's Taping Tools,als_taping_tools,Porter,,1/4in X 1/2in Split Pin - FA288,FA-288,2.77,-0.52,product_specific,FA288 - 1/4in X 1/2in Split Pin FA288 Columbia 1/4in X 1/2in Split Pin #6040
auto_accept,exact_identity_key,verified_exact_identity,100,90,100,71,yes,,columbia::fa291,136,simple,,FA291,FA291,1/4-20 Hex Nut,1/4-20 Hex Nut,Columbia Tools,columbia,2.00,regular_price,,Wall Tools,wall_tools,Columbia Parts,columbia,Columbia 1/4-20 Hex Nut (COLM-FA291),FA291,1.16,0.84,product_specific,"Columbia Taping Tool Parts, Columbia Tool Parts, Taping Tool Parts, Taping Tool Repair"
auto_accept,exact_identity_key,verified_exact_identity,100,68,68,68,yes,,columbia::fa299,137,simple,,FA299,FA299,"1/4-20 x 1 1/2"" Pan Phillips","1/4-20 x 1 1/2"" Pan Phillips",Columbia Tools,columbia,4.00,regular_price,,All-Wall,all_wall,Columbia,columbia,"1/4-20 X 1-1/2"" Hex Bolt",FA299,4.33,-0.33,missing,
auto_accept,exact_identity_key,verified_exact_identity,100,59,60,59,yes,,columbia::fa299,137,simple,,FA299,FA299,"1/4-20 x 1 1/2"" Pan Phillips","1/4-20 x 1 1/2"" Pan Phillips",Columbia Tools,columbia,4.00,regular_price,,Wall Tools,wall_tools,Columbia Parts,columbia,Columbia 1/4-20 x 1-1/2 Hex Bolt (COLM-FA299),FA299,2.71,1.29,product_specific,"Columbia Taping Tool Parts, Columbia Tool Parts, Taping Tool Parts, Taping Tool Repair"
auto_accept,exact_identity_key,verified_exact_identity,100,83,88,61,yes,,columbia::fa301,139,simple,,FA301,FA301,"1/4-20 x 2 1/4"" Hex Bolt","1/4-20 x 2 1/4"" Hex Bolt",Columbia Tools,columbia,3.00,regular_price,,Wall Tools,wall_tools,Columbia Parts,columbia,Columbia ¼-20 x 2 ¼ in. Hex Bolt (COLM-FA301),FA301,2.71,0.29,product_specific,Columbia ¼-20 x 2 ¼ in. Hex Bolt
auto_accept,exact_identity_key,verified_exact_identity,100,85,94,74,yes,,columbia::fa300,140,simple,,FA300,FA300,"1/4-20 x 2"" Hex Bolt","1/4-20 x 2"" Hex Bolt",Columbia Tools,columbia,4.25,regular_price,,All-Wall,all_wall,Columbia,columbia,FA300 Columbia 1/4-20 X 2in Hex Bolt #6050,FA300,3.83,0.42,missing,
auto_accept,exact_identity_key,verified_exact_identity,100,90,100,77,yes,,columbia::fa300,140,simple,,FA300,FA300,"1/4-20 x 2"" Hex Bolt","1/4-20 x 2"" Hex Bolt",Columbia Tools,columbia,4.25,regular_price,,Wall Tools,wall_tools,Columbia Parts,columbia,Columbia 1/4-20 x 2 Hex Bolt (COLM-FA300),FA300,2.71,1.54,product_specific,"Columbia Taping Tool Parts, Columbia Tool Parts, Taping Tool Parts, Taping Tool Repair"
auto_accept,exact_identity_key,verified_exact_identity,100,85,90,63,yes,,columbia::fa294,142,simple,,FA294,FA294,"1/4-20 x 38"" Socket","1/4-20 x 38"" Socket",Columbia Tools,columbia,3.25,regular_price,,All-Wall,all_wall,Columbia,columbia,FA294 Columbia 1/4-20 X 3/8 Socket Hd Screw #6044,FA294,2.75,0.50,missing,
auto_accept,exact_identity_key,verified_exact_identity,100,85,90,66,yes,,columbia::fa294,142,simple,,FA294,FA294,"1/4-20 x 38"" Socket","1/4-20 x 38"" Socket",Columbia Tools,columbia,3.25,regular_price,,Wall Tools,wall_tools,Columbia Parts,columbia,Columbia 1/4-20 x 3/8 Socket Screw (COLM-FA294),FA294,2.03,1.22,product_specific,"Columbia Taping Tool Parts, Columbia Tool Parts, Taping Tool Parts, Taping Tool Repair"
auto_accept,exact_identity_key,verified_exact_identity,100,85,94,64,yes,,columbia::fa297,143,simple,,FA297,FA297,"1/4-20 x 5/8"" Socket","1/4-20 x 5/8"" Socket",Columbia Tools,columbia,2.00,regular_price,,All-Wall,all_wall,Columbia,columbia,FA297 Columbia 1/4-20 X 5/8in Socket Hd Scre #6047,FA297,2.75,-0.75,missing,
auto_accept,exact_identity_key,verified_exact_identity,100,90,100,69,yes,,columbia::fa297,143,simple,,FA297,FA297,"1/4-20 x 5/8"" Socket","1/4-20 x 5/8"" Socket",Columbia Tools,columbia,2.00,regular_price,,Wall Tools,wall_tools,Columbia Parts,columbia,Columbia 1/4-20 x 5/8 Socket Screw (COLM-FA297),FA297,2.03,-0.03,product_specific,"Columbia Taping Tool Parts, Columbia Tool Parts, Taping Tool Parts, Taping Tool Repair"
auto_accept,exact_identity_key,verified_exact_identity,100,85,95,78,yes,,columbia::fa298,144,simple,,FA298,FA298,"1/4-20 x 7/8"" Flat Socket","1/4-20 x 7/8"" Flat Socket",Columbia Tools,columbia,2.85,regular_price,,All-Wall,all_wall,Columbia,columbia,FA298 Columbia 1/4-20 X 7/8in Flat Socket #6048,FA298,1.05,1.80,missing,
auto_accept,exact_identity_key,verified_exact_identity,100,85,90,65,yes,,columbia::fa298,144,simple,,FA298,FA298,"1/4-20 x 7/8"" Flat Socket","1/4-20 x 7/8"" Flat Socket",Columbia Tools,columbia,2.85,regular_price,,Wall Tools,wall_tools,Columbia Parts,columbia,Columbia -20 x 7/8 in. Flat Socket Screw (COLM-FA298),FA298,0.55,2.30,product_specific,Columbia -20 x 7/8 in. Flat Socket Screw
review,exact_identifier_brand_conflict,review_brand_conflict,90,90,95,85,no,brand_mismatch:columbia!=tapetech,tapetech::fa298,144,simple,,FA298,FA298,"1/4-20 x 7/8"" Flat Socket","1/4-20 x 7/8"" Flat Socket",Columbia Tools,columbia,2.85,regular_price,,Al's Taping Tools,als_taping_tools,TapeTech,tapetech,1/4-20 X 7/8in Flat Socket - FA298,FA-298,1.55,1.30,product_specific,FA298 -1/4-20 X 7/8in Flat Socket FA298 Columbia 1/4-20 X 7/8in Flat Socket #6048
auto_accept,exact_identity_key,verified_exact_identity,100,85,100,77,yes,,columbia::fa302,145,simple,,FA302,FA302,"1/4-28 x 1/4"" Set Screw","1/4-28 x 1/4"" Set Screw",Columbia Tools,columbia,3.85,regular_price,,All-Wall,all_wall,Columbia,columbia,FA302 Columbia 1/4-28 X 1/4in Set Screw #6051,FA302,2.15,1.70,missing,
auto_accept,exact_identity_key,verified_exact_identity,100,90,100,80,yes,,columbia::fa302,145,simple,,FA302,FA302,"1/4-28 x 1/4"" Set Screw","1/4-28 x 1/4"" Set Screw",Columbia Tools,columbia,3.85,regular_price,,Wall Tools,wall_tools,Columbia Parts,columbia,Columbia 1/4-28 x 1/4 Set Screw (COLM-FA302),FA302,1.53,2.32,product_specific,"Columbia Taping Tool Parts, Columbia Tool Parts, Taping Tool Parts, Taping Tool Repair"
review,exact_identifier_brand_conflict,review_brand_conflict,90,95,100,84,no,brand_mismatch:columbia!=tapetech,tapetech::fa302,145,simple,,FA302,FA302,"1/4-28 x 1/4"" Set Screw","1/4-28 x 1/4"" Set Screw",Columbia Tools,columbia,3.85,regular_price,,Al's Taping Tools,als_taping_tools,TapeTech,tapetech,1/4-28 X 1/4in Set Screw - FA302,FA302,1.05,2.80,product_specific,FA302 - 1/4-28 X 1/4in Set Screw
auto_accept,exact_identity_key,verified_exact_identity,100,57,58,57,yes,,columbia::fa225,160,simple,,FA225,FA225,"1/8"" x 3/8"" Rivet Shoulder Washer","1/8"" x 3/8"" Rivet Shoulder Washer",Columbia Tools,columbia,2.05,regular_price,,All-Wall,all_wall,Columbia,columbia,FA225 Columbia 1/8in X 3/8in Special Washer #6010,FA225,2.10,-0.05,missing,
auto_accept,exact_identity_key,verified_exact_identity,100,95,100,84,yes,,columbia::fa225,160,simple,,FA225,FA225,"1/8"" x 3/8"" Rivet Shoulder Washer","1/8"" x 3/8"" Rivet Shoulder Washer",Columbia Tools,columbia,2.05,regular_price,,Wall Tools,wall_tools,Columbia Parts,columbia,Columbia 1/8 x 3/8 in. Rivet Shoulder Washer (COLM-FA225),FA225,1.48,0.57,product_specific,Columbia 1/8 x 3/8 in. Rivet Shoulder Washer
auto_accept,exact_identity_key,verified_exact_identity,100,85,93,71,yes,,columbia::fa224,161,simple,,FA224,FA224,"1/8"" x 3/8"" Split Pin","1/8"" x 3/8"" Split Pin",Columbia Tools,columbia,1.95,regular_price,,All-Wall,all_wall,Columbia,columbia,FA224 Columbia 1/8in X 3/8in Split Pin #6009,FA224,1.15,0.80,missing,
auto_accept,exact_identity_key,verified_exact_identity,100,90,100,77,yes,,columbia::fa224,161,simple,,FA224,FA224,"1/8"" x 3/8"" Split Pin","1/8"" x 3/8"" Split Pin",Columbia Tools,columbia,1.95,regular_price,,Wall Tools,wall_tools,Columbia Parts,columbia,Columbia 1/8 x 3/8 Split Pin (COLM-FA224),FA224,0.81,1.14,product_specific,"Columbia Taping Tool Parts, Columbia Tool Parts, Taping Tool Parts, Taping Tool Repair"
auto_accept,exact_identity_key,verified_exact_identity,100,90,100,73,yes,,columbia::fa271,162,simple,,FA271,FA271,10-24 Nyloc Nut,10-24 Nyloc Nut,Columbia Tools,columbia,2.00,regular_price,,Wall Tools,wall_tools,Columbia Parts,columbia,Columbia 10-24 Nyloc Nut (COLM-FA271),FA271,1.48,0.52,product_specific,Columbia 10-24 Nyloc Nut
auto_accept,exact_identity_key,verified_exact_identity,100,90,100,71,yes,,columbia::fa272,163,simple,,FA272,FA272,10-24 Wing Nut,10-24 Wing Nut,Columbia Tools,columbia,2.00,regular_price,,Wall Tools,wall_tools,Columbia Parts,columbia,Columbia 10-24 Wing Nut (COLM-FA272),FA272,1.48,0.52,product_specific,"Columbia 10-24 Wing Nut, COLM-fa272, fa272"
auto_accept,exact_identity_key,verified_exact_identity,100,90,100,76,yes,,columbia::fa273,164,simple,,FA273,FA273,"10-24 x 1"" Hex Bolt","10-24 x 1"" Hex Bolt",Columbia Tools,columbia,3.25,regular_price,,Wall Tools,wall_tools,Columbia Parts,columbia,Columbia 10-24 x 1 in. Hex Bolt (COLM-FA273),FA273,1.48,1.77,product_specific,Columbia 10-24 x 1 in. Hex Bolt
review,exact_identifier_contradiction,review_contradiction,94,90,100,80,no,title_identifier_conflict:['colfa273']!=fa273,columbia::fa273,164,simple,,FA273,FA273,"10-24 x 1"" Hex Bolt","10-24 x 1"" Hex Bolt",Columbia Tools,columbia,3.25,regular_price,,All-Wall,all_wall,Columbia,columbia,"COLFA273 10-24 X 1"" Hex Bolt",FA273,2.10,1.15,missing,
auto_accept,exact_identity_key,verified_exact_identity,100,65,68,59,yes,,columbia::fa312,165,simple,,FA312,FA312,"10-24 X 1/4"" Socket Hand Set","10-24 X 1/4"" Socket Hand Set",Columbia Tools,columbia,2.85,regular_price,,All-Wall,all_wall,Columbia,columbia,FA312 Columbia 10-24 X 1/4in Set Screw #6796,FA312,2.15,0.70,product_specific,FA312 Columbia 10-24 X 1/4in Set Screw #6796
auto_accept,exact_identity_key,verified_exact_identity,100,76,80,65,yes,,columbia::fa312,165,simple,,FA312,FA312,"10-24 X 1/4"" Socket Hand Set","10-24 X 1/4"" Socket Hand Set",Columbia Tools,columbia,2.85,regular_price,,Wall Tools,wall_tools,Columbia Parts,columbia,Columbia 10-24 x ¼” Socket Head Set Screw (COLM-FA312),FA312,1.48,1.37,product_specific,Columbia 10-24 x ¼” Socket Head Set Screw
auto_accept,exact_identity_key,verified_exact_identity,100,85,94,62,yes,,columbia::fa274,166,simple,,FA274,FA274,"10-24 x 3/8"" Socket","10-24 x 3/8"" Socket",Columbia Tools,columbia,2.65,regular_price,,All-Wall,all_wall,Columbia,columbia,FA274 Columbia 10-24 X 3/8in Socket Hd Screw #6031,FA274,2.75,-0.10,missing,
auto_accept,exact_identity_key,verified_exact_identity,100,90,100,67,yes,,columbia::fa274,166,simple,,FA274,FA274,"10-24 x 3/8"" Socket","10-24 x 3/8"" Socket",Columbia Tools,columbia,2.65,regular_price,,Wall Tools,wall_tools,Columbia Parts,columbia,Columbia 10-24 x 3/8 in. Socket Screw (COLM-FA274),FA274,2.03,0.62,product_specific,Columbia 10-24 x 3/8 in. Socket Screw
auto_accept,exact_identity_key,verified_exact_identity,100,84,88,68,yes,,columbia::fa275,167,simple,,FA275,FA275,"10-24 x 7/8"" Hex Bolt","10-24 x 7/8"" Hex Bolt",Columbia Tools,columbia,3.15,regular_price,,Wall Tools,wall_tools,Columbia Parts,columbia,Columbia 10-24 x  Hex Bolt (COLM-FA275),FA275,1.53,1.62,product_specific,"Columbia Taping Tool Parts, Columbia Tool Parts, Taping Tool Parts, Taping Tool Repair"
review,exact_identifier_contradiction,review_contradiction,94,85,88,67,no,measurement_mismatch:['0.875']!=['0.75'],columbia::fa275,167,simple,,FA275,FA275,"10-24 x 7/8"" Hex Bolt","10-24 x 7/8"" Hex Bolt",Columbia Tools,columbia,3.15,regular_price,,All-Wall,all_wall,Columbia,columbia,FA275 Columbia 10-24 X 3/4in Hex Bolt #6032,FA275,2.15,1.00,missing,
review,exact_identifier_brand_conflict,review_brand_conflict,90,84,88,41,no,brand_mismatch:columbia!=tapetech,tapetech::fa275,167,simple,,FA275,FA275,"10-24 x 7/8"" Hex Bolt","10-24 x 7/8"" Hex Bolt",Columbia Tools,columbia,3.15,regular_price,,Al's Taping Tools,als_taping_tools,TapeTech,tapetech,39 - Hex Head Bolt 10-24 x 3/4,FA275,1.40,1.75,product_specific,39 - Hex Head Bolt 10-24 x 3/4
auto_accept,exact_identity_key,verified_exact_identity,100,85,85,59,yes,,columbia::fa276,168,simple,,FA276,FA276,"10-24 x 7/8"" Pan Slot","10-24 x 7/8"" Pan Slot",Columbia Tools,columbia,3.35,regular_price,,All-Wall,all_wall,Columbia,columbia,FA276 Columbia 10-24 X 7/8 Pan Head Screw #6033,FA276,1.05,2.30,missing,
auto_accept,exact_identity_key,verified_exact_identity,100,85,88,60,yes,,columbia::fa276,168,simple,,FA276,FA276,"10-24 x 7/8"" Pan Slot","10-24 x 7/8"" Pan Slot",Columbia Tools,columbia,3.35,regular_price,,Wall Tools,wall_tools,Columbia Parts,columbia,Columbia 10-24 x 7/8 in. Binder Slot Screw (COLM-FA276),FA276,0.55,2.80,product_specific,Columbia 10-24 x 7/8 in. Binder Slot Screw
review,exact_identifier_contradiction,review_contradiction,94,95,100,86,no,title_identifier_conflict:['colfa316']!=fa316,columbia::fa316,169,simple,,FA316,FA316,"10-32 X 1/2"" Flat Socket Head","10-32 X 1/2"" Flat Socket Head",Columbia Tools,columbia,2.00,regular_price,,All-Wall,all_wall,Columbia,columbia,"COLFA316 10-32 x 1/2"" Flat Socket Head",FA316,2.10,-0.10,missing,
auto_accept,exact_identity_key,verified_exact_identity,100,95,100,80,yes,,columbia::fa199,171,simple,,FA199,FA199,"2-56 x 3/16"" Binder Slot","2-56 x 3/16"" Binder Slot",Columbia Tools,columbia,1.00,regular_price,,Wall Tools,wall_tools,Columbia Parts,columbia,Columbia 2-56 X 3/16 Binder Slot (COLM-FA199),FA199,0.55,0.45,product_specific,"Columbia Taping Tool Parts, Columbia Tool Parts, Taping Tool Parts, Taping Tool Repair"
auto_accept,exact_identity_key,verified_exact_identity,100,90,100,68,yes,,columbia::fa206,173,simple,,FA206,FA206,4-40 Hex Nut,4-40 Hex Nut,Columbia Tools,columbia,2.00,regular_price,,Wall Tools,wall_tools,Columbia Parts,columbia,Columbia 4-40 Hex Nut (COLM-FA206),FA206,1.48,0.52,product_specific,"Columbia Taping Tool Parts, Columbia Tool Parts, Taping Tool Parts, Taping Tool Repair"
auto_accept,exact_identity_key,verified_exact_identity,100,90,100,71,yes,,columbia::fa207,174,simple,,FA207,FA207,4-40 Nyloc Nut,4-40 Nyloc Nut,Columbia Tools,columbia,2.50,regular_price,,Wall Tools,wall_tools,Columbia Parts,columbia,Columbia 4-40 Nyloc Nut (COLM-FA207),FA207,1.48,1.02,product_specific,"Columbia Taping Tool Parts, Columbia Tool Parts, Taping Tool Parts, Taping Tool Repair"
review,exact_identifier_unknown_brand,review_unknown_brand,90,85,90,64,yes,competitor_brand_unknown,,174,simple,,FA207,FA207,4-40 Nyloc Nut,4-40 Nyloc Nut,Columbia Tools,columbia,2.50,regular_price,,Al's Taping Tools,als_taping_tools,TapeWorm,,7 - Nylock Nut 4-40,fa207,2.50,0.00,product_specific,7 - Nylock Nut 4-40
auto_accept,exact_identity_key,verified_exact_identity,100,85,56,56,yes,,columbia::fa219,175,simple,,FA219,FA219,"4-40 x 1/2"" Fillister Slot","4-40 x 1/2"" Fillister Slot",Columbia Tools,columbia,1.00,regular_price,,All-Wall,all_wall,Columbia,columbia,FA219 Columbia 4-40 X 1/2in Fill. Head Screw #6005,FA219,1.05,-0.05,missing,
auto_accept,exact_identity_key,verified_exact_identity,100,95,100,81,yes,,columbia::fa219,175,simple,,FA219,FA219,"4-40 x 1/2"" Fillister Slot","4-40 x 1/2"" Fillister Slot",Columbia Tools,columbia,1.00,regular_price,,Wall Tools,wall_tools,Columbia Parts,columbia,Columbia 4-40 x 1/2 Fillister Slot (COLM-FA219),FA219,0.55,0.45,product_specific,"Columbia Taping Tool Parts, Columbia Tool Parts, Taping Tool Parts, Taping Tool Repair"
auto_accept,exact_identity_key,verified_exact_identity,100,90,100,62,yes,,columbia::fa213,176,simple,,FA213,FA213,"4-40 x 1/4"" Binder Slot","4-40 x 1/4"" Binder Slot",Columbia Tools,columbia,1.00,regular_price,,Wall Tools,wall_tools,Columbia Parts,columbia,"Columbia 4-40 x 1/4"" Binder Slot (Pan Head Screw) (COLM-FA213)",FA213,0.55,0.45,product_specific,"Columbia Taping Tool Parts, Columbia Tool Parts, Taping Tool Parts, Taping Tool Repair"
auto_accept,exact_identity_key,verified_exact_identity,100,90,100,78,yes,,columbia::fa214,177,simple,,FA214,FA214,"4-40 x 1/4"" Flat Slot","4-40 x 1/4"" Flat Slot",Columbia Tools,columbia,1.00,regular_price,,Wall Tools,wall_tools,Columbia Parts,columbia,Columbia 4-40 x 1/4 Flat Slot (COLM-FA214),FA214,0.55,0.45,product_specific,"Columbia Taping Tool Parts, Columbia Tool Parts, Taping Tool Parts, Taping Tool Repair"
auto_accept,exact_identity_key,verified_exact_identity,100,90,100,80,yes,,columbia::fa208,178,simple,,FA2,FA2 | FA208,"4-40 x 1/8"" Binder Slot","4-40 x 1/8"" Binder Slot",Columbia Tools,columbia,1.65,regular_price,,Wall Tools,wall_tools,Columbia Parts,columbia,Columbia 4-40 x 1/8 Binder Slot (COLM-FA208),FA208,0.55,1.10,product_specific,"Columbia Taping Tool Parts, Columbia Tool Parts, Taping Tool Parts, Taping Tool Repair"
auto_accept,exact_identity_key,verified_exact_identity,100,90,100,63,yes,,columbia::fa210,179,simple,,FA210,FA210,"4-40 x 3/16"" Binder Slot","4-40 x 3/16"" Binder Slot",Columbia Tools,columbia,1.00,regular_price,,Wall Tools,wall_tools,Columbia Parts,columbia,Columbia 4-40 x 3/16 Binder Slot (Pan Head Screw) (COLM-FA210),FA210,0.55,0.45,product_specific,"Columbia Taping Tool Parts, Columbia Tool Parts, Taping Tool Parts, Taping Tool Repair"
auto_accept,exact_identity_key,verified_exact_identity,100,90,100,80,yes,,columbia::fa212,180,simple,,FA212,FA212,"4-40 x 3/16"" Truss Slot","4-40 x 3/16"" Truss Slot",Columbia Tools,columbia,1.00,regular_price,,Wall Tools,wall_tools,Columbia Parts,columbia,Columbia 4-40 x 3/16 Truss Slot (COLM-FA212),FA212,0.55,0.45,product_specific,"Columbia Taping Tool Parts, Columbia Tool Parts, Taping Tool Parts, Taping Tool Repair"
auto_accept,exact_identity_key,verified_exact_identity,100,85,64,57,yes,,columbia::fa220,181,simple,,FA220,FA220,"4-40 x 3/4"" Hex Bolt","4-40 x 3/4"" Hex Bolt",Columbia Tools,columbia,2.35,regular_price,,Wall Tools,wall_tools,Columbia Parts,columbia,Columbia 4-40 x 3/4 Binder Slot (COLM-FA220),FA220,0.55,1.80,product_specific,"Columbia Taping Tool Parts, Columbia Tool Parts, Taping Tool Parts, Taping Tool Repair"
review,exact_identifier_contradiction,review_contradiction,94,85,64,48,no,product_family_mismatch:['bolt']!=['screw'],columbia::fa220,181,simple,,FA220,FA220,"4-40 x 3/4"" Hex Bolt","4-40 x 3/4"" Hex Bolt",Columbia Tools,columbia,2.35,regular_price,,All-Wall,all_wall,Columbia,columbia,FA220 Columbia 4-40 X 3/4in Bind Head Screw #6006,FA220,1.10,1.25,missing,
review,exact_identifier_unknown_brand,review_unknown_brand,90,85,64,52,no,product_family_mismatch:['bolt']!=['screw'] | competitor_brand_unknown,,181,simple,,FA220,FA220,"4-40 x 3/4"" Hex Bolt","4-40 x 3/4"" Hex Bolt",Columbia Tools,columbia,2.35,regular_price,,Al's Taping Tools,als_taping_tools,Porter,,4-40 X 3/4in Bind Head Screw - FA220,FA220,0.49,1.86,product_specific,FA220 - 4-40 X 3/4in Bind Head Screw FA220 Columbia 4-40 X 3/4in Bind Head Screw #6006
auto_accept,exact_identity_key,verified_exact_identity,100,90,100,78,yes,,columbia::fa218,182,simple,,FA218,FA218,"4-40 x 3/8"" Flat Slot","4-40 x 3/8"" Flat Slot",Columbia Tools,columbia,1.00,regular_price,,Wall Tools,wall_tools,Columbia Parts,columbia,Columbia 4-40 x 3/8 Flat Slot (COLM-FA218),FA218,0.55,0.45,product_specific,"Columbia Taping Tool Parts, Columbia Tool Parts, Taping Tool Parts, Taping Tool Repair"
auto_accept,exact_identity_key,verified_exact_identity,100,95,100,81,yes,,columbia::fa216,183,simple,,FA216,FA216,4-40 X 3/8” Fillister Slot,4-40 X 3/8” Fillister Slot,Columbia Tools,columbia,2.00,regular_price,,Wall Tools,wall_tools,Columbia Parts,columbia,Columbia 4-40 x 3/8” Fillister Slot (COLM-FA216),FA216,0.55,1.45,product_specific,"Columbia Taping Tool Parts, Columbia Tool Parts, Taping Tool Parts, Taping Tool Repair"
auto_accept,exact_identity_key,verified_exact_identity,100,90,100,63,yes,,columbia::fa215,184,simple,,FA215,FA215,"4-40 x 5/16"" Binder Slot","4-40 x 5/16"" Binder Slot",Columbia Tools,columbia,1.95,regular_price,,Wall Tools,wall_tools,Columbia Parts,columbia,Columbia 4-40 x 5/16 Binder Slot (Pan Head Screw) (COLM-FA215),FA215,0.55,1.40,product_specific,"Columbia Taping Tool Parts, Columbia Tool Parts, Taping Tool Parts, Taping Tool Repair"
auto_accept,exact_identity_key,verified_exact_identity,100,90,100,74,yes,,columbia::fa303,185,simple,,FA303,FA303,5-16 Flat Washer,5-16 Flat Washer,Columbia Tools,columbia,3.00,regular_price,,Wall Tools,wall_tools,Columbia Parts,columbia,Columbia 5/16 Flat Washer (COLM-FA303),FA303,2.71,0.29,product_specific,"Columbia Taping Tool Parts, Columbia Tool Parts, Taping Tool Parts, Taping Tool Repair"
review,near_identical_title,review_near_identical,100,100,100,100,yes,,,185,simple,,FA303,FA303,5-16 Flat Washer,5-16 Flat Washer,Columbia Tools,columbia,3.00,regular_price,,All-Wall,all_wall,Columbia,columbia,5/16 Flat Washer,FA304,1.50,1.50,missing,
auto_accept,exact_identity_key,verified_exact_identity,100,90,100,75,yes,,columbia::fa307,186,simple,,FA307,FA307,5-16 x 24 Jam Nut,5-16 x 24 Jam Nut,Columbia Tools,columbia,3.00,regular_price,,Wall Tools,wall_tools,Columbia Parts,columbia,Columbia 5/16 x 24 Jam Nut (COLM-FA307),FA307,1.48,1.52,product_specific,"Columbia Taping Tool Parts, Columbia Tool Parts, Taping Tool Parts, Taping Tool Repair"
auto_accept,exact_identity_key,verified_exact_identity,100,85,95,77,yes,,columbia::fa305,187,simple,,FA305,FA305,"5/16 -18 x 3/4"" Hex Bolt","5/16 -18 x 3/4"" Hex Bolt",Columbia Tools,columbia,4.15,regular_price,,All-Wall,all_wall,Columbia,columbia,FA305 Columbia 5/16-18 X 3/4in Hex Bolt #6053,FA305,3.65,0.50,missing,
auto_accept,exact_identity_key,verified_exact_identity,100,90,100,80,yes,,columbia::fa305,187,simple,,FA305,FA305,"5/16 -18 x 3/4"" Hex Bolt","5/16 -18 x 3/4"" Hex Bolt",Columbia Tools,columbia,4.15,regular_price,,Wall Tools,wall_tools,Columbia Parts,columbia,Columbia 5/16-18 x 3/4 Hex Bolt (COLM-FA305),FA305,2.71,1.44,product_specific,"Columbia Taping Tool Parts, Columbia Tool Parts, Taping Tool Parts, Taping Tool Repair"
auto_accept,exact_identity_key,verified_exact_identity,100,85,95,78,yes,,columbia::fa306,188,simple,,FA306,FA306,"5/16-18 x 1 1/4"" Hex Bolt","5/16-18 x 1 1/4"" Hex Bolt",Columbia Tools,columbia,3.45,regular_price,,All-Wall,all_wall,Columbia,columbia,FA306 Columbia 5/16-18 X 1-1/4in Hex Bolt #6054,FA306,3.48,-0.03,missing,
auto_accept,exact_identity_key,verified_exact_identity,100,95,100,81,yes,,columbia::fa306,188,simple,,FA306,FA306,"5/16-18 x 1 1/4"" Hex Bolt","5/16-18 x 1 1/4"" Hex Bolt",Columbia Tools,columbia,3.45,regular_price,,Wall Tools,wall_tools,Columbia Parts,columbia,Columbia 5/16-18 x 1-1/4 Hex Bolt (COLM-FA306),FA306,2.71,0.74,product_specific,"Columbia Taping Tool Parts, Columbia Tool Parts, Taping Tool Parts, Taping Tool Repair"
review,exact_identifier_unknown_brand,review_unknown_brand,90,95,100,88,yes,competitor_brand_unknown,,188,simple,,FA306,FA306,"5/16-18 x 1 1/4"" Hex Bolt","5/16-18 x 1 1/4"" Hex Bolt",Columbia Tools,columbia,3.45,regular_price,,Al's Taping Tools,als_taping_tools,,,"5/16-18 x 1 1/4"" Hex Bolt - FA306",FA-306,3.15,0.30,product_specific,"FA306 - 5/16-18 x 1 1/4"" Hex Bolt"
auto_accept,exact_identity_key,verified_exact_identity,100,85,95,68,yes,,columbia::cfb10,189,simple,,CFB10,CFB10,"5/16-18 x 3/4"" Thumb Screw","5/16-18 x 3/4"" Thumb Screw",Columbia Tools,columbia,6.00,regular_price,,All-Wall,all_wall,Columbia,columbia,CFB10 Columbia Angle Box 5/16-18 X 3/4in Thumb Screw #5550,CFB10,7.30,-1.30,missing,
auto_accept,exact_identity_key,verified_exact_identity,100,95,100,81,yes,,columbia::cfb10,189,simple,,CFB10,CFB10,"5/16-18 x 3/4"" Thumb Screw","5/16-18 x 3/4"" Thumb Screw",Columbia Tools,columbia,6.00,regular_price,,Wall Tools,wall_tools,Columbia Parts,columbia,"Columbia 5/16""-18"" x 3/4"" Thumb Screw (COLM-CFB10)",CFB10,5.16,0.84,product_specific,"Columbia Taping Tool Parts, Columbia Tool Parts, Taping Tool Parts, Taping Tool Repair"
auto_accept,exact_identity_key,verified_exact_identity,100,48,16,16,yes,,columbia::fa317,190,simple,,FA317,FA317,"5/32"" x 7/8"" Roll Pin","5/32"" x 7/8"" Roll Pin",Columbia Tools,columbia,2.00,regular_price,,All-Wall,all_wall,Columbia,columbia,13722,FA317,2.10,-0.10,missing,
auto_accept,exact_identity_key,verified_exact_identity,100,90,100,68,yes,,columbia::fa232,192,simple,,FA232,FA232,6-32 Hex Nut,6-32 Hex Nut,Columbia Tools,columbia,1.75,regular_price,,All-Wall,all_wall,Columbia,columbia,FA232 Columbia 6-32 Hex Nut #6012,FA232,2.10,-0.35,product_specific,FA232 Columbia 6-32 Hex Nut #6012
auto_accept,exact_identity_key,verified_exact_identity,100,90,100,68,yes,,columbia::fa232,192,simple,,FA232,FA232,6-32 Hex Nut,6-32 Hex Nut,Columbia Tools,columbia,1.75,regular_price,,Wall Tools,wall_tools,Columbia Parts,columbia,Columbia 6-32 Hex Nut (COLM-FA232),FA232,1.48,0.27,product_specific,"Columbia Taping Tool Parts, Columbia Tool Parts, Taping Tool Parts, Taping Tool Repair"
auto_accept,exact_identity_key,verified_exact_identity,100,90,100,76,yes,,columbia::fa234,193,simple,,FA234,FA234,6-32 Nyloc Jam Nut,6-32 Nyloc Jam Nut,Columbia Tools,columbia,2.65,regular_price,,All-Wall,all_wall,Columbia,columbia,FA234 Columbia 6-32 Nyloc Jam Nut #6014,FA234,1.85,0.80,missing,
auto_accept,exact_identity_key,verified_exact_identity,100,90,100,76,yes,,columbia::fa234,193,simple,,FA234,FA234,6-32 Nyloc Jam Nut,6-32 Nyloc Jam Nut,Columbia Tools,columbia,2.65,regular_price,,Wall Tools,wall_tools,Columbia Parts,columbia,Columbia 6-32 Nyloc Jam Nut (COLM-FA234),FA234,1.32,1.33,product_specific,"Columbia Taping Tool Parts, Columbia Tool Parts, Taping Tool Parts, Taping Tool Repair"
auto_accept,exact_identity_key,verified_exact_identity,100,90,100,71,yes,,columbia::fa233,194,simple,,FA233,FA233,6-32 Nyloc Nut,6-32 Nyloc Nut,Columbia Tools,columbia,2.00,regular_price,,Wall Tools,wall_tools,Columbia Parts,columbia,Columbia 6-32 Nyloc Nut (COLM-FA233),FA233,1.48,0.52,product_specific,"Columbia Taping Tool Parts, Columbia Tool Parts, Taping Tool Parts, Taping Tool Repair"
auto_accept,exact_identity_key,verified_exact_identity,100,85,56,56,yes,,columbia::fa245,195,simple,,FA245,FA245,"6-32 x 1/2"" Fillister Slot","6-32 x 1/2"" Fillister Slot",Columbia Tools,columbia,2.15,regular_price,,All-Wall,all_wall,Columbia,columbia,FA245 Columbia 6-32 X 1/2in Fill. Head Screw #6017,FA245,1.05,1.10,missing,
auto_accept,exact_identity_key,verified_exact_identity,100,95,100,81,yes,,columbia::fa245,195,simple,,FA245,FA245,"6-32 x 1/2"" Fillister Slot","6-32 x 1/2"" Fillister Slot",Columbia Tools,columbia,2.15,regular_price,,Wall Tools,wall_tools,Columbia Parts,columbia,Columbia 6-32 x 1/2 Fillister Slot (COLM-FA245),FA245,0.71,1.44,product_specific,"Columbia Taping Tool Parts, Columbia Tool Parts, Taping Tool Parts, Taping Tool Repair"
auto_accept,exact_identity_key,verified_exact_identity,100,85,88,65,yes,,columbia::fa244,196,simple,,FA244,FA244,"6-32 x 1/2"" Pan Slot","6-32 x 1/2"" Pan Slot",Columbia Tools,columbia,1.00,regular_price,,Wall Tools,wall_tools,Columbia Parts,columbia,Columbia 6-32 x  1/2 Binder Slot (COLM-FA244),FA244,0.55,0.45,product_specific,"Columbia Taping Tool Parts, Columbia Tool Parts, Taping Tool Parts, Taping Tool Repair"
auto_accept,exact_identity_key,verified_exact_identity,100,90,100,62,yes,,columbia::fa239,200,simple,,FA239,FA239,"6-32 X 1/4"" Binder Slot","6-32 X 1/4"" Binder Slot",Columbia Tools,columbia,1.00,regular_price,,Wall Tools,wall_tools,Columbia Parts,columbia,Columbia 6-32 x 1/4 Binder Slot (Pan Head Screw) (COLM-FA239),FA239,0.55,0.45,product_specific,"Columbia Taping Tool Parts, Columbia Tool Parts, Taping Tool Parts, Taping Tool Repair"
auto_accept,exact_identity_key,verified_exact_identity,100,85,88,60,yes,,columbia::fa227,201,simple,,FA227,FA227,"6-32 X 1/4"" Flat Slot","6-32 X 1/4"" Flat Slot",Columbia Tools,columbia,2.00,regular_price,,Wall Tools,wall_tools,Columbia Parts,columbia,Columbia 6-32 x ¼” Flat Slot Screw (COLM-FA227),FA227,1.48,0.52,product_specific,Columbia 6-32 x ¼” Flat Slot Screw
auto_accept,exact_identity_key,verified_exact_identity,100,57,29,22,yes,,columbia::fa236,202,simple,,FA236,FA236,"6-32 X 1/8"" Binder Slot","6-32 X 1/8"" Binder Slot",Columbia Tools,columbia,1.00,regular_price,,All-Wall,all_wall,Columbia,columbia,13828,FA236,1.05,-0.05,missing,
auto_accept,exact_identity_key,verified_exact_identity,100,90,100,78,yes,,columbia::fa235,203,simple,,FA235,FA235,"6-32 X 1/8"" Set Screw","6-32 X 1/8"" Set Screw",Columbia Tools,columbia,2.00,regular_price,,Wall Tools,wall_tools,Columbia Parts,columbia,Columbia 6/32 x 1/8” Set Screw (COLM-FA235),FA235,1.11,0.89,product_specific,"Columbia Taping Tool Parts, Columbia Tool Parts, Taping Tool Parts, Taping Tool Repair"
auto_accept,exact_identity_key,verified_exact_identity,100,95,100,80,yes,,columbia::fa237,204,simple,,FA237,FA237,"6-32 x 3/16"" Binder Slot","6-32 x 3/16"" Binder Slot",Columbia Tools,columbia,1.00,regular_price,,Wall Tools,wall_tools,Columbia Parts,columbia,Columbia 6/32 x 3/16” Binder Slot (COLM-FA237),FA237,0.55,0.45,product_specific,"Columbia Taping Tool Parts, Columbia Tool Parts, Taping Tool Parts, Taping Tool Repair"
auto_accept,exact_identity_key,verified_exact_identity,100,95,100,82,yes,,columbia::fa238,205,simple,,FA238,FA238,"6-32 X 3/16"" Fillister Slot","6-32 X 3/16"" Fillister Slot",Columbia Tools,columbia,2.00,regular_price,,Wall Tools,wall_tools,Columbia Parts,columbia,Columbia 6-32 x 3/16 Fillister Slot (COLM-FA238),FA238,1.16,0.84,product_specific,"Columbia Taping Tool Parts, Columbia Tool Parts, Taping Tool Parts, Taping Tool Repair"
auto_accept,exact_identity_key,verified_exact_identity,100,90,100,62,yes,,columbia::fa241,206,simple,,FA241,FA241,"6-32 X 3/8"" Binder Slot","6-32 X 3/8"" Binder Slot",Columbia Tools,columbia,1.00,regular_price,,Wall Tools,wall_tools,Columbia Parts,columbia,Columbia 6-32 x 3/8 Binder Slot (Pan Head Screw) (COLM-FA241),FA241,0.55,0.45,product_specific,"Columbia Taping Tool Parts, Columbia Tool Parts, Taping Tool Parts, Taping Tool Repair"
auto_accept,exact_identity_key,verified_exact_identity,100,85,85,68,yes,,columbia::fa243,207,simple,,FA243,FA243,"6-32 x 3/8"" Flat Slot","6-32 x 3/8"" Flat Slot",Columbia Tools,columbia,1.00,regular_price,,Wall Tools,wall_tools,Columbia Parts,columbia,Columbia 6-32 x 3/8 Pan Slot (COLM-FA243),FA243,0.55,0.45,product_specific,"Columbia Taping Tool Parts, Columbia Tool Parts, Taping Tool Parts, Taping Tool Repair"
auto_accept,exact_identity_key,verified_exact_identity,100,86,91,72,yes,,columbia::fa231,208,simple,,FA231,FA231,"6-32 x 3/8"" Hex Bolt","6-32 x 3/8"" Hex Bolt",Columbia Tools,columbia,2.25,regular_price,,All-Wall,all_wall,Columbia,columbia,"Columbia #6 X 3/8"" Hex Bolt COLFA231",FA231,1.55,0.70,missing,
auto_accept,exact_identity_key,verified_exact_identity,100,90,100,77,yes,,columbia::fa231,208,simple,,FA231,FA231,"6-32 x 3/8"" Hex Bolt","6-32 x 3/8"" Hex Bolt",Columbia Tools,columbia,2.25,regular_price,,Wall Tools,wall_tools,Columbia Parts,columbia,Columbia 6-32 x 3/8 in. Hex Bolt (COLM-FA231),FA231,1.06,1.19,product_specific,Columbia 6-32 x 3/8 in. Hex Bolt
auto_accept,exact_identity_key,verified_exact_identity,100,85,94,74,yes,,columbia::fa247,209,simple,,FA247,FA247,"6-32 X 5/8"" Hex Bolt","6-32 X 5/8"" Hex Bolt",Columbia Tools,columbia,2.45,regular_price,,All-Wall,all_wall,Columbia,columbia,FA247 Columbia 6-32 X 5/8in Hex Bolt #6018,FA247,1.95,0.50,missing,
auto_accept,exact_identity_key,verified_exact_identity,100,90,100,77,yes,,columbia::fa247,209,simple,,FA247,FA247,"6-32 X 5/8"" Hex Bolt","6-32 X 5/8"" Hex Bolt",Columbia Tools,columbia,2.45,regular_price,,Wall Tools,wall_tools,Columbia Parts,columbia,Columbia 6-32 x 5/8 in. Hex Bolt (COLM-FA247),FA247,1.34,1.11,product_specific,Columbia 6-32 x 5/8 in. Hex Bolt
review,exact_identifier_brand_conflict,review_brand_conflict,90,89,94,82,no,brand_mismatch:columbia!=tapetech,tapetech::fa247,209,simple,,FA247,FA247,"6-32 X 5/8"" Hex Bolt","6-32 X 5/8"" Hex Bolt",Columbia Tools,columbia,2.45,regular_price,,Al's Taping Tools,als_taping_tools,TapeTech,tapetech,6-32 X 5/8in Hex Bolt - FA247,fa247,1.74,0.71,product_specific,FA247 - 6-32 X 5/8in Hex Bolt FA247 Columbia 6-32 X 5/8in Hex Bolt #6018
auto_accept,exact_identity_key,verified_exact_identity,100,90,100,71,yes,,columbia::fa254,210,simple,,FA254,FA254,8-32 Nyloc Nut,8-32 Nyloc Nut,Columbia Tools,columbia,2.00,regular_price,,Wall Tools,wall_tools,Columbia Parts,columbia,Columbia 8-32 Nyloc Nut (COLM-FA254),FA254,1.48,0.52,product_specific,"Columbia Taping Tool Parts, Columbia Tool Parts, Taping Tool Parts, Taping Tool Repair"
auto_accept,exact_identity_key,verified_exact_identity,100,85,77,50,yes,,columbia::fa267,211,simple,,FA267,FA267,"8-32 x 1 1/2"" Pan Slot","8-32 x 1 1/2"" Pan Slot",Columbia Tools,columbia,2.85,regular_price,,All-Wall,all_wall,Columbia,columbia,FA267 Columbia 8-32 X 1.5in Pan Head Screw #6027,FA267,1.05,1.80,missing,
auto_accept,exact_identity_key,verified_exact_identity,100,85,84,67,yes,,columbia::fa267,211,simple,,FA267,FA267,"8-32 x 1 1/2"" Pan Slot","8-32 x 1 1/2"" Pan Slot",Columbia Tools,columbia,2.85,regular_price,,Wall Tools,wall_tools,Columbia Parts,columbia,Columbia 8-32 x 1-1/2 Pan Head (COLM-FA267),FA267,0.69,2.16,product_specific,"Columbia Taping Tool Parts, Columbia Tool Parts, Taping Tool Parts, Taping Tool Repair"
auto_accept,exact_identity_key,verified_exact_identity,100,90,100,79,yes,,columbia::fa262,212,simple,,FA262,FA262,"8-32 x 1/2"" Socket","8-32 x 1/2"" Socket",Columbia Tools,columbia,2.95,regular_price,,All-Wall,all_wall,Columbia,columbia,"8-32 X 1/2"" Socket Hd. Screw",FA262,1.86,1.09,missing,
auto_accept,exact_identity_key,verified_exact_identity,100,82,86,63,yes,,columbia::fa262,212,simple,,FA262,FA262,"8-32 x 1/2"" Socket","8-32 x 1/2"" Socket",Columbia Tools,columbia,2.95,regular_price,,Wall Tools,wall_tools,Columbia Parts,columbia,Columbia 8-32 x ½ in. Socket (COLM-FA262),FA262,1.85,1.10,product_specific,Columbia 8-32 x ½ in. Socket
auto_accept,exact_identity_key,verified_exact_identity,100,95,100,81,yes,,columbia::fa257,213,simple,,FA257,FA257,"8-32 x 1/4"" Fillister Slot","8-32 x 1/4"" Fillister Slot",Columbia Tools,columbia,1.00,regular_price,,Wall Tools,wall_tools,Columbia Parts,columbia,Columbia 8-32 x 1/4 Fillister Slot (COLM-FA257),FA257,0.55,0.45,product_specific,"Columbia Taping Tool Parts, Columbia Tool Parts, Taping Tool Parts, Taping Tool Repair"
auto_accept,exact_identity_key,verified_exact_identity,100,90,100,70,yes,,columbia::fa256,214,simple,,FA256,FA256,"8-32 X 3/16"" Pan Slot","8-32 X 3/16"" Pan Slot",Columbia Tools,columbia,2.15,regular_price,,Wall Tools,wall_tools,Columbia Parts,columbia,Columbia 8/32 x 3/16 in. Pan Slot Screw (COLM-FA256),FA256,0.55,1.60,product_specific,Columbia 8/32 x 3/16 in. Pan Slot Screw
review,exact_identifier_contradiction,review_contradiction,94,95,100,81,no,title_identifier_conflict:['colfa256']!=fa256,columbia::fa256,214,simple,,FA256,FA256,"8-32 X 3/16"" Pan Slot","8-32 X 3/16"" Pan Slot",Columbia Tools,columbia,2.15,regular_price,,All-Wall,all_wall,Columbia,columbia,"COLFA256 8-32 x 3/16"" Pan Slot",FA256,0.48,1.67,product_specific,"COLFA256 8-32 x 3/16"" Pan Slot SS Screw"
auto_accept,exact_identity_key,verified_exact_identity,100,90,100,79,yes,,columbia::fa265,215,simple,,FA265,FA265,"8-32 x 3/4"" Truss Slot","8-32 x 3/4"" Truss Slot",Columbia Tools,columbia,1.00,regular_price,,Wall Tools,wall_tools,Columbia Parts,columbia,Columbia 8-32 x 3/4 Truss Slot (COLM-FA265),FA265,0.55,0.45,product_specific,"Columbia Taping Tool Parts, Columbia Tool Parts, Taping Tool Parts, Taping Tool Repair"
auto_accept,exact_identity_key,verified_exact_identity,100,85,86,58,yes,,columbia::fa260,216,simple,,FA260,FA260,"8-32 x 3/8"" Pan Slot","8-32 x 3/8"" Pan Slot",Columbia Tools,columbia,1.00,regular_price,,Wall Tools,wall_tools,Columbia Parts,columbia,Columbia 8-32 x 3/8 in. Binder Slot Screw (COLM-FA260),FA260,0.55,0.45,product_specific,Columbia 8-32 x 3/8 in. Binder Slot Screw
auto_accept,exact_identity_key,verified_exact_identity,100,95,100,93,yes,,columbia::fa261,217,simple,,FA261,FA261,"8-32 X 3/8"" Socket Screw","8-32 X 3/8"" Socket Screw",Columbia Tools,columbia,2.75,regular_price,,All-Wall,all_wall,Columbia,columbia,"8-32 X 3/8"" Socket Hd Screw",FA261,1.21,1.54,missing,
auto_accept,exact_identity_key,verified_exact_identity,100,95,100,80,yes,,columbia::fa261,217,simple,,FA261,FA261,"8-32 X 3/8"" Socket Screw","8-32 X 3/8"" Socket Screw",Columbia Tools,columbia,2.75,regular_price,,Wall Tools,wall_tools,Columbia Parts,columbia,Columbia 8-32 x 3/8 in. Socket Screw (COLM-FA261),FA261,0.69,2.06,product_specific,Columbia 8-32 x 3/8 in. Socket Screw
auto_accept,exact_identity_key,verified_exact_identity,100,90,100,79,yes,,columbia::fa264,219,simple,,FA264,FA264,"8-32 x 5/8"" Truss Slot","8-32 x 5/8"" Truss Slot",Columbia Tools,columbia,1.00,regular_price,,Wall Tools,wall_tools,Columbia Parts,columbia,Columbia 8-32 x 5/8 Truss Slot (COLM-FA264),FA264,0.69,0.31,product_specific,"Columbia Taping Tool Parts, Columbia Tool Parts, Taping Tool Parts, Taping Tool Repair"
auto_accept,exact_identity_key,verified_exact_identity,100,85,90,78,yes,,columbia::fa258,220,simple,,FA258,FA258,8-32X 1/4 Half Dog Set,8-32X 1/4 Half Dog Set,Columbia Tools,columbia,2.00,regular_price,,Wall Tools,wall_tools,Columbia Parts,columbia,Columbia 8-32 x 1/4 Half Dog Set (COLM-FA258),FA258,1.48,0.52,product_specific,"Columbia Taping Tool Parts, Columbia Tool Parts, Taping Tool Parts, Taping Tool Repair"
auto_accept,exact_identity_key,verified_exact_identity,100,85,84,74,yes,,columbia::fa249,223,simple,,FA249,FA249,"8-32X3/16"" Set Screw","8-32X3/16"" Set Screw",Columbia Tools,columbia,2.00,regular_price,,Wall Tools,wall_tools,Columbia Parts,columbia,Columbia 8-32 x 3/16 in. Set Screw (COLM-FA249),FA249,1.48,0.52,product_specific,Columbia 8-32 x 3/16 in. Set Screw
auto_accept,exact_identity_key,verified_exact_identity,100,90,100,66,yes,,columbia::ffb1110,198,variation,FFB11,FFB11-10,FFB11-10,"Adjuster Spring - 10""","Adjuster Spring - 10""",Columbia Tools,columbia,8.00,regular_price,,All-Wall,all_wall,Columbia,columbia,"FFB11-10 Columbia Flat Box Adjuster Spring 10""",FFB11-10,10.05,-2.05,product_specific,"FFB11-10 Columbia Flat Box Adjuster Spring 10"""
auto_accept,exact_identity_key,verified_exact_identity,100,85,100,57,yes,,columbia::ffb1110,198,variation,FFB11,FFB11-10,FFB11-10,"Adjuster Spring - 10""","Adjuster Spring - 10""",Columbia Tools,columbia,8.00,regular_price,,Wall Tools,wall_tools,Columbia Parts,columbia,"Columbia Flat Box Adjuster Spring 7"",8"", or 10"" (COLM-FFB11-10)",FFB11-10,7.11,0.89,product_specific,"Columbia Taping Tool Parts, Columbia Tool Parts, Taping Tool Parts, Taping Tool Repair"
auto_accept,exact_identity_key,verified_exact_identity,100,90,100,61,yes,,columbia::ffb1112,199,variation,FFB11,FFB11-12,FFB11-12,"Adjuster Spring - 12""","Adjuster Spring - 12""",Columbia Tools,columbia,8.00,regular_price,,Wall Tools,wall_tools,Columbia Parts,columbia,"Columbia Flat Box Adjuster Spring 12"" (COLM-FFB11-12)",FFB11-12,7.11,0.89,product_specific,"Columbia Taping Tool Parts, Columbia Tool Parts, Taping Tool Parts, Taping Tool Repair"
review,exact_identifier_contradiction,review_contradiction,94,85,100,52,no,title_identifier_conflict:['colffb1112']!=ffb1112,columbia::ffb1112,199,variation,FFB11,FFB11-12,FFB11-12,"Adjuster Spring - 12""","Adjuster Spring - 12""",Columbia Tools,columbia,8.00,regular_price,,All-Wall,all_wall,Columbia,columbia,"COLFFB11-12 Columbia  12"" Flat Box Adjuster Spring",FFB11-12,10.46,-2.46,product_specific,"FFB11-12 Columbia Flat Box Adjuster Spring 12"""
auto_accept,exact_identity_key,verified_exact_identity,100,90,100,66,yes,,columbia::ffb118,197,variation,FFB11,FFB11-8,FFB11-8,"Adjuster Spring - 8""","Adjuster Spring - 8""",Columbia Tools,columbia,8.00,regular_price,,All-Wall,all_wall,Columbia,columbia,"FFB11-8 Columbia Flat Box Adjuster Spring 8""",FFB11-8,10.05,-2.05,product_specific,"FFB11-8 Columbia Flat Box Adjuster Spring 8"""
auto_accept,exact_identity_key,verified_exact_identity,100,90,100,60,yes,,columbia::ffb118,197,variation,FFB11,FFB11-8,FFB11-8,"Adjuster Spring - 8""","Adjuster Spring - 8""",Columbia Tools,columbia,8.00,regular_price,,Wall Tools,wall_tools,Columbia Parts,columbia,"Columbia Flat Box Adjuster Spring 8"" (COLM-FFB11-8)",FFB11-8,7.11,0.89,product_specific,"Columbia Taping Tool Parts, Columbia Tool Parts, Taping Tool Parts, Taping Tool Repair"
auto_accept,exact_identity_key,verified_exact_identity,100,95,100,87,yes,,columbia::aha,289,simple,,AHA,AHA,Angle Head Adapter,Angle Head Adapter,Columbia Tools,columbia,24.87,regular_price,,Al's Taping Tools,als_taping_tools,Columbia,columbia,Columbia Angle Head Ball Adapter,AHA,24.87,0.00,product_specific,The Columbia AHA Ball Adapter fits onto the Columbia One Handle to allow it to be used as a glazing handle. Shop Al's Taping Tools today!
auto_accept,exact_identity_key,verified_exact_identity,100,94,94,94,yes,,columbia::aha,289,simple,,AHA,AHA,Angle Head Adapter,Angle Head Adapter,Columbia Tools,columbia,24.87,regular_price,,Wall Tools,wall_tools,Columbia Taping Tools,columbia,Columbia Angle Head Adaptor,AHA,24.88,-0.01,product_specific,The Columbia Angle Head Adaptor is used on the Columbia One Handle System to seamlessly adjust from a Corner Roller and Nail Spotter to an Angle Head. Made from solid US billet aluminum and steel components to ensure long-lasting durability.
auto_accept,exact_identity_key,verified_exact_identity,100,85,73,50,yes,,columbia::ffb5a,238,simple,,FFB5A,FFB5A,Axel Bushing,Axel Bushing,Columbia Tools,columbia,3.00,regular_price,,All-Wall,all_wall,Columbia,columbia,FFB5A Columbia Flat Box Axle Bushing #6114,FFB5A,3.78,-0.78,missing,
auto_accept,exact_identity_key,verified_exact_identity,100,85,73,62,yes,,columbia::ffb5a,238,simple,,FFB5A,FFB5A,Axel Bushing,Axel Bushing,Columbia Tools,columbia,3.00,regular_price,,Wall Tools,wall_tools,Columbia Parts,columbia,Columbia Axle Bushing (COLM-FFB5A),FFB5A,2.67,0.33,product_specific,"Columbia Taping Tool Parts, Columbia Tool Parts, Taping Tool Parts, Taping Tool Repair"
auto_accept,exact_identity_key,verified_exact_identity,100,90,100,69,yes,,columbia::mp32,239,simple,,MP32,MP32,Backing Washer Locator,Backing Washer Locator,Columbia Tools,columbia,18.95,regular_price,,All-Wall,all_wall,Columbia,columbia,MP32 Columbia Mud Pump Backing Washer Locator #5876,MP32,2.85,16.10,missing,
auto_accept,exact_identity_key,verified_exact_identity,100,95,100,81,yes,,columbia::mp32,239,simple,,MP32,MP32,Backing Washer Locator,Backing Washer Locator,Columbia Tools,columbia,18.95,regular_price,,Wall Tools,wall_tools,Columbia Parts,columbia,Columbia Backing Washer Locator (COLM-MP32),MP32,1.96,16.99,product_specific,Columbia Backing Washer Locator
review,exact_identifier_brand_conflict,review_brand_conflict,90,23,25,22,no,product_family_mismatch:['washer']!=['pump'] | brand_mismatch:columbia!=tapetech,tapetech::mp32,239,simple,,MP32,MP32,Backing Washer Locator,Backing Washer Locator,Columbia Tools,columbia,18.95,regular_price,,Al's Taping Tools,als_taping_tools,TapeTech,tapetech,Mud Pump Pump Flapper Valve - MP3,MP-32,1.79,17.16,product_specific,MP3 - Mud Pump Pump Flapper Valve MP3 Columbia Mud Pump Pump Flapper Valve #6163
auto_accept,exact_identity_key,verified_exact_identity,100,90,100,77,yes,,columbia::ffb8,240,simple,,FFB8,FFB8,Bar Retainer Clip,Bar Retainer Clip,Columbia Tools,columbia,2.00,regular_price,,Wall Tools,wall_tools,Columbia Parts,columbia,Columbia Bar Retainer Clip (COLM-FFB8),FFB8,1.96,0.04,product_specific,"Columbia Taping Tool Parts, Columbia Tool Parts, Taping Tool Parts, Taping Tool Repair"
auto_accept,exact_identity_key,verified_exact_identity,100,90,100,72,yes,,columbia::ct103,243,simple,,CT103,CT103,Barrel- Main Body,Barrel- Main Body,Columbia Tools,columbia,114.11,regular_price,,Al's Taping Tools,als_taping_tools,Columbia,columbia,Taper Barrel Main Body - CT103,CT-103,251.06,-136.95,product_specific,CT103 - Taper Barrel Main Body CT103 Columbia Taper Barrel Main Body #5963
auto_accept,exact_identity_key,verified_exact_identity,100,90,100,65,yes,,columbia::ct103,243,simple,,CT103,CT103,Barrel- Main Body,Barrel- Main Body,Columbia Tools,columbia,114.11,regular_price,,All-Wall,all_wall,Columbia,columbia,CT103 Columbia Taper Barrel Main Body #5963,CT103,150.64,-36.53,missing,
auto_accept,exact_identity_key,verified_exact_identity,100,85,100,55,yes,,columbia::ct103,243,simple,,CT103,CT103,Barrel- Main Body,Barrel- Main Body,Columbia Tools,columbia,114.11,regular_price,,Wall Tools,wall_tools,Columbia Parts,columbia,Columbia Barrel (Main Aluminium Tube Body) (COLM-CT103),CT103,129.30,-15.19,product_specific,"Columbia Taping Tool Parts, Columbia Tool Parts, Taping Tool Parts, Taping Tool Repair"
auto_accept,exact_identity_key,verified_exact_identity,100,90,100,43,yes,,columbia::ct125a,244,simple,,CT125A,CT125A,Bearing,Bearing,Columbia Tools,columbia,19.95,regular_price,,All-Wall,all_wall,Columbia,columbia,CT125A Columbia Taper Bearing #5986,CT125A,4.58,15.37,product_specific,CT125A Columbia Taper Bearing #5986
auto_accept,exact_identity_key,verified_exact_identity,100,41,19,14,yes,,columbia::ct125a,244,simple,,CT125A,CT125A,Bearing,Bearing,Columbia Tools,columbia,19.95,regular_price,,Wall Tools,wall_tools,Columbia Parts,columbia,Columbia Hand Grip Roller Sleeve (COLM-CT125A),CT125A,3.23,16.72,product_specific,"Columbia Taping Tool Parts, Columbia Tool Parts, Taping Tool Parts, Taping Tool Repair"
review,exact_identifier_brand_conflict,review_brand_conflict,90,90,100,51,no,brand_mismatch:columbia!=tapetech,tapetech::ct125a,244,simple,,CT125A,CT125A,Bearing,Bearing,Columbia Tools,columbia,19.95,regular_price,,Al's Taping Tools,als_taping_tools,TapeTech,tapetech,CT125A - Columbia Taper Bearing,CT-125A,3.04,16.91,product_specific,CT125A - Columbia Taper Bearing
auto_accept,exact_identity_key,verified_exact_identity,100,90,100,53,yes,,columbia::cfb16,246,simple,,CFB16,CFB16,Bearing Sleeve,Bearing Sleeve,Columbia Tools,columbia,18.75,regular_price,,All-Wall,all_wall,Columbia,columbia,CFB16 Columbia Angle Box Bearing Sleeve - Ss #5554,CFB16,7.28,11.47,missing,
auto_accept,exact_identity_key,verified_exact_identity,100,90,100,54,yes,,columbia::cr3,247,simple,,CR-3,CR-3,Bearing Sleeve,Bearing Sleeve,Columbia Tools,columbia,19.99,regular_price,,All-Wall,all_wall,Columbia,columbia,CR3 Columbia Corner Roller Bearing Sleeve #5563,CR3,9.45,10.54,missing,
auto_accept,exact_identity_key,verified_exact_identity,100,90,100,71,yes,,columbia::cfb16,246,simple,,CFB16,CFB16,Bearing Sleeve,Bearing Sleeve,Columbia Tools,columbia,18.75,regular_price,,Wall Tools,wall_tools,Columbia Parts,columbia,Columbia Bearing Sleeve (COLM-CFB16),CFB16,5.15,13.60,product_specific,"Columbia Taping Tool Parts, Columbia Tool Parts, Taping Tool Parts, Taping Tool Repair"
auto_accept,exact_identity_key,verified_exact_identity,100,90,100,75,yes,,columbia::cr3,247,simple,,CR-3,CR-3,Bearing Sleeve,Bearing Sleeve,Columbia Tools,columbia,19.99,regular_price,,Wall Tools,wall_tools,Columbia Parts,columbia,Columbia Bearing Sleeve (COLM-CR3),CR3,6.48,13.51,product_specific,"Columbia Taping Tool Parts, Columbia Tool Parts, Taping Tool Parts, Taping Tool Repair"
auto_accept,exact_identity_key,verified_exact_identity,100,90,100,43,yes,,columbia::bh24a,245,simple,,BH24A,BH24A,Bearing Sleeve,Bearing Sleeve,Columbia Tools,columbia,4.00,regular_price,,Wall Tools,wall_tools,Columbia Parts,columbia,Columbia Bearing Sleeve for 180 Grip Flat Box Handle (COLM-BH24A),BH24A,3.83,0.17,product_specific,Columbia Bearing Sleeve for 180 Grip Flat Box Handle
review,exact_identifier_unknown_brand,review_unknown_brand,90,90,100,63,yes,competitor_brand_unknown,,246,simple,,CFB16,CFB16,Bearing Sleeve,Bearing Sleeve,Columbia Tools,columbia,18.75,regular_price,,Al's Taping Tools,als_taping_tools,NorthStar,,Angle Box Bearing Sleeve - CFB16,CFB16,5.00,13.75,product_specific,CFB16 - Angle Box Bearing Sleeve CFB16 Columbia Angle Box Bearing Sleeve - Ss #5554
review,exact_identifier_unknown_brand,review_unknown_brand,90,41,25,18,no,product_family_mismatch:['bearing']!=['corner roller'] | competitor_brand_unknown,,247,simple,,CR-3,CR-3,Bearing Sleeve,Bearing Sleeve,Columbia Tools,columbia,19.99,regular_price,,Al's Taping Tools,als_taping_tools,Marshalltown,,Marshalltown 3 Inch Corner Roller for Drywall Mud and Paint Application,CR3,19.99,0.00,product_specific,"Marshalltown 3 Inch Corner Roller for Drywall Mud and Paint Application Ideal tool for applying joint compound or mud to inside 90 degree corners Replaceable acrylic cover with ""lambs wool"" texture Threaded handle can be used with coarse threaded exte"
auto_accept,exact_identity_key,verified_exact_identity,100,90,100,48,yes,,columbia::ffb910,233,variation,FFB9,FFB9-10,FFB9-10,"Blade - 10""","Blade - 10""",Columbia Tools,columbia,28.95,regular_price,,Al's Taping Tools,als_taping_tools,Graco,columbia,"Columbia Flat Box Blade 10"" - FFB9-10",FFB9-10,4.15,24.80,product_specific,"FFB9-10 - Columbia Flat Box Blade 10"""
review,exact_identifier_brand_conflict,review_brand_conflict,90,90,100,48,no,brand_mismatch:columbia!=tapetech,tapetech::ffb912,234,variation,FFB9,FFB9-12,FFB9-12,"Blade - 12""","Blade - 12""",Columbia Tools,columbia,32.50,regular_price,,Al's Taping Tools,als_taping_tools,TapeTech,tapetech,"Columbia Flat Box Blade 12"" - FFB9-12",FFB9-12,4.15,28.35,product_specific,"FFB9-12 - Columbia Flat Box Blade 12"""
auto_accept,exact_identity_key,verified_exact_identity,100,90,100,41,yes,,columbia::ffb914,235,variation,FFB9,FFB9-14,FFB9-14,"Blade - 14""","Blade - 14""",Columbia Tools,columbia,36.95,regular_price,,All-Wall,all_wall,Columbia,columbia,FFB9-14 Columbia Flat Box Blade 14 in #13784,FFB9-14,7.38,29.57,product_specific,Columbia Flat Box Blade 14 in #13784
review,exact_identifier_brand_conflict,review_brand_conflict,90,90,100,48,no,brand_mismatch:columbia!=tapetech,tapetech::ffb914,235,variation,FFB9,FFB9-14,FFB9-14,"Blade - 14""","Blade - 14""",Columbia Tools,columbia,36.95,regular_price,,Al's Taping Tools,als_taping_tools,TapeTech,tapetech,"Columbia Flat Box Blade 14"" - FFB9-14",FFB9-14,6.45,30.50,product_specific,"FFB9-14 - Columbia Flat Box Blade 14"""
review,exact_identifier_contradiction,review_contradiction,94,85,100,22,no,title_identifier_conflict:['ns72']!=hns72,columbia::hns72,236,variation,HNS7,HNS7-2,HNS7-2,"Blade - 2""","Blade - 2""",Columbia Tools,columbia,23.00,regular_price,,All-Wall,all_wall,Columbia,columbia,NS7-2 Columbia Nail Spotter 2in Nail Spotter Blade #5889,HNS7-2,26.90,-3.90,missing,
review,exact_identifier_contradiction,review_contradiction,94,85,100,22,no,title_identifier_conflict:['ns73']!=hns73,columbia::hns73,237,variation,HNS7,HNS7-3,HNS7-3,"Blade - 3""","Blade - 3""",Columbia Tools,columbia,23.00,regular_price,,All-Wall,all_wall,Columbia,columbia,NS7-3 Columbia Nail Spotter 3in Nail Spotter Blade #5890,HNS7-3,26.90,-3.90,missing,
auto_accept,exact_identity_key,verified_exact_identity,100,90,100,50,yes,,columbia::ffb955,229,variation,FFB9,FFB9-5.5,FFB9-5.5,"Blade - 5.5""","Blade - 5.5""",Columbia Tools,columbia,18.75,regular_price,,Al's Taping Tools,als_taping_tools,Porter,columbia,"Columbia Flat Box Blade 5.5"" - FFB9-5.5",ffb9-5.5,3.14,15.61,product_specific,"FFB9-5.5 - Columbia Flat Box Blade 5.5"""
auto_accept,exact_identity_key,verified_exact_identity,100,90,100,40,yes,,columbia::ffb955,229,variation,FFB9,FFB9-5.5,FFB9-5.5,"Blade - 5.5""","Blade - 5.5""",Columbia Tools,columbia,18.75,regular_price,,All-Wall,all_wall,Columbia,columbia,FFB9-5.5 Columbia Flat Box Blade 5.5in #13783,FFB9-5.5,4.70,14.05,product_specific,Columbia Flat Box Blade 5.5in #13783
auto_accept,exact_identity_key,verified_exact_identity,100,90,100,46,yes,,columbia::ffb97,230,variation,FFB9,FFB9-7,FFB9-7,"Blade - 7""","Blade - 7""",Columbia Tools,columbia,22.50,regular_price,,Al's Taping Tools,als_taping_tools,NorthStar,columbia,"Columbia Flat Box Blade 7"" - FFB9-7",FFB9-7,305.00,-282.50,product_specific,"FFB9-7 - Columbia Flat Box Blade 7"""
auto_accept,exact_identity_key,verified_exact_identity,100,90,100,37,yes,,columbia::ffb97,230,variation,FFB9,FFB9-7,FFB9-7,"Blade - 7""","Blade - 7""",Columbia Tools,columbia,22.50,regular_price,,All-Wall,all_wall,Columbia,columbia,FFB9-7 Columbia Flat Box Blade 7in #6082,FFB9-7,4.58,17.92,product_specific,FFB9-7 Columbia Flat Box Blade 7in #6082
auto_accept,exact_identity_key,verified_exact_identity,100,90,100,46,yes,,columbia::ffb98,232,variation,FFB9,FFB9-8,FFB9-8,"Blade - 8""","Blade - 8""",Columbia Tools,columbia,24.95,regular_price,,Al's Taping Tools,als_taping_tools,Porter,columbia,"Columbia Flat Box Blade 8"" - FFB9-8",FFB9-8,305.00,-280.05,product_specific,"FFB9-8 - Columbia Flat Box Blade 8"""
auto_accept,exact_identity_key,verified_exact_identity,100,90,100,37,yes,,columbia::ffb98,232,variation,FFB9,FFB9-8,FFB9-8,"Blade - 8""","Blade - 8""",Columbia Tools,columbia,24.95,regular_price,,All-Wall,all_wall,Columbia,columbia,FFB9-8 Columbia Flat Box Blade 8in #6083,FFB9-8,4.70,20.25,product_specific,Columbia Flat Box Blade 8in #6083
auto_accept,exact_identity_key,verified_exact_identity,100,90,100,50,yes,,columbia::hns82,248,variation,HNS8,HNS8-2,HNS8-2,"Blade Holder - 2""","Blade Holder - 2""",Columbia Tools,columbia,33.00,regular_price,,All-Wall,all_wall,Columbia,columbia,HNS8-2 Columbia Nail Spotter Blade Holder 2in #12527,"HNS8-2""",38.44,-5.44,missing,
auto_accept,exact_identity_key,verified_exact_identity,100,90,100,46,yes,,columbia::hns82,248,variation,HNS8,HNS8-2,HNS8-2,"Blade Holder - 2""","Blade Holder - 2""",Columbia Tools,columbia,33.00,regular_price,,Wall Tools,wall_tools,Columbia Parts,columbia,Columbia Blade Holder for 2 in. Hinged Nail Spotter (COLM-HNS8-2),HNS8-2,32.99,0.01,product_specific,Columbia Blade Holder for 2 in. Hinged Nail Spotter
auto_accept,exact_identity_key,verified_exact_identity,100,90,100,50,yes,,columbia::hns83,249,variation,HNS8,HNS8-3,HNS8-3,"Blade Holder - 3""","Blade Holder - 3""",Columbia Tools,columbia,33.00,regular_price,,All-Wall,all_wall,Columbia,columbia,HNS8-3 Columbia Nail Spotter Blade Holder 3in #12528,HNS8-3”,38.44,-5.44,missing,
auto_accept,exact_identity_key,verified_exact_identity,100,90,100,46,yes,,columbia::hns83,249,variation,HNS8,HNS8-3,HNS8-3,"Blade Holder - 3""","Blade Holder - 3""",Columbia Tools,columbia,33.00,regular_price,,Wall Tools,wall_tools,Columbia Parts,columbia,Columbia Blade Holder for 3 in. Hinged Nail Spotter (COLM-HNS8-3),HNS8-3,32.99,0.01,product_specific,Columbia Blade Holder for 3 in. Hinged Nail Spotter
auto_accept,exact_identity_key,verified_exact_identity,100,90,100,40,yes,,columbia::hh16a,258,simple,,HH16A,HH16A,Bleeder Screw,Bleeder Screw,Columbia Tools,columbia,17.00,regular_price,,Wall Tools,wall_tools,Columbia Parts,columbia,Columbia Bleeder Screw for Hydra Reach Flat Box Handle (COLM-HH16A),HH16A,4.82,12.18,product_specific,Columbia Bleeder Screw for Hydra Reach Flat Box Handle
review,exact_identifier_contradiction,review_contradiction,94,90,100,57,no,title_identifier_conflict:['colhh10b']!=hh10b,columbia::hh10b,259,simple,,HH10B,HH10B,Bottom Cap,Bottom Cap,Columbia Tools,columbia,2.00,regular_price,,All-Wall,all_wall,Columbia,columbia,COLHH10B Bottom Cap for COL88,HH10B,2.18,-0.18,missing,
auto_accept,exact_identity_key,verified_exact_identity,100,82,87,67,yes,,columbia::ah9a,250,variation,AH9-CLIP,AH9A,AH9A,"Bottom Retainer Corner Clip - 3.5""","Bottom Retainer Corner Clip - 3.5""",Columbia Tools,columbia,11.50,regular_price,,Wall Tools,wall_tools,Columbia Parts,columbia,Columbia 3.5 in. Bottom Retainer Clip (COLM-AH9A),AH9A,9.71,1.79,product_specific,"Columbia Taping Tool Parts, Columbia Tool Parts, Taping Tool Parts, Taping Tool Repair"
review,exact_identifier_contradiction,review_contradiction,94,85,70,40,no,title_identifier_conflict:['ah935']!=ah9a,columbia::ah9a,250,variation,AH9-CLIP,AH9A,AH9A,"Bottom Retainer Corner Clip - 3.5""","Bottom Retainer Corner Clip - 3.5""",Columbia Tools,columbia,11.50,regular_price,,All-Wall,all_wall,Columbia,columbia,AH9-3.5 Columbia Angle Head Retainer Clip (Long) Fat Heads #5815,AH9A,11.32,0.18,missing,
review,exact_identifier_unknown_brand,review_unknown_brand,90,44,46,42,yes,competitor_brand_unknown,,250,variation,AH9-CLIP,AH9A,AH9A,"Bottom Retainer Corner Clip - 3.5""","Bottom Retainer Corner Clip - 3.5""",Columbia Tools,columbia,11.50,regular_price,,Al's Taping Tools,als_taping_tools,NorthStar,,AH9A - Center Clip Assembly,AH9A,11.91,-0.41,product_specific,AH9A - Center Clip Assembly Center Clip Assembly for Columbia Angle Heads.
auto_accept,exact_identity_key,verified_exact_identity,100,69,72,60,yes,,columbia::ah9,252,variation,AH9-CLIP,AH9,AH9,Bottom Retainer Corner Clip - Standard,Bottom Retainer Corner Clip - Standard,Columbia Tools,columbia,10.00,regular_price,,Wall Tools,wall_tools,Columbia Parts,columbia,"Columbia 2, 2.5, & 3 in. Bottom Retainer Clip (COLM-AH9)",AH9,9.71,0.29,product_specific,"Columbia Taping Tool Parts, Columbia Tool Parts, Taping Tool Parts, Taping Tool Repair"
review,exact_identifier_contradiction,review_contradiction,94,51,54,43,no,length_class_mismatch:standard!=long,columbia::ah9,252,variation,AH9-CLIP,AH9,AH9,Bottom Retainer Corner Clip - Standard,Bottom Retainer Corner Clip - Standard,Columbia Tools,columbia,10.00,regular_price,,All-Wall,all_wall,Columbia,columbia,AH9 Columbia Angle Head Retainer Clip (Long) #5814,AH9,12.25,-2.25,missing,
auto_accept,exact_identity_key,verified_exact_identity,100,85,100,36,yes,,columbia::cfb8,260,simple,,CFB8,CFB8,Box Mount,Box Mount,Columbia Tools,columbia,44.00,regular_price,,All-Wall,all_wall,Columbia,columbia,CFB8 Columbia Angle Box Handle Mount Casting #5549,CFB8,52.72,-8.72,missing,
auto_accept,exact_identity_key,verified_exact_identity,100,85,70,52,yes,,columbia::ct87a,262,simple,,CT87A,CT87A,Bracket Brace,Bracket Brace,Columbia Tools,columbia,14.50,regular_price,,All-Wall,all_wall,Columbia,columbia,CT87A Columbia Taper Bracket Base #5860,CT87A,10.98,3.52,missing,
auto_accept,exact_identity_key,verified_exact_identity,100,85,70,61,yes,,columbia::ct87a,262,simple,,CT87A,CT87A,Bracket Brace,Bracket Brace,Columbia Tools,columbia,14.50,regular_price,,Wall Tools,wall_tools,Columbia Parts,columbia,Columbia Bracket Base (COLM-CT87A),CT87A,7.77,6.73,product_specific,"Columbia Taping Tool Parts, Columbia Tool Parts, Taping Tool Parts, Taping Tool Repair"
auto_accept,exact_identity_key,verified_exact_identity,100,90,100,31,yes,,columbia::hh7,263,simple,,HH7,HH7,Brake,Brake,Columbia Tools,columbia,22.00,regular_price,,All-Wall,all_wall,Columbia,columbia,HH7 Columbia Hydra Handle Brake #6148,HH7,26.52,-4.52,product_specific,HH7 Columbia Hydra Handle Brake #6148
auto_accept,exact_identity_key,verified_exact_identity,100,86,100,55,yes,,columbia::bh93,253,variation,BH9,BH9-3,BH9-3,Brake Connecting Strap - 3',Brake Connecting Strap - 3',Columbia Tools,columbia,27.00,regular_price,,Wall Tools,wall_tools,Columbia Parts,columbia,Columbia 3 ft. Brake Connecting Strap for 180 Grip Flat Box Handle (COLM-BH9-3),BH9-3,24.79,2.21,product_specific,Columbia 3 ft. Brake Connecting Strap for 180 Grip Flat Box Handle
auto_accept,exact_identity_key,verified_exact_identity,100,86,100,55,yes,,columbia::bh94,255,variation,BH9,BH9-4,BH9-4,Brake Connecting Strap - 4',Brake Connecting Strap - 4',Columbia Tools,columbia,31.00,regular_price,,Wall Tools,wall_tools,Columbia Parts,columbia,Columbia 4 ft. Brake Connecting Strap for 180 Grip Flat Box Handle (COLM-BH9-4),BH9-4,28.90,2.10,product_specific,Columbia 4 ft. Brake Connecting Strap for 180 Grip Flat Box Handle
auto_accept,exact_identity_key,verified_exact_identity,100,85,100,54,yes,,columbia::bh942,254,variation,BH9,BH9-42,BH9-42 | BH9,"Brake Connecting Strap - 42""","Brake Connecting Strap - 42""",Columbia Tools,columbia,29.00,regular_price,,Wall Tools,wall_tools,Columbia Parts,columbia,Columbia 3.5 ft. Brake Connecting Strap for 180 Grip Flat Box Handle (COLM-BH9-42),BH9-42,26.84,2.16,product_specific,Columbia 3.5 ft. Brake Connecting Strap for 180 Grip Flat Box Handle
auto_accept,exact_identity_key,verified_exact_identity,100,86,100,55,yes,,columbia::bh95,256,variation,BH9,BH9-5,BH9-5,Brake Connecting Strap - 5',Brake Connecting Strap - 5',Columbia Tools,columbia,33.00,regular_price,,Wall Tools,wall_tools,Columbia Parts,columbia,Columbia 5 ft. Brake Connecting Strap for 180 Grip Flat Box Handle (COLM-BH9-5),BH9-5,30.96,2.04,product_specific,Columbia 5 ft. Brake Connecting Strap for 180 Grip Flat Box Handle
auto_accept,exact_identity_key,verified_exact_identity,100,86,100,55,yes,,columbia::bh96,257,variation,BH9,BH9-6,BH9-6,Brake Connecting Strap - 6',Brake Connecting Strap - 6',Columbia Tools,columbia,35.00,regular_price,,Wall Tools,wall_tools,Columbia Parts,columbia,Columbia 6 ft. Brake Connecting Strap for 180 Grip Flat Box Handle (COLM-BH9-6),BH9-6,33.02,1.98,product_specific,Columbia 6 ft. Brake Connecting Strap for 180 Grip Flat Box Handle
auto_accept,exact_identity_key,verified_exact_identity,100,90,100,64,yes,,columbia::ct16,265,simple,,CT16,CT16,Brake Dog,Brake Dog,Columbia Tools,columbia,15.00,regular_price,,Wall Tools,wall_tools,Columbia Parts,columbia,Columbia Brake Dog (COLM-CT16),CT16,16.16,-1.16,product_specific,"Columbia Taping Tool Parts, Columbia Tool Parts, Taping Tool Parts, Taping Tool Repair"
auto_accept,exact_identity_key,verified_exact_identity,100,90,100,43,yes,,columbia::hh13,266,simple,,HH13,HH13,Brake Pin,Brake Pin,Columbia Tools,columbia,16.00,regular_price,,All-Wall,all_wall,Columbia,columbia,HH13 Columbia Hydra Handle Brake Pin #6150,HH13,19.46,-3.46,missing,
auto_accept,exact_identity_key,verified_exact_identity,100,85,100,33,yes,,columbia::hh14,267,simple,,HH14,HH14,Brake Piston,Brake Piston,Columbia Tools,columbia,17.00,regular_price,,Wall Tools,wall_tools,Columbia Parts,columbia,Columbia Brake Cylinder Piston for Hydra Reach Flat Box Handle (COLM-HH14),HH14,17.42,-0.42,product_specific,Columbia Brake Cylinder Piston for Hydra Reach Flat Box Handle
auto_accept,exact_identity_key,verified_exact_identity,100,90,100,51,yes,,columbia::hh12,269,simple,,HH12,HH12,Brake Spring,Brake Spring,Columbia Tools,columbia,5.00,regular_price,,All-Wall,all_wall,Columbia,columbia,HH12 Columbia Hydra Handle Brake Spring #6149,HH12,6.55,-1.55,missing,
auto_accept,exact_identity_key,verified_exact_identity,100,30,9,9,yes,,columbia::hh17a,271,variation,HH-BRASS-CONNECTOR,HH17A,HH17A,Brass Connector - 1,Brass Connector - 1,Columbia Tools,columbia,5.00,regular_price,,All-Wall,all_wall,Columbia,columbia,13714,HH17A,6.80,-1.80,missing,
auto_accept,exact_identity_key,verified_exact_identity,100,0,0,0,yes,,columbia::hh17b,272,variation,HH-BRASS-CONNECTOR,HH17B,HH17B,Brass Connector - 2,Brass Connector - 2,Columbia Tools,columbia,5.00,regular_price,,All-Wall,all_wall,Columbia,columbia,13715,HH17B,6.80,-1.80,missing,
auto_accept,exact_identity_key,verified_exact_identity,100,90,100,46,yes,,columbia::hh17b,272,variation,HH-BRASS-CONNECTOR,HH17B,HH17B,Brass Connector - 2,Brass Connector - 2,Columbia Tools,columbia,5.00,regular_price,,Wall Tools,wall_tools,Columbia Parts,columbia,Columbia Brass Connector #2 for Hydra Reach Flat Box Handle (COLM-HH17B),HH17B,4.76,0.24,product_specific,Columbia Brass Connector #2 for Hydra Reach Flat Box Handle
auto_accept,exact_identity_key,verified_exact_identity,100,90,100,35,yes,,columbia::ct72,273,simple,,CT72,CT72,Cable,Cable,Columbia Tools,columbia,10.00,regular_price,,Wall Tools,wall_tools,Columbia Parts,columbia,Columbia Plunger Cable (COLM-CT72),CT72,7.77,2.23,product_specific,"Columbia Taping Tool Parts, Columbia Tool Parts, Taping Tool Parts, Taping Tool Repair"
auto_accept,exact_identity_key,verified_exact_identity,100,90,100,64,yes,,columbia::ct73,274,simple,,CT73,CT73,Cable Drum,Cable Drum,Columbia Tools,columbia,34.23,regular_price,,Al's Taping Tools,als_taping_tools,Columbia,columbia,Taper Cable Drum - CT73,CT-73,46.53,-12.30,product_specific,CT73 - Taper Cable Drum CT73 Columbia Taper Cable Drum #5846
auto_accept,exact_identity_key,verified_exact_identity,100,90,100,55,yes,,columbia::ct73,274,simple,,CT73,CT73,Cable Drum,Cable Drum,Columbia Tools,columbia,34.23,regular_price,,All-Wall,all_wall,Columbia,columbia,CT73 Columbia Taper Cable Drum #5846,CT73,45.16,-10.93,missing,
auto_accept,exact_identity_key,verified_exact_identity,100,90,100,43,yes,,columbia::ct73,274,simple,,CT73,CT73,Cable Drum,Cable Drum,Columbia Tools,columbia,34.23,regular_price,,Wall Tools,wall_tools,Columbia Parts,columbia,Columbia Cable Drum - Stainless Steel (COLM-CT73),CT73,38.77,-4.54,product_specific,"Columbia Taping Tool Parts, Columbia Tool Parts, Taping Tool Parts, Taping Tool Repair"
review,medium_confidence_fuzzy_title,review_fuzzy,100,95,100,86,yes,,,274,simple,,CT73,CT73,Cable Drum,Cable Drum,Columbia Tools,columbia,34.23,regular_price,,Al's Taping Tools,als_taping_tools,Columbia,columbia,71 - Cable Drum,050083F-A,39.99,-5.76,product_specific,71 - Cable Drum
auto_accept,exact_identity_key,verified_exact_identity,100,60,100,18,yes,,columbia::bh26,275,simple,,BH26,BH26,Cam,Cam,Columbia Tools,columbia,21.95,regular_price,,Al's Taping Tools,als_taping_tools,Columbia,columbia,Box Handle Cam for 180 Handle - BH26,BH26,9.62,12.33,product_specific,BH26 - Box Handle Cam for 180 Handle
auto_accept,exact_identity_key,verified_exact_identity,100,60,100,15,yes,,columbia::bh26,275,simple,,BH26,BH26,Cam,Cam,Columbia Tools,columbia,21.95,regular_price,,All-Wall,all_wall,Columbia,columbia,BH26 Columbia Box Handle Cam for 180 Handle #11575,BH26,12.38,9.57,missing,
auto_accept,exact_identity_key,verified_exact_identity,100,60,100,14,yes,,columbia::bh26,275,simple,,BH26,BH26,Cam,Cam,Columbia Tools,columbia,21.95,regular_price,,Wall Tools,wall_tools,Columbia Parts,columbia,Columbia Cam for 180 Grip Flat Box Handle (COLM-BH26),BH26,8.25,13.70,product_specific,Columbia Cam for 180 Grip Flat Box Handle
auto_accept,exact_identity_key,verified_exact_identity,100,90,100,41,yes,,columbia::bh7,276,simple,,BH7,BH7,Cam Follower,Cam Follower,Columbia Tools,columbia,15.00,regular_price,,Wall Tools,wall_tools,Columbia Parts,columbia,Columbia Cam Follower for 180 Grip Flat Box Handle (COLM-BH7),BH7,13.43,1.57,product_specific,Columbia Cam Follower for 180 Grip Flat Box Handle
auto_accept,exact_identity_key,verified_exact_identity,100,90,100,70,yes,,columbia::ct35,278,simple,,CT35,CT35,Cap Reinforcing Tab,Cap Reinforcing Tab,Columbia Tools,columbia,4.00,regular_price,,All-Wall,all_wall,Columbia,columbia,CT35 Columbia Taper Cap Reinforcing Tab #5608,CT35,4.58,-0.58,missing,
auto_accept,exact_identity_key,verified_exact_identity,100,90,100,79,yes,,columbia::ct35,278,simple,,CT35,CT35,Cap Reinforcing Tab,Cap Reinforcing Tab,Columbia Tools,columbia,4.00,regular_price,,Wall Tools,wall_tools,Columbia Parts,columbia,Columbia Cap Reinforcing Tab (COLM-CT35),CT35,3.23,0.77,product_specific,"Columbia Taping Tool Parts, Columbia Tool Parts, Taping Tool Parts, Taping Tool Repair"
auto_accept,exact_identity_key,verified_exact_identity,100,90,100,69,yes,,columbia::ct55,279,simple,,CT55,CT55,Carriage Guide Rod,Carriage Guide Rod,Columbia Tools,columbia,12.00,regular_price,,All-Wall,all_wall,Columbia,columbia,CT55 Columbia Taper Carriage Guide Rod #5831,CT55,15.06,-3.06,missing,
auto_accept,exact_identity_key,verified_exact_identity,100,90,100,78,yes,,columbia::ct55,279,simple,,CT55,CT55,Carriage Guide Rod,Carriage Guide Rod,Columbia Tools,columbia,12.00,regular_price,,Wall Tools,wall_tools,Columbia Parts,columbia,Columbia Carriage Guide Rod (COLM-CT55),CT55,12.93,-0.93,product_specific,"Columbia Taping Tool Parts, Columbia Tool Parts, Taping Tool Parts, Taping Tool Repair"
auto_accept,exact_identity_key,verified_exact_identity,100,90,100,74,yes,,columbia::ct56,280,simple,,CT56,CT56,Carriage Guide Rod Stop,Carriage Guide Rod Stop,Columbia Tools,columbia,7.00,regular_price,,All-Wall,all_wall,Columbia,columbia,CT56 Columbia Taper Carriage Guide Rod Stop #5832,CT56,9.18,-2.18,missing,
auto_accept,exact_identity_key,verified_exact_identity,100,95,100,82,yes,,columbia::ct56,280,simple,,CT56,CT56,Carriage Guide Rod Stop,Carriage Guide Rod Stop,Columbia Tools,columbia,7.00,regular_price,,Wall Tools,wall_tools,Columbia Parts,columbia,Columbia Carriage Guide Rod Stop (COLM-CT56),CT56,6.48,0.52,product_specific,"Columbia Taping Tool Parts, Columbia Tool Parts, Taping Tool Parts, Taping Tool Repair"
auto_accept,exact_identity_key,verified_exact_identity,100,85,85,85,yes,,columbia::ct31,281,simple,,CT31,CT31,Chain Tension & Guide Bracket,Chain Tension & Guide Bracket,Columbia Tools,columbia,6.00,regular_price,,Wall Tools,wall_tools,Columbia Parts,columbia,Columbia Chain Tension & Guide Bracke (COLM-CT31),CT31,5.82,0.18,product_specific,"Columbia Taping Tool Parts, Columbia Tool Parts, Taping Tool Parts, Taping Tool Repair"
review,exact_identifier_contradiction,review_contradiction,94,86,82,75,no,product_family_mismatch:['bracket']!=['taper'],columbia::ct31,281,simple,,CT31,CT31,Chain Tension & Guide Bracket,Chain Tension & Guide Bracket,Columbia Tools,columbia,6.00,regular_price,,All-Wall,all_wall,Columbia,columbia,CT31 Columbia Taper Chain Tension & Guide Bracke #5604,CT31,8.23,-2.23,missing,
auto_accept,exact_identity_key,verified_exact_identity,100,90,100,55,yes,,columbia::ct83,282,simple,,CT83,CT83,Clutch Dog,Clutch Dog,Columbia Tools,columbia,3.00,regular_price,,All-Wall,all_wall,Columbia,columbia,CT83 Columbia Taper Clutch Dog #5855,CT83,4.70,-1.70,missing,
auto_accept,exact_identity_key,verified_exact_identity,100,90,100,66,yes,,columbia::ct83,282,simple,,CT83,CT83,Clutch Dog,Clutch Dog,Columbia Tools,columbia,3.00,regular_price,,Wall Tools,wall_tools,Columbia Parts,columbia,Columbia Clutch Dog (COLM-CT83),CT83,3.23,-0.23,product_specific,"Columbia Taping Tool Parts, Columbia Tool Parts, Taping Tool Parts, Taping Tool Repair"
auto_accept,exact_identity_key,verified_exact_identity,100,90,100,60,yes,,columbia::ct82,283,simple,,CT82,CT82,Clutch Lever,Clutch Lever,Columbia Tools,columbia,19.75,regular_price,,All-Wall,all_wall,Columbia,columbia,CT82 Columbia Taper Clutch Lever #5854,CT82,30.12,-10.37,missing,
auto_accept,exact_identity_key,verified_exact_identity,100,90,100,70,yes,,columbia::ct82,283,simple,,CT82,CT82,Clutch Lever,Clutch Lever,Columbia Tools,columbia,19.75,regular_price,,Wall Tools,wall_tools,Columbia Parts,columbia,Columbia Clutch Lever (COLM-CT82),CT82,25.84,-6.09,product_specific,"Columbia Taping Tool Parts, Columbia Tool Parts, Taping Tool Parts, Taping Tool Repair"
review,exact_identifier_brand_conflict,review_brand_conflict,90,90,100,68,no,brand_mismatch:columbia!=tapetech,tapetech::ct82,283,simple,,CT82,CT82,Clutch Lever,Clutch Lever,Columbia Tools,columbia,19.75,regular_price,,Al's Taping Tools,als_taping_tools,TapeTech,tapetech,Taper Clutch Lever - CT82,CT82,25.09,-5.34,product_specific,CT82 - Taper Clutch Lever CT82 Columbia Taper Clutch Lever #5854
auto_accept,exact_identity_key,verified_exact_identity,100,90,100,69,yes,,columbia::ct88,284,simple,,CT88,CT88,Clutch Release Rod,Clutch Release Rod,Columbia Tools,columbia,16.50,regular_price,,All-Wall,all_wall,Columbia,columbia,CT88 Columbia Taper Clutch Release Rod #5862,CT88,18.10,-1.60,missing,
auto_accept,exact_identity_key,verified_exact_identity,100,90,100,78,yes,,columbia::ct88,284,simple,,CT88,CT88,Clutch Release Rod,Clutch Release Rod,Columbia Tools,columbia,16.50,regular_price,,Wall Tools,wall_tools,Columbia Parts,columbia,Columbia Clutch Release Rod (COLM-CT88),CT88,15.52,0.98,product_specific,"Columbia Taping Tool Parts, Columbia Tool Parts, Taping Tool Parts, Taping Tool Repair"
review,exact_identifier_brand_conflict,review_brand_conflict,90,90,100,76,no,brand_mismatch:columbia!=tapetech,tapetech::ct88,284,simple,,CT88,CT88,Clutch Release Rod,Clutch Release Rod,Columbia Tools,columbia,16.50,regular_price,,Al's Taping Tools,als_taping_tools,TapeTech,tapetech,Taper Clutch Release Rod - CT88,CT-88,13.63,2.87,product_specific,CT88 - Taper Clutch Release Rod CT88 Columbia Taper Clutch Release Rod #5862
auto_accept,exact_identity_key,verified_exact_identity,100,90,100,71,yes,,columbia::ct85,285,simple,,CT85,CT85,Clutch Release Shaft,Clutch Release Shaft,Columbia Tools,columbia,40.00,regular_price,,All-Wall,all_wall,Columbia,columbia,CT85 Columbia Taper Clutch Release Shaft #5857,CT85,45.18,-5.18,missing,
auto_accept,exact_identity_key,verified_exact_identity,100,90,100,80,yes,,columbia::ct85,285,simple,,CT85,CT85,Clutch Release Shaft,Clutch Release Shaft,Columbia Tools,columbia,40.00,regular_price,,Wall Tools,wall_tools,Columbia Parts,columbia,Columbia Clutch Release Shaft (COLM-CT85),CT85,38.77,1.23,product_specific,"Columbia Taping Tool Parts, Columbia Tool Parts, Taping Tool Parts, Taping Tool Repair"
auto_accept,exact_identity_key,verified_exact_identity,100,90,100,71,yes,,columbia::ct81,286,simple,,CT81,CT81,Clutch Return Spring,Clutch Return Spring,Columbia Tools,columbia,3.00,regular_price,,All-Wall,all_wall,Columbia,columbia,CT81 Columbia Taper Clutch Return Spring #5853,CT81,3.68,-0.68,missing,
auto_accept,exact_identity_key,verified_exact_identity,100,90,100,80,yes,,columbia::ct81,286,simple,,CT81,CT81,Clutch Return Spring,Clutch Return Spring,Columbia Tools,columbia,3.00,regular_price,,Wall Tools,wall_tools,Columbia Parts,columbia,Columbia Clutch Return Spring (COLM-CT81),CT81,2.60,0.40,product_specific,"Columbia Taping Tool Parts, Columbia Tool Parts, Taping Tool Parts, Taping Tool Repair"
auto_accept,exact_identity_key,verified_exact_identity,100,82,86,75,yes,,columbia::hh9,287,simple,,HH9,HH9,Coiled Hydraulic Line,Coiled Hydraulic Line,Columbia Tools,columbia,40.00,regular_price,,All-Wall,all_wall,Columbia,columbia,Columbia Coiled Hydraulic Hose for COL88,HH9,50.01,-10.01,missing,
auto_accept,exact_identity_key,verified_exact_identity,100,90,100,53,yes,,columbia::hh9,287,simple,,HH9,HH9,Coiled Hydraulic Line,Coiled Hydraulic Line,Columbia Tools,columbia,40.00,regular_price,,Wall Tools,wall_tools,Columbia Parts,columbia,Columbia Coiled Hydraulic Line for Hydra Reach Flat Box Handle (COLM-HH9),HH9,44.20,-4.20,product_specific,Columbia Coiled Hydraulic Line for Hydra Reach Flat Box Handle
auto_accept,exact_identity_key,verified_exact_identity,100,90,100,57,yes,,columbia::hp44,288,simple,,HP44,HP44,Collar O-Ring,Collar O-Ring,Columbia Tools,columbia,2.00,regular_price,,All-Wall,all_wall,Columbia,columbia,HP44 Columbia Mud Pump Collar O-Ring #6153,HP44,2.35,-0.35,missing,
auto_accept,exact_identity_key,verified_exact_identity,100,90,100,72,yes,,columbia::hp44,288,simple,,HP44,HP44,Collar O-Ring,Collar O-Ring,Columbia Tools,columbia,2.00,regular_price,,Wall Tools,wall_tools,Columbia Parts,columbia,"Columbia Collar ""O"" Ring (COLM-HP44)",HP44,1.62,0.38,product_specific,"Columbia Taping Tool Parts, Columbia Tool Parts, Taping Tool Parts, Taping Tool Repair"
auto_accept,exact_identity_key,verified_exact_identity,100,85,96,71,yes,,columbia::3bh,3,variation,COL-180-GRIP-FLAT-BOX-HANDLE,3BH,3BH,Columbia 180° Grip Flat Box Handle - 3',Columbia 180° Grip Flat Box Handle - 3',Columbia Tools,columbia,189.26,regular_price,,Al's Taping Tools,als_taping_tools,Columbia,columbia,"Columbia 36"" 180-Grip Featherweight Flat Box Handle",3BH,189.26,0.00,product_specific,"Need a new Flat box brake handle from Columbia? This option fits most flat boxes like Concorde, Goldblatt, Drywall Master, TapeTech, and more. Buy now!"
auto_accept,exact_identity_key,verified_exact_identity,100,93,98,90,yes,,columbia::3bh,3,variation,COL-180-GRIP-FLAT-BOX-HANDLE,3BH,3BH,Columbia 180° Grip Flat Box Handle - 3',Columbia 180° Grip Flat Box Handle - 3',Columbia Tools,columbia,189.26,regular_price,,All-Wall,all_wall,Columbia,columbia,"Columbia 36"" 180-Grip Flat Box Handle",3BH,189.99,-0.73,product_specific,"The New 36"" Feather Weight 180º handle allows for a full braking capability over the entire 180º angle span. Grips the axle with a tremendous amount of pressure to eliminate the possibility of slippage when dealing with difficult angle situations. As a result, this produces cleaner, quicker and more efficient application of joint compound. A very versatile design that provides the best possible braking at any angle. Extra strong billet aluminum design for years of rugged usage. Less moving parts mean less breakdowns. These handles feature strong billet aluminum design with black metal anodizing, and laser engraving. Everything you want in a box handle combined with a feather weight, large diameter (1 1/4"" diameter) tube - helps you achieve the perfect balance, and perfect finish. Features: Feather Weight - Lightest Box Handles Around Clamp style 180 brake is simple and more durable than pinch brakes Strong billet aluminum design with black anodizing, and laser engraving Feather weight large diameter (1.25in) tube design for perfect balance and desired pressure point Additional braking, control, and range of motion versus competitor handles Compatible with all leading brand boxes (Excluding TapeWorm). 36"" Feather Weight 180-Grip is ideal for wall work, tight areas, butt joints, and low ceilings"
review,near_identical_title,review_near_identical,100,96,100,96,yes,,,3,variation,COL-180-GRIP-FLAT-BOX-HANDLE,3BH,3BH,Columbia 180° Grip Flat Box Handle - 3',Columbia 180° Grip Flat Box Handle - 3',Columbia Tools,columbia,189.26,regular_price,,Wall Tools,wall_tools,Columbia Taping Tools,columbia,Columbia 180 Grip Flat Box Handle,BH,189.27,-0.01,product_specific,The Columbia 180 Grip Flat Box Handle features an innovative 180-degree braking system for greater range of motion while accessing those tight spaces and low ceilings without slipping or losing your grip.
review,medium_confidence_fuzzy_title,review_fuzzy,96,91,96,90,yes,,,3,variation,COL-180-GRIP-FLAT-BOX-HANDLE,3BH,3BH,Columbia 180° Grip Flat Box Handle - 3',Columbia 180° Grip Flat Box Handle - 3',Columbia Tools,columbia,189.26,regular_price,,All-Wall,all_wall,Columbia,columbia,"Columbia 42"" 180-Grip Flat Box Handle",42BH,205.99,-16.73,product_specific,"The New 42"" Feather Weight 180º handle allows for a full braking capability over the entire 180º angle span. Grips the axle with a tremendous amount of pressure to eliminate the possibility of slippage when dealing with difficult angle situations. As a result, this produces cleaner, quicker and more efficient application of joint compound. A very versatile design that provides the best possible braking at any angle. Extra strong billet aluminum design for years of rugged usage. Less moving parts mean less breakdowns. These handles feature strong billet aluminum design with black metal anodizing, and laser engraving. Everything you want in a box handle combined with a feather weight, large diameter (1 1/4"" diameter) tube - helps you achieve the perfect balance, and perfect finish. Features: Feather Weight - Lightest Box Handles Around Clamp style 180 brake is simple and more durable than pinch brakes Strong billet aluminum design with black anodizing, and laser engraving Feather weight large diameter (1.25in) tube design for perfect balance and desired pressure point Additional braking, control, and range of motion versus competitor handles Compatible with all leading brand boxes (Excluding TapeWorm). 42"" Feather Weight 180-Grip is ideal for all-around wall work, butt joints, and low ceilings"
review,medium_confidence_fuzzy_title,review_fuzzy,96,91,96,90,yes,,,3,variation,COL-180-GRIP-FLAT-BOX-HANDLE,3BH,3BH,Columbia 180° Grip Flat Box Handle - 3',Columbia 180° Grip Flat Box Handle - 3',Columbia Tools,columbia,189.26,regular_price,,All-Wall,all_wall,Columbia,columbia,"Columbia 48"" 180-Grip Flat Box Handle",4BH,210.99,-21.73,product_specific,"The New 48"" Feather Weight 180º handle allows for a full braking capability over the entire 180º angle span. Grips the axle with a tremendous amount of pressure to eliminate the possibility of slippage when dealing with difficult angle situations. As a result, this produces cleaner, quicker and more efficient application of joint compound. A very versatile design that provides the best possible braking at any angle. Extra strong billet aluminum design for years of rugged usage. Less moving parts mean less breakdowns. These handles feature strong billet aluminum design with black metal anodizing, and laser engraving. Everything you want in a box handle combined with a feather weight, large diameter (1 1/4"" diameter) tube - helps you achieve the perfect balance, and perfect finish. Features: Feather Weight - Lightest Box Handles Around Clamp style 180 brake is simple and more durable than pinch brakes Strong billet aluminum design with black anodizing, and laser engraving Feather weight large diameter (1.25in) tube design for perfect balance and desired pressure point Additional braking, control, and range of motion versus competitor handles Compatible with all leading brand boxes (Excluding TapeWorm). 48"" Feather Weight 180-Grip is ideal for all-around wall work, butt joints, and ceilings"
review,medium_confidence_fuzzy_title,review_fuzzy,96,91,96,90,yes,,,3,variation,COL-180-GRIP-FLAT-BOX-HANDLE,3BH,3BH,Columbia 180° Grip Flat Box Handle - 3',Columbia 180° Grip Flat Box Handle - 3',Columbia Tools,columbia,189.26,regular_price,,All-Wall,all_wall,Columbia,columbia,"Columbia 60"" 180-Grip Flat Box Handle",5BH,221.99,-32.73,product_specific,"The New 60"" Feather Weight 180º handle allows for a full braking capability over the entire 180º angle span. Grips the axle with a tremendous amount of pressure to eliminate the possibility of slippage when dealing with difficult angle situations. As a result, this produces cleaner, quicker and more efficient application of joint compound. A very versatile design that provides the best possible braking at any angle. Extra strong billet aluminum design for years of rugged usage. Less moving parts mean less breakdowns. These handles feature strong billet aluminum design with black metal anodizing, and laser engraving. Everything you want in a box handle combined with a feather weight, large diameter (1 1/4"" diameter) tube - helps you achieve the perfect balance, and perfect finish. Features: Feather Weight - Lightest Box Handles Around Clamp style 180 brake is simple and more durable than pinch brakes Strong billet aluminum design with black anodizing, and laser engraving Feather weight large diameter (1.25in) tube design for perfect balance and desired pressure point Additional braking, control, and range of motion versus competitor handles Compatible with all leading brand boxes (Excluding TapeWorm). 60"" Feather Weight 180-Grip is ideal for headers, butt joints, and ceilings"
review,medium_confidence_fuzzy_title,review_fuzzy,96,91,96,90,yes,,,3,variation,COL-180-GRIP-FLAT-BOX-HANDLE,3BH,3BH,Columbia 180° Grip Flat Box Handle - 3',Columbia 180° Grip Flat Box Handle - 3',Columbia Tools,columbia,189.26,regular_price,,All-Wall,all_wall,Columbia,columbia,"Columbia 72"" 180-Grip Flat Box Handle",6BH,232.99,-43.73,product_specific,"The New 72"" Feather Weight 180º handle allows for a full braking capability over the entire 180º angle span. Grips the axle with a tremendous amount of pressure to eliminate the possibility of slippage when dealing with difficult angle situations. As a result, this produces cleaner, quicker and more efficient application of joint compound. A very versatile design that provides the best possible braking at any angle. Extra strong billet aluminum design for years of rugged usage. Less moving parts mean less breakdowns. These handles feature strong billet aluminum design with black metal anodizing, and laser engraving. Everything you want in a box handle combined with a feather weight, large diameter (1 1/4"" diameter) tube - helps you achieve the perfect balance, and perfect finish. Features: Feather Weight - Lightest Box Handles Around Clamp style 180 brake is simple and more durable than pinch brakes Strong billet aluminum design with black anodizing, and laser engraving Feather weight large diameter (1.25in) tube design for perfect balance and desired pressure point Additional braking, control, and range of motion versus competitor handles Compatible with all leading brand boxes (Excluding TapeWorm). 72"" Feather Weight 180-Grip is ideal for high work, butt joints, and ceilings"
review,medium_confidence_fuzzy_title,review_fuzzy,96,91,96,87,yes,,,3,variation,COL-180-GRIP-FLAT-BOX-HANDLE,3BH,3BH,Columbia 180° Grip Flat Box Handle - 3',Columbia 180° Grip Flat Box Handle - 3',Columbia Tools,columbia,189.26,regular_price,,Wall Tools,wall_tools,Columbia Taping Tools,columbia,Columbia Taping Tools 4 ft. 180 Grip Flat Box Handle,4BH,210.89,-21.63,product_specific,Columbia 4 ft. 180 Grip Flat Box Handle features an innovative 180-degree braking system for greater range of motion while accessing those tight spaces and low ceilings without slipping or losing your grip
auto_accept,exact_identity_key,verified_exact_identity,100,85,96,71,yes,,columbia::4bh,5,variation,COL-180-GRIP-FLAT-BOX-HANDLE,4BH,4BH,Columbia 180° Grip Flat Box Handle - 4',Columbia 180° Grip Flat Box Handle - 4',Columbia Tools,columbia,210.89,regular_price,,Al's Taping Tools,als_taping_tools,Columbia,columbia,"Columbia 48"" 180-Grip Featherweight Flat Box Handle",4BH,210.89,0.00,product_specific,"The Columbia 48"" 180-Grip Featherweight Flat Box Handle is a great all around handle for walls and ceilings. Shop top Columbia products from Al's Taping Tools!"
auto_accept,exact_identity_key,verified_exact_identity,100,93,98,90,yes,,columbia::4bh,5,variation,COL-180-GRIP-FLAT-BOX-HANDLE,4BH,4BH,Columbia 180° Grip Flat Box Handle - 4',Columbia 180° Grip Flat Box Handle - 4',Columbia Tools,columbia,210.89,regular_price,,All-Wall,all_wall,Columbia,columbia,"Columbia 48"" 180-Grip Flat Box Handle",4BH,210.99,-0.10,product_specific,"The New 48"" Feather Weight 180º handle allows for a full braking capability over the entire 180º angle span. Grips the axle with a tremendous amount of pressure to eliminate the possibility of slippage when dealing with difficult angle situations. As a result, this produces cleaner, quicker and more efficient application of joint compound. A very versatile design that provides the best possible braking at any angle. Extra strong billet aluminum design for years of rugged usage. Less moving parts mean less breakdowns. These handles feature strong billet aluminum design with black metal anodizing, and laser engraving. Everything you want in a box handle combined with a feather weight, large diameter (1 1/4"" diameter) tube - helps you achieve the perfect balance, and perfect finish. Features: Feather Weight - Lightest Box Handles Around Clamp style 180 brake is simple and more durable than pinch brakes Strong billet aluminum design with black anodizing, and laser engraving Feather weight large diameter (1.25in) tube design for perfect balance and desired pressure point Additional braking, control, and range of motion versus competitor handles Compatible with all leading brand boxes (Excluding TapeWorm). 48"" Feather Weight 180-Grip is ideal for all-around wall work, butt joints, and ceilings"
auto_accept,exact_identity_key,verified_exact_identity,100,95,100,87,yes,,columbia::4bh,5,variation,COL-180-GRIP-FLAT-BOX-HANDLE,4BH,4BH,Columbia 180° Grip Flat Box Handle - 4',Columbia 180° Grip Flat Box Handle - 4',Columbia Tools,columbia,210.89,regular_price,,Wall Tools,wall_tools,Columbia Taping Tools,columbia,Columbia Taping Tools 4 ft. 180 Grip Flat Box Handle,4BH,210.89,0.00,product_specific,Columbia 4 ft. 180 Grip Flat Box Handle features an innovative 180-degree braking system for greater range of motion while accessing those tight spaces and low ceilings without slipping or losing your grip
review,near_identical_title,review_near_identical,100,96,100,96,yes,,,5,variation,COL-180-GRIP-FLAT-BOX-HANDLE,4BH,4BH,Columbia 180° Grip Flat Box Handle - 4',Columbia 180° Grip Flat Box Handle - 4',Columbia Tools,columbia,210.89,regular_price,,Wall Tools,wall_tools,Columbia Taping Tools,columbia,Columbia 180 Grip Flat Box Handle,BH,189.27,21.62,product_specific,The Columbia 180 Grip Flat Box Handle features an innovative 180-degree braking system for greater range of motion while accessing those tight spaces and low ceilings without slipping or losing your grip.
review,high_confidence_fuzzy_title,review_fuzzy,98,93,98,90,yes,,,5,variation,COL-180-GRIP-FLAT-BOX-HANDLE,4BH,4BH,Columbia 180° Grip Flat Box Handle - 4',Columbia 180° Grip Flat Box Handle - 4',Columbia Tools,columbia,210.89,regular_price,,All-Wall,all_wall,Columbia,columbia,"Columbia 42"" 180-Grip Flat Box Handle",42BH,205.99,4.90,product_specific,"The New 42"" Feather Weight 180º handle allows for a full braking capability over the entire 180º angle span. Grips the axle with a tremendous amount of pressure to eliminate the possibility of slippage when dealing with difficult angle situations. As a result, this produces cleaner, quicker and more efficient application of joint compound. A very versatile design that provides the best possible braking at any angle. Extra strong billet aluminum design for years of rugged usage. Less moving parts mean less breakdowns. These handles feature strong billet aluminum design with black metal anodizing, and laser engraving. Everything you want in a box handle combined with a feather weight, large diameter (1 1/4"" diameter) tube - helps you achieve the perfect balance, and perfect finish. Features: Feather Weight - Lightest Box Handles Around Clamp style 180 brake is simple and more durable than pinch brakes Strong billet aluminum design with black anodizing, and laser engraving Feather weight large diameter (1.25in) tube design for perfect balance and desired pressure point Additional braking, control, and range of motion versus competitor handles Compatible with all leading brand boxes (Excluding TapeWorm). 42"" Feather Weight 180-Grip is ideal for all-around wall work, butt joints, and low ceilings"
review,medium_confidence_fuzzy_title,review_fuzzy,96,91,96,90,yes,,,5,variation,COL-180-GRIP-FLAT-BOX-HANDLE,4BH,4BH,Columbia 180° Grip Flat Box Handle - 4',Columbia 180° Grip Flat Box Handle - 4',Columbia Tools,columbia,210.89,regular_price,,All-Wall,all_wall,Columbia,columbia,"Columbia 36"" 180-Grip Flat Box Handle",3BH,189.99,20.90,product_specific,"The New 36"" Feather Weight 180º handle allows for a full braking capability over the entire 180º angle span. Grips the axle with a tremendous amount of pressure to eliminate the possibility of slippage when dealing with difficult angle situations. As a result, this produces cleaner, quicker and more efficient application of joint compound. A very versatile design that provides the best possible braking at any angle. Extra strong billet aluminum design for years of rugged usage. Less moving parts mean less breakdowns. These handles feature strong billet aluminum design with black metal anodizing, and laser engraving. Everything you want in a box handle combined with a feather weight, large diameter (1 1/4"" diameter) tube - helps you achieve the perfect balance, and perfect finish. Features: Feather Weight - Lightest Box Handles Around Clamp style 180 brake is simple and more durable than pinch brakes Strong billet aluminum design with black anodizing, and laser engraving Feather weight large diameter (1.25in) tube design for perfect balance and desired pressure point Additional braking, control, and range of motion versus competitor handles Compatible with all leading brand boxes (Excluding TapeWorm). 36"" Feather Weight 180-Grip is ideal for wall work, tight areas, butt joints, and low ceilings"
review,medium_confidence_fuzzy_title,review_fuzzy,96,91,96,90,yes,,,5,variation,COL-180-GRIP-FLAT-BOX-HANDLE,4BH,4BH,Columbia 180° Grip Flat Box Handle - 4',Columbia 180° Grip Flat Box Handle - 4',Columbia Tools,columbia,210.89,regular_price,,All-Wall,all_wall,Columbia,columbia,"Columbia 60"" 180-Grip Flat Box Handle",5BH,221.99,-11.10,product_specific,"The New 60"" Feather Weight 180º handle allows for a full braking capability over the entire 180º angle span. Grips the axle with a tremendous amount of pressure to eliminate the possibility of slippage when dealing with difficult angle situations. As a result, this produces cleaner, quicker and more efficient application of joint compound. A very versatile design that provides the best possible braking at any angle. Extra strong billet aluminum design for years of rugged usage. Less moving parts mean less breakdowns. These handles feature strong billet aluminum design with black metal anodizing, and laser engraving. Everything you want in a box handle combined with a feather weight, large diameter (1 1/4"" diameter) tube - helps you achieve the perfect balance, and perfect finish. Features: Feather Weight - Lightest Box Handles Around Clamp style 180 brake is simple and more durable than pinch brakes Strong billet aluminum design with black anodizing, and laser engraving Feather weight large diameter (1.25in) tube design for perfect balance and desired pressure point Additional braking, control, and range of motion versus competitor handles Compatible with all leading brand boxes (Excluding TapeWorm). 60"" Feather Weight 180-Grip is ideal for headers, butt joints, and ceilings"
review,medium_confidence_fuzzy_title,review_fuzzy,96,91,96,90,yes,,,5,variation,COL-180-GRIP-FLAT-BOX-HANDLE,4BH,4BH,Columbia 180° Grip Flat Box Handle - 4',Columbia 180° Grip Flat Box Handle - 4',Columbia Tools,columbia,210.89,regular_price,,All-Wall,all_wall,Columbia,columbia,"Columbia 72"" 180-Grip Flat Box Handle",6BH,232.99,-22.10,product_specific,"The New 72"" Feather Weight 180º handle allows for a full braking capability over the entire 180º angle span. Grips the axle with a tremendous amount of pressure to eliminate the possibility of slippage when dealing with difficult angle situations. As a result, this produces cleaner, quicker and more efficient application of joint compound. A very versatile design that provides the best possible braking at any angle. Extra strong billet aluminum design for years of rugged usage. Less moving parts mean less breakdowns. These handles feature strong billet aluminum design with black metal anodizing, and laser engraving. Everything you want in a box handle combined with a feather weight, large diameter (1 1/4"" diameter) tube - helps you achieve the perfect balance, and perfect finish. Features: Feather Weight - Lightest Box Handles Around Clamp style 180 brake is simple and more durable than pinch brakes Strong billet aluminum design with black anodizing, and laser engraving Feather weight large diameter (1.25in) tube design for perfect balance and desired pressure point Additional braking, control, and range of motion versus competitor handles Compatible with all leading brand boxes (Excluding TapeWorm). 72"" Feather Weight 180-Grip is ideal for high work, butt joints, and ceilings"
auto_accept,exact_identity_key,verified_exact_identity,100,85,100,70,yes,,columbia::42bh,4,variation,COL-180-GRIP-FLAT-BOX-HANDLE,42BH,42BH,"Columbia 180° Grip Flat Box Handle - 42""","Columbia 180° Grip Flat Box Handle - 42""",Columbia Tools,columbia,205.49,regular_price,,Al's Taping Tools,als_taping_tools,Columbia,columbia,"Columbia 42"" 180-Grip Featherweight Flat Box Handle",42BH,205.49,0.00,product_specific,"Check out top Columbia Flat Boxes from Al's Taping Tools. The Columbia 42"" 180-Grip Featherweight Flat Box Handle is a great option. Shop online today!"
auto_accept,exact_identity_key,verified_exact_identity,100,95,100,88,yes,,columbia::42bh,4,variation,COL-180-GRIP-FLAT-BOX-HANDLE,42BH,42BH,"Columbia 180° Grip Flat Box Handle - 42""","Columbia 180° Grip Flat Box Handle - 42""",Columbia Tools,columbia,205.49,regular_price,,All-Wall,all_wall,Columbia,columbia,"Columbia 42"" 180-Grip Flat Box Handle",42BH,205.99,-0.50,product_specific,"The New 42"" Feather Weight 180º handle allows for a full braking capability over the entire 180º angle span. Grips the axle with a tremendous amount of pressure to eliminate the possibility of slippage when dealing with difficult angle situations. As a result, this produces cleaner, quicker and more efficient application of joint compound. A very versatile design that provides the best possible braking at any angle. Extra strong billet aluminum design for years of rugged usage. Less moving parts mean less breakdowns. These handles feature strong billet aluminum design with black metal anodizing, and laser engraving. Everything you want in a box handle combined with a feather weight, large diameter (1 1/4"" diameter) tube - helps you achieve the perfect balance, and perfect finish. Features: Feather Weight - Lightest Box Handles Around Clamp style 180 brake is simple and more durable than pinch brakes Strong billet aluminum design with black anodizing, and laser engraving Feather weight large diameter (1.25in) tube design for perfect balance and desired pressure point Additional braking, control, and range of motion versus competitor handles Compatible with all leading brand boxes (Excluding TapeWorm). 42"" Feather Weight 180-Grip is ideal for all-around wall work, butt joints, and low ceilings"
review,near_identical_title,review_near_identical,100,95,100,94,yes,,,4,variation,COL-180-GRIP-FLAT-BOX-HANDLE,42BH,42BH,"Columbia 180° Grip Flat Box Handle - 42""","Columbia 180° Grip Flat Box Handle - 42""",Columbia Tools,columbia,205.49,regular_price,,Wall Tools,wall_tools,Columbia Taping Tools,columbia,Columbia 180 Grip Flat Box Handle,BH,189.27,16.22,product_specific,The Columbia 180 Grip Flat Box Handle features an innovative 180-degree braking system for greater range of motion while accessing those tight spaces and low ceilings without slipping or losing your grip.
review,medium_confidence_fuzzy_title,review_fuzzy,94,89,94,85,yes,,,4,variation,COL-180-GRIP-FLAT-BOX-HANDLE,42BH,42BH,"Columbia 180° Grip Flat Box Handle - 42""","Columbia 180° Grip Flat Box Handle - 42""",Columbia Tools,columbia,205.49,regular_price,,Wall Tools,wall_tools,Columbia Taping Tools,columbia,Columbia Taping Tools 4 ft. 180 Grip Flat Box Handle,4BH,210.89,-5.40,product_specific,Columbia 4 ft. 180 Grip Flat Box Handle features an innovative 180-degree braking system for greater range of motion while accessing those tight spaces and low ceilings without slipping or losing your grip
auto_accept,exact_identity_key,verified_exact_identity,100,85,96,71,yes,,columbia::5bh,6,variation,COL-180-GRIP-FLAT-BOX-HANDLE,5BH,5BH,Columbia 180° Grip Flat Box Handle - 5',Columbia 180° Grip Flat Box Handle - 5',Columbia Tools,columbia,221.71,regular_price,,Al's Taping Tools,als_taping_tools,Columbia,columbia,"Columbia 60"" 180-Grip Featherweight Flat Box Handle",5BH,221.71,0.00,product_specific,"Al's Taping Tools has all the best Columbia tools. Shop the Columbia 60"" 180-Grip Featherweight Flat Box for greater versatility!"
auto_accept,exact_identity_key,verified_exact_identity,100,91,96,90,yes,,columbia::5bh,6,variation,COL-180-GRIP-FLAT-BOX-HANDLE,5BH,5BH,Columbia 180° Grip Flat Box Handle - 5',Columbia 180° Grip Flat Box Handle - 5',Columbia Tools,columbia,221.71,regular_price,,All-Wall,all_wall,Columbia,columbia,"Columbia 60"" 180-Grip Flat Box Handle",5BH,221.99,-0.28,product_specific,"The New 60"" Feather Weight 180º handle allows for a full braking capability over the entire 180º angle span. Grips the axle with a tremendous amount of pressure to eliminate the possibility of slippage when dealing with difficult angle situations. As a result, this produces cleaner, quicker and more efficient application of joint compound. A very versatile design that provides the best possible braking at any angle. Extra strong billet aluminum design for years of rugged usage. Less moving parts mean less breakdowns. These handles feature strong billet aluminum design with black metal anodizing, and laser engraving. Everything you want in a box handle combined with a feather weight, large diameter (1 1/4"" diameter) tube - helps you achieve the perfect balance, and perfect finish. Features: Feather Weight - Lightest Box Handles Around Clamp style 180 brake is simple and more durable than pinch brakes Strong billet aluminum design with black anodizing, and laser engraving Feather weight large diameter (1.25in) tube design for perfect balance and desired pressure point Additional braking, control, and range of motion versus competitor handles Compatible with all leading brand boxes (Excluding TapeWorm). 60"" Feather Weight 180-Grip is ideal for headers, butt joints, and ceilings"
review,near_identical_title,review_near_identical,100,96,100,96,yes,,,6,variation,COL-180-GRIP-FLAT-BOX-HANDLE,5BH,5BH,Columbia 180° Grip Flat Box Handle - 5',Columbia 180° Grip Flat Box Handle - 5',Columbia Tools,columbia,221.71,regular_price,,Wall Tools,wall_tools,Columbia Taping Tools,columbia,Columbia 180 Grip Flat Box Handle,BH,189.27,32.44,product_specific,The Columbia 180 Grip Flat Box Handle features an innovative 180-degree braking system for greater range of motion while accessing those tight spaces and low ceilings without slipping or losing your grip.
review,medium_confidence_fuzzy_title,review_fuzzy,96,91,96,90,yes,,,6,variation,COL-180-GRIP-FLAT-BOX-HANDLE,5BH,5BH,Columbia 180° Grip Flat Box Handle - 5',Columbia 180° Grip Flat Box Handle - 5',Columbia Tools,columbia,221.71,regular_price,,All-Wall,all_wall,Columbia,columbia,"Columbia 36"" 180-Grip Flat Box Handle",3BH,189.99,31.72,product_specific,"The New 36"" Feather Weight 180º handle allows for a full braking capability over the entire 180º angle span. Grips the axle with a tremendous amount of pressure to eliminate the possibility of slippage when dealing with difficult angle situations. As a result, this produces cleaner, quicker and more efficient application of joint compound. A very versatile design that provides the best possible braking at any angle. Extra strong billet aluminum design for years of rugged usage. Less moving parts mean less breakdowns. These handles feature strong billet aluminum design with black metal anodizing, and laser engraving. Everything you want in a box handle combined with a feather weight, large diameter (1 1/4"" diameter) tube - helps you achieve the perfect balance, and perfect finish. Features: Feather Weight - Lightest Box Handles Around Clamp style 180 brake is simple and more durable than pinch brakes Strong billet aluminum design with black anodizing, and laser engraving Feather weight large diameter (1.25in) tube design for perfect balance and desired pressure point Additional braking, control, and range of motion versus competitor handles Compatible with all leading brand boxes (Excluding TapeWorm). 36"" Feather Weight 180-Grip is ideal for wall work, tight areas, butt joints, and low ceilings"
review,medium_confidence_fuzzy_title,review_fuzzy,96,91,96,90,yes,,,6,variation,COL-180-GRIP-FLAT-BOX-HANDLE,5BH,5BH,Columbia 180° Grip Flat Box Handle - 5',Columbia 180° Grip Flat Box Handle - 5',Columbia Tools,columbia,221.71,regular_price,,All-Wall,all_wall,Columbia,columbia,"Columbia 42"" 180-Grip Flat Box Handle",42BH,205.99,15.72,product_specific,"The New 42"" Feather Weight 180º handle allows for a full braking capability over the entire 180º angle span. Grips the axle with a tremendous amount of pressure to eliminate the possibility of slippage when dealing with difficult angle situations. As a result, this produces cleaner, quicker and more efficient application of joint compound. A very versatile design that provides the best possible braking at any angle. Extra strong billet aluminum design for years of rugged usage. Less moving parts mean less breakdowns. These handles feature strong billet aluminum design with black metal anodizing, and laser engraving. Everything you want in a box handle combined with a feather weight, large diameter (1 1/4"" diameter) tube - helps you achieve the perfect balance, and perfect finish. Features: Feather Weight - Lightest Box Handles Around Clamp style 180 brake is simple and more durable than pinch brakes Strong billet aluminum design with black anodizing, and laser engraving Feather weight large diameter (1.25in) tube design for perfect balance and desired pressure point Additional braking, control, and range of motion versus competitor handles Compatible with all leading brand boxes (Excluding TapeWorm). 42"" Feather Weight 180-Grip is ideal for all-around wall work, butt joints, and low ceilings"
review,medium_confidence_fuzzy_title,review_fuzzy,96,91,96,90,yes,,,6,variation,COL-180-GRIP-FLAT-BOX-HANDLE,5BH,5BH,Columbia 180° Grip Flat Box Handle - 5',Columbia 180° Grip Flat Box Handle - 5',Columbia Tools,columbia,221.71,regular_price,,All-Wall,all_wall,Columbia,columbia,"Columbia 48"" 180-Grip Flat Box Handle",4BH,210.99,10.72,product_specific,"The New 48"" Feather Weight 180º handle allows for a full braking capability over the entire 180º angle span. Grips the axle with a tremendous amount of pressure to eliminate the possibility of slippage when dealing with difficult angle situations. As a result, this produces cleaner, quicker and more efficient application of joint compound. A very versatile design that provides the best possible braking at any angle. Extra strong billet aluminum design for years of rugged usage. Less moving parts mean less breakdowns. These handles feature strong billet aluminum design with black metal anodizing, and laser engraving. Everything you want in a box handle combined with a feather weight, large diameter (1 1/4"" diameter) tube - helps you achieve the perfect balance, and perfect finish. Features: Feather Weight - Lightest Box Handles Around Clamp style 180 brake is simple and more durable than pinch brakes Strong billet aluminum design with black anodizing, and laser engraving Feather weight large diameter (1.25in) tube design for perfect balance and desired pressure point Additional braking, control, and range of motion versus competitor handles Compatible with all leading brand boxes (Excluding TapeWorm). 48"" Feather Weight 180-Grip is ideal for all-around wall work, butt joints, and ceilings"
review,medium_confidence_fuzzy_title,review_fuzzy,96,91,96,90,yes,,,6,variation,COL-180-GRIP-FLAT-BOX-HANDLE,5BH,5BH,Columbia 180° Grip Flat Box Handle - 5',Columbia 180° Grip Flat Box Handle - 5',Columbia Tools,columbia,221.71,regular_price,,All-Wall,all_wall,Columbia,columbia,"Columbia 72"" 180-Grip Flat Box Handle",6BH,232.99,-11.28,product_specific,"The New 72"" Feather Weight 180º handle allows for a full braking capability over the entire 180º angle span. Grips the axle with a tremendous amount of pressure to eliminate the possibility of slippage when dealing with difficult angle situations. As a result, this produces cleaner, quicker and more efficient application of joint compound. A very versatile design that provides the best possible braking at any angle. Extra strong billet aluminum design for years of rugged usage. Less moving parts mean less breakdowns. These handles feature strong billet aluminum design with black metal anodizing, and laser engraving. Everything you want in a box handle combined with a feather weight, large diameter (1 1/4"" diameter) tube - helps you achieve the perfect balance, and perfect finish. Features: Feather Weight - Lightest Box Handles Around Clamp style 180 brake is simple and more durable than pinch brakes Strong billet aluminum design with black anodizing, and laser engraving Feather weight large diameter (1.25in) tube design for perfect balance and desired pressure point Additional braking, control, and range of motion versus competitor handles Compatible with all leading brand boxes (Excluding TapeWorm). 72"" Feather Weight 180-Grip is ideal for high work, butt joints, and ceilings"
review,medium_confidence_fuzzy_title,review_fuzzy,96,91,96,87,yes,,,6,variation,COL-180-GRIP-FLAT-BOX-HANDLE,5BH,5BH,Columbia 180° Grip Flat Box Handle - 5',Columbia 180° Grip Flat Box Handle - 5',Columbia Tools,columbia,221.71,regular_price,,Wall Tools,wall_tools,Columbia Taping Tools,columbia,Columbia Taping Tools 4 ft. 180 Grip Flat Box Handle,4BH,210.89,10.82,product_specific,Columbia 4 ft. 180 Grip Flat Box Handle features an innovative 180-degree braking system for greater range of motion while accessing those tight spaces and low ceilings without slipping or losing your grip
auto_accept,exact_identity_key,verified_exact_identity,100,85,96,71,yes,,columbia::6bh,7,variation,COL-180-GRIP-FLAT-BOX-HANDLE,6BH,6BH,Columbia 180° Grip Flat Box Handle - 6',Columbia 180° Grip Flat Box Handle - 6',Columbia Tools,columbia,232.52,regular_price,,Al's Taping Tools,als_taping_tools,Columbia,columbia,"Columbia 72"" 180-Grip Featherweight Flat Box Handle",6BH,232.52,0.00,product_specific,"Looking for the best Columbia Flat Box Handle on the market? The Columbia 72"" 180-Grip Featherweight Flat Box Handle is a great option. Shop Al's Taping Tools!"
auto_accept,exact_identity_key,verified_exact_identity,100,91,96,90,yes,,columbia::6bh,7,variation,COL-180-GRIP-FLAT-BOX-HANDLE,6BH,6BH,Columbia 180° Grip Flat Box Handle - 6',Columbia 180° Grip Flat Box Handle - 6',Columbia Tools,columbia,232.52,regular_price,,All-Wall,all_wall,Columbia,columbia,"Columbia 72"" 180-Grip Flat Box Handle",6BH,232.99,-0.47,product_specific,"The New 72"" Feather Weight 180º handle allows for a full braking capability over the entire 180º angle span. Grips the axle with a tremendous amount of pressure to eliminate the possibility of slippage when dealing with difficult angle situations. As a result, this produces cleaner, quicker and more efficient application of joint compound. A very versatile design that provides the best possible braking at any angle. Extra strong billet aluminum design for years of rugged usage. Less moving parts mean less breakdowns. These handles feature strong billet aluminum design with black metal anodizing, and laser engraving. Everything you want in a box handle combined with a feather weight, large diameter (1 1/4"" diameter) tube - helps you achieve the perfect balance, and perfect finish. Features: Feather Weight - Lightest Box Handles Around Clamp style 180 brake is simple and more durable than pinch brakes Strong billet aluminum design with black anodizing, and laser engraving Feather weight large diameter (1.25in) tube design for perfect balance and desired pressure point Additional braking, control, and range of motion versus competitor handles Compatible with all leading brand boxes (Excluding TapeWorm). 72"" Feather Weight 180-Grip is ideal for high work, butt joints, and ceilings"
review,near_identical_title,review_near_identical,100,96,100,96,yes,,,7,variation,COL-180-GRIP-FLAT-BOX-HANDLE,6BH,6BH,Columbia 180° Grip Flat Box Handle - 6',Columbia 180° Grip Flat Box Handle - 6',Columbia Tools,columbia,232.52,regular_price,,Wall Tools,wall_tools,Columbia Taping Tools,columbia,Columbia 180 Grip Flat Box Handle,BH,189.27,43.25,product_specific,The Columbia 180 Grip Flat Box Handle features an innovative 180-degree braking system for greater range of motion while accessing those tight spaces and low ceilings without slipping or losing your grip.
review,high_confidence_fuzzy_title,review_fuzzy,98,93,98,90,yes,,,7,variation,COL-180-GRIP-FLAT-BOX-HANDLE,6BH,6BH,Columbia 180° Grip Flat Box Handle - 6',Columbia 180° Grip Flat Box Handle - 6',Columbia Tools,columbia,232.52,regular_price,,All-Wall,all_wall,Columbia,columbia,"Columbia 36"" 180-Grip Flat Box Handle",3BH,189.99,42.53,product_specific,"The New 36"" Feather Weight 180º handle allows for a full braking capability over the entire 180º angle span. Grips the axle with a tremendous amount of pressure to eliminate the possibility of slippage when dealing with difficult angle situations. As a result, this produces cleaner, quicker and more efficient application of joint compound. A very versatile design that provides the best possible braking at any angle. Extra strong billet aluminum design for years of rugged usage. Less moving parts mean less breakdowns. These handles feature strong billet aluminum design with black metal anodizing, and laser engraving. Everything you want in a box handle combined with a feather weight, large diameter (1 1/4"" diameter) tube - helps you achieve the perfect balance, and perfect finish. Features: Feather Weight - Lightest Box Handles Around Clamp style 180 brake is simple and more durable than pinch brakes Strong billet aluminum design with black anodizing, and laser engraving Feather weight large diameter (1.25in) tube design for perfect balance and desired pressure point Additional braking, control, and range of motion versus competitor handles Compatible with all leading brand boxes (Excluding TapeWorm). 36"" Feather Weight 180-Grip is ideal for wall work, tight areas, butt joints, and low ceilings"
review,high_confidence_fuzzy_title,review_fuzzy,98,93,98,90,yes,,,7,variation,COL-180-GRIP-FLAT-BOX-HANDLE,6BH,6BH,Columbia 180° Grip Flat Box Handle - 6',Columbia 180° Grip Flat Box Handle - 6',Columbia Tools,columbia,232.52,regular_price,,All-Wall,all_wall,Columbia,columbia,"Columbia 60"" 180-Grip Flat Box Handle",5BH,221.99,10.53,product_specific,"The New 60"" Feather Weight 180º handle allows for a full braking capability over the entire 180º angle span. Grips the axle with a tremendous amount of pressure to eliminate the possibility of slippage when dealing with difficult angle situations. As a result, this produces cleaner, quicker and more efficient application of joint compound. A very versatile design that provides the best possible braking at any angle. Extra strong billet aluminum design for years of rugged usage. Less moving parts mean less breakdowns. These handles feature strong billet aluminum design with black metal anodizing, and laser engraving. Everything you want in a box handle combined with a feather weight, large diameter (1 1/4"" diameter) tube - helps you achieve the perfect balance, and perfect finish. Features: Feather Weight - Lightest Box Handles Around Clamp style 180 brake is simple and more durable than pinch brakes Strong billet aluminum design with black anodizing, and laser engraving Feather weight large diameter (1.25in) tube design for perfect balance and desired pressure point Additional braking, control, and range of motion versus competitor handles Compatible with all leading brand boxes (Excluding TapeWorm). 60"" Feather Weight 180-Grip is ideal for headers, butt joints, and ceilings"
review,medium_confidence_fuzzy_title,review_fuzzy,96,91,96,90,yes,,,7,variation,COL-180-GRIP-FLAT-BOX-HANDLE,6BH,6BH,Columbia 180° Grip Flat Box Handle - 6',Columbia 180° Grip Flat Box Handle - 6',Columbia Tools,columbia,232.52,regular_price,,All-Wall,all_wall,Columbia,columbia,"Columbia 42"" 180-Grip Flat Box Handle",42BH,205.99,26.53,product_specific,"The New 42"" Feather Weight 180º handle allows for a full braking capability over the entire 180º angle span. Grips the axle with a tremendous amount of pressure to eliminate the possibility of slippage when dealing with difficult angle situations. As a result, this produces cleaner, quicker and more efficient application of joint compound. A very versatile design that provides the best possible braking at any angle. Extra strong billet aluminum design for years of rugged usage. Less moving parts mean less breakdowns. These handles feature strong billet aluminum design with black metal anodizing, and laser engraving. Everything you want in a box handle combined with a feather weight, large diameter (1 1/4"" diameter) tube - helps you achieve the perfect balance, and perfect finish. Features: Feather Weight - Lightest Box Handles Around Clamp style 180 brake is simple and more durable than pinch brakes Strong billet aluminum design with black anodizing, and laser engraving Feather weight large diameter (1.25in) tube design for perfect balance and desired pressure point Additional braking, control, and range of motion versus competitor handles Compatible with all leading brand boxes (Excluding TapeWorm). 42"" Feather Weight 180-Grip is ideal for all-around wall work, butt joints, and low ceilings"
review,medium_confidence_fuzzy_title,review_fuzzy,96,91,96,90,yes,,,7,variation,COL-180-GRIP-FLAT-BOX-HANDLE,6BH,6BH,Columbia 180° Grip Flat Box Handle - 6',Columbia 180° Grip Flat Box Handle - 6',Columbia Tools,columbia,232.52,regular_price,,All-Wall,all_wall,Columbia,columbia,"Columbia 48"" 180-Grip Flat Box Handle",4BH,210.99,21.53,product_specific,"The New 48"" Feather Weight 180º handle allows for a full braking capability over the entire 180º angle span. Grips the axle with a tremendous amount of pressure to eliminate the possibility of slippage when dealing with difficult angle situations. As a result, this produces cleaner, quicker and more efficient application of joint compound. A very versatile design that provides the best possible braking at any angle. Extra strong billet aluminum design for years of rugged usage. Less moving parts mean less breakdowns. These handles feature strong billet aluminum design with black metal anodizing, and laser engraving. Everything you want in a box handle combined with a feather weight, large diameter (1 1/4"" diameter) tube - helps you achieve the perfect balance, and perfect finish. Features: Feather Weight - Lightest Box Handles Around Clamp style 180 brake is simple and more durable than pinch brakes Strong billet aluminum design with black anodizing, and laser engraving Feather weight large diameter (1.25in) tube design for perfect balance and desired pressure point Additional braking, control, and range of motion versus competitor handles Compatible with all leading brand boxes (Excluding TapeWorm). 48"" Feather Weight 180-Grip is ideal for all-around wall work, butt joints, and ceilings"
review,medium_confidence_fuzzy_title,review_fuzzy,96,91,96,87,yes,,,7,variation,COL-180-GRIP-FLAT-BOX-HANDLE,6BH,6BH,Columbia 180° Grip Flat Box Handle - 6',Columbia 180° Grip Flat Box Handle - 6',Columbia Tools,columbia,232.52,regular_price,,Wall Tools,wall_tools,Columbia Taping Tools,columbia,Columbia Taping Tools 4 ft. 180 Grip Flat Box Handle,4BH,210.89,21.63,product_specific,Columbia 4 ft. 180 Grip Flat Box Handle features an innovative 180-degree braking system for greater range of motion while accessing those tight spaces and low ceilings without slipping or losing your grip
auto_accept,exact_identity_key,verified_exact_identity,100,85,100,70,yes,,columbia::2ah,8,variation,COL-ANGLE-HEAD,2AH,2AH,"Columbia Angle Head - 2""","Columbia Angle Head - 2""",Columbia Tools,columbia,410.97,regular_price,,Al's Taping Tools,als_taping_tools,Columbia,columbia,"Columbia 2"" Angle Head w/ Wheels",2AH,410.97,0.00,product_specific,"The Columbia 2"" Angle Head is a great choice for your glazing coat. It produces a very fine finish on inside 90 degree corners. Shop online today!"
auto_accept,exact_identity_key,verified_exact_identity,100,95,100,83,yes,,columbia::2ah,8,variation,COL-ANGLE-HEAD,2AH,2AH,"Columbia Angle Head - 2""","Columbia Angle Head - 2""",Columbia Tools,columbia,410.97,regular_price,,All-Wall,all_wall,Columbia,columbia,"Columbia 2"" Angle Head",2AH,410.99,-0.02,product_specific,"Columbia Taping Tools 2inch Convertible Wheels Angle head, is ideal for taping coat, as well as finishing door legs and other narrow angles. Sometimes called a corner finisher or glazer, Columbia Angle Head features an exclusive Locking Clip Attachment System which eliminates surprise detachment from angle boxes or angle head handles. With the all-new stainless steel blade frames and precision machined aluminum body, Columbia Taping Tools 2"" angle head is designed to feather a consistent, smooth finish on both sides of inside 90 degree drywall angles. Columbia's exclusive, new Thick Frame Blade Carrier design is the ultimate in precision and durability. This new advancement in angle head construction will last longer than any other non-stainless, coated carriers, and finish with a smooth precision that has never before been seen in angle head corner finishers. The convertible wheels design is perfect for any drywall finisher - Run with wheels for a smooth, gliding performance. Run without wheels for easy clean-up or personal preference. Every Columbia Angle Head Corner Finisher includes a set of wheels and instructions for installation. After applying tape and setting with corner roller (sold separately), angle head is attached to angle head handle, and smoothes first coat of tape consistently into the corner. Smooth finish to inside drywall corners can be done by attaching angle head to angle box (also known as corner box) to apply final mud coat Columbia 2inch drywall angle head works great for final finish coat in narrow corners or on tape coat. Mud can be easily removed from behind frames through handy Clean-Out hole.. Precision machined anodized aluminum body for solid fit and long-term reliability. Surprise detachments from angle head handle or angle box are eliminated with the Locking Clip System Stainless Steel, Heavy Duty, Thick Frame Blade Carriers are the ultimate in precision and reliability. Includes wheel kit and installation instructions. Convertible design can be run with or without wheels. 5-year Manufacturer's Warranty."
review,high_confidence_fuzzy_title,review_fuzzy,100,95,100,90,yes,,,8,variation,COL-ANGLE-HEAD,2AH,2AH,"Columbia Angle Head - 2""","Columbia Angle Head - 2""",Columbia Tools,columbia,410.97,regular_price,,Wall Tools,wall_tools,Columbia Taping Tools,columbia,Columbia Angle Head,CF,410.98,-0.01,product_specific,"The Columbia Angle Head finishes angles professionally with the correct, consistent amount of mud and the proper feathering of edges. Precision machining of hard-chromed wings ensures longer wear and superior performance."
auto_accept,exact_identity_key,verified_exact_identity,100,85,100,62,yes,,columbia::25ah,9,variation,COL-ANGLE-HEAD,2.5AH,2.5AH,"Columbia Angle Head - 2.5""","Columbia Angle Head - 2.5""",Columbia Tools,columbia,421.79,regular_price,,Al's Taping Tools,als_taping_tools,Columbia,columbia,"Columbia 2.5"" Angle Head w/ Wheels",2.5AH,421.79,0.00,product_specific,"The Columbia 2.5"" Angle Head is a great choice for your glazing coat. It produces a very fine finish on inside 90 degree corners. Shop Al's Taping Tools today!"
auto_accept,exact_identity_key,verified_exact_identity,100,95,100,71,yes,,columbia::25ah,9,variation,COL-ANGLE-HEAD,2.5AH,2.5AH,"Columbia Angle Head - 2.5""","Columbia Angle Head - 2.5""",Columbia Tools,columbia,421.79,regular_price,,All-Wall,all_wall,Columbia,columbia,"Columbia 2.5"" Angle Head",2.5AH,421.99,-0.20,product_specific,"Columbia Taping Tools 2.5"" Convertible Wheels Angle head, is ideal for taping coat, as well as finishing door legs and other narrow angles. Sometimes called a corner finisher or glazer, Columbia Angle Head features a Secure Locking Attachment System which eliminates surprise detachment from angle boxes or angle head handles. With rugged welded stainless steel blade frames and precision machined aluminum body, Columbia Taping Tools 2"" angle head is designed to feather a consistent, smooth finish on both sides of inside 90 degree drywall angles. Columbia's exclusive, new Thick Frame Blade Carrier design is the ultimate in precision and durability. This new advancement in angle head construction will last longer than any other non-stainless, coated carriers, and finish with a smooth precision that has never before been seen in angle head corner finishers. The convertible wheels design is perfect for any drywall finisher - Run with wheels for a smooth, gliding performance. Run without wheels for easy clean-up or personal preference. Every Columbia Angle Head Corner Finisher includes a set of wheels and instructions for installation. After applying tape and setting with corner roller (sold separately), angle head is attached to angle head handle, and smoothes first coat of tape consistently into the corner. Smooth finish to inside drywall corners can be done by attaching angle head to angle box (also known as corner box) to apply final mud coat Columbia 2.5 inch drywall angle head works great for tape coat final finish coat in narrow corners. Mud can be easily removed from behind frames through handy Clean-Out hole.. Precision machined anodized aluminum body for solid fit and long-term reliability. Surprise detachments from angle head handle or angle box are eliminated with the Locking Clip System Stainless Steel, Heavy Duty, Thick Frame Blade Carriers are the ultimate in precision and reliability. 5-year Manufacturer's Warranty."
auto_accept,exact_identity_key,verified_exact_identity,100,85,100,70,yes,,columbia::3ah,10,variation,COL-ANGLE-HEAD,3AH,3AH,"Columbia Angle Head - 3""","Columbia Angle Head - 3""",Columbia Tools,columbia,443.42,regular_price,,Al's Taping Tools,als_taping_tools,Columbia,columbia,"Columbia 3"" Angle Head w/ Wheels",3AH,443.42,0.00,product_specific,The Columbia inch angle head is a great corner finisher for professional drywall tapers. Best angle head for finishing coat using corner boxes. Shop today!
auto_accept,exact_identity_key,verified_exact_identity,100,95,100,83,yes,,columbia::3ah,10,variation,COL-ANGLE-HEAD,3AH,3AH,"Columbia Angle Head - 3""","Columbia Angle Head - 3""",Columbia Tools,columbia,443.42,regular_price,,All-Wall,all_wall,Columbia,columbia,"Columbia 3"" Angle Head",3AH,443.99,-0.57,product_specific,"Columbia Taping Tools 3"" Angle head, is ideal for taping coat, and final finishing coat. Sometimes called a corner finisher or glazer, Columbia Angle Head features an exclusive Secure Locking Attachment System which eliminates surprise detachment from angle boxes or angle head handles. With rugged welded stainless steel blade frames and precision machined aluminum body, Columbia Taping Tools 3"" angle head is designed to feather a consistent, smooth finish on both sides of inside 90 degree drywall angles. Columbia's exclusive, new Thick Frame Blade Carrier design is the ultimate in precision and durability. This new advancement in angle head construction will last longer than any other non-stainless, coated carriers, and finish with a smooth precision that has never before been seen in angle head corner finishers. The convertible wheels design is perfect for any drywall finisher - Run with wheels for a smooth, gliding performance. Run without wheels for easy clean-up or personal preference. Every Columbia Angle Head Corner Finisher includes a set of wheels and instructions for installation. After applying tape and setting with corner roller (sold separately), angle head is attached to angle head handle, and smoothes first coat of tape consistently into the corner. Smooth finish to inside drywall corners can be done by attaching angle head to angle box (also known as corner box) to apply final mud coat Columbia 3 inch drywall angle head works great for either taping or finishing coats. Mud can be easily removed from behind frames through handy Clean-Out hole.. Precision machined anodized aluminum body for solid fit and long-term reliability. Surprise detachments from angle head handle or angle box are eliminated with the Locking Clip System Stainless Steel, Heavy Duty, Thick Frame Blade Carriers are the ultimate in precision and reliability. 5-year Manufacturer's Warranty."
review,high_confidence_fuzzy_title,review_fuzzy,100,95,100,90,yes,,,10,variation,COL-ANGLE-HEAD,3AH,3AH,"Columbia Angle Head - 3""","Columbia Angle Head - 3""",Columbia Tools,columbia,443.42,regular_price,,Wall Tools,wall_tools,Columbia Taping Tools,columbia,Columbia Angle Head,CF,410.98,32.44,product_specific,"The Columbia Angle Head finishes angles professionally with the correct, consistent amount of mud and the proper feathering of edges. Precision machining of hard-chromed wings ensures longer wear and superior performance."
auto_accept,exact_identity_key,verified_exact_identity,100,85,100,62,yes,,columbia::35ah,13,variation,COL-ANGLE-HEAD,3.5AH,3.5AH,"Columbia Angle Head - 3.5""","Columbia Angle Head - 3.5""",Columbia Tools,columbia,470.80,regular_price,,Al's Taping Tools,als_taping_tools,Columbia,columbia,"Columbia 3.5"" Angle Head w/ Wheels",3.5AH,454.23,16.57,product_specific,The Columbia inch angle head is a great corner finisher for professional drywall tapers. Best angle head for finishing coat using corner boxes. Buy from Al's!
auto_accept,exact_identity_key,verified_exact_identity,100,95,100,71,yes,,columbia::35ah,13,variation,COL-ANGLE-HEAD,3.5AH,3.5AH,"Columbia Angle Head - 3.5""","Columbia Angle Head - 3.5""",Columbia Tools,columbia,470.80,regular_price,,All-Wall,all_wall,Columbia,columbia,"Columbia 3.5"" Angle Head",3.5AH,454.99,15.81,product_specific,"Columbia Taping Tools 3.5 inch Convertible Wheels Angle head, is ideal for final finishing coat. Sometimes called a corner finisher or glazer, Columbia Angle Head features an exclusive Secure Locking Attachment System which eliminates surprise detachment from angle boxes or angle head handles. With rugged welded stainless steel blade frames and precision machined aluminum body, Columbia Taping Tools 3.5 inch angle head is designed to feather a consistent, smooth finish on both sides of inside 90 degree drywall angles. Columbia's exclusive, new Thick Frame Blade Carrier design is the ultimate in precision and durability. This new advancement in angle head construction will last longer than any other non-stainless, coated carriers, and finish with a smooth precision that has never before been seen in angle head corner finishers. The convertible wheels design is perfect for any drywall finisher - Run with wheels for a smooth, gliding performance. Run without wheels for easy clean-up or personal preference. Every Columbia Angle Head Corner Finisher includes a set of wheels and instructions for installation. After applying tape and setting with corner roller (sold separately), angle head is attached to angle head handle, and smoothes first coat of tape consistently into the corner. Smooth finish to inside drywall corners can be done by attaching angle head to angle box (also known as corner box) to apply final mud coat Columbia 3.5 inch drywall angle head works great for finishing coats. Mud can be easily removed from behind frames through handy Clean-Out hole.. Precision machined anodized aluminum body for solid fit and long-term reliability. Surprise detachments from angle head handle or angle box are eliminated with the Locking Clip System Stainless Steel, Heavy Duty, Thick Frame Blade Carriers are the ultimate in precision and reliability. 5-year Manufacturer's Warranty."
auto_accept,exact_identity_key,verified_exact_identity,100,76,80,65,yes,,columbia::10fbba,15,variation,COL-AUTOMATIC-FAT-BOY-BOX,10FBBA,10FBBA,"Columbia Automatic Fat Boy Box - 10""","Columbia Automatic Fat Boy Box - 10""",Columbia Tools,columbia,492.08,regular_price,,Al's Taping Tools,als_taping_tools,Columbia,columbia,"Columbia 10""  Automatic Assist Drywall Tool Flat Box",10FBBA,492.08,0.00,quarantined_storefront_boilerplate,
auto_accept,exact_identity_key,verified_exact_identity,100,85,100,56,yes,,columbia::10fbba,15,variation,COL-AUTOMATIC-FAT-BOY-BOX,10FBBA,10FBBA,"Columbia Automatic Fat Boy Box - 10""","Columbia Automatic Fat Boy Box - 10""",Columbia Tools,columbia,492.08,regular_price,,All-Wall,all_wall,Columbia,columbia,"Columbia 10"" Fat Boy Automatic Assist Drywall Flat Box",10FBBA,492.99,-0.91,product_specific,"Columbia Taping Tools 10"" Fat Boy Automatic Assist Drywall Flat Finisher Box has the highest capacity available in similar sized assisted boxes. Finish easier, and go longer with the Fat-Boy automatic assist boxes. Columbia Fat_Boy Automatic boxes feature precision joint compound metering adjustment for top quality finish surfaces on drywall butt joints and flat seams. Integrated door axle and pressure plate system allows smooth, easy operation and quick access for easy cleanup! New, ultra-reliable door plate wiper resists expansion or deterioration, for long-term ease of operation and greater reliability. 10"" Fat Boy Automatic Assist Drywall Flat Finisher Box by Columbia Taping Tools has a new and improved spring pressure assist that requires far less manual pushing to dispense compound. Save time and reduce fatigue by letting the tool do more of the work. Spring assisted with an improved wiper on the pressure plate, combined with a smooth pivoting hinge axle, making this one of the easiest drywall flat finisher boxes to operate. Columbia features a handy finger pull on the pressure door that makes fill-ups quicker and easier Columbia 10"" Automatic Assist Drywall Flat Box Hinged pressure plate that is spring assisted - making finishing far less fatiguing. Higher capacity means longer runs, greater productivity, and more $ ""Commercial Grade"" pressure plate wiper resists expansion or corrosion for easy operation and long service life. Aluminum wheels with o-ring tires are long lasting and smooth running. Compatible with all leading brands of flat box handles (except Tapeworm) 5-year Columbia Taping Tools Manufacturer's Warranty"
auto_accept,exact_identity_key,verified_exact_identity,100,95,100,79,yes,,columbia::10fbba,15,variation,COL-AUTOMATIC-FAT-BOY-BOX,10FBBA,10FBBA,"Columbia Automatic Fat Boy Box - 10""","Columbia Automatic Fat Boy Box - 10""",Columbia Tools,columbia,492.08,regular_price,,Wall Tools,wall_tools,Columbia Taping Tools,columbia,Columbia 10 in. Automatic Fat Boy Flat Box,10FBBA,492.08,0.00,product_specific,"Columbia 10 in. Automatic Fat Boy Flat Box reduces the need to push the compound onto the wall, further simplifying the finishing process. Box springs put pressure on the compound chamber, requiring only a light push to operate."
auto_accept,exact_identity_key,verified_exact_identity,100,85,100,56,yes,,columbia::12fbba,16,variation,COL-AUTOMATIC-FAT-BOY-BOX,12FBBA,12FBBA,"Columbia Automatic Fat Boy Box - 12""","Columbia Automatic Fat Boy Box - 12""",Columbia Tools,columbia,502.90,regular_price,,Al's Taping Tools,als_taping_tools,Columbia,columbia,"Columbia 12"" Fat Boy Automatic Assist Drywall Flat Box",12FBBA,502.90,0.00,quarantined_storefront_boilerplate,
auto_accept,exact_identity_key,verified_exact_identity,100,85,100,56,yes,,columbia::12fbba,16,variation,COL-AUTOMATIC-FAT-BOY-BOX,12FBBA,12FBBA,"Columbia Automatic Fat Boy Box - 12""","Columbia Automatic Fat Boy Box - 12""",Columbia Tools,columbia,502.90,regular_price,,All-Wall,all_wall,Columbia,columbia,"Columbia 12"" Fat Boy Automatic Assist Drywall Flat Box",12FBBA,502.99,-0.09,product_specific,"Columbia Taping Tools 12"" Fat Boy Automatic Assist Drywall Flat Finisher Box has the highest capacity available in similar sized assisted boxes. Finish easier, and go longer with the Fat-Boy automatic assist boxes. Columbia Fat_Boy Automatic boxes feature precision joint compound metering adjustment for top quality finish surfaces on drywall butt joints and flat seams. Integrated door axle and pressure plate system allows smooth, easy operation and quick access for easy cleanup! New, ultra-reliable door plate wiper resists expansion or deterioration, for long-term ease of operation and greater reliability. 12"" Fat Boy Automatic Assist Drywall Flat Finisher Box by Columbia Taping Tools has a new and improved spring pressure assist that requires far less manual pushing to dispense compound. Save time and reduce fatigue by letting the tool do more of the work. Spring assisted with an improved wiper on the pressure plate, combined with a smooth pivoting hinge axle, making this one of the easiest drywall flat finisher boxes to operate. Columbia features a handy finger pull on the pressure door that makes fill-ups quicker and easier Columbia 12"" Automatic Assist Drywall Flat Box Hinged pressure plate that is spring assisted - making finishing far less fatiguing. Higher capacity means longer runs, greater productivity, and more $ ""Commercial Grade"" pressure plate wiper resists expansion or corrosion for easy operation and long service life. Aluminum wheels with o-ring tires are long lasting and smooth running. Compatible with all leading brands of flat box handles (except Tapeworm) 5-year Columbia Taping Tools Manufacturer's Warranty"
auto_accept,exact_identity_key,verified_exact_identity,100,85,100,58,yes,,columbia::8fbba,14,variation,COL-AUTOMATIC-FAT-BOY-BOX,8FBBA,8FBBA,"Columbia Automatic Fat Boy Box - 8""","Columbia Automatic Fat Boy Box - 8""",Columbia Tools,columbia,481.27,regular_price,,Al's Taping Tools,als_taping_tools,Columbia,columbia,"Columbia 8"" Fat Boy Automatic Assist Drywall Flat Box",8FBBA,481.27,0.00,quarantined_storefront_boilerplate,
auto_accept,exact_identity_key,verified_exact_identity,100,85,100,58,yes,,columbia::8fbba,14,variation,COL-AUTOMATIC-FAT-BOY-BOX,8FBBA,8FBBA,"Columbia Automatic Fat Boy Box - 8""","Columbia Automatic Fat Boy Box - 8""",Columbia Tools,columbia,481.27,regular_price,,All-Wall,all_wall,Columbia,columbia,"Columbia 8"" Fat Boy Automatic Assist Drywall Flat Box",8FBBA,481.99,-0.72,product_specific,"Columbia Taping Tools 8"" Fat Boy Automatic Assist Drywall Flat Finisher Box has the highest capacity available in similar sized assisted boxes. Finish easier, and go longer with the Fat-Boy automatic assist boxes. Columbia Fat Boy Automatic boxes feature precision joint compound metering adjustment for top quality finish surfaces on drywall butt joints and flat seams. Integrated door axle and pressure plate system allows smooth, easy operation and quick access for easy cleanup! New, ultra-reliable door plate wiper resists expansion or deterioration, for long-term ease of operation and greater reliability. 8"" Fat Boy Automatic Assist Drywall Flat Finisher Box by Columbia Taping Tools has a new and improved spring pressure assist that requires far less manual pushing to dispense compound. Save time and reduce fatigue by letting the tool do more of the work. Spring assisted with an improved wiper on the pressure plate, combined with a smooth pivoting hinge axle, making this one of the easiest drywall flat finisher boxes to operate. Columbia features a handy finger pull on the pressure door that makes fill-ups quicker and easier Columbia 8"" Automatic Assist Drywall Flat Box Hinged pressure plate that is spring assisted - making finishing far less fatiguing. Higher capacity means longer runs, greater productivity, and more $ ""Commercial Grade"" pressure plate wiper resists expansion or corrosion for easy operation and long service life. Aluminum wheels with o-ring tires are long lasting and smooth running. Compatible with all leading brands of flat box handles (except Tapeworm) 5-year Columbia Taping Tools Manufacturer's Warranty"
auto_accept,exact_identity_key,verified_exact_identity,100,95,100,73,yes,,columbia::10ffba,18,variation,COL-AUTOMATIC-FLAT-BOX,10FFBA,10FFBA,"Columbia Automatic Flat Box - 10""","Columbia Automatic Flat Box - 10""",Columbia Tools,columbia,427.19,regular_price,,All-Wall,all_wall,Columbia,columbia,"Columbia 10"" Automatic Assist Drywall Flat Box",10FFBA,427.99,-0.80,product_specific,"Columbia Taping Tools 10"" Automatic Assist Drywall Flat Finisher Box features precision joint compound metering adjustment for top quality finish surfaces on drywall butt joints and flat seams. Integrated door axle and pressure plate system allows smooth, easy operation and quick access for easy cleanup! New, ultra-reliable door plate wiper resists expansion or deterioration, for long-term ease of operation and greater reliability. 10"" Automatic Assist Drywall Flat Finisher Box by Columbia Taping Tools has a new and improved spring pressure assist that requires far less manual pushing to dispense compound. Save time and reduce fatigue by letting the tool do more of the work. Spring assisted with an improved wiper on the pressure plate, combined with a smooth pivoting hinge axle, making this one of the easiest drywall flat finisher boxes to operate. Columbia features a handy finger pull on the pressure door that makes fill-ups quicker and easier Columbia 10"" Automatic Assist Drywall Flat Box Hinged pressure plate that is spring assisted - making finishing far less fatiguing. ""Commercial Grade"" pressure plate wiper resists expansion or corrosion for easy operation and long service life. Aluminum wheels with o-ring tires are long lasting and smooth running. Compatible with all leading brands of flat box handles (except Tapeworm) 5-year Columbia Taping Tools Manufacturer's Warranty"
auto_accept,exact_identity_key,verified_exact_identity,100,95,100,73,yes,,columbia::10ffba,18,variation,COL-AUTOMATIC-FLAT-BOX,10FFBA,10FFBA,"Columbia Automatic Flat Box - 10""","Columbia Automatic Flat Box - 10""",Columbia Tools,columbia,427.19,regular_price,,Wall Tools,wall_tools,Columbia Taping Tools,columbia,Columbia 10 in. Automatic Assist Flat Box,10FFBA,427.19,0.00,product_specific,"The Columbia 10 in. Automatic Assist Flat Box reduces the need to push the compound onto the wall, further simplifying the finishing process. During engagement, the box springs put pressure on the compound chamber, requiring only a light push to operate the box. Great for finishing vertical joints."
auto_accept,exact_identity_key,verified_exact_identity,100,95,100,73,yes,,columbia::12ffba,19,variation,COL-AUTOMATIC-FLAT-BOX,12FFBA,12FFBA,"Columbia Automatic Flat Box - 12""","Columbia Automatic Flat Box - 12""",Columbia Tools,columbia,432.60,regular_price,,All-Wall,all_wall,Columbia,columbia,"Columbia 12"" Automatic Assist Drywall Flat Box",12FFBA,432.99,-0.39,product_specific,"Columbia Taping Tools 12"" Automatic Assist Drywall Flat Finisher Box features precision joint compound metering adjustment for top quality finish surfaces on drywall butt joints and flat seams. Integrated door axle and pressure plate system allows smooth, easy operation and quick access for easy cleanup! New, ultra-reliable door plate wiper resists expansion or deterioration, for long-term ease of operation and greater reliability. 12"" Automatic Assist Drywall Flat Finisher Box by Columbia Taping Tools has a new and improved spring pressure assist that requires far less manual pushing to dispense compound. Save time and reduce fatigue by letting the tool do more of the work. Spring assisted with an improved wiper on the pressure plate, combined with a smooth pivoting hinge axle, making this one of the easiest drywall flat finisher boxes to operate. Columbia features a handy finger pull on the pressure door that makes fill-ups quicker and easier Columbia 12"" Automatic Assist Drywall Flat Box Hinged pressure plate that is spring assisted - making finishing far less fatiguing. ""Commercial Grade"" pressure plate wiper resists expansion or corrosion for easy operation and long service life. Aluminum wheels with o-ring tires are long lasting and smooth running. Compatible with all leading brands of flat box handles (except Tapeworm) 5-year Columbia Taping Tools Manufacturer's Warranty"
auto_accept,exact_identity_key,verified_exact_identity,100,95,100,73,yes,,columbia::12ffba,19,variation,COL-AUTOMATIC-FLAT-BOX,12FFBA,12FFBA,"Columbia Automatic Flat Box - 12""","Columbia Automatic Flat Box - 12""",Columbia Tools,columbia,432.60,regular_price,,Wall Tools,wall_tools,Columbia Taping Tools,columbia,Columbia 12 in. Automatic Assist Flat Box,12FFBA,432.60,0.00,product_specific,"Columbia 12 in. Automatic Assist Flat Box reduces the need to push the compound onto the wall, further simplifying the finishing process. Box springs put pressure on the compound chamber, requiring only a light push to operate."
auto_accept,exact_identity_key,verified_exact_identity,100,95,100,73,yes,,columbia::14ffba,20,variation,COL-AUTOMATIC-FLAT-BOX,14FFBA,14FFBA,"Columbia Automatic Flat Box - 14""","Columbia Automatic Flat Box - 14""",Columbia Tools,columbia,438.01,regular_price,,Al's Taping Tools,als_taping_tools,Columbia,columbia,"Columbia 14""  Automatic Assist Drywall Flat Box",14FFBA,438.01,0.00,quarantined_storefront_boilerplate,
auto_accept,exact_identity_key,verified_exact_identity,100,95,100,73,yes,,columbia::14ffba,20,variation,COL-AUTOMATIC-FLAT-BOX,14FFBA,14FFBA,"Columbia Automatic Flat Box - 14""","Columbia Automatic Flat Box - 14""",Columbia Tools,columbia,438.01,regular_price,,All-Wall,all_wall,Columbia,columbia,"Columbia 14"" Automatic Assist Drywall Flat Box",14FFBA,438.99,-0.98,product_specific,"Columbia Taping Tools 14"" Automatic Assist Drywall Flat Finisher Box is bigger and badder than any other size flat box. This box has massive finishing potential, and the Automatic Assist makes it easier to push than any of its rivals The massive 14"" Automatic assist box features precision joint compound metering adjustment for top quality finish surfaces on drywall butt joints and flat seams. Integrated door axle and pressure plate system allows smooth, easy operation and quick access for easy cleanup! New, ultra-reliable door plate wiper resists expansion or deterioration, for long-term ease of operation and greater reliability. 14"" Automatic Assist Drywall Flat Finisher Box by Columbia Taping Tools has a new and improved spring pressure assist that requires far less manual pushing to dispense compound. Save time and reduce fatigue by letting the tool do more of the work. Spring assisted with an improved wiper on the pressure plate, combined with a smooth pivoting hinge axle, making this one of the easiest drywall flat finisher boxes to operate. Columbia features a handy finger pull on the pressure door that makes fill-ups quicker and easier Columbia 14"" Automatic Assist Drywall Flat Box Hinged pressure plate that is spring assisted - making finishing far less fatiguing. ""Commercial Grade"" pressure plate wiper resists expansion or corrosion for easy operation and long service life. Aluminum wheels with o-ring tires are long lasting and smooth running. Compatible with all leading brands of flat box handles (except Tapeworm) 5-year Columbia Taping Tools Manufacturer's Warranty"
auto_accept,exact_identity_key,verified_exact_identity,100,95,100,73,yes,,columbia::14ffba,20,variation,COL-AUTOMATIC-FLAT-BOX,14FFBA,14FFBA,"Columbia Automatic Flat Box - 14""","Columbia Automatic Flat Box - 14""",Columbia Tools,columbia,438.01,regular_price,,Wall Tools,wall_tools,Columbia Taping Tools,columbia,Columbia 14 in. Automatic Assist Flat Box,14FFBA,438.01,0.00,product_specific,"Columbia 14 in. Automatic Assist Flat Box reduces the need to push the compound onto the wall, further simplifying the finishing process. Box springs put pressure on the compound chamber, requiring only a light push to operate."
auto_accept,exact_identity_key,verified_exact_identity,100,95,100,76,yes,,columbia::8ffba,17,variation,COL-AUTOMATIC-FLAT-BOX,8FFBA,8FFBA,"Columbia Automatic Flat Box - 8""","Columbia Automatic Flat Box - 8""",Columbia Tools,columbia,421.79,regular_price,,All-Wall,all_wall,Columbia,columbia,"Columbia 8"" Automatic Assist Drywall Flat Box",8FFBA,421.99,-0.20,product_specific,"Columbia Taping Tools 8"" Automatic Assist Drywall Flat Finisher Box features precision joint compound metering adjustment for top quality finish surfaces on drywall butt joints and flat seams. Integrated door axle and pressure plate system allows smooth, easy operation and quick access for easy cleanup! New, ultra-reliable door plate wiper resists expansion or deterioration, for long-term ease of operation and greater reliability. 8"" Automatic Assist Drywall Flat Finisher Box by Columbia Taping Tools has a new and improved spring pressure assist that requires far less manual pushing to dispense compound. Save time and reduce fatigue by letting the tool do more of the work. Spring assisted with an improved wiper on the pressure plate, combined with a smooth pivoting hinge axle, making this one of the easiest drywall flat finisher boxes to operate. Columbia features a handy finger pull on the pressure door that makes fill-ups quicker and easier Columbia 8"" Automatic Assist Drywall Flat Box Hinged pressure plate that is spring assisted - making finishing far less fatiguing. ""Commercial Grade"" pressure plate wiper resists expansion or corrosion for easy operation and long service life. Aluminum wheels with o-ring tires are long lasting and smooth running. Compatible with all leading brands of flat box handles (except Tapeworm) 5-year Columbia Taping Tools Manufacturer's Warranty"
auto_accept,exact_identity_key,verified_exact_identity,100,95,100,76,yes,,columbia::8ffba,17,variation,COL-AUTOMATIC-FLAT-BOX,8FFBA,8FFBA,"Columbia Automatic Flat Box - 8""","Columbia Automatic Flat Box - 8""",Columbia Tools,columbia,421.79,regular_price,,Wall Tools,wall_tools,Columbia Taping Tools,columbia,Columbia 8 in. Automatic Assist Flat Box,8FFBA,431.93,-10.14,product_specific,"Columbia 8 in. Automatic Assist Flat Box reduces the need to push the compound onto the wall, further simplifying the finishing process. Box springs put pressure on the compound chamber, requiring only a light push to operate."
auto_accept,exact_identity_key,verified_exact_identity,100,89,94,51,yes,,columbia::staper,23,variation,COL-AUTOMATIC-TAPER,STAPER,STAPER,"Columbia Automatic Taper - Sawed Off 39""","Columbia Automatic Taper - Sawed Off 39""",Columbia Tools,columbia,1715.43,regular_price,,Al's Taping Tools,als_taping_tools,Columbia,columbia,"Columbia ""Sawed Off"" Mini Automatic Taper",STAPER,1649.29,66.14,product_specific,Columbia Sawed Off Automatic Taper The Columbia Automatic Taper is a precision-built tool that is back by popular demand. This tool will tape flats and angles effortlessly year after year. From less drag in the corners to any easy to remove the cap for cl
auto_accept,exact_identity_key,verified_exact_identity,100,89,94,51,yes,,columbia::staper,23,variation,COL-AUTOMATIC-TAPER,STAPER,STAPER,"Columbia Automatic Taper - Sawed Off 39""","Columbia Automatic Taper - Sawed Off 39""",Columbia Tools,columbia,1715.43,regular_price,,All-Wall,all_wall,Columbia,columbia,"Columbia ""Sawed Off"" Mini Automatic Taper",STAPER,1649.29,66.14,product_specific,"Columbia ""Sawed Off"" Mini Automatic Taper A precision-engineered tool that is designed to be light, fast and smooth running. Columbia Taping Tools are Built with durable stainless steel sourced from the USA and hard anodized aluminum parts that simply last longer. The Columbia ""Sawed Off"" Mini Taper will hold up to many years of rugged use, and is backed by a 5 year warranty. The Columbia taper offers innovation, quality and traditional style. Eliminate Corner Drag, This Taper utilizes a unique cable release system that eliminates drag while taping corners. The release system is made up of independent components for the cable empty release and the creaser mechanism. Because the systems are separate, engaging the creaser lever does not put additional pressure on the tape-drive. The taping wheel rolls freely at all times, and will not pull tape or require compensation on start/stops as with competitive brand tapers. New Features include, the Patent Pending Pump Action Sleeve that offers the smoothest cut on the market, and Quick Release Cap for easy clean up. Features: Knurled Surface on Control Sleeve for a Solid Grip Every Time! Ease the Tension with the Adjustable clicker brake. Rubber Grips on anodized billet trigger provide added comfort Pull Ring on hand grip to lets you cut tape with ease while taping high joints Clutch release shaft and pulley wheel are split to reduce drag while creaser wheel is in use Larger wheels on cutting system to make cutting much smoother. NEW Patent Pending Pump Action Sleeve Offers Smoother Cut. Quick Release Cap For Easy Clean Up. Measures 42"" in Length Compared To 52"" Of Full-Size Taper."
auto_accept,exact_identity_key,verified_exact_identity,100,95,100,56,yes,,columbia::staper,23,variation,COL-AUTOMATIC-TAPER,STAPER,STAPER,"Columbia Automatic Taper - Sawed Off 39""","Columbia Automatic Taper - Sawed Off 39""",Columbia Tools,columbia,1715.43,regular_price,,Wall Tools,wall_tools,Columbia Taping Tools,columbia,Columbia Sawed-Off Automatic Taper,STAPER,1649.29,66.14,product_specific,"The Columbia Sawed Off Automatic Taper offers seamless mudding and taping capabilities. Made from solid billet aluminum with stainless-steel plates, creaser arms, and cable drum. Provides exceptional quality and performance, featuring the smoothest cutting sleeve on the market."
auto_accept,exact_identity_key,verified_exact_identity,100,90,100,71,yes,,columbia::taper,24,variation,COL-AUTOMATIC-TAPER,TAPER,TAPER,"Columbia Automatic Taper - Standard 53""","Columbia Automatic Taper - Standard 53""",Columbia Tools,columbia,1715.43,regular_price,,Al's Taping Tools,als_taping_tools,Columbia,columbia,Columbia Automatic Taper,TAPER,1649.29,66.14,product_specific,The Columbia Automatic Drywall Taper is very durable and smooth running. All parts are hard anodized aluminum and stainless steel. Buy from Al's Taping Tools!
auto_accept,exact_identity_key,verified_exact_identity,100,90,100,71,yes,,columbia::taper,24,variation,COL-AUTOMATIC-TAPER,TAPER,TAPER,"Columbia Automatic Taper - Standard 53""","Columbia Automatic Taper - Standard 53""",Columbia Tools,columbia,1715.43,regular_price,,All-Wall,all_wall,Columbia Taping Tools,columbia,Columbia Automatic Taper,TAPER,1649.29,66.14,product_specific,"Columbia Automatic Taper A precision-engineered tool that is designed to be light, fast and smooth running. Built with durable anodized aluminum and stainless steel parts, sourced from the USA, that simply last longer. The Columbia Taper will hold up to many years of rugged use, and is backed by a 5 year warranty. The Columbia Taper offers innovation, quality and traditional style. The unique cable release system eliminates drag. Engaging the creaser lever does not put additional pressure on the tape-drive. The pull ring on the hand grip allows tape cutting while working with high joints. The taping wheel rolls freely at all times, and will not pull tape or require compensation on start/stops, like competitive brand tapers. New Features include, the Patent Pending Pump Action Sleeve that offers the smoothest cut on the market, and Quick Release Cap for easy clean up. Features: Knurled Surface On Control Sleeve Adjustable Clicker Brake Rubber Grips On Anodized Billet Trigger Pull Ring On Hand Grip Clutch Release Shaft And Pulley Reduce Drag NEW Patent Pending Pump Action Sleeve Offers Smoother Cut Quick Release Cap For Easy Clean Up."
auto_accept,exact_identity_key,verified_exact_identity,100,90,100,71,yes,,columbia::taper,24,variation,COL-AUTOMATIC-TAPER,TAPER,TAPER,"Columbia Automatic Taper - Standard 53""","Columbia Automatic Taper - Standard 53""",Columbia Tools,columbia,1715.43,regular_price,,Wall Tools,wall_tools,Columbia Taping Tools,columbia,Columbia Automatic Taper,TAPER,1649.29,66.14,product_specific,"The Columbia Automatic Taper offers seamless mudding and taping capabilities. Made from solid billet aluminum with stainless-steel plates, creaser arms, and cable drum. Provides exceptional quality and performance, featuring the smoothest cutting sleeve on the market."
auto_accept,exact_identity_key,verified_exact_identity,100,60,63,51,yes,,columbia::cext90,29,variation,COL-BILLET-MUD-APPLICATOR,CEXT90,CEXT90,Columbia Billet Mud Applicator - External 90,Columbia Billet Mud Applicator - External 90,Columbia Tools,columbia,127.62,regular_price,,Al's Taping Tools,als_taping_tools,Columbia,columbia,Columbia Outside 90 Corner Applicator Head,CEXT90,127.62,0.00,product_specific,Columbia External 90 ° Applicators are all machined from solid aluminum billet and are used to apply joint compound to outside 90 degree angles. Shop Columbia now!
auto_accept,exact_identity_key,verified_exact_identity,100,63,66,57,yes,,columbia::cext90,29,variation,COL-BILLET-MUD-APPLICATOR,CEXT90,CEXT90,Columbia Billet Mud Applicator - External 90,Columbia Billet Mud Applicator - External 90,Columbia Tools,columbia,127.62,regular_price,,All-Wall,all_wall,Columbia,columbia,Columbia Outside 90 Applicator Head,CEXT90,127.99,-0.37,product_specific,"Columbia Outside 90° Applicator Head with Wheels, The applicator is made from a single piece of high-grade aluminum which is milled to the final shape. The solid construction ensures even distribution of compound where you need it and gives long-lasting performance. Features: Solid one-piece milled aluminum for strength and lightweight construction Four machined Delrin wheels for consistent smooth rolling performance compared to competitors molded wheels. Attaches to a compound applicator or angle box (both sold separately) Two-Way reservoir applies mud in both directions, eliminating the need to change direction. Three exit holes give higher output of mud."
auto_accept,exact_identity_key,verified_exact_identity,100,65,69,52,yes,,columbia::cext90,29,variation,COL-BILLET-MUD-APPLICATOR,CEXT90,CEXT90,Columbia Billet Mud Applicator - External 90,Columbia Billet Mud Applicator - External 90,Columbia Tools,columbia,127.62,regular_price,,Wall Tools,wall_tools,Columbia Taping Tools,columbia,Columbia Outside 90 Degree Mud Applicator,CEXT90,127.62,0.00,product_specific,"The Columbia Outside 90 Degree Mud Applicator works on all sizes of outside bead, applying three strips of mud (one in the middle, and one on each side)."
auto_accept,exact_identity_key,verified_exact_identity,100,77,81,62,yes,,columbia::cflt,30,variation,COL-BILLET-MUD-APPLICATOR,CFLT,CFLT,Columbia Billet Mud Applicator - Flat,Columbia Billet Mud Applicator - Flat,Columbia Tools,columbia,91.93,regular_price,,Al's Taping Tools,als_taping_tools,Columbia,columbia,"Columbia 4"" Flat Applicator Head",CFLT,91.93,0.00,product_specific,Columbia Flat Applicator Head These Columbia Flat Applicators are a top quality tool from Columbia Drywall Tools. Made from a solid one piece of high-grade aluminum for durability. The anodizing gives the tool long-lasting protection from corrosion. Step
auto_accept,exact_identity_key,verified_exact_identity,100,81,85,65,yes,,columbia::cflt,30,variation,COL-BILLET-MUD-APPLICATOR,CFLT,CFLT,Columbia Billet Mud Applicator - Flat,Columbia Billet Mud Applicator - Flat,Columbia Tools,columbia,91.93,regular_price,,All-Wall,all_wall,Columbia,columbia,Columbia Flat Applicator Head,CFLT,91.99,-0.06,product_specific,"Columbia Flat Applicator Head The applicator is made from a single piece of high-grade aluminum which is milled to the final shape. The solid construction ensures even distribution of compound where you need it and gives long-lasting performance. Features: Solid one-piece milled aluminum for strength and lightweight construction Attaches to a compound applicator or angle box (both sold separately) Two-Way reservoir applies mud in both directions, eliminating the need to change direction. Three exit holes give higher output of mud. Dimensions: 4""- wide x 2.5""- tall"
auto_accept,exact_identity_key,verified_exact_identity,100,85,93,60,yes,,columbia::cflt,30,variation,COL-BILLET-MUD-APPLICATOR,CFLT,CFLT,Columbia Billet Mud Applicator - Flat,Columbia Billet Mud Applicator - Flat,Columbia Tools,columbia,91.93,regular_price,,Wall Tools,wall_tools,Columbia Taping Tools,columbia,Columbia 4 in. Flat Applicator,CFLT,91.94,-0.01,product_specific,"The Columbia 4 in. Flat Applicator is paired with the Columbia Compound Tube to apply joint compound to all flat and butt joints. This tool glides along the wall, leaving the perfect amount of compound on flat surfaces. Unlike the flat grooved head, the flat applicator leaves a smooth finish."
auto_accept,exact_identity_key,verified_exact_identity,100,95,100,58,yes,,columbia::ica21,26,variation,COL-BILLET-MUD-APPLICATOR,ICA2-1,ICA2-1,"Columbia Billet Mud Applicator - Inside Corner - 2 Wheels - 1""","Columbia Billet Mud Applicator - Inside Corner - 2 Wheels - 1""",Columbia Tools,columbia,68.13,regular_price,,Al's Taping Tools,als_taping_tools,Columbia,columbia,Columbia Inside Corner Applicator 2 Wheels,ICA2-1,68.13,0.00,product_specific,Al's Taping Tools has a variety of corner applicator tools. They are very accurate and glide along the wall easily. Shop Columbia Inside Corner Applicators today!
auto_accept,exact_identity_key,verified_exact_identity,100,95,100,58,yes,,columbia::ica21,26,variation,COL-BILLET-MUD-APPLICATOR,ICA2-1,ICA2-1,"Columbia Billet Mud Applicator - Inside Corner - 2 Wheels - 1""","Columbia Billet Mud Applicator - Inside Corner - 2 Wheels - 1""",Columbia Tools,columbia,68.13,regular_price,,All-Wall,all_wall,Columbia,columbia,Columbia Inside Corner Applicator 2 Wheels,ICA2-1,68.99,-0.86,product_specific,Columbia Inside Corner Applicator - 2 Wheels The solid milled aluminum construction gives you the durability you need and maintains it's lightweight feel. The solid construction ensures even distribution of compound where you need it. Features: Solid one-piece milled aluminum for strength and lightweight construction. Milled rollers with solid plastic wheels for smooth rolling performance. Attaches to a compound applicator or angle box (both sold separately).
auto_accept,exact_identity_key,verified_exact_identity,100,90,95,56,yes,,columbia::ica21,26,variation,COL-BILLET-MUD-APPLICATOR,ICA2-1,ICA2-1,"Columbia Billet Mud Applicator - Inside Corner - 2 Wheels - 1""","Columbia Billet Mud Applicator - Inside Corner - 2 Wheels - 1""",Columbia Tools,columbia,68.13,regular_price,,Wall Tools,wall_tools,Columbia Taping Tools,columbia,Columbia Inside 90 Corner Applicator 2 Wheels,ICA2-1,68.13,0.00,product_specific,The Columbia Inside 90 Corner Applicator 2 Wheels is designed for applying joint compound to inside angles. This applicator pairs with the Columbia Compound Tube and features solid US billet aluminum construction.
auto_accept,exact_identity_key,verified_exact_identity,100,95,100,58,yes,,columbia::ica41,27,variation,COL-BILLET-MUD-APPLICATOR,ICA4-1,ICA4-1,"Columbia Billet Mud Applicator - Inside Corner - 4 Wheels - 1""","Columbia Billet Mud Applicator - Inside Corner - 4 Wheels - 1""",Columbia Tools,columbia,85.44,regular_price,,Al's Taping Tools,als_taping_tools,Columbia,columbia,Columbia Inside Corner Applicator 4 Wheels,ICA4-1,85.44,0.00,product_specific,Columbia Inside Corner Applicator 4 Wheels are all machined from solid aluminum billet. Their Delrin wheels glide along the wall. Shop today!
auto_accept,exact_identity_key,verified_exact_identity,100,95,100,58,yes,,columbia::ica41,27,variation,COL-BILLET-MUD-APPLICATOR,ICA4-1,ICA4-1,"Columbia Billet Mud Applicator - Inside Corner - 4 Wheels - 1""","Columbia Billet Mud Applicator - Inside Corner - 4 Wheels - 1""",Columbia Tools,columbia,85.44,regular_price,,All-Wall,all_wall,Columbia,columbia,Columbia Inside Corner Applicator 4 Wheels,ICA4-1,85.99,-0.55,product_specific,Columbia Inside Corner Applicator - 4 Wheels The solid milled aluminum construction gives you the durability you need and maintains it's lightweight feel. The solid construction ensures even distribution of compound where you need it. Features: Solid one-piece milled aluminum for strength and lightweight construction. Milled rollers with solid plastic wheels for smooth rolling performance. Attaches to a compound applicator or angle box (both sold separately).
auto_accept,exact_identity_key,verified_exact_identity,100,90,95,56,yes,,columbia::ica41,27,variation,COL-BILLET-MUD-APPLICATOR,ICA4-1,ICA4-1,"Columbia Billet Mud Applicator - Inside Corner - 4 Wheels - 1""","Columbia Billet Mud Applicator - Inside Corner - 4 Wheels - 1""",Columbia Tools,columbia,85.44,regular_price,,Wall Tools,wall_tools,Columbia Taping Tools,columbia,Columbia Inside 90 Corner Applicator 4 Wheels,ICA4-1,85.43,0.01,product_specific,The Columbia Inside 90 Corner Applicator 4 Wheels is design for applying joint compound to inside angles. This applicator pairs with the Columbia Compound Tube and features solid US billet aluminum construction.
auto_accept,exact_identity_key,verified_exact_identity,100,85,77,51,yes,,columbia::icatw,28,variation,COL-BILLET-MUD-APPLICATOR,ICATW,ICATW,Columbia Billet Mud Applicator - Two-Way Internal Corner - 4 Wheels,Columbia Billet Mud Applicator - Two-Way Internal Corner - 4 Wheels,Columbia Tools,columbia,116.80,regular_price,,Al's Taping Tools,als_taping_tools,Columbia,columbia,Columbia Inside 90 Applicator with Wheels,ICATW,116.80,0.00,product_specific,The Columbia Inside 90 Applicator is designed to work with a corner box or compound tube. It has 3 holes for mud output and can be uses in both directions. Shop now!
auto_accept,exact_identity_key,verified_exact_identity,100,85,77,51,yes,,columbia::icatw,28,variation,COL-BILLET-MUD-APPLICATOR,ICATW,ICATW,Columbia Billet Mud Applicator - Two-Way Internal Corner - 4 Wheels,Columbia Billet Mud Applicator - Two-Way Internal Corner - 4 Wheels,Columbia Tools,columbia,116.80,regular_price,,All-Wall,all_wall,Columbia,columbia,Columbia Inside 90° Applicator with Wheels,ICATW,116.99,-0.19,product_specific,"Columbia Inside 90° Applicator with Wheels The applicator is made from a single piece of high-grade aluminum which is milled to the final shape. The solid construction ensures even distribution of compound where you need it and gives long-lasting performance. Features: Solid one-piece milled aluminum for strength and lightweight construction Four machined Delrin wheels for consistent smooth rolling performance compared to competitors molded wheels. Attaches to a compound applicator or angle box (both sold separately) Two-Way reservoir applies mud in both directions, eliminating the need to change direction. Three exit holes give higher output of mud."
auto_accept,exact_identity_key,verified_exact_identity,100,85,87,46,yes,,columbia::icatw,28,variation,COL-BILLET-MUD-APPLICATOR,ICATW,ICATW,Columbia Billet Mud Applicator - Two-Way Internal Corner - 4 Wheels,Columbia Billet Mud Applicator - Two-Way Internal Corner - 4 Wheels,Columbia Tools,columbia,116.80,regular_price,,Wall Tools,wall_tools,Columbia Taping Tools,columbia,Columbia Two-Way Inside Corner Applicator,ICATW,116.80,0.00,product_specific,"The Columbia Two-Way Inside Corner Applicator works with the Columbia Compound Tube to apply mud smoothly and evenly to interior corners. Made from solid billet aluminum with Delrin wheels, lightweight, smooth application of mud."
auto_accept,exact_identity_key,verified_exact_identity,100,90,100,68,yes,,columbia::bf,34,variation,COL-BOX-FILLER,BF,BF,Columbia Box Filler - Standard,Columbia Box Filler - Standard,Columbia Tools,columbia,75.71,regular_price,,Al's Taping Tools,als_taping_tools,Columbia,columbia,Columbia Box Filler,BF,75.71,0.00,product_specific,"Columbia Box Filler Columbia Box Fillers are designed to fit on all major brands of compound pumps. Used to fill flat boxes, angle boxes and nail spotters. Shop now!"
auto_accept,exact_identity_key,verified_exact_identity,100,70,71,70,yes,,columbia::bf,34,variation,COL-BOX-FILLER,BF,BF,Columbia Box Filler - Standard,Columbia Box Filler - Standard,Columbia Tools,columbia,75.71,regular_price,,All-Wall,all_wall,Columbia Taping Tools,columbia,Columbia Box Filler Fitting,BF,75.99,-0.28,product_specific,Columbia Box Filler Fills: Flat Boxes Angle Box Nailspotters Fits: All major brands of drywall loading pumps
auto_accept,exact_identity_key,verified_exact_identity,100,90,100,68,yes,,columbia::bf,34,variation,COL-BOX-FILLER,BF,BF,Columbia Box Filler - Standard,Columbia Box Filler - Standard,Columbia Tools,columbia,75.71,regular_price,,Wall Tools,wall_tools,Columbia Taping Tools,columbia,Columbia Box Filler,BF,75.71,0.00,product_specific,"The Columbia Box Filler makes filling your Flat Boxes, Nail Spotters, and Corner Boxes easy and effective. Made from solid US billet aluminum and steel components, this Box Filler is design to withstand daily professional use without showing wear or tear. Fit all Columbia compound pumps."
auto_accept,exact_identity_key,verified_exact_identity,100,95,100,52,yes,,columbia::tbbf,35,variation,COL-BOX-FILLER,TBBF,TBBF,Columbia Box Filler - Tall Boy,Columbia Box Filler - Tall Boy,Columbia Tools,columbia,75.71,regular_price,,All-Wall,all_wall,Columbia,columbia,Columbia Tall Boy Box Filler,TBBF,75.99,-0.28,product_specific,Columbia Tall Boy Box Filler
auto_accept,exact_identity_key,verified_exact_identity,100,95,100,52,yes,,columbia::tbbf,35,variation,COL-BOX-FILLER,TBBF,TBBF,Columbia Box Filler - Tall Boy,Columbia Box Filler - Tall Boy,Columbia Tools,columbia,75.71,regular_price,,Wall Tools,wall_tools,Columbia Taping Tools,columbia,Columbia Tall Boy Box Filler,TBBF,75.71,0.00,product_specific,"The Columbia Box Filler makes filling your Flat Boxes, Nail Spotters, and Corner Boxes easy and effective. Made from solid US billet aluminum and steel components, this Box Filler is design to withstand daily professional use without showing wear or tear. Fit all Columbia compound pumps."
auto_accept,exact_identity_key,verified_exact_identity,100,85,100,57,yes,,columbia::clt24,36,variation,COL-CAM-LOCK-TUBE,CLT24,CLT24,"Columbia Cam Lock Tube - 24""","Columbia Cam Lock Tube - 24""",Columbia Tools,columbia,270.95,regular_price,,All-Wall,all_wall,Columbia,columbia,"Columbia 24"" Cam-Lock Compound Mud Tube",CLT24,257.99,12.96,product_specific,"Columbia 24"" Cam Lock Compound Mud Tube Fills like a syringe, simply insert the tube into the compound bucket with the plunger rod collapsed, pulling the plunger rod out fills the tube with compound. Depress the plunger rod to dispense compound. Simply an Easy way to apply compound to the wall. Featuring a smooth syringe action supported by a plunger bushing - Easy push and fill with an extra high quality aluminum tube, head, and swap out implement ball. The newly improved version of the original compound mud tube, includes brass cams and a stainless steel lock ring feature that allows for easy access for cleaning and other routine maintenance. Columbia tubes are true professional grade, and the aluminum main components won't bust, crack or easily break like the competition. Columbia Compound Tubes Work With: Better Than Ever Brand Mud Heads Red Diamond Implements All Brands Of Direct Flushers All Brands Of Corner Bead Heads All Brands Of Angle Head/Corner Finishers Features: Lightweight Aluminum Tube & Plunger Rod Self Lubricating Plunger Bushing For Easy Push Long Lasting Billet Aluminum Nose Cone Includes Strong And Durable Aluminum Implement Ball For Flushers and Applicators Brass Cams On A Stainless Steel Lock Ring Quick Remove Bottom For Complete Cleaning Hand Made in Columbia's State Of The Art Facility In Canada With U.S. Aluminum and Steel Components."
auto_accept,exact_identity_key,verified_exact_identity,100,85,100,57,yes,,columbia::clt32,37,variation,COL-CAM-LOCK-TUBE,CLT32,CLT32,"Columbia Cam Lock Tube - 32""","Columbia Cam Lock Tube - 32""",Columbia Tools,columbia,279.72,regular_price,,Al's Taping Tools,als_taping_tools,Columbia,columbia,"Columbia 32"" Cam-Lock Compound Mud Tube",CLT32,268.21,11.51,product_specific,"The Columbia 32"" Cam Lock Tube is so simple to use, we would not recommend using any other tube when it comes to fast set compounds. Shop from Al's Taping Tools!"
auto_accept,exact_identity_key,verified_exact_identity,100,85,100,57,yes,,columbia::clt32,37,variation,COL-CAM-LOCK-TUBE,CLT32,CLT32,"Columbia Cam Lock Tube - 32""","Columbia Cam Lock Tube - 32""",Columbia Tools,columbia,279.72,regular_price,,All-Wall,all_wall,Columbia,columbia,"Columbia 32"" Cam-Lock Compound Mud Tube",CLT32,268.99,10.73,product_specific,"Columbia 32"" Cam Lock Compound Mud Tube Fills like a syringe, simply insert the tube into the compound bucket with the plunger rod collapsed, pulling the plunger rod out fills the tube with compound. Depress the plunger rod to dispense compound. Simply an Easy way to apply compound to the wall. Featuring a smooth syringe action supported by a plunger bushing - Easy push and fill with an extra high quality aluminum tube, head, and swap out implement ball. The newly improved version of the original compound mud tube, includes brass cams and a stainless steel lock ring feature that allows for easy access for cleaning and other routine maintenance. Columbia tubes are true professional grade, and the aluminum main components won't bust, crack or easily break like the competition. Columbia Compound Tubes Work With: Better Than Ever Brand Mud Heads Red Diamond Implements All Brands Of Direct Flushers All Brands Of Corner Bead Heads All Brands Of Angle Head/Corner Finishers Features: Lightweight Aluminum Tube & Plunger Rod Self Lubricating Plunger Bushing For Easy Push Long Lasting Billet Aluminum Nose Cone Includes Strong And Durable Aluminum Implement Ball For Flushers and Applicators Brass Cams On A Stainless Steel Lock Ring Quick Remove Bottom For Complete Cleaning Hand Made in Columbia's State Of The Art Facility In Canada With U.S. Aluminum and Steel Components."
auto_accept,exact_identity_key,verified_exact_identity,100,85,100,57,yes,,columbia::clt32,37,variation,COL-CAM-LOCK-TUBE,CLT32,CLT32,"Columbia Cam Lock Tube - 32""","Columbia Cam Lock Tube - 32""",Columbia Tools,columbia,279.72,regular_price,,Wall Tools,wall_tools,Columbia Taping Tools,columbia,Columbia 32 in. Cam Lock Compound Mud Tube,CLT32,268.22,11.50,product_specific,"The Columbia 32 in. Cam Lock Compound Mud Tube is the perfect semi-automatic tool that applies compound to joints and corners with Mud Heads, Angle Heads, Corner Finishers, Glazers, and Flushers. Brass cams easily find and lock to the stainless-steel ring using the same technology as a firehose."
auto_accept,exact_identity_key,verified_exact_identity,100,85,100,57,yes,,columbia::clt42,38,variation,COL-CAM-LOCK-TUBE,CLT42,CLT42,"Columbia Cam Lock Tube - 42""","Columbia Cam Lock Tube - 42""",Columbia Tools,columbia,297.33,regular_price,,Al's Taping Tools,als_taping_tools,Columbia,columbia,"Columbia 42"" Cam-Lock Compound Mud Tube",CLT42,280.11,17.22,product_specific,"Introducing the newest Columbia 42"" Cam Lock Compound Mud Tube. If you are in the market for a great compound tube, this is it. Buy from Al's Taping Tools!"
auto_accept,exact_identity_key,verified_exact_identity,100,85,100,57,yes,,columbia::clt42,38,variation,COL-CAM-LOCK-TUBE,CLT42,CLT42,"Columbia Cam Lock Tube - 42""","Columbia Cam Lock Tube - 42""",Columbia Tools,columbia,297.33,regular_price,,All-Wall,all_wall,Columbia,columbia,"Columbia 42"" Cam-Lock Compound Mud Tube",CLT42,280.99,16.34,product_specific,"Columbia 42"" Cam Lock Compound Mud Tube Fills like a syringe, simply insert the tube into the compound bucket with the plunger rod collapsed, pulling the plunger rod out fills the tube with compound. Depress the plunger rod to dispense compound. Simply an Easy way to apply compound to the wall. Featuring a smooth syringe action supported by a plunger bushing - Easy push and fill with an extra high quality aluminum tube, head, and swap out implement ball. The newly improved version of the original compound mud tube, includes brass cams and a stainless steel lock ring feature that allows for easy access for cleaning and other routine maintenance. Columbia tubes are true professional grade, and the aluminum main components won't bust, crack or easily break like the competition. Columbia Compound Tubes Work With: Better Than Ever Brand Mud Heads Red Diamond Implements All Brands Of Direct Flushers All Brands Of Corner Bead Heads All Brands Of Angle Head/Corner Finishers Features: Lightweight Aluminum Tube & Plunger Rod Self Lubricating Plunger Bushing For Easy Push Long Lasting Billet Aluminum Nose Cone Includes Strong And Durable Aluminum Implement Ball For Flushers and Applicators Brass Cams On A Stainless Steel Lock Ring Quick Remove Bottom For Complete Cleaning Hand Made in Columbia's State Of The Art Facility In Canada With U.S. Aluminum and Steel Components."
auto_accept,exact_identity_key,verified_exact_identity,100,85,100,57,yes,,columbia::clt42,38,variation,COL-CAM-LOCK-TUBE,CLT42,CLT42,"Columbia Cam Lock Tube - 42""","Columbia Cam Lock Tube - 42""",Columbia Tools,columbia,297.33,regular_price,,Wall Tools,wall_tools,Columbia Taping Tools,columbia,Columbia 42 in. Cam Lock Compound Mud Tube,CLT42,280.10,17.23,product_specific,"The Columbia 42 in. Cam Lock Compound Mud Tube is the perfect semi-automatic tool that applies compound to joints and corners with Mud Heads, Angle Heads, Corner Finishers, Glazers, and Flushers. Brass cams easily find and lock to the stainless-steel ring using the same technology as a firehose."
auto_accept,exact_identity_key,verified_exact_identity,100,85,100,57,yes,,columbia::clt55,39,variation,COL-CAM-LOCK-TUBE,CLT55,CLT55,"Columbia Cam Lock Tube - 55""","Columbia Cam Lock Tube - 55""",Columbia Tools,columbia,307.89,regular_price,,Al's Taping Tools,als_taping_tools,Columbia,columbia,"Columbia 55"" Cam-Lock Compound Mud Tube",CLT55,278.10,29.79,product_specific,"The Columbia 55"" Cam Lock Tube is so simple to use, we would not recommend using any other tube when it comes to fast set compounds. Shop from Al's Taping Tools!"
auto_accept,exact_identity_key,verified_exact_identity,100,85,100,57,yes,,columbia::clt55,39,variation,COL-CAM-LOCK-TUBE,CLT55,CLT55,"Columbia Cam Lock Tube - 55""","Columbia Cam Lock Tube - 55""",Columbia Tools,columbia,307.89,regular_price,,All-Wall,all_wall,Columbia,columbia,"Columbia 55"" Cam-Lock Compound Mud Tube",CLT55,278.99,28.90,product_specific,"Columbia 55"" Cam Lock Compound Mud Tube Fills like a syringe, simply insert the tube into the compound bucket with the plunger rod collapsed, pulling the plunger rod out fills the tube with compound. Depress the plunger rod to dispense compound. Simply an Easy way to apply compound to the wall. Featuring a smooth syringe action supported by a plunger bushing - Easy push and fill with an extra high quality aluminum tube, head, and swap out implement ball. The newly improved version of the original compound mud tube, includes brass cams and a stainless steel lock ring feature that allows for easy access for cleaning and other routine maintenance. Columbia tubes are true professional grade, and the aluminum main components won't bust, crack or easily break like the competition. Columbia Compound Tubes Work With: Better Than Ever Brand Mud Heads Red Diamond Implements All Brands Of Direct Flushers All Brands Of Corner Bead Heads All Brands Of Angle Head/Corner Finishers Features: Lightweight Aluminum Tube & Plunger Rod Self Lubricating Plunger Bushing For Easy Push Long Lasting Billet Aluminum Nose Cone Includes Strong And Durable Aluminum Implement Ball For Flushers and Applicators Brass Cams On A Stainless Steel Lock Ring Quick Remove Bottom For Complete Cleaning Hand Made in Columbia's State Of The Art Facility In Canada With U.S. Aluminum and Steel Components."
auto_accept,exact_identity_key,verified_exact_identity,100,85,100,77,yes,,columbia::cmh,290,simple,,CMH,CMH,Columbia Closet Monster Handle,Columbia Closet Monster Handle,Columbia Tools,columbia,123.28,regular_price,,Al's Taping Tools,als_taping_tools,Columbia,columbia,"Columbia Closet Monster 18"" Flat Box Handle",CMH,113.56,9.72,product_specific,"Al's Taping Tools has the best Columbia taping tools on the market. Shop Columbia Closet Monster 18"" Handle from Al's Taping Tools today!"
auto_accept,exact_identity_key,verified_exact_identity,100,95,100,93,yes,,columbia::cmh,290,simple,,CMH,CMH,Columbia Closet Monster Handle,Columbia Closet Monster Handle,Columbia Tools,columbia,123.28,regular_price,,All-Wall,all_wall,Columbia,columbia,"Columbia Closet Monster 18"" Handle",CMH,113.99,9.29,product_specific,"The Closet Monster by Columbia is the perfect flat box handle for flat box finishing in tight spaces. With a length of 18 inches it can go where long handles can't fit - like closets, scaffolding, and window boxes. The Closet Monster features the same 180° head design as all of the Columbia 180° Flat Box handles for more flexibility. For further fine-tuning there is an adjustable wing nut to set your box at the angle of your choice - locks the handle and box in place. Made of the same strong billet aluminum design as Columbia's other flat box handles with an additional molded rubber grip for your comfort."
auto_accept,exact_identity_key,verified_exact_identity,100,95,100,82,yes,,columbia::cmh,290,simple,,CMH,CMH,Columbia Closet Monster Handle,Columbia Closet Monster Handle,Columbia Tools,columbia,123.28,regular_price,,Wall Tools,wall_tools,Columbia Taping Tools,columbia,Columbia Closet Monster Flat Box Handle,CMH,113.56,9.72,product_specific,"The Columbia Closet Monster Flat Box Handle gets its name from being able to fit in tight areas. This handle is approximately 19 inches long with a 180 grip adjustable head to fit all Columbia Flat Boxes. Lightweight, durable, and ready for daily professional use!"
auto_accept,exact_identity_key,verified_exact_identity,100,95,100,76,yes,,columbia::25csf,40,variation,COL-COMBO-FLUSHER,2.5CSF,2.5CSF,"Columbia Combo Flusher - 2.5""","Columbia Combo Flusher - 2.5""",Columbia Tools,columbia,190.27,regular_price,,All-Wall,all_wall,Columbia,columbia,"Columbia 2.5"" Combo Flusher",2.5CSF,163.99,26.28,product_specific,"Columbia 2.5 "" Combo Flusher The Columbia 2.5"" Combo Flusher is used to embed and feather joint tape into pre-filled internal 90º drywall corners. The Columbia 2.5"" Combo flusher is an excellent choice for taping coats on projects with narrow door or window legs. Solid billet machined core provides utmost precision, and body made of surgical stainless steel stays true even with extensive use. Genuine Stainless Steel runners will not rust or corrode like some competitors, allowing for an extremely clean finish. Columbia Tools 2.5 "" Combo corner flusher features superior locking clip to keep flusher attached and will work with any brand flusher handle. Columbia Taping Tools feature a 5-year warranty against manufacturer defect. Surgical Stainless Steel body flexes less and stays reliably true Solid billet core construction for longer life and better finish Will work an any angle head or flusher handle Superior retainer clip to keep flusher on handles"
review,medium_confidence_fuzzy_title,review_fuzzy,100,95,100,86,yes,,,40,variation,COL-COMBO-FLUSHER,2.5CSF,2.5CSF,"Columbia Combo Flusher - 2.5""","Columbia Combo Flusher - 2.5""",Columbia Tools,columbia,190.27,regular_price,,Al's Taping Tools,als_taping_tools,Columbia,columbia,Columbia Combo Flusher,3CSF,163.31,26.96,product_specific,"Columbia Combo Flusher Columbia Combo Flushers have redefined angle finishing. They are built from the best materials, but above all, they are each hand ground and checked on a granite plate for perfection. Each one comes with wheels and an allen key for"
auto_accept,exact_identity_key,verified_exact_identity,100,95,100,92,yes,,columbia::3csf,43,variation,COL-COMBO-FLUSHER,3CSF,3CSF,"Columbia Combo Flusher - 3""","Columbia Combo Flusher - 3""",Columbia Tools,columbia,196.25,regular_price,,Al's Taping Tools,als_taping_tools,Columbia,columbia,Columbia Combo Flusher,3CSF,163.31,32.94,product_specific,"Columbia Combo Flusher Columbia Combo Flushers have redefined angle finishing. They are built from the best materials, but above all, they are each hand ground and checked on a granite plate for perfection. Each one comes with wheels and an allen key for"
auto_accept,exact_identity_key,verified_exact_identity,100,95,100,86,yes,,columbia::3csf,43,variation,COL-COMBO-FLUSHER,3CSF,3CSF,"Columbia Combo Flusher - 3""","Columbia Combo Flusher - 3""",Columbia Tools,columbia,196.25,regular_price,,All-Wall,all_wall,Columbia,columbia,"Columbia 3"" Combo Flusher",3CSF,168.99,27.26,product_specific,"Columbia 2.5 "" Standard Flusher with Wheels- An All-Wall Exclusive! The Columbia 3"" Combo Flusher is used to embed and feather joint tape into pre-filled internal 90º drywall corners. The Columbia 3"" Combo flusher is an excellent choice for taping coats on common drywall projects.Solid billet machined core provides utmost precision, and body made of surgical stainless steel stays true even with extensive use. Genuine Stainless Steel runners will not rust or corrode like some competitors, allowing for an extremely clean finish. Columbia Tools 3"" Combo corner flusher features superior locking clip to keep flusher attached and will work with any brand flusher handle. Columbia Taping Tools feature a 5-year warranty against manufacturer defect. Leading creaser wheel embeds tape without the need for a corner roller Surgical Stainless Steel body flexes less and stays reliably true Solid billet core construction for longer life and better finish Will work an any angle head or flusher handle Superior retainer clip to keep flusher on handles"
auto_accept,exact_identity_key,verified_exact_identity,100,95,100,76,yes,,columbia::35csf,45,variation,COL-COMBO-FLUSHER,3.5CSF,3.5CSF,"Columbia Combo Flusher - 3.5""","Columbia Combo Flusher - 3.5""",Columbia Tools,columbia,202.25,regular_price,,All-Wall,all_wall,Columbia,columbia,"Columbia 3.5"" Combo Flusher",3.5CSF,181.99,20.26,product_specific,"The Columbia 3.5"" Combo Flusher is used to embed and feather joint tape into pre-filled inside 90º drywall corners. The Columbia 3.5"" Combo flusher is an excellent choice for taping coats on common drywall projects and to help hide common framing variations."
review,medium_confidence_fuzzy_title,review_fuzzy,100,95,100,86,yes,,,45,variation,COL-COMBO-FLUSHER,3.5CSF,3.5CSF,"Columbia Combo Flusher - 3.5""","Columbia Combo Flusher - 3.5""",Columbia Tools,columbia,202.25,regular_price,,Al's Taping Tools,als_taping_tools,Columbia,columbia,Columbia Combo Flusher,3CSF,163.31,38.94,product_specific,"Columbia Combo Flusher Columbia Combo Flushers have redefined angle finishing. They are built from the best materials, but above all, they are each hand ground and checked on a granite plate for perfection. Each one comes with wheels and an allen key for"
auto_accept,exact_identity_key,verified_exact_identity,100,90,100,61,yes,,columbia::sacs,115,simple,,SACS,SACS,Columbia Commando Set,Columbia Commando Set,Columbia Tools,columbia,1157.93,regular_price,,Wall Tools,wall_tools,Columbia Taping Tools,columbia,Columbia Semi Automatic Commando Set,SACS,1157.93,0.00,product_specific,"The Columbia Commando Set includes the Semi-Automatic Case, 2.5 in. Standard Flusher, 3 in. Standard Flusher, 42 in. Mud Tube, One Fixed + Extendible Handle, Angle Head Adaptor, Two-Way Internal Applicator, and Corner Roller Head."
auto_accept,exact_identity_key,verified_exact_identity,100,85,100,49,yes,,columbia::cmt24,46,variation,COL-COMPOUND-TUBE,CMT24,CMT24,"Columbia Compound Tube - 24""","Columbia Compound Tube - 24""",Columbia Tools,columbia,197.91,regular_price,,Al's Taping Tools,als_taping_tools,Columbia,columbia,"Columbia 24"" Drywall Corner Finishing Compound Mud Tube",CMT24,197.91,0.00,product_specific,"Introducing the Columbia 24"" Compound Mud Tube. The compound tube acts like a giant syringe for drywall compound. Shop Columbia from Al's Taping Tools today!"
auto_accept,exact_identity_key,verified_exact_identity,100,95,100,72,yes,,columbia::cmt24,46,variation,COL-COMPOUND-TUBE,CMT24,CMT24,"Columbia Compound Tube - 24""","Columbia Compound Tube - 24""",Columbia Tools,columbia,197.91,regular_price,,All-Wall,all_wall,Columbia,columbia,"Columbia 24"" Compound Mud Tube",CMT24,197.99,-0.08,product_specific,"Columbia 24"" Compound Mud Tube an extra high quality aluminum tube and head. Columbia 24"" Mud Tube features a smooth syringe action supported by a plunger bushing - Easy push and fill with the long term quality you expect from Columbia Tools. Columbia tubes are true professional grade, and the aluminum main components won't bust, crack or easily break like the competition. Ideal for high reach work and extra long runs. Compound tubes fill like a syringe - simply insert the tube into the compound bucket with the plunger rod collapsed - pulling the plunger rod out fills the tube with compound. Depress the plunger rod to dispense compound. Simply an Easy way to apply compound to the wall. Columbia Compound Tubes work with: Better Than Ever brand Mud Heads Red Diamond Implements All brands of direct flushers All brands of corner bead heads All brands of angle head/corner finishers Features: Lightweight Aluminum Tube & Plunger Rod Self lubricating plunger bushing for easy push throughout it's life Long lasting billet aluminum nose cone Includes strong and durable aluminum implement ball for flushers and applicators Hand Made in Columbia's State Of The Art Facility In Canada With U.S. Aluminum and Steel Components."
auto_accept,exact_identity_key,verified_exact_identity,100,85,100,49,yes,,columbia::cmt32,47,variation,COL-COMPOUND-TUBE,CMT32,CMT32,"Columbia Compound Tube - 32""","Columbia Compound Tube - 32""",Columbia Tools,columbia,208.73,regular_price,,Al's Taping Tools,als_taping_tools,Columbia,columbia,"Columbia 32"" Drywall Corner Finishing Compound Mud Tube",CMT32,208.73,0.00,product_specific,"Columbia 32"" Drywall Corner Finishing Compound Mud tube acts like a giant syringe for drywall compound. It is one of the best Columbia tools available. Shop now!"
auto_accept,exact_identity_key,verified_exact_identity,100,95,100,72,yes,,columbia::cmt32,47,variation,COL-COMPOUND-TUBE,CMT32,CMT32,"Columbia Compound Tube - 32""","Columbia Compound Tube - 32""",Columbia Tools,columbia,208.73,regular_price,,All-Wall,all_wall,Columbia,columbia,"Columbia 32"" Compound Mud Tube",CMT32,208.99,-0.26,product_specific,"Columbia 32"" Compound Mud Tube an extra high quality aluminum tube and head. Columbia 32"" Mud Tube features a smooth syringe action supported by a plunger bushing - Easy push and fill with the long term quality you expect from Columbia Tools. Columbia tubes are true professional grade, and the aluminum main components won't bust, crack or easily break like the competition. Ideal for high reach work and extra long runs. Compound tubes fill like a syringe - simply insert the tube into the compound bucket with the plunger rod collapsed - pulling the plunger rod out fills the tube with compound. Depress the plunger rod to dispense compound. Simply an Easy way to apply compound to the wall. Columbia Compound Tubes work with: Better Than Ever brand Mud Heads Red Diamond Implements All brands of direct flushers All brands of corner bead heads All brands of angle head/corner finishers Features: Lightweight Aluminum Tube & Plunger Rod Self lubricating plunger bushing for easy push throughout it's life Long lasting billet aluminum nose cone Includes strong and durable aluminum implement ball for flushers and applicators Hand Made in Columbia's State Of The Art Facility In Canada With U.S. Aluminum and Steel Components."
auto_accept,exact_identity_key,verified_exact_identity,100,85,100,49,yes,,columbia::cmt42,48,variation,COL-COMPOUND-TUBE,CMT42,CMT42,"Columbia Compound Tube - 42""","Columbia Compound Tube - 42""",Columbia Tools,columbia,221.71,regular_price,,Al's Taping Tools,als_taping_tools,Columbia,columbia,"Columbia 42"" Drywall Corner Finishing Compound Mud Tube",CMT42,221.71,0.00,product_specific,"Columbia 42"" Drywall Corner Finishing Compound Mud Tube acts like a giant syringe for drywall compound. Simple and easy to use. Shop Al's Taping Tools today!"
auto_accept,exact_identity_key,verified_exact_identity,100,95,100,72,yes,,columbia::cmt42,48,variation,COL-COMPOUND-TUBE,CMT42,CMT42,"Columbia Compound Tube - 42""","Columbia Compound Tube - 42""",Columbia Tools,columbia,221.71,regular_price,,All-Wall,all_wall,Columbia,columbia,"Columbia 42"" Compound Mud Tube",CMT42,221.99,-0.28,product_specific,"Columbia 42"" Compound Mud Tube an extra high quality aluminum tube and head. Columbia 42"" Mud Tube features a smooth syringe action supported by a plunger bushing - Easy push and fill with the long term quality you expect from Columbia Tools. Columbia tubes are true professional grade, and the aluminum main components won't bust, crack or easily break like the competition. Ideal for high reach work and extra long runs. Compound tubes fill like a syringe - simply insert the tube into the compound bucket with the plunger rod collapsed - pulling the plunger rod out fills the tube with compound. Depress the plunger rod to dispense compound. Simply an Easy way to apply compound to the wall. Columbia Compound Tubes work with: Better Than Ever brand Mud Heads Red Diamond Implements All brands of direct flushers All brands of corner bead heads All brands of angle head/corner finishers Features: Lightweight Aluminum Tube & Plunger Rod Self lubricating plunger bushing for easy push throughout it's life Long lasting billet aluminum nose cone Includes strong and durable aluminum implement ball for flushers and applicators Hand Made in Columbia's State Of The Art Facility In Canada With U.S. Aluminum and Steel Components."
auto_accept,exact_identity_key,verified_exact_identity,100,95,100,72,yes,,columbia::cmt55,49,variation,COL-COMPOUND-TUBE,CMT55,CMT55,"Columbia Compound Tube - 55""","Columbia Compound Tube - 55""",Columbia Tools,columbia,232.52,regular_price,,All-Wall,all_wall,Columbia,columbia,"Columbia 55"" Compound Mud Tube",CMT55,232.99,-0.47,product_specific,"Columbia 55"" Compound Mud Tube an extra high quality aluminum tube and head. Columbia 55"" Mud Tube features a smooth syringe action supported by a plunger bushing - Easy push and fill with the long term quality you expect from Columbia Tools. Columbia tubes are true professional grade, and the aluminum main components won't bust, crack or easily break like the competition. Ideal for high reach work and extra long runs. Compound tubes fill like a syringe - simply insert the tube into the compound bucket with the plunger rod collapsed - pulling the plunger rod out fills the tube with compound. Depress the plunger rod to dispense compound. Simply an Easy way to apply compound to the wall. Columbia Compound Tubes work with: Better Than Ever brand Mud Heads Red Diamond Implements All brands of direct flushers All brands of corner bead heads All brands of angle head/corner finishers Features: Lightweight Aluminum Tube & Plunger Rod Self lubricating plunger bushing for easy push throughout it's life Long lasting billet aluminum nose cone Includes strong and durable aluminum implement ball for flushers and applicators Hand Made in Columbia's State Of The Art Facility In Canada With U.S. Aluminum and Steel Components."
auto_accept,exact_identity_key,verified_exact_identity,100,90,100,37,yes,,columbia::cc,292,simple,,CC,CC,Columbia Corner Cobra,Columbia Corner Cobra,Columbia Tools,columbia,401.00,regular_price,,Al's Taping Tools,als_taping_tools,Columbia,columbia,Columbia Corner Cobra Adjustable Inside & Outside Corner Roller,CC,367.71,33.29,product_specific,The Columbia Corner Cobra is an amazing time saving drywall tool. This is a top product on the market. Shop Columbia taping & finishing tools from Al's Taping Tools.
auto_accept,exact_identity_key,verified_exact_identity,100,90,100,57,yes,,columbia::cc,292,simple,,CC,CC,Columbia Corner Cobra,Columbia Corner Cobra,Columbia Tools,columbia,401.00,regular_price,,All-Wall,all_wall,Columbia,columbia,Columbia Corner Cobra Adjustable Roller,CC,368.00,33.00,product_specific,"The Columbia Corner Cobra is the ideal tool for setting specialty drywall trims like: UltraFlex, Strait-Flex, No-Coat, and Levelline. The Corner Cobra adjusts to any angle - Its adjustable head allows you the ability to handle any degree of angle, inside or outside. The Corner Cobra provides a faster more consistent finish than doing it by hand. Its versatility allows you to roll through any project saving you time and money. One tool, multiple angles! Corner Cobra Features: One tool to set all inside or outside angles Easy to use thumb indexer allows for quick adjustment to any inside or outside angle Integrated shock absorbers help conform the tool to imperfect setting or framing Standard male end attaches to ATF corner roller handles and the X1 handle. Universal adapter required to attach to Acme painter pole thread Designed to work with UltraFlex, No-Coat, Levelline, and StraitFlex products Hand made from US sourced billet aluminum and steel components Machined in the Columbia state of the art facility in Canada"
auto_accept,exact_identity_key,verified_exact_identity,100,100,100,100,yes,,columbia::cc,292,simple,,CC,CC,Columbia Corner Cobra,Columbia Corner Cobra,Columbia Tools,columbia,401.00,regular_price,,Wall Tools,wall_tools,Columbia Taping Tools,columbia,Columbia Corner Cobra,CC,367.70,33.30,product_specific,"The Corner Cobra is an amazing tool. It allows you to roll out No-Coat and other structural corner beads at almost all inside and outside angles. 85 to 180 degree angles, sets No-Coat 350 and 425, lightweight, durable."
auto_accept,exact_identity_key,verified_exact_identity,100,100,100,100,yes,,columbia::cr,293,simple,,CR,CR,Columbia Corner Roller,Columbia Corner Roller,Columbia Tools,columbia,167.63,regular_price,,Al's Taping Tools,als_taping_tools,Columbia,columbia,Columbia Corner Roller,CR,167.63,0.00,product_specific,Columbia Drywall Taping Tools Corner Roller is a smooth running rollers on the market. The wheels are the split and made of Stainless Steel and Derlin. Buy now!
auto_accept,exact_identity_key,verified_exact_identity,100,90,100,72,yes,,columbia::cr,293,simple,,CR,CR,Columbia Corner Roller,Columbia Corner Roller,Columbia Tools,columbia,167.63,regular_price,,All-Wall,all_wall,Columbia,columbia,Columbia Corner Roller Head Only,CR,162.75,4.88,product_specific,"Columbia Drywall Taping Tools Corner Roller One of the best corner rollers on the market. The Columbia Tools Split Steel/Delrin wheels provide for light weight, and the smoothest roll anywhere. The wheels never cake up and freeze, and allow flawless operation even with hard pressure. Columbia's Split Wheels Make a Better Roller, Here's How: Reduced Drag Paper Stays Straight Even with Hard Pressure (No Snaking) Light Weight Tool Keeps Arms & Shoulders Healthy Less Steel, Less Wear on Parts, Lower Maintenance Costs This is for the Head only and it requires a Handle to operate"
review,exact_identifier_brand_conflict,review_brand_conflict,90,90,100,52,no,brand_mismatch:columbia!=tapetech,tapetech::cr,293,simple,,CR,CR,Columbia Corner Roller,Columbia Corner Roller,Columbia Tools,columbia,167.63,regular_price,,Wall Tools,wall_tools,,tapetech,"TapeTech Corner Roller and Handles (TAPE-15TTE, FHTT, XHTT)",CR,248.00,-80.37,quarantined_storefront_boilerplate,
auto_accept,exact_identity_key,verified_exact_identity,100,95,100,65,yes,,columbia::25df,50,variation,COL-DIRECT-FLUSHER,2.5DF,2.5DF,"Columbia Direct Flusher - 2.5""","Columbia Direct Flusher - 2.5""",Columbia Tools,columbia,127.62,regular_price,,Al's Taping Tools,als_taping_tools,Columbia,columbia,"Columbia Taping Tools 2.5"" Direct Drywall Corner Flusher",2.5DF,127.62,0.00,product_specific,"Columbia Taping Tools 2.5"" Direct Drywall Corner Flusher with Wheels have redefined angle finishing. They are built from the best materials. Shop Al's today!"
auto_accept,exact_identity_key,verified_exact_identity,100,95,100,65,yes,,columbia::25df,50,variation,COL-DIRECT-FLUSHER,2.5DF,2.5DF,"Columbia Direct Flusher - 2.5""","Columbia Direct Flusher - 2.5""",Columbia Tools,columbia,127.62,regular_price,,All-Wall,all_wall,Columbia,columbia,"Columbia 2.5"" Direct Corner Flusher",2.5DF,127.99,-0.37,product_specific,"Columbia 2.5"" Direct Flusher with Wheels- An All-Wall Exclusive! Columbia Taping Tools Direct Flusher 2.5"" with wheels is ideal for finishing narrow angles or side legs. The addition of wheels makes this absolutely the smoothest running flusher you have ever used! Solid billet machined core provides utmost precision, and body made of surgical stainless steel stays true even with extensive use. Genuine Stainless Steel runners will not rust or corrode like some competitors, allowing for an extremely clean finish. Columbia Tools 2.5"" Direct corner flusher features superior locking clip to keep flusher attached and will work with any brand flusher handle. Columbia Taping Tools feature a 5-year warranty against manufacturer defect. Included wheel option lowers friction up to 80% for easier pushing Wheels help eliminate skipping with using on extension handles Surgical Stainless Steel body flexes less and stays reliably true Solid billet core construction for longer life and better finish Will work an any angle head or flusher handle Superior retainer clip to keep flusher on handles"
auto_accept,exact_identity_key,verified_exact_identity,100,95,100,71,yes,,columbia::3df,52,variation,COL-DIRECT-FLUSHER,3DF,3DF,"Columbia Direct Flusher - 3""","Columbia Direct Flusher - 3""",Columbia Tools,columbia,133.02,regular_price,,Al's Taping Tools,als_taping_tools,Columbia,columbia,"Columbia Taping Tools 3"" Direct Drywall Corner Flusher",3DF,133.02,0.00,product_specific,"Columbia Taping Tools 3"" Direct Drywall Corner Flusher with Wheels have redefined angle finishing. They are built from the best materials. Shop today!"
auto_accept,exact_identity_key,verified_exact_identity,100,95,100,71,yes,,columbia::3df,52,variation,COL-DIRECT-FLUSHER,3DF,3DF,"Columbia Direct Flusher - 3""","Columbia Direct Flusher - 3""",Columbia Tools,columbia,133.02,regular_price,,All-Wall,all_wall,Columbia,columbia,"Columbia 3"" Direct Corner Flusher",3DF,130.99,2.03,product_specific,"Columbia 3"" Direct Flusher with Wheels- An All-Wall Exclusive! Columbia Taping Tools Direct Flusher 3"" with wheels is ideal for finish coat. The addition of wheels makes this absolutely the smoothest running flusher you have ever used! Solid billet machined core provides utmost precision, and body made of surgical stainless steel stays true even with extensive use. Columbia Tools 3"" Direct corner flusher features superior locking clip to keep flusher attached and will work with any brand flusher handle. Genuine Stainless Steel runners will not rust or corrode like some competitors, allowing for an extremely clean finish.Columbia Taping Tools feature a 5-year warranty against manufacturer defect. Wheels help eliminate skipping with using on extension handles Included wheel option lowers friction up to 80% for easier pushing Solid billet core construction for longer life and better finish Surgical Stainless Steel body flexes less and stays reliably true Will work an any angle head or flusher handle Superior retainer clip to keep flusher on handles"
auto_accept,exact_identity_key,verified_exact_identity,100,95,100,47,yes,,columbia::3wtdf,53,variation,COL-DIRECT-FLUSHER,3WTDF,3WTDF,"Columbia Direct Flusher - 3"" Widetrack","Columbia Direct Flusher - 3"" Widetrack",Columbia Tools,columbia,140.60,regular_price,,Al's Taping Tools,als_taping_tools,Columbia,columbia,"Columbia Taping Tools 3"" Widetrack Direct Drywall Corner Flusher",3WTDF,115.00,25.60,product_specific,"Columbia Taping Tools 3"" Widetrack Direct Drywall Corner Flusher with Wheels have redefined angle finishing. Shop from Al's Taping Tools Today!"
auto_accept,exact_identity_key,verified_exact_identity,100,95,100,47,yes,,columbia::3wtdf,53,variation,COL-DIRECT-FLUSHER,3WTDF,3WTDF,"Columbia Direct Flusher - 3"" Widetrack","Columbia Direct Flusher - 3"" Widetrack",Columbia Tools,columbia,140.60,regular_price,,All-Wall,all_wall,Columbia,columbia,"Columbia 3"" Widetrack Direct Corner Flusher",3WTDF,140.99,-0.39,product_specific,"Columbia 3"" Widetract Direct Flusher with Wheels- An All-Wall Exclusive! Columbia Taping Tools Direct Flusher 3"" Widetrack with wheels is a great choice for finish coat. The addition of wheels makes this absolutely the smoothest running flusher you have ever used! Solid billet machined core provides utmost precision, and body made of surgical stainless steel stays true even with extensive use. Columbia Tools 3 "" Widetrack Direct corner flusher features slight extra width and superior locking clip to keep flusher attached. Will fit any brand flusher handle. Genuine Stainless Steel runners will not rust or corrode like some competitors, allowing for an extremely clean finish. Columbia Taping Tools feature a 5-year warranty against manufacturer defect. Wheels help eliminate skipping when using on extension handles Included wheel option lowers friction up to 80% for easier pushing Surgical Stainless Steel body flexes less and stays reliably true Solid billet core construction for longer life and better finish Superior retainer clip to keep flusher on handles Will work an any angle head or flusher handle"
auto_accept,exact_identity_key,verified_exact_identity,100,85,100,60,yes,,columbia::35df,54,variation,COL-DIRECT-FLUSHER,3.5DF,3.5DF,"Columbia Direct Flusher - 3.5""","Columbia Direct Flusher - 3.5""",Columbia Tools,columbia,146.00,regular_price,,Al's Taping Tools,als_taping_tools,Columbia,columbia,"Columbia Taping Tools 3.5"" Direct Drywall Corner Flusher with Wheels",3.5DF,146.00,0.00,product_specific,"Columbia 3.5"" Direct Corner Flushers have redefined angle finishing. They are each hand ground and checked on a granite plates. Buy Columbia tools from Al's!"
auto_accept,exact_identity_key,verified_exact_identity,100,95,100,65,yes,,columbia::35df,54,variation,COL-DIRECT-FLUSHER,3.5DF,3.5DF,"Columbia Direct Flusher - 3.5""","Columbia Direct Flusher - 3.5""",Columbia Tools,columbia,146.00,regular_price,,All-Wall,all_wall,Columbia,columbia,"Columbia 3.5"" Direct Corner Flusher",3.5DF,146.00,0.00,product_specific,"Columbia 3.5"" Direct Flusher with Wheel Option- An All-Wall Exclusive! Columbia Taping Tools 3.5"" Direct Flusher with wheels is a great choice for finish coat. The addition of wheels makes this absolutely the smoothest running flusher you have ever used! Solid billet machined core provides utmost precision, and body made of surgical stainless steel stays true even with extensive use. Columbia Tools 3.5"" Direct corner flusher features superior locking clip to keep flusher attached. Genuine Stainless Steel runners will not rust or corrode like some competitors, allowing for an extremely clean finish. Will fit any brand flusher handle. Columbia Taping Tools feature a 5-year warranty against manufacturer defect. Wheels help eliminate skipping with using on extension handles Included wheel option lowers friction up to 80% for easier pushing Surgical Stainless Steel body flexes less and stays reliably true Solid billet core construction for longer life and better finish Superior retainer clip to keep flusher on handles Will work an any angle head or flusher handle"
auto_accept,exact_identity_key,verified_exact_identity,100,95,100,84,yes,,columbia::10fbb,58,variation,COL-FAT-BOY-FLAT-BOX,10FBB,10FBB,"Columbia Fat Boy Flat Box - 10""","Columbia Fat Boy Flat Box - 10""",Columbia Tools,columbia,454.23,regular_price,,All-Wall,all_wall,Columbia,columbia,"Columbia 10"" Fat Boy Flat Box",10FBB,454.99,-0.76,product_specific,"10"" Fat Boy Flat Finisher Box by Columbia Taping Tools high capacity holds 30% more mud compound than standard flat box, for less trips back to the loading pump. 10"" Columbia Fat Boy box quick clean feature allows convenient access to clean without removing pressure plate. Columbia Taping Tools Fat Boy flat finisher boxes are compatible with all leading brands of drywall flat box finisher brake handles. 10"" Fat Boy box is excellent for applying base or finish coat of mud to drywall flat seams and butt joints, as well as first coat on cornerbead. Columbia Fat Boy boxes can be run with or without springs, due to combined axle and door plate design. New ""Commercial Grade"" rubber wiper resists corrosion or expansion for long, reliable service life. Columbia Fat Boys are extremely popular high capacity, top performance drywall flat finishers, and are a great choice for professional drywallers or contractors who prefer the high volume style. Columbia 10"" Fat Boy box is excellent for first or second coats on drywall flat seams, butt joints or corner bead. Quick, easy cleanup is possible without disassembly- no more disconnected door plates to re-position after cleaning! Operate smoothly with or without springs, due to new combined pivot axle and door plate design. Fat Boy box pivoting axle smoothly follows wall and ceiling contours for best possible drywall butt joint and flat seam finishing. Increase production and profits due additional 30% capacity for fewer trips to the pump for refilling. Top quality anodized finish aluminum avoids corrosion and increases reliable service time. Fits all leading drywall flat finisher box handles. 5-Year Columbia Taping Tool Manufacturer's Warranty"
review,exact_identifier_contradiction,review_contradiction,94,85,100,66,no,product_family_mismatch:['flat box']!=['finishing box'],columbia::10fbb,58,variation,COL-FAT-BOY-FLAT-BOX,10FBB,10FBB,"Columbia Fat Boy Flat Box - 10""","Columbia Fat Boy Flat Box - 10""",Columbia Tools,columbia,454.23,regular_price,,Al's Taping Tools,als_taping_tools,Columbia,columbia,"Columbia 10"" Fat Boy Drywall Flat Finishing Box",10FBB,454.23,0.00,product_specific,"The Columbia 10"" Fat Boy Drywall Flat Finishing Box holds 30% more mud than the standard Columbia 10"" Flat Box. Shop this great tool from Al's Taping Tools."
auto_accept,exact_identity_key,verified_exact_identity,100,95,100,84,yes,,columbia::12fbb,59,variation,COL-FAT-BOY-FLAT-BOX,12FBB,12FBB,"Columbia Fat Boy Flat Box - 12""","Columbia Fat Boy Flat Box - 12""",Columbia Tools,columbia,465.05,regular_price,,All-Wall,all_wall,Columbia,columbia,"Columbia 12"" Fat Boy Flat Box",12FBB,465.99,-0.94,product_specific,"12"" Fat Boy Flat Finisher Box by Columbia Taping Tools high capacity holds 30% more mud compound than standard flat box, for less trips back to the loading pump. 12"" Columbia Fat Boy box quick clean feature allows convenient access to clean without removing pressure plate. Columbia Taping Tools Fat Boy flat finisher boxes are compatible with all leading brands of drywall flat box finisher brake handles. 12"" Fat Boy box is excellent for applying finish coat of mud to drywall flat seams and butt joints. Columbia Fat Boy boxes can be run with or without springs, due to combined axle and door plate design. New ""Commercial Grade"" rubber wiper resists corrosion or expansion for long, reliable service life. Columbia Fat Boys are extremely popular high capacity, top performance drywall flat finishers, and are a great choice for professional drywallers or contractors who prefer the high volume style. Columbia 12"" Fat Boy box is excellent for second coats on drywall flat seams, butt joints. Quick, easy cleanup is possible without disassembly- no more disconnected door plates to re-position after cleaning! Operate smoothly with or without springs, due to new combined pivot axle and door plate design. Fat Boy box pivoting axle smoothly follows wall and ceiling contours for best possible drywall butt joint and flat seam finishing. Increase production and profits due additional 30% capacity for fewer trips to the pump for refilling. Top quality anodized finish aluminum avoids corrosion and increases reliable service time. Fits all leading drywall flat finisher box handles. 5-Year Columbia Taping Tool Manufacturer's Warranty"
review,exact_identifier_contradiction,review_contradiction,94,85,100,66,no,product_family_mismatch:['flat box']!=['finishing box'],columbia::12fbb,59,variation,COL-FAT-BOY-FLAT-BOX,12FBB,12FBB,"Columbia Fat Boy Flat Box - 12""","Columbia Fat Boy Flat Box - 12""",Columbia Tools,columbia,465.05,regular_price,,Al's Taping Tools,als_taping_tools,Columbia,columbia,"Columbia 12"" Fat Boy Drywall Flat Finishing Box",12FBB,465.05,0.00,product_specific,"The Columbia 12"" Fat Boy Drywall Flat Finishing Box holds 30% more mud than the standard Columbia 12"" Flat Box. Shop top Columbia taping tools from Al's!"
auto_accept,exact_identity_key,verified_exact_identity,100,95,100,88,yes,,columbia::8fbb,57,variation,COL-FAT-BOY-FLAT-BOX,8FBB,8FBB,"Columbia Fat Boy Flat Box - 8""","Columbia Fat Boy Flat Box - 8""",Columbia Tools,columbia,443.42,regular_price,,All-Wall,all_wall,Columbia,columbia,"Columbia 8"" Fat Boy Flat Box",8FBB,443.99,-0.57,product_specific,"8"" Fat Boy Flat Finisher Box by Columbia Taping Tools high capacity holds 30% more mud compound than standard flat box, for less trips back to the loading pump. 8"" Columbia Fat Boy box quick clean feature allows convenient access to clean without removing pressure plate. Columbia Taping Tools Fat Boy flat finisher boxes are compatible with all leading brands of drywall flat box finisher brake handles. 8"" Fat Boy box is excellent for applying base coat of mud to drywall flat seams and butt joints, as well as first coat on cornerbead. Columbia Fat Boy boxes can be run with or without springs, due to combined axle and door plate design. New ""Commercial Grade"" rubber wiper resists corrosion or expansion for long, reliable service life. Columbia Fat Boys are extremely popular high capacity, top performance drywall flat finishers, and are a great choice for professional drywallers or contractors who prefer the high volume style. Columbia 8"" Fat Boy box is excellent for first coats on drywall flat seams, butt joints or corner bead. Quick, easy cleanup is possible without disassembly- no more disconnected door plates to re-position after cleaning! Operate smoothly with or without springs, due to new combined pivot axle and door plate design. Fat Boy box pivoting axle smoothly follows wall and ceiling contours for best possible drywall butt joint and flat seam finishing. Increase production and profits due additional 30% capacity for fewer trips to the pump for refilling. Top quality anodized finish aluminum avoids corrosion and increases reliable service time. Fits all leading drywall flat finisher box handles. 5-Year Columbia Taping Tool Manufacturer's Warranty"
review,exact_identifier_contradiction,review_contradiction,94,85,100,69,no,product_family_mismatch:['flat box']!=['finishing box'],columbia::8fbb,57,variation,COL-FAT-BOY-FLAT-BOX,8FBB,8FBB,"Columbia Fat Boy Flat Box - 8""","Columbia Fat Boy Flat Box - 8""",Columbia Tools,columbia,443.42,regular_price,,Al's Taping Tools,als_taping_tools,Columbia,columbia,"Columbia 8"" Fat Boy Drywall Flat Finishing Box",8FBB,443.42,0.00,product_specific,"Fat Boy boxes by Columbia hold more mud than standard flat finish boxes, and also clean easier w/ it's hinged door. The boxes work w/ most brands of pumps. Buy now!"
auto_accept,exact_identity_key,verified_exact_identity,100,83,87,73,yes,,columbia::10ffb,65,variation,COL-FLAT-FINISHER-BOX,10FFB,10FFB,"Columbia Flat Finisher Box - 10""","Columbia Flat Finisher Box - 10""",Columbia Tools,columbia,400.16,regular_price,,Al's Taping Tools,als_taping_tools,Columbia,columbia,"Columbia 10"" Drywall Flat Finishing Box",10FFB,400.16,0.00,product_specific,"The Columbia 10"" Drywall Flat Finishing Box is the most common selling size of flat box for the first coat, in the US market. Shop online from Al's today!"
auto_accept,exact_identity_key,verified_exact_identity,100,83,87,73,yes,,columbia::10ffb,65,variation,COL-FLAT-FINISHER-BOX,10FFB,10FFB,"Columbia Flat Finisher Box - 10""","Columbia Flat Finisher Box - 10""",Columbia Tools,columbia,400.16,regular_price,,All-Wall,all_wall,Columbia,columbia,"Columbia 10"" Flat Finishing Box",10FFB,400.99,-0.83,product_specific,"Columbia Taping Tools 10"" Hinged Drywall Flat Finisher Box features precision joint compound metering adjustment for top quality finish surfaces on drywall butt joints and flat seams. Integrated door axle and pressure plate system allows smooth, easy operation and quick access for easy cleanup! New, ultra-reliable door plate wiper resists expansion or deterioration, for long-term ease of operation and greater reliability. 10"" Hinged Drywall Flat Finisher Box by Columbia Taping Tools has a new improved wiper on the pressure plate, combined with a smooth pivoting hinge axle, making this one of the easiest drywall flat finisher boxes to operate when finishing drywall butt joints and flat seams. 10"" Hinged Flat Box by Columbia Taping Tools is an excellent choice for base or finish coating tape seams. Hinged pressure plate and quick release tabs for extremely easy cleanup! 10"" Columbia Hinged Flat Box is excellent for applying base coat or finish coat on drywall flat seams. ""Commercial Grade"" pressure plate wiper resists expansion or corrosion for easy operation and long service life. Aluminum wheels with o-ring tires are long lasting and smooth running. Compatible with all leading brands of flat box handles (except Tapeworm) Can be operated with or without pressure plate springs Smooth operation without door springs is possible due to reduced drag of Integrated Pressure Door Axle. 5-year Columbia Taping Tools Manufacturer's Warranty"
auto_accept,exact_identity_key,verified_exact_identity,100,67,70,37,yes,,columbia::10ffb,65,variation,COL-FLAT-FINISHER-BOX,10FFB,10FFB,"Columbia Flat Finisher Box - 10""","Columbia Flat Finisher Box - 10""",Columbia Tools,columbia,400.16,regular_price,,Wall Tools,wall_tools,Columbia Taping Tools,columbia,Columbia 10 in. Quick Clean Flat Box,10FFB,400.16,0.00,product_specific,"Columbia 10 in. Quick Clean Flat Box offers the smoothest finish to flat joints. Adjustable stainless-steel blade provides the precise amount of compound, allowing greater control and accuracy. Lightweight, easy to clean, and made from anodized aluminum."
auto_accept,exact_identity_key,verified_exact_identity,100,83,87,73,yes,,columbia::12ffb,66,variation,COL-FLAT-FINISHER-BOX,12FFB,12FFB,"Columbia Flat Finisher Box - 12""","Columbia Flat Finisher Box - 12""",Columbia Tools,columbia,410.97,regular_price,,Al's Taping Tools,als_taping_tools,Columbia,columbia,"Columbia 12"" Drywall Flat Finishing Box",12FFB,410.97,0.00,product_specific,"The Columbia 12"" Drywall Flat Finishing Box is the most common selling size of flat box for the second coat. Shop top Columbia finishing boxes from Al's!"
auto_accept,exact_identity_key,verified_exact_identity,100,83,87,73,yes,,columbia::12ffb,66,variation,COL-FLAT-FINISHER-BOX,12FFB,12FFB,"Columbia Flat Finisher Box - 12""","Columbia Flat Finisher Box - 12""",Columbia Tools,columbia,410.97,regular_price,,All-Wall,all_wall,Columbia,columbia,"Columbia 12"" Flat Finishing Box",12FFB,410.99,-0.02,product_specific,"Columbia Taping Tools 12"" Hinged Drywall Flat Finisher Box features precision joint compound metering adjustment for top quality finish surfaces on drywall butt joints and flat seams. Integrated door axle and pressure plate system allows smooth, easy operation and quick access for easy cleanup! New, ultra-reliable door plate wiper resists expansion or deterioration, for long-term ease of operation and greater reliability. 12"" Hinged Drywall Flat Finisher Box by Columbia Taping Tools has a new improved wiper on the pressure plate, combined with a smooth pivoting hinge axle, making this one of the easiest drywall flat finisher boxes to operate when finishing drywall butt joints and flat seams. 12"" Hinged Flat Box by Columbia Taping Tools is an excellent choice for finish coating tape seams. Hinged pressure plate and quick release tabs for extremely easy cleanup! 12"" Columbia Hinged Flat Box is excellent for applying finish coat on drywall flat seams. ""Commercial Grade"" pressure plate wiper resists expansion or corrosion for easy operation and long service life. Aluminum wheels with o-ring tires are long lasting and smooth running. Compatible with all leading brands of flat box handles (except Tapeworm) Can be operated with or without pressure plate springs Smooth operation without door springs is possible due to reduced drag of Integrated Pressure Door Axle. 5-year Columbia Taping Tools Manufacturer's Warranty"
auto_accept,exact_identity_key,verified_exact_identity,100,67,70,37,yes,,columbia::12ffb,66,variation,COL-FLAT-FINISHER-BOX,12FFB,12FFB,"Columbia Flat Finisher Box - 12""","Columbia Flat Finisher Box - 12""",Columbia Tools,columbia,410.97,regular_price,,Wall Tools,wall_tools,Columbia Taping Tools,columbia,Columbia 12 in. Quick Clean Flat Box,12FFB,410.97,0.00,product_specific,"Columbia 12 in. Quick Clean Flat Box offers the smoothest finish to flat joints. Adjustable stainless-steel blade provides the precise amount of compound, allowing greater control and accuracy. Lightweight, easy to clean, and made from anodized aluminum."
auto_accept,exact_identity_key,verified_exact_identity,100,83,87,73,yes,,columbia::14ffb,67,variation,COL-FLAT-FINISHER-BOX,14FFB,14FFB,"Columbia Flat Finisher Box - 14""","Columbia Flat Finisher Box - 14""",Columbia Tools,columbia,421.79,regular_price,,Al's Taping Tools,als_taping_tools,Columbia,columbia,"Columbia 14"" Drywall Flat Finishing Box",14FFB,421.79,0.00,product_specific,"Columbia 14"" Flat Box is the largest flat box available on the market today. Columbia has the best flat boxes to choose from. Buy from Al's Taping Tools!"
auto_accept,exact_identity_key,verified_exact_identity,100,83,87,73,yes,,columbia::14ffb,67,variation,COL-FLAT-FINISHER-BOX,14FFB,14FFB,"Columbia Flat Finisher Box - 14""","Columbia Flat Finisher Box - 14""",Columbia Tools,columbia,421.79,regular_price,,All-Wall,all_wall,Columbia,columbia,"Columbia 14"" Flat Finishing Box",14FFB,421.99,-0.20,product_specific,"Columbia 14"" Super Flat Finishing Box works to float even the most challenging drywall flat seams or butt joints for ultra smooth finish surfaces. Columbia 14"" Super flat finisher can be used on any major brand taping tool flat box handle. Columbia ""No Swell"" gasket and stainless steel finishing blades provide many years of reliable service. Perfect for floating flat seams and butt joints. Skim coat entire wall surfaces in much less time Great for ultra-smooth finishes Works with or without springs"
auto_accept,exact_identity_key,verified_exact_identity,100,95,100,80,yes,,columbia::55ffb,62,variation,COL-FLAT-FINISHER-BOX,5.5FFB,5.5FFB,"Columbia Flat Finisher Box - 5.5""","Columbia Flat Finisher Box - 5.5""",Columbia Tools,columbia,367.71,regular_price,,Al's Taping Tools,als_taping_tools,Columbia,columbia,"Columbia 5.5"" Drywall Flat Finisher Box",5.5FFB,367.71,0.00,product_specific,"Columbia 5.5"" Drywall Flat Box is the perfect box for getting into those tight areas. It will fit on all major brands of flat box handles. Buy from Al's today!"
auto_accept,exact_identity_key,verified_exact_identity,100,83,87,69,yes,,columbia::55ffb,62,variation,COL-FLAT-FINISHER-BOX,5.5FFB,5.5FFB,"Columbia Flat Finisher Box - 5.5""","Columbia Flat Finisher Box - 5.5""",Columbia Tools,columbia,367.71,regular_price,,All-Wall,all_wall,Columbia,columbia,"Columbia 5.5"" Flat Finishing Box",5.5FFB,367.99,-0.28,product_specific,"Columbia 5.5"" Detailer Finishing Flat Box - get into those tight drywall finishing areas that previously had to be done by hand. 5.5 "" Detailer Flat Finishing box by Columbia Taping tools can be used on any major brand taping tool flat box handle, and can be used for fire tape coating, spotting screws, coating tape-on and nail-on corner beads, as well as finishing tight areas with limited working room. Columbia ""No Swell"" gasket and stainless steel finishing blade provide many years of reliable service. Perfect for tight areas and detail finishing Coat tape-on or nail-on cornerbeads Smooth coat over nail spots Works with or without springs"
auto_accept,exact_identity_key,verified_exact_identity,100,95,100,75,yes,,columbia::7ffb,63,variation,COL-FLAT-FINISHER-BOX,7FFB,7FFB,"Columbia Flat Finisher Box - 7""","Columbia Flat Finisher Box - 7""",Columbia Tools,columbia,378.53,regular_price,,Al's Taping Tools,als_taping_tools,Columbia,columbia,Columbia Drywall Taping Tools 7” Hinged Flat Finisher Box,7FFB,378.53,0.00,product_specific,"The Columbia Drywall Taping Tools 7” Hinged Flat Box is the perfect sized box for base coating tape seams. The 7"" Columbia box has many new improvements. Shop today!"
auto_accept,exact_identity_key,verified_exact_identity,100,82,87,76,yes,,columbia::7ffb,63,variation,COL-FLAT-FINISHER-BOX,7FFB,7FFB,"Columbia Flat Finisher Box - 7""","Columbia Flat Finisher Box - 7""",Columbia Tools,columbia,378.53,regular_price,,All-Wall,all_wall,Columbia,columbia,"Columbia 7"" Flat Finishing Box",7FFB,378.99,-0.46,product_specific,"Columbia Taping Tools 7"" Hinged Drywall Flat Finisher Box features precision joint compound metering adjustment for top quality finish surfaces on drywall butt joints and flat seams. Integrated door axle and pressure plate system allows smooth, easy operation and quick access for easy cleanup! New, ultra-reliable door plate wiper resists expansion or deterioration, for long-term ease of operation and greater reliability. 7"" Hinged Drywall Flat Finisher Box by Columbia Taping Tools has a new improved wiper on the pressure plate, combined with a smooth pivoting hinge axle, making this one of the easiest drywall flat finisher boxes to operate when finishing drywall butt joints and flat seams. 7"" Hinged Flat Box by Columbia Taping Tools is an excellent choice for base coating tape seams. Hinged pressure plate and quick release tabs for extremely easy cleanup! 7"" Columbia Hinged Flat Box is excellent for applying base coat on drywall flat seams. ""Commercial Grade"" pressure plate wiper resists expansion or corrosion for easy operation and long service life. Aluminum wheels with o-ring tires are long lasting and smooth running. Compatible with all leading brands of flat box handles (except Tapeworm) Can be operated with or without pressure plate springs Smooth operation without door springs is possible due to reduced drag of Integrated Pressure Door Axle. 5-year Columbia Taping Tools Manufacturer's Warranty"
auto_accept,exact_identity_key,verified_exact_identity,100,95,100,89,yes,,columbia::8ffb,64,variation,COL-FLAT-FINISHER-BOX,8FFB,8FFB,"Columbia Flat Finisher Box - 8""","Columbia Flat Finisher Box - 8""",Columbia Tools,columbia,389.34,regular_price,,Al's Taping Tools,als_taping_tools,Columbia,columbia,"Columbia 8"" Drywall Flat Finisher Box",8FFB,389.34,0.00,product_specific,Columbia Drywall Taping Tools 8” Hinged Flat Box is the perfect sized box for base coating tape seams. Shop top Columbia products from Al's Taping Tools!
auto_accept,exact_identity_key,verified_exact_identity,100,82,87,76,yes,,columbia::8ffb,64,variation,COL-FLAT-FINISHER-BOX,8FFB,8FFB,"Columbia Flat Finisher Box - 8""","Columbia Flat Finisher Box - 8""",Columbia Tools,columbia,389.34,regular_price,,All-Wall,all_wall,Columbia,columbia,"Columbia 8"" Flat Finishing Box",8FFB,389.99,-0.65,product_specific,"Columbia Taping Tools 8"" Hinged Drywall Flat Finisher Box features precision joint compound metering adjustment for top quality finish surfaces on drywall butt joints and flat seams. Integrated door axle and pressure plate system allows smooth, easy operation and quick access for easy cleanup! New, ultra-reliable door plate wiper resists expansion or deterioration, for long-term ease of operation and greater reliability. 8"" Hinged Drywall Flat Finisher Box by Columbia Taping Tools has a new improved wiper on the pressure plate, combined with a smooth pivoting hinge axle, making this one of the easiest drywall flat finisher boxes to operate when finishing drywall butt joints and flat seams. 8"" Hinged Flat Box by Columbia Taping Tools is an excellent choice for base coating tape seams. Hinged pressure plate and quick release tabs for extremely easy cleanup! 8"" Columbia Hinged Flat Box is excellent for applying base coat on drywall flat seams. ""Commercial Grade"" pressure plate wiper resists expansion or corrosion for easy operation and long service life. Aluminum wheels with o-ring tires are long lasting and smooth running. Compatible with all leading brands of flat box handles (except Tapeworm) Can be operated with or without pressure plate springs Smooth operation without door springs is possible due to reduced drag of Integrated Pressure Door Axle. 5-year Columbia Taping Tools Manufacturer's Warranty"
auto_accept,exact_identity_key,verified_exact_identity,100,90,100,66,yes,,columbia::gn,68,variation,COL-GOOSENECK,GN,GN,Columbia Gooseneck - Standard,Columbia Gooseneck - Standard,Columbia Tools,columbia,100.42,regular_price,,Al's Taping Tools,als_taping_tools,Columbia,columbia,Columbia Gooseneck,GN,108.15,-7.73,product_specific,The Columbia Goosneck is used to fill the Automatic Taper when attached to the compound pump. Shop top Columbia taping products from Al's!
auto_accept,exact_identity_key,verified_exact_identity,100,90,100,66,yes,,columbia::gn,68,variation,COL-GOOSENECK,GN,GN,Columbia Gooseneck - Standard,Columbia Gooseneck - Standard,Columbia Tools,columbia,100.42,regular_price,,All-Wall,all_wall,Columbia Taping Tools,columbia,Columbia Gooseneck,GN,108.99,-8.57,product_specific,"Columbia Gooseneck Features: New ""Billet"" Aluminum Tip Treated stainless steel tubing"
auto_accept,exact_identity_key,verified_exact_identity,100,90,100,66,yes,,columbia::gn,68,variation,COL-GOOSENECK,GN,GN,Columbia Gooseneck - Standard,Columbia Gooseneck - Standard,Columbia Tools,columbia,100.42,regular_price,,Wall Tools,wall_tools,Columbia Taping Tools,columbia,Columbia Gooseneck,GN,108.15,-7.73,product_specific,"Fill your automatic tapers and corner applicators with this strong, durable Columbia Gooseneck attachment for your favorite compound pump. Made from solid billet aluminum with a rubber-coated horseshoe to protect your automatic taper while filling."
auto_accept,exact_identity_key,verified_exact_identity,100,95,100,50,yes,,columbia::tbgn,69,variation,COL-GOOSENECK,TBGN,TBGN,Columbia Gooseneck - Tall Boy,Columbia Gooseneck - Tall Boy,Columbia Tools,columbia,146.00,regular_price,,Al's Taping Tools,als_taping_tools,Columbia,columbia,Columbia Tall Boy Gooseneck,TBGN,146.00,0.00,product_specific,The Columbia Tall Boy Gooseneck works with the Columbia Tall Boy Pump and the TapeTech Extra Long Pump's. It is used to fill the automatic taper. Buy today!
auto_accept,exact_identity_key,verified_exact_identity,100,95,100,50,yes,,columbia::tbgn,69,variation,COL-GOOSENECK,TBGN,TBGN,Columbia Gooseneck - Tall Boy,Columbia Gooseneck - Tall Boy,Columbia Tools,columbia,146.00,regular_price,,All-Wall,all_wall,Columbia,columbia,Columbia Tall Boy Gooseneck,TBGN,146.00,0.00,product_specific,For use exclusively with the Tall Boy pump to fill automatic tapers from large mud containers
auto_accept,exact_identity_key,verified_exact_identity,100,95,100,50,yes,,columbia::tbgn,69,variation,COL-GOOSENECK,TBGN,TBGN,Columbia Gooseneck - Tall Boy,Columbia Gooseneck - Tall Boy,Columbia Tools,columbia,146.00,regular_price,,Wall Tools,wall_tools,Columbia Taping Tools,columbia,Columbia Tall Boy Gooseneck,TBGN,146.00,0.00,product_specific,"Fill your automatic tapers and corner applicators with this strong, durable Columbia Tall Boy Gooseneck attachment for your favorite Tall Boy Mud Pump. Made from solid billet aluminum with a rubber-coated horseshoe to protect your automatic taper while filling."
review,medium_confidence_fuzzy_title,review_fuzzy,100,95,100,85,yes,,,75,variation,COL-HOT-MUD-PUMP,HMP-C,HMP-C,Columbia Hot Mud Pump - CDN,Columbia Hot Mud Pump - CDN,Columbia Tools,columbia,380.00,regular_price,,Al's Taping Tools,als_taping_tools,Columbia,columbia,Columbia Hot Mud Pump,HMP,410.97,-30.97,product_specific,Columbia Loading Pump is designed to be cleaned out every easily. There are 2 stainless buckles that hold the main cylinder to the head of the pump. Shop now!
auto_accept,exact_identity_key,verified_exact_identity,100,90,100,72,yes,,columbia::hmp,73,variation,COL-HOT-MUD-PUMP,HMP,HMP,Columbia Hot Mud Pump - Standard,Columbia Hot Mud Pump - Standard,Columbia Tools,columbia,410.97,regular_price,,Al's Taping Tools,als_taping_tools,Columbia,columbia,Columbia Hot Mud Pump,HMP,410.97,0.00,product_specific,Columbia Loading Pump is designed to be cleaned out every easily. There are 2 stainless buckles that hold the main cylinder to the head of the pump. Shop now!
auto_accept,exact_identity_key,verified_exact_identity,100,85,50,42,yes,,columbia::hmp,73,variation,COL-HOT-MUD-PUMP,HMP,HMP,Columbia Hot Mud Pump - Standard,Columbia Hot Mud Pump - Standard,Columbia Tools,columbia,410.97,regular_price,,All-Wall,all_wall,Columbia Taping Tools,columbia,Columbia Loading Pump,HMP,410.99,-0.02,product_specific,"Columbia Loading Pump Cleaning a Drywall Mud Pump doesn't get any easier than this! Columbia Hot Mud Pumps have stainless quick-release clamps on the head that allow for easy removal of the pump tube. The ""Hot Mud"" designation is from the ease of clean up - making it possible to run hot mud or fast set compounds Handle This! There's something different about the Columbia Pump - The handle is bent! It's designed that way - the 20 degree bend in the handle doubles the leverage of conventional straight handles. More leverage equates to less back strain, easier pumping, easier priming, and faster job completion. Even the connection to handle is better - Columbia's billet aluminum handle link won't crack or degrade like the competition's cast aluminum parts. You can also get a comfortable grip with the padded handle and smooth billet ball end. It's time that you get a handle on your pump! Columbia Quality Columbia Hot Mud Pumps are built to exacting air-tight standards making them the easiest to pump and prime. Fabricated with an anodized aluminum cylinder, durable stainless steel shaft, a precision machined cast aluminum head, and a tough, smooth solid aluminum leg (All sourced from USA materials - backed by a 5 year Columbia Warranty). Whether you are using quick-set mud or any other type of joint compound, Columbia has the pump for your bucket. Stainless Steel Box Filler and Gooseneck sold separately. Columbia Hot Mud Pump Features: 20 degree angled handles provides enhanced leverage resulting is less back strain and easier pumping Stainless quick-release clamps on the head make it easy to remove the pump tube for clean-up and maintenance Billet anodized leg is sturdy, well balanced, and easier to clean Billet Aluminum link on Mud Pump will not wear or crack like competitor's cast aluminum parts Soft grip handle and billet aluminum ball end for comfortable pump strokes Compatible with all major brand Goosenecks and Box Fillers (both sold separately)"
auto_accept,exact_identity_key,verified_exact_identity,100,54,57,43,yes,,columbia::hmp,73,variation,COL-HOT-MUD-PUMP,HMP,HMP,Columbia Hot Mud Pump - Standard,Columbia Hot Mud Pump - Standard,Columbia Tools,columbia,410.97,regular_price,,Wall Tools,wall_tools,Columbia Taping Tools,columbia,Columbia Quick Clean Mud Pump,HMP,410.97,0.00,product_specific,"The Columbia Quick Clean Mud Pump fills your favorite automatic tools with compound while reducing work fatigue. This mud pump features a smooth solid leg for easy cleaning, a 20-degree angled handle for enhanced leverage, and an increased gooseneck diameter for faster filling."
auto_accept,exact_identity_key,verified_exact_identity,100,72,76,38,yes,,columbia::tbmp,74,variation,COL-HOT-MUD-PUMP,TBMP,TBMP,Columbia Hot Mud Pump - Tall Boy,Columbia Hot Mud Pump - Tall Boy,Columbia Tools,columbia,540.03,regular_price,,Al's Taping Tools,als_taping_tools,Columbia,columbia,Columbia Tall Boy Loading Pump,TBMP,492.08,47.95,product_specific,Do you need a new loading pump. The Columbia Tall Boy Loading Pump is one of the best options on the market. Shop from Al's Taping Tools today!
auto_accept,exact_identity_key,verified_exact_identity,100,72,76,38,yes,,columbia::tbmp,74,variation,COL-HOT-MUD-PUMP,TBMP,TBMP,Columbia Hot Mud Pump - Tall Boy,Columbia Hot Mud Pump - Tall Boy,Columbia Tools,columbia,540.03,regular_price,,All-Wall,all_wall,Columbia,columbia,Columbia Tall Boy Loading Pump,TBMP,492.99,47.04,product_specific,"The Columbia Tall Boy Pump is a BIG step up from a standard sized drywall mud pump. Size really does matter - This taller pump allows you to stand comfortably upright while you fill your tools. Stand Tall - When filling the automatic taper you can see the piston, and you no longer need to use your fingers to indicate that the tool is full. Bigger is Better - You can use the Columbia Tall Boy Pump on 30 gallon containers of compound. Save mix time and improve productivity! The Tall Boy is also suited for use with standard 5 gallon buckets - Adjusts for both US and Canadian pail sizes Tall Boy features a quick release tube, handle pin, and foot valve for easy clean-up. The pump is constructed with a billet handle link and adjustable pump leg that are ultra-strong and durable. The pump adapter flange fits all major brands of box filler*, and requires the Tall Boy Gooseneck* for filling tapers. Columbia Tall Boy Pump Features: Fill your tools standing up - no more bending over Pump from larger 30 gallon containers - Save time and improve productivity No more fingers down the taper tube - You can see the piston during fill-up Adjusts for a variety of bucket and container sizes. Fits standard US and Canadian mud buckets as well Detachable tube, handle and foot valve makes clean-up easy High quality Columbia construction with 5 year warranty. Made in Canada *Sold Separately"
auto_accept,exact_identity_key,verified_exact_identity,100,95,100,52,yes,,columbia::tbmp,74,variation,COL-HOT-MUD-PUMP,TBMP,TBMP,Columbia Hot Mud Pump - Tall Boy,Columbia Hot Mud Pump - Tall Boy,Columbia Tools,columbia,540.03,regular_price,,Wall Tools,wall_tools,Columbia Taping Tools,columbia,Columbia Tall Boy Mud Pump,TBMP,492.07,47.96,product_specific,The Columbia Tall Boy Mud Pump allows you to remain upright while filling your favorite tools. Reduces physical strain on the back. Extra height can accommodate a 30-gallon compound bucket to cut down on mixing time. Made from solid billet aluminum and steel components.
auto_accept,exact_identity_key,verified_exact_identity,100,95,100,90,yes,,columbia::mhs,76,variation,COL-MATRIX-FLAT-BOX-HANDLE,MHS,MHS,"Columbia Matrix Flat Box Handle - 29""-39""","Columbia Matrix Flat Box Handle - 29""-39""",Columbia Tools,columbia,375.00,regular_price,,Al's Taping Tools,als_taping_tools,Columbia,columbia,"Columbia Short Matrix Flat Box Handle 29""-39""",MHS,340.67,34.33,product_specific,"Columbia Short Matrix Handle 29""-39"" This new Matrix Handle from Columbia is lightweight and all mechanical. With a 90 degree grip, the Matrix handles give you increased control over your box. These handles are durable and extremely long-lasting, all whil"
auto_accept,exact_identity_key,verified_exact_identity,100,83,88,65,yes,,columbia::mhs,76,variation,COL-MATRIX-FLAT-BOX-HANDLE,MHS,MHS,"Columbia Matrix Flat Box Handle - 29""-39""","Columbia Matrix Flat Box Handle - 29""-39""",Columbia Tools,columbia,375.00,regular_price,,All-Wall,all_wall,Columbia,columbia,Columbia MATRIX Extendable Short Flat Box Handle,MHS,340.99,34.01,product_specific,"The Columbia Matrix Short Flat Box Handle - 29” to 39” Compact and Versatile! Machined in-house at Columbia Taping Tools, state of the art facility in Canada. The Columbia Matrix Flat Box Handle is made of an all billet aluminum, Lightweight and Durable, this flat box handle is build to withstand the toughest of jobs. Quality meets functionality, the 90 degree grip, gives you increased control over your flat box, while the Ergonomic Handle fits comfortably in your hand, “like a glove”. Upgrade your taping set, with the Matrix Flat Box Handle from Columbia Taping Tools. Features: Fully Mechanical Brake Ergonomic Handle, Easy Brake Pressure 90 Degree Grip For Better Control Universally Fits All Flat Box Brands Perfect For Tight Areas Extends 29” to 39” U.S. Billet Aluminum Made In Canada"
auto_accept,exact_identity_key,verified_exact_identity,100,83,88,78,yes,,columbia::mhs,76,variation,COL-MATRIX-FLAT-BOX-HANDLE,MHS,MHS,"Columbia Matrix Flat Box Handle - 29""-39""","Columbia Matrix Flat Box Handle - 29""-39""",Columbia Tools,columbia,375.00,regular_price,,Wall Tools,wall_tools,Columbia Taping Tools,columbia,Columbia Matrix Short Flat Box Handle,MHS,340.67,34.33,product_specific,"The Columbia Matrix Short Flat Box Handle gives you increased control of your box. Designed with a 90-degree grip, this handle is lightweight and all mechanical. Made from solid US billet aluminum and steel components, this handle is durable and extremely long-lasting."
review,high_confidence_fuzzy_title,review_fuzzy,100,95,100,88,yes,,,76,variation,COL-MATRIX-FLAT-BOX-HANDLE,MHS,MHS,"Columbia Matrix Flat Box Handle - 29""-39""","Columbia Matrix Flat Box Handle - 29""-39""",Columbia Tools,columbia,375.00,regular_price,,Wall Tools,wall_tools,Columbia Taping Tools,columbia,Columbia Matrix Flat Box Handle,MH,351.49,23.51,product_specific,"The Columbia Matrix Flat Box Handle gives you increased control of your box. Designed with a 90-degree grip, this handle is lightweight and all mechanical, with an extension of 40 to 60 inches. Made from solid US billet aluminum."
auto_accept,exact_identity_key,verified_exact_identity,100,83,88,72,yes,,columbia::mh,77,variation,COL-MATRIX-FLAT-BOX-HANDLE,MH,MH,"Columbia Matrix Flat Box Handle - 40""-60""","Columbia Matrix Flat Box Handle - 40""-60""",Columbia Tools,columbia,409.00,regular_price,,Al's Taping Tools,als_taping_tools,Columbia,columbia,Columbia MATRIX Extendable Flat Box Handle,MH,351.49,57.51,product_specific,"Columbia MATRIX Extendable Flat Box Handle The Columbia Matrix Flat Box Handle is lightweight and all mechanical. With a 90 degree grip, the Matrix gives you increased control over your box. These handles are durable and extremely long lasting, all while"
auto_accept,exact_identity_key,verified_exact_identity,100,83,88,72,yes,,columbia::mh,77,variation,COL-MATRIX-FLAT-BOX-HANDLE,MH,MH,"Columbia Matrix Flat Box Handle - 40""-60""","Columbia Matrix Flat Box Handle - 40""-60""",Columbia Tools,columbia,409.00,regular_price,,All-Wall,all_wall,Columbia,columbia,Columbia MATRIX Extendable Flat Box Handle,MH,351.99,57.01,product_specific,"The Columbia Matrix Flat Box Handle - 40"" to 60"" Machined in-house at Columbia Taping Tools, state of the art facility in Canada. The Columbia Matrix Flat Box Handle is made of an all billet aluminum, Lightweight and Durable, this flat box handle is build to withstand the toughest of jobs. Quality meets functionality, the 90 degree grip, gives you increased control over your flat box, while the Ergonomic Handle fits comfortably in your hand, “like a glove”. Upgrade your taping set, with the Matrix Flat Box Handle from Columbia Taping Tools. Features: Fully Mechanical Brake Ergonomic Handle, Easy Brake Pressure 90 Degree Grip For Better Control Universally Fits All Flat Box Brands Extends 40"" to 60"" U.S. Billet Aluminum Made In Canada"
auto_accept,exact_identity_key,verified_exact_identity,100,95,100,88,yes,,columbia::mh,77,variation,COL-MATRIX-FLAT-BOX-HANDLE,MH,MH,"Columbia Matrix Flat Box Handle - 40""-60""","Columbia Matrix Flat Box Handle - 40""-60""",Columbia Tools,columbia,409.00,regular_price,,Wall Tools,wall_tools,Columbia Taping Tools,columbia,Columbia Matrix Flat Box Handle,MH,351.49,57.51,product_specific,"The Columbia Matrix Flat Box Handle gives you increased control of your box. Designed with a 90-degree grip, this handle is lightweight and all mechanical, with an extension of 40 to 60 inches. Made from solid US billet aluminum."
auto_accept,exact_identity_key,verified_exact_identity,100,85,100,74,yes,,columbia::mhl,78,variation,COL-MATRIX-FLAT-BOX-HANDLE,MHL,MHL,"Columbia Matrix Flat Box Handle - 56""-76""","Columbia Matrix Flat Box Handle - 56""-76""",Columbia Tools,columbia,495.00,regular_price,,Al's Taping Tools,als_taping_tools,Columbia,columbia,"Columbia Matrix Long Extendable Drywall Flat Box Handle 56"" to 76""",MHL,373.12,121.88,product_specific,"Columbia Matrix Long Extendable Drywall Flat Box Handle 56"" to 76"" Columbia Matrix Long Extendable Flat Box Handle 56"" to 76"" The Columbia Matrix Long Flat Box Handle is lightweight and all mechanical. With a 90 degree grip, the Matrix gives you inc"
auto_accept,exact_identity_key,verified_exact_identity,100,83,88,68,yes,,columbia::mhl,78,variation,COL-MATRIX-FLAT-BOX-HANDLE,MHL,MHL,"Columbia Matrix Flat Box Handle - 56""-76""","Columbia Matrix Flat Box Handle - 56""-76""",Columbia Tools,columbia,495.00,regular_price,,All-Wall,all_wall,Columbia,columbia,Columbia MATRIX XL Extendable Flat Box Handle,MHL,373.99,121.01,product_specific,"The Columbia Matrix XL Flat Box Handle - 56” to 76” Reach higher! Machined in-house at Columbia Taping Tools, state of the art facility in Canada. The Columbia Matrix Flat Box Handle is made of an all billet aluminum, Lightweight and Durable, this flat box handle is build to withstand the toughest of jobs. Quality meets functionality, the 90 degree grip, gives you increased control over your flat box, while the Ergonomic Handle fits comfortably in your hand, “like a glove”. Upgrade your taping set, with the Matrix Flat Box Handle from Columbia Taping Tools. Features: Fully Mechanical Brake Ergonomic Handle, Easy Brake Pressure 90 Degree Grip For Better Control Universally Fits All Flat Box Brands Perfect For High Ceilings Extends 56” to 76” U.S. Billet Aluminum Made In Canada"
auto_accept,exact_identity_key,verified_exact_identity,100,85,89,80,yes,,columbia::mhl,78,variation,COL-MATRIX-FLAT-BOX-HANDLE,MHL,MHL,"Columbia Matrix Flat Box Handle - 56""-76""","Columbia Matrix Flat Box Handle - 56""-76""",Columbia Tools,columbia,495.00,regular_price,,Wall Tools,wall_tools,Columbia Taping Tools,columbia,Columbia Matrix Long Flat Box Handle,MHL,373.12,121.88,product_specific,"The Columbia Matrix Long Flat Box Handle gives you increased control of your box. Designed with a 90-degree grip, this handle is lightweight and all mechanical. Made from solid US billet aluminum and steel components, this handle is durable and extremely long-lasting."
review,high_confidence_fuzzy_title,review_fuzzy,100,95,100,88,yes,,,78,variation,COL-MATRIX-FLAT-BOX-HANDLE,MHL,MHL,"Columbia Matrix Flat Box Handle - 56""-76""","Columbia Matrix Flat Box Handle - 56""-76""",Columbia Tools,columbia,495.00,regular_price,,Wall Tools,wall_tools,Columbia Taping Tools,columbia,Columbia Matrix Flat Box Handle,MH,351.49,143.51,product_specific,"The Columbia Matrix Flat Box Handle gives you increased control of your box. Designed with a 90-degree grip, this handle is lightweight and all mechanical, with an extension of 40 to 60 inches. Made from solid US billet aluminum."
auto_accept,exact_identity_key,verified_exact_identity,100,95,100,85,yes,,columbia::2ns,79,variation,COL-NAIL-SPOTTER,2NS,2NS,"Columbia Nail Spotter - 2""","Columbia Nail Spotter - 2""",Columbia Tools,columbia,324.00,regular_price,,Al's Taping Tools,als_taping_tools,Columbia,columbia,"Columbia Taping Tools 2"" Nail Spotter",2NS,297.41,26.59,product_specific,"Columbia Taping Tools 2"" Nail Spotter is an excellent choice for finishing nail and screw holes. It simultaneously fills and feathers the holes. Shop Al's today!"
auto_accept,exact_identity_key,verified_exact_identity,100,85,100,57,yes,,columbia::2ns,79,variation,COL-NAIL-SPOTTER,2NS,2NS,"Columbia Nail Spotter - 2""","Columbia Nail Spotter - 2""",Columbia Tools,columbia,324.00,regular_price,,All-Wall,all_wall,Columbia,columbia,"Columbia Taping Tools 2"" Hinged Nail Spotter Head Only",2NS,297.99,26.01,product_specific,"Columbia Taping Tools 2"" Nail Spotter Head Has been updated and redesigned for greater usability and durability! Hinged door design is easy to push with or without springs. Integrated thumb latch for door release makes clean-up a breeze. All-new gasket resists solvent based lubricants, and integrated tension screw makes adjustments a snap. Skid Plates & Wheels The Columbia Nail Spotter design uses a traditional skid plate, but optional wheels are integrated and available. Skid plates offer a greater amount of protection against screw and nail clickers. Wheels track smoother along the wall, and generally add a higher level of control. Regardless of your skid plate preference, the Columbia Spotters have your nail spots covered! Stop Floppin' One of the weak points on traditional nail spotters was the handle pivot joint. Older designs required turning a nut with a wrench to get the correct tension on the nail box. Most of the time the tension would quickly change, and the nail box would flop around - It's frustrating and inefficient. Columbia has eliminated the frustration with a simple Thumb Screw Adjustment on the pivot point. No tools are required, and a bushing inside the pivot helps to keep the correct tension on the nail box. Columbia 2"" Nail Spotter Head Features: Tough Aluminum Construction is Light and Durable Tougher Door Gasket the won't swell! Use any Lubricant! Hinged Door Runs smoothly with or without Door Spring Easy Adjustable Handle Tension Screw Eliminates Box Flop Run with Skid Plate to Protect Against Clickers or Wheels for More Control Head only. Accessory handles available."
review,high_confidence_fuzzy_title,review_fuzzy,100,95,100,92,yes,,,79,variation,COL-NAIL-SPOTTER,2NS,2NS,"Columbia Nail Spotter - 2""","Columbia Nail Spotter - 2""",Columbia Tools,columbia,324.00,regular_price,,Wall Tools,wall_tools,Columbia Taping Tools,columbia,Columbia Nail Spotter,NS,297.42,26.58,product_specific,"The Columbia Nail Spotter effectively eliminates the need for drywall stilts, making it safer and easier to coat nail spots in half the time it takes with hand tools. This nail spotter comes in different sizes and is made from solid aluminum."
auto_accept,exact_identity_key,verified_exact_identity,100,85,100,68,yes,,columbia::3ns,80,variation,COL-NAIL-SPOTTER,3NS,3NS,"Columbia Nail Spotter - 3""","Columbia Nail Spotter - 3""",Columbia Tools,columbia,324.00,regular_price,,Al's Taping Tools,als_taping_tools,Columbia,columbia,"Columbia Taping Tools 3"" Hinged Nail Spotter",3NS,308.23,15.77,product_specific,"Columbia Taping Tools 3"" Nail Spotter is an excellent choice for finishing nail and screw holes. It simultaneously fills and feathers the holes. Buy from Al's!"
auto_accept,exact_identity_key,verified_exact_identity,100,85,100,57,yes,,columbia::3ns,80,variation,COL-NAIL-SPOTTER,3NS,3NS,"Columbia Nail Spotter - 3""","Columbia Nail Spotter - 3""",Columbia Tools,columbia,324.00,regular_price,,All-Wall,all_wall,Columbia,columbia,"Columbia Taping Tools 3"" Hinged Nail Spotter Head Only",3NS,308.99,15.01,product_specific,"Columbia Taping Tools Nail Spotters have been updated and redesigned for greater usability and durability! Hinged door design is easy to push with or without springs. Integrated thumb latch for door release makes clean-up a breeze. All-new gasket resists solvent based lubricants, and integrated tension screw makes adjustments a snap. Lighter Weight Design Tougher Door Gasket Extra Thick Aluminum Side Plates Hinged Door Runs with or without Spring Easy Adjustable Handle Tension Screw *NEW SKID PLATE MODEL"
review,high_confidence_fuzzy_title,review_fuzzy,100,95,100,92,yes,,,80,variation,COL-NAIL-SPOTTER,3NS,3NS,"Columbia Nail Spotter - 3""","Columbia Nail Spotter - 3""",Columbia Tools,columbia,324.00,regular_price,,Wall Tools,wall_tools,Columbia Taping Tools,columbia,Columbia Nail Spotter,NS,297.42,26.58,product_specific,"The Columbia Nail Spotter effectively eliminates the need for drywall stilts, making it safer and easier to coat nail spots in half the time it takes with hand tools. This nail spotter comes in different sizes and is made from solid aluminum."
auto_accept,exact_identity_key,verified_exact_identity,100,95,100,72,yes,,columbia::c1hext,83,variation,COL-ONE-HANDLE,C1HEXT,C1HEXT,Columbia One Handle - Extendable 3'-5',Columbia One Handle - Extendable 3'-5',Columbia Tools,columbia,135.45,regular_price,,Al's Taping Tools,als_taping_tools,Columbia,columbia,Columbia ONE Extendable Handle 3'-5',C1HEXT,135.19,0.26,product_specific,The Columbia One Extendable Handle is designed to work with your Columbia products universally. This one system allows you to lighten your load. Shop today!
auto_accept,exact_identity_key,verified_exact_identity,100,95,100,65,yes,,columbia::c1hext,83,variation,COL-ONE-HANDLE,C1HEXT,C1HEXT,Columbia One Handle - Extendable 3'-5',Columbia One Handle - Extendable 3'-5',Columbia Tools,columbia,135.45,regular_price,,All-Wall,all_wall,Columbia Taping Tools,columbia,Columbia ONE Extendable Handle,C1HEXT,135.99,-0.54,product_specific,"Columbia ONE Extendable Handle Is an interchangeable extendable handle system that allows one support handle to be used with Corner Rollers, Angle Boxes, Angle Heads, and Nail Spotters! The base handle C1HEXT fits the corner roller without adapters, as well as the new design corner applicator and nail spotter without adapters. The new, optimal 1.25"" diameter makes Columbia One handles the most ergonomic in the industry. The C1HEXT features a D-shaped fitting that securely positions the handle in the Corner Applicator and positively prevents the tool from rotating during use. Columbia C1HEXT Interchangeable Handle Features: Extendable from 3' to 5' Lightweight and maneuverable at only 2.15 lbs Use a single handle with attachments for a variety of tools. 1.25"" Diameter is comfortable and ergonomic D-Shaped fitting end that eliminates corner box movement"
auto_accept,exact_identity_key,verified_exact_identity,100,95,100,52,yes,,columbia::c1hext,83,variation,COL-ONE-HANDLE,C1HEXT,C1HEXT,Columbia One Handle - Extendable 3'-5',Columbia One Handle - Extendable 3'-5',Columbia Tools,columbia,135.45,regular_price,,Wall Tools,wall_tools,Columbia Taping Tools,columbia,Columbia 3-5 ft. Extendable Columbia One Handle,C1HEXT,135.18,0.27,product_specific,"The Columbia 3-5 ft. One Extension Handle is perfectly designed to work with Columbia products universally. From the Nail Spotters and Angle Heads to the Corner Rollers and Corner Boxes, this One System Handle allows you to lighten your load while utilizing all your favorite finishing tools."
auto_accept,exact_identity_key,verified_exact_identity,100,90,100,76,yes,,columbia::c1h,86,variation,COL-ONE-HANDLE,C1H,C1H,Columbia One Handle - Fixed,Columbia One Handle - Fixed,Columbia Tools,columbia,64.89,regular_price,,Al's Taping Tools,als_taping_tools,Columbia,columbia,Columbia ONE Handle,C1H,64.89,0.00,product_specific,The Columbia One Handle is designed to work with your Columbia products universally. From the Nailspotters and Angleheads. Shop Al's Taping Tools today!
auto_accept,exact_identity_key,verified_exact_identity,100,90,100,76,yes,,columbia::c1h,86,variation,COL-ONE-HANDLE,C1H,C1H,Columbia One Handle - Fixed,Columbia One Handle - Fixed,Columbia Tools,columbia,64.89,regular_price,,All-Wall,all_wall,Columbia,columbia,Columbia ONE Handle,C1H,64.99,-0.10,product_specific,"Columbia ONE Handle Is an interchangeable handle system that allows one support handle to be used with Corner Rollers, Angle Boxes, Angle Heads, and Nail Spotters! The base handle C1H fits the corner roller without adapters, as well as the new design corner applicator and nail spotter without adapters. The new, optimal 1.25"" diameter makes Columbia handles the most ergonomic in the industry. The C1H features a D-shaped fitting that securely positions the handle in the Corner Applicator and positively prevents the tool from rotating during use. Columbia ONE Handle Features: Use a single handle with attachments for a variety of tools. 1.25"" Diameter is comfortable and ergonomic D-Shaped fitting end that eliminates corner box movement Extremely light fiberglass (1.2 lbs) and 43"" overall length"
auto_accept,exact_identity_key,verified_exact_identity,100,76,80,64,yes,,columbia::c1h,86,variation,COL-ONE-HANDLE,C1H,C1H,Columbia One Handle - Fixed,Columbia One Handle - Fixed,Columbia Tools,columbia,64.89,regular_price,,Wall Tools,wall_tools,Columbia Taping Tools,columbia,Columbia 4 ft. Columbia One Handle,C1H,64.88,0.01,product_specific,"The Columbia One Handle is designed for a seamless transition from nail spotters and angle heads to corner rollers and corner boxes, lightening your load while allowing you to use your favorite finishing tools. This handle does not work with flat boxes and requires the AHA Adaptor for Angle Heads."
auto_accept,exact_identity_key,verified_exact_identity,100,81,85,55,yes,,columbia::chxl,84,variation,COL-ONE-HANDLE,CHXL,CHXL,Columbia One Handle - Long Extendable 4'-8',Columbia One Handle - Long Extendable 4'-8',Columbia Tools,columbia,174.49,regular_price,,All-Wall,all_wall,Columbia Taping Tools,columbia,Columbia Extendable Roller Handle 4'-8',CHXL,173.99,0.50,product_specific,"NEW Reach-Line Design! The all new Columbia Taping Tools Reach-Line Handles feature an ergonomic, thumb release trigger for smooth and easy changes. Works with Columbia Corner Roller & Nail Spotters. Great for rolling & spotting those hard to reach corners, and tight areas! New Aluminum Pole Design Adjusts from 4' to 8'"
auto_accept,exact_identity_key,verified_exact_identity,100,88,93,51,yes,,columbia::chxl,84,variation,COL-ONE-HANDLE,CHXL,CHXL,Columbia One Handle - Long Extendable 4'-8',Columbia One Handle - Long Extendable 4'-8',Columbia Tools,columbia,174.49,regular_price,,Wall Tools,wall_tools,Columbia Taping Tools,columbia,Columbia 4-8 ft. Extendable Handle,CHXL,173.03,1.46,product_specific,"Columbia 4-8 ft. Extendable Handle allows greater versatility for reaching those high ceiling spaces or tight corner areas. Made from solid US billet aluminum and steel components, this handle is lightweight and withstands long-term professional use."
auto_accept,exact_identity_key,verified_exact_identity,100,95,100,87,yes,,columbia::c1hs,85,variation,COL-ONE-HANDLE,C1HS,C1HS,Columbia One Handle - Stubby,Columbia One Handle - Stubby,Columbia Tools,columbia,49.44,regular_price,,All-Wall,all_wall,Columbia,columbia,Columbia One Handle Stubby C1HS,C1HS,49.44,0.00,product_specific,"Columbia One Handle Stubby C1HS The Columbia One Stubby is perfect for those smaller areas like crawl spaces and closets. The Columbia One Handle is designed to work with your Columbia products universally. From the Nail Spotters and Angle Heads, to the Rollers and the Throttle Boxes, the One system allows you to lighten your load and still utilize all the finishing tools you love."
review,medium_confidence_fuzzy_title,review_fuzzy,100,95,100,87,yes,,,25,simple,,PTAPER,PTAPER,Columbia One Predator Taper,Columbia One Predator Taper,Columbia Tools,columbia,2145.46,regular_price,,Al's Taping Tools,als_taping_tools,,columbia,Columbia One Predator Taper Body,C1PBODY,389.55,1755.91,product_specific,Columbia One Predator Taper Body (Standard Length)
review,exact_identifier_contradiction,review_contradiction,94,85,87,50,no,product_family_mismatch:['taper']!=['automatic taper'],columbia::ptaper,25,simple,,PTAPER,PTAPER,Columbia One Predator Taper,Columbia One Predator Taper,Columbia Tools,columbia,2145.46,regular_price,,All-Wall,all_wall,Columbia,columbia,Columbia PREDATOR Carbon Fiber Automatic Taper,PTAPER,1838.55,306.91,product_specific,"Columbia PREDATOR Carbon Fiber Automatic Taper Columbia Taping Tools introduces the world's first Carbon Fiber Taper, The Predator. Unlike other taper bodies made mostly from aluminum, the Predator's Carbon Fiber construction, makes this precision-engineered tool 20% lighter and more durable then any standard taper on the market. Another unique benefit of this Dent-Proof construction, is that Carbon Fiber maintains temperature stability, meaning this taper will remain warm to the touch. The 6 wheel cutting sleeve has been updated in favor of teflon sliders which gives the operator a smoother glide and better grip. Now, changing the sliders out is simple field maintenance and can be installed with a standard screwdriver in minutes as opposed to half an hour or more. The pull ring is ideal for higher ceilings. The Predator will tape flats and angles effortlessly with less drag in the corners. The quick release cap makes cleaning a breeze and the stainless steel side plates, cable drum, and creaser arms offer a lifetime of corrosion resistance. With style, functionality, and durability the Predator from Columbia takes the -Evolution of Taping - to a whole new level. Features: Handmade from Carbon Fiber and Steel Components. Titanium Pull Rod. Adjustable Brake. Quick Release for easy tape changing. Zero Drag System for corners. Knurled Sleeve with Pull Ring. Stainless Steel Side Plates, Creaser Arms and Cable Drum. Quick Release Cap. NEW Patent Pending Pump Action Sleeve offers smoother cut. Machined in Columbia's State Of The Art Factory In Canada."
auto_accept,exact_identity_key,verified_exact_identity,100,95,100,70,yes,,columbia::cbncr,88,variation,COL-OUTSIDE-CORNER-ROLLER,CBNCR,CBNCR,Columbia Outside Corner Roller - Bullnose,Columbia Outside Corner Roller - Bullnose,Columbia Tools,columbia,86.52,regular_price,,Al's Taping Tools,als_taping_tools,Columbia,columbia,Columbia Outside Bullnose Corner Roller,CBNCR,86.52,0.00,product_specific,Columbia Outside Bullnose Corner Roller Columbia Outside Bullnose Drywall Bead Corner Roller is used to imbed outside bullnose corner bead. Shop Al's today!
auto_accept,exact_identity_key,verified_exact_identity,100,95,100,70,yes,,columbia::cbncr,88,variation,COL-OUTSIDE-CORNER-ROLLER,CBNCR,CBNCR,Columbia Outside Corner Roller - Bullnose,Columbia Outside Corner Roller - Bullnose,Columbia Tools,columbia,86.52,regular_price,,All-Wall,all_wall,Columbia,columbia,Columbia Outside Bullnose Corner Roller,CBNCR,87.00,-0.48,product_specific,"Columbia Outside Bullnose Drywall Bead Corner Roller is designed to accurately align Outside Bullnose corner bead. The roller makes it easier to squeeze out excess compound more efficiently. Manufactured with solid billet aluminum and stainless steel components for long-lasting use. Note: Requires adapter to fit standard 3/4"" Male Coarse Thread pole."
auto_accept,exact_identity_key,verified_exact_identity,100,85,90,58,yes,,columbia::cbncr,88,variation,COL-OUTSIDE-CORNER-ROLLER,CBNCR,CBNCR,Columbia Outside Corner Roller - Bullnose,Columbia Outside Corner Roller - Bullnose,Columbia Tools,columbia,86.52,regular_price,,Wall Tools,wall_tools,Columbia Taping Tools,columbia,Columbia Outside Bullnose Bead Roller,CBNCR,90.06,-3.54,product_specific,"The Columbia Outside Bullnose Bead Roller squares up tape on cornerbead and applies even pressure as you roll the bead in place. This bead roller is designed for smooth, effortless application. Made from solid US billet aluminum and steel components, the bullnose has a 1.75-inch thickness."
auto_accept,exact_identity_key,verified_exact_identity,100,95,100,61,yes,,columbia::cobcr,87,variation,COL-OUTSIDE-CORNER-ROLLER,COBCR,COBCR,Columbia Outside Corner Roller - Standard,Columbia Outside Corner Roller - Standard,Columbia Tools,columbia,86.52,regular_price,,Al's Taping Tools,als_taping_tools,Columbia,columbia,Columbia Taping Tools Standard Outside 90 Corner Bead Roller,COBCR,86.52,0.00,product_specific,Columbia Taping Tools Standard Outside 90 Corner Bead Roller is the newest model of the outside corner roller from Columbia Taping Tools. Shop online today!
auto_accept,exact_identity_key,verified_exact_identity,100,79,84,71,yes,,columbia::cobcr,87,variation,COL-OUTSIDE-CORNER-ROLLER,COBCR,COBCR,Columbia Outside Corner Roller - Standard,Columbia Outside Corner Roller - Standard,Columbia Tools,columbia,86.52,regular_price,,All-Wall,all_wall,Columbia,columbia,Columbia 90° Outside Bead Corner Roller,COBCR,87.00,-0.48,product_specific,"Columbia 90° Outside Bead Corner Roller is designed to accurately align 90 degree outside corner bead. The roller makes it easier to squeeze out excess compound more efficiently. Manufactured with solid billet aluminum and stainless steel components for long-lasting use. Note: Requires adapter to fit standard 3/4"" Male Coarse Thread pole."
auto_accept,exact_identity_key,verified_exact_identity,100,61,65,57,yes,,columbia::cobcr,87,variation,COL-OUTSIDE-CORNER-ROLLER,COBCR,COBCR,Columbia Outside Corner Roller - Standard,Columbia Outside Corner Roller - Standard,Columbia Tools,columbia,86.52,regular_price,,Wall Tools,wall_tools,Columbia Taping Tools,columbia,Columbia Outside 90 Degree Bead Roller,COBCR,86.52,0.00,product_specific,"The Columbia Outside 90 Degree Corner Roller squares up tape on cornerbead and applies even pressure as you roll the bead in place. This roller is designed for smooth, effortless application. Made from solid US billet aluminum and steel components with a 1.75-inch thickness."
auto_accept,exact_identity_key,verified_exact_identity,100,85,89,64,yes,,columbia::cobcrw,90,variation,COL-OUTSIDE-CORNER-ROLLER,COBCRW,COBCRW,Columbia Outside Corner Roller - Wide,Columbia Outside Corner Roller - Wide,Columbia Tools,columbia,86.52,regular_price,,Al's Taping Tools,als_taping_tools,Columbia,columbia,Columbia Taping Tools Superwide Outside 90 Corner Bead Roller,COBCRW,86.52,0.00,product_specific,Columbia Taping Tools Superwide Outside 90 Corner Bead Roller is the newest model of the outside corner roller from Columbia Taping Tools. Shop online today!
auto_accept,exact_identity_key,verified_exact_identity,100,83,88,64,yes,,columbia::cobcrw,90,variation,COL-OUTSIDE-CORNER-ROLLER,COBCRW,COBCRW,Columbia Outside Corner Roller - Wide,Columbia Outside Corner Roller - Wide,Columbia Tools,columbia,86.52,regular_price,,All-Wall,all_wall,Columbia,columbia,Columbia Tools Wide Outside Bead Roller,COBCRW,87.00,-0.48,product_specific,Columbia Tools Wide Outside Bead Roller
auto_accept,exact_identity_key,verified_exact_identity,100,100,100,100,yes,,columbia::phmp,303,simple,,PHMP,PHMP,Columbia Predator Mud Pump,Columbia Predator Mud Pump,Columbia Tools,columbia,496.42,regular_price,,Al's Taping Tools,als_taping_tools,,columbia,Columbia Predator Mud Pump,PHMP,496.42,0.00,product_specific,Columbia Predator Mud Pump
auto_accept,exact_identity_key,verified_exact_identity,100,78,82,67,yes,,columbia::pc1h,98,variation,COL-PREDATOR-ONE-HANDLE,PC1H,PC1H,Columbia Predator One Handle - 4' Fixed,Columbia Predator One Handle - 4' Fixed,Columbia Tools,columbia,95.79,regular_price,,Al's Taping Tools,als_taping_tools,,columbia,Columbia Predator One Carbon Fiber Handle,PC1H,95.79,0.00,product_specific,Columbia Predator One Carbon Fiber Handle
auto_accept,exact_identity_key,verified_exact_identity,100,95,100,66,yes,,columbia::pc1hext,97,variation,COL-PREDATOR-ONE-HANDLE,PC1HEXT,PC1HEXT,Columbia Predator One Handle - Extendable 3'-5',Columbia Predator One Handle - Extendable 3'-5',Columbia Tools,columbia,169.70,regular_price,,Al's Taping Tools,als_taping_tools,,columbia,Columbia Predator One Extendable Carbon Fiber Handle (3-5'),PC1HEXT,160.27,9.43,product_specific,Columbia Predator One Extendable Carbon Fiber Handle (3-5')
auto_accept,exact_identity_key,verified_exact_identity,100,100,100,100,yes,,columbia::rc,109,simple,,RC,RC,Columbia Road Case,Columbia Road Case,Columbia Tools,columbia,1020.16,regular_price,,Al's Taping Tools,als_taping_tools,Columbia,columbia,Columbia Road Case,RC,1020.16,0.00,product_specific,"Columbia Road Case The highly requested Columbia Road Case has an extremely durable design to protect your tools on the job. Built to take the abuses of travel, and wear and tear from job sites, the Road Case comes equipped with rubber feet, rolling wheel"
auto_accept,exact_identity_key,verified_exact_identity,100,100,100,100,yes,,columbia::rc,109,simple,,RC,RC,Columbia Road Case,Columbia Road Case,Columbia Tools,columbia,1020.16,regular_price,,All-Wall,all_wall,Columbia,columbia,Columbia Road Case,RC,1020.99,-0.83,product_specific,"Columbia Road Case Inspired from musicians and roadies of old, the durable Columbia Road Case protects your tools on any job. The locking latches keep the case secure and rubber feet on the case bottom protect the floor surface. Built for travel and wear, the Road Case comes equipped with wheels and an ergonomic handle that allows the user to easily transport a Full Columbia Taping Set. Stay organized and protect your investment with the durable Road Case by Columbia. Features Fits Columbia Full Set Thick Durable Wheels Heavy Duty Locking Latches Light And Durable Fits Standard Size Flat Boxes 17"" x 9"" x 57"""
auto_accept,exact_identity_key,verified_exact_identity,100,90,62,62,yes,,columbia::sat,304,simple,,SAT,SAT,Columbia Semi Automatic Taper,Columbia Semi Automatic Taper,Columbia Tools,columbia,244.50,regular_price,,All-Wall,all_wall,Columbia,columbia,Columbia Semi Auto Drywall Taping Tool,SAT,243.99,0.51,product_specific,"Quick and Easy Drywall Taping Solution from ColumbiaTools Built for the serious drywall worker or the first time taper, the Semi Auto Taper is an alternative to messy and breakable automatic tapers. If you need to get taping done quickly, easily and cheaply, the Semi Auto Taper is your answer. The Semi Auto Taper increases your efficiency by allowing multiple workers to tape simultaneously. Sets Up in Seconds! The Columbia Semi Auto simplifies the traditional taping process and requires no additional machinery or pumps. The Semi Auto Taper attaches to any 5-gallon bucket and once the tape is threaded through, as you pull the tape it will apply mud to one side. The only adjustment needed is your preferred amount of mud to be applied. Professional contractors will find The Semi Auto Taper the perfect taping tool when their automatic taper wont fit such as closets and bathrooms or up high on scaffolding. The Semi Auto Taper is constructed of lightweight aluminum and has no wearable parts for long-lasting use. In addition to being perfect for standard taping jobs, the Super Taper is a must for fire taping with heavy-duty portability. Features: Lightweight and easy to handle anywhere on the jobsite, perfect for small rooms Portable size fits on any 5-gallon bucket, requires no extra equipment Simple heavy duty aluminum construction without wearable parts to eliminate downtime Can be used by multiple people at once to speed up the job Takes no training, even beginners can tape right away!"
auto_accept,exact_identity_key,verified_exact_identity,100,100,100,100,yes,,columbia::sat,304,simple,,SAT,SAT,Columbia Semi Automatic Taper,Columbia Semi Automatic Taper,Columbia Tools,columbia,244.50,regular_price,,Wall Tools,wall_tools,Columbia Taping Tools,columbia,Columbia Semi Automatic Taper,SAT,243.32,1.18,product_specific,The Columbia Semi Automatic Taper (also known as the “Bucket Taper”) allows you to apply a specific amount of compound to a large volume of tape. This Semi-Automatic Taper allows you to pre-mud your tape before applying to wall joints.
review,medium_confidence_fuzzy_title,review_fuzzy,100,95,100,85,yes,,,304,simple,,SAT,SAT,Columbia Semi Automatic Taper,Columbia Semi Automatic Taper,Columbia Tools,columbia,244.50,regular_price,,Al's Taping Tools,als_taping_tools,Columbia,columbia,Columbia Automatic Taper,TAPER,1649.29,-1404.79,product_specific,The Columbia Automatic Drywall Taper is very durable and smooth running. All parts are hard anodized aluminum and stainless steel. Buy from Al's Taping Tools!
review,medium_confidence_fuzzy_title,review_fuzzy,100,95,100,85,yes,,,304,simple,,SAT,SAT,Columbia Semi Automatic Taper,Columbia Semi Automatic Taper,Columbia Tools,columbia,244.50,regular_price,,All-Wall,all_wall,Columbia Taping Tools,columbia,Columbia Automatic Taper,TAPER,1649.29,-1404.79,product_specific,"Columbia Automatic Taper A precision-engineered tool that is designed to be light, fast and smooth running. Built with durable anodized aluminum and stainless steel parts, sourced from the USA, that simply last longer. The Columbia Taper will hold up to many years of rugged use, and is backed by a 5 year warranty. The Columbia Taper offers innovation, quality and traditional style. The unique cable release system eliminates drag. Engaging the creaser lever does not put additional pressure on the tape-drive. The pull ring on the hand grip allows tape cutting while working with high joints. The taping wheel rolls freely at all times, and will not pull tape or require compensation on start/stops, like competitive brand tapers. New Features include, the Patent Pending Pump Action Sleeve that offers the smoothest cut on the market, and Quick Release Cap for easy clean up. Features: Knurled Surface On Control Sleeve Adjustable Clicker Brake Rubber Grips On Anodized Billet Trigger Pull Ring On Hand Grip Clutch Release Shaft And Pulley Reduce Drag NEW Patent Pending Pump Action Sleeve Offers Smoother Cut Quick Release Cap For Easy Clean Up."
review,medium_confidence_fuzzy_title,review_fuzzy,100,95,100,85,yes,,,304,simple,,SAT,SAT,Columbia Semi Automatic Taper,Columbia Semi Automatic Taper,Columbia Tools,columbia,244.50,regular_price,,Wall Tools,wall_tools,Columbia Taping Tools,columbia,Columbia Automatic Taper,TAPER,1649.29,-1404.79,product_specific,"The Columbia Automatic Taper offers seamless mudding and taping capabilities. Made from solid billet aluminum with stainless-steel plates, creaser arms, and cable drum. Provides exceptional quality and performance, featuring the smoothest cutting sleeve on the market."
review,exact_identifier_contradiction,review_contradiction,94,85,85,85,no,product_family_mismatch:['automatic taper']!=['taper'],columbia::sat,304,simple,,SAT,SAT,Columbia Semi Automatic Taper,Columbia Semi Automatic Taper,Columbia Tools,columbia,244.50,regular_price,,Al's Taping Tools,als_taping_tools,Columbia,columbia,Columbia Semi Auto Taper Drywall Taping Tool,SAT,243.34,1.16,product_specific,"Browse top drywall taping tools from Columbia. The Columbia Semi Auto Taper Drywall Taping Tool or ""Bucket Taper"" is a great option. Shop online today!"
auto_accept,exact_identity_key,verified_exact_identity,100,100,100,100,yes,,columbia::tcs,108,simple,,TCS,TCS,Columbia Semi-Automatic Tool Case,Columbia Semi-Automatic Tool Case,Columbia Tools,columbia,203.50,regular_price,,All-Wall,all_wall,Columbia,columbia,Columbia Semi-Automatic Tool Case,TCS,210.99,-7.49,product_specific,"Columbia Semi-Automatic Tool Case Lightweight yet extremely durable, Columbia’s Semi-Automatic Case is designed to hold a complete set of semi-automatic tools. The egg-shell foam interior keeps tools securely in place when the case is latched shut. It also serves as convenient storage for Columbia Tomahawk Smoothing Blades (up to 40″). Not intended for use with automatic tools. Features: Fits a Full Set of Semi Automatic Tools Eggshell Foam for Support 4 Lock Latches Piano-Style and Brass Hinges for Storage Safety When Locked Measurements: 53.4″ x 16.5″ x 4.5″ Interior Dimensions- 52"" x 13"" (center) 12"" (ends) Exterior Dimensions- 53"" x 16"" (center) 13"" (ends) Not Designed to Hold Automatic Tapers Made in North America"
auto_accept,exact_identity_key,verified_exact_identity,100,85,100,62,yes,,columbia::25sf,100,variation,COL-STANDARD-FLUSHER,2.5SF,2.5SF,"Columbia Standard Flusher - 2.5""","Columbia Standard Flusher - 2.5""",Columbia Tools,columbia,116.80,regular_price,,Al's Taping Tools,als_taping_tools,Columbia,columbia,"Columbia Taping Tools 2.5"" Standard Drywall Corner Flusher with Wheels",2.5SF,116.80,0.00,product_specific,"Columbia 2.5"" Standard Corner Flushers have redefined angle finishing. Columbia makes some of the best taping products on the market. Buy from Al's today!"
auto_accept,exact_identity_key,verified_exact_identity,100,95,100,68,yes,,columbia::25sf,100,variation,COL-STANDARD-FLUSHER,2.5SF,2.5SF,"Columbia Standard Flusher - 2.5""","Columbia Standard Flusher - 2.5""",Columbia Tools,columbia,116.80,regular_price,,All-Wall,all_wall,Columbia,columbia,"Columbia 2.5"" Standard Corner Flusher",2.5SF,116.99,-0.19,product_specific,"Columbia 2.5 "" Standard Flusher with Wheels- An All-Wall Exclusive! Columbia Taping Tools Standard Flusher 2.5""with wheels is ideal for base coat. The addition of wheels makes this absolutely the smoothest running flusher you have ever used! Solid billet machined core provides utmost precision, and body made of surgical stainless steel stays true even with extensive use. Genuine Stainless Steel runners will not rust or corrode like some competitors, allowing for an extremely clean finish. Columbia Tools 2.5 "" Standard corner flusher features superior locking clip to keep flusher attached and will work with any brand flusher handle. Columbia Taping Tools feature a 5-year warranty against manufacturer defect. Included wheel option lowers friction up to 80% for easier pushing Wheels help eliminate skipping with using on extension handles Surgical Stainless Steel body flexes less and stays reliably true Solid billet core construction for longer life and better finish Will work an any angle head or flusher handle Superior retainer clip to keep flusher on handles"
auto_accept,exact_identity_key,verified_exact_identity,100,85,100,68,yes,,columbia::3sf,102,variation,COL-STANDARD-FLUSHER,3SF,3SF,"Columbia Standard Flusher - 3""","Columbia Standard Flusher - 3""",Columbia Tools,columbia,122.21,regular_price,,Al's Taping Tools,als_taping_tools,Columbia,columbia,"Columbia Taping Tools 3"" Standard Drywall Corner Flusher with Wheels",3SF,122.21,0.00,product_specific,"Columbia Taping Tools 3"" Standard Drywall Corner Flusher with Wheels are built from the best materials. Shop top Columbia taping products from Al's Taping Tools!"
auto_accept,exact_identity_key,verified_exact_identity,100,95,100,74,yes,,columbia::3sf,102,variation,COL-STANDARD-FLUSHER,3SF,3SF,"Columbia Standard Flusher - 3""","Columbia Standard Flusher - 3""",Columbia Tools,columbia,122.21,regular_price,,All-Wall,all_wall,Columbia,columbia,"Columbia 3"" Standard Corner Flusher",3SF,122.99,-0.78,product_specific,"Columbia 3 "" Standard Flusher with Wheels- An All-Wall Exclusive! Columbia Taping Tools Standard Flusher 3"" with wheels is ideal for base coat. The addition of wheels makes this absolutely the smoothest running flusher you have ever used! Solid billet machined core provides utmost precision, and body made of surgical stainless steel stays true even with extensive use. Columbia Tools 3 "" Standard corner flusher features superior locking clip to keep flusher attached and will work with any brand flusher handle. Genuine Stainless Steel runners will not rust or corrode like some competitors, allowing for an extremely clean finish.Columbia Taping Tools feature a 5-year warranty against manufacturer defect. Wheels help eliminate skipping with using on extension handles Included wheel option lowers friction up to 80% for easier pushing Solid billet core construction for longer life and better finish Surgical Stainless Steel body flexes less and stays reliably true Will work an any angle head or flusher handle Superior retainer clip to keep flusher on handles"
auto_accept,exact_identity_key,verified_exact_identity,100,95,100,50,yes,,columbia::3wtsf,103,variation,COL-STANDARD-FLUSHER,3WTSF,3WTSF,"Columbia Standard Flusher - 3"" Widetrack","Columbia Standard Flusher - 3"" Widetrack",Columbia Tools,columbia,127.62,regular_price,,All-Wall,all_wall,Columbia,columbia,"Columbia 3"" Widetrack Standard Corner Flusher",3WTSF,127.99,-0.37,product_specific,"Columbia 3 "" Widetract Standard Flusher with Wheels- An All-Wall Exclusive! Columbia Taping Tools Standard Flusher 3"" Widetrack with wheels is a great choice for base coat. The addition of wheels makes this absolutely the smoothest running flusher you have ever used! Solid billet machined core provides utmost precision, and body made of surgical stainless steel stays true even with extensive use. Columbia Tools 3 "" Widetrack Standard corner flusher features slight extra width and superior locking clip to keep flusher attached. Will fit any brand flusher handle. Genuine Stainless Steel runners will not rust or corrode like some competitors, allowing for an extremely clean finish. Columbia Taping Tools feature a 5-year warranty against manufacturer defect. Wheels help eliminate skipping with using on extension handles Included wheel option lowers friction up to 80% for easier pushing Surgical Stainless Steel body flexes less and stays reliably true Solid billet core construction for longer life and better finish Superior retainer clip to keep flusher on handles Will work an any angle head or flusher handle"
auto_accept,exact_identity_key,verified_exact_identity,100,85,100,62,yes,,columbia::35sf,104,variation,COL-STANDARD-FLUSHER,3.5SF,3.5SF,"Columbia Standard Flusher - 3.5""","Columbia Standard Flusher - 3.5""",Columbia Tools,columbia,133.02,regular_price,,Al's Taping Tools,als_taping_tools,Columbia,columbia,"Columbia Taping Tools 3.5"" Standard Drywall Corner Flusher with Wheels",3.5SF,133.02,0.00,product_specific,"Columbia Taping Tools 3.5"" Standard Drywall Corner Flusher with Wheels is built from the best materials. Buy Columbia tools from Al's Taping Tools!"
auto_accept,exact_identity_key,verified_exact_identity,100,95,100,68,yes,,columbia::35sf,104,variation,COL-STANDARD-FLUSHER,3.5SF,3.5SF,"Columbia Standard Flusher - 3.5""","Columbia Standard Flusher - 3.5""",Columbia Tools,columbia,133.02,regular_price,,All-Wall,all_wall,Columbia,columbia,"Columbia 3.5"" Standard Corner Flusher",3.5SF,133.99,-0.97,product_specific,"Columbia 3.5 "" Standard Flusher with Wheel Option- An All-Wall Exclusive! Columbia Taping Tools 3.5"" Standard Flusher with wheels is a great choice for tape coat. The addition of wheels makes this absolutely the smoothest running flusher you have ever used! Solid billet machined core provides utmost precision, and body made of surgical stainless steel stays true even with extensive use. Columbia Tools 3.5 "" Standard corner flusher features superior locking clip to keep flusher attached. Genuine Stainless Steel runners will not rust or corrode like some competitors, allowing for an extremely clean finish. Will fit any brand flusher handle. Columbia Taping Tools feature a 5-year warranty against manufacturer defect. Wheels help eliminate skipping with using on extension handles Included wheel option lowers friction up to 80% for easier pushing Surgical Stainless Steel body flexes less and stays reliably true Solid billet core construction for longer life and better finish Superior retainer clip to keep flusher on handles Will work an any angle head or flusher handle"
auto_accept,exact_identity_key,verified_exact_identity,100,85,100,68,yes,,columbia::4sf,105,variation,COL-STANDARD-FLUSHER,4SF,4SF,"Columbia Standard Flusher - 4""","Columbia Standard Flusher - 4""",Columbia Tools,columbia,140.60,regular_price,,Al's Taping Tools,als_taping_tools,Columbia,columbia,"Columbia Taping Tools 4"" Standard Drywall Corner Flusher with Wheels",4SF,140.60,0.00,product_specific,"Columbia 4"" Standard Corner Flushers have redefined angle finishing. They are built from the best materials, but above all, they are each hand-ground and checked on a granite plate for perfection."
auto_accept,exact_identity_key,verified_exact_identity,100,65,69,61,yes,,columbia::7cfb,106,variation,COL-THROTTLE-CORNER-FLUSHER-BOX,7CFB,7CFB,"Columbia Throttle Corner Flusher Box - 7""","Columbia Throttle Corner Flusher Box - 7""",Columbia Tools,columbia,313.64,regular_price,,Al's Taping Tools,als_taping_tools,Columbia,columbia,"Columbia 7"" ThrottleBox Angle Box",7CFB,313.64,0.00,product_specific,"Columbia Angle Box-Corner Flusher Applicator 7"" is used with any brand of angle head to finish inside 90 degree corners. Buy from Al's Taping Tools today!"
auto_accept,exact_identity_key,verified_exact_identity,100,63,66,63,yes,,columbia::7cfb,106,variation,COL-THROTTLE-CORNER-FLUSHER-BOX,7CFB,7CFB,"Columbia Throttle Corner Flusher Box - 7""","Columbia Throttle Corner Flusher Box - 7""",Columbia Tools,columbia,313.64,regular_price,,All-Wall,all_wall,Columbia,columbia,"Columbia 7"" ThrottleBox Angle Box 7CFB",7CFB,313.99,-0.35,product_specific,"Columbia 7"" ThrottleBox Angle Box 7CFB Used with Corner Finisher (also called angle heads) attached to apply finishing coat to 90° internal angles. The Stainless steel cone dispenses proper amount of drywall compound smoothly and evenly. The hinged door allows for easy access and quick clean up. The long fill spout makes filling easier. For best results use with Columbia ONE Fiberglass/ Extendable Handle.(sold separately) Features: Specially Angled To Access Tight Corners. Dispenses Compound Smoothly And Evenly Long Fill Spout For Easy Filling. Stainless Steel Cone For Long Life. Hinged Door Easy Access. No Swell Gaskets. 50% Easier To Push Adjustable Tensions And No Air Pockets Made In North America"
auto_accept,exact_identity_key,verified_exact_identity,100,65,69,61,yes,,columbia::8cfb,107,variation,COL-THROTTLE-CORNER-FLUSHER-BOX,8CFB,8CFB,"Columbia Throttle Corner Flusher Box - 8""","Columbia Throttle Corner Flusher Box - 8""",Columbia Tools,columbia,334.37,regular_price,,Al's Taping Tools,als_taping_tools,Columbia,columbia,"Columbia 8"" ThrottleBox Angle Box",8CFB,324.45,9.92,product_specific,"Columbia Angle Box-Corner Flusher Applicator 8"" is used with any brand of angle head to finish inside 90 degree corners. Made from Billet Aluminum & Steel with a threaded ball on the end of the cone. The non-swelling door rubber gasket run smooth."
auto_accept,exact_identity_key,verified_exact_identity,100,63,66,63,yes,,columbia::8cfb,107,variation,COL-THROTTLE-CORNER-FLUSHER-BOX,8CFB,8CFB,"Columbia Throttle Corner Flusher Box - 8""","Columbia Throttle Corner Flusher Box - 8""",Columbia Tools,columbia,334.37,regular_price,,All-Wall,all_wall,Columbia,columbia,"Columbia 8"" ThrottleBox Angle Box 8CFB",8CFB,324.99,9.38,product_specific,"Columbia 8"" ThrottleBox Angle Box 8CFB Used with Corner Finisher (also called angle heads) attached to apply finishing coat to 90° internal angles. The Stainless steel cone dispenses proper amount of drywall compound smoothly and evenly. The hinged door allows for easy access and quick clean up. The long fill spout makes filling easier. For best results use with Columbia ONE Fiberglass/ Extendable Handle.(sold separately) Features: Specially Angled To Access Tight Corners. Dispenses Compound Smoothly And Evenly Long Fill Spout For Easy Filling. Stainless Steel Cone For Long Life. Hinged Door Easy Access. No Swell Gaskets. 50% Easier To Push Adjustable Tensions And No Air Pockets Made In North America"
auto_accept,exact_identity_key,verified_exact_identity,100,66,70,33,yes,,columbia::ia90,112,variation,COL-UHMW-MUD-APPLICATOR,IA90,IA90,Columbia UHMW Mud Applicator - Inside 90°,Columbia UHMW Mud Applicator - Inside 90°,Columbia Tools,columbia,98.00,regular_price,,Al's Taping Tools,als_taping_tools,Columbia,columbia,Columbia 90 Inside Corner Mud Head,IA90,91.93,6.07,product_specific,Columbia Mud Heads deliver a consistent mud distribution on the wall and speeds up the pre-filling process. Buy this Columbia tool from Al's Taping Tools today.
auto_accept,exact_identity_key,verified_exact_identity,100,86,90,58,yes,,columbia::ia90,112,variation,COL-UHMW-MUD-APPLICATOR,IA90,IA90,Columbia UHMW Mud Applicator - Inside 90°,Columbia UHMW Mud Applicator - Inside 90°,Columbia Tools,columbia,98.00,regular_price,,All-Wall,all_wall,Columbia,columbia,Columbia Inside 90 Mud Applicator Head,IA90,91.99,6.01,product_specific,"Columbia Inside 90° Applicator Head Used for applying compound to drywall corners prior to installation of inside drywall corner bead or drywall joint tape. Applies compound evenly, and directly to the wallboard. Eliminates the need for a large space to run a hopper. Can be used with angle boxes, or with drywall compound applicator tubes. Made from polyethylene material that is lightweight and durable."
auto_accept,exact_identity_key,verified_exact_identity,100,85,83,38,yes,,columbia::ia90,112,variation,COL-UHMW-MUD-APPLICATOR,IA90,IA90,Columbia UHMW Mud Applicator - Inside 90°,Columbia UHMW Mud Applicator - Inside 90°,Columbia Tools,columbia,98.00,regular_price,,Wall Tools,wall_tools,Columbia Taping Tools,columbia,Columbia Inside 90 Mud Head,IA90,91.93,6.07,product_specific,"The Columbia Inside 90 Grooved Mud Head has proportionate grooves which give you a consistent mud distribution on the 90-degree inside angle. This features also speeds up the pre-filling process. Made from high-abrasion and wear-resistant UHMW, this mud head is fit for daily professional use."
auto_accept,exact_identity_key,verified_exact_identity,100,84,89,67,yes,,columbia::fmh,111,variation,COL-UHMW-MUD-APPLICATOR,FMH,FMH,Columbia UHMW Mud Applicator - L-Trim,Columbia UHMW Mud Applicator - L-Trim,Columbia Tools,columbia,98.00,regular_price,,Al's Taping Tools,als_taping_tools,Columbia,columbia,Columbia L-Trim Mud Applicator Head FMH,FMH,91.93,6.07,product_specific,Need a new mud applicator head? The Columbia L-Trim head is one of the best options on the market. Shop from Al's Taping Tools today!
auto_accept,exact_identity_key,verified_exact_identity,100,84,89,65,yes,,columbia::fmh,111,variation,COL-UHMW-MUD-APPLICATOR,FMH,FMH,Columbia UHMW Mud Applicator - L-Trim,Columbia UHMW Mud Applicator - L-Trim,Columbia Tools,columbia,98.00,regular_price,,All-Wall,all_wall,Columbia,columbia,Columbia L-Trim Mud Applicator Head,FMH,91.99,6.01,product_specific,"Columbia L-Trim Mud Applicator Head Used for applying compound to drywall corners prior to installation of corner ""L""-bead. Applies compound evenly, and directly to the wallboard. Eliminates the need for a large space to run a hopper. Can be used with angle boxes, or with drywall compound applicator tubes. Made from polyethylene material that is lightweight and durable."
auto_accept,exact_identity_key,verified_exact_identity,100,80,84,50,yes,,columbia::oa90,113,variation,COL-UHMW-MUD-APPLICATOR,OA90,OA90,Columbia UHMW Mud Applicator - Outside 90°,Columbia UHMW Mud Applicator - Outside 90°,Columbia Tools,columbia,98.00,regular_price,,Al's Taping Tools,als_taping_tools,Columbia,columbia,Columbia Tools Drywall Outside Corner Bead Mud Applicator,OA90,91.93,6.07,product_specific,Al's Taping Tools has the best Columbia products on the market. The Columbia Tools Drywall Outside Corner Bead Mud Applicator will give you a consistent mud distribution. Shop today!
auto_accept,exact_identity_key,verified_exact_identity,100,80,84,50,yes,,columbia::oa90,113,variation,COL-UHMW-MUD-APPLICATOR,OA90,OA90,Columbia UHMW Mud Applicator - Outside 90°,Columbia UHMW Mud Applicator - Outside 90°,Columbia Tools,columbia,98.00,regular_price,,All-Wall,all_wall,Columbia,columbia,Columbia Tools Drywall Outside Corner Bead Mud Applicator,OA90,91.99,6.01,product_specific,"Columbia Outside Drywall Corner Bead Mud Applicator Head Used for applying compound to corners prior to installation of tape-on corner bead. Columbia mud heads are machined out of high-tech delrin plastic for a smooth and easy glide. Lay a perfect bead of mud for both Outside 90 Degree, and Bullnose Corner Bead. Locking spring clip is included to keep the head from falling off of the applicator tube or box. Additional ball is included to operate with all Columbia Mud Tubes. Compatible with all major brand angle boxes, Mudrunner, TapeTech Mud Tubes, and Columbia Mud Tubes Applies compound evenly, and directly to the wallboard. Works for installing 90 degree and Bullnose bead Eliminates the need for a large space to run a hopper. Can be used with angle boxes, or with applicator tubes. Made from polyethylene material that is lightweight and durable. Locking clip keeps the head attached to angle boxes and tubes"
auto_accept,exact_identity_key,verified_exact_identity,100,85,84,40,yes,,columbia::oa90,113,variation,COL-UHMW-MUD-APPLICATOR,OA90,OA90,Columbia UHMW Mud Applicator - Outside 90°,Columbia UHMW Mud Applicator - Outside 90°,Columbia Tools,columbia,98.00,regular_price,,Wall Tools,wall_tools,Columbia Taping Tools,columbia,Columbia Outside 90 Mud Head,OA90,91.93,6.07,product_specific,"The Columbia Outside 90 Mud Head features proportionate grooves to give you a consistent mud distribution on the 90-degree outside angles which speeds up the pre-filling process. Made from durable, long-lasting UHMW, this mud head is design for professional daily use."
auto_accept,exact_identity_key,verified_exact_identity,100,85,61,38,yes,,columbia::cfb5b,305,simple,,CFB5B,CFB5B,Cone Ball,Cone Ball,Columbia Tools,columbia,16.00,regular_price,,All-Wall,all_wall,Columbia,columbia,Columbia Mud Tube Auto-Tool Ball End,CFB5B,19.46,-3.46,product_specific,Columbia Mud Tube and Angle Box Auto-Tool Ball End . Smaller diameter ball end allows Angle Heads and Non Columbia Mud Heads to fit on the Columbia Mud Tube. Standard equipment on the Angle Box.
auto_accept,exact_identity_key,verified_exact_identity,100,90,100,62,yes,,columbia::ct132,306,simple,,CT132,CT132,Connecting Link,Connecting Link,Columbia Tools,columbia,2.00,regular_price,,Wall Tools,wall_tools,Columbia Parts,columbia,Columbia Connecting Link (S-Hook)  (COLM-CT132),CT132,3.87,-1.87,product_specific,"Columbia Taping Tool Parts, Columbia Tool Parts, Taping Tool Parts, Taping Tool Repair"
review,high_confidence_fuzzy_title,review_fuzzy,100,95,100,93,yes,,,306,simple,,CT132,CT132,Connecting Link,Connecting Link,Columbia Tools,columbia,2.00,regular_price,,Al's Taping Tools,als_taping_tools,Columbia,columbia,3 - Connecting Link,FLP-07,38.70,-36.70,product_specific,3 - Connecting Link
auto_accept,exact_identity_key,verified_exact_identity,100,90,100,44,yes,,columbia::ct45,309,simple,,CT45,CT45,Connecting Rod,Connecting Rod,Columbia Tools,columbia,22.95,regular_price,,All-Wall,all_wall,Columbia,columbia,CT45 Columbia Taper Connecting Rod (Includes CT46 Stop) #5619,CT45,20.34,2.61,missing,
auto_accept,exact_identity_key,verified_exact_identity,100,90,100,35,yes,,columbia::ct45,309,simple,,CT45,CT45,Connecting Rod,Connecting Rod,Columbia Tools,columbia,22.95,regular_price,,Wall Tools,wall_tools,Columbia Parts,columbia,Columbia Connecting Rod (Now one piece Includes CT46 Rod Stop) 2005+ (COLM-CT45),CT45,17.46,5.49,product_specific,"Columbia Taping Tool Parts, Columbia Tool Parts, Taping Tool Parts, Taping Tool Repair"
review,exact_identifier_unknown_brand,review_unknown_brand,90,90,100,71,yes,competitor_brand_unknown,,309,simple,,CT45,CT45,Connecting Rod,Connecting Rod,Columbia Tools,columbia,22.95,regular_price,,Al's Taping Tools,als_taping_tools,NorthStar,,Taper Connecting Rod - CT45,CT-45,14.93,8.02,product_specific,CT45 - Taper Connecting Rod
auto_accept,exact_identity_key,verified_exact_identity,100,90,100,63,yes,,columbia::ct112,311,simple,,CT112,CT112,Connecting Stud,Connecting Stud,Columbia Tools,columbia,11.00,regular_price,,All-Wall,all_wall,Columbia,columbia,CT112 Columbia Taper Connecting Stud #5970,CT112,12.64,-1.64,missing,
auto_accept,exact_identity_key,verified_exact_identity,100,90,100,53,yes,,columbia::ct112,311,simple,,CT112,CT112,Connecting Stud,Connecting Stud,Columbia Tools,columbia,11.00,regular_price,,Wall Tools,wall_tools,Columbia Parts,columbia,Columbia Slotted Piston Connecting Stud (COLM-CT112),CT112,10.85,0.15,product_specific,"Columbia Taping Tool Parts, Columbia Tool Parts, Taping Tool Parts, Taping Tool Repair"
auto_accept,exact_identity_key,verified_exact_identity,100,90,100,72,yes,,columbia::ct104,312,simple,,CT104,CT104,Connection Strap,Connection Strap,Columbia Tools,columbia,18.95,regular_price,,Al's Taping Tools,als_taping_tools,Columbia,columbia,Taper Connection Strap - CT104,CT-104,22.00,-3.05,product_specific,CT104 - Taper Connection Strap
auto_accept,exact_identity_key,verified_exact_identity,100,90,100,56,yes,,columbia::ct104,312,simple,,CT104,CT104,Connection Strap,Connection Strap,Columbia Tools,columbia,18.95,regular_price,,Wall Tools,wall_tools,Columbia Parts,columbia,Columbia Crimper lever Connection Strap (COLM-CT104),CT104,11.64,7.31,product_specific,"Columbia Taping Tool Parts, Columbia Tool Parts, Taping Tool Parts, Taping Tool Repair"
auto_accept,exact_identity_key,verified_exact_identity,100,90,100,60,yes,,columbia::ct105,313,simple,,CT105,CT105,Crimper Lever,Crimper Lever,Columbia Tools,columbia,34.50,regular_price,,All-Wall,all_wall,Columbia,columbia,CT105 Columbia Taper Crimper Lever #5965,CT105,34.62,-0.12,missing,
auto_accept,exact_identity_key,verified_exact_identity,100,90,100,70,yes,,columbia::ct105,313,simple,,CT105,CT105,Crimper Lever,Crimper Lever,Columbia Tools,columbia,34.50,regular_price,,Wall Tools,wall_tools,Columbia Parts,columbia,Columbia Crimper Lever (COLM-CT105),CT105,29.72,4.78,product_specific,"Columbia Taping Tool Parts, Columbia Tool Parts, Taping Tool Parts, Taping Tool Repair"
review,exact_identifier_brand_conflict,review_brand_conflict,90,90,100,68,no,brand_mismatch:columbia!=tapetech,tapetech::ct105,313,simple,,CT105,CT105,Crimper Lever,Crimper Lever,Columbia Tools,columbia,34.50,regular_price,,Al's Taping Tools,als_taping_tools,TapeTech,tapetech,Taper Crimper Lever - CT105,CT-105,28.01,6.49,product_specific,CT105 - Taper Crimper Lever CT105 Columbia Taper Crimper Lever #5965
auto_accept,exact_identity_key,verified_exact_identity,100,85,83,62,yes,,columbia::ct10a,314,simple,,CT10A,CT10A,Crimping Arm Shaft Bushing - L,Crimping Arm Shaft Bushing - L,Columbia Tools,columbia,13.95,regular_price,,All-Wall,all_wall,Columbia,columbia,CT10A Columbia Taper Crimping Arm Bushing Left #5584,CT10A,7.08,6.87,missing,
auto_accept,exact_identity_key,verified_exact_identity,100,79,83,68,yes,,columbia::ct10a,314,simple,,CT10A,CT10A,Crimping Arm Shaft Bushing - L,Crimping Arm Shaft Bushing - L,Columbia Tools,columbia,13.95,regular_price,,Wall Tools,wall_tools,Columbia Parts,columbia,Columbia Crimping Arm Bushing - Left (COLM-CT10A),CT10A,4.85,9.10,product_specific,"Columbia Taping Tool Parts, Columbia Tool Parts, Taping Tool Parts, Taping Tool Repair"
review,exact_identifier_brand_conflict,review_brand_conflict,90,79,83,67,no,brand_mismatch:columbia!=tapetech,tapetech::ct10a,314,simple,,CT10A,CT10A,Crimping Arm Shaft Bushing - L,Crimping Arm Shaft Bushing - L,Columbia Tools,columbia,13.95,regular_price,,Al's Taping Tools,als_taping_tools,TapeTech,tapetech,Taper Crimping Arm Bushing Left - CT10A,CT10A,4.71,9.24,product_specific,CT10A - Taper Crimping Arm Bushing Left
auto_accept,exact_identity_key,verified_exact_identity,100,90,100,63,yes,,columbia::ct47,315,simple,,CT47,CT47,Crimping Wheel,Crimping Wheel,Columbia Tools,columbia,18.95,regular_price,,All-Wall,all_wall,Columbia,columbia,CT47 Columbia Taper Crimping Wheel #5621,CT47,15.06,3.89,missing,
auto_accept,exact_identity_key,verified_exact_identity,100,90,100,73,yes,,columbia::ct47,315,simple,,CT47,CT47,Crimping Wheel,Crimping Wheel,Columbia Tools,columbia,18.95,regular_price,,Wall Tools,wall_tools,Columbia Parts,columbia,Columbia Crimping Wheel (COLM-CT47),CT47,12.93,6.02,product_specific,"Columbia Taping Tool Parts, Columbia Tool Parts, Taping Tool Parts, Taping Tool Repair"
auto_accept,exact_identity_key,verified_exact_identity,100,90,100,73,yes,,columbia::ct50,316,simple,,CT50,CT50,Crimping Wheel Bushing,Crimping Wheel Bushing,Columbia Tools,columbia,6.00,regular_price,,All-Wall,all_wall,Columbia,columbia,CT50 Columbia Taper Crimping Wheel Bushing #5624,CT50,8.23,-2.23,missing,
auto_accept,exact_identity_key,verified_exact_identity,100,95,100,81,yes,,columbia::ct50,316,simple,,CT50,CT50,Crimping Wheel Bushing,Crimping Wheel Bushing,Columbia Tools,columbia,6.00,regular_price,,Wall Tools,wall_tools,Columbia Parts,columbia,Columbia Crimping Wheel Bushing (COLM-CT50),CT50,5.82,0.18,product_specific,"Columbia Taping Tool Parts, Columbia Tool Parts, Taping Tool Parts, Taping Tool Repair"
auto_accept,exact_identity_key,verified_exact_identity,100,85,100,79,yes,,columbia::ct86,294,simple,,CT86,CT86,CT86 – Toe Kicker Cable,CT86 – Toe Kicker Cable,Columbia Tools,columbia,17.12,regular_price,,All-Wall,all_wall,Columbia,columbia,CT86 Columbia Taper Toe Kicker Cable #5858,CT86,22.60,-5.48,missing,
auto_accept,exact_identity_key,verified_exact_identity,100,95,100,68,yes,,columbia::ct86,294,simple,,CT86,CT86,CT86 – Toe Kicker Cable,CT86 – Toe Kicker Cable,Columbia Tools,columbia,17.12,regular_price,,Wall Tools,wall_tools,Columbia Parts,columbia,Columbia Toe Kicker Cable (COLM-CT86),CT86,19.41,-2.29,product_specific,"Columbia Taping Tool Parts, Columbia Tool Parts, Taping Tool Parts, Taping Tool Repair"
review,exact_identifier_unknown_brand,review_unknown_brand,90,95,100,75,yes,competitor_brand_unknown,,294,simple,,CT86,CT86,CT86 – Toe Kicker Cable,CT86 – Toe Kicker Cable,Columbia Tools,columbia,17.12,regular_price,,Al's Taping Tools,als_taping_tools,TapeWorm,,Taper Toe Kicker Cable - CT86,CT-86,20.52,-3.40,product_specific,CT86 - Taper Toe Kicker Cable
auto_accept,exact_identity_key,verified_exact_identity,100,85,75,41,yes,,columbia::cr4,317,simple,,CR4,CR4,Cut Washer,Cut Washer,Columbia Tools,columbia,3.00,regular_price,,All-Wall,all_wall,Columbia,columbia,CR4 Columbia Corner Roller Washer #5564,CR4,5.40,-2.40,product_specific,COLCR04 Columbia Corner Roller Washer
auto_accept,exact_identity_key,verified_exact_identity,100,90,100,68,yes,,columbia::cr4,317,simple,,CR4,CR4,Cut Washer,Cut Washer,Columbia Tools,columbia,3.00,regular_price,,Wall Tools,wall_tools,Columbia Parts,columbia,Columbia Cut Washer (COLM-CR4),CR4,3.80,-0.80,product_specific,"Columbia Taping Tool Parts, Columbia Tool Parts, Taping Tool Parts, Taping Tool Repair"
auto_accept,exact_identity_key,verified_exact_identity,100,90,70,41,yes,,columbia::ct42a,318,simple,,CT42A,CT42A,Diamond Blade,Diamond Blade,Columbia Tools,columbia,2.00,regular_price,,Wall Tools,wall_tools,Columbia Parts,columbia,"Columbia Pyramid/Diamond Blades, Commercial Grade (COLM-CT42A)",CT42A,1.96,0.04,product_specific,"Columbia Taping Tool Parts, Columbia Tool Parts, Taping Tool Parts, Taping Tool Repair"
auto_accept,exact_identity_key,verified_exact_identity,100,95,100,84,yes,,columbia::ct13,319,simple,,CT13,CT13,Dog Base Bracket,Dog Base Bracket,Columbia Tools,columbia,16.00,regular_price,,All-Wall,all_wall,Columbia,columbia,Columbia Taper Dog Base Bracket,CT13,14.46,1.54,product_specific,Columbia Taper Dog Base Bracket Part #CT13
auto_accept,exact_identity_key,verified_exact_identity,100,90,100,76,yes,,columbia::ct13,319,simple,,CT13,CT13,Dog Base Bracket,Dog Base Bracket,Columbia Tools,columbia,16.00,regular_price,,Wall Tools,wall_tools,Columbia Parts,columbia,Columbia Dog Base Bracket (COLM-CT13),CT13,12.41,3.59,product_specific,"Columbia Taping Tool Parts, Columbia Tool Parts, Taping Tool Parts, Taping Tool Repair"
auto_accept,exact_identity_key,verified_exact_identity,100,90,80,30,yes,,columbia::hns42,297,variation,HNS4,HNS4-2,HNS4-2,"Door - 2""","Door - 2""",Columbia Tools,columbia,33.00,regular_price,,All-Wall,all_wall,Columbia,columbia,HNS42 Columbia Nail Spotter Door 2in #12522,"HNS42""",37.32,-4.32,missing,
auto_accept,exact_identity_key,verified_exact_identity,100,90,80,30,yes,,columbia::hns43,298,variation,HNS4,HNS4-3,HNS4-3,"Door - 3""","Door - 3""",Columbia Tools,columbia,33.00,regular_price,,All-Wall,all_wall,Columbia,columbia,HNS43 Columbia Nail Spotter Door 3in #12523,HNS43”,37.32,-4.32,missing,
auto_accept,exact_identity_key,verified_exact_identity,100,85,100,34,yes,,columbia::cfb47,324,variation,CFB4,CFB4-7,CFB4-7,"Door - 7""","Door - 7""",Columbia Tools,columbia,42.50,regular_price,,Wall Tools,wall_tools,Columbia Parts,columbia,Columbia 7 in. Corner Box Door (COLM-CFB4-7),CFB4-7,12.93,29.57,product_specific,Columbia 7 in. Corner Box Door
review,exact_identifier_contradiction,review_contradiction,94,90,100,25,no,measurement_mismatch:['7']!=['6.125'],columbia::cfb47,324,variation,CFB4,CFB4-7,CFB4-7,"Door - 7""","Door - 7""",Columbia Tools,columbia,42.50,regular_price,,All-Wall,all_wall,Columbia,columbia,"CFB4-7 Pressure Door for 7CFB Angle Box - 6.125""",CFB4-7,14.62,27.88,product_specific,CFB4-7 Pressure Door for 7CFB Angle Box 7in #5542 L 6-1/8 in W 2-3/4
auto_accept,exact_identity_key,verified_exact_identity,100,85,100,34,yes,,columbia::cfb48,325,variation,CFB4,CFB4-8,CFB4-8,"Door - 8""","Door - 8""",Columbia Tools,columbia,46.95,regular_price,,Wall Tools,wall_tools,Columbia Parts,columbia,Columbia 8 in. Corner Box Door (COLM-CFB4-8),CFB4-8,12.93,34.02,product_specific,Columbia 8 in. Corner Box Door
review,exact_identifier_contradiction,review_contradiction,94,90,100,25,no,measurement_mismatch:['8']!=['7.0625'],columbia::cfb48,325,variation,CFB4,CFB4-8,CFB4-8,"Door - 8""","Door - 8""",Columbia Tools,columbia,46.95,regular_price,,All-Wall,all_wall,Columbia,columbia,"CFB4-8 Pressure Door for 8CFB Angle Box - 7.0625""",CFB4-8,14.62,32.33,product_specific,"CFB4-8 Pressure Door for 8CFB Angle Box - 7.0625"" (8in) #5543 L 7-1/16 in W 2-3/4"
auto_accept,exact_identity_key,verified_exact_identity,100,90,100,47,yes,,columbia::hns152,326,variation,HNS15,HNS15-2,HNS15-2,"Door Gasket - 2""","Door Gasket - 2""",Columbia Tools,columbia,36.00,regular_price,,All-Wall,all_wall,Columbia,columbia,HNS15-2 Columbia Nail Spotter Door Gasket 2in #12536,HNS15-2”,43.74,-7.74,missing,
auto_accept,exact_identity_key,verified_exact_identity,100,90,100,44,yes,,columbia::hns152,326,variation,HNS15,HNS15-2,HNS15-2,"Door Gasket - 2""","Door Gasket - 2""",Columbia Tools,columbia,36.00,regular_price,,Wall Tools,wall_tools,Columbia Parts,columbia,Columbia Door Gasket for 2 in. Hinged Nail Spotter (COLM-HNS15-2),HNS15-2,37.54,-1.54,product_specific,Columbia Door Gasket for 2 in. Hinged Nail Spotter
auto_accept,exact_identity_key,verified_exact_identity,100,90,100,47,yes,,columbia::hns153,327,variation,HNS15,HNS15-3,HNS15-3,"Door Gasket - 3""","Door Gasket - 3""",Columbia Tools,columbia,35.00,regular_price,,All-Wall,all_wall,Columbia,columbia,HNS15-3 Columbia Nail Spotter Door Gasket 3in #12537,HNS15-3”,43.74,-8.74,missing,
auto_accept,exact_identity_key,verified_exact_identity,100,90,100,44,yes,,columbia::hns153,327,variation,HNS15,HNS15-3,HNS15-3,"Door Gasket - 3""","Door Gasket - 3""",Columbia Tools,columbia,35.00,regular_price,,Wall Tools,wall_tools,Columbia Parts,columbia,Columbia Door Gasket for 3 in. Hinged Nail Spotter (COLM-HNS15-3),HNS15-3,37.54,-2.54,product_specific,Columbia Door Gasket for 3 in. Hinged Nail Spotter
auto_accept,exact_identity_key,verified_exact_identity,100,90,100,53,yes,,columbia::cfb77,328,variation,CFB7,CFB7-7,CFB7-7,"Door Gasket - 7""","Door Gasket - 7""",Columbia Tools,columbia,34.23,regular_price,,Wall Tools,wall_tools,Columbia Parts,columbia,"Columbia Corner Box Door Gasket 7"" (COLM-CFB7-7)",CFB7-7,38.77,-4.54,product_specific,"Columbia Taping Tool Parts, Columbia Tool Parts, Taping Tool Parts, Taping Tool Repair"
review,exact_identifier_contradiction,review_contradiction,94,85,100,43,no,measurement_mismatch:['7']!=['6.1'],columbia::cfb77,328,variation,CFB7,CFB7-7,CFB7-7,"Door Gasket - 7""","Door Gasket - 7""",Columbia Tools,columbia,34.23,regular_price,,All-Wall,all_wall,Columbia,columbia,"CFB7-7 Columbia Angle Box Angle Box Door Gasket 6.1""",CFB7-7,45.16,-10.93,product_specific,Replacement Columbia 7 inch Angle Box Gasket. L 6-1/8 in W 3 in
auto_accept,exact_identity_key,verified_exact_identity,100,90,100,53,yes,,columbia::cfb78,329,variation,CFB7,CFB7-8,CFB7-8,"Door Gasket - 8""","Door Gasket - 8""",Columbia Tools,columbia,34.23,regular_price,,Wall Tools,wall_tools,Columbia Parts,columbia,"Columbia Corner Box Door Gasket 8"" (COLM-CFB7-8)",CFB7-8,38.77,-4.54,product_specific,"Columbia Taping Tool Parts, Columbia Tool Parts, Taping Tool Parts, Taping Tool Repair"
review,exact_identifier_contradiction,review_contradiction,94,90,100,50,no,measurement_mismatch:['8']!=['7.125'],columbia::cfb78,329,variation,CFB7,CFB7-8,CFB7-8,"Door Gasket - 8""","Door Gasket - 8""",Columbia Tools,columbia,34.23,regular_price,,All-Wall,all_wall,Columbia,columbia,"CFB7-8 Door Gasket for 8CFB Angle Box - 7.125""",CFB7-8,45.16,-10.93,product_specific,Columbia Angle Box Pressure Plate Door Gasket for 8in Angle Box L - 7-1/8 in W - 3 in
auto_accept,exact_identity_key,verified_exact_identity,100,90,100,48,yes,,columbia::cfb15,335,simple,,CFB15,CFB15,Door Hinge,Door Hinge,Columbia Tools,columbia,24.95,regular_price,,All-Wall,all_wall,Columbia,columbia,CFB15 Columbia Angle Box Door Hinge #5552,CFB15,30.10,-5.15,missing,
auto_accept,exact_identity_key,verified_exact_identity,100,90,100,64,yes,,columbia::cfb15,335,simple,,CFB15,CFB15,Door Hinge,Door Hinge,Columbia Tools,columbia,24.95,regular_price,,Wall Tools,wall_tools,Columbia Parts,columbia,Columbia Door Hinge (COLM-CFB15),CFB15,25.84,-0.89,product_specific,"Columbia Taping Tool Parts, Columbia Tool Parts, Taping Tool Parts, Taping Tool Repair"
review,exact_identifier_brand_conflict,review_brand_conflict,90,90,100,55,no,brand_mismatch:columbia!=tapetech,tapetech::cfb15,335,simple,,CFB15,CFB15,Door Hinge,Door Hinge,Columbia Tools,columbia,24.95,regular_price,,Al's Taping Tools,als_taping_tools,TapeTech,tapetech,Angle Box Door Hinge - CFB15,CFB-15,30.12,-5.17,product_specific,CFB15 - Angle Box Door Hinge CFB15 Columbia Angle Box Door Hinge #5552
auto_accept,exact_identity_key,verified_exact_identity,100,90,100,38,yes,,columbia::ffb17,336,simple,,FFB17,FFB17,Door Spring,Door Spring,Columbia Tools,columbia,5.00,regular_price,,Wall Tools,wall_tools,Columbia Parts,columbia,Columbia Door Spring (a.k.a. Pressure Plate Spring) (COLM-FFB17),FFB17,4.53,0.47,product_specific,"Columbia Taping Tool Parts, Columbia Tool Parts, Taping Tool Parts, Taping Tool Repair"
review,exact_identifier_contradiction,review_contradiction,94,32,21,20,no,"product_family_mismatch:['spring']!=['flat box', 'plate']",columbia::ffb17,336,simple,,FFB17,FFB17,Door Spring,Door Spring,Columbia Tools,columbia,5.00,regular_price,,All-Wall,all_wall,Columbia,columbia,"FFB1-7 Columbia 7"" Flat Box Rear Plate",FFB1-7,73.22,-68.22,product_specific,"FFB1-7 Columbia 7"" Flat Box Rear Plate"
auto_accept,exact_identity_key,verified_exact_identity,100,90,100,51,yes,,columbia::hns10,332,variation,HNS-DOOR-SPRING,HNS10,HNS10,Door Spring - Long,Door Spring - Long,Columbia Tools,columbia,18.75,regular_price,,All-Wall,all_wall,Columbia,columbia,HNS10 Columbia Nail Spotter Door Spring Long- Left #12531,HNS10,6.38,12.37,missing,
auto_accept,exact_identity_key,verified_exact_identity,100,85,81,54,yes,,columbia::hns10,332,variation,HNS-DOOR-SPRING,HNS10,HNS10,Door Spring - Long,Door Spring - Long,Columbia Tools,columbia,18.75,regular_price,,Wall Tools,wall_tools,Columbia Parts,columbia,Columbia Nail Spotter Door Spring (COLM-HNS10),HNS10,4.51,14.24,product_specific,"Columbia Taping Tool Parts, Columbia Tool Parts, Taping Tool Parts, Taping Tool Repair"
review,exact_identifier_unknown_brand,review_unknown_brand,90,90,100,57,yes,competitor_brand_unknown,,332,variation,HNS-DOOR-SPRING,HNS10,HNS10,Door Spring - Long,Door Spring - Long,Columbia Tools,columbia,18.75,regular_price,,Al's Taping Tools,als_taping_tools,TapeWorm,,Nail Spotter Door Spring Long- Left - HNS10,HNS10,5.26,13.49,product_specific,HNS10 - Nail Spotter Door Spring Long- Left HNS10 Columbia Nail Spotter Door Spring Long- Left #12531
auto_accept,exact_identity_key,verified_exact_identity,100,90,100,51,yes,,columbia::hns10a,330,variation,HNS-DOOR-SPRING,HNS10A,HNS10A,Door Spring - Short,Door Spring - Short,Columbia Tools,columbia,18.75,regular_price,,All-Wall,all_wall,Columbia,columbia,HNS10A Columbia Nail Spotter Door Spring Short- Right #12532,HNS10A,6.05,12.70,missing,
auto_accept,exact_identity_key,verified_exact_identity,100,90,100,51,yes,,columbia::hns10a,330,variation,HNS-DOOR-SPRING,HNS10A,HNS10A,Door Spring - Short,Door Spring - Short,Columbia Tools,columbia,18.75,regular_price,,Wall Tools,wall_tools,Columbia Parts,columbia,Columbia Door Spring Short for Hinged Nail Spotter (COLM-HNS10A),HNS10A,4.16,14.59,product_specific,Columbia Door Spring Short for Hinged Nail Spotter
review,exact_identifier_unknown_brand,review_unknown_brand,90,90,100,56,yes,competitor_brand_unknown,,330,variation,HNS-DOOR-SPRING,HNS10A,HNS10A,Door Spring - Short,Door Spring - Short,Columbia Tools,columbia,18.75,regular_price,,Al's Taping Tools,als_taping_tools,Porter,,Nail Spotter Door Spring Short- Right - HNS10A,HNS10A,4.84,13.91,product_specific,HNS10A - Nail Spotter Door Spring Short- Right HNS10A Columbia Nail Spotter Door Spring Short- Right #12532
auto_accept,exact_identity_key,verified_exact_identity,100,90,100,60,yes,,columbia::ffb16,337,simple,,FFB16,FFB16,Door Spring Nut,Door Spring Nut,Columbia Tools,columbia,5.00,regular_price,,All-Wall,all_wall,Columbia,columbia,FFB16 Columbia Flat Box Door Spring Nut #6100,FFB16,7.35,-2.35,missing,
auto_accept,exact_identity_key,verified_exact_identity,100,90,100,52,yes,,columbia::ffb16,337,simple,,FFB16,FFB16,Door Spring Nut,Door Spring Nut,Columbia Tools,columbia,5.00,regular_price,,Wall Tools,wall_tools,Columbia Parts,columbia,Columbia Door Spring Nut (a.k.a. Spring Anchor) (COLM-FFB16),FFB16,5.20,-0.20,product_specific,"Columbia Taping Tool Parts, Columbia Tool Parts, Taping Tool Parts, Taping Tool Repair"
auto_accept,exact_identity_key,verified_exact_identity,100,90,100,44,yes,,columbia::cfb11a,338,simple,,CFB11A,CFB11A,Door Stop,Door Stop,Columbia Tools,columbia,3.00,regular_price,,All-Wall,all_wall,Columbia,columbia,CFB11A Columbia Angle Box Door Stop #5551,CFB11A,3.68,-0.68,missing,
auto_accept,exact_identity_key,verified_exact_identity,100,30,19,19,yes,,columbia::ffb32,339,simple,,FFB32,FFB32,Door Stop,Door Stop,Columbia Tools,columbia,3.00,regular_price,,All-Wall,all_wall,Columbia,columbia,FFB32 Columbia Flat Box Thumb Release Clip,FFB32,3.78,-0.78,product_specific,FFB32 Columbia Flat Box Thumb Release Clip
auto_accept,exact_identity_key,verified_exact_identity,100,90,100,36,yes,,columbia::ffb32,339,simple,,FFB32,FFB32,Door Stop,Door Stop,Columbia Tools,columbia,3.00,regular_price,,Wall Tools,wall_tools,Columbia Parts,columbia,Columbia Old Style Door Stop (Screw Type) (COLM-FFB32),FFB32,2.60,0.40,product_specific,"Columbia Taping Tool Parts, Columbia Tool Parts, Taping Tool Parts, Taping Tool Repair"
auto_accept,exact_identity_key,verified_exact_identity,100,90,100,57,yes,,columbia::ct78,340,simple,,CT78,CT78,Drive Chain,Drive Chain,Columbia Tools,columbia,75.30,regular_price,,All-Wall,all_wall,Columbia,columbia,CT78 Columbia Taper Drive Chain #5850,CT78,99.40,-24.10,missing,
auto_accept,exact_identity_key,verified_exact_identity,100,90,100,68,yes,,columbia::ct78,340,simple,,CT78,CT78,Drive Chain,Drive Chain,Columbia Tools,columbia,75.30,regular_price,,Wall Tools,wall_tools,Columbia Parts,columbia,Columbia Drive Chain (COLM-CT78),CT78,85.33,-10.03,product_specific,"Columbia Taping Tool Parts, Columbia Tool Parts, Taping Tool Parts, Taping Tool Repair"
auto_accept,exact_identity_key,verified_exact_identity,100,90,100,57,yes,,columbia::ct70,342,simple,,CT70,CT70,Drive Shaft,Drive Shaft,Columbia Tools,columbia,33.00,regular_price,,All-Wall,all_wall,Columbia,columbia,CT70 Columbia Taper Drive Shaft #5843,CT70,37.64,-4.64,product_specific,CT70 Columbia Taper Drive Shaft #5843
auto_accept,exact_identity_key,verified_exact_identity,100,90,100,68,yes,,columbia::ct70,342,simple,,CT70,CT70,Drive Shaft,Drive Shaft,Columbia Tools,columbia,33.00,regular_price,,Wall Tools,wall_tools,Columbia Parts,columbia,Columbia Drive Shaft (COLM-CT70),CT70,32.32,0.68,product_specific,"Columbia Taping Tool Parts, Columbia Tool Parts, Taping Tool Parts, Taping Tool Repair"
auto_accept,exact_identity_key,verified_exact_identity,100,90,100,71,yes,,columbia::ct77,334,variation,CT-SPROCKET,CT77,CT77,Drive Sprocket - Large,Drive Sprocket - Large,Columbia Tools,columbia,57.02,regular_price,,All-Wall,all_wall,Columbia,columbia,CT77 Columbia Taper Drive Sprocket Large #5848,CT77,75.30,-18.28,product_specific,Drive Sprocket Large for Columbia/Marshalltown Drywall Taper Columbia/Marshalltown- part #CT77
auto_accept,exact_identity_key,verified_exact_identity,100,90,100,80,yes,,columbia::ct77,334,variation,CT-SPROCKET,CT77,CT77,Drive Sprocket - Large,Drive Sprocket - Large,Columbia Tools,columbia,57.02,regular_price,,Wall Tools,wall_tools,Columbia Parts,columbia,Columbia Drive Sprocket - Large (COLM-CT77),CT77,64.63,-7.61,product_specific,"Columbia Taping Tool Parts, Columbia Tool Parts, Taping Tool Parts, Taping Tool Repair"
review,exact_identifier_brand_conflict,review_brand_conflict,90,90,100,78,no,brand_mismatch:columbia!=tapetech,tapetech::ct77,334,variation,CT-SPROCKET,CT77,CT77,Drive Sprocket - Large,Drive Sprocket - Large,Columbia Tools,columbia,57.02,regular_price,,Al's Taping Tools,als_taping_tools,TapeTech,tapetech,Taper Drive Sprocket Large - CT77,CT-77,55.26,1.76,product_specific,CT77 - Taper Drive Sprocket Large CT77 Columbia Taper Drive Sprocket Large #5848
auto_accept,exact_identity_key,verified_exact_identity,100,90,100,71,yes,,columbia::ct71,333,variation,CT-SPROCKET,CT71,CT71,Drive Sprocket - Small,Drive Sprocket - Small,Columbia Tools,columbia,15.00,regular_price,,All-Wall,all_wall,Columbia,columbia,CT71 Columbia Taper Drive Sprocket Small #5844,CT71,22.63,-7.63,missing,
auto_accept,exact_identity_key,verified_exact_identity,100,90,100,80,yes,,columbia::ct71,333,variation,CT-SPROCKET,CT71,CT71,Drive Sprocket - Small,Drive Sprocket - Small,Columbia Tools,columbia,15.00,regular_price,,Wall Tools,wall_tools,Columbia Parts,columbia,Columbia Drive Sprocket - Small (COLM-CT71),CT71,15.52,-0.52,product_specific,"Columbia Taping Tool Parts, Columbia Tool Parts, Taping Tool Parts, Taping Tool Repair"
review,exact_identifier_contradiction,review_contradiction,94,90,100,72,no,title_identifier_conflict:['colhh5']!=hh5,columbia::hh5,344,simple,,HH5,HH5,Extension Housing,Extension Housing,Columbia Tools,columbia,33.00,regular_price,,All-Wall,all_wall,Columbia,columbia,COLHH5 Extension Housing for COL88,HH5,36.92,-3.92,missing,
auto_accept,exact_identity_key,verified_exact_identity,100,85,80,47,yes,,columbia::hh30,345,simple,,HH30,HH30,Extension Release Trigger,Extension Release Trigger,Columbia Tools,columbia,14.25,regular_price,,Wall Tools,wall_tools,Columbia Parts,columbia,Columbia Extension Release Clip for Hydra Reach Flat Box Handle (COLM-HH30),HH30,18.08,-3.83,product_specific,Columbia Extension Release Clip for Hydra Reach Flat Box Handle
review,exact_identifier_contradiction,review_contradiction,94,85,80,55,no,title_identifier_conflict:['colhh30']!=hh30,columbia::hh30,345,simple,,HH30,HH30,Extension Release Trigger,Extension Release Trigger,Columbia Tools,columbia,14.25,regular_price,,All-Wall,all_wall,Columbia,columbia,COLHH30 Columbia Hydra Handle Extension Release Clip,HH30,20.44,-6.19,product_specific,Columbia Hydra Handle Extension Release Clip
review,exact_identifier_brand_conflict,review_brand_conflict,90,76,80,64,no,brand_mismatch:columbia!=tapetech,tapetech::hh30,345,simple,,HH30,HH30,Extension Release Trigger,Extension Release Trigger,Columbia Tools,columbia,14.25,regular_price,,Al's Taping Tools,als_taping_tools,TapeTech,tapetech,Handle Extension Release Clip - HH30,HH30,20.44,-6.19,product_specific,HH30 - Handle Extension Release Clip
auto_accept,exact_identity_key,verified_exact_identity,100,90,100,71,yes,,columbia::ct130,346,simple,,CT130,CT130,Extension Shaft,Extension Shaft,Columbia Tools,columbia,32.50,regular_price,,Al's Taping Tools,als_taping_tools,Columbia,columbia,CT130 - Taper Extension Shaft,CT-130,21.94,10.56,product_specific,CT130 - Taper Extension Shaft
auto_accept,exact_identity_key,verified_exact_identity,100,90,100,63,yes,,columbia::ct130,346,simple,,CT130,CT130,Extension Shaft,Extension Shaft,Columbia Tools,columbia,32.50,regular_price,,All-Wall,all_wall,Columbia,columbia,CT130 Columbia Taper Extension Shaft #5993,CT130,27.14,5.36,missing,
auto_accept,exact_identity_key,verified_exact_identity,100,90,100,73,yes,,columbia::ct130,346,simple,,CT130,CT130,Extension Shaft,Extension Shaft,Columbia Tools,columbia,32.50,regular_price,,Wall Tools,wall_tools,Columbia Parts,columbia,Columbia Extension Shaft (COLM-CT130),CT130,23.29,9.21,product_specific,"Columbia Taping Tool Parts, Columbia Tool Parts, Taping Tool Parts, Taping Tool Repair"
auto_accept,exact_identity_key,verified_exact_identity,100,90,100,73,yes,,columbia::ct127,351,simple,,CT127,CT127,Extension Shaft Bracket,Extension Shaft Bracket,Columbia Tools,columbia,28.52,regular_price,,All-Wall,all_wall,Columbia,columbia,CT127 Columbia Taper Extension Shaft Bracket #5988,CT127,36.56,-8.04,missing,
auto_accept,exact_identity_key,verified_exact_identity,100,95,100,80,yes,,columbia::ct127,351,simple,,CT127,CT127,Extension Shaft Bracket,Extension Shaft Bracket,Columbia Tools,columbia,28.52,regular_price,,Wall Tools,wall_tools,Columbia Parts,columbia,Columbia Extension Shaft Bracket (COLM-CT127),CT127,32.32,-3.80,product_specific,"Columbia Taping Tool Parts, Columbia Tool Parts, Taping Tool Parts, Taping Tool Repair"
review,exact_identifier_brand_conflict,review_brand_conflict,90,90,100,79,no,brand_mismatch:columbia!=tapetech,tapetech::ct127,351,simple,,CT127,CT127,Extension Shaft Bracket,Extension Shaft Bracket,Columbia Tools,columbia,28.52,regular_price,,Al's Taping Tools,als_taping_tools,TapeTech,tapetech,CT127 - Taper Extension Shaft Bracket,ct127,31.38,-2.86,product_specific,CT127 - Taper Extension Shaft Bracket CT127 Columbia Taper Extension Shaft Bracket #5988
auto_accept,exact_identity_key,verified_exact_identity,100,95,100,66,yes,,columbia::fa259,295,simple,,FA259,FA259 | FA259 8,"FA259 8-32 X 5/16"" Binder Slot","FA259 8-32 X 5/16"" Binder Slot",Columbia Tools,columbia,1.00,regular_price,,Wall Tools,wall_tools,Columbia Parts,columbia,Columbia 8-32 x 5/16 in. Binder Slot Screw (COLM-FA259),FA259,0.55,0.45,product_specific,Columbia 8-32 x 5/16 in. Binder Slot Screw
auto_accept,exact_identity_key,verified_exact_identity,100,95,100,91,yes,,columbia::fa292,296,simple,,FA292,FA292 | FA292 1/4,FA292 1/4-20 Nyloc Jam Nut,FA292 1/4-20 Nyloc Jam Nut,Columbia Tools,columbia,3.15,regular_price,,All-Wall,all_wall,Columbia,columbia,FA292 Columbia 1/4-20 Nyloc Jam Nut #6043,FA292,1.93,1.22,missing,
auto_accept,exact_identity_key,verified_exact_identity,100,87,91,60,yes,,columbia::fa292,296,simple,,FA292,FA292 | FA292 1/4,FA292 1/4-20 Nyloc Jam Nut,FA292 1/4-20 Nyloc Jam Nut,Columbia Tools,columbia,3.15,regular_price,,Wall Tools,wall_tools,Columbia Parts,columbia,Columbia -20 Nyloc Jam Nut (COLM-FA292),FA292,1.36,1.79,product_specific,Columbia -20 Nyloc Jam Nut
auto_accept,exact_identity_key,verified_exact_identity,100,83,88,50,yes,,columbia::fa311,299,simple,,FA311,FA311 | FA311 1/4,"FA311 1/4-28 X 1/2"" Socket Head","FA311 1/4-28 X 1/2"" Socket Head",Columbia Tools,columbia,2.00,regular_price,,Wall Tools,wall_tools,Columbia Parts,columbia,Columbia -28 x  in. Socket Head Screw (COLM-FA311),FA311,1.53,0.47,product_specific,Columbia -28 x in. Socket Head Screw
auto_accept,exact_identity_key,verified_exact_identity,100,54,15,15,yes,,columbia::fa315,300,simple,,FA315,FA315 | FA315 10,"FA315 10-32 X 3/8"" Flat Socket Head","FA315 10-32 X 3/8"" Flat Socket Head",Columbia Tools,columbia,2.00,regular_price,,All-Wall,all_wall,Columbia,columbia,13720,FA315,2.10,-0.10,missing,
auto_accept,exact_identity_key,verified_exact_identity,100,90,100,72,yes,,columbia::mp33,352,simple,,MP33,MP33,Filler Gasket,Filler Gasket,Columbia Tools,columbia,2.00,regular_price,,Wall Tools,wall_tools,Columbia Parts,columbia,Columbia Filler Gasket (COLM-MP33),MP33,1.48,0.52,product_specific,"Columbia Taping Tool Parts, Columbia Tool Parts, Taping Tool Parts, Taping Tool Repair"
auto_accept,exact_identity_key,verified_exact_identity,100,90,100,51,yes,,columbia::mp28,353,simple,,MP28,MP28,Filler Nut,Filler Nut,Columbia Tools,columbia,12.25,regular_price,,All-Wall,all_wall,Columbia,columbia,MP28 Columbia Mud Pump Filler Nut #5875,MP28,12.28,-0.03,missing,
auto_accept,exact_identity_key,verified_exact_identity,100,90,100,66,yes,,columbia::mp28,353,simple,,MP28,MP28,Filler Nut,Filler Nut,Columbia Tools,columbia,12.25,regular_price,,Wall Tools,wall_tools,Columbia Parts,columbia,Columbia Filler Nut (COLM-MP28),MP28,8.42,3.83,product_specific,"Columbia Taping Tool Parts, Columbia Tool Parts, Taping Tool Parts, Taping Tool Repair"
review,exact_identifier_brand_conflict,review_brand_conflict,90,90,100,58,no,brand_mismatch:columbia!=tapetech,tapetech::mp28,353,simple,,MP28,MP28,Filler Nut,Filler Nut,Columbia Tools,columbia,12.25,regular_price,,Al's Taping Tools,als_taping_tools,TapeTech,tapetech,Mud Pump Filler Nut - MP28,MP28,8.17,4.08,product_specific,MP28 - Mud Pump Filler Nut MP28 Columbia Mud Pump Filler Nut #5875
auto_accept,exact_identity_key,verified_exact_identity,100,85,66,52,yes,,columbia::mp25,354,simple,,MP25,MP25,Filler Studs,Filler Studs,Columbia Tools,columbia,10.00,regular_price,,All-Wall,all_wall,Columbia,columbia,MP25 Columbia Mud Pump Filler Stud #5872,MP25,11.32,-1.32,missing,
auto_accept,exact_identity_key,verified_exact_identity,100,86,66,66,yes,,columbia::mp25,354,simple,,MP25,MP25,Filler Studs,Filler Studs,Columbia Tools,columbia,10.00,regular_price,,Wall Tools,wall_tools,Columbia Parts,columbia,Columbia Filler Stud (COLM-MP25),MP25,9.71,0.29,product_specific,"Columbia Taping Tool Parts, Columbia Tool Parts, Taping Tool Parts, Taping Tool Repair"
auto_accept,exact_identity_key,verified_exact_identity,100,85,100,65,yes,,columbia::hffb1410,148,variation,HFFB14,HFFB14-10,HFFB14-10 | HFFB14,"Flat Box Hinged Door Gasket - 10""","Flat Box Hinged Door Gasket - 10""",Columbia Tools,columbia,42.00,regular_price,,All-Wall,all_wall,Columbia,columbia,HFFB14-10 Columbia Flat Box Std Hinged Flat Box Door Gasket 10in #12385,HFFB14-10,45.20,-3.20,missing,
auto_accept,exact_identity_key,verified_exact_identity,100,85,100,42,yes,,columbia::hffb14,148,variation,HFFB14,HFFB14-10,HFFB14-10 | HFFB14,"Flat Box Hinged Door Gasket - 10""","Flat Box Hinged Door Gasket - 10""",Columbia Tools,columbia,42.00,regular_price,,Wall Tools,wall_tools,Columbia Parts,columbia,"Columbia Hinged Flat Box Door Gasket (COLM-HFFB14, HFFB14-7, HFFB14-8, HFFB14-10, HFFB14-12)",HFFB14,38.79,3.21,product_specific,Columbia Hinged Flat Box Door Gasket
auto_accept,exact_identity_key,verified_exact_identity,100,85,100,65,yes,,columbia::hffb1412,149,variation,HFFB14,HFFB14-12,HFFB14-12 | HFFB14,"Flat Box Hinged Door Gasket - 12""","Flat Box Hinged Door Gasket - 12""",Columbia Tools,columbia,42.00,regular_price,,All-Wall,all_wall,Columbia,columbia,HFFB14-12 Columbia Flat Box Std Hinged Flat Box Door Gasket 12in #12386,HFFB14-12,45.20,-3.20,missing,
auto_accept,exact_identity_key,verified_exact_identity,100,85,100,42,yes,,columbia::hffb14,149,variation,HFFB14,HFFB14-12,HFFB14-12 | HFFB14,"Flat Box Hinged Door Gasket - 12""","Flat Box Hinged Door Gasket - 12""",Columbia Tools,columbia,42.00,regular_price,,Wall Tools,wall_tools,Columbia Parts,columbia,"Columbia Hinged Flat Box Door Gasket (COLM-HFFB14, HFFB14-7, HFFB14-8, HFFB14-10, HFFB14-12)",HFFB14,38.79,3.21,product_specific,Columbia Hinged Flat Box Door Gasket
auto_accept,exact_identity_key,verified_exact_identity,100,85,94,42,yes,,columbia::hffb14,150,variation,HFFB14,HFFB14-14,HFFB14-14 | HFFB14,"Flat Box Hinged Door Gasket - 14""","Flat Box Hinged Door Gasket - 14""",Columbia Tools,columbia,42.00,regular_price,,Wall Tools,wall_tools,Columbia Parts,columbia,"Columbia Hinged Flat Box Door Gasket (COLM-HFFB14, HFFB14-7, HFFB14-8, HFFB14-10, HFFB14-12)",HFFB14,38.79,3.21,product_specific,Columbia Hinged Flat Box Door Gasket
auto_accept,exact_identity_key,verified_exact_identity,100,85,100,65,yes,,columbia::hffb148,147,variation,HFFB14,HFFB14-8,HFFB14-8 | HFFB14,"Flat Box Hinged Door Gasket - 8""","Flat Box Hinged Door Gasket - 8""",Columbia Tools,columbia,16.50,regular_price,,All-Wall,all_wall,Columbia,columbia,HFFB14-8 Columbia Flat Box Std Hinged Flat Box Door Gasket 8in #12384,HFFB14-8,45.20,-28.70,missing,
auto_accept,exact_identity_key,verified_exact_identity,100,85,100,41,yes,,columbia::hffb14,147,variation,HFFB14,HFFB14-8,HFFB14-8 | HFFB14,"Flat Box Hinged Door Gasket - 8""","Flat Box Hinged Door Gasket - 8""",Columbia Tools,columbia,16.50,regular_price,,Wall Tools,wall_tools,Columbia Parts,columbia,"Columbia Hinged Flat Box Door Gasket (COLM-HFFB14, HFFB14-7, HFFB14-8, HFFB14-10, HFFB14-12)",HFFB14,38.79,-22.29,product_specific,Columbia Hinged Flat Box Door Gasket
review,exact_identifier_unknown_brand,review_unknown_brand,90,85,86,57,yes,competitor_brand_unknown,,147,variation,HFFB14,HFFB14-8,HFFB14-8 | HFFB14,"Flat Box Hinged Door Gasket - 8""","Flat Box Hinged Door Gasket - 8""",Columbia Tools,columbia,16.50,regular_price,,Al's Taping Tools,als_taping_tools,TapeWorm,,Flat Box Door Gasket 8in Fat Boy-New Style - HFFB14-8,HFFB14-8,45.19,-28.69,product_specific,HFFB14-8 - Flat Box Door Gasket 8in Fat Boy-New Style HFFB14-8 Columbia Flat Box Door Gasket 8in Fat Boy-New Style #6094
auto_accept,exact_identity_key,verified_exact_identity,100,100,100,100,yes,,columbia::mp2,355,simple,,MP2,MP2,Foot Valve Casting,Foot Valve Casting,Columbia Tools,columbia,29.00,regular_price,,All-Wall,all_wall,Columbia,columbia,Columbia Foot Valve Casting,MP2,33.90,-4.90,missing,
auto_accept,exact_identity_key,verified_exact_identity,100,90,100,80,yes,,columbia::mp2,355,simple,,MP2,MP2,Foot Valve Casting,Foot Valve Casting,Columbia Tools,columbia,29.00,regular_price,,Wall Tools,wall_tools,Columbia Parts,columbia,Columbia Foot Valve Casting (COLM-MP2),MP2,29.10,-0.10,product_specific,"Columbia Taping Tool Parts, Columbia Tool Parts, Taping Tool Parts, Taping Tool Repair"
auto_accept,exact_identity_key,verified_exact_identity,100,90,100,65,yes,,columbia::ah5,356,simple,,AH5,AH5,Frame Retainer Clip,Frame Retainer Clip,Columbia Tools,columbia,2.00,regular_price,,All-Wall,all_wall,Columbia,columbia,AH5 Columbia Angle Head Frame Retainer Clip #5806,AH5,2.28,-0.28,missing,
auto_accept,exact_identity_key,verified_exact_identity,100,90,100,58,yes,,columbia::ah5,356,simple,,AH5,AH5,Frame Retainer Clip,Frame Retainer Clip,Columbia Tools,columbia,2.00,regular_price,,Wall Tools,wall_tools,Columbia Parts,columbia,Columbia Frame Retainer Clip / Blade Holder Stop (COLM-AH5),AH5,1.62,0.38,product_specific,"Columbia Taping Tool Parts, Columbia Tool Parts, Taping Tool Parts, Taping Tool Repair"
review,exact_identifier_unknown_brand,review_unknown_brand,90,28,28,28,no,product_family_mismatch:['clip']!=['spring'] | competitor_brand_unknown,,356,simple,,AH5,AH5,Frame Retainer Clip,Frame Retainer Clip,Columbia Tools,columbia,2.00,regular_price,,Al's Taping Tools,als_taping_tools,TapeWorm,,3 - Ball Lock Spring (AH-5),AH-5,6.40,-4.40,product_specific,3 - Ball Lock Spring (AH-5)
auto_accept,exact_identity_key,verified_exact_identity,100,90,100,69,yes,,columbia::ah72,347,variation,AH7,AH7-2,AH7-2,"Frame Tension Spring - 2""","Frame Tension Spring - 2""",Columbia Tools,columbia,12.50,regular_price,,Al's Taping Tools,als_taping_tools,Columbia,columbia,AH7-2 - Angle Head Frame Tension Spring 2in,AH7-2,1.47,11.03,product_specific,AH7-2 - Angle Head Frame Tension Spring 2in AH7-2 Columbia Angle Head Frame Tension Spring 2in #5808
auto_accept,exact_identity_key,verified_exact_identity,100,90,100,64,yes,,columbia::ah72,347,variation,AH7,AH7-2,AH7-2,"Frame Tension Spring - 2""","Frame Tension Spring - 2""",Columbia Tools,columbia,12.50,regular_price,,All-Wall,all_wall,Columbia,columbia,AH7-2 Columbia Angle Head Frame Tension Spring 2in #5808,AH7-2,1.90,10.60,low_information,"2"""
review,exact_identifier_contradiction,review_contradiction,94,90,100,61,no,measurement_mismatch:['2']!=['2.5'],columbia::ah72,347,variation,AH7,AH7-2,AH7-2,"Frame Tension Spring - 2""","Frame Tension Spring - 2""",Columbia Tools,columbia,12.50,regular_price,,Wall Tools,wall_tools,Columbia Parts,columbia,Columbia Frame Tension Spring for 2 and 2.5 in. Angle Heads (COLM-AH7-2),AH7-2,1.31,11.19,product_specific,"Columbia Taping Tool Parts, Columbia Tool Parts, Taping Tool Parts, Taping Tool Repair"
auto_accept,exact_identity_key,verified_exact_identity,100,90,100,50,yes,,columbia::ah725,348,variation,AH7,AH7-2.5,AH7-2.5,"Frame Tension Spring - 2.5""","Frame Tension Spring - 2.5""",Columbia Tools,columbia,2.00,regular_price,,All-Wall,all_wall,Columbia,columbia,AH7-2.5 Columbia Angle Head Frame Tension Spring 2.5in (Also Small 3in Spring) #5809,AH7-2.5,1.90,0.10,product_specific,Columbia Angle Head Frame Tension Spring 2.5in (Also Small 3in Spring) #5809
review,exact_identifier_contradiction,review_contradiction,94,90,100,64,no,measurement_mismatch:['2.5']!=['3'],columbia::ah725,348,variation,AH7,AH7-2.5,AH7-2.5,"Frame Tension Spring - 2.5""","Frame Tension Spring - 2.5""",Columbia Tools,columbia,2.00,regular_price,,Wall Tools,wall_tools,Columbia Parts,columbia,Columbia Frame Tension Spring for 2.5 and 3 in. Angle Heads (COLM-AH7-2.5),AH7-25,1.31,0.69,product_specific,"Columbia Taping Tool Parts, Columbia Tool Parts, Taping Tool Parts, Taping Tool Repair"
auto_accept,exact_identity_key,verified_exact_identity,100,85,84,55,yes,,columbia::ah73,349,variation,AH7,AH7-3,AH7-3 | AH7,"Frame Tension Spring - 3""","Frame Tension Spring - 3""",Columbia Tools,columbia,13.25,regular_price,,All-Wall,all_wall,Columbia,columbia,AH7-3 Columbia Angle Head Tension Spring 3in (Large) #5810,AH7-3,1.90,11.35,product_specific,AH7-3 Columbia Angle Head Tension Spring 3in (Large) #5810
review,exact_identifier_contradiction,review_contradiction,94,36,32,36,no,product_family_mismatch:['spring']!=['screw'],columbia::ah7,349,variation,AH7,AH7-3,AH7-3 | AH7,"Frame Tension Spring - 3""","Frame Tension Spring - 3""",Columbia Tools,columbia,13.25,regular_price,,Al's Taping Tools,als_taping_tools,Columbia,columbia,5 - Hex Head Custom Screw (AH-7),ah-7,7.50,5.75,product_specific,5 - Hex Head Custom Screw (AH-7)
review,exact_identifier_contradiction,review_contradiction,94,90,100,61,no,measurement_mismatch:['3']!=['3.5'],columbia::ah73,349,variation,AH7,AH7-3,AH7-3 | AH7,"Frame Tension Spring - 3""","Frame Tension Spring - 3""",Columbia Tools,columbia,13.25,regular_price,,Wall Tools,wall_tools,Columbia Parts,columbia,Columbia Frame Tension Spring for 3 and 3.5 in. Angle Heads (COLM-AH7-3),AH7-3,1.31,11.94,product_specific,"Columbia Taping Tool Parts, Columbia Tool Parts, Taping Tool Parts, Taping Tool Repair"
review,exact_identifier_unknown_brand,review_unknown_brand,90,85,100,67,yes,competitor_brand_unknown,,349,variation,AH7,AH7-3,AH7-3 | AH7,"Frame Tension Spring - 3""","Frame Tension Spring - 3""",Columbia Tools,columbia,13.25,regular_price,,Al's Taping Tools,als_taping_tools,TapeWorm,,AH7-3 Angle Head Frame Tension Spring,AH7-3,1.52,11.73,product_specific,AH7-3 Angle Head Frame Tension Spring
auto_accept,exact_identity_key,verified_exact_identity,100,90,100,64,yes,,columbia::ah735,350,variation,AH7,AH7-3.5,AH7-3.5,"Frame Tension Spring - 3.5""","Frame Tension Spring - 3.5""",Columbia Tools,columbia,14.50,regular_price,,All-Wall,all_wall,Columbia,columbia,AH7-3.5 Columbia Angle Head Frame Tension Spring 3.5in #5811,AH7-3.5,1.90,12.60,missing,
auto_accept,exact_identity_key,verified_exact_identity,100,90,100,61,yes,,columbia::ah735,350,variation,AH7,AH7-3.5,AH7-3.5,"Frame Tension Spring - 3.5""","Frame Tension Spring - 3.5""",Columbia Tools,columbia,14.50,regular_price,,Wall Tools,wall_tools,Columbia Parts,columbia,Columbia Frame Tension Spring for 3.5 in. Angle Heads Only (COLM-AH7-3.5),AH7-35,1.31,13.19,product_specific,"Columbia Taping Tool Parts, Columbia Tool Parts, Taping Tool Parts, Taping Tool Repair"
review,exact_identifier_brand_conflict,review_brand_conflict,90,90,100,69,no,brand_mismatch:columbia!=tapetech,tapetech::ah735,350,variation,AH7,AH7-3.5,AH7-3.5,"Frame Tension Spring - 3.5""","Frame Tension Spring - 3.5""",Columbia Tools,columbia,14.50,regular_price,,Al's Taping Tools,als_taping_tools,TapeTech,tapetech,AH7-3.5 - Angle Head Frame Tension Spring 3.5in,AH7-3.5,1.52,12.98,product_specific,AH7-3.5 - Angle Head Frame Tension Spring 3.5in AH7-3.5 Columbia Angle Head Frame Tension Spring 3.5in #5811
auto_accept,exact_identity_key,verified_exact_identity,100,85,47,40,yes,,columbia::ah6a,357,simple,,AH6A,AH6A,Funnel Retainer Clip,Funnel Retainer Clip,Columbia Tools,columbia,19.00,regular_price,,All-Wall,all_wall,Columbia,columbia,Columbia Ball Holder Release Clip Angle Head,AH6A,23.36,-4.36,missing,
auto_accept,exact_identity_key,verified_exact_identity,100,85,40,40,yes,,columbia::ah6a,357,simple,,AH6A,AH6A,Funnel Retainer Clip,Funnel Retainer Clip,Columbia Tools,columbia,19.00,regular_price,,Wall Tools,wall_tools,Columbia Parts,columbia,Columbia Ball Holder Release Clip (COLM-AH6A),AH6A,20.05,-1.05,product_specific,"Columbia Taping Tool Parts, Columbia Tool Parts, Taping Tool Parts, Taping Tool Repair"
auto_accept,exact_identity_key,verified_exact_identity,100,0,0,0,yes,,columbia::hh15,361,simple,,HH15,HH15,Grip Sleeve Octagon,Grip Sleeve Octagon,Columbia Tools,columbia,15.00,regular_price,,All-Wall,all_wall,Columbia,columbia,13713,HH15,4.85,10.15,missing,
auto_accept,exact_identity_key,verified_exact_identity,100,90,100,54,yes,,columbia::ct115,362,simple,,CT115,CT115,Guard Ring,Guard Ring,Columbia Tools,columbia,20.00,regular_price,,All-Wall,all_wall,Columbia,columbia,CT115 Columbia Taper Guard Ring #5973,CT115,22.60,-2.60,missing,
auto_accept,exact_identity_key,verified_exact_identity,100,90,100,52,yes,,columbia::ct115,362,simple,,CT115,CT115,Guard Ring,Guard Ring,Columbia Tools,columbia,20.00,regular_price,,Wall Tools,wall_tools,Columbia Parts,columbia,Columbia Barrel Guard Ring (COLM-CT115),CT115,19.41,0.59,product_specific,"Columbia Taping Tool Parts, Columbia Tool Parts, Taping Tool Parts, Taping Tool Repair"
auto_accept,exact_identity_key,verified_exact_identity,100,90,100,68,yes,,columbia::ct58,363,simple,,CT58,CT58,Guide Rod Bushing,Guide Rod Bushing,Columbia Tools,columbia,8.00,regular_price,,All-Wall,all_wall,Columbia,columbia,CT58 Columbia Taper Guide Rod Bushing #5834,CT58,10.98,-2.98,missing,
auto_accept,exact_identity_key,verified_exact_identity,100,90,100,77,yes,,columbia::ct58,363,simple,,CT58,CT58,Guide Rod Bushing,Guide Rod Bushing,Columbia Tools,columbia,8.00,regular_price,,Wall Tools,wall_tools,Columbia Parts,columbia,Columbia Guide Rod Bushing (COLM-CT58),CT58,7.77,0.23,product_specific,"Columbia Taping Tool Parts, Columbia Tool Parts, Taping Tool Parts, Taping Tool Repair"
auto_accept,exact_identity_key,verified_exact_identity,100,90,100,59,yes,,columbia::ct126,364,simple,,CT126,CT126,Hand Grip Body,Hand Grip Body,Columbia Tools,columbia,66.00,regular_price,,Wall Tools,wall_tools,Columbia Parts,columbia,Columbia Knurled Hand Grip Body (COLM-CT126),CT126,64.64,1.36,product_specific,"Columbia Taping Tool Parts, Columbia Tool Parts, Taping Tool Parts, Taping Tool Repair"
auto_accept,exact_identity_key,verified_exact_identity,100,35,35,35,yes,,columbia::ct124,365,simple,,CT124,CT124,Hand Grip Guard Ring,Hand Grip Guard Ring,Columbia Tools,columbia,20.00,regular_price,,Wall Tools,wall_tools,Columbia Parts,columbia,Columbia Pull Ring (COLM-CT124),CT124,19.41,0.59,product_specific,"Columbia Taping Tool Parts, Columbia Tool Parts, Taping Tool Parts, Taping Tool Repair"
auto_accept,exact_identity_key,verified_exact_identity,100,90,100,48,yes,,columbia::hns12,366,simple,,HNS12,HNS12,Handle Clamp,Handle Clamp,Columbia Tools,columbia,17.00,regular_price,,All-Wall,all_wall,Columbia,columbia,HNS12 Columbia Nail Spotter Handle Clamp #12533,HNS12,19.22,-2.22,missing,
auto_accept,exact_identity_key,verified_exact_identity,100,90,100,43,yes,,columbia::hns12,366,simple,,HNS12,HNS12,Handle Clamp,Handle Clamp,Columbia Tools,columbia,17.00,regular_price,,Wall Tools,wall_tools,Columbia Parts,columbia,Columbia Handle Clamp for Hinged Nail Spotter (COLM-HNS12),HNS12,16.49,0.51,product_specific,Columbia Handle Clamp for Hinged Nail Spotter
auto_accept,exact_identity_key,verified_exact_identity,100,90,100,64,yes,,columbia::cr11,367,simple,,CR11,CR11,Handle Connecting Link,Handle Connecting Link,Columbia Tools,columbia,18.95,regular_price,,All-Wall,all_wall,Columbia,columbia,CR11 Columbia Corner Roller Handle Connecting Link #5567,CR11,30.10,-11.15,missing,
auto_accept,exact_identity_key,verified_exact_identity,100,95,100,81,yes,,columbia::cr11,367,simple,,CR11,CR11,Handle Connecting Link,Handle Connecting Link,Columbia Tools,columbia,18.95,regular_price,,Wall Tools,wall_tools,Columbia Parts,columbia,Columbia Handle Connecting Link (COLM-CR11),CR11,25.84,-6.89,product_specific,"Columbia Taping Tool Parts, Columbia Tool Parts, Taping Tool Parts, Taping Tool Repair"
review,exact_identifier_brand_conflict,review_brand_conflict,90,90,100,69,no,brand_mismatch:columbia!=tapetech,tapetech::cr11,367,simple,,CR11,CR11,Handle Connecting Link,Handle Connecting Link,Columbia Tools,columbia,18.95,regular_price,,Al's Taping Tools,als_taping_tools,TapeTech,tapetech,Corner Roller Handle Connecting Link - CR11,CR-11,30.10,-11.15,product_specific,CR11 - Corner Roller Handle Connecting Link CR11 Columbia Corner Roller Handle Connecting Link #5567
auto_accept,exact_identity_key,verified_exact_identity,100,54,57,38,yes,,columbia::hh35,368,simple,,HH35,HH35,Handle Grip,Handle Grip,Columbia Tools,columbia,7.00,regular_price,,All-Wall,all_wall,Columbia,columbia,Columbia Grip for COL88,HH35,9.45,-2.45,missing,
auto_accept,exact_identity_key,verified_exact_identity,100,85,100,26,yes,,columbia::mh4,369,simple,,MH4,MH4,Handle Grip,Handle Grip,Columbia Tools,columbia,37.00,regular_price,,Wall Tools,wall_tools,Columbia Parts,columbia,Columbia Grip Lever for Matrix Flat Box Handle (COLM-MH4),MH4,30.19,6.81,product_specific,Columbia Grip Lever for Matrix Flat Box Handle (COLM-MH4)
auto_accept,exact_identity_key,verified_exact_identity,100,90,100,55,yes,,columbia::mp6,379,simple,,MP6,MP6,Handle Link,Handle Link,Columbia Tools,columbia,33.00,regular_price,,All-Wall,all_wall,Columbia,columbia,MP6 Columbia Mud Pump Handle Link #6165,MP6,37.66,-4.66,missing,
auto_accept,exact_identity_key,verified_exact_identity,100,90,100,53,yes,,columbia::mp6,379,simple,,MP6,MP6,Handle Link,Handle Link,Columbia Tools,columbia,33.00,regular_price,,Wall Tools,wall_tools,Columbia Parts,columbia,Columbia Handle Link (One Piece) (COLM-MP6),MP6,32.32,0.68,product_specific,"Columbia Taping Tool Parts, Columbia Tool Parts, Taping Tool Parts, Taping Tool Repair"
auto_accept,exact_identity_key,verified_exact_identity,100,90,100,55,yes,,columbia::hnsa14,380,simple,,HNSA-14,HNSA-14,Handle Link Assembly,Handle Link Assembly,Columbia Tools,columbia,45.00,regular_price,,Wall Tools,wall_tools,Columbia Parts,columbia,Columbia Handle Link Assembly for Hinged Nail Spotter (COLM-HNSA14),HNSA14,26.46,18.54,product_specific,Columbia Handle Link Assembly for Hinged Nail Spotter
auto_accept,exact_identity_key,verified_exact_identity,100,90,100,70,yes,,columbia::cr6,382,simple,,CR6,CR6,Handle Mounting Swivel,Handle Mounting Swivel,Columbia Tools,columbia,24.95,regular_price,,Al's Taping Tools,als_taping_tools,Columbia,columbia,Corner Roller Handle Mounting Swivel - CR6,CR6,14.74,10.21,product_specific,CR6 - Corner Roller Handle Mounting Swivel CR6 Columbia Corner Roller Handle Mounting Swivel #5565
auto_accept,exact_identity_key,verified_exact_identity,100,90,100,65,yes,,columbia::cr6,382,simple,,CR6,CR6,Handle Mounting Swivel,Handle Mounting Swivel,Columbia Tools,columbia,24.95,regular_price,,All-Wall,all_wall,Columbia,columbia,CR6 Columbia Corner Roller Handle Mounting Swivel #5565,CR6,17.68,7.27,missing,
auto_accept,exact_identity_key,verified_exact_identity,100,95,100,83,yes,,columbia::cr6,382,simple,,CR6,CR6,Handle Mounting Swivel,Handle Mounting Swivel,Columbia Tools,columbia,24.95,regular_price,,Wall Tools,wall_tools,Columbia Parts,columbia,Columbia Handle Mounting Swivel (COLM-CR6),CR6,15.18,9.77,product_specific,"Columbia Taping Tool Parts, Columbia Tool Parts, Taping Tool Parts, Taping Tool Repair"
auto_accept,exact_identity_key,verified_exact_identity,100,65,68,60,yes,,columbia::hpa48,383,simple,,HPA-48,HPA-48,Handle Pin Assembly,Handle Pin Assembly,Columbia Tools,columbia,5.00,regular_price,,Wall Tools,wall_tools,Columbia Parts,columbia,Columbia Handle Pin (COLM-HPA48),HPA48,5.06,-0.06,product_specific,"Columbia Taping Tool Parts, Columbia Tool Parts, Taping Tool Parts, Taping Tool Repair"
auto_accept,exact_identity_key,verified_exact_identity,100,90,100,64,yes,,columbia::mp5,385,simple,,MP5,MP5,Head Bushing,Head Bushing,Columbia Tools,columbia,13.95,regular_price,,Al's Taping Tools,als_taping_tools,Columbia,columbia,Mud Pump Head Bushing - MP5,mp5,21.33,-7.38,product_specific,MP5 - Mud Pump Head Bushing MP5 Columbia Mud Pump Head Bushing #6164
auto_accept,exact_identity_key,verified_exact_identity,100,90,100,57,yes,,columbia::mp5,385,simple,,MP5,MP5,Head Bushing,Head Bushing,Columbia Tools,columbia,13.95,regular_price,,All-Wall,all_wall,Columbia,columbia,MP5 Columbia Mud Pump Head Bushing #6164,MP5,26.38,-12.43,missing,
auto_accept,exact_identity_key,verified_exact_identity,100,90,100,72,yes,,columbia::mp5,385,simple,,MP5,MP5,Head Bushing,Head Bushing,Columbia Tools,columbia,13.95,regular_price,,Wall Tools,wall_tools,Columbia Parts,columbia,Columbia Head Bushing (COLM-MP5),MP5,22.64,-8.69,product_specific,"Columbia Taping Tool Parts, Columbia Tool Parts, Taping Tool Parts, Taping Tool Repair"
auto_accept,exact_identity_key,verified_exact_identity,100,90,100,51,yes,,columbia::cr1,386,simple,,CR1,CR1,Head Casting,Head Casting,Columbia Tools,columbia,136.89,regular_price,,All-Wall,all_wall,Columbia,columbia,CR1 Columbia Corner Roller Head Casting #5561,CR1,58.50,78.39,missing,
auto_accept,exact_identity_key,verified_exact_identity,100,85,100,59,yes,,columbia::ah12,373,variation,AH1,AH1-2,AH1-2,"Head Casting - 2""","Head Casting - 2""",Columbia Tools,columbia,153.00,regular_price,,All-Wall,all_wall,Columbia,columbia,AH1-2 Columbia Angle Head Body Casting 2in,AH1-2,175.48,-22.48,product_specific,"Columbia 2.0"" Angle Head Body Casting"
review,exact_identifier_contradiction,review_contradiction,94,42,37,32,no,title_identifier_conflict:['colah12']!=ah12,columbia::ah12,373,variation,AH1,AH1-2,AH1-2,"Head Casting - 2""","Head Casting - 2""",Columbia Tools,columbia,153.00,regular_price,,All-Wall,all_wall,Columbia,columbia,COLAH12 Tension Return Spring,AH12,4.03,148.97,missing,
auto_accept,exact_identity_key,verified_exact_identity,100,45,48,40,yes,,columbia::ah125,374,variation,AH1,AH1-2.5,AH1-2.5,"Head Casting - 2.5""","Head Casting - 2.5""",Columbia Tools,columbia,173.85,regular_price,,Al's Taping Tools,als_taping_tools,Columbia,columbia,"1 - 2.5"" Body (AH-1-2.5)",AH-1-2.5,173.85,0.00,product_specific,"1 - 2.5"" Body (AH-1-2.5)"
auto_accept,exact_identity_key,verified_exact_identity,100,85,100,60,yes,,columbia::ah125,374,variation,AH1,AH1-2.5,AH1-2.5,"Head Casting - 2.5""","Head Casting - 2.5""",Columbia Tools,columbia,173.85,regular_price,,All-Wall,all_wall,Columbia,columbia,AH1-2.5 Columbia Angle Head Body Casting 2.5in,AH1-2.5,175.48,-1.63,product_specific,"Columbia 2.5"" Angle Head Body Casting"
auto_accept,exact_identity_key,verified_exact_identity,100,85,100,60,yes,,columbia::ah135,376,variation,AH1,AH1-3.5,AH1-3.5,"Head Casting - 3.5""","Head Casting - 3.5""",Columbia Tools,columbia,153.00,regular_price,,All-Wall,all_wall,Columbia,columbia,AH1-3.5 Columbia Angle Head Body Casting 3.5in,AH1-3.5,175.48,-22.48,product_specific,"Columbia 3.5"" Angle Head Body Casting Replacement part"
auto_accept,exact_identity_key,verified_exact_identity,100,90,100,66,yes,,columbia::ct20,388,simple,,CT20,CT20,Hinge Block,Hinge Block,Columbia Tools,columbia,24.95,regular_price,,Al's Taping Tools,als_taping_tools,Columbia,columbia,CT20 - Taper Hinge Block,CT20,9.77,15.18,product_specific,CT20 - Taper Hinge Block
auto_accept,exact_identity_key,verified_exact_identity,100,90,100,57,yes,,columbia::ct20,388,simple,,CT20,CT20,Hinge Block,Hinge Block,Columbia Tools,columbia,24.95,regular_price,,All-Wall,all_wall,Columbia,columbia,CT20 Columbia Taper Hinge Block #5595,CT20,11.72,13.23,missing,
auto_accept,exact_identity_key,verified_exact_identity,100,90,100,68,yes,,columbia::ct20,388,simple,,CT20,CT20,Hinge Block,Hinge Block,Columbia Tools,columbia,24.95,regular_price,,Wall Tools,wall_tools,Columbia Parts,columbia,Columbia Hinge Block (COLM-CT20),CT20,10.36,14.59,product_specific,"Columbia Taping Tool Parts, Columbia Tool Parts, Taping Tool Parts, Taping Tool Repair"
auto_accept,exact_identity_key,verified_exact_identity,100,85,85,42,yes,,columbia::hffb3a,378,variation,HFFB3-PLATE,HFFB3A,HFFB3A,Hinge Box End Plate - Left,Hinge Box End Plate - Left,Columbia Tools,columbia,36.00,regular_price,,Wall Tools,wall_tools,Columbia Parts,columbia,"Columbia Flat Finisher Flat Box End Plate (Left) (COLM-HFFB3A-7, HFFB3A-8, HFFB3A-10, HFFB3A-12)",HFFB3A,38.17,-2.17,product_specific,Columbia Flat Finisher End Plate (Left)
auto_accept,exact_identity_key,verified_exact_identity,100,85,86,45,yes,,columbia::hffb3,377,variation,HFFB3-PLATE,HFFB3,HFFB3,Hinge Box End Plate - Right,Hinge Box End Plate - Right,Columbia Tools,columbia,36.00,regular_price,,Wall Tools,wall_tools,Columbia Parts,columbia,"Columbia Flat Finisher Flat Box End Plate (Right) (COLM-HFFB3-7, HFFB3-8, HFFB3-10, HFFB3-12)",HFFB3,38.17,-2.17,product_specific,Columbia Flat Finisher End Plate (Right)
auto_accept,exact_identity_key,verified_exact_identity,100,60,63,44,yes,,columbia::cfb15a,389,simple,,CFB15A,CFB15A,Hinge Bushing (Plastic Washer),Hinge Bushing (Plastic Washer),Columbia Tools,columbia,8.50,regular_price,,All-Wall,all_wall,Columbia,columbia,CFB15A Columbia Angle Box Hinge Bushing #5553,CFB15A,2.75,5.75,missing,
auto_accept,exact_identity_key,verified_exact_identity,100,60,63,53,yes,,columbia::cfb15a,389,simple,,CFB15A,CFB15A,Hinge Bushing (Plastic Washer),Hinge Bushing (Plastic Washer),Columbia Tools,columbia,8.50,regular_price,,Wall Tools,wall_tools,Columbia Parts,columbia,Columbia Hinge Bushing for Corner Box (COLM-CFB15A),CFB15A,1.96,6.54,product_specific,Columbia Hinge Bushing for Corner Box
review,exact_identifier_unknown_brand,review_unknown_brand,90,60,63,55,yes,competitor_brand_unknown,,389,simple,,CFB15A,CFB15A,Hinge Bushing (Plastic Washer),Hinge Bushing (Plastic Washer),Columbia Tools,columbia,8.50,regular_price,,Al's Taping Tools,als_taping_tools,NorthStar,,Angle Box Hinge Bushing - CFB15A,cfb-15a,2.50,6.00,product_specific,CFB15A - Angle Box Hinge Bushing CFB15A Columbia Angle Box Hinge Bushing #5553
auto_accept,exact_identity_key,verified_exact_identity,100,90,100,34,yes,,columbia::bh6,390,simple,,BH6,BH6,Hinge Pin,Hinge Pin,Columbia Tools,columbia,11.25,regular_price,,Wall Tools,wall_tools,Columbia Parts,columbia,Columbia Hinge Pin for 180 Grip Flat Box Handle (COLM-BH6),BH6,9.33,1.92,product_specific,Columbia Hinge Pin for 180 Grip Flat Box Handle
review,exact_identifier_brand_conflict,review_brand_conflict,90,90,100,54,no,brand_mismatch:columbia!=tapetech,tapetech::bh6,390,simple,,BH6,BH6,Hinge Pin,Hinge Pin,Columbia Tools,columbia,11.25,regular_price,,Al's Taping Tools,als_taping_tools,TapeTech,tapetech,Box Handle Hinge Pin - BH6,BH6,20.46,-9.21,product_specific,BH6 - Box Handle Hinge Pin
auto_accept,exact_identity_key,verified_exact_identity,100,90,100,60,yes,,columbia::ct79,393,simple,,CT79,CT79,Hollow Shaft,Hollow Shaft,Columbia Tools,columbia,38.50,regular_price,,All-Wall,all_wall,Columbia,columbia,CT79 Columbia Taper Hollow Shaft #5851,CT79,45.18,-6.68,missing,
auto_accept,exact_identity_key,verified_exact_identity,100,90,100,70,yes,,columbia::ct79,393,simple,,CT79,CT79,Hollow Shaft,Hollow Shaft,Columbia Tools,columbia,38.50,regular_price,,Wall Tools,wall_tools,Columbia Parts,columbia,Columbia Hollow Shaft (COLM-CT79),CT79,38.77,-0.27,product_specific,"Columbia Taping Tool Parts, Columbia Tool Parts, Taping Tool Parts, Taping Tool Repair"
review,exact_identifier_brand_conflict,review_brand_conflict,90,90,100,68,no,brand_mismatch:columbia!=tapetech,tapetech::ct79,393,simple,,CT79,CT79,Hollow Shaft,Hollow Shaft,Columbia Tools,columbia,38.50,regular_price,,Al's Taping Tools,als_taping_tools,TapeTech,tapetech,Taper Hollow Shaft - CT79,CT-79,36.53,1.97,product_specific,CT79 - Taper Hollow Shaft CT79 Columbia Taper Hollow Shaft #5851
auto_accept,exact_identity_key,verified_exact_identity,100,90,100,27,yes,,columbia::ct68,394,simple,,CT68,CT68,Hub,Hub,Columbia Tools,columbia,15.00,regular_price,,All-Wall,all_wall,Columbia,columbia,CT68 Columbia Taper Hub #5842,CT68,18.08,-3.08,product_specific,CT68 Columbia Taper Hub #5842
auto_accept,exact_identity_key,verified_exact_identity,100,90,100,37,yes,,columbia::ct68,394,simple,,CT68,CT68,Hub,Hub,Columbia Tools,columbia,15.00,regular_price,,Wall Tools,wall_tools,Columbia Parts,columbia,Columbia Hub (COLM-CT68),CT68,15.52,-0.52,product_specific,"Columbia Taping Tool Parts, Columbia Tool Parts, Taping Tool Parts, Taping Tool Repair"
auto_accept,exact_identity_key,verified_exact_identity,100,85,100,65,yes,,columbia::ct3a,449,variation,CT-INSERT-BUSHING,CT3A,CT3A,Insert Bushing - Left,Insert Bushing - Left,Columbia Tools,columbia,14.50,regular_price,,Al's Taping Tools,als_taping_tools,Porter,columbia,Columbia Taper Left Insert Bushing - CT3A,CT-3A,13.56,0.94,product_specific,CT3A - Columbia Taper Left Insert Bushing
auto_accept,exact_identity_key,verified_exact_identity,100,85,100,55,yes,,columbia::ct3a,449,variation,CT-INSERT-BUSHING,CT3A,CT3A,Insert Bushing - Left,Insert Bushing - Left,Columbia Tools,columbia,14.50,regular_price,,All-Wall,all_wall,Columbia,columbia,CT3A Columbia Taper Left Insert Bushing #5573,CT3A,13.56,0.94,missing,
auto_accept,exact_identity_key,verified_exact_identity,100,85,100,59,yes,,columbia::ct3a,449,variation,CT-INSERT-BUSHING,CT3A,CT3A,Insert Bushing - Left,Insert Bushing - Left,Columbia Tools,columbia,14.50,regular_price,,Wall Tools,wall_tools,Columbia Parts,columbia,Columbia Left Insert Bushing (Includes CT4) (COLM-CT3A),CT3A,11.64,2.86,product_specific,"Columbia Taping Tool Parts, Columbia Tool Parts, Taping Tool Parts, Taping Tool Repair"
auto_accept,exact_identity_key,verified_exact_identity,100,85,100,54,yes,,columbia::ct3,448,variation,CT-INSERT-BUSHING,CT3,CT3,Insert Bushing - Right,Insert Bushing - Right,Columbia Tools,columbia,12.00,regular_price,,All-Wall,all_wall,Columbia,columbia,CT3 Columbia Taper Right Insert Bushing #5572,CT3,13.56,-1.56,missing,
auto_accept,exact_identity_key,verified_exact_identity,100,85,100,54,yes,,columbia::ct3,448,variation,CT-INSERT-BUSHING,CT3,CT3,Insert Bushing - Right,Insert Bushing - Right,Columbia Tools,columbia,12.00,regular_price,,Wall Tools,wall_tools,Columbia Parts,columbia,Columbia Right Insert Bushing (Includes CT5)  (COLM-CT3),CT3,11.64,0.36,product_specific,"Columbia Taping Tool Parts, Columbia Tool Parts, Taping Tool Parts, Taping Tool Repair"
auto_accept,exact_identity_key,verified_exact_identity,100,78,82,65,yes,,columbia::ct2,395,simple,,CT2,CT2,Insert Bushing for CT#7A,Insert Bushing for CT#7A,Columbia Tools,columbia,5.00,regular_price,,All-Wall,all_wall,Columbia,columbia,CT2 Columbia Taper Insert Bushing #5571,CT2,5.65,-0.65,missing,
auto_accept,exact_identity_key,verified_exact_identity,100,85,82,65,yes,,columbia::ct2,395,simple,,CT2,CT2,Insert Bushing for CT#7A,Insert Bushing for CT#7A,Columbia Tools,columbia,5.00,regular_price,,Wall Tools,wall_tools,Columbia Parts,columbia,Columbia Nylatron Insert Bushing (COLM-CT2),CT2,3.87,1.13,product_specific,"Columbia Taping Tool Parts, Columbia Tool Parts, Taping Tool Parts, Taping Tool Repair"
auto_accept,exact_identity_key,verified_exact_identity,100,90,100,72,yes,,columbia::hp47,399,simple,,HP47,HP47,Latch Clamp Assembly,Latch Clamp Assembly,Columbia Tools,columbia,28.95,regular_price,,Wall Tools,wall_tools,Columbia Parts,columbia,Columbia Pump Latch Clamp Assembly (COLM-HP47),HP47,28.44,0.51,product_specific,Columbia Pump Latch Clamp Assembly
review,exact_identifier_brand_conflict,review_brand_conflict,90,78,82,63,no,brand_mismatch:columbia!=tapetech,tapetech::hp47,399,simple,,HP47,HP47,Latch Clamp Assembly,Latch Clamp Assembly,Columbia Tools,columbia,28.95,regular_price,,Al's Taping Tools,als_taping_tools,TapeTech,tapetech,Draw Latch Assembly - HP47,HP-47,21.33,7.62,quarantined_storefront_boilerplate,
auto_accept,exact_identity_key,verified_exact_identity,100,90,100,63,yes,,columbia::hp46,400,simple,,HP46,HP46,Latch Keeper,Latch Keeper,Columbia Tools,columbia,19.75,regular_price,,Al's Taping Tools,als_taping_tools,Columbia,columbia,Mud Pump Latch Keeper - HP46,hp46,3.64,16.11,product_specific,HP46 - Mud Pump Latch Keeper
auto_accept,exact_identity_key,verified_exact_identity,100,90,100,55,yes,,columbia::hp46,400,simple,,HP46,HP46,Latch Keeper,Latch Keeper,Columbia Tools,columbia,19.75,regular_price,,All-Wall,all_wall,Columbia,columbia,HP46 Columbia Mud Pump Latch Keeper #6155,HP46,5.48,14.27,missing,
auto_accept,exact_identity_key,verified_exact_identity,100,90,100,70,yes,,columbia::hp46,400,simple,,HP46,HP46,Latch Keeper,Latch Keeper,Columbia Tools,columbia,19.75,regular_price,,Wall Tools,wall_tools,Columbia Parts,columbia,Columbia Latch Keeper (COLM-HP46),HP46,3.87,15.88,product_specific,"Columbia Taping Tool Parts, Columbia Tool Parts, Taping Tool Parts, Taping Tool Repair"
auto_accept,exact_identity_key,verified_exact_identity,100,90,100,40,yes,,columbia::mp8,401,simple,,MP8,MP8,Leg,Leg,Columbia Tools,columbia,71.00,regular_price,,Wall Tools,wall_tools,Columbia Parts,columbia,Columbia Leg (COLM-MP8),MP8,74.34,-3.34,product_specific,"Columbia Taping Tool Parts, Columbia Tool Parts, Taping Tool Parts, Taping Tool Repair"
review,exact_identifier_contradiction,review_contradiction,94,90,100,27,no,title_identifier_conflict:['colmp8']!=mp8,columbia::mp8,401,simple,,MP8,MP8,Leg,Leg,Columbia Tools,columbia,71.00,regular_price,,All-Wall,all_wall,Columbia,columbia,COLMP8 Columbia Mud Pump Leg,MP8,86.62,-15.62,product_specific,Columbia Mud Pump Leg
auto_accept,exact_identity_key,verified_exact_identity,100,90,100,38,yes,,columbia::hh17c,402,simple,,HH17C,HH17C,Line Pincher,Line Pincher,Columbia Tools,columbia,4.00,regular_price,,Wall Tools,wall_tools,Columbia Parts,columbia,Columbia Line Pincher for Hydra Reach Flat Box Handle (COLM-HH17C),HH17C,3.62,0.38,product_specific,Columbia Line Pincher for Hydra Reach Flat Box Handle
review,exact_identifier_contradiction,review_contradiction,94,90,100,61,no,title_identifier_conflict:['colhh17c']!=hh17c,columbia::hh17c,402,simple,,HH17C,HH17C,Line Pincher,Line Pincher,Columbia Tools,columbia,4.00,regular_price,,All-Wall,all_wall,Columbia,columbia,COLHH17C Line Pincher for COL88,HH17C,4.98,-0.98,missing,
auto_accept,exact_identity_key,verified_exact_identity,100,90,100,62,yes,,columbia::bh4,403,simple,,BH4,BH4,Lower Brake Lever,Lower Brake Lever,Columbia Tools,columbia,22.53,regular_price,,Al's Taping Tools,als_taping_tools,Columbia,columbia,Flat Box Handle Lower Brake Lever - BH4,BH4,24.79,-2.26,product_specific,BH4 - Flat Box Handle Lower Brake Lever FFH4 Columbia Flat Box Handle Lower Brake Lever #6123
auto_accept,exact_identity_key,verified_exact_identity,100,90,100,50,yes,,columbia::bh4,403,simple,,BH4,BH4,Lower Brake Lever,Lower Brake Lever,Columbia Tools,columbia,22.53,regular_price,,Wall Tools,wall_tools,Columbia Parts,columbia,Columbia Lower Brake Lever for 180 Grip Flat Box Handle (COLM-BH4),BH4,24.79,-2.26,product_specific,Columbia Lower Brake Lever for 180 Grip Flat Box Handle
review,high_confidence_fuzzy_title,review_fuzzy,92,92,92,92,yes,,,404,simple,,MH3,MH3,Lower Mount Bracket,Lower Mount Bracket,Columbia Tools,columbia,33.00,regular_price,,All-Wall,all_wall,Columbia,columbia,Columbia Lower Mounting Bracket,BH3,35.90,-2.90,missing,
auto_accept,exact_identity_key,verified_exact_identity,100,100,100,100,yes,,columbia::bh3,405,simple,,BH3,BH3,Lower Mounting Bracket,Lower Mounting Bracket,Columbia Tools,columbia,32.00,regular_price,,All-Wall,all_wall,Columbia,columbia,Columbia Lower Mounting Bracket,BH3,35.90,-3.90,missing,
auto_accept,exact_identity_key,verified_exact_identity,100,90,100,56,yes,,columbia::bh3,405,simple,,BH3,BH3,Lower Mounting Bracket,Lower Mounting Bracket,Columbia Tools,columbia,32.00,regular_price,,Wall Tools,wall_tools,Columbia Parts,columbia,Columbia Lower Mounting Bracket for 180 Grip Flat Box Handle (COLM-BH3),BH3,29.95,2.05,product_specific,Columbia Lower Mounting Bracket for 180 Grip Flat Box Handle
auto_accept,exact_identity_key,verified_exact_identity,100,90,100,75,yes,,columbia::ct80,406,simple,,CT80,CT80,Manual Drive Grip,Manual Drive Grip,Columbia Tools,columbia,18.75,regular_price,,Al's Taping Tools,als_taping_tools,Columbia,columbia,Taper Manual Drive Grip - CT80,CT-80,45.16,-26.41,product_specific,CT80 - Taper Manual Drive Grip
auto_accept,exact_identity_key,verified_exact_identity,100,90,100,68,yes,,columbia::ct80,406,simple,,CT80,CT80,Manual Drive Grip,Manual Drive Grip,Columbia Tools,columbia,18.75,regular_price,,All-Wall,all_wall,Columbia,columbia,CT80 Columbia Taper Manual Drive Grip #5852,CT80,43.84,-25.09,missing,
auto_accept,exact_identity_key,verified_exact_identity,100,90,100,77,yes,,columbia::ct80,406,simple,,CT80,CT80,Manual Drive Grip,Manual Drive Grip,Columbia Tools,columbia,18.75,regular_price,,Wall Tools,wall_tools,Columbia Parts,columbia,Columbia Manual Drive Grip (COLM-CT80),CT80,38.77,-20.02,product_specific,"Columbia Taping Tool Parts, Columbia Tool Parts, Taping Tool Parts, Taping Tool Repair"
auto_accept,exact_identity_key,verified_exact_identity,100,90,100,57,yes,,columbia::ct43,408,simple,,CT43,CT43,Micro Chain,Micro Chain,Columbia Tools,columbia,28.52,regular_price,,Al's Taping Tools,als_taping_tools,Columbia,columbia,Taper Micro Chain #5618 - CT43,CT-43,36.39,-7.87,product_specific,CT43 - Taper Micro Chain #5618
auto_accept,exact_identity_key,verified_exact_identity,100,90,100,57,yes,,columbia::ct43,408,simple,,CT43,CT43,Micro Chain,Micro Chain,Columbia Tools,columbia,28.52,regular_price,,All-Wall,all_wall,Columbia,columbia,CT43 Columbia Taper Micro Chain #5618,CT43,37.66,-9.14,product_specific,Micro Chain Cutter Chain (1 side) Columbia Automatic Taper. Full cutter chain requires (2) Micro Chains Columbia/Marshalltown- part #CT43
auto_accept,exact_identity_key,verified_exact_identity,100,90,100,46,yes,,columbia::ct43,408,simple,,CT43,CT43,Micro Chain,Micro Chain,Columbia Tools,columbia,28.52,regular_price,,Wall Tools,wall_tools,Columbia Parts,columbia,Columbia Micro Chain (Cutting System) (COLM-CT43),CT43,32.32,-3.80,product_specific,"Columbia Taping Tool Parts, Columbia Tool Parts, Taping Tool Parts, Taping Tool Repair"
review,exact_identifier_contradiction,review_contradiction,94,85,72,41,no,"product_family_mismatch:['plate']!=['flat box', 'handle']",columbia::bh1,410,simple,,BH1,BH1,Mounting Plate,Mounting Plate,Columbia Tools,columbia,54.64,regular_price,,Wall Tools,wall_tools,Columbia Parts,columbia,Columbia Handle Mounting Base for 180 Grip Flat Box Handle (COLM-BH1),BH1,63.76,-9.12,product_specific,Columbia Handle Mounting Base for 180 Grip Flat Box Handle
auto_accept,exact_identity_key,verified_exact_identity,100,90,100,53,yes,,columbia::mp24,411,simple,,MP24,MP24,Mud Pump Screen,Mud Pump Screen,Columbia Tools,columbia,4.00,regular_price,,All-Wall,all_wall,Columbia,columbia,MP24 Columbia Mud Pump Mud Pump Screen (Coarse) #6178,MP24,5.65,-1.65,missing,
auto_accept,exact_identity_key,verified_exact_identity,100,90,100,65,yes,,columbia::mp23,412,simple,,MP23,MP23,Mud Pump Seal,Mud Pump Seal,Columbia Tools,columbia,16.50,regular_price,,Al's Taping Tools,als_taping_tools,Columbia,columbia,Columbia Mud Pump Mud Pump Seal - MP23,MP-23,3.32,13.18,product_specific,MP23 - Columbia Mud Pump Mud Pump Seal MP23 Columbia Mud Pump Mud Pump Seal #6176
auto_accept,exact_identity_key,verified_exact_identity,100,90,100,57,yes,,columbia::mp23,412,simple,,MP23,MP23,Mud Pump Seal,Mud Pump Seal,Columbia Tools,columbia,16.50,regular_price,,All-Wall,all_wall,Columbia,columbia,MP23 Columbia Mud Pump Mud Pump Seal #6176,MP23,5.65,10.85,missing,
auto_accept,exact_identity_key,verified_exact_identity,100,90,100,59,yes,,columbia::mp23,412,simple,,MP23,MP23,Mud Pump Seal,Mud Pump Seal,Columbia Tools,columbia,16.50,regular_price,,Wall Tools,wall_tools,Columbia Parts,columbia,Columbia Mud Pump Seal (a.k.a U-cup) (COLM-MP23),MP23,3.87,12.63,product_specific,"Columbia Taping Tool Parts, Columbia Tool Parts, Taping Tool Parts, Taping Tool Repair"
auto_accept,exact_identity_key,verified_exact_identity,100,85,58,33,yes,,columbia::hffb1a10,413,simple,,HFFB1A-10,HFFB1A-10 | HFFB1A,"Mud Seal Strip - 10""","Mud Seal Strip - 10""",Columbia Tools,columbia,10.00,regular_price,,Wall Tools,wall_tools,Columbia Parts,columbia,Columbia 10 in. Flat Box Hinge Seal (COLM-HFFB1A-10),HFFB1A-10,12.67,-2.67,product_specific,Columbia 10 in. Flat Box Hinge Seal
auto_accept,exact_identity_key,verified_exact_identity,100,90,100,70,yes,,columbia::ct96,414,simple,,CT96,CT96,Mud Shut-Off Gasket,Mud Shut-Off Gasket,Columbia Tools,columbia,4.00,regular_price,,All-Wall,all_wall,Columbia,columbia,CT96 Columbia Taper Mud Shut Off Gasket #5871,CT96,3.28,0.72,missing,
auto_accept,exact_identity_key,verified_exact_identity,100,65,68,54,yes,,columbia::ct96,414,simple,,CT96,CT96,Mud Shut-Off Gasket,Mud Shut-Off Gasket,Columbia Tools,columbia,4.00,regular_price,,Wall Tools,wall_tools,Columbia Parts,columbia,Columbia Mud Gate Gasket (COLM-CT96),CT96,2.26,1.74,product_specific,"Columbia Taping Tool Parts, Columbia Tool Parts, Taping Tool Parts, Taping Tool Repair"
auto_accept,exact_identity_key,verified_exact_identity,100,83,87,68,yes,,columbia::ct98,415,simple,,CT98,CT98,Mud Supply Seal Plate & Shaft,Mud Supply Seal Plate & Shaft,Columbia Tools,columbia,24.95,regular_price,,All-Wall,all_wall,Columbia,columbia,CT98 Columbia Taper Mud Supply Seal Plate #5960,CT98,7.53,17.42,missing,
auto_accept,exact_identity_key,verified_exact_identity,100,95,100,84,yes,,columbia::ct98,415,simple,,CT98,CT98,Mud Supply Seal Plate & Shaft,Mud Supply Seal Plate & Shaft,Columbia Tools,columbia,24.95,regular_price,,Wall Tools,wall_tools,Columbia Parts,columbia,Columbia Mud Supply Seal Plate & Shaft (COLM-CT98),CT98,5.16,19.79,product_specific,"Columbia Taping Tool Parts, Columbia Tool Parts, Taping Tool Parts, Taping Tool Repair"
review,exact_identifier_unknown_brand,review_unknown_brand,90,83,87,77,yes,competitor_brand_unknown,,415,simple,,CT98,CT98,Mud Supply Seal Plate & Shaft,Mud Supply Seal Plate & Shaft,Columbia Tools,columbia,24.95,regular_price,,Al's Taping Tools,als_taping_tools,Porter,,Taper Mud Supply Seal Plate - CT98,CT-98,6.05,18.90,product_specific,CT98 - Taper Mud Supply Seal Plate CT98 Columbia Taper Mud Supply Seal Plate
auto_accept,exact_identity_key,verified_exact_identity,100,90,100,72,yes,,columbia::ct97,416,simple,,CT97,CT97,Mud Supply Valve Body,Mud Supply Valve Body,Columbia Tools,columbia,34.50,regular_price,,All-Wall,all_wall,Columbia,columbia,CT97 Columbia Taper Mud Supply Valve Body #5959,CT97,30.14,4.36,missing,
auto_accept,exact_identity_key,verified_exact_identity,100,95,100,80,yes,,columbia::ct97,416,simple,,CT97,CT97,Mud Supply Valve Body,Mud Supply Valve Body,Columbia Tools,columbia,34.50,regular_price,,Wall Tools,wall_tools,Columbia Parts,columbia,Columbia Mud Supply Valve Body (COLM-CT97),CT97,25.86,8.64,product_specific,"Columbia Taping Tool Parts, Columbia Tool Parts, Taping Tool Parts, Taping Tool Repair"
review,exact_identifier_unknown_brand,review_unknown_brand,90,90,100,68,yes,competitor_brand_unknown,,416,simple,,CT97,CT97,Mud Supply Valve Body,Mud Supply Valve Body,Columbia Tools,columbia,34.50,regular_price,,Al's Taping Tools,als_taping_tools,,,Taper Mud Supply Valve Body 054059F - CT97,CT97,33.45,1.05,quarantined_storefront_boilerplate,
auto_accept,exact_identity_key,verified_exact_identity,100,90,100,67,yes,,columbia::cfb6,417,simple,,CFB6,CFB6,Mud Supply Valve Unit,Mud Supply Valve Unit,Columbia Tools,columbia,29.00,regular_price,,All-Wall,all_wall,Columbia,columbia,CFB6 Columbia Angle Box Mud Supply Valve Unit #5545,CFB6,32.18,-3.18,missing,
auto_accept,exact_identity_key,verified_exact_identity,100,85,86,62,yes,,columbia::cfb6,417,simple,,CFB6,CFB6,Mud Supply Valve Unit,Mud Supply Valve Unit,Columbia Tools,columbia,29.00,regular_price,,Wall Tools,wall_tools,Columbia Parts,columbia,Columbia Mud Supply Valve for Corner Box (COLM-CFB6),CFB6,38.44,-9.44,product_specific,Columbia Mud Supply Valve for Corner Box
auto_accept,exact_identity_key,verified_exact_identity,100,95,100,90,yes,,columbia::hns17a,418,simple,,HNS17A,HNS17A,Nail Spotter Handle Tightness Screw,Nail Spotter Handle Tightness Screw,Columbia Tools,columbia,5.00,regular_price,,All-Wall,all_wall,Columbia,columbia,HNS17A Columbia Nail Spotter Handle Tightness Screw,HNS17A,4.82,0.18,product_specific,Columbia Nail Spotter Handle Tightness Screw - HNS17A
auto_accept,exact_identity_key,verified_exact_identity,100,100,100,100,yes,,columbia::ct63,419,simple,,CT63,CT63,Needle,Needle,Columbia Tools,columbia,2.00,regular_price,,All-Wall,all_wall,Columbia,columbia,Needle,CT63,1.93,0.07,missing,
auto_accept,exact_identity_key,verified_exact_identity,100,90,100,40,yes,,columbia::ct63,419,simple,,CT63,CT63,Needle,Needle,Columbia Tools,columbia,2.00,regular_price,,Wall Tools,wall_tools,Columbia Parts,columbia,Columbia Tape Advance Needle (COLM-CT63),CT63,1.29,0.71,product_specific,"Columbia Taping Tool Parts, Columbia Tool Parts, Taping Tool Parts, Taping Tool Repair"
auto_accept,exact_identity_key,verified_exact_identity,100,90,100,71,yes,,columbia::ct62,420,simple,,CT62,CT62,Needle Holding Shaft,Needle Holding Shaft,Columbia Tools,columbia,16.00,regular_price,,All-Wall,all_wall,Columbia,columbia,CT62 Columbia Taper Needle Holding Shaft #5836,CT62,19.56,-3.56,missing,
auto_accept,exact_identity_key,verified_exact_identity,100,90,100,80,yes,,columbia::ct62,420,simple,,CT62,CT62,Needle Holding Shaft,Needle Holding Shaft,Columbia Tools,columbia,16.00,regular_price,,Wall Tools,wall_tools,Columbia Parts,columbia,Columbia Needle Holding Shaft (COLM-CT62),CT62,16.79,-0.79,product_specific,"Columbia Taping Tool Parts, Columbia Tool Parts, Taping Tool Parts, Taping Tool Repair"
auto_accept,exact_identity_key,verified_exact_identity,100,90,100,70,yes,,columbia::ct64,424,simple,,CT64,CT64,Needle Return Shaft,Needle Return Shaft,Columbia Tools,columbia,6.00,regular_price,,All-Wall,all_wall,Columbia,columbia,CT64 Columbia Taper Needle Return Shaft #5838,CT64,7.53,-1.53,missing,
auto_accept,exact_identity_key,verified_exact_identity,100,90,100,79,yes,,columbia::ct64,424,simple,,CT64,CT64,Needle Return Shaft,Needle Return Shaft,Columbia Tools,columbia,6.00,regular_price,,Wall Tools,wall_tools,Columbia Parts,columbia,Columbia Needle Return Shaft (COLM-CT64),CT64,5.16,0.84,product_specific,"Columbia Taping Tool Parts, Columbia Tool Parts, Taping Tool Parts, Taping Tool Repair"
auto_accept,exact_identity_key,verified_exact_identity,100,90,100,71,yes,,columbia::ct65,425,simple,,CT65,CT65,Needle Return Spring,Needle Return Spring,Columbia Tools,columbia,4.00,regular_price,,All-Wall,all_wall,Columbia,columbia,CT65 Columbia Taper Needle Return Spring #5839,CT65,5.20,-1.20,missing,
auto_accept,exact_identity_key,verified_exact_identity,100,90,100,80,yes,,columbia::ct65,425,simple,,CT65,CT65,Needle Return Spring,Needle Return Spring,Columbia Tools,columbia,4.00,regular_price,,Wall Tools,wall_tools,Columbia Parts,columbia,Columbia Needle Return Spring (COLM-CT65),CT65,3.56,0.44,product_specific,"Columbia Taping Tool Parts, Columbia Tool Parts, Taping Tool Parts, Taping Tool Repair"
auto_accept,exact_identity_key,verified_exact_identity,100,90,100,69,yes,,columbia::mp36,427,simple,,MP36,MP36,Nylatron Bushing,Nylatron Bushing,Columbia Tools,columbia,11.50,regular_price,,Al's Taping Tools,als_taping_tools,TapeWorm,columbia,Columbia Mud Pump Nylatron Bushing - MP36,MP-36,6.02,5.48,product_specific,MP36 - Columbia Mud Pump Nylatron Bushing
auto_accept,exact_identity_key,verified_exact_identity,100,90,100,62,yes,,columbia::mp36,427,simple,,MP36,MP36,Nylatron Bushing,Nylatron Bushing,Columbia Tools,columbia,11.50,regular_price,,All-Wall,all_wall,Columbia,columbia,MP36 Columbia Mud Pump Nylatron Bushing #5879,MP36,7.30,4.20,missing,
auto_accept,exact_identity_key,verified_exact_identity,100,90,100,72,yes,,columbia::hffb4d,426,simple,,HFFB4D,HFFB4D,Nylatron Bushing,Nylatron Bushing,Columbia Tools,columbia,3.00,regular_price,,Wall Tools,wall_tools,,columbia,Columbia Nylatron Bushing (COLM-HFFB4D),HFFB4D,2.04,0.96,product_specific,Columbia Nylatron Bushing
auto_accept,exact_identity_key,verified_exact_identity,100,90,100,76,yes,,columbia::mp36,427,simple,,MP36,MP36,Nylatron Bushing,Nylatron Bushing,Columbia Tools,columbia,11.50,regular_price,,Wall Tools,wall_tools,Columbia Parts,columbia,Columbia Nylatron Bushing (COLM-MP36),MP36,5.16,6.34,product_specific,"Columbia Taping Tool Parts, Columbia Tool Parts, Taping Tool Parts, Taping Tool Repair"
auto_accept,exact_identity_key,verified_exact_identity,100,85,89,72,yes,,columbia::ct29a,451,variation,CT-NYLATRON-CHAIN-ROLLER,CT29A,CT29A,Nylatron Chain Roller - Left (Large),Nylatron Chain Roller - Left (Large),Columbia Tools,columbia,4.00,regular_price,,All-Wall,all_wall,Columbia,columbia,CT29A Columbia Taper Nylatron Chain Roller (Left) #5603,CT29A,4.70,-0.70,missing,
review,exact_identifier_contradiction,review_contradiction,94,85,79,53,no,handedness_mismatch:left!=right,columbia::ct29a,451,variation,CT-NYLATRON-CHAIN-ROLLER,CT29A,CT29A,Nylatron Chain Roller - Left (Large),Nylatron Chain Roller - Left (Large),Columbia Tools,columbia,4.00,regular_price,,Wall Tools,wall_tools,Columbia Parts,columbia,Columbia Small Right Side Nylatron Chain Roller for Automatic Taper (COLM-CT29A),CT29A,3.23,0.77,product_specific,Columbia Small Right Side Nylatron Chain Roller for Automatic Taper
auto_accept,exact_identity_key,verified_exact_identity,100,73,77,62,yes,,columbia::ct29,450,variation,CT-NYLATRON-CHAIN-ROLLER,CT29,CT29,Nylatron Chain Roller - Right (Small),Nylatron Chain Roller - Right (Small),Columbia Tools,columbia,13.50,regular_price,,All-Wall,all_wall,Columbia,columbia,CT29 Columbia Taper Nylatron Chain Roller #5602,CT29,4.70,8.80,missing,
auto_accept,exact_identity_key,verified_exact_identity,100,95,100,71,yes,,columbia::ct29,450,variation,CT-NYLATRON-CHAIN-ROLLER,CT29,CT29,Nylatron Chain Roller - Right (Small),Nylatron Chain Roller - Right (Small),Columbia Tools,columbia,13.50,regular_price,,Wall Tools,wall_tools,Columbia Parts,columbia,Columbia Right Nylatron Chain Roller (Small) (COLM-CT29),CT29,3.23,10.27,product_specific,"Columbia Taping Tool Parts, Columbia Tool Parts, Taping Tool Parts, Taping Tool Repair"
review,exact_identifier_unknown_brand,review_unknown_brand,90,75,79,70,yes,competitor_brand_unknown,,450,variation,CT-NYLATRON-CHAIN-ROLLER,CT29,CT29,Nylatron Chain Roller - Right (Small),Nylatron Chain Roller - Right (Small),Columbia Tools,columbia,13.50,regular_price,,Al's Taping Tools,als_taping_tools,NorthStar,,Taper Nylatron Chain Roller - CT29,CT-29,3.51,9.99,product_specific,CT29 - Taper Nylatron Chain Roller
auto_accept,exact_identity_key,verified_exact_identity,100,90,100,65,yes,,columbia::ct76,428,simple,,CT76,CT76,Nylatron Washer,Nylatron Washer,Columbia Tools,columbia,6.25,regular_price,,All-Wall,all_wall,Columbia,columbia,CT76 Columbia Taper Nylatron Washer #5847,CT76,1.43,4.82,missing,
auto_accept,exact_identity_key,verified_exact_identity,100,90,100,75,yes,,columbia::ct76,428,simple,,CT76,CT76,Nylatron Washer,Nylatron Washer,Columbia Tools,columbia,6.25,regular_price,,Wall Tools,wall_tools,Columbia Parts,columbia,Columbia Nylatron Washer (COLM-CT76),CT76,0.98,5.27,product_specific,"Columbia Taping Tool Parts, Columbia Tool Parts, Taping Tool Parts, Taping Tool Repair"
review,exact_identifier_unknown_brand,review_unknown_brand,90,90,100,73,yes,competitor_brand_unknown,,428,simple,,CT76,CT76,Nylatron Washer,Nylatron Washer,Columbia Tools,columbia,6.25,regular_price,,Al's Taping Tools,als_taping_tools,NorthStar,,Taper Nylatron Washer - CT76,CT-76,1.30,4.95,product_specific,CT76 - Taper Nylatron Washer CT76 Columbia Taper Nylatron Washer #5847
auto_accept,exact_identity_key,verified_exact_identity,100,90,100,62,yes,,columbia::hp45,430,simple,,HP45,HP45,O Ring Enclosure,O Ring Enclosure,Columbia Tools,columbia,22.00,regular_price,,All-Wall,all_wall,Columbia,columbia,HP45 Columbia Mud Pump O-Ring Enclosure #6154,HP45,22.60,-0.60,missing,
auto_accept,exact_identity_key,verified_exact_identity,100,90,100,68,yes,,columbia::hp45,430,simple,,HP45,HP45,O Ring Enclosure,O Ring Enclosure,Columbia Tools,columbia,22.00,regular_price,,Wall Tools,wall_tools,Columbia Parts,columbia,Columbia Pump O-Ring Enclosure (COLM-HP45),HP45,19.41,2.59,product_specific,Columbia Pump O-Ring Enclosure
auto_accept,exact_identity_key,verified_exact_identity,100,90,100,30,yes,,columbia::mp23a,432,simple,,MP23A,MP23A,O-Ring,O-Ring,Columbia Tools,columbia,2.00,regular_price,,Wall Tools,wall_tools,Columbia Parts,columbia,Columbia O Ring (a.k.a. Filler O-ring) (COLM-MP23A),MP23A,1.29,0.71,product_specific,"Columbia Taping Tool Parts, Columbia Tool Parts, Taping Tool Parts, Taping Tool Repair"
auto_accept,exact_identity_key,verified_exact_identity,100,90,100,33,yes,,columbia::ct121a,431,simple,,CT121A,CT121A,O-Ring,O-Ring,Columbia Tools,columbia,2.00,regular_price,,Wall Tools,wall_tools,Columbia Parts,columbia,"Columbia Tape Spool Shaft ""O"" Ring (COLM-CT121A)",CT121A,1.29,0.71,product_specific,"Columbia Taping Tool Parts, Columbia Tool Parts, Taping Tool Parts, Taping Tool Repair"
auto_accept,exact_identity_key,verified_exact_identity,100,90,100,74,yes,,columbia::ct19,434,simple,,CT19,CT19,Paper Feed Guide,Paper Feed Guide,Columbia Tools,columbia,30.83,regular_price,,Al's Taping Tools,als_taping_tools,Columbia,columbia,Taper Paper Feed Guide - CT19,CT-19,32.92,-2.09,product_specific,Taper Paper Feed Guide - CT19 Columbia Taper Paper Feed Guide #5594
auto_accept,exact_identity_key,verified_exact_identity,100,90,100,66,yes,,columbia::ct19,434,simple,,CT19,CT19,Paper Feed Guide,Paper Feed Guide,Columbia Tools,columbia,30.83,regular_price,,All-Wall,all_wall,Columbia,columbia,CT19 Columbia Taper Paper Feed Guide #5594,CT19,40.70,-9.87,missing,
auto_accept,exact_identity_key,verified_exact_identity,100,90,100,76,yes,,columbia::ct19,434,simple,,CT19,CT19,Paper Feed Guide,Paper Feed Guide,Columbia Tools,columbia,30.83,regular_price,,Wall Tools,wall_tools,Columbia Parts,columbia,Columbia Paper Feed Guide (COLM-CT19),CT19,34.93,-4.10,product_specific,"Columbia Taping Tool Parts, Columbia Tool Parts, Taping Tool Parts, Taping Tool Repair"
auto_accept,exact_identity_key,verified_exact_identity,100,90,100,73,yes,,columbia::mp13,423,variation,MP-PISTON-BACKING-WASHER,MP13,MP13,Piston Backing Washer - Large,Piston Backing Washer - Large,Columbia Tools,columbia,14.25,regular_price,,All-Wall,all_wall,Columbia,columbia,MP13 Columbia Mud Pump Piston Backing Washer (Large) #6173,MP13,10.98,3.27,missing,
auto_accept,exact_identity_key,verified_exact_identity,100,85,100,68,yes,,columbia::mp13,423,variation,MP-PISTON-BACKING-WASHER,MP13,MP13,Piston Backing Washer - Large,Piston Backing Washer - Large,Columbia Tools,columbia,14.25,regular_price,,Wall Tools,wall_tools,Columbia Parts,columbia,Columbia Piston Cup Backing Washer (a.k.a. Large Retainer) (COLM-MP13),MP13,7.77,6.48,product_specific,"Columbia Taping Tool Parts, Columbia Tool Parts, Taping Tool Parts, Taping Tool Repair"
review,exact_identifier_unknown_brand,review_unknown_brand,90,90,100,79,yes,competitor_brand_unknown,,423,variation,MP-PISTON-BACKING-WASHER,MP13,MP13,Piston Backing Washer - Large,Piston Backing Washer - Large,Columbia Tools,columbia,14.25,regular_price,,Al's Taping Tools,als_taping_tools,Porter,,Mud Pump Piston Backing Washer (Large) - MP13,MP-13,6.63,7.62,product_specific,MP13 - Mud Pump Piston Backing Washer (Large) MP13 Columbia Mud Pump Piston Backing Washer (Large) #6173
auto_accept,exact_identity_key,verified_exact_identity,100,90,100,72,yes,,columbia::mp13a,422,variation,MP-PISTON-BACKING-WASHER,MP13A,MP13A,Piston Backing Washer - Small,Piston Backing Washer - Small,Columbia Tools,columbia,12.50,regular_price,,All-Wall,all_wall,Columbia,columbia,MP13A Columbia Mud Pump Piston Backing Washer (Small) #6174,MP13A,13.56,-1.06,missing,
auto_accept,exact_identity_key,verified_exact_identity,100,85,100,57,yes,,columbia::mp13a,422,variation,MP-PISTON-BACKING-WASHER,MP13A,MP13A,Piston Backing Washer - Small,Piston Backing Washer - Small,Columbia Tools,columbia,12.50,regular_price,,Wall Tools,wall_tools,Columbia Parts,columbia,Columbia Piston Cup Backing Washer (a.k.a. Small Retainer) (includes MP32) (COLM-MP13A),MP13A,11.64,0.86,product_specific,"Columbia Taping Tool Parts, Columbia Tool Parts, Taping Tool Parts, Taping Tool Repair"
review,exact_identifier_unknown_brand,review_unknown_brand,90,90,100,78,yes,competitor_brand_unknown,,422,variation,MP-PISTON-BACKING-WASHER,MP13A,MP13A,Piston Backing Washer - Small,Piston Backing Washer - Small,Columbia Tools,columbia,12.50,regular_price,,Al's Taping Tools,als_taping_tools,TapeWorm,,Mud Pump Piston Backing Washer (Small) - MP13A,MP-13A,9.95,2.55,product_specific,MP13A - Mud Pump Piston Backing Washer (Small) MP13A Columbia Mud Pump Piston Backing Washer (Small) #6174
auto_accept,exact_identity_key,verified_exact_identity,100,90,100,56,yes,,columbia::ct107,444,simple,,CT107,CT107,Piston Body,Piston Body,Columbia Tools,columbia,27.00,regular_price,,All-Wall,all_wall,Columbia,columbia,CT107 Columbia Taper Piston Body #5967,CT107,30.10,-3.10,missing,
auto_accept,exact_identity_key,verified_exact_identity,100,90,100,66,yes,,columbia::ct107,444,simple,,CT107,CT107,Piston Body,Piston Body,Columbia Tools,columbia,27.00,regular_price,,Wall Tools,wall_tools,Columbia Parts,columbia,Columbia Piston Body (COLM-CT107),CT107,25.84,1.16,product_specific,"Columbia Taping Tool Parts, Columbia Tool Parts, Taping Tool Parts, Taping Tool Repair"
auto_accept,exact_identity_key,verified_exact_identity,100,90,100,62,yes,,columbia::ct111,445,simple,,CT111,CT111,Piston Cup,Piston Cup,Columbia Tools,columbia,13.70,regular_price,,Al's Taping Tools,als_taping_tools,Columbia,columbia,Taper Piston Cup - CT111,CT-111,18.08,-4.38,product_specific,CT111 - Taper Piston Cup
auto_accept,exact_identity_key,verified_exact_identity,100,90,100,54,yes,,columbia::ct111,445,simple,,CT111,CT111,Piston Cup,Piston Cup,Columbia Tools,columbia,13.70,regular_price,,All-Wall,all_wall,Columbia,columbia,CT111 Columbia Taper Piston Cup #5969,CT111,18.08,-4.38,product_specific,CT111 - Piston Cup CMT7 - Mastic Tube Plunger x 2
auto_accept,exact_identity_key,verified_exact_identity,100,90,100,51,yes,,columbia::mp14,446,simple,,MP14,MP14,Piston Cup,Piston Cup,Columbia Tools,columbia,11.75,regular_price,,All-Wall,all_wall,Columbia,columbia,MP14 Columbia Mud Pump Piston Cup #6175,MP14,13.56,-1.81,missing,
auto_accept,exact_identity_key,verified_exact_identity,100,90,100,66,yes,,columbia::mp14,446,simple,,MP14,MP14,Piston Cup,Piston Cup,Columbia Tools,columbia,11.75,regular_price,,Wall Tools,wall_tools,Columbia Parts,columbia,Columbia Piston Cup (COLM-MP14),MP14,11.64,0.11,product_specific,"Columbia Taping Tool Parts, Columbia Tool Parts, Taping Tool Parts, Taping Tool Repair"
auto_accept,exact_identity_key,verified_exact_identity,100,85,46,37,yes,,columbia::ct111,445,simple,,CT111,CT111,Piston Cup,Piston Cup,Columbia Tools,columbia,13.70,regular_price,,Wall Tools,wall_tools,Columbia Parts,columbia,Columbia Plunger Cup (COLM-CT111),CT111,15.52,-1.82,product_specific,"Columbia Taping Tool Parts, Columbia Tool Parts, Taping Tool Parts, Taping Tool Repair"
review,exact_identifier_brand_conflict,review_brand_conflict,90,90,100,80,no,brand_mismatch:columbia!=tapetech,tapetech::mp14,446,simple,,MP14,MP14,Piston Cup,Piston Cup,Columbia Tools,columbia,11.75,regular_price,,Al's Taping Tools,als_taping_tools,TapeTech,tapetech,Piston Cup - MP14,MP-14,10.97,0.78,product_specific,MP14 - Piston Cup
review,exact_identifier_contradiction,review_contradiction,94,32,18,18,no,"product_family_mismatch:['housing']!=['flat box', 'handle']",columbia::hh16,447,simple,,HH16,HH16,Piston Housing,Piston Housing,Columbia Tools,columbia,27.00,regular_price,,Wall Tools,wall_tools,Columbia Parts,columbia,Columbia Brake Cylinder for Hydra Reach Flat Box Handle (COLM-HH16),HH16,27.71,-0.71,product_specific,Columbia Brake Cylinder for Hydra Reach Flat Box Handle
auto_accept,exact_identity_key,verified_exact_identity,100,90,100,40,yes,,columbia::hh23,452,simple,,HH23,HH23,Piston O-Ring,Piston O-Ring,Columbia Tools,columbia,2.00,regular_price,,Wall Tools,wall_tools,Columbia Parts,columbia,Columbia Piston O-Ring for Hydra Reach Flat Box Handle (COLM-HH23),HH23,1.26,0.74,product_specific,Columbia Piston O-Ring for Hydra Reach Flat Box Handle
review,exact_identifier_contradiction,review_contradiction,94,90,100,55,no,title_identifier_conflict:['colhh23']!=hh23,columbia::hh23,452,simple,,HH23,HH23,Piston O-Ring,Piston O-Ring,Columbia Tools,columbia,2.00,regular_price,,All-Wall,all_wall,Columbia,columbia,COLHH23 Piston O-Ring for Hydra Handle,HH23,1.78,0.22,missing,
auto_accept,exact_identity_key,verified_exact_identity,100,90,100,55,yes,,columbia::mp11,453,simple,,MP11,MP11,Piston Shaft,Piston Shaft,Columbia Tools,columbia,28.50,regular_price,,All-Wall,all_wall,Columbia,columbia,MP11 Columbia Mud Pump Piston Shaft #6172,MP11,60.26,-31.76,missing,
auto_accept,exact_identity_key,verified_exact_identity,100,90,100,70,yes,,columbia::mp11,453,simple,,MP11,MP11,Piston Shaft,Piston Shaft,Columbia Tools,columbia,28.50,regular_price,,Wall Tools,wall_tools,Columbia Parts,columbia,Columbia Piston Shaft (COLM-MP11),MP11,51.72,-23.22,product_specific,"Columbia Taping Tool Parts, Columbia Tool Parts, Taping Tool Parts, Taping Tool Repair"
review,exact_identifier_brand_conflict,review_brand_conflict,90,90,100,63,no,brand_mismatch:columbia!=tapetech,tapetech::mp11,453,simple,,MP11,MP11,Piston Shaft,Piston Shaft,Columbia Tools,columbia,28.50,regular_price,,Al's Taping Tools,als_taping_tools,TapeTech,tapetech,Mud Pump Piston Shaft - MP11,mp-11,52.84,-24.34,product_specific,MP11 - Mud Pump Piston Shaft MP11 Columbia Mud Pump Piston Shaft #6172
auto_accept,exact_identity_key,verified_exact_identity,100,60,100,19,yes,,columbia::bh2,455,simple,,BH2,BH2,Plate,Plate,Columbia Tools,columbia,33.71,regular_price,,All-Wall,all_wall,Columbia,columbia,BH2 Columbia Box Handle 180 Grip Plate - COL handles #12459,BH2,45.84,-12.13,missing,
auto_accept,exact_identity_key,verified_exact_identity,100,90,100,22,yes,,columbia::bh2,455,simple,,BH2,BH2,Plate,Plate,Columbia Tools,columbia,33.71,regular_price,,Wall Tools,wall_tools,Columbia Parts,columbia,Columbia 180 Grip Plate for Flat Box Handle (COLM-BH2),BH2,38.20,-4.49,product_specific,Columbia 180 Grip Plate for Flat Box Handle
review,exact_identifier_brand_conflict,review_brand_conflict,90,90,100,29,no,brand_mismatch:columbia!=tapetech,tapetech::bh2,455,simple,,BH2,BH2,Plate,Plate,Columbia Tools,columbia,33.71,regular_price,,Al's Taping Tools,als_taping_tools,TapeTech,tapetech,Box Handle 180 Grip Plate - BH2,BH2,37.08,-3.37,product_specific,BH2 - Box Handle 180 Grip Plate
auto_accept,exact_identity_key,verified_exact_identity,100,90,100,59,yes,,columbia::hp1,456,simple,,HP1,HP1,Pump Cylinder,Pump Cylinder,Columbia Tools,columbia,52.00,regular_price,,All-Wall,all_wall,Columbia,columbia,Columbia Mud Pump Cylinder (Removable) HP1,HP1,60.26,-8.26,product_specific,Columbia Mud Pump Replacement Cylinder (Removable) HP1. Replaces the cylinder in the Columbia Hot Mud Loading Pump.
auto_accept,exact_identity_key,verified_exact_identity,100,90,100,74,yes,,columbia::hp1,456,simple,,HP1,HP1,Pump Cylinder,Pump Cylinder,Columbia Tools,columbia,52.00,regular_price,,Wall Tools,wall_tools,Columbia Parts,columbia,Columbia Pump Cylinder (COLM-HP1),HP1,51.72,0.28,product_specific,"Columbia Taping Tool Parts, Columbia Tool Parts, Taping Tool Parts, Taping Tool Repair"
auto_accept,exact_identity_key,verified_exact_identity,100,90,100,66,yes,,columbia::mp3,457,simple,,MP3,MP3,Pump Flapper Valve,Pump Flapper Valve,Columbia Tools,columbia,4.00,regular_price,,All-Wall,all_wall,Columbia,columbia,MP3 Columbia Mud Pump Pump Flapper Valve #6163,MP3,4.70,-0.70,missing,
auto_accept,exact_identity_key,verified_exact_identity,100,90,100,80,yes,,columbia::mp3,457,simple,,MP3,MP3,Pump Flapper Valve,Pump Flapper Valve,Columbia Tools,columbia,4.00,regular_price,,Wall Tools,wall_tools,Columbia Parts,columbia,Columbia Pump Flapper Valve (COLM-MP3),MP3,3.23,0.77,product_specific,"Columbia Taping Tool Parts, Columbia Tool Parts, Taping Tool Parts, Taping Tool Repair"
auto_accept,exact_identity_key,verified_exact_identity,100,90,100,62,yes,,columbia::mp7,458,simple,,MP7,MP7,Pump Handle,Pump Handle,Columbia Tools,columbia,87.00,regular_price,,All-Wall,all_wall,Columbia,columbia,MP7 Columbia Mud Pump Handle #6167,MP7,105.42,-18.42,missing,
auto_accept,exact_identity_key,verified_exact_identity,100,67,70,46,yes,,columbia::mp7,458,simple,,MP7,MP7,Pump Handle,Pump Handle,Columbia Tools,columbia,87.00,regular_price,,Wall Tools,wall_tools,Columbia Parts,columbia,Columbia Handle (COLM-MP7),MP7,90.49,-3.49,product_specific,"Columbia Taping Tool Parts, Columbia Tool Parts, Taping Tool Parts, Taping Tool Repair"
auto_accept,exact_identity_key,verified_exact_identity,100,90,100,68,yes,,columbia::ct67,459,simple,,CT67,CT67,Ratchet Gear,Ratchet Gear,Columbia Tools,columbia,34.50,regular_price,,Al's Taping Tools,als_taping_tools,NorthStar,columbia,Columbia Taper Ratchet Gear - CT67,CT-67,4.42,30.08,product_specific,CT67 - Columbia Taper Ratchet Gear
auto_accept,exact_identity_key,verified_exact_identity,100,90,100,60,yes,,columbia::ct67,459,simple,,CT67,CT67,Ratchet Gear,Ratchet Gear,Columbia Tools,columbia,34.50,regular_price,,All-Wall,all_wall,Columbia,columbia,CT67 Columbia Taper Ratchet Gear #5841,CT67,7.53,26.97,missing,
auto_accept,exact_identity_key,verified_exact_identity,100,90,100,70,yes,,columbia::ct67,459,simple,,CT67,CT67,Ratchet Gear,Ratchet Gear,Columbia Tools,columbia,34.50,regular_price,,Wall Tools,wall_tools,Columbia Parts,columbia,Columbia Ratchet Gear (COLM-CT67),CT67,5.16,29.34,product_specific,"Columbia Taping Tool Parts, Columbia Tool Parts, Taping Tool Parts, Taping Tool Repair"
auto_accept,exact_identity_key,verified_exact_identity,100,95,100,48,yes,,columbia::ct15,460,simple,,CT15,CT15,Ratchet Rod for Adjustable Brake,Ratchet Rod for Adjustable Brake,Columbia Tools,columbia,6.00,regular_price,,Wall Tools,wall_tools,Columbia Parts,columbia,Columbia Adjustable Brake Ratchet Rod (COLM-CT15),CT15,5.82,0.18,product_specific,"Columbia Taping Tool Parts, Columbia Tool Parts, Taping Tool Parts, Taping Tool Repair"
auto_accept,exact_identity_key,verified_exact_identity,100,71,75,54,yes,,columbia::ct92,461,simple,,CT92,CT92,Release Clip Bushing,Release Clip Bushing,Columbia Tools,columbia,10.00,regular_price,,All-Wall,all_wall,Columbia,columbia,CT92 Columbia Taper Release Clip #5866,CT92,12.08,-2.08,product_specific,CT92 Columbia Taper Release Clip #5866
auto_accept,exact_identity_key,verified_exact_identity,100,51,54,45,yes,,columbia::ct92,461,simple,,CT92,CT92,Release Clip Bushing,Release Clip Bushing,Columbia Tools,columbia,10.00,regular_price,,Wall Tools,wall_tools,Columbia Parts,columbia,Columbia Clutch Release Cam (COLM-CT92),CT92,10.36,-0.36,product_specific,"Columbia Taping Tool Parts, Columbia Tool Parts, Taping Tool Parts, Taping Tool Repair"
auto_accept,exact_identity_key,verified_exact_identity,100,90,100,36,yes,,columbia::hh31,462,simple,,HH31,HH31,Release Clip Pin,Release Clip Pin,Columbia Tools,columbia,12.95,regular_price,,Al's Taping Tools,als_taping_tools,Columbia,columbia,Handle Release Clip Pin - Columbia Flat Box Door Gasket 10in Fat Boy-New Style - HFBB14-1,HH31,20.44,-7.49,product_specific,HH31 - Handle Release Clip Pin
auto_accept,exact_identity_key,verified_exact_identity,100,90,100,45,yes,,columbia::hh31,462,simple,,HH31,HH31,Release Clip Pin,Release Clip Pin,Columbia Tools,columbia,12.95,regular_price,,Wall Tools,wall_tools,Columbia Parts,columbia,Columbia Release Clip Pin for Hydra Reach Flat Box Handle (COLM-HH31),HH31,14.46,-1.51,product_specific,Columbia Release Clip Pin for Hydra Reach Flat Box Handle
review,exact_identifier_contradiction,review_contradiction,94,90,100,60,no,title_identifier_conflict:['colhh31']!=hh31,columbia::hh31,462,simple,,HH31,HH31,Release Clip Pin,Release Clip Pin,Columbia Tools,columbia,12.95,regular_price,,All-Wall,all_wall,Columbia,columbia,COLHH31 Columbia Hydra Handle Release Clip Pin,HH31,16.36,-3.41,product_specific,Columbia Hydra Handle Release Clip Pin
auto_accept,exact_identity_key,verified_exact_identity,100,90,100,50,yes,,columbia::hh32,463,simple,,HH32,HH32,Release Clip Washer,Release Clip Washer,Columbia Tools,columbia,22.00,regular_price,,Wall Tools,wall_tools,Columbia Parts,columbia,Columbia Release Clip Washer for Hydra Reach Flat Box Handle (COLM-HH32),HH32,24.09,-2.09,product_specific,Columbia Release Clip Washer for Hydra Reach Flat Box Handle
review,exact_identifier_contradiction,review_contradiction,94,90,100,64,no,title_identifier_conflict:['colhh32']!=hh32,columbia::hh32,463,simple,,HH32,HH32,Release Clip Washer,Release Clip Washer,Columbia Tools,columbia,22.00,regular_price,,All-Wall,all_wall,Columbia,columbia,COLHH32 Columbia Hydra Handle Release Clip Washer,HH32,27.26,-5.26,product_specific,Columbia Hydra Handle Release Clip Washer
auto_accept,exact_identity_key,verified_exact_identity,100,90,100,69,yes,,columbia::ct89,464,simple,,CT89,CT89,Release Rod Sleeve,Release Rod Sleeve,Columbia Tools,columbia,13.70,regular_price,,All-Wall,all_wall,Columbia,columbia,CT89 Columbia Taper Release Rod Sleeve #5863,CT89,18.10,-4.40,missing,
auto_accept,exact_identity_key,verified_exact_identity,100,90,100,67,yes,,columbia::ct89,464,simple,,CT89,CT89,Release Rod Sleeve,Release Rod Sleeve,Columbia Tools,columbia,13.70,regular_price,,Wall Tools,wall_tools,Columbia Parts,columbia,Columbia Clutch Release Rod Sleeve (COLM-CT89),CT89,15.52,-1.82,product_specific,"Columbia Taping Tool Parts, Columbia Tool Parts, Taping Tool Parts, Taping Tool Repair"
auto_accept,exact_identity_key,verified_exact_identity,100,90,100,60,yes,,columbia::ct101,466,simple,,CT101,CT101,Return Spring,Return Spring,Columbia Tools,columbia,9.25,regular_price,,All-Wall,all_wall,Columbia,columbia,CT101 Columbia Taper Return Spring #5961,CT101,4.15,5.10,missing,
auto_accept,exact_identity_key,verified_exact_identity,100,90,100,48,yes,,columbia::ct101,466,simple,,CT101,CT101,Return Spring,Return Spring,Columbia Tools,columbia,9.25,regular_price,,Wall Tools,wall_tools,Columbia Parts,columbia,Columbia Mud Supply Valve Return Spring (COLM-CT101),CT101,2.85,6.40,product_specific,"Columbia Taping Tool Parts, Columbia Tool Parts, Taping Tool Parts, Taping Tool Repair"
auto_accept,exact_identity_key,verified_exact_identity,100,90,100,72,yes,,columbia::ah1b,465,simple,,AH1B,AH1B,Return Spring,Return Spring,Columbia Tools,columbia,3.00,regular_price,,Wall Tools,wall_tools,Columbia Parts,columbia,Columbia Return Spring (COLM-AH1B),AH1B,2.85,0.15,product_specific,"Columbia Taping Tool Parts, Columbia Tool Parts, Taping Tool Parts, Taping Tool Repair"
auto_accept,exact_identity_key,verified_exact_identity,100,90,100,72,yes,,columbia::ct54,467,simple,,CT54,CT54,Return Spring,Return Spring,Columbia Tools,columbia,3.00,regular_price,,Wall Tools,wall_tools,Columbia Parts,columbia,Columbia Return Spring (COLM-CT54),CT54,3.23,-0.23,product_specific,"Columbia Taping Tool Parts, Columbia Tool Parts, Taping Tool Parts, Taping Tool Repair"
review,exact_identifier_brand_conflict,review_brand_conflict,90,90,100,57,no,brand_mismatch:columbia!=tapetech,tapetech::ct101,466,simple,,CT101,CT101,Return Spring,Return Spring,Columbia Tools,columbia,9.25,regular_price,,Al's Taping Tools,als_taping_tools,TapeTech,tapetech,Filler Valve Return Spring - CT101,CT-101,2.43,6.82,product_specific,CT101 - Filler Valve Return Spring
auto_accept,exact_identity_key,verified_exact_identity,100,90,100,78,yes,,columbia::ct40,468,simple,,CT40,CT40,Return Spring Ring,Return Spring Ring,Columbia Tools,columbia,2.00,regular_price,,Wall Tools,wall_tools,Columbia Parts,columbia,Columbia Return Spring Ring (COLM-CT40),CT40,1.29,0.71,product_specific,"Columbia Taping Tool Parts, Columbia Tool Parts, Taping Tool Parts, Taping Tool Repair"
auto_accept,exact_identity_key,verified_exact_identity,100,90,100,69,yes,,columbia::ct36,469,simple,,CT36,CT36,Return Spring Tube,Return Spring Tube,Columbia Tools,columbia,33.00,regular_price,,All-Wall,all_wall,Columbia,columbia,CT36 Columbia Taper Return Spring Tube #5609,CT36,39.16,-6.16,missing,
auto_accept,exact_identity_key,verified_exact_identity,100,90,100,78,yes,,columbia::ct36,469,simple,,CT36,CT36,Return Spring Tube,Return Spring Tube,Columbia Tools,columbia,33.00,regular_price,,Wall Tools,wall_tools,Columbia Parts,columbia,Columbia Return Spring Tube (COLM-CT36),CT36,33.61,-0.61,product_specific,"Columbia Taping Tool Parts, Columbia Tool Parts, Taping Tool Parts, Taping Tool Repair"
auto_accept,exact_identity_key,verified_exact_identity,100,85,44,24,yes,,columbia::hh33,470,simple,,HH33,HH33,Rlease Trigger Spring,Rlease Trigger Spring,Columbia Tools,columbia,11.75,regular_price,,Wall Tools,wall_tools,Columbia Parts,columbia,Columbia Spring for Hydra Reach Flat Box Handle (COLM-HH33),HH33,5.16,6.59,product_specific,Columbia Spring for Hydra Reach Flat Box Handle
review,exact_identifier_contradiction,review_contradiction,94,85,44,49,no,title_identifier_conflict:['colhh33']!=hh33,columbia::hh33,470,simple,,HH33,HH33,Rlease Trigger Spring,Rlease Trigger Spring,Columbia Tools,columbia,11.75,regular_price,,All-Wall,all_wall,Columbia,columbia,COLHH33 Columbia Hydra Handle Release Clip Spring,HH33,7.30,4.45,product_specific,Columbia Hydra Handle Release Clip Spring
review,exact_identifier_brand_conflict,review_brand_conflict,90,57,50,57,no,brand_mismatch:columbia!=tapetech,tapetech::hh33,470,simple,,HH33,HH33,Rlease Trigger Spring,Rlease Trigger Spring,Columbia Tools,columbia,11.75,regular_price,,Al's Taping Tools,als_taping_tools,TapeTech,tapetech,Handle Release Clip Spring - HH33,HH33,7.30,4.45,product_specific,HH33 - Handle Release Clip Spring
auto_accept,exact_identity_key,verified_exact_identity,100,90,100,69,yes,,columbia::ct90,477,simple,,CT90,CT90,Rod Sleeve Housing,Rod Sleeve Housing,Columbia Tools,columbia,22.50,regular_price,,All-Wall,all_wall,Columbia,columbia,CT90 Columbia Taper Rod Sleeve Housing #5864,CT90,30.10,-7.60,missing,
auto_accept,exact_identity_key,verified_exact_identity,100,90,100,59,yes,,columbia::ct90,477,simple,,CT90,CT90,Rod Sleeve Housing,Rod Sleeve Housing,Columbia Tools,columbia,22.50,regular_price,,Wall Tools,wall_tools,Columbia Parts,columbia,Columbia Clutch Release Rod Sleeve Housing (COLM-CT90),CT90,25.84,-3.34,product_specific,"Columbia Taping Tool Parts, Columbia Tool Parts, Taping Tool Parts, Taping Tool Repair"
review,exact_identifier_unknown_brand,review_unknown_brand,90,90,100,76,yes,competitor_brand_unknown,,477,simple,,CT90,CT90,Rod Sleeve Housing,Rod Sleeve Housing,Columbia Tools,columbia,22.50,regular_price,,Al's Taping Tools,als_taping_tools,TapeWorm,,Taper Rod Sleeve Housing - CT90,CT-90,30.10,-7.60,product_specific,CT90 - Taper Rod Sleeve Housing #5864
auto_accept,exact_identity_key,verified_exact_identity,100,90,100,32,yes,,columbia::hns12a,478,simple,,HNS12A,HNS12A,Roll Pin,Roll Pin,Columbia Tools,columbia,6.00,regular_price,,All-Wall,all_wall,Columbia,columbia,HNS12A Columbia Nail Spotter Handle Roll Pin #12534,HNS12A,8.01,-2.01,product_specific,HNS12A Columbia Replacement Nail Spotter Handle Roll Pin #12534
auto_accept,exact_identity_key,verified_exact_identity,100,90,100,29,yes,,columbia::hns12a,478,simple,,HNS12A,HNS12A,Roll Pin,Roll Pin,Columbia Tools,columbia,6.00,regular_price,,Wall Tools,wall_tools,Columbia Parts,columbia,Columbia Handle Roll Pin for Hinged Nail Spotter (COLM-HNS12A),HNS12A,5.50,0.50,product_specific,"Columbia Handle Roll Pin for Hinged Nail Spotter, Nail Spotter Parts, Spotter Parts, Taping Tool Parts, Taping Tool Repair"
auto_accept,exact_identity_key,verified_exact_identity,100,90,100,56,yes,,columbia::hns13,479,simple,,HNS13,HNS13,Roll Pin Bushing,Roll Pin Bushing,Columbia Tools,columbia,9.95,regular_price,,All-Wall,all_wall,Columbia,columbia,HNS13 Columbia Nail Spotter Roll Pin Bushing #12535,HNS13,4.78,5.17,missing,
auto_accept,exact_identity_key,verified_exact_identity,100,90,100,50,yes,,columbia::hns13,479,simple,,HNS13,HNS13,Roll Pin Bushing,Roll Pin Bushing,Columbia Tools,columbia,9.95,regular_price,,Wall Tools,wall_tools,Columbia Parts,columbia,Columbia Roll Pin Bushing for Hinged Nail Spotter (COLM-HNS13),HNS13,3.29,6.66,product_specific,"Columbia Roll Pin Bushing for Hinged Nail Spotter, Roll Pin Bushing, Hinged Nail Spotter Roll Pin Bushing, Columbia tools part HNS13"
review,exact_identifier_brand_conflict,review_brand_conflict,90,90,100,56,no,brand_mismatch:columbia!=tapetech,tapetech::hns13,479,simple,,HNS13,HNS13,Roll Pin Bushing,Roll Pin Bushing,Columbia Tools,columbia,9.95,regular_price,,Al's Taping Tools,als_taping_tools,TapeTech,tapetech,Nail Spotter Roll Pin Bushing #12535 - HNS13,hns13,3.21,6.74,product_specific,HNS13 - Nail Spotter Roll Pin Bushing #12535
auto_accept,exact_identity_key,verified_exact_identity,100,90,100,54,yes,,columbia::cr2,480,simple,,CR2,CR2,Roller,Roller,Columbia Tools,columbia,12.00,regular_price,,All-Wall,all_wall,Columbia,columbia,Columbia Roller Wheel CR2,CR2,20.64,-8.64,product_specific,Columbia Corner Roller Wheel Part#CR2 - 2pc
auto_accept,exact_identity_key,verified_exact_identity,100,90,100,27,yes,,columbia::cr2,480,simple,,CR2,CR2,Roller,Roller,Columbia Tools,columbia,12.00,regular_price,,Wall Tools,wall_tools,Columbia Parts,columbia,"Columbia Roller, 2 piece - Nylatron/Steel (COLM-CR2)",CR2,15.52,-3.52,product_specific,"Columbia Taping Tool Parts, Columbia Tool Parts, Taping Tool Parts, Taping Tool Repair"
auto_accept,exact_identity_key,verified_exact_identity,100,90,100,71,yes,,columbia::ct28,481,simple,,CT28,CT28,Roller Bushing,Roller Bushing,Columbia Tools,columbia,10.75,regular_price,,Al's Taping Tools,als_taping_tools,Columbia,columbia,CT28 - Taper Roller Bushing,CT-28,3.65,7.10,product_specific,CT28 - Taper Roller Bushing
auto_accept,exact_identity_key,verified_exact_identity,100,90,100,63,yes,,columbia::ct28,481,simple,,CT28,CT28,Roller Bushing,Roller Bushing,Columbia Tools,columbia,10.75,regular_price,,All-Wall,all_wall,Columbia,columbia,CT28 Columbia Taper Roller Bushing #5601,CT28,5.65,5.10,missing,
auto_accept,exact_identity_key,verified_exact_identity,100,90,100,73,yes,,columbia::ct28,481,simple,,CT28,CT28,Roller Bushing,Roller Bushing,Columbia Tools,columbia,10.75,regular_price,,Wall Tools,wall_tools,Columbia Parts,columbia,Columbia Roller Bushing (COLM-CT28),CT28,3.87,6.88,product_specific,"Columbia Taping Tool Parts, Columbia Tool Parts, Taping Tool Parts, Taping Tool Repair"
auto_accept,exact_identity_key,verified_exact_identity,100,77,40,40,yes,,columbia::ct125,482,simple,,CT125,CT125,Rollers,Rollers,Columbia Tools,columbia,15.25,regular_price,,All-Wall,all_wall,Columbia,columbia,CT125 Columbia Taper Roller #5985,CT125,4.70,10.55,missing,
auto_accept,exact_identity_key,verified_exact_identity,100,78,35,35,yes,,columbia::ct125,482,simple,,CT125,CT125,Rollers,Rollers,Columbia Tools,columbia,15.25,regular_price,,Wall Tools,wall_tools,Columbia Parts,columbia,Columbia Hand Grip Roller (COLM-CT125),CT125,3.23,12.02,product_specific,"Columbia Taping Tool Parts, Columbia Tool Parts, Taping Tool Parts, Taping Tool Repair"
review,exact_identifier_brand_conflict,review_brand_conflict,90,77,48,48,no,brand_mismatch:columbia!=tapetech,tapetech::ct125,482,simple,,CT125,CT125,Rollers,Rollers,Columbia Tools,columbia,15.25,regular_price,,Al's Taping Tools,als_taping_tools,TapeTech,tapetech,Taper Roller - CT125,CT-125,3.04,12.21,product_specific,CT125 - Taper Roller
auto_accept,exact_identity_key,verified_exact_identity,100,90,100,71,yes,,columbia::ffb2510,153,variation,FFB25,FFB25-10,FFB25-10 | FFB25,"Rubber Gasket Retainer - 10""","Rubber Gasket Retainer - 10""",Columbia Tools,columbia,24.95,regular_price,,Al's Taping Tools,als_taping_tools,Columbia,columbia,Flat Box Rubber Gasket Retainer 10in - FFB25-10,ffb-25-10,6.00,18.95,product_specific,FFB25-10 - Flat Box Rubber Gasket Retainer 10in FFB25-10 Columbia Flat Box Rubber Gasket Retainer 10in #6105
auto_accept,exact_identity_key,verified_exact_identity,100,90,100,66,yes,,columbia::ffb2510,153,variation,FFB25,FFB25-10,FFB25-10 | FFB25,"Rubber Gasket Retainer - 10""","Rubber Gasket Retainer - 10""",Columbia Tools,columbia,24.95,regular_price,,All-Wall,all_wall,Columbia,columbia,FFB25-10 Columbia Flat Box Rubber Gasket Retainer 10in #6105,FFB25-10,7.50,17.45,missing,
auto_accept,exact_identity_key,verified_exact_identity,100,85,100,68,yes,,columbia::ffb2510,153,variation,FFB25,FFB25-10,FFB25-10 | FFB25,"Rubber Gasket Retainer - 10""","Rubber Gasket Retainer - 10""",Columbia Tools,columbia,24.95,regular_price,,Wall Tools,wall_tools,Columbia Parts,columbia,Columbia 10 in. Flat Box Rubber Gasket Retainer (COLM-FFB25-10),FFB25-10,5.15,19.80,product_specific,"Columbia Taping Tool Parts, Columbia Tool Parts, Taping Tool Parts, Taping Tool Repair"
auto_accept,exact_identity_key,verified_exact_identity,100,90,100,65,yes,,columbia::ffb2512,154,variation,FFB25,FFB25-12,FFB25-12 | FFB25,"Rubber Gasket Retainer - 12""","Rubber Gasket Retainer - 12""",Columbia Tools,columbia,28.50,regular_price,,All-Wall,all_wall,Columbia,columbia,FFB25-12 Columbia Flat Box Rubber Gasket Retainer 12in #11202,FFB25-12,7.50,21.00,missing,
auto_accept,exact_identity_key,verified_exact_identity,100,85,100,68,yes,,columbia::ffb2512,154,variation,FFB25,FFB25-12,FFB25-12 | FFB25,"Rubber Gasket Retainer - 12""","Rubber Gasket Retainer - 12""",Columbia Tools,columbia,28.50,regular_price,,Wall Tools,wall_tools,Columbia Parts,columbia,Columbia 12 in. Flat Box Rubber Gasket Retainer (COLM-FFB25-12),FFB25-12,5.15,23.35,product_specific,"Columbia Taping Tool Parts, Columbia Tool Parts, Taping Tool Parts, Taping Tool Repair"
review,exact_identifier_brand_conflict,review_brand_conflict,90,90,100,71,no,brand_mismatch:columbia!=tapetech,tapetech::ffb2512,154,variation,FFB25,FFB25-12,FFB25-12 | FFB25,"Rubber Gasket Retainer - 12""","Rubber Gasket Retainer - 12""",Columbia Tools,columbia,28.50,regular_price,,Al's Taping Tools,als_taping_tools,TapeTech,tapetech,Flat Box Rubber Gasket Retainer 12in - FFB25-12,FFB-25-12,12.00,16.50,product_specific,FFB25-12 - Flat Box Rubber Gasket Retainer 12in FFB25-12 Columbia Flat Box Rubber Gasket Retainer 12in #11202
auto_accept,exact_identity_key,verified_exact_identity,100,85,53,50,yes,,columbia::ct87cs,484,simple,,CT87-CS,CT87-CS | CT87,Rubber Seal,Rubber Seal,Columbia Tools,columbia,9.75,regular_price,,All-Wall,all_wall,Columbia,columbia,Columbia Cover Plate Cork Seal,CT87-CS,10.30,-0.55,product_specific,Columbia Cover Plate Cork Seal
review,exact_identifier_contradiction,review_contradiction,94,40,29,29,no,"product_family_mismatch:['seal']!=['gasket', 'plate']",columbia::ct87cs,484,simple,,CT87-CS,CT87-CS | CT87,Rubber Seal,Rubber Seal,Columbia Tools,columbia,9.75,regular_price,,Wall Tools,wall_tools,Columbia Parts,columbia,Columbia Cover Plate Gasket (COLM-CT87CS),CT87CS,7.08,2.67,product_specific,"Columbia Taping Tool Parts, Columbia Tool Parts, Taping Tool Parts, Taping Tool Repair"
review,exact_identifier_brand_conflict,review_brand_conflict,90,85,53,50,no,brand_mismatch:columbia!=tapetech,tapetech::ct87cs,484,simple,,CT87-CS,CT87-CS | CT87,Rubber Seal,Rubber Seal,Columbia Tools,columbia,9.75,regular_price,,Al's Taping Tools,als_taping_tools,TapeTech,tapetech,Columbia Cover Plate Cork Seal,CT-87CS,8.00,1.75,product_specific,Columbia Cover Plate Cork Seal Columbia Cover Plate Cork Seal
auto_accept,exact_identity_key,verified_exact_identity,100,90,100,54,yes,,columbia::ffb7a,474,variation,FFB7-SHOE,FFB7A,FFB7A,Shoe - Left,Shoe - Left,Columbia Tools,columbia,42.95,regular_price,,Al's Taping Tools,als_taping_tools,Porter,columbia,Columbia Flat Box Shoe (Left) - FFB7A,FFB-7A,3.44,39.51,product_specific,FFB7A - Columbia Flat Box Shoe (Left)
auto_accept,exact_identity_key,verified_exact_identity,100,90,100,62,yes,,columbia::ffb7a,474,variation,FFB7-SHOE,FFB7A,FFB7A,Shoe - Left,Shoe - Left,Columbia Tools,columbia,42.95,regular_price,,Wall Tools,wall_tools,Columbia Parts,columbia,Columbia Shoe - left (COLM-FFB7A),FFB7A,2.67,40.28,product_specific,"Columbia Taping Tool Parts, Columbia Tool Parts, Taping Tool Parts, Taping Tool Repair"
auto_accept,exact_identity_key,verified_exact_identity,100,90,100,58,yes,,columbia::ffb7,473,variation,FFB7-SHOE,FFB7,FFB7,Shoe - Right,Shoe - Right,Columbia Tools,columbia,42.95,regular_price,,Al's Taping Tools,als_taping_tools,Columbia,columbia,Columbia Flat Box Shoe (Right) - FFB7,FFB-7,3.44,39.51,product_specific,FFB7 - Columbia Flat Box Shoe (Right)
auto_accept,exact_identity_key,verified_exact_identity,100,90,100,66,yes,,columbia::ffb7,473,variation,FFB7-SHOE,FFB7,FFB7,Shoe - Right,Shoe - Right,Columbia Tools,columbia,42.95,regular_price,,Wall Tools,wall_tools,Columbia Parts,columbia,Columbia Shoe - right (COLM-FFB7),FFB7,2.67,40.28,product_specific,"Columbia Taping Tool Parts, Columbia Tool Parts, Taping Tool Parts, Taping Tool Repair"
auto_accept,exact_identity_key,verified_exact_identity,100,90,100,57,yes,,columbia::ah4,485,simple,,AH4,AH4,Side Blade,Side Blade,Columbia Tools,columbia,29.50,regular_price,,Al's Taping Tools,als_taping_tools,Columbia,columbia,AH4 - Angle Head Side Blade,AH4,3.46,26.04,product_specific,AH4 - Angle Head Side Blade AH4 Columbia Angle Head Side Blade #5805
auto_accept,exact_identity_key,verified_exact_identity,100,90,100,40,yes,,columbia::ah4,485,simple,,AH4,AH4,Side Blade,Side Blade,Columbia Tools,columbia,29.50,regular_price,,Wall Tools,wall_tools,Columbia Parts,columbia,"Columbia Side Blade Skid, Stainless Steel (COLM-AH4)",AH4,3.56,25.94,product_specific,"Columbia Taping Tool Parts, Columbia Tool Parts, Taping Tool Parts, Taping Tool Repair"
auto_accept,exact_identity_key,verified_exact_identity,100,90,100,50,yes,,columbia::cfb37,475,variation,CFB3,CFB3-7,CFB3-7,"Side Plate - 7""","Side Plate - 7""",Columbia Tools,columbia,40.00,regular_price,,All-Wall,all_wall,Columbia,columbia,CFB3-7 Columbia Angle Box Side Plate 7in #5540,CFB3-7,43.84,-3.84,missing,
auto_accept,exact_identity_key,verified_exact_identity,100,90,100,50,yes,,columbia::cfb38,476,variation,CFB3,CFB3-8,CFB3-8,"Side Plate - 8""","Side Plate - 8""",Columbia Tools,columbia,40.00,regular_price,,All-Wall,all_wall,Columbia,columbia,CFB3-8 Columbia Angle Box Side Plate 8in #5541,CFB3-8,43.84,-3.84,missing,
auto_accept,exact_identity_key,verified_exact_identity,100,90,100,63,yes,,columbia::ct7a,486,simple,,CT7A,CT7A,Side Plate Hub,Side Plate Hub,Columbia Tools,columbia,24.50,regular_price,,All-Wall,all_wall,Columbia,columbia,CT7A Columbia Taper Side Plate Hub #5581,CT7A,14.62,9.88,missing,
auto_accept,exact_identity_key,verified_exact_identity,100,90,100,73,yes,,columbia::ct7a,486,simple,,CT7A,CT7A,Side Plate Hub,Side Plate Hub,Columbia Tools,columbia,24.50,regular_price,,Wall Tools,wall_tools,Columbia Parts,columbia,Columbia Side Plate Hub (COLM-CT7A),CT7A,12.93,11.57,product_specific,"Columbia Taping Tool Parts, Columbia Tool Parts, Taping Tool Parts, Taping Tool Repair"
auto_accept,exact_identity_key,verified_exact_identity,100,90,100,38,yes,,columbia::mp39,487,simple,,MP39,MP39,Sleeve,Sleeve,Columbia Tools,columbia,14.75,regular_price,,All-Wall,all_wall,Columbia,columbia,MP39 Columbia Mud Pump Sleeve #5880,MP39,3.28,11.47,missing,
auto_accept,exact_identity_key,verified_exact_identity,100,90,100,36,yes,,columbia::mp39,487,simple,,MP39,MP39,Sleeve,Sleeve,Columbia Tools,columbia,14.75,regular_price,,Wall Tools,wall_tools,Columbia Parts,columbia,Columbia Piston Cup Sleeve (COLM-MP39),MP39,2.26,12.49,product_specific,"Columbia Taping Tool Parts, Columbia Tool Parts, Taping Tool Parts, Taping Tool Repair"
review,exact_identifier_unknown_brand,review_unknown_brand,90,90,100,46,yes,competitor_brand_unknown,,487,simple,,MP39,MP39,Sleeve,Sleeve,Columbia Tools,columbia,14.75,regular_price,,Al's Taping Tools,als_taping_tools,TapeWorm,,Mud Pump Sleeve - MP39,MP39,2.12,12.63,product_specific,MP39 - Mud Pump Sleeve MP39 Columbia Mud Pump Sleeve #5880
auto_accept,exact_identity_key,verified_exact_identity,100,85,84,54,yes,,columbia::ah18,489,simple,,AH18,AH18,Socket Wear Cap,Socket Wear Cap,Columbia Tools,columbia,9.00,regular_price,,All-Wall,all_wall,Columbia,columbia,AH18 Columbia Angle Head Socket Wear Cup #5817,AH18,10.16,-1.16,missing,
auto_accept,exact_identity_key,verified_exact_identity,100,85,84,70,yes,,columbia::ah18,489,simple,,AH18,AH18,Socket Wear Cap,Socket Wear Cap,Columbia Tools,columbia,9.00,regular_price,,Wall Tools,wall_tools,Columbia Parts,columbia,Columbia Socket Wear Cup (COLM-AH18),AH18,8.72,0.28,product_specific,"Columbia Taping Tool Parts, Columbia Tool Parts, Taping Tool Parts, Taping Tool Repair"
auto_accept,exact_identity_key,verified_exact_identity,100,95,100,88,yes,,columbia::ct119,490,simple,,CT119,CT119,Spool Retaining Spring,Spool Retaining Spring,Columbia Tools,columbia,7.25,regular_price,,Al's Taping Tools,als_taping_tools,Columbia,columbia,Spool Retaining Spring - CT119,CT-119,5.66,1.59,product_specific,CT119 - Spool Retaining Spring CT119 Spool Retaining Spring #13075
auto_accept,exact_identity_key,verified_exact_identity,100,90,100,80,yes,,columbia::ct119,490,simple,,CT119,CT119,Spool Retaining Spring,Spool Retaining Spring,Columbia Tools,columbia,7.25,regular_price,,Wall Tools,wall_tools,Columbia Parts,columbia,Columbia Tape Spool Retaining Spring (COLM-CT119),CT119,5.82,1.43,product_specific,"Columbia Taping Tool Parts, Columbia Tool Parts, Taping Tool Parts, Taping Tool Repair"
review,exact_identifier_contradiction,review_contradiction,94,95,100,83,no,title_identifier_conflict:['colct119']!=ct119,columbia::ct119,490,simple,,CT119,CT119,Spool Retaining Spring,Spool Retaining Spring,Columbia Tools,columbia,7.25,regular_price,,All-Wall,all_wall,Columbia,columbia,COLCT119 Spool Retaining Spring,CT119,8.48,-1.23,missing,
auto_accept,exact_identity_key,verified_exact_identity,100,90,100,71,yes,,columbia::ah1a,493,simple,,AH1A,AH1A,Spring Housing,Spring Housing,Columbia Tools,columbia,8.00,regular_price,,All-Wall,all_wall,Columbia,columbia,Columbia Spring Housing Angle Head,AH1A,12.18,-4.18,missing,
auto_accept,exact_identity_key,verified_exact_identity,100,85,60,40,yes,,columbia::ah1a,493,simple,,AH1A,AH1A,Spring Housing,Spring Housing,Columbia Tools,columbia,8.00,regular_price,,Wall Tools,wall_tools,Columbia Parts,columbia,Columbia Return Spring Holder (COLM-AH1A),AH1A,8.36,-0.36,product_specific,"Columbia Taping Tool Parts, Columbia Tool Parts, Taping Tool Parts, Taping Tool Repair"
auto_accept,exact_identity_key,verified_exact_identity,100,90,100,75,yes,,columbia::ffb4b,494,simple,,FFB4B,FFB4B,Stainless Steel Backing Washer,Stainless Steel Backing Washer,Columbia Tools,columbia,4.00,regular_price,,All-Wall,all_wall,Columbia,columbia,FFB4B Columbia Flat Box Stainless Steel Backing Washer #6113,FFB4B,5.20,-1.20,missing,
auto_accept,exact_identity_key,verified_exact_identity,100,95,100,84,yes,,columbia::ffb4b,494,simple,,FFB4B,FFB4B,Stainless Steel Backing Washer,Stainless Steel Backing Washer,Columbia Tools,columbia,4.00,regular_price,,Wall Tools,wall_tools,Columbia Parts,columbia,Columbia Stainless Steel Backing Washer (COLM-FFB4B),FFB4B,3.68,0.32,product_specific,Columbia Stainless Steel Backing Washer
auto_accept,exact_identity_key,verified_exact_identity,100,67,67,67,yes,,columbia::ct6a,495,simple,,CT6A,CT6A,Stainless Steel Side Plate - Left,Stainless Steel Side Plate - Left,Columbia Tools,columbia,42.95,regular_price,,All-Wall,all_wall,Columbia,columbia,CT6A Columbia Taper Side Plate Left #5577,CT6A,43.34,-0.39,missing,
auto_accept,exact_identity_key,verified_exact_identity,100,95,100,86,yes,,columbia::ct6a,495,simple,,CT6A,CT6A,Stainless Steel Side Plate - Left,Stainless Steel Side Plate - Left,Columbia Tools,columbia,42.95,regular_price,,Wall Tools,wall_tools,Columbia Parts,columbia,Columbia Stainless Steel Side Plate - Left (COLM-CT6A),CT6A,37.20,5.75,product_specific,"Columbia Taping Tool Parts, Columbia Tool Parts, Taping Tool Parts, Taping Tool Repair"
review,exact_identifier_unknown_brand,review_unknown_brand,90,70,73,66,yes,competitor_brand_unknown,,495,simple,,CT6A,CT6A,Stainless Steel Side Plate - Left,Stainless Steel Side Plate - Left,Columbia Tools,columbia,42.95,regular_price,,Al's Taping Tools,als_taping_tools,TapeWorm,,Taper Side Plate Left - CT6A,CT-6A,43.34,-0.39,product_specific,CT6A - Taper Side Plate Left CT6A Columbia Taper Side Plate Left #5577
auto_accept,exact_identity_key,verified_exact_identity,100,90,100,68,yes,,columbia::ffb4a,496,simple,,FFB4A,FFB4A,Stainless Steel Washer,Stainless Steel Washer,Columbia Tools,columbia,5.00,regular_price,,All-Wall,all_wall,Columbia,columbia,FFB4A Columbia Flat Box Stainless Steel Washer #6112,FFB4A,6.10,-1.10,missing,
auto_accept,exact_identity_key,verified_exact_identity,100,90,100,80,yes,,columbia::ffb4a,496,simple,,FFB4A,FFB4A,Stainless Steel Washer,Stainless Steel Washer,Columbia Tools,columbia,5.00,regular_price,,Wall Tools,wall_tools,Columbia Parts,columbia,Columbia Stainless Steel Washer (COLM-FFB4A),FFB4A,4.31,0.69,product_specific,"Columbia Stainless Steel Washer, COLM-FFB4A"
auto_accept,exact_identity_key,verified_exact_identity,100,90,100,35,yes,,columbia::ct116a,497,simple,,CT116A,CT116A,Strap,Strap,Columbia Tools,columbia,28.50,regular_price,,All-Wall,all_wall,Columbia,columbia,CT116A Columbia Taper Strap #5975,CT116A,21.94,6.56,product_specific,Columbia Replacement Strap for Automatic Tapers
review,exact_identifier_unknown_brand,review_unknown_brand,90,90,100,43,yes,competitor_brand_unknown,,497,simple,,CT116A,CT116A,Strap,Strap,Columbia Tools,columbia,28.50,regular_price,,Al's Taping Tools,als_taping_tools,NorthStar,,Taper Strap - CT116A,CT-116A,21.94,6.56,product_specific,CT116A - Taper Strap CT116A Columbia Taper Strap #5975
auto_accept,exact_identity_key,verified_exact_identity,100,90,100,53,yes,,columbia::bh11,509,simple,,BH11,BH11,Strap Connecting Pin,Strap Connecting Pin,Columbia Tools,columbia,7.95,regular_price,,Wall Tools,wall_tools,Columbia Parts,columbia,Columbia Strap Connecting Pin for 180 Grip Flat Box Handle (COLM-BH11),BH11,2.36,5.59,product_specific,Columbia Strap Connecting Pin for 180 Grip Flat Box Handle
review,exact_identifier_unknown_brand,review_unknown_brand,90,90,100,65,yes,competitor_brand_unknown,,509,simple,,BH11,BH11,Strap Connecting Pin,Strap Connecting Pin,Columbia Tools,columbia,7.95,regular_price,,Al's Taping Tools,als_taping_tools,NorthStar,,Flat Box Handle Strap Connecting Pin - BH11,BH-11,2.84,5.11,product_specific,BH11 - Flat Box Handle Strap Connecting Pin BH11 - Columbia Flat Box Handle Strap Connecting Pin #6138
auto_accept,exact_identity_key,verified_exact_identity,100,90,100,61,yes,,columbia::cr12,510,simple,,CR12,CR12,Swivel Coupling Pin,Swivel Coupling Pin,Columbia Tools,columbia,12.50,regular_price,,All-Wall,all_wall,Columbia,columbia,CR12 Columbia Corner Roller Swivel Coupling Pin #5568,CR12,5.38,7.12,product_specific,"Note: Part # COLCR12 is the new style pin used on rollers produced since Summer 2005. For older rollers with a split pin, use part # FA289"
auto_accept,exact_identity_key,verified_exact_identity,100,47,33,30,yes,,columbia::cr12,510,simple,,CR12,CR12,Swivel Coupling Pin,Swivel Coupling Pin,Columbia Tools,columbia,12.50,regular_price,,Wall Tools,wall_tools,Columbia Parts,columbia,Columbia Handle Connecting Link for Corner Roller (COLM-CR12),CR12,3.99,8.51,product_specific,Columbia Handle Connecting Link for Corner Roller
review,exact_identifier_unknown_brand,review_unknown_brand,90,44,47,41,yes,competitor_brand_unknown,,510,simple,,CR12,CR12,Swivel Coupling Pin,Swivel Coupling Pin,Columbia Tools,columbia,12.50,regular_price,,Al's Taping Tools,als_taping_tools,NorthStar,,5 - Hinge Bushing,cr-12,13.50,-1.00,product_specific,5 - Hinge Bushing
auto_accept,exact_identity_key,verified_exact_identity,100,90,100,66,yes,,columbia::ct57,511,simple,,CT57,CT57,Tape Advance Carriage,Tape Advance Carriage,Columbia Tools,columbia,82.00,regular_price,,All-Wall,all_wall,Columbia,columbia,CT57 Columbia Taper Tape Advance Carriage #5833,CT57,102.40,-20.40,missing,
auto_accept,exact_identity_key,verified_exact_identity,100,90,100,57,yes,,columbia::ct57,511,simple,,CT57,CT57,Tape Advance Carriage,Tape Advance Carriage,Columbia Tools,columbia,82.00,regular_price,,Wall Tools,wall_tools,Columbia Parts,columbia,Columbia Tape Advance Carriage (Includes CT58)  (COLM-CT57),CT57,87.90,-5.90,product_specific,"Columbia Taping Tool Parts, Columbia Tool Parts, Taping Tool Parts, Taping Tool Repair"
auto_accept,exact_identity_key,verified_exact_identity,100,90,100,47,yes,,columbia::ct120,512,simple,,CT120,CT120,Tape Spool,Tape Spool,Columbia Tools,columbia,22.81,regular_price,,Wall Tools,wall_tools,Columbia Parts,columbia,Columbia Tape Spool (COLM-CT120),CT120,25.84,-3.03,product_specific,"Columbia Taping Tool Parts, Columbia Tool Parts, Taping Tool Parts, Taping Tool Repair"
review,exact_identifier_unknown_brand,review_unknown_brand,90,90,100,45,yes,competitor_brand_unknown,,512,simple,,CT120,CT120,Tape Spool,Tape Spool,Columbia Tools,columbia,22.81,regular_price,,Al's Taping Tools,als_taping_tools,TapeWorm,,Taper Tape Spool - CT120,CT-120,26.61,-3.80,product_specific,CT120 - Taper Tape Spool
auto_accept,exact_identity_key,verified_exact_identity,100,95,100,88,yes,,columbia::ct14a,513,simple,,CT14A,CT14A,Taper Adjustable Brake,Taper Adjustable Brake,Columbia Tools,columbia,22.50,regular_price,,Al's Taping Tools,als_taping_tools,Columbia,columbia,CT14A - Taper Adjustable Brake,ct14A,7.18,15.32,product_specific,CT14A - Taper Adjustable Brake
auto_accept,exact_identity_key,verified_exact_identity,100,90,100,80,yes,,columbia::ct14a,513,simple,,CT14A,CT14A,Taper Adjustable Brake,Taper Adjustable Brake,Columbia Tools,columbia,22.50,regular_price,,All-Wall,all_wall,Columbia,columbia,CT14A Columbia Taper Adjustable Brake #5589,CT14A,8.73,13.77,missing,
auto_accept,exact_identity_key,verified_exact_identity,100,80,84,65,yes,,columbia::ct14a,513,simple,,CT14A,CT14A,Taper Adjustable Brake,Taper Adjustable Brake,Columbia Tools,columbia,22.50,regular_price,,Wall Tools,wall_tools,Columbia Parts,columbia,Columbia Adjustable Brake (COLM-CT14A),CT14A,6.16,16.34,product_specific,"Columbia Taping Tool Parts, Columbia Tool Parts, Taping Tool Parts, Taping Tool Repair"
auto_accept,exact_identity_key,verified_exact_identity,100,90,100,75,yes,,columbia::ffb32a,514,simple,,FFB32A,FFB32A,Thumb Release Clip Screw,Thumb Release Clip Screw,Columbia Tools,columbia,12.50,regular_price,,All-Wall,all_wall,Columbia,columbia,FFB32A Columbia Flat Box Thumb Release Clip Screw,FFB32A,1.70,10.80,product_specific,FFB32A Columbia Flat Box Thumb Release Clip Screw
auto_accept,exact_identity_key,verified_exact_identity,100,85,85,49,yes,,columbia::ffb32a,514,simple,,FFB32A,FFB32A,Thumb Release Clip Screw,Thumb Release Clip Screw,Columbia Tools,columbia,12.50,regular_price,,Wall Tools,wall_tools,Columbia Parts,columbia,Columbia Thumb Clip Door Release/Stop Bolt (COLM-FFB32A),FFB32A,1.16,11.34,product_specific,"columbia taping tools, columbia parts, taping tool parts, columbia taping tool parts"
review,exact_identifier_brand_conflict,review_brand_conflict,90,90,100,75,no,brand_mismatch:columbia!=tapetech,tapetech::ffb32a,514,simple,,FFB32A,FFB32A,Thumb Release Clip Screw,Thumb Release Clip Screw,Columbia Tools,columbia,12.50,regular_price,,Al's Taping Tools,als_taping_tools,TapeTech,tapetech,Flat Box Thumb Release Clip Screw - FFB32A,FFB32A,1.13,11.37,product_specific,FFB32A - Flat Box Thumb Release Clip Screw FFB32A Columbia Flat Box Thumb Release Clip Screw
auto_accept,exact_identity_key,verified_exact_identity,100,90,100,64,yes,,columbia::ct53,515,simple,,CT53,CT53,Toe Kicker,Toe Kicker,Columbia Tools,columbia,28.50,regular_price,,All-Wall,all_wall,Columbia,columbia,Columbia Taper Toe Kicker CT53,CT53,26.38,2.12,product_specific,Columbia Taper Toe Kicker CT53
auto_accept,exact_identity_key,verified_exact_identity,100,90,100,66,yes,,columbia::ct53,515,simple,,CT53,CT53,Toe Kicker,Toe Kicker,Columbia Tools,columbia,28.50,regular_price,,Wall Tools,wall_tools,Columbia Parts,columbia,Columbia Toe Kicker (COLM-CT53),CT53,22.64,5.86,product_specific,"Columbia Taping Tool Parts, Columbia Tool Parts, Taping Tool Parts, Taping Tool Repair"
review,exact_identifier_unknown_brand,review_unknown_brand,90,90,100,64,yes,competitor_brand_unknown,,515,simple,,CT53,CT53,Toe Kicker,Toe Kicker,Columbia Tools,columbia,28.50,regular_price,,Al's Taping Tools,als_taping_tools,TapeWorm,,Taper Toe Kicker - CT53,CT-53,26.38,2.12,product_specific,CT53 - Taper Toe Kicker CT53 Columbia Taper Toe Kicker #5829
auto_accept,exact_identity_key,verified_exact_identity,100,46,49,45,yes,,columbia::ct92a,516,simple,,CT92A,CT92A,Toe Kicker Caple Retainer Clip,Toe Kicker Caple Retainer Clip,Columbia Tools,columbia,7.95,regular_price,,All-Wall,all_wall,Columbia,columbia,CT92A Columbia Taper L Clip #5867,CT92A,3.78,4.17,missing,
auto_accept,exact_identity_key,verified_exact_identity,100,87,88,74,yes,,columbia::ct92a,516,simple,,CT92A,CT92A,Toe Kicker Caple Retainer Clip,Toe Kicker Caple Retainer Clip,Columbia Tools,columbia,7.95,regular_price,,Wall Tools,wall_tools,Columbia Parts,columbia,"Columbia Toe Kicker Cable Retainer Clip ""L"" Clip (COLM-CT92A)",CT92A,2.60,5.35,product_specific,"Columbia Taping Tool Parts, Columbia Tool Parts, Taping Tool Parts, Taping Tool Repair"
review,exact_identifier_brand_conflict,review_brand_conflict,90,85,54,41,no,brand_mismatch:columbia!=tapetech,tapetech::ct92a,516,simple,,CT92A,CT92A,Toe Kicker Caple Retainer Clip,Toe Kicker Caple Retainer Clip,Columbia Tools,columbia,7.95,regular_price,,Al's Taping Tools,als_taping_tools,TapeTech,tapetech,Taper L Clip - CT92A,CT-92A,2.44,5.51,product_specific,CT92A - Taper L Clip CT92A Columbia Taper L Clip #5867
auto_accept,exact_identity_key,verified_exact_identity,100,85,77,31,yes,,columbia::ah32,155,variation,AH3,AH3-2,AH3-2 | AH3,"Top Blade - 2""","Top Blade - 2""",Columbia Tools,columbia,38.95,regular_price,,All-Wall,all_wall,Columbia,columbia,AH3-2 Columbia Angle Head Carbide Blade 2in #5801,AH3-2,36.34,2.61,product_specific,AH3-2 Columbia Angle Head Carbide Blade 2in #5801
review,exact_identifier_contradiction,review_contradiction,94,42,32,32,no,product_family_mismatch:['blade']!=['spring'],columbia::ah32,155,variation,AH3,AH3-2,AH3-2 | AH3,"Top Blade - 2""","Top Blade - 2""",Columbia Tools,columbia,38.95,regular_price,,Al's Taping Tools,als_taping_tools,Columbia,columbia,12 - Upper Leaf Spring (AH-32),AH-32,9.64,29.31,product_specific,12 - Upper Leaf Spring (AH-32)
review,exact_identifier_contradiction,review_contradiction,94,85,77,16,no,measurement_mismatch:['2']!=['3.5'],columbia::ah3,155,variation,AH3,AH3-2,AH3-2 | AH3,"Top Blade - 2""","Top Blade - 2""",Columbia Tools,columbia,38.95,regular_price,,Wall Tools,wall_tools,Columbia Parts,columbia,"Columbia Angle Head Carbide Blade for 2, 2.5, 3 and 3.5 in. Angle Heads (COLM-AH3, AH3-2, AH3-2.5, AH3-3, AH3-3.5)",AH3,31.19,7.76,quarantined_storefront_boilerplate,
auto_accept,exact_identity_key,verified_exact_identity,100,85,81,35,yes,,columbia::ah325,156,variation,AH3,AH3-2.5,AH3-2.5 | AH3,"Top Blade - 2.5""","Top Blade - 2.5""",Columbia Tools,columbia,27.53,regular_price,,All-Wall,all_wall,Columbia,columbia,AH3-2.5 Columbia Angle Head Carbide Blade 2.5in #5802,AH3-2.5,36.34,-8.81,product_specific,"Carbide Blade 2-1/2"" for Columbia/Marshalltown Angle Head Corner Finisher Columbia/Marshalltown- part AH#3 B"
review,exact_identifier_contradiction,review_contradiction,94,85,81,20,no,measurement_mismatch:['2.5']!=['3.5'],columbia::ah3,156,variation,AH3,AH3-2.5,AH3-2.5 | AH3,"Top Blade - 2.5""","Top Blade - 2.5""",Columbia Tools,columbia,27.53,regular_price,,Wall Tools,wall_tools,Columbia Parts,columbia,"Columbia Angle Head Carbide Blade for 2, 2.5, 3 and 3.5 in. Angle Heads (COLM-AH3, AH3-2, AH3-2.5, AH3-3, AH3-3.5)",AH3,31.19,-3.66,quarantined_storefront_boilerplate,
auto_accept,exact_identity_key,verified_exact_identity,100,85,77,31,yes,,columbia::ah33,157,variation,AH3,AH3-3,AH3-3 | AH3,"Top Blade - 3""","Top Blade - 3""",Columbia Tools,columbia,44.95,regular_price,,All-Wall,all_wall,Columbia,columbia,AH3-3 Columbia Angle Head Carbide Blade 3in #5803,AH3-3,36.34,8.61,product_specific,AH3-3 Columbia Angle Head Carbide Blade 3in #5803
review,exact_identifier_contradiction,review_contradiction,94,49,34,34,no,product_family_mismatch:['blade']!=['spring'],columbia::ah33,157,variation,AH3,AH3-3,AH3-3 | AH3,"Top Blade - 3""","Top Blade - 3""",Columbia Tools,columbia,44.95,regular_price,,Al's Taping Tools,als_taping_tools,Columbia,columbia,13 - Spring Adjustment Pin (AH-33),AH3-3,36.34,8.61,product_specific,13 - Spring Adjustment Pin (AH-33)
review,exact_identifier_contradiction,review_contradiction,94,85,77,16,no,measurement_mismatch:['3']!=['3.5'],columbia::ah3,157,variation,AH3,AH3-3,AH3-3 | AH3,"Top Blade - 3""","Top Blade - 3""",Columbia Tools,columbia,44.95,regular_price,,Wall Tools,wall_tools,Columbia Parts,columbia,"Columbia Angle Head Carbide Blade for 2, 2.5, 3 and 3.5 in. Angle Heads (COLM-AH3, AH3-2, AH3-2.5, AH3-3, AH3-3.5)",AH3,31.19,13.76,quarantined_storefront_boilerplate,
auto_accept,exact_identity_key,verified_exact_identity,100,85,81,35,yes,,columbia::ah335,158,variation,AH3,AH3-3.5,AH3-3.5 | AH3,"Top Blade - 3.5""","Top Blade - 3.5""",Columbia Tools,columbia,27.53,regular_price,,All-Wall,all_wall,Columbia,columbia,AH3-3.5 Columbia Angle Head Carbide Blade 3.5in #5804,AH3-3.5,36.34,-8.81,missing,
auto_accept,exact_identity_key,verified_exact_identity,100,85,81,20,yes,,columbia::ah3,158,variation,AH3,AH3-3.5,AH3-3.5 | AH3,"Top Blade - 3.5""","Top Blade - 3.5""",Columbia Tools,columbia,27.53,regular_price,,Wall Tools,wall_tools,Columbia Parts,columbia,"Columbia Angle Head Carbide Blade for 2, 2.5, 3 and 3.5 in. Angle Heads (COLM-AH3, AH3-2, AH3-2.5, AH3-3, AH3-3.5)",AH3,31.19,-3.66,quarantined_storefront_boilerplate,
auto_accept,exact_identity_key,verified_exact_identity,100,0,0,0,yes,,columbia::hh10a,517,simple,,HH10A,HH10A,Top Cap,Top Cap,Columbia Tools,columbia,2.00,regular_price,,All-Wall,all_wall,Columbia,columbia,13711,HH10A,2.28,-0.28,missing,
auto_accept,exact_identity_key,verified_exact_identity,100,81,85,65,yes,,columbia::ah8a,498,variation,AH8-CLIP,AH8A,AH8A,"Top Retainer Corner Clip - 3.5""","Top Retainer Corner Clip - 3.5""",Columbia Tools,columbia,9.75,regular_price,,Wall Tools,wall_tools,Columbia Parts,columbia,"Columbia Top Retainer Clip, fits 3.5"" (COLM-AH8A)",AH8A,5.82,3.93,product_specific,"Columbia Taping Tool Parts, Columbia Tool Parts, Taping Tool Parts, Taping Tool Repair"
review,exact_identifier_brand_conflict,review_brand_conflict,90,52,52,52,no,brand_mismatch:columbia!=tapetech,tapetech::ah8a,498,variation,AH8-CLIP,AH8A,AH8A,"Top Retainer Corner Clip - 3.5""","Top Retainer Corner Clip - 3.5""",Columbia Tools,columbia,9.75,regular_price,,Al's Taping Tools,als_taping_tools,TapeTech,tapetech,AH8A - Short Center Clip,ah8a,6.93,2.82,product_specific,AH8A - Short Center Clip Short Center Clip for Columbia Angle Heads.
auto_accept,exact_identity_key,verified_exact_identity,100,64,68,55,yes,,columbia::ah8,499,variation,AH8-CLIP,AH8,AH8,Top Retainer Corner Clip - Standard,Top Retainer Corner Clip - Standard,Columbia Tools,columbia,8.00,regular_price,,Wall Tools,wall_tools,Columbia Parts,columbia,"Columbia Top Retainer Clip, fits 2"", 2.5"", and 3"" (COLM-AH8)",AH8,5.82,2.18,product_specific,"Columbia Taping Tool Parts, Columbia Tool Parts, Taping Tool Parts, Taping Tool Repair"
review,exact_identifier_contradiction,review_contradiction,94,55,58,47,no,length_class_mismatch:standard!=short,columbia::ah8,499,variation,AH8-CLIP,AH8,AH8,Top Retainer Corner Clip - Standard,Top Retainer Corner Clip - Standard,Columbia Tools,columbia,8.00,regular_price,,All-Wall,all_wall,Columbia,columbia,AH8 Columbia Angle Head Retainer Clip (Short) #5812,AH8,6.78,1.22,missing,
auto_accept,exact_identity_key,verified_exact_identity,100,90,100,59,yes,,columbia::bh5,518,simple,,BH5,BH5,Upper Mounting Bracket,Upper Mounting Bracket,Columbia Tools,columbia,18.50,regular_price,,All-Wall,all_wall,Columbia,columbia,BH5 Columbia Box Handle Upper Mounting Bracket (180 Grip) #12460,BH5,10.54,7.96,missing,
auto_accept,exact_identity_key,verified_exact_identity,100,95,100,88,yes,,columbia::hh2,519,simple,,HH2,HH2,Upper Mounting Bracket,Upper Mounting Bracket,Columbia Tools,columbia,66.00,regular_price,,All-Wall,all_wall,Columbia,columbia,Columbia Upper Mounting Bracket for COL88,HH2,77.48,-11.48,missing,
auto_accept,exact_identity_key,verified_exact_identity,100,90,100,45,yes,,columbia::hh2,519,simple,,HH2,HH2,Upper Mounting Bracket,Upper Mounting Bracket,Columbia Tools,columbia,66.00,regular_price,,Wall Tools,wall_tools,Columbia Parts,columbia,Columbia Flat Box Handle Upper Mounting Bracket for Hydra Reach Flat Box Handle (COLM-HH2),HH2,68.50,-2.50,product_specific,Columbia Flat Box Handle Upper Mounting Bracket for Hydra Reach Flat Box Handle
auto_accept,exact_identity_key,verified_exact_identity,100,90,100,56,yes,,columbia::bh5,518,simple,,BH5,BH5,Upper Mounting Bracket,Upper Mounting Bracket,Columbia Tools,columbia,18.50,regular_price,,Wall Tools,wall_tools,Columbia Parts,columbia,Columbia Upper Mounting Bracket for 180 Grip Flat Box Handle (COLM-BH5),BH5,9.33,9.17,product_specific,Columbia Upper Mounting Bracket for 180 Grip Flat Box Handle
review,high_confidence_fuzzy_title,review_fuzzy,100,95,100,88,yes,,,518,simple,,BH5,BH5,Upper Mounting Bracket,Upper Mounting Bracket,Columbia Tools,columbia,18.50,regular_price,,All-Wall,all_wall,Columbia,columbia,Columbia Upper Mounting Bracket for COL88,HH2,77.48,-58.98,missing,
review,exact_identifier_unknown_brand,review_unknown_brand,90,90,100,74,yes,competitor_brand_unknown,,518,simple,,BH5,BH5,Upper Mounting Bracket,Upper Mounting Bracket,Columbia Tools,columbia,18.50,regular_price,,Al's Taping Tools,als_taping_tools,Graco,,Box Handle Upper Mounting Bracket - BH5,BH-5,10.54,7.96,product_specific,BH5 - Box Handle Upper Mounting Bracket
auto_accept,exact_identity_key,verified_exact_identity,100,85,100,54,yes,,columbia::ct4,397,variation,CT-WAFER-BUSHING,CT4,CT4,Wafer Bushing - Left,Wafer Bushing - Left,Columbia Tools,columbia,2.00,regular_price,,All-Wall,all_wall,Columbia,columbia,CT4 Columbia Taper Left Wafer Bushing #5574,CT4,1.88,0.12,missing,
auto_accept,exact_identity_key,verified_exact_identity,100,85,100,71,yes,,columbia::ct4,397,variation,CT-WAFER-BUSHING,CT4,CT4,Wafer Bushing - Left,Wafer Bushing - Left,Columbia Tools,columbia,2.00,regular_price,,Wall Tools,wall_tools,Columbia Parts,columbia,Columbia Left Wafer Bushing (COLM-CT4),CT4,1.29,0.71,product_specific,"Columbia Taping Tool Parts, Columbia Tool Parts, Taping Tool Parts, Taping Tool Repair"
auto_accept,exact_identity_key,verified_exact_identity,100,85,100,52,yes,,columbia::ct5,398,variation,CT-WAFER-BUSHING,CT5,CT5,Wafer Bushing - Right,Wafer Bushing - Right,Columbia Tools,columbia,11.50,regular_price,,All-Wall,all_wall,Columbia,columbia,CT5 Columbia Taper Right Wafer Bushing #5575,CT5,1.88,9.62,missing,
auto_accept,exact_identity_key,verified_exact_identity,100,95,100,63,yes,,columbia::ct5,398,variation,CT-WAFER-BUSHING,CT5,CT5,Wafer Bushing - Right,Wafer Bushing - Right,Columbia Tools,columbia,11.50,regular_price,,Wall Tools,wall_tools,Columbia Parts,columbia,Columbia Right Wafer Bushing (COLM-CT5),CT5,1.29,10.21,product_specific,"Columbia Taping Tool Parts, Columbia Tool Parts, Taping Tool Parts, Taping Tool Repair"
review,exact_identifier_brand_conflict,review_brand_conflict,90,85,100,62,no,brand_mismatch:columbia!=tapetech,tapetech::ct5,398,variation,CT-WAFER-BUSHING,CT5,CT5,Wafer Bushing - Right,Wafer Bushing - Right,Columbia Tools,columbia,11.50,regular_price,,Al's Taping Tools,als_taping_tools,TapeTech,tapetech,Taper Right Wafer Bushing - CT5,CT-5,1.46,10.04,product_specific,CT5 - Taper Right Wafer Bushing CT5 Columbia Taper Right Wafer Bushing #5575
auto_accept,exact_identity_key,verified_exact_identity,100,60,100,21,yes,,columbia::hns20,520,simple,,HNS20,HNS20,Wedge,Wedge,Columbia Tools,columbia,22.50,regular_price,,Al's Taping Tools,als_taping_tools,Porter,columbia,Columbia Nail Spotter Wedge for Skid Nail Spotter - HNS20,HNS20,17.04,5.46,product_specific,HNS20 - Columbia Nail Spotter Wedge for Skid Nail Spotter
auto_accept,exact_identity_key,verified_exact_identity,100,60,100,18,yes,,columbia::hns20,520,simple,,HNS20,HNS20,Wedge,Wedge,Columbia Tools,columbia,22.50,regular_price,,All-Wall,all_wall,Columbia,columbia,HNS20 Columbia Nail Spotter Wedge for Skid Nail Spotter #12278,HNS20,20.44,2.06,product_specific,Replacement Wedge for Columbia Nail Spotter Skid.
auto_accept,exact_identity_key,verified_exact_identity,100,95,100,61,yes,,dura-stilts::d1422,500,variation,DS-DURA-III,D14-22,D14-22,Dura-III Adjustable - 14”-22”,Dura-III Adjustable - 14”-22”,Dura-Stilts,dura-stilts,404.68,regular_price,,Wall Tools,wall_tools,Dura-Stilts,dura-stilts,"Dura-Stilt III 14-22"" Adjustable Aluminum Drywall Stilts",D14-22,400.00,4.68,product_specific,"Dura-Stilt III 14-22"" Adjustable Aluminum Drywall Stilts"
review,near_identical_title,review_near_identical,100,100,100,100,yes,,,500,variation,DS-DURA-III,D14-22,D14-22,Dura-III Adjustable - 14”-22”,Dura-III Adjustable - 14”-22”,Dura-Stilts,dura-stilts,404.68,regular_price,,Al's Taping Tools,als_taping_tools,Dura,dura-stilts,"Dura-Stilts Dura-III Adjustable Drywall Stilts 14""-22""",DURASTILTSMALL,385.00,19.68,product_specific,"Get the small 14-22"" Dura-Stilt III Adjustable Stilts from Al's Taping Tools, a leading provider of drywall stilts. We carry a large selection of Dura-Stilts and drywall stilt accessories. Shop online today."
review,near_identical_title,review_near_identical,100,100,100,100,yes,,,500,variation,DS-DURA-III,D14-22,D14-22,Dura-III Adjustable - 14”-22”,Dura-III Adjustable - 14”-22”,Dura-Stilts,dura-stilts,404.68,regular_price,,All-Wall,all_wall,Dura-Stilts,dura-stilts,"Dura-Stilts Dura-III Adjustable Drywall Stilts 14""-22""",DSS1422US,400.00,4.68,product_specific,"Dura-Stilts Dura-III Adjustable Drywall Stilts 14""-22"" Dura-Stilts are the original professional drywall stilt manufacturers, producing some of the finest quality drywall stilts on the market. The Dura-III Stilts combine innovative design concepts with advanced technology, making them ideal for working at elevated heights. No matter your trade, if you need mobility while working above ground, the Dura-III is a tool worth considering. You'll find yourself accomplishing more with less effort—truly a professional-grade solution. Recognized as the undisputed icon of modern articulating leg extension devices for over 30 years, the Dura-III has a proven track record of reliability and safety and remains the best-selling stilt in the industry. Backed by a Lifetime Structural Warranty. Features: Ankle Action Springs Upper Strut Tube Cap/Plugs Leg Support Strut Locking Strap Buckles Replaceable Screw On Soles Captive Lock Washers on “Extended Shank” Wing Bolts Snap-In Nylon Sleeves All components are field replaceable for stilt renewability and longevity."
review,high_confidence_fuzzy_title,review_fuzzy,92,92,92,92,yes,,,500,variation,DS-DURA-III,D14-22,D14-22,Dura-III Adjustable - 14”-22”,Dura-III Adjustable - 14”-22”,Dura-Stilts,dura-stilts,404.68,regular_price,,Al's Taping Tools,als_taping_tools,Dura,dura-stilts,"Dura-Stilts IV Adjustable Drywall Stilts 14""-22""",DURA IV SMALL,415.89,-11.21,product_specific,The 4 Dura-Stilts IV have a more comfortable calf strap system. The toe and heal straps have adjustable hooks to latch on. Shop Drywall Stilts for sale from Al's Taping Tools!
auto_accept,exact_identity_key,verified_exact_identity,100,95,100,61,yes,,dura-stilts::d1830,503,variation,DS-DURA-III,D18-30,D18-30,Dura-III Adjustable - 18”-30”,Dura-III Adjustable - 18”-30”,Dura-Stilts,dura-stilts,429.86,regular_price,,Wall Tools,wall_tools,Dura-Stilts,dura-stilts,"Dura-Stilt III 18-30"" Adjustable Aluminum Drywall Stilts",D18-30,415.00,14.86,product_specific,"Dura-Stilt III 18-30"" Adjustable Aluminum Drywall Stilts"
review,near_identical_title,review_near_identical,100,100,100,100,yes,,,503,variation,DS-DURA-III,D18-30,D18-30,Dura-III Adjustable - 18”-30”,Dura-III Adjustable - 18”-30”,Dura-Stilts,dura-stilts,429.86,regular_price,,Al's Taping Tools,als_taping_tools,Dura,dura-stilts,"Dura-Stilts Dura-III Adjustable Drywall Stilts 18""-30""",DURASTILTMEDIUM,415.00,14.86,product_specific,"These medium adjustable Dura-Stilts are adjustable from 18 to 30 inches. Quality built, the Dura-Stilt brand is the original. Shop Drywall stilts for sale from Al's Taping Tools today!"
review,near_identical_title,review_near_identical,100,100,100,100,yes,,,503,variation,DS-DURA-III,D18-30,D18-30,Dura-III Adjustable - 18”-30”,Dura-III Adjustable - 18”-30”,Dura-Stilts,dura-stilts,429.86,regular_price,,All-Wall,all_wall,Dura-Stilts,dura-stilts,"Dura-Stilts Dura-III Adjustable Drywall Stilts 18""-30""",DSS1830US,415.00,14.86,product_specific,"Dura-Stilts Dura-III Adjustable Drywall Stilts 18""-30"" Dura-Stilts are the original professional drywall stilt manufacturers, producing some of the finest quality drywall stilts on the market. The Dura-III Stilts combine innovative design concepts with advanced technology, making them ideal for working at elevated heights. No matter your trade, if you need mobility while working above ground, the Dura-III is a tool worth considering. You'll find yourself accomplishing more with less effort—truly a professional-grade solution. Recognized as the undisputed icon of modern articulating leg extension devices for over 30 years, the Dura-III has a proven track record of reliability and safety and remains the best-selling stilt in the industry. Backed by a Lifetime Structural Warranty. Features: Ankle Action Springs Upper Strut Tube Cap/Plugs Leg Support Strut Locking Strap Buckles Replaceable Screw On Soles Captive Lock Washers on “Extended Shank” Wing Bolts Snap-In Nylon Sleeves All components are field replaceable for stilt renewability and longevity."
review,high_confidence_fuzzy_title,review_fuzzy,92,92,92,92,yes,,,503,variation,DS-DURA-III,D18-30,D18-30,Dura-III Adjustable - 18”-30”,Dura-III Adjustable - 18”-30”,Dura-Stilts,dura-stilts,429.86,regular_price,,Al's Taping Tools,als_taping_tools,Dura,dura-stilts,"Dura-Stilts IV Adjustable Drywall Stilts 18""-30""",DURA IV MED,459.93,-30.07,product_specific,"The DuraStilts IV have a more comfortable calf strap system. The toe and heal straps have adjustable hooks to latch on. These model IV Stilts are the shortest at 18-30"". Al's Taping Tools has Drywall Stilts for sale."
auto_accept,exact_identity_key,verified_exact_identity,100,95,100,61,yes,,dura-stilts::d2440,504,variation,DS-DURA-III,D24-40,D24-40,Dura-III Adjustable - 24”-40”,Dura-III Adjustable - 24”-40”,Dura-Stilts,dura-stilts,453.24,regular_price,,Wall Tools,wall_tools,Dura-Stilts,dura-stilts,"Dura-Stilt III 24-40"" Adjustable Aluminum Drywall Stilts",D24-40,435.00,18.24,product_specific,"Dura-Stilt III 24-40"" Adjustable Aluminum Drywall Stilts"
review,near_identical_title,review_near_identical,100,100,100,100,yes,,,504,variation,DS-DURA-III,D24-40,D24-40,Dura-III Adjustable - 24”-40”,Dura-III Adjustable - 24”-40”,Dura-Stilts,dura-stilts,453.24,regular_price,,Al's Taping Tools,als_taping_tools,Dura,dura-stilts,"Dura-Stilts Dura-III Adjustable Drywall Stilts 24""-40""",DURASTILTLARGE,420.00,33.24,product_specific,"The Original Dura-Stilt model 3 for contractors adjust between 24 and 40 inches. These are our best selling stilts. These 8 point 24-40"" stilts allow you to work on 9 to 12 ft ceilings. Shop Drywall Stilts for sale from Al's Taping Tools."
review,near_identical_title,review_near_identical,100,100,100,100,yes,,,504,variation,DS-DURA-III,D24-40,D24-40,Dura-III Adjustable - 24”-40”,Dura-III Adjustable - 24”-40”,Dura-Stilts,dura-stilts,453.24,regular_price,,All-Wall,all_wall,Dura Stilt,dura-stilts,"Dura-Stilts Dura-III Adjustable Drywall Stilts 24""-40""",DSS2440US,435.00,18.24,product_specific,"Dura-Stilts Dura-III Adjustable Drywall Stilts 24""-40"" Dura-Stilts are the original professional drywall stilt manufacturers, producing some of the finest quality drywall stilts on the market. The Dura-III Stilts combine innovative design concepts with advanced technology, making them ideal for working at elevated heights. No matter your trade, if you need mobility while working above ground, the Dura-III is a tool worth considering. You'll find yourself accomplishing more with less effort—truly a professional-grade solution. Recognized as the undisputed icon of modern articulating leg extension devices for over 30 years, the Dura-III has a proven track record of reliability and safety and remains the best-selling stilt in the industry. Backed by a Lifetime Structural Warranty. Features: Ankle Action Springs Upper Strut Tube Cap/Plugs Leg Support Strut Locking Strap Buckles Replaceable Screw On Soles Captive Lock Washers on “Extended Shank” Wing Bolts Snap-In Nylon Sleeves All components are field replaceable for stilt renewability and longevity."
review,high_confidence_fuzzy_title,review_fuzzy,92,92,92,92,yes,,,504,variation,DS-DURA-III,D24-40,D24-40,Dura-III Adjustable - 24”-40”,Dura-III Adjustable - 24”-40”,Dura-Stilts,dura-stilts,453.24,regular_price,,Al's Taping Tools,als_taping_tools,Dura,dura-stilts,"Dura-Stilts IV Adjustable Drywall Stilts 24""-40""",DURA IV LRG,395.00,58.24,product_specific,"The Dura-Stilts IV 24-40 inch have a more comfortable calf strap system. These model IV Stilts are the shortest at 24-40"". Get Drywall Stilts for sale from Al's Taping Tools."
auto_accept,exact_identity_key,verified_exact_identity,100,95,100,90,yes,,level5::4715,566,simple,,4-715,4-715,LEVEL5 Box Filler,LEVEL5 Box Filler,LEVEL5,level5,68.06,regular_price,,Wall Tools,wall_tools,Level 5,level5,Level 5 Box Filler,4715,71.54,-3.48,product_specific,"The Level 5 Box Filler is compatible with the Level 5 Pump and other brand mud pumps. This attachment fills flat boxes, nail spotters, compound tubes, and corner applicator boxes. Features a durable aluminum construction for easy cleaning and durability."
auto_accept,exact_identity_key,verified_exact_identity,100,85,100,68,yes,,level5::4732,524,variation,LV5-CORNER-FINISHER,4-732,4-732,LEVEL5 Corner Finisher - 2.5”,LEVEL5 Corner Finisher - 2.5”,LEVEL5,level5,400.24,regular_price,,Wall Tools,wall_tools,Level 5,level5,Level 5 2.5 in. Corner Finisher (LEV5-4732),4732,420.74,-20.50,product_specific,Level 5 Angle Heads offer superior quality and design. Over-sized tungsten-carbide blades are precision ground and interchangeable from side to top. Adjustable blade tension lever for quick changes from corner to corner.
auto_accept,exact_identity_key,verified_exact_identity,100,90,100,68,yes,,level5::4707,569,simple,,4-707,4-707,LEVEL5 Corner Roller,LEVEL5 Corner Roller,LEVEL5,level5,158.96,regular_price,,Wall Tools,wall_tools,Level 5,level5,Level 5 Corner Roller (LEV5-4707),4707,161.09,-2.13,product_specific,The Level 5 Corner Roller is made of high grade aluminum that will not corrode or pit. Use after the Automatic Taper to bed tape perfectly in corners and inside 90 degree angles Aluminum-reinforced stainless steel wheels eliminate wheel edge damage.
auto_accept,exact_identity_key,verified_exact_identity,100,85,93,68,yes,,level5::4777,560,variation,LV5-CORNER-ROLLER-HANDLE,4-777,4-777,"LEVEL5 Corner Roller Handle - 54""","LEVEL5 Corner Roller Handle - 54""",LEVEL5,level5,92.88,regular_price,,Wall Tools,wall_tools,Level 5,level5,Level 5 Red Aluminum Corner Roller Handle,4777,97.64,-4.76,product_specific,"The Level 5 Red Aluminum Corner Roller Handle is made from long-lasting anodized aluminum for regular use at any jobsite. Crafted with you in mind, this lightweight handle is chemically treated with a corrosion-resistant finish for easy cleaning and daily use."
review,exact_identifier_contradiction,review_contradiction,94,95,100,93,no,title_identifier_conflict:['level5']!=4777,level5::4777,560,variation,LV5-CORNER-ROLLER-HANDLE,4-777,4-777,"LEVEL5 Corner Roller Handle - 54""","LEVEL5 Corner Roller Handle - 54""",LEVEL5,level5,92.88,regular_price,,Al's Taping Tools,als_taping_tools,,level5,Level5 Corner Roller Handle,4-777,45.00,47.88,quarantined_storefront_boilerplate,
auto_accept,exact_identity_key,verified_exact_identity,100,85,100,42,yes,,level5::4768,535,variation,LV5-FLAT-BOX-MEGA,4-768,4-768,LEVEL5 Flat Box (MEGA) - 10”,LEVEL5 Flat Box (MEGA) - 10”,LEVEL5,level5,407.99,regular_price,,Wall Tools,wall_tools,Level 5,level5,Level 5 10 in. Classic MEGA Flat Box (LEV5-4768),4768,431.99,-24.00,product_specific,Level 5 10 in. Classic MEGA Flat Box
auto_accept,exact_identity_key,verified_exact_identity,100,85,100,42,yes,,level5::4769,536,variation,LV5-FLAT-BOX-MEGA,4-769,4-769,LEVEL5 Flat Box (MEGA) - 12”,LEVEL5 Flat Box (MEGA) - 12”,LEVEL5,level5,422.02,regular_price,,Wall Tools,wall_tools,Level 5,level5,Level 5 12 in. Classic MEGA Flat Box (LEV5-4769),4769,446.84,-24.82,product_specific,Level 5 12 in. Classic MEGA Flat Box
auto_accept,exact_identity_key,verified_exact_identity,100,85,100,48,yes,,level5::4767,534,variation,LV5-FLAT-BOX-MEGA,4-767,4-767,LEVEL5 Flat Box (MEGA) - 7”,LEVEL5 Flat Box (MEGA) - 7”,LEVEL5,level5,398.65,regular_price,,Wall Tools,wall_tools,Level 5,level5,Level 5 7 in. Classic MEGA Flat Box (LEV5-4767),4767,422.09,-23.44,product_specific,Level 5 7 in. Classic MEGA Flat Box
auto_accept,exact_identity_key,verified_exact_identity,100,85,70,39,yes,,level5::4765,538,variation,LV5-FLAT-BOX-STANDARD,4-765,4-765,LEVEL5 Flat Box (Standard) - 10”,LEVEL5 Flat Box (Standard) - 10”,LEVEL5,level5,388.88,regular_price,,Wall Tools,wall_tools,Level 5,level5,Level 5 10 in. Classic Flat Box (LEV5-4765),4765,411.74,-22.86,product_specific,"This Level 5 10"" Classic Flat Box has an adjustable crown dial that ensures the precise amount of mud. The variety of adjustment settings allows you to set your desired crown whether running flats, split butts or vertical. You can even run wide open."
auto_accept,exact_identity_key,verified_exact_identity,100,85,70,39,yes,,level5::4766,539,variation,LV5-FLAT-BOX-STANDARD,4-766,4-766,LEVEL5 Flat Box (Standard) - 12”,LEVEL5 Flat Box (Standard) - 12”,LEVEL5,level5,398.65,regular_price,,Wall Tools,wall_tools,Level 5,level5,Level 5 12 in. Classic Flat Box (LEV5-4766),4766,422.09,-23.44,product_specific,"This Level 5 12"" Flat Box has an adjustable crown dial that ensures the precise amount of mud. Deeper back spine allows for easier operation. Hard coat anodized for durability. Lid opens extra wide for easy clean-up. Built for performance and value."
auto_accept,exact_identity_key,verified_exact_identity,100,85,68,44,yes,,level5::4764,537,variation,LV5-FLAT-BOX-STANDARD,4-764,4-764,LEVEL5 Flat Box (Standard) - 7”,LEVEL5 Flat Box (Standard) - 7”,LEVEL5,level5,379.52,regular_price,,Wall Tools,wall_tools,Level 5,level5,Level 5 7 in. Classic Flat Box (LEV5-4764),4764,401.84,-22.32,product_specific,"This Level 5 7"" Flat Box has an adjustable crown dial that ensures the precise amount of mud. Deeper back spine allows for easier operation. Hard coat anodized for durability. Lid opens extra wide for easy clean-up. Built for performance and value."
auto_accept,exact_identity_key,verified_exact_identity,100,95,100,57,yes,,level5::4781,545,variation,LV5-FLAT-BOX-HANDLE-EXT,4-781,4-781,LEVEL5 Flat Box Handle (Extendable) - 30” - 42”,LEVEL5 Flat Box Handle (Extendable) - 30” - 42”,LEVEL5,level5,296.64,regular_price,,Wall Tools,wall_tools,Level 5,level5,Level 5 30-42 in. Flat Box Extendable Handle (LEV5-4781),4781,311.84,-15.20,product_specific,Level 5 52 in. Flat Box Extendable Handle
auto_accept,exact_identity_key,verified_exact_identity,100,71,75,68,yes,,level5::4712,548,variation,LV5-FLAT-BOX-HANDLE-FIXED,4-712,4-712,LEVEL5 Flat Box Handle (Fixed Length) - 42”,LEVEL5 Flat Box Handle (Fixed Length) - 42”,LEVEL5,level5,185.34,regular_price,,Wall Tools,wall_tools,Level 5,level5,Level 5 42 in. Flat Box Handle (LEV5-4712),4712,194.84,-9.50,product_specific,The Level 5 Flat Box Handle is a light weight anodized aluminum handle with one-piece cast aluminum head. Adjustable aluminum grip ball for added comfort and control.
auto_accept,exact_identity_key,verified_exact_identity,100,95,100,90,yes,,level5::4714,588,simple,,4-714,4-714,LEVEL5 Gooseneck,LEVEL5 Gooseneck,LEVEL5,level5,101.88,regular_price,,Wall Tools,wall_tools,Level 5,level5,Level 5 Gooseneck,4714,107.09,-5.21,product_specific,"The Level 5 Gooseneck is a curved tube made from high-quality stainless steel for lasting durability. Used to fill automatic tapers and corner applicators, this gooseneck attachment is also compatible with compound pumps made by other leading brands."
auto_accept,exact_identity_key,verified_exact_identity,100,95,100,80,yes,,level5::4754,553,variation,LV5-NAIL-SPOTTER,4-754,4-754,LEVEL5 Nail Spotter - 2”,LEVEL5 Nail Spotter - 2”,LEVEL5,level5,273.10,regular_price,,Wall Tools,wall_tools,Level 5,level5,Level 5 2 in. Nail Spotter,4754,287.09,-13.99,product_specific,"The Level 5 2 in. Nail Spotter is easy to use and the perfect tool for quickly filling in those nail holes and blemishes. Made from high-quality stainless steel, this nail spotter speeds up the finishing process by filling spots with one application."
auto_accept,exact_identity_key,verified_exact_identity,100,95,100,80,yes,,level5::4755,554,variation,LV5-NAIL-SPOTTER,4-755,4-755,LEVEL5 Nail Spotter - 3”,LEVEL5 Nail Spotter - 3”,LEVEL5,level5,291.93,regular_price,,Wall Tools,wall_tools,Level 5,level5,Level 5 3 in. Nail Spotter,4755,306.89,-14.96,product_specific,"The Level 5 3 in. Nail Spotter is perfect for quickly filling nail holes and blemishes. Made from high-quality stainless steel and featuring a robust design for easy operation and cleaning, this nail spotter is a great addition to your drywall finishing process."
review,near_identical_title,review_near_identical,100,100,100,100,yes,,,639,simple,,PT-AICA,PT-AICA,Platinum 4 Wheel Inside Angle / Corner Applicator,Platinum 4 Wheel Inside Angle / Corner Applicator,Platinum Drywall Tools,platinum,89.00,regular_price,,Al's Taping Tools,als_taping_tools,Platinum,platinum,Platinum 4 Wheel Inside Angle / Corner Applicator,PT-ICAAL,55.00,34.00,product_specific,Platinum 4 Wheel Inside Angle / Corner Applicator The Platinum Inside 4-Wheel Applicator is the perfect solution for taping your inside angles. Attached to all significant brands of compound tubes and applies joint compound very smoothly. Made of one-pi
auto_accept,exact_identity_key,verified_exact_identity,100,95,100,59,yes,,platinum::ptcfh50,599,variation,PT-CORNER-HANDLE-50,PT-CFH50,PT-CFH50,"Platinum 50"" Corner Tool Handle - Angle Head","Platinum 50"" Corner Tool Handle - Angle Head",Platinum Drywall Tools,platinum,49.00,regular_price,,Al's Taping Tools,als_taping_tools,Platinum,platinum,"Platinum 50"" Angle Head Handle",PT-CFH50,30.00,19.00,product_specific,"The Platinum 50"" Angle Head Handle is built super tough and lightweight out of anodized aluminum. Will fit all major brands of angle head and corner finishers including TapeTech."
auto_accept,exact_identity_key,verified_exact_identity,100,85,100,59,yes,,platinum::ptcah50,600,variation,PT-CORNER-HANDLE-50,PT-CAH50,PT-CAH50,"Platinum 50"" Corner Tool Handle - Corner Box","Platinum 50"" Corner Tool Handle - Corner Box",Platinum Drywall Tools,platinum,49.00,regular_price,,Al's Taping Tools,als_taping_tools,Platinum,platinum,Platinum Corner Box Handle,PT-CAH50,30.00,19.00,quarantined_storefront_boilerplate,
auto_accept,exact_identity_key,verified_exact_identity,100,85,100,52,yes,,platinum::ptcrh50,603,variation,PT-CORNER-HANDLE-50,PT-CRH50,PT-CRH50,"Platinum 50"" Corner Tool Handle - Corner Roller","Platinum 50"" Corner Tool Handle - Corner Roller",Platinum Drywall Tools,platinum,59.00,regular_price,,Al's Taping Tools,als_taping_tools,Platinum,platinum,Platinum Corner Roller Handle,PT-CRH50,30.00,29.00,product_specific,"The Platinum 50"" Roller handle is built super tough and lightweight out of anodized aluminum. Will fit all major brands including Level5 corner rollers."
auto_accept,exact_identity_key,verified_exact_identity,100,80,85,60,yes,,platinum::ptica,604,variation,PT-90-APPLICATOR,PT-ICA,PT-ICA,Platinum 90° Corner Applicator - Inside,Platinum 90° Corner Applicator - Inside,Platinum Drywall Tools,platinum,59.00,regular_price,,Al's Taping Tools,als_taping_tools,Platinum,platinum,Platinum Drywall Tools Inside 90 Degree Applicator Mud Head,PT-ICA,40.00,19.00,product_specific,Platinum Drywall Tools Inside Applicator Head is designed to fit on all brands of compound tubes and corner boxes. They dispense ribbons of drywall joint compound to both sides of outside
auto_accept,exact_identity_key,verified_exact_identity,100,81,85,61,yes,,platinum::ptoca,605,variation,PT-90-APPLICATOR,PT-OCA,PT-OCA,Platinum 90° Corner Applicator - Outside,Platinum 90° Corner Applicator - Outside,Platinum Drywall Tools,platinum,59.00,regular_price,,Al's Taping Tools,als_taping_tools,Platinum,platinum,Platinum Drywall Tools Outside 90 Degree Applicator Mud Head,PT-OCA,45.00,14.00,product_specific,Platinum Drywall Tools Outside 90 Degree Applicator Mud Head The Platinum Drywall Tools Outside Applicator Head is designed to fit on all brands of compound tubes and corner boxes. They dispense ribbons of drywall joint compound to both sides of outside
auto_accept,exact_identity_key,verified_exact_identity,100,95,100,89,yes,,platinum::ptcf25,574,variation,PT-CF,PT-CF2.5,PT-CF2.5,"Platinum Angle Head Corner Finisher with Wheels - 2.5""","Platinum Angle Head Corner Finisher with Wheels - 2.5""",Platinum Drywall Tools,platinum,239.00,regular_price,,Al's Taping Tools,als_taping_tools,Platinum,platinum,"Platinum Drywall Tools 2.5"" Angle Head Corner Finisher with Wheels",PT-CF2.5,145.00,94.00,product_specific,"Platinum Drywall Tools 2.5"" Angle Head Corner Finisher with Wheels Platinum Tools Corner Finisher/Angle Heads have a classic, high-quality cast-aluminum design that evenly finishes both sides of inside corners in a single pass. Whether you are running beh"
auto_accept,exact_identity_key,verified_exact_identity,100,95,100,77,yes,,platinum::ptcf35,576,variation,PT-CF,PT-CF3.5,PT-CF3.5,"Platinum Angle Head Corner Finisher with Wheels - 3.5""","Platinum Angle Head Corner Finisher with Wheels - 3.5""",Platinum Drywall Tools,platinum,259.00,regular_price,,Al's Taping Tools,als_taping_tools,Platinum,platinum,"Platinum Drywall Tools 3.5"" Angle Head Corner Finisher",PT-CF3.5,155.00,104.00,product_specific,"Platinum Drywall Tools 3.5"" Angle Head Corner Finisher Platinum Tools Corner Finisher/Angle Heads have a classic, high-quality cast-aluminum design that evenly finishes both sides of inside corners in a single pass. Whether you are running behind the Cor"
auto_accept,exact_identity_key,verified_exact_identity,100,95,100,81,yes,,platinum::ptct24,577,variation,PT-CT,PT-CT24,PT-CT24,"Platinum Compound Tube - 24""","Platinum Compound Tube - 24""",Platinum Drywall Tools,platinum,150.00,regular_price,,Al's Taping Tools,als_taping_tools,Platinum,platinum,"Platinum Drywall Tools 24"" Compound Tube",PT-CT24,75.00,75.00,product_specific,"The Platinum 24"" Compound Tube is used for applying joint compound to internal corners, external corners, and flats with the use of an applicator head. (sold separately) Compound tubes fill like a giant syringe."
auto_accept,exact_identity_key,verified_exact_identity,100,95,100,81,yes,,platinum::ptct36,578,variation,PT-CT,PT-CT36,PT-CT36,"Platinum Compound Tube - 36""","Platinum Compound Tube - 36""",Platinum Drywall Tools,platinum,155.00,regular_price,,Al's Taping Tools,als_taping_tools,Platinum,platinum,"Platinum Drywall Tools 36"" Compound Tube",PT-CT36,80.00,75.00,product_specific,"The Platinum 36"" Compound Tube is used for applying joint compound to internal corners, external corners, and flats with the use of an applicator head. (sold separately) Compound tubes fill like a giant syringe."
auto_accept,exact_identity_key,verified_exact_identity,100,95,100,81,yes,,platinum::ptct42,579,variation,PT-CT,PT-CT42,PT-CT42,"Platinum Compound Tube - 42""","Platinum Compound Tube - 42""",Platinum Drywall Tools,platinum,160.00,regular_price,,Al's Taping Tools,als_taping_tools,Platinum,platinum,"Platinum Drywall Tools 42"" Compound Tube",PT-CT42,85.00,75.00,product_specific,"The Platinum 42"" Compound Tube is used for applying joint compound to internal corners, external corners, and flats with the use of an applicator head. (sold separately) Compound tubes fill like a giant syringe."
auto_accept,exact_identity_key,verified_exact_identity,100,95,100,54,yes,,platinum::ptcre,606,variation,PT-CORNER-ROLLER,PT-CRE,PT-CRE,Platinum Corner Roller - ECO Inside,Platinum Corner Roller - ECO Inside,Platinum Drywall Tools,platinum,59.00,regular_price,,Al's Taping Tools,als_taping_tools,Platinum,platinum,Platinum Drywall Tools Eco Inside Corner Roller,PT-CRE,35.00,24.00,product_specific,"Platinum Drywall Tools Eco Inside Corner Roller This Platinum Drywall Tools inside corner roller is a simple, straight forward design. It will attach to any standard course thread painters pole or broom handle. It runs bead smoothly and is very easy to"
review,near_identical_title,review_near_identical,100,100,100,100,yes,,,615,simple,,PT-EXT3IN1-1,PT-EXT3IN1-1,Platinum Extendable Angle Head Handle,Platinum Extendable Angle Head Handle,Platinum Drywall Tools,platinum,75.00,regular_price,,Al's Taping Tools,als_taping_tools,Platinum,platinum,Platinum Drywall Tools Extendable Angle Head Handle,PT-EXT3IN1-A,60.00,15.00,quarantined_storefront_boilerplate,
auto_accept,exact_identity_key,verified_exact_identity,100,100,100,100,yes,,platinum::ptebh,616,simple,,PT-EBH,PT-EBH,"Platinum Extendable Flat Box Handle 40"" – 64""","Platinum Extendable Flat Box Handle 40"" – 64""",Platinum Drywall Tools,platinum,169.00,regular_price,,Al's Taping Tools,als_taping_tools,Platinum,platinum,"Platinum Drywall Tools Extendable Flat Box Handle 40""- 64""",PT-EBH,115.00,54.00,quarantined_storefront_boilerplate,
auto_accept,exact_identity_key,verified_exact_identity,100,85,100,66,yes,,platinum::ptbh42,582,variation,PT-BH,PT-BH42,PT-BH42,"Platinum Flat Box Handle - 42""","Platinum Flat Box Handle - 42""",Platinum Drywall Tools,platinum,95.00,regular_price,,Al's Taping Tools,als_taping_tools,Platinum,platinum,"Platinum Drywall Tools 42"" Drywall Flat Finisher Box Handle",PT-BH42,60.00,35.00,quarantined_storefront_boilerplate,
auto_accept,exact_identity_key,verified_exact_identity,100,85,100,66,yes,,platinum::ptbh54,583,variation,PT-BH,PT-BH54,PT-BH54,"Platinum Flat Box Handle - 54""","Platinum Flat Box Handle - 54""",Platinum Drywall Tools,platinum,100.00,regular_price,,Al's Taping Tools,als_taping_tools,Platinum,platinum,"Platinum Drywall Tools 54"" Drywall Flat Finisher Box Handle",PT-BH54,60.00,40.00,quarantined_storefront_boilerplate,
review,exact_identifier_contradiction,review_contradiction,94,85,100,50,no,product_family_mismatch:['finishing box']!=['flat box'],platinum::pt10fb,584,variation,PT-FB,PT-10FB,PT-10FB,"Platinum Flat Finishing Box - 10""","Platinum Flat Finishing Box - 10""",Platinum Drywall Tools,platinum,195.00,regular_price,,Al's Taping Tools,als_taping_tools,,platinum,"Platinum Drywall Tools 10"" Flat Box",PT-10FB,120.00,75.00,quarantined_storefront_boilerplate,
review,exact_identifier_contradiction,review_contradiction,94,85,100,50,no,product_family_mismatch:['finishing box']!=['flat box'],platinum::pt12fb,585,variation,PT-FB,PT-12FB,PT-12FB | PT-FB12,"Platinum Flat Finishing Box - 12""","Platinum Flat Finishing Box - 12""",Platinum Drywall Tools,platinum,205.00,regular_price,,Al's Taping Tools,als_taping_tools,Platinum,platinum,"Platinum Drywall Tools 12"" Flat Box",PT-12FB,125.00,80.00,quarantined_storefront_boilerplate,
review,exact_identifier_contradiction,review_contradiction,94,85,100,50,no,product_family_mismatch:['finishing box']!=['flat box'],platinum::pt14fb,586,variation,PT-FB,PT-14FB,PT-14FB,"Platinum Flat Finishing Box - 14""","Platinum Flat Finishing Box - 14""",Platinum Drywall Tools,platinum,215.00,regular_price,,Al's Taping Tools,als_taping_tools,,platinum,"Platinum Drywall Tools 14"" Flat Box",PT-14FB,130.00,85.00,product_specific,"Platinum Drywall Tools 14"" Flat Box The Platinum Flat Finishing Box automatically dispenses the proper amount of joint compound and feathers the edges of butt joints and flat joints in one pass. The Platinum Finishing Box helps produce professional result"
review,exact_identifier_contradiction,review_contradiction,94,85,100,53,no,product_family_mismatch:['finishing box']!=['flat box'],platinum::pt8fb,587,variation,PT-FB,PT-8FB,PT-8FB,"Platinum Flat Finishing Box - 8""","Platinum Flat Finishing Box - 8""",Platinum Drywall Tools,platinum,185.00,regular_price,,Al's Taping Tools,als_taping_tools,Platinum,platinum,"Platinum Drywall Tools 8"" Flat Box",PT-8FB,115.00,70.00,quarantined_storefront_boilerplate,
auto_accept,exact_identity_key,verified_exact_identity,100,100,100,100,yes,,platinum::ptgn,644,simple,,PT-GN,PT-GN | GN,Platinum Gooseneck,Platinum Gooseneck,Platinum Drywall Tools,platinum,59.00,regular_price,,Al's Taping Tools,als_taping_tools,Platinum,platinum,Platinum Drywall Tools Gooseneck,PT-GN,45.00,14.00,quarantined_storefront_boilerplate,
review,exact_identifier_brand_conflict,review_brand_conflict,90,100,100,100,no,brand_mismatch:platinum!=columbia,columbia::gn,644,simple,,PT-GN,PT-GN | GN,Platinum Gooseneck,Platinum Gooseneck,Platinum Drywall Tools,platinum,59.00,regular_price,,Al's Taping Tools,als_taping_tools,Columbia,columbia,Columbia Gooseneck,GN,108.15,-49.15,product_specific,The Columbia Goosneck is used to fill the Automatic Taper when attached to the compound pump. Shop top Columbia taping products from Al's!
review,exact_identifier_brand_conflict,review_brand_conflict,90,100,100,100,no,brand_mismatch:platinum!=columbia,columbia::gn,644,simple,,PT-GN,PT-GN | GN,Platinum Gooseneck,Platinum Gooseneck,Platinum Drywall Tools,platinum,59.00,regular_price,,All-Wall,all_wall,Columbia Taping Tools,columbia,Columbia Gooseneck,GN,108.99,-49.99,product_specific,"Columbia Gooseneck Features: New ""Billet"" Aluminum Tip Treated stainless steel tubing"
review,exact_identifier_brand_conflict,review_brand_conflict,90,100,100,100,no,brand_mismatch:platinum!=columbia,columbia::gn,644,simple,,PT-GN,PT-GN | GN,Platinum Gooseneck,Platinum Gooseneck,Platinum Drywall Tools,platinum,59.00,regular_price,,Wall Tools,wall_tools,Columbia Taping Tools,columbia,Columbia Gooseneck,GN,108.15,-49.15,product_specific,"Fill your automatic tapers and corner applicators with this strong, durable Columbia Gooseneck attachment for your favorite compound pump. Made from solid billet aluminum with a rubber-coated horseshoe to protect your automatic taper while filling."
auto_accept,exact_identity_key,verified_exact_identity,100,95,100,85,yes,,platinum::ptmnbh,638,simple,,PT-MNBH,PT-MNBH,Platinum Mini Box Handle,Platinum Mini Box Handle,Platinum Drywall Tools,platinum,62.00,regular_price,,Al's Taping Tools,als_taping_tools,Platinum,platinum,"Platinum Drywall Tools ""Mini"" Flat Box Handle",PT-MNBH,45.00,17.00,product_specific,"Platinum Drywall Tools ""Mini"" Flat Box Handle The Platinum Drywall Tools ""Mini"" Flat Box Handle is a solid designed box handle that allows you to use your flat box in much tighter spaces. The high-quality anodized aluminum construction ensures a very lon"
review,medium_confidence_fuzzy_title,review_fuzzy,100,95,100,85,yes,,,595,variation,PT-NS,PT-2NS,PT-2NS,"Platinum Nail Spotter - 2""","Platinum Nail Spotter - 2""",Platinum Drywall Tools,platinum,160.00,regular_price,,Al's Taping Tools,als_taping_tools,Platinum,platinum,"Platinum Drywall Tools 2"" Nail Spotter",PT-NS2,95.00,65.00,product_specific,"The Platinum 2"" Nail Spotter features a high grade anodized aluminum body, urethane door seal, smooth glide wheels and carbide steel blade for long service life. Customers find this nail spotter very easy to run. It acts like a mini flat box precision d"
review,medium_confidence_fuzzy_title,review_fuzzy,100,95,100,85,yes,,,596,variation,PT-NS,PT-3NS,PT-3NS,"Platinum Nail Spotter - 3""","Platinum Nail Spotter - 3""",Platinum Drywall Tools,platinum,160.00,regular_price,,Al's Taping Tools,als_taping_tools,Platinum,platinum,"Platinum Drywall Tools 3"" Nail Spotter",PT-NS3,95.00,65.00,quarantined_storefront_boilerplate,
auto_accept,exact_identity_key,verified_exact_identity,100,95,100,86,yes,,platinum::pttp,640,simple,,PT-TP,PT-TP,Platinum Semi Automatic Drywall Taper,Platinum Semi Automatic Drywall Taper,Platinum Drywall Tools,platinum,145.00,regular_price,,Al's Taping Tools,als_taping_tools,Platinum,platinum,Platinum Drywall Tools Semi Automatic Super Taper,PT-TP,85.00,60.00,product_specific,Platinum Drywall Tools Semi Automatic Drywall Taper The Platinum Drywall Tools Semi Automatic Drywall Taper is an excellent solution for the professional or first time taper that wants to speed up their taping process. Once you thread the tape through
auto_accept,exact_identity_key,verified_exact_identity,100,79,83,57,yes,,platinum::pt25cf,598,variation,PT-SSCF,PT-2.5CF,PT-2.5CF,"Platinum Stainless Steel Corner Flusher - 2.5""","Platinum Stainless Steel Corner Flusher - 2.5""",Platinum Drywall Tools,platinum,79.27,regular_price,,Al's Taping Tools,als_taping_tools,Platinum,platinum,"Platinum Drywall Tools 2.5"" Drywall Corner Flusher / Glazer",PT-2.5CF,40.00,39.27,quarantined_storefront_boilerplate,
auto_accept,exact_identity_key,verified_exact_identity,100,79,83,57,yes,,platinum::pt35cf,597,variation,PT-SSCF,PT-3.5CF,PT-3.5CF,"Platinum Stainless Steel Corner Flusher - 3.5""","Platinum Stainless Steel Corner Flusher - 3.5""",Platinum Drywall Tools,platinum,84.56,regular_price,,Al's Taping Tools,als_taping_tools,Platinum,platinum,Platinum Drywall Tools 3.5” Drywall Corner Flusher/Glazer,PT-3.5CF,50.00,34.56,product_specific,"Platinum Drywall Tools 3.5” Drywall Corner is the perfect choice for your base coat or finish coat. Made from surgical stainless spring steel that holds its form, this flusher was built to last! Will fit all major brands of angle head or flusher handles"
auto_accept,exact_identity_key,verified_exact_identity,100,85,100,55,yes,,surpro::s1a2640,619,variation,SP-S1-A,S1-A-2640,S1-A-2640,"SurPro S1 Aluminum Drywall Stilts - 26""-40""","SurPro S1 Aluminum Drywall Stilts - 26""-40""",SurPro,surpro,340.00,regular_price,,Al's Taping Tools,als_taping_tools,,surpro,"Surpro 26-40"" S1 Aluminum Single Sided Drywall Stilts",S1-A-2640,305.00,35.00,quarantined_storefront_boilerplate,
auto_accept,exact_identity_key,verified_exact_identity,100,85,100,65,yes,,surpro::s1a2640,619,variation,SP-S1-A,S1-A-2640,S1-A-2640,"SurPro S1 Aluminum Drywall Stilts - 26""-40""","SurPro S1 Aluminum Drywall Stilts - 26""-40""",SurPro,surpro,340.00,regular_price,,Wall Tools,wall_tools,SurPro,surpro,SurPro S1 Aluminum Drywall Stilts (Adjustable Height 26-40 in.),S1-A-2640,330.00,10.00,product_specific,"SurPro S1 Aluminum Drywall Stilts (Adjustable Height 26-40 in.): Wider and Lighter, Improved Comfort, and Interlock Side Pole Bracket."
auto_accept,exact_identity_key,verified_exact_identity,100,85,100,73,yes,,surpro::s1m1624,623,variation,SP-S1-M,S1-M-1624,S1-M-1624,"SurPro S1 Magnesium Drywall Stilts - 16""-24""","SurPro S1 Magnesium Drywall Stilts - 16""-24""",SurPro,surpro,368.00,regular_price,,Al's Taping Tools,als_taping_tools,Sur,surpro,"SurPro S1 Single Sided Magnesium 16""-24"" Drywall Stilts",S1-M-1624,339.00,29.00,product_specific,Our small and lightweight Sur Mag stilts are surprisingly light but strong. These yellow leg stilts adjust from 15 to 23 inches.
auto_accept,exact_identity_key,verified_exact_identity,100,85,100,73,yes,,surpro::s1m2030,624,variation,SP-S1-M,S1-M-2030,S1-M-2030,"SurPro S1 Magnesium Drywall Stilts - 20""-30""","SurPro S1 Magnesium Drywall Stilts - 20""-30""",SurPro,surpro,376.50,regular_price,,Al's Taping Tools,als_taping_tools,Sur,surpro,"SurPro S1 Single Sided Magnesium 20""-30"" Drywall Stilts",S1-M-2030,345.00,31.50,product_specific,Our small and lightweight Sur Mag stilts are surprisingly light but strong.
auto_accept,exact_identity_key,verified_exact_identity,100,85,100,73,yes,,surpro::s1m2640,625,variation,SP-S1-M,S1-M-2640,S1-M-2640,"SurPro S1 Magnesium Drywall Stilts - 26""-40""","SurPro S1 Magnesium Drywall Stilts - 26""-40""",SurPro,surpro,385.00,regular_price,,Al's Taping Tools,als_taping_tools,Sur,surpro,"SurPro S1 Single Sided Magnesium 26""-40"" Drywall Stilts",S1-M-2640,355.00,30.00,product_specific,Sur-Mag Stilts offer the best balance and weight characteristics of any stilt on the market.
review,medium_confidence_fuzzy_title,review_fuzzy,91,91,91,91,yes,,,625,variation,SP-S1-M,S1-M-2640,S1-M-2640,"SurPro S1 Magnesium Drywall Stilts - 26""-40""","SurPro S1 Magnesium Drywall Stilts - 26""-40""",SurPro,surpro,385.00,regular_price,,Al's Taping Tools,als_taping_tools,Sur,surpro,"SurPro S2X Magnesium Stilts 26""-40""",S2X-M-2640,460.00,-75.00,product_specific,"SurPro S2X Magnesium Stilts 26""-40"" SurPro set the bar and then broke it with the invention of double-sided stilts. The new SurPro S2X is the apex in construction stilts. Maximize everyday performance by further elevating your comfort and stability. Bette"
review,exact_identifier_contradiction,review_contradiction,94,85,81,66,no,"measurement_mismatch:['21', '31']!=['2E+1', '3E+1'] | range_mismatch:['21-31']!=['2E+1-3E+1']",surpro::s1xm2131,628,variation,SP-S1X-M,S1X-M-2131,S1X-M-2131,"SurPro S1X Magnesium Drywall Stilts - 21""-31""","SurPro S1X Magnesium Drywall Stilts - 21""-31""",SurPro,surpro,430.00,regular_price,,Al's Taping Tools,als_taping_tools,Sur,surpro,"SurPro S1X Single Sided Magnesium 20""-30"" Drywall Stilts",S1X-M-2131,400.00,30.00,product_specific,Our Sur-Pro Medium Sur-Mag drywall contractor stilts offer both lightweight and strength. The comfortable padded leg band keeps the canvas strap from carving out your leg. Adjustable from 18-30 inches.
review,high_confidence_fuzzy_title,review_fuzzy,94,94,94,94,yes,,,628,variation,SP-S1X-M,S1X-M-2131,S1X-M-2131,"SurPro S1X Magnesium Drywall Stilts - 21""-31""","SurPro S1X Magnesium Drywall Stilts - 21""-31""",SurPro,surpro,430.00,regular_price,,Al's Taping Tools,als_taping_tools,Sur,surpro,"SurPro S2X Magnesium Stilts 21""-31""",S2X-M-2131,450.00,-20.00,product_specific,SurPro set the bar and then broke it with the invention of double-sided stilts. The new SurPro S2X is the apex in construction stilts. Maximize everyday performance by further elevating your comfort and stability. Better balance and comfort equate to less
auto_accept,exact_identity_key,verified_exact_identity,100,85,100,74,yes,,surpro::s1xm2640,629,variation,SP-S1X-M,S1X-M-2640,S1X-M-2640,"SurPro S1X Magnesium Drywall Stilts - 26""-40""","SurPro S1X Magnesium Drywall Stilts - 26""-40""",SurPro,surpro,441.00,regular_price,,Al's Taping Tools,als_taping_tools,Sur,surpro,"SurPro S1X Single Sided Magnesium 26""-40"" Drywall Stilts",S1X-M-2640,400.00,41.00,product_specific,"The Large Sur-Mag drywall contractor stilts will elevate you to new heights. 40 inches taller to be exact. Made of strong, lightweight magnesium."
review,high_confidence_fuzzy_title,review_fuzzy,94,94,94,94,yes,,,629,variation,SP-S1X-M,S1X-M-2640,S1X-M-2640,"SurPro S1X Magnesium Drywall Stilts - 26""-40""","SurPro S1X Magnesium Drywall Stilts - 26""-40""",SurPro,surpro,441.00,regular_price,,Al's Taping Tools,als_taping_tools,Sur,surpro,"SurPro S2X Magnesium Stilts 26""-40""",S2X-M-2640,460.00,-19.00,product_specific,"SurPro S2X Magnesium Stilts 26""-40"" SurPro set the bar and then broke it with the invention of double-sided stilts. The new SurPro S2X is the apex in construction stilts. Maximize everyday performance by further elevating your comfort and stability. Bette"
auto_accept,exact_identity_key,verified_exact_identity,100,86,90,76,yes,,surpro::s2m1624,635,variation,SP-S2-M,S2-M-1624,S2-M-1624,"SurPro S2 Magnesium Drywall Stilts - 16""-24""","SurPro S2 Magnesium Drywall Stilts - 16""-24""",SurPro,surpro,395.00,regular_price,,Al's Taping Tools,als_taping_tools,Sur,surpro,"Sur-Pro Dual Arm Magnesium 16""-24"" Stilts",S2-M-1624,364.00,31.00,product_specific,"Lightweight Magnesium Sur-Mag SII extra sturdy 15-23"" Stilts by Sur Pro. Lightest Pair of drywall stilts on the market."
auto_accept,exact_identity_key,verified_exact_identity,100,86,90,76,yes,,surpro::s2m2030,636,variation,SP-S2-M,S2-M-2030,S2-M-2030,"SurPro S2 Magnesium Drywall Stilts - 20""-30""","SurPro S2 Magnesium Drywall Stilts - 20""-30""",SurPro,surpro,403.50,regular_price,,Al's Taping Tools,als_taping_tools,Sur,surpro,"Sur-Pro Dual Arm Magnesium 20""-30"" Stilts",S2-M-2030,370.00,33.50,product_specific,"Strong and Lightweight Magnesium are what set these stilts apart from all others. Also, the dual arms SII Stilts have make these one of the safest stilts out there. Adjustable from 18 to 30 inches."
auto_accept,exact_identity_key,verified_exact_identity,100,86,90,76,yes,,surpro::s2m2640,637,variation,SP-S2-M,S2-M-2640,S2-M-2640,"SurPro S2 Magnesium Drywall Stilts - 26""-40""","SurPro S2 Magnesium Drywall Stilts - 26""-40""",SurPro,surpro,412.00,regular_price,,Al's Taping Tools,als_taping_tools,Sur,surpro,"Sur-Pro Dual Arm Magnesium 26""-40"" Stilts",S2-M-2640,380.00,32.00,product_specific,Dual arm S2-Mag by Sur-Pro adjust from 24 to 40 inches. Made of lightweight magnesium.
review,near_identical_title,review_near_identical,97,97,97,97,yes,,,637,variation,SP-S2-M,S2-M-2640,S2-M-2640,"SurPro S2 Magnesium Drywall Stilts - 26""-40""","SurPro S2 Magnesium Drywall Stilts - 26""-40""",SurPro,surpro,412.00,regular_price,,Al's Taping Tools,als_taping_tools,Sur,surpro,"SurPro S2X Magnesium Stilts 26""-40""",S2X-M-2640,460.00,-48.00,product_specific,"SurPro S2X Magnesium Stilts 26""-40"" SurPro set the bar and then broke it with the invention of double-sided stilts. The new SurPro S2X is the apex in construction stilts. Maximize everyday performance by further elevating your comfort and stability. Bette"
auto_accept,exact_identity_key,verified_exact_identity,100,100,100,100,yes,,surpro::s2xm2131,647,variation,SP-S2X-M,S2X-M-2131,S2X-M-2131,"SurPro S2X Magnesium Drywall Stilts - 21""-31""","SurPro S2X Magnesium Drywall Stilts - 21""-31""",SurPro,surpro,479.00,regular_price,,Al's Taping Tools,als_taping_tools,Sur,surpro,"SurPro S2X Magnesium Stilts 21""-31""",S2X-M-2131,450.00,29.00,product_specific,SurPro set the bar and then broke it with the invention of double-sided stilts. The new SurPro S2X is the apex in construction stilts. Maximize everyday performance by further elevating your comfort and stability. Better balance and comfort equate to less
auto_accept,exact_identity_key,verified_exact_identity,100,100,100,100,yes,,surpro::s2xm2640,648,variation,SP-S2X-M,S2X-M-2640,S2X-M-2640,"SurPro S2X Magnesium Drywall Stilts - 26""-40""","SurPro S2X Magnesium Drywall Stilts - 26""-40""",SurPro,surpro,490.00,regular_price,,Al's Taping Tools,als_taping_tools,Sur,surpro,"SurPro S2X Magnesium Stilts 26""-40""",S2X-M-2640,460.00,30.00,product_specific,"SurPro S2X Magnesium Stilts 26""-40"" SurPro set the bar and then broke it with the invention of double-sided stilts. The new SurPro S2X is the apex in construction stilts. Maximize everyday performance by further elevating your comfort and stability. Bette"
auto_accept,exact_identity_key,verified_exact_identity,100,86,90,46,yes,,tapetech::16tt90,650,variation,TT-APPLICATOR-HEAD,16TT90,16TT90,TapeTech Applicator Head - Inside Corner,TapeTech Applicator Head - Inside Corner,TapeTech,tapetech,85.43,regular_price,,Al's Taping Tools,als_taping_tools,TapeTech,tapetech,TapeTech 90 Inside Corner Mud Applicator,16TT90,85.00,0.43,product_specific,Our TapeTech inside mud head applies ribbons of compound mud to corners. For installation of inside 90 degree paper-faced corner bead. Buy this product today!
auto_accept,exact_identity_key,verified_exact_identity,100,81,86,70,yes,,tapetech::16tt90,650,variation,TT-APPLICATOR-HEAD,16TT90,16TT90,TapeTech Applicator Head - Inside Corner,TapeTech Applicator Head - Inside Corner,TapeTech,tapetech,85.43,regular_price,,All-Wall,all_wall,TapeTech,tapetech,TapeTech Mud Applicator Head 90 Inside 16TT90,16TT90,85.00,0.43,product_specific,"TapeTech Mud Applicator Head 90º Inside TT16 TapeTech Mud Heads apply a consistent base coat of joint compound for the cleanest and most efficient installation of paper-faced corner bead. The Mud Head applies the correct amount of joint compound to maximize adhesion and reduce clean up. Attach the 16TT90 Mud Head to a Corner Applicator (35TT or 50TT) or the 14TT MudRunner® to simplify and accelerate installation of paper-faced corner bead for (internal) drywall corners. Features: Attaches via locking clip to all brands of Angle Box, Mudrunner, TapeTech Mud Tubes, and Columbia Mud Tubes Heavy-duty plastic construction reduces friction, and promotes smooth application Works with nearly all shapes of inside paper-faced corner bead"
auto_accept,exact_identity_key,verified_exact_identity,100,95,100,47,yes,,tapetech::16tt,649,variation,TT-APPLICATOR-HEAD,16TT,16TT,TapeTech Applicator Head - Outside Corner,TapeTech Applicator Head - Outside Corner,TapeTech,tapetech,85.43,regular_price,,Al's Taping Tools,als_taping_tools,TapeTech,tapetech,TapeTech 90 Outside Corner Applicator Head,16TT,85.00,0.43,product_specific,Tapetech Outside Mud Head applies ribbons of compound mud to the outside 90 degree corners for paper faced corner bead. Buy from Al's Taping Tools today!
auto_accept,exact_identity_key,verified_exact_identity,100,82,86,73,yes,,tapetech::16tt,649,variation,TT-APPLICATOR-HEAD,16TT,16TT,TapeTech Applicator Head - Outside Corner,TapeTech Applicator Head - Outside Corner,TapeTech,tapetech,85.43,regular_price,,All-Wall,all_wall,TapeTech,tapetech,TapeTech Mud Applicator Head 90 Outside 16TT,16TT,85.00,0.43,product_specific,"TapeTech Mud Applicator Head 90º Outside 16TT Apply a consistent base coat of joint compound for the cleanest and most efficient installation of paper-faced corner bead. The Mud Head applies the correct amount of joint compound to maximize adhesion and reduce clean up. Attach the 16TT Mud Head to a Corner Applicator (35TT or 50TT) or the 14TT MudRunner® to simplify and accelerate installation of paper-faced corner bead for external (outside) drywall corners. Features: Attaches via locking clip to all brands of Angle Box, Mudrunner, TapeTech Mud Tubes, and Columbia Mud Tubes Heavy-duty plastic construction reduces friction, and promotes smooth application Works with nearly all shapes of outside paper-faced corner bead"
auto_accept,exact_identity_key,verified_exact_identity,100,95,100,81,yes,,tapetech::ttbbs,664,simple,,TTBBS,TTBBS,TapeTech Basic Box Set,TapeTech Basic Box Set,TapeTech,tapetech,1644.00,regular_price,,All-Wall,all_wall,TapeTech,tapetech,TapeTech Basic Box Set TTBBS,TTBBS,1644.00,0.00,product_specific,"TapeTech Basic Box Set TTBBS Pre-packaged drywall flat finishing kit configured with the most popular flat box sizes and extendable flat box handle. Great place to start for hand finishers that want to increase speed, and a great value for seasoned drywall pros. Functions: Finishes joints on walls and ceilings (extra reach with Xtender) Most popular TapeTech finishing kit 5 Year TapeTech Warranty Includes: 10"" EZ Clean™ Flat Box EZ10TT 12"" EZ Clean™ Flat Box EZ12TT Loading Pump 76TT Flat Box Filler 90TT Flat Box Xtender Handle 88TTE"
auto_accept,exact_identity_key,verified_exact_identity,100,90,100,75,yes,,tapetech::ttbts,656,simple,,TTBTS,TTBTS,TapeTech Basic Taping Set,TapeTech Basic Taping Set,TapeTech,tapetech,2829.00,regular_price,,All-Wall,all_wall,TapeTech,tapetech,TapeTech Basic Taping Set TTBTS,TTBTS,2829.00,0.00,product_specific,"TapeTech Basic Taping Set TTBTS Pre-packaged Taping Set gives the drywall professional or remodeler everything necessary to string tape and complete first coat finish on corners. TapeTech drywall tools for taping and complete finishing of drywall corners, flats and butt joints. TapeTech Taping Tools are known worldwide, and can be considered the most recognized drywall tools for automatic taping and finishing. Tape Tech Taping Tools by Ames offer a 5 year warranty against manufacturer defects. Functions: Applies tape and compound to wall, ceiling and corner joints Finishes joints on walls and ceilings 5 Year TapeTech Warranty Includes: EZ Clean™ Automatic Taper 07TT Corner Roller 15TTE 3"" EZ Roll™ Adjustable Corner Finisher 48TT Loading Pump 76TT Gooseneck 85TT Corner Finisher Adaptor CFATT Fiberglass Support Handle FHTT"
auto_accept,exact_identity_key,verified_exact_identity,100,87,92,60,yes,,tapetech::bhe,654,variation,TT-BRAKELESS-BOX-HANDLE,BHE,BHE,"TapeTech Brakeless Box Handle - Extendable 34""-60""","TapeTech Brakeless Box Handle - Extendable 34""-60""",TapeTech,tapetech,305.72,regular_price,,Al's Taping Tools,als_taping_tools,,tapetech,TapeTech Brakeless Extendable Flat Box Handle,BHE,299.00,6.72,quarantined_storefront_boilerplate,
auto_accept,exact_identity_key,verified_exact_identity,100,86,91,59,yes,,tapetech::bhe,654,variation,TT-BRAKELESS-BOX-HANDLE,BHE,BHE,"TapeTech Brakeless Box Handle - Extendable 34""-60""","TapeTech Brakeless Box Handle - Extendable 34""-60""",TapeTech,tapetech,305.72,regular_price,,All-Wall,all_wall,TapeTech,tapetech,TapeTech Brakeless Extendable Flat Box Handle BHE,BHE,299.00,6.72,product_specific,"TapeTech Brakeless Extendable Flat Box Handle BHE Perfect for both new or experienced ATF tool users. No learning curve, the friction brake design eliminates the need for new users to learn how and when to properly apply the brake found on traditional finishing box handles. Experienced users, these handles give your hands a permanent vacation after years of squeezing traditional brake-style handles. Features: Easy To Clean Durable Fiberglass Easy Grip Star Knob Optimal Diameter Handle Extends From 34"" - 60"" Works With All TapeTech And Other Major Brand Flat Boxes"
auto_accept,exact_identity_key,verified_exact_identity,100,79,83,73,yes,,tapetech::bh,653,variation,TT-BRAKELESS-BOX-HANDLE,BH,BH,"TapeTech Brakeless Box Handle - Fixed 34""","TapeTech Brakeless Box Handle - Fixed 34""",TapeTech,tapetech,149.00,regular_price,,All-Wall,all_wall,TapeTech,tapetech,TapeTech Brakeless Flat Box Handle BH,BH,149.00,0.00,product_specific,"TapeTech Brakeless Flat Box Handle BH Perfect for both new or experienced ATF tool users. No learning curve, the friction brake design eliminates the need for new users to learn how and when to properly apply the brake found on traditional finishing box handles. Experienced users, these handles give your hands a permanent vacation after years of squeezing traditional brake-style handles. Features: Easy To Clean Durable Fiberglass Easy Grip Star Knob Optimal Diameter Handle 34"" Length Works With All TapeTech And Other Major Brand Flat Boxes"
review,exact_identifier_brand_conflict,review_brand_conflict,90,55,58,49,no,brand_mismatch:tapetech!=columbia,columbia::bh,653,variation,TT-BRAKELESS-BOX-HANDLE,BH,BH,"TapeTech Brakeless Box Handle - Fixed 34""","TapeTech Brakeless Box Handle - Fixed 34""",TapeTech,tapetech,149.00,regular_price,,Wall Tools,wall_tools,Columbia Taping Tools,columbia,Columbia 180 Grip Flat Box Handle,BH,189.27,-40.27,product_specific,The Columbia 180 Grip Flat Box Handle features an innovative 180-degree braking system for greater range of motion while accessing those tight spaces and low ceilings without slipping or losing your grip.
auto_accept,exact_identity_key,verified_exact_identity,100,85,55,35,yes,,tapetech::bhesw,652,variation,TT-BRAKELESS-BOX-HANDLE,BHE-SW,BHE-SW,"TapeTech Brakeless Box Handle - Rotational Extendable 34""-60""","TapeTech Brakeless Box Handle - Rotational Extendable 34""-60""",TapeTech,tapetech,335.99,regular_price,,All-Wall,all_wall,TapeTech,tapetech,TapeTech SideWinder Flat Box Handle,BHE-SW,329.00,6.99,product_specific,"The SideWinder is a brakeless box handle with rotating head that allows you to comfortably finish high horizontal joints by keeping the box and handle at the optimal angle for performance. The SideWinder has the same features as our other brakeless handles with the added convenience of the rotating head. Features: 7 Position Rotating Head For Optimal Positioning of the Finishing Box Extends From 34"" to 60"" (86cm to 152cm) Attaches To All TapeTech And Most Other Brand Of Finishing Boxes Oversized Easy to Grip Star Knob Easy to Clean Fiberglass Construction Optimal Diameter For Gripping Dimensions: Length - 39.5"" Height - 5.25"" Width - 3.5"" Weight - 2.75lbs"
auto_accept,exact_identity_key,verified_exact_identity,100,78,82,62,yes,,tapetech::cf25combo,666,variation,TT-COMBO-CORNER-FLUSHER,CF25COMBO,CF25COMBO,"TapeTech Combo Corner Flusher - 2.5""","TapeTech Combo Corner Flusher - 2.5""",TapeTech,tapetech,189.19,regular_price,,All-Wall,all_wall,TapeTech,tapetech,"TapeTech 2.5"" Combo Flusher CF25COMBO",CF25COMBO,179.00,10.19,product_specific,"TapeTech 2.5"" Combo Flusher CF25COMBO Can be used as either a direct or indirect flusher. Indirect flushers are used to smooth compound that has been applied by another tool. Direct flushers can be used to apply joint compound to internal corners. You can simply choose the size flusher to suit your needs without worrying which style to order. The Corner Flushers fit all standard angle boxes, corner boxes, angle head handles or Mudrunner. This TapeTech 2.5"" Combo Flusher includes the TapeTech Creaser Wheel Kit that can be used to simultaneously bed and glaze tape into inside drywall angles. Kit includes: Stainless Steel Body Optional Roller Wheels Available Ultra Light, Durable Skids Can Be Used as Either Indirect or Direct Flusher Mounting Bracket Corner Wheel Corner Wheel Bushing Fasteners"
auto_accept,exact_identity_key,verified_exact_identity,100,77,81,63,yes,,tapetech::cf30combo,667,variation,TT-COMBO-CORNER-FLUSHER,CF30COMBO,CF30COMBO,"TapeTech Combo Corner Flusher - 3""","TapeTech Combo Corner Flusher - 3""",TapeTech,tapetech,194.48,regular_price,,All-Wall,all_wall,TapeTech,tapetech,"TapeTech 3"" Combo Flusher CF30COMBO",CF30COMBO,184.00,10.48,product_specific,"TapeTech 3"" Combo Flusher CF30COMBO Can be used as either a direct or indirect flusher. Indirect flushers are used to smooth compound that has been applied by another tool. Direct flushers can be used to apply joint compound to internal corners. You can simply choose the size flusher to suit your needs without worrying which style to order. The Corner Flushers fit all standard angle boxes, corner boxes, angle head handles or Mudrunner. This TapeTech 3"" Combo Flusher includes the TapeTech Creaser Wheel Kit that can be used to simultaneously bed and glaze tape into inside drywall angles. Kit includes: Stainless Steel Body Optional Roller Wheels Available Ultra Light, Durable Skids Can Be Used as Either Indirect or Direct Flusher Mounting Bracket Corner Wheel Corner Wheel Bushing Fasteners"
auto_accept,exact_identity_key,verified_exact_identity,100,78,82,62,yes,,tapetech::cf35combo,668,variation,TT-COMBO-CORNER-FLUSHER,CF35COMBO,CF35COMBO,"TapeTech Combo Corner Flusher - 3.5""","TapeTech Combo Corner Flusher - 3.5""",TapeTech,tapetech,199.76,regular_price,,All-Wall,all_wall,TapeTech,tapetech,"TapeTech 3.5"" Combo Flusher CF35COMBO",CF35COMBO,189.00,10.76,product_specific,"TapeTech 3.5"" Combo Flusher CF35COMBO Can be used as either a direct or indirect flusher. Indirect flushers are used to smooth compound that has been applied by another tool. Direct flushers can be used to apply joint compound to internal corners. You can simply choose the size flusher to suit your needs without worrying which style to order. The Corner Flushers fit all standard angle boxes, corner boxes, angle head handles or Mudrunner. This TapeTech 3.5"" Combo Flusher includes the TapeTech Creaser Wheel Kit that can be used to simultaneously bed and glaze tape into inside drywall angles. Kit includes: Stainless Steel Body Optional Roller Wheels Available Ultra Light, Durable Skids Can Be Used as Either Indirect or Direct Flusher Mounting Bracket Corner Wheel Corner Wheel Bushing Fasteners"
auto_accept,exact_identity_key,verified_exact_identity,100,77,81,63,yes,,tapetech::cf40combo,669,variation,TT-COMBO-CORNER-FLUSHER,CF40COMBO,CF40COMBO,"TapeTech Combo Corner Flusher - 4""","TapeTech Combo Corner Flusher - 4""",TapeTech,tapetech,205.05,regular_price,,All-Wall,all_wall,TapeTech,tapetech,"TapeTech 4"" Combo Flusher CF40COMBO",CF40COMBO,194.00,11.05,product_specific,"TapeTech 4"" Combo Flusher CF40COMBO Can be used as either a direct or indirect flusher. Indirect flushers are used to smooth compound that has been applied by another tool. Direct flushers can be used to apply joint compound to internal corners. You can simply choose the size flusher to suit your needs without worrying which style to order. The Corner Flushers fit all standard angle boxes, corner boxes, angle head handles or Mudrunner. This TapeTech 4"" Combo Flusher includes the TapeTech Creaser Wheel Kit that can be used to simultaneously bed and glaze tape into inside drywall angles. Kit includes: Stainless Steel Body Optional Roller Wheels Available Ultra Light, Durable Skids Can Be Used as Either Indirect or Direct Flusher Mounting Bracket Corner Wheel Corner Wheel Bushing Fasteners"
auto_accept,exact_identity_key,verified_exact_identity,100,95,100,82,yes,,tapetech::ct24tt,673,variation,TT-COMPOUND-TUBE,CT24TT,CT24TT,"TapeTech Compound Tube - 24""","TapeTech Compound Tube - 24""",TapeTech,tapetech,189.00,regular_price,,Al's Taping Tools,als_taping_tools,TapeTech,tapetech,"Tapetech 24"" Drywall Compound Tube - CT24TT",CT24TT,189.00,0.00,product_specific,"Our 24"" Tape Tech Compound Tube has the ability to apply mud in hard to get areas. Use this with a tapetech compound flusher or other applicator."
auto_accept,exact_identity_key,verified_exact_identity,100,95,100,82,yes,,tapetech::ct24tt,673,variation,TT-COMPOUND-TUBE,CT24TT,CT24TT,"TapeTech Compound Tube - 24""","TapeTech Compound Tube - 24""",TapeTech,tapetech,189.00,regular_price,,All-Wall,all_wall,TapeTech,tapetech,"TapeTech 24"" Compound Tube CT24TT",CT24TT,189.00,0.00,product_specific,"TapeTech 24"" Compound Tube CT24TT Supplies joint compound to corner flushers for finishing inside corners. TapeTech Compound Tube also attaches to applicator heads for applying corner bead to internal and external corners. The Compound Tube features quick release clamps, allowing disassembly for easy cleaning. 24"" compound tube is very maneuverable and is an excellent choice for working in smaller areas. Gold anodized main tube and stainless steel cone offer maximum durability. Stainless Steel Nose Cone Smooth Operation With Optimized Plunger Design Quick Release Clamps For Easy Cleaning Gold Anodized Aluminum Main Tube"
auto_accept,exact_identity_key,verified_exact_identity,100,95,100,82,yes,,tapetech::ct36tt,674,variation,TT-COMPOUND-TUBE,CT36TT,CT36TT,"TapeTech Compound Tube - 36""","TapeTech Compound Tube - 36""",TapeTech,tapetech,199.00,regular_price,,Al's Taping Tools,als_taping_tools,TapeTech,tapetech,"TapeTech 36"" Drywall Compound Tube - CT36TT",CT36TT,199.00,0.00,product_specific,"The TapeTech 36"" compound tube applies mud through a tapetech flusher. Complete your tool set with this great TapeTech product from Al's Taping Tools."
auto_accept,exact_identity_key,verified_exact_identity,100,95,100,82,yes,,tapetech::ct36tt,674,variation,TT-COMPOUND-TUBE,CT36TT,CT36TT,"TapeTech Compound Tube - 36""","TapeTech Compound Tube - 36""",TapeTech,tapetech,199.00,regular_price,,All-Wall,all_wall,TapeTech,tapetech,"TapeTech 36"" Compound Tube CT36TT",CT36TT,199.00,0.00,product_specific,"TapeTech 36"" Compound Tube CT36TT Supplies joint compound to corner flushers for finishing inside corners. TapeTech Compound Tube also attaches to applicator heads for applying corner bead to internal and external corners. The Compound Tube features quick release clamps, allowing disassembly for easy cleaning. 36"" compound tube is very versatile and is an excellent choice for working in general areas. Gold anodized main tube and stainless steel cone offer maximum durability. Stainless Steel Nose Cone Smooth Operation With Optimized Plunger Design Quick Release Clamps For Easy Cleaning Gold Anodized Aluminum Main Tube"
auto_accept,exact_identity_key,verified_exact_identity,100,95,100,82,yes,,tapetech::ct42tt,675,variation,TT-COMPOUND-TUBE,CT42TT,CT42TT,"TapeTech Compound Tube - 42""","TapeTech Compound Tube - 42""",TapeTech,tapetech,211.09,regular_price,,Al's Taping Tools,als_taping_tools,TapeTech,tapetech,"Tapetech 42"" Drywall Compound Tube - CT42TT",CT42TT,209.00,2.09,product_specific,"The TapeTech 42"" Compound Tube is a great choice for contractors or even homeowners who want to speed up their drywall finishing of inside and outside corners. Check out this product from Al's Taping Tools."
auto_accept,exact_identity_key,verified_exact_identity,100,95,100,82,yes,,tapetech::ct42tt,675,variation,TT-COMPOUND-TUBE,CT42TT,CT42TT,"TapeTech Compound Tube - 42""","TapeTech Compound Tube - 42""",TapeTech,tapetech,211.09,regular_price,,All-Wall,all_wall,TapeTech,tapetech,"TapeTech 42"" Compound Tube CT42TT",CT42TT,209.00,2.09,product_specific,"TapeTech 42"" Compound Tube CT42TT Supplies joint compound to corner flushers for finishing inside corners. TapeTech Compound Tube also attaches to applicator heads for applying corner bead to internal and external corners. The Compound Tube features quick release clamps, allowing disassembly for easy cleaning. 42"" Compound Tube is very versatile and is an excellent choice for working in higher areas. Gold anodized main tube and stainless steel cone offer maximum durability. Stainless Steel Nose Cone Smooth Operation With Optimized Plunger Design Quick Release Clamps For Easy Cleaning Gold Anodized Aluminum Main Tube"
auto_accept,exact_identity_key,verified_exact_identity,100,95,100,87,yes,,tapetech::cta01tt,751,simple,,CTA01TT,CTA01TT,TapeTech Compound Tube Filler Adapter,TapeTech Compound Tube Filler Adapter,TapeTech,tapetech,19.99,regular_price,,Al's Taping Tools,als_taping_tools,TapeTech,tapetech,TapeTech Compound Tube Filler Adapter - CTA01TT,CTA01TT,19.99,0.00,product_specific,TapeTech CTA01TT Compound Tube Filler Adapter is one of the best products on the market. Learn more about this great TapeTech product from Al's Taping Tools!
auto_accept,exact_identity_key,verified_exact_identity,100,95,100,87,yes,,tapetech::cta01tt,751,simple,,CTA01TT,CTA01TT,TapeTech Compound Tube Filler Adapter,TapeTech Compound Tube Filler Adapter,TapeTech,tapetech,19.99,regular_price,,All-Wall,all_wall,TapeTech,tapetech,TapeTech Compound Tube Filler Adapter CTA01TT,CTA01TT,19.99,0.00,product_specific,"TapeTech Compound Tube Filler Adapter CTA01TT Designed to fit any size Compound Tube, as an alternative to using a Loading Pump, when filling Flat Boxes. The quick-release latches on the TapeTech Compound Tubes make removing the outlet assembly, and inserting the Filler Adapter CTA01TT, a quick and easy exchange. Easy clean up and durable design, the Compound Tube Filler Adapter provides great flexablity for any drywall professional."
auto_accept,exact_identity_key,verified_exact_identity,100,95,100,83,yes,,tapetech::ca07tt,676,variation,TT-CORNER-APPLICATOR,CA07TT,CA07TT,"TapeTech Corner Applicator - 7""","TapeTech Corner Applicator - 7""",TapeTech,tapetech,315.00,regular_price,,Al's Taping Tools,als_taping_tools,TapeTech,tapetech,"TapeTech  7"" Corner Applicator Head",CA07TT,315.00,0.00,product_specific,"The TapeTech 7"" corner box applies drywall compound to corners with the use of angle heads. Buy TapeTech products from Al's Taping Tools today."
auto_accept,exact_identity_key,verified_exact_identity,100,35,37,32,yes,,tapetech::ca07tt,676,variation,TT-CORNER-APPLICATOR,CA07TT,CA07TT,"TapeTech Corner Applicator - 7""","TapeTech Corner Applicator - 7""",TapeTech,tapetech,315.00,regular_price,,All-Wall,all_wall,TapeTech,tapetech,"TapeTech 7"" Angle Box CA07TT",CA07TT,315.00,0.00,product_specific,"TapeTech 7"" Angle Box CA07TT Used in conjunction with Angle Heads/Corner Finishers, Mud Applicator Heads, and Corner Bead Mud Heads to apply drywall compound to internal and external corners. TapeTech Angle Box incorporates the new XHT/FHTT handle connection with non-slip D shaped input. TapeTech Angle Boxes feature a lightweight aluminum body with durable stainless steel nose cone. The 7"" model is slightly more compact than the 8"" model, and easier to use in tight areas. The new CA07TT requires an XHT/FHTT handle (not included), and will not adapt to earlier TapeTech or similar handles. Features: Lighter and More Agile Than The 8"" New XHT/FHTT D Handle Connector Durable Stainless Steel Nose Cone Connects To All Brands Of Angle Heads, and Mud Heads"
auto_accept,exact_identity_key,verified_exact_identity,100,95,100,84,yes,,tapetech::ca08tt,677,variation,TT-CORNER-APPLICATOR,CA08TT,CA08TT,"TapeTech Corner Applicator - 8""","TapeTech Corner Applicator - 8""",TapeTech,tapetech,330.00,regular_price,,Al's Taping Tools,als_taping_tools,TapeTech,tapetech,"TapeTech 8"" Corner Applicator - CA08TT",CA08TT,330.00,0.00,product_specific,"The TapeTech 8"" drywall corner box is an excellent choice for running angles. Most customers like the 8 inch size the best because it can run longer angles. Buy from Al's Taping Tools today!"
auto_accept,exact_identity_key,verified_exact_identity,100,35,37,32,yes,,tapetech::ca08tt,677,variation,TT-CORNER-APPLICATOR,CA08TT,CA08TT,"TapeTech Corner Applicator - 8""","TapeTech Corner Applicator - 8""",TapeTech,tapetech,330.00,regular_price,,All-Wall,all_wall,TapeTech,tapetech,"TapeTech 8"" Angle Box CA08TT",CA08TT,330.00,0.00,product_specific,"TapeTech 8"" Angle Box CA08TT Used in conjunction with Angle Heads/Corner Finishers, Mud Applicator Heads, and Corner Bead Mud Heads to apply drywall compound to internal and external corners. TapeTech Angle Box incorporates the new XHT/FHTT handle connection with non-slip D shaped input. TapeTech Angle Boxes feature a lightweight aluminum body with durable stainless steel nose cone. The 8"" model is slightly larger than the 7"" model, and holds more compound. The greater mud capacity adds a small amount of weight, but increases overall productivity. The new CA08TT requires an XHT/FHTT handle, and will not adapt to earlier TapeTech or similar handles (not included). Features: Higher Mud Capacity Than The 7"" New XHT/FHTT D Handle Connector Durable Stainless Steel Nose Cone Connects To All Brands Of Angle Heads, and Mud Heads"
auto_accept,exact_identity_key,verified_exact_identity,100,85,100,62,yes,,tapetech::40xtt,678,variation,TT-CORNER-FINISHER,40XTT,40XTT,"TapeTech Corner Finisher - 2""","TapeTech Corner Finisher - 2""",TapeTech,tapetech,389.00,regular_price,,Al's Taping Tools,als_taping_tools,TapeTech,tapetech,"TapeTech 2"" Angle Head Drywall Corner Finisher - 40XTT",40XTT,389.00,0.00,product_specific,"TapeTech makes one of the smallest 2"" angle heads on the market. This product is great for getting around door jams. Buy it today!"
review,exact_identifier_contradiction,review_contradiction,94,38,40,34,no,product_family_mismatch:['corner finisher']!=['angle head'],tapetech::40xtt,678,variation,TT-CORNER-FINISHER,40XTT,40XTT,"TapeTech Corner Finisher - 2""","TapeTech Corner Finisher - 2""",TapeTech,tapetech,389.00,regular_price,,All-Wall,all_wall,TapeTech,tapetech,"TapeTech 2"" Angle Head 40XTT",40XTT,389.00,0.00,product_specific,"TapeTech 2"" Angle Head Used to perfectly feather both sides of internal drywall tape corners in one pass. The corner finisher, also known as corner finisher, angle finisher, or glazer, is attached to a corner applicator, angle box, MudRunner® or angle head handle to quickly and professionally finish internal drywall corners. An angle head can be used for any 90º inside drywall corner, at either wall or ceiling junctions, and embeds inside angle tape on walls and ceilings by smoothly feathering excess mud in internal corners. TapeTech Corner Finishers are spring loaded to help compensate for slight corner imperfections. The TapeTech 2"" corner finisher angle head is ideal for tape coats and for finishing drywall projects with narrow door legs or window trim areas. Stainless steel frames provide many years of reliable service and positive ball retainer keeps angle head securely attached to angle box, Mudrunner or angle head handle, eliminating surprise disconnects or tool damage. Locking Clip Retainer Eliminates Damaging Disconnects. Perfect For Glazing Tape Coat Narrow Side Legs Welded Steel Frames Durable Nickel-Plating Die-cast aluminum body resists corrosion"
review,exact_identifier_contradiction,review_contradiction,94,85,52,42,no,product_family_mismatch:['corner finisher']!=['angle head'],tapetech::42tt,679,variation,TT-CORNER-FINISHER,42TT,42TT,"TapeTech Corner Finisher - 2.5""","TapeTech Corner Finisher - 2.5""",TapeTech,tapetech,399.00,regular_price,,Al's Taping Tools,als_taping_tools,TapeTech,tapetech,"TapeTech 2.5"" EasyRoll Angle Head Drywall Finishing Tool - 42TT",42TT,399.00,0.00,product_specific,"The TapeTech 2.5"" angle head covers the recess better than its little brother (2"" tapetech angle head). Fits all major brands of glazing handles. Check it out!"
review,exact_identifier_contradiction,review_contradiction,94,45,47,36,no,product_family_mismatch:['corner finisher']!=['angle head'],tapetech::42tt,679,variation,TT-CORNER-FINISHER,42TT,42TT,"TapeTech Corner Finisher - 2.5""","TapeTech Corner Finisher - 2.5""",TapeTech,tapetech,399.00,regular_price,,All-Wall,all_wall,TapeTech,tapetech,"TapeTech 2.5"" Angle Head 42TT",42TT,399.00,0.00,product_specific,"TapeTech 2.5"" Angle Head Used to perfectly feather both sides of internal drywall tape corners in one pass. The corner finisher, also known as corner finisher, angle finisher, or glazer, is attached to a corner applicator, angle box, MudRunner® or angle head handle to quickly and professionally finish internal drywall corners. An angle head can be used for any 90º inside drywall corner, at either wall or ceiling junctions, and embeds inside angle tape on walls and ceilings by smoothly feathering excess mud in internal corners. TapeTech Corner Finishers are spring loaded to help compensate for slight corner imperfections. The TapeTech 2.5"" corner finisher angle head is ideal for tape coats and for finishing drywall projects with narrow door legs or window trim areas. Stainless steel frames provide many years of reliable service and positive ball retainer keeps angle head securely attached to angle box, Mudrunner or angle head handle, eliminating surprise disconnects or tool damage. Locking Clip Retainer Eliminates Damaging Disconnects. Perfect For Glazing Tape Coat Narrow Side Legs Welded Steel Frames Durable Nickel-Plating Die-cast aluminum body resists corrosion"
review,exact_identifier_contradiction,review_contradiction,94,59,63,41,no,product_family_mismatch:['corner finisher']!=['angle head'],tapetech::48tt,680,variation,TT-CORNER-FINISHER,48TT,48TT,"TapeTech Corner Finisher - 3"" EasyRoll® Adjustable","TapeTech Corner Finisher - 3"" EasyRoll® Adjustable",TapeTech,tapetech,429.00,regular_price,,Al's Taping Tools,als_taping_tools,TapeTech,tapetech,"TapeTech 3"" EasyRoll Angle Head Drywall Finishing Tool - 48TT",48TT,429.00,0.00,product_specific,"The TapeTech 3"" easy roll corner finisher has wheels to help it glide down the inside angles. Buy from Al's Taping Tools today!"
review,exact_identifier_contradiction,review_contradiction,94,54,57,44,no,product_family_mismatch:['corner finisher']!=['angle head'],tapetech::48tt,680,variation,TT-CORNER-FINISHER,48TT,48TT,"TapeTech Corner Finisher - 3"" EasyRoll® Adjustable","TapeTech Corner Finisher - 3"" EasyRoll® Adjustable",TapeTech,tapetech,429.00,regular_price,,All-Wall,all_wall,TapeTech,tapetech,"TapeTech 3"" EasyRoll Angle Head 48TT",48TT,429.00,0.00,product_specific,"TapeTech 3"" EasyRoll® Angle Head Reduces drag with easy rolling rubber-tired wheels. Used to perfectly feather both sides of internal drywall tape corners in one pass. Integrated spring adjusters allow quick change of spring tension to suit any drywall finishing job. 3"" EasyRoll angle head can also be attached to angle box, corner box or Mudrunner to apply final smooth feathered finish to inside drywall corner angles. Tape Tech Easy Roll 3"" corner finishing tool glides smoothly in drywall corners due to reduced friction. Use angle head to feather inside 90 degree tape corners after applying with banjo, compound applicator or automatic taper. EasyRoll angle corner finisher can also be used to apply final smooth feathered finish coat of compound, by simply attaching to an angle box (also known as flusher box, hockey box or corner applicator). Convenient spring adjustment levers quickly allow change of tension preference. Firm spring adjustment is often used when final finishing inside drywall angles, and softer setting is popular when applying tape coat. The 3"" EasyRoll corner finisher can be used both for applying tape as well as smooth skimming finish compound to inside 90 degree drywall angle corners. Convenient Spring Tension Levers Locking Clip Retainer Eliminates Damaging Disconnects EasyRoll Wheels With Rubber Tires Reduce Friction Evenly finishes Both Sides Of Inside 90 degree angles 5-Year Manufacturer's Warranty"
auto_accept,exact_identity_key,verified_exact_identity,100,79,83,40,yes,,tapetech::48xtt,683,variation,TT-CORNER-FINISHER,48XTT,48XTT,"TapeTech Corner Finisher - 3.5"" EasyRoll® Adjustable","TapeTech Corner Finisher - 3.5"" EasyRoll® Adjustable",TapeTech,tapetech,448.22,regular_price,,Al's Taping Tools,als_taping_tools,TapeTech,tapetech,"TapeTech 3.5"" EasyRoll Angle Head Corner Finisher - 48XTT",48XTT,439.00,9.22,product_specific,"TapeTech makes one of the largest 3.5"" angle heads available. It includes Easy Roll wheels and locking clip on the back. Buy from Al's Taping Tools today!"
review,exact_identifier_contradiction,review_contradiction,94,55,58,47,no,product_family_mismatch:['corner finisher']!=['angle head'],tapetech::48xtt,683,variation,TT-CORNER-FINISHER,48XTT,48XTT,"TapeTech Corner Finisher - 3.5"" EasyRoll® Adjustable","TapeTech Corner Finisher - 3.5"" EasyRoll® Adjustable",TapeTech,tapetech,448.22,regular_price,,All-Wall,all_wall,TapeTech,tapetech,"TapeTech 3.5"" EasyRoll Angle Head 48XTT",48XTT,439.00,9.22,product_specific,"TapeTech 3.5"" EasyRoll® Angle Head Reduces drag with easy rolling rubber-tired wheels. Used to perfectly feather both sides of internal drywall tape corners in one pass. Integrated spring adjusters allow quick change of spring tension to suit any drywall finishing job. 3.5"" EasyRoll angle head can also be attached to angle box, corner box or Mudrunner to apply final smooth feathered finish to inside drywall corner angles. Tape Tech Easy Roll 3.5"" corner finishing tool glides smoothly in drywall corners due to reduced friction. Use angle head to feather inside 90 degree tape corners after applying with banjo, compound applicator or automatic taper. EasyRoll angle corner finisher can also be used to apply final smooth feathered finish coat of compound, by simply attaching to an angle box (also known as flusher box, hockey box or corner applicator). Convenient spring adjustment levers quickly allow change of tension preference. Firm spring adjustment is often used when final finishing inside drywall angles, and softer setting is popular when applying tape coat. The 3.5"" EasyRoll corner finisher can be used both for applying tape as well as smooth skimming finish compound to inside 90 degree drywall angle corners. Convenient Spring Tension Levers Locking Clip Retainer Eliminates Damaging Disconnects EasyRoll Wheels With Rubber Tires Reduce Friction Evenly finishes Both Sides Of Inside 90 degree angles 5-Year Manufacturer's Warranty"
auto_accept,exact_identity_key,verified_exact_identity,100,95,100,86,yes,,tapetech::ttcfs,659,simple,,TTCFS,TTCFS,TapeTech Corner Finishing Set,TapeTech Corner Finishing Set,TapeTech,tapetech,1416.00,regular_price,,All-Wall,all_wall,TapeTech,tapetech,TapeTech Corner Finishing Set TTCFS,TTCFS,1416.00,0.00,product_specific,"TapeTech Corner Finishing Set TTCFS Pre-packaged drywall corner finishing kit configured with the most popular size Corner applicator and finisher. Includes Bazooka Pump with filler for increased efficiency. A great value for seasoned drywall pros. Functions: Finishes tape on inside corners 5 Year TapeTech Warranty Includes: 3"" EZ Roll™ Adjustable Corner Finisher 48TT 8"" Corner Applicator CA08TT Loading Pump 76TT Flat Box Filler 90TT Extendable Handle XHTT"
review,near_identical_title,review_near_identical,100,100,100,100,yes,,,659,simple,,TTCFS,TTCFS,TapeTech Corner Finishing Set,TapeTech Corner Finishing Set,TapeTech,tapetech,1416.00,regular_price,,Al's Taping Tools,als_taping_tools,TapeTech,tapetech,TapeTech Corner Finishing Set,Gttcfs,1392.00,24.00,product_specific,TapeTech Corner Finishing Set TTCFS is a nice combo set for finishing inside corners after the tape has been applied. Check out this great TapeTech set from Al's Taping Tools.
auto_accept,exact_identity_key,verified_exact_identity,100,95,100,64,yes,,tapetech::17tte,686,variation,TT-CORNER-ROLLER,17TTE,17TTE,TapeTech Corner Roller - Flex Tape Outside Corner,TapeTech Corner Roller - Flex Tape Outside Corner,TapeTech,tapetech,192.30,regular_price,,Al's Taping Tools,als_taping_tools,TapeTech,tapetech,TapeTech Outside Corner Roller (for Flex Tape) - 17TTE,17TTE,179.00,13.30,product_specific,The TapeTech 17TTE Outside Corner Roller firmly embeds paper faced corner bead on external drywall corners and removes the excess joint compound. Learn more!
auto_accept,exact_identity_key,verified_exact_identity,100,84,89,53,yes,,tapetech::17tte,686,variation,TT-CORNER-ROLLER,17TTE,17TTE,TapeTech Corner Roller - Flex Tape Outside Corner,TapeTech Corner Roller - Flex Tape Outside Corner,TapeTech,tapetech,192.30,regular_price,,All-Wall,all_wall,TapeTech,tapetech,TapeTech Outside Corner Roller 17TTE,17TTE,179.00,13.30,product_specific,TapeTech Outside Corner Roller (for Flex Tape)
auto_accept,exact_identity_key,verified_exact_identity,100,95,100,55,yes,,tapetech::15tte,684,variation,TT-CORNER-ROLLER,15TTE,15TTE,TapeTech Corner Roller - Inside Corner,TapeTech Corner Roller - Inside Corner,TapeTech,tapetech,189.00,regular_price,,Al's Taping Tools,als_taping_tools,TapeTech,tapetech,TapeTech Inside Corner Roller,15TTE,189.00,0.00,product_specific,"The TapeTech angle roller sets the drywall tape into the inside corners. Choose either a fixed length fiberglass handle, or one of the Extender handles to attach to this 15tte. Buy it today!"
auto_accept,exact_identity_key,verified_exact_identity,100,77,81,65,yes,,tapetech::15tte,684,variation,TT-CORNER-ROLLER,15TTE,15TTE,TapeTech Corner Roller - Inside Corner,TapeTech Corner Roller - Inside Corner,TapeTech,tapetech,189.00,regular_price,,All-Wall,all_wall,TapeTech,tapetech,TapeTech Corner Roller 15TTE,15TTE,189.00,0.00,product_specific,"TapeTech Corner Roller 15TTE The Corner Roller embeds drywall paper tape firmly into the corner, ideal for use immediately after applying joint tape to the internal corner with the Automatic Taper. In preparation for use with a corner finisher, the Corner Roller forces excess joint compound from behind the tape. Featuring a Stainless Steel rollers for durability and clean edges. For best results, Use with the Fiberglass Handle FHTT or the Extension Handle XHTT (sold separately). Features: Steel Rollers with Plastic Interior Provides Smooth Operation. Embeds Paper Tape Into 90º Internal Corner Joints On Walls and Ceilings. Lightweight and Fast Easy Clean Up"
auto_accept,exact_identity_key,verified_exact_identity,100,95,100,50,yes,,tapetech::17tt,685,variation,TT-CORNER-ROLLER,17TT,17TT,TapeTech Corner Roller - Outside Corner,TapeTech Corner Roller - Outside Corner,TapeTech,tapetech,170.00,regular_price,,Al's Taping Tools,als_taping_tools,TapeTech,tapetech,TapeTech Outside Corner Bead Roller - 17TT,17TT,170.00,0.00,product_specific,The TapeTech Outside Corner Roller embeds the corner bead and removes the excess joint compound from beneath it. Buy from Al's Taping Tools today!
auto_accept,exact_identity_key,verified_exact_identity,100,95,100,55,yes,,tapetech::17tt,685,variation,TT-CORNER-ROLLER,17TT,17TT,TapeTech Corner Roller - Outside Corner,TapeTech Corner Roller - Outside Corner,TapeTech,tapetech,170.00,regular_price,,All-Wall,all_wall,TapeTech,tapetech,TapeTech Outside Corner Roller 17TT,17TT,170.00,0.00,product_specific,"TapeTech Outside Corner Roller 17TT Firmly embeds paper-faced corner bead on external drywall corners and removes the excess joint compound from beneath it. The nylon rollers provide a smooth surface to prevent damage to the corner bead. This is for the head only, handles are available separately. Features: Embeds paper faced outside corner bead into compound or adhesive Easy Clean Up"
auto_accept,exact_identity_key,verified_exact_identity,100,95,100,77,yes,,tapetech::ch55tt,687,variation,TT-COVE-APPLICATOR-HEAD,CH55TT,CH55TT,TapeTech Cove Applicator Head - 55 mm,TapeTech Cove Applicator Head - 55 mm,TapeTech,tapetech,99.00,regular_price,,Al's Taping Tools,als_taping_tools,TapeTech,tapetech,TapeTech 55 mm Cove Applicator Head CH55TT,CH55TT,138.19,-39.19,product_specific,TapeTech 55 mm Cove Applicator Head CH55TT TapeTech Cove Applicator Heads apply a bead of gypsum cove adhesive in precisely the right location for optimal adhesion of gypsum cove or cornice. They are designed to work with the most common sizes of Gyprock™
auto_accept,exact_identity_key,verified_exact_identity,100,95,100,77,yes,,tapetech::ch55tt,687,variation,TT-COVE-APPLICATOR-HEAD,CH55TT,CH55TT,TapeTech Cove Applicator Head - 55 mm,TapeTech Cove Applicator Head - 55 mm,TapeTech,tapetech,99.00,regular_price,,All-Wall,all_wall,TapeTech,tapetech,TapeTech 55 mm Cove Applicator Head CH55TT,CH55TT,99.00,0.00,product_specific,"TapeTech 55 mm Cove Applicator Head CH55TT TapeTech Cove Applicator Heads apply a bead of gypsum cove adhesive in precisely the right location for optimal adhesion of gypsum cove or cornice. They are designed to work with the most common sizes of Gyprock™ Cornice, Gyproc™ Cove, GIB-Cove™ and other brands of gypsum cove and cornice. Cove Applicator heads attach securely to all TapeTech Corner Applicator tools but are ideally suited to be used with the Compound Tubes."
auto_accept,exact_identity_key,verified_exact_identity,100,95,100,77,yes,,tapetech::ch75tt,688,variation,TT-COVE-APPLICATOR-HEAD,CH75TT,CH75TT,TapeTech Cove Applicator Head - 75 mm,TapeTech Cove Applicator Head - 75 mm,TapeTech,tapetech,99.00,regular_price,,Al's Taping Tools,als_taping_tools,TapeTech,tapetech,TapeTech 75 mm Cove Applicator Head CH75TT,CH75TT,140.86,-41.86,product_specific,TapeTech 75 mm Cove Applicator Head CH75TT TapeTech Cove Applicator Heads apply a bead of gypsum cove adhesive in precisely the right location for optimal adhesion of gypsum cove or cornice. They are designed to work with the most common sizes of Gyprock™
auto_accept,exact_identity_key,verified_exact_identity,100,95,100,77,yes,,tapetech::ch75tt,688,variation,TT-COVE-APPLICATOR-HEAD,CH75TT,CH75TT,TapeTech Cove Applicator Head - 75 mm,TapeTech Cove Applicator Head - 75 mm,TapeTech,tapetech,99.00,regular_price,,All-Wall,all_wall,TapeTech,tapetech,TapeTech 75 mm Cove Applicator Head CH75TT,CH75TT,99.00,0.00,product_specific,"TapeTech 75 mm Cove Applicator Head CH75TT TapeTech Cove Applicator Heads apply a bead of gypsum cove adhesive in precisely the right location for optimal adhesion of gypsum cove or cornice. They are designed to work with the most common sizes of Gyprock™ Cornice, Gyproc™ Cove, GIB-Cove™ and other brands of gypsum cove and cornice. Cove Applicator heads attach securely to all TapeTech Corner Applicator tools but are ideally suited to be used with the Compound Tubes."
auto_accept,exact_identity_key,verified_exact_identity,100,95,100,77,yes,,tapetech::ch83tt,689,variation,TT-COVE-APPLICATOR-HEAD,CH83TT,CH83TT,TapeTech Cove Applicator Head - 83 mm,TapeTech Cove Applicator Head - 83 mm,TapeTech,tapetech,99.00,regular_price,,Al's Taping Tools,als_taping_tools,TapeTech,tapetech,TapeTech 83 mm Cove Applicator Head CH83TT,CH83TT,144.85,-45.85,product_specific,TapeTech 83 mm Cove Applicator Head CH83TT TapeTech Cove Applicator Heads apply a bead of gypsum cove adhesive in precisely the right location for optimal adhesion of gypsum cove or cornice. They are designed to work with the most common sizes of Gyprock™
auto_accept,exact_identity_key,verified_exact_identity,100,95,100,77,yes,,tapetech::ch83tt,689,variation,TT-COVE-APPLICATOR-HEAD,CH83TT,CH83TT,TapeTech Cove Applicator Head - 83 mm,TapeTech Cove Applicator Head - 83 mm,TapeTech,tapetech,99.00,regular_price,,All-Wall,all_wall,TapeTech,tapetech,TapeTech 83 mm Cove Applicator Head CH83TT,CH83TT,99.00,0.00,product_specific,"TapeTech 83 mm Cove Applicator Head CH83TT TapeTech Cove Applicator Heads apply a bead of gypsum cove adhesive in precisely the right location for optimal adhesion of gypsum cove or cornice. They are designed to work with the most common sizes of Gyprock™ Cornice, Gyproc™ Cove, GIB-Cove™ and other brands of gypsum cove and cornice. Cove Applicator heads attach securely to all TapeTech Corner Applicator tools but are ideally suited to be used with the Compound Tubes."
auto_accept,exact_identity_key,verified_exact_identity,100,95,100,77,yes,,tapetech::ch90tt,690,variation,TT-COVE-APPLICATOR-HEAD,CH90TT,CH90TT,TapeTech Cove Applicator Head - 90 mm,TapeTech Cove Applicator Head - 90 mm,TapeTech,tapetech,99.00,regular_price,,Al's Taping Tools,als_taping_tools,TapeTech,tapetech,TapeTech 90 mm Cove Applicator Head CH90TT,CH90TT,159.46,-60.46,product_specific,TapeTech 90 mm Cove Applicator Head CH90TT TapeTech Cove Applicator Heads apply a bead of gypsum cove adhesive in precisely the right location for optimal adhesion of gypsum cove or cornice. They are designed to work with the most common sizes of Gyprock™
auto_accept,exact_identity_key,verified_exact_identity,100,95,100,77,yes,,tapetech::ch90tt,690,variation,TT-COVE-APPLICATOR-HEAD,CH90TT,CH90TT,TapeTech Cove Applicator Head - 90 mm,TapeTech Cove Applicator Head - 90 mm,TapeTech,tapetech,99.00,regular_price,,All-Wall,all_wall,TapeTech,tapetech,TapeTech 90 mm Cove Applicator Head CH90TT,CH90TT,99.00,0.00,product_specific,"TapeTech 90 mm Cove Applicator Head CH90TT TapeTech Cove Applicator Heads apply a bead of gypsum cove adhesive in precisely the right location for optimal adhesion of gypsum cove or cornice. They are designed to work with the most common sizes of Gyprock™ Cornice, Gyproc™ Cove, GIB-Cove™ and other brands of gypsum cove and cornice. Cove Applicator heads attach securely to all TapeTech Corner Applicator tools but are ideally suited to be used with the Compound Tubes."
auto_accept,exact_identity_key,verified_exact_identity,100,79,83,68,yes,,tapetech::cf25tt,693,variation,TT-DIRECT-CORNER-FLUSHER,CF25TT,CF25TT,"TapeTech Direct Corner Flusher - 2.5""","TapeTech Direct Corner Flusher - 2.5""",TapeTech,tapetech,115.26,regular_price,,Al's Taping Tools,als_taping_tools,TapeTech,tapetech,"TapeTech 2.5"" Direct Flusher - CF25TT",CF25TT,114.00,1.26,product_specific,Want a corner flushers that will make quick work of wiping or finishing inside corners? This product from TapeTech is a great option. Learn more!
auto_accept,exact_identity_key,verified_exact_identity,100,79,83,68,yes,,tapetech::cf25tt,693,variation,TT-DIRECT-CORNER-FLUSHER,CF25TT,CF25TT,"TapeTech Direct Corner Flusher - 2.5""","TapeTech Direct Corner Flusher - 2.5""",TapeTech,tapetech,115.26,regular_price,,All-Wall,all_wall,TapeTech,tapetech,"TapeTech 2.5"" Direct Flusher CF25TT",CF25TT,114.00,1.26,product_specific,"TapeTech 2.5"" Corner Flusher can quickly glaze or finish inside corners. TapeTech CF25TT flusher can be used as either a direct or indirect flusher. Indirect flushers are used to smooth compound that has been applied by another tool. Direct flushers can be used to apply joint compound to internal corners. You can simply choose the size flusher to suit your needs without worrying which style to order. The Corner Flushers fit all standard angle boxes, corner boxes, angle head handles or Mudrunner. TapeTech corner flusher can be used as either an indirect flusher for skimming over compound applied with applicator or by attaching to angle box, corner box or Mudrunner to apply final finish coat over inside drywall corner angles. Durable ultra-light weight skids offer long, reliable service and optional wheels can be mounted for super smooth finishing. Stainless steel body Optional roller wheels available Ultra light, durable skids for smooth operation and long life Can be used as either indirect or direct flusher"
auto_accept,exact_identity_key,verified_exact_identity,100,79,84,72,yes,,tapetech::cf25tt,693,variation,TT-DIRECT-CORNER-FLUSHER,CF25TT,CF25TT,"TapeTech Direct Corner Flusher - 2.5""","TapeTech Direct Corner Flusher - 2.5""",TapeTech,tapetech,115.26,regular_price,,Wall Tools,wall_tools,TapeTech,tapetech,"Tape Tech 2.5"" Corner Flusher (TAPE-CF25TT)",CF25TT,114.00,1.26,product_specific,"Tape Tech 2.5"" Corner Flusher (TAPE-CF25TT)"
auto_accept,exact_identity_key,verified_exact_identity,100,95,100,71,yes,,tapetech::cf30tt,694,variation,TT-DIRECT-CORNER-FLUSHER,CF30TT,CF30TT,"TapeTech Direct Corner Flusher - 3""","TapeTech Direct Corner Flusher - 3""",TapeTech,tapetech,119.00,regular_price,,Al's Taping Tools,als_taping_tools,TapeTech,tapetech,"TapeTech 3"" Direct Flusher",CF30TT,119.00,0.00,product_specific,This TapeTech Corner Flusher will guarantee quick work of wiping or finishing inside corners. Check out this great TapeTech product from Al's Taping Tools.
auto_accept,exact_identity_key,verified_exact_identity,100,77,82,69,yes,,tapetech::cf30tt,694,variation,TT-DIRECT-CORNER-FLUSHER,CF30TT,CF30TT,"TapeTech Direct Corner Flusher - 3""","TapeTech Direct Corner Flusher - 3""",TapeTech,tapetech,119.00,regular_price,,All-Wall,all_wall,TapeTech,tapetech,"TapeTech 3"" Direct Flusher CF30TT",CF30TT,119.00,0.00,product_specific,"TapeTech 3"" Corner Flusher can quickly glaze or finish inside corners. TapeTech CF30TT flusher can be used as either a direct or indirect flusher. Direct flushers can be used to apply joint compound to internal corners. Indirect flushers are used to smooth compound that has been applied by another tool. You can simply choose the size flusher to suit your needs without worrying which style to order. The Corner Flushers fit all standard angle boxes, corner boxes, angle head handles or Mudrunner. TapeTech corner flusher can be used either by attaching to angle box, corner box or Mudrunner to apply final finish coat over inside drywall corner angles or as an indirect flusher for skimming over compound applied with applicator. Optional wheels can be mounted for super smooth finishing. Durable ultra-light weight skids offer long, reliable service. Stainless steel body Ultra light, durable skids for smooth operation and long life Optional roller wheels available Can be used as either indirect or direct flusher"
auto_accept,exact_identity_key,verified_exact_identity,100,78,82,73,yes,,tapetech::cf30tt,694,variation,TT-DIRECT-CORNER-FLUSHER,CF30TT,CF30TT,"TapeTech Direct Corner Flusher - 3""","TapeTech Direct Corner Flusher - 3""",TapeTech,tapetech,119.00,regular_price,,Wall Tools,wall_tools,TapeTech,tapetech,"Tape Tech 3"" Corner Flusher (TAPE-CF30TT)",CF30TT,119.00,0.00,product_specific,"Tape Tech 3"" Corner Flusher (TAPE-CF30TT)"
auto_accept,exact_identity_key,verified_exact_identity,100,95,100,65,yes,,tapetech::cf35tt,695,variation,TT-DIRECT-CORNER-FLUSHER,CF35TT,CF35TT,"TapeTech Direct Corner Flusher - 3.5""","TapeTech Direct Corner Flusher - 3.5""",TapeTech,tapetech,125.00,regular_price,,Al's Taping Tools,als_taping_tools,TapeTech,tapetech,"TapeTech 3.5"" Direct Flusher",CF35TT,125.00,0.00,product_specific,The TapeTech Corner Flushers make quick work of wiping or finishing inside corners. Learn more about this great TapeTech tool from Al's Taping Tools.
auto_accept,exact_identity_key,verified_exact_identity,100,79,83,68,yes,,tapetech::cf35tt,695,variation,TT-DIRECT-CORNER-FLUSHER,CF35TT,CF35TT,"TapeTech Direct Corner Flusher - 3.5""","TapeTech Direct Corner Flusher - 3.5""",TapeTech,tapetech,125.00,regular_price,,All-Wall,all_wall,TapeTech,tapetech,"TapeTech 3.5"" Direct Flusher CF35TT",CF35TT,125.00,0.00,product_specific,"TapeTech 3.5"" Corner Flusher can quickly glaze or finish inside corners. Direct flushers can be used to apply joint compound to internal corners. Indirect flushers are used to smooth compound that has been applied by another tool. TapeTech CF35TT flusher can be used as either a direct or indirect flusher. You can simply choose the size flusher to suit your needs without worrying which style to order. The Corner Flushers fit all standard angle boxes, corner boxes, angle head handles or Mudrunner. TapeTech corner flusher can be used either by attaching to angle box, corner box or Mudrunner to apply final finish coat over inside drywall corner angles or as an indirect flusher for skimming over compound applied with applicator. Optional wheels can be mounted for super smooth finishing. Durable ultra-light weight skids offer long, reliable service. Stainless steel body Can be used as either direct or indirect flusher Ultra light, durable skids for smooth operation and long life Optional roller wheels available"
auto_accept,exact_identity_key,verified_exact_identity,100,77,82,69,yes,,tapetech::cf40tt,696,variation,TT-DIRECT-CORNER-FLUSHER,CF40TT,CF40TT,"TapeTech Direct Corner Flusher - 4""","TapeTech Direct Corner Flusher - 4""",TapeTech,tapetech,129.00,regular_price,,Al's Taping Tools,als_taping_tools,TapeTech,tapetech,"TapeTech 4"" Direct Flusher - CF40TT",CF40TT,129.00,0.00,product_specific,"TapeTech 4"" Direct Flusher CF40TT TapeTech Corner Flushers make quick work of wiping or finishing inside corners. Direct flushers are used to apply joint compound to internal corners. Indirect flushers simply smooth compound that has been applied by anoth"
auto_accept,exact_identity_key,verified_exact_identity,100,77,82,69,yes,,tapetech::cf40tt,696,variation,TT-DIRECT-CORNER-FLUSHER,CF40TT,CF40TT,"TapeTech Direct Corner Flusher - 4""","TapeTech Direct Corner Flusher - 4""",TapeTech,tapetech,129.00,regular_price,,All-Wall,all_wall,TapeTech,tapetech,"TapeTech 4"" Direct Flusher CF40TT",CF40TT,129.00,0.00,product_specific,"TapeTech 4"" Corner Flusher can quickly glaze or finish inside corners. Direct flushers can be used to apply joint compound to internal corners. Indirect flushers are used to smooth compound that has been applied by another tool. TapeTech CF40TT flusher can be used as either a direct or indirect flusher. You can simply choose the size flusher to suit your needs without worrying which style to order. The Corner Flusher fist all standard corner boxes, angle boxes, angle head handles or Mudrunner. TapeTech corner flusher can be used to apply final finish coat over inside drywall corner angles by attaching to angle box, corner box or Mudrunner or as an indirect flusher for skimming over compound applied with applicator. Durable ultra-light weight skids offer long, reliable service. Optional wheels can be mounted for super smooth finishing. Stainless steel body Optional roller wheels available Can be used as either direct or indirect flusher Ultra light, durable skids for smooth operation and long life"
auto_accept,exact_identity_key,verified_exact_identity,100,95,100,57,yes,,tapetech::07ttc,699,variation,TT-EASYCLEAN-AUTOMATIC-TAPER,07TT-C,07TT-C,TapeTech EasyClean® Automatic Taper - Carbon Fiber,TapeTech EasyClean® Automatic Taper - Carbon Fiber,TapeTech,tapetech,1816.18,regular_price,,Al's Taping Tools,als_taping_tools,TapeTech,tapetech,TapeTech Carbon Fiber Automatic Taper,07TT-C,1780.00,36.18,product_specific,"TapeTech Carbon Fiber Automatic Taper The TapeTech 07TT-C Carbon Fiber Automatic Taper is the world's lightest automatic taper. At just 5.65 pounds, the 07TT-C is up to 20% lighter than competitive tapers, reducing worker fatigue. Both the main tub"
auto_accept,exact_identity_key,verified_exact_identity,100,84,88,57,yes,,tapetech::07ttc,699,variation,TT-EASYCLEAN-AUTOMATIC-TAPER,07TT-C,07TT-C,TapeTech EasyClean® Automatic Taper - Carbon Fiber,TapeTech EasyClean® Automatic Taper - Carbon Fiber,TapeTech,tapetech,1816.18,regular_price,,All-Wall,all_wall,TapeTech,tapetech,TapeTech Carbon Fiber Automatic Taper 07TT-C,07TT-C,1780.00,36.18,product_specific,"TapeTech Carbon Fiber EasyClean® Automatic Taper The Lightest TapeTech Taper Ever! TapeTech is excited to introduce the new 07TT-C Carbon Fiber Automatic Taper. At just 5.65 pounds, the 07TT-C is up to 20% lighter than standard tapers, which helps in reducing worker fatigue. The main tube and the control tube are carbon fiber, a material that will not dent and is temperature-neutral. No more cold tubes in the winter or hot tubes in the summer! Features Include: Easy Grip Control Tube. The control tube has been lengthened 2.5"" and glide wheels added to make tape cuts easier and more comfortable. The glide wheels are recessed into flanges at each end of the control tube, and act as stops for your hands - requiring much less grip-force to operate the cutter. Quick-Change Tape Bail Locks into place, making it easy to change tape rolls without having to put the taper down. Best of all, there are no loose parts to misplace or re-install. To change tape rolls, grasp the tape retainer wire near the end of the spool post and depress it down and out through the retainer slot. Swing the retainer wire up and out of the way, change tape rolls, sliding the new roll fully onto the spool post. Swing the retainer wire back down, and guide it into the retainer slot. It’s that simple! No Hassle Cable Changes. The plunger stop has been improved to simplify cable changes. The metal and exposed screw heads have been replaced with a smooth, rounded, plastic plunger stop that is easy to remove and re-install. To remove the plunger stop, lift the locking tab and twist the stop ¼ turn counterclockwise. After twisting, pull the stop off the taper and complete the cable change following the normal procedure (see Cable Replacement). To re-install, align the guide tabs to the slots and slide the stop into the taper end, twisting ¼ turn clockwise. Continue twisting until the tab snaps into place, locking the assembly together. If oriented correctly, very little force should be required to install the stop. Changing a cable has never been easier! Adjustable Braking System. This feature allows you to adjust the braking system for your personal preference. Now you have the control over the brake. It also can be adjusted tighter or looser to account for wear on your taper."
auto_accept,exact_identity_key,verified_exact_identity,100,95,100,57,yes,,tapetech::07ttc,699,variation,TT-EASYCLEAN-AUTOMATIC-TAPER,07TT-C,07TT-C,TapeTech EasyClean® Automatic Taper - Carbon Fiber,TapeTech EasyClean® Automatic Taper - Carbon Fiber,TapeTech,tapetech,1816.18,regular_price,,Wall Tools,wall_tools,TapeTech,tapetech,Tape Tech Carbon Fiber Automatic Taper,07TTC,1780.00,36.18,product_specific,"The TapeTech Carbon Fiber Automatic Taper is the world’s lightest automatic taper. At just 5.65 pounds, the Carbon Fiber Automatic Taper is up to 20% lighter than competitive tapers, reducing worker fatigue."
review,exact_identifier_contradiction,review_contradiction,94,87,92,84,no,product_family_mismatch:['automatic taper']!=['taper'],tapetech::03tt,697,variation,TT-EASYCLEAN-AUTOMATIC-TAPER,03TT,03TT,"TapeTech EasyClean® Automatic Taper - Mini-Taper 40.5""","TapeTech EasyClean® Automatic Taper - Mini-Taper 40.5""",TapeTech,tapetech,1775.00,regular_price,,Al's Taping Tools,als_taping_tools,TapeTech,tapetech,TapeTech EasyClean Automatic Mini-Taper - 03TT,03TT,1775.00,0.00,product_specific,The apeTech Automatic Mini Taper is a shorter option that is ideal for working in small spaces. Learn more about this great tool from Al's Taping Tools.
review,exact_identifier_contradiction,review_contradiction,94,87,92,84,no,product_family_mismatch:['automatic taper']!=['taper'],tapetech::03tt,697,variation,TT-EASYCLEAN-AUTOMATIC-TAPER,03TT,03TT,"TapeTech EasyClean® Automatic Taper - Mini-Taper 40.5""","TapeTech EasyClean® Automatic Taper - Mini-Taper 40.5""",TapeTech,tapetech,1775.00,regular_price,,All-Wall,all_wall,TapeTech,tapetech,TapeTech EasyClean Automatic Mini Taper 03TT,03TT,1775.00,0.00,product_specific,"The TapeTech Mini Taper has the quality and features you expect from TapeTech but now in a Limited Edition Mini size. You can expect great things to come in small packages with the the latest from TapeTech! Perfect for working in tight spaces where you can't fit a standard size taper! Mini Taper Length: 41 inches (104 cm) vs. Standard Taper length of 53 inches (134 cm). QUICK-CHANGE TAPE BAIL locks into place, making it easy to change tape rolls without having to put the taper down. Best of all, there are no loose parts to misplace or re-install. To change tape rolls, grasp the tape retainer wire near the end of the spool post and depress it down and out through the retainer slot. Swing the retainer wire up and out of the way, change tape rolls, sliding the new roll fully onto the spool post. Swing the retainer wire back down, and guide it into the retainer slot. It’s that simple! NO HASSLE CABLE CHANGES. The plunger stop has been improved to simplify cable changes. The metal and exposed screw heads have been replaced with a smooth, rounded, plastic plunger stop that is easy to remove and re-install. To remove the plunger stop, lift the locking tab and twist the stop ¼ turn counterclockwise. After twisting, pull the stop off the taper and complete the cable change following the normal procedure (see Cable Replacement). To re-install, align the guide tabs to the slots and slide the stop into the taper end, twisting ¼ turn clockwise. Continue twisting until the tab snaps into place, locking the assembly together. If oriented correctly, very little force should be required to install the stop. Changing a cable has never been easier! All TapeTech tools come with an industry-best 5-year limited warranty. Additionally, the tools can be serviced through All-Wall with 2 authorized warranty and repair locations."
auto_accept,exact_identity_key,verified_exact_identity,100,83,76,83,yes,,tapetech::07tt,698,variation,TT-EASYCLEAN-AUTOMATIC-TAPER,07TT,07TT,TapeTech EasyClean® Automatic Taper - Standard,TapeTech EasyClean® Automatic Taper - Standard,TapeTech,tapetech,1672.12,regular_price,,Al's Taping Tools,als_taping_tools,,tapetech,TapeTech Easy Clean  Automatic Taper,07TT,1599.00,73.12,quarantined_storefront_boilerplate,
auto_accept,exact_identity_key,verified_exact_identity,100,86,90,84,yes,,tapetech::07tt,698,variation,TT-EASYCLEAN-AUTOMATIC-TAPER,07TT,07TT,TapeTech EasyClean® Automatic Taper - Standard,TapeTech EasyClean® Automatic Taper - Standard,TapeTech,tapetech,1672.12,regular_price,,All-Wall,all_wall,TapeTech,tapetech,TapeTech EasyClean Automatic Taper 07TT,07TT,1599.00,73.12,product_specific,"TapeTech 07TT EasyClean® Taper is the most advanced and enhanced drywall taping tool offered by TapeTech. EasyClean® lid releases with a quick turn of the single attachment screw, and makes clean-up and cable changes easier than ever. You can expect great TapeTech quality from the rest of the drywall gun as well! EASY GRIP CONTROL TUBE . The control tube has been lengthened 2.5"" and glide wheels added to make tape cuts easier and more comfortable. The glide wheels are recessed into flanges at each end of the control tube, and act as stops for your hands - requiring much less grip-force to operate the cutter. QUICK-CHANGE TAPE BAIL locks into place, making it easy to change tape rolls without having to put the taper down. Best of all, there are no loose parts to misplace or re-install. To change tape rolls, grasp the tape retainer wire near the end of the spool post and depress it down and out through the retainer slot. Swing the retainer wire up and out of the way, change tape rolls, sliding the new roll fully onto the spool post. Swing the retainer wire back down, and guide it into the retainer slot. It’s that simple! NO HASSLE CABLE CHANGES. The plunger stop has been improved to simplify cable changes. The metal and exposed screw heads have been replaced with a smooth, rounded, plastic plunger stop that is easy to remove and re-install. To remove the plunger stop, lift the locking tab and twist the stop ¼ turn counterclockwise. After twisting, pull the stop off the taper and complete the cable change following the normal procedure (see Cable Replacement). To re-install, align the guide tabs to the slots and slide the stop into the taper end, twisting ¼ turn clockwise. Continue twisting until the tab snaps into place, locking the assembly together. If oriented correctly, very little force should be required to install the stop. Changing a cable has never been easier! NOW WITH ADJUSTABLE BRAKING SYSTEM! This new feature allows you to adjust the braking system for your personal preference. Now you have the control over the brake. It also can be adjusted tighter or looser to account for wear on your taper."
auto_accept,exact_identity_key,verified_exact_identity,100,85,69,50,yes,,tapetech::07tt,698,variation,TT-EASYCLEAN-AUTOMATIC-TAPER,07TT,07TT,TapeTech EasyClean® Automatic Taper - Standard,TapeTech EasyClean® Automatic Taper - Standard,TapeTech,tapetech,1672.12,regular_price,,Wall Tools,wall_tools,TapeTech,tapetech,TapeTech EasyClean Bazooka,07TT,1599.00,73.12,product_specific,The TapeTech EasyClean Bazooka features the NEW! Longer Control Tube which makes it easier to cut tape when working in rooms with higher ceilings.
review,exact_identifier_contradiction,review_contradiction,94,82,86,63,no,product_family_mismatch:['finishing box']!=['flat box'],tapetech::ez10tt,704,variation,TT-EASYCLEAN-FINISHING-BOX,EZ10TT,EZ10TT,"TapeTech EasyClean® Finishing Box - 10""","TapeTech EasyClean® Finishing Box - 10""",TapeTech,tapetech,391.69,regular_price,,Al's Taping Tools,als_taping_tools,TapeTech,tapetech,"TapeTech 10"" EasyClean Drywall Flat Box",EZ10TT,389.00,2.69,product_specific,"The Tape Tech 10"" Flat box will apply drywall compound to flats quickly with this 10 inch flat finishing box from Tapetech. Buy from Al's Taping Tools today!"
review,exact_identifier_contradiction,review_contradiction,94,72,76,66,no,product_family_mismatch:['finishing box']!=['flat box'],tapetech::ez10tt,704,variation,TT-EASYCLEAN-FINISHING-BOX,EZ10TT,EZ10TT,"TapeTech EasyClean® Finishing Box - 10""","TapeTech EasyClean® Finishing Box - 10""",TapeTech,tapetech,391.69,regular_price,,All-Wall,all_wall,TapeTech,tapetech,"TapeTech 10"" EasyClean Flat Box EZ10TT",EZ10TT,389.00,2.69,product_specific,"TapeTech 10"" EasyClean™ Flat Box EZ10TT The rigid design allows the flat box to apply just the right amount of drywall joint compound, feathering both edges at the same time. The main extrusion strongly supports side plates for greater strength. Ideal for applying base coat to drywall flat seams, butt joints or corner beads, These boxes will also fit all major brands of flat box handles. The EasyRoll™ wheel system allows you to expertly finish all types of outside corner bead up to two times faster than finishing by hand. EasyRoll™ wheels work with all types of outside corner bead including metal, paper-faced, vinyl and bullnose. These wheels provide a shoulder to guide the finishing box along the corner bead without after-market attachments or damage to the axle. The shoulder of the EasyRoll™ wheels are more than three times wider than after-market products, making it easier to place, and keep the finishing box on the corner bead. EasyRoll™ wheels are engineered and designed to be perfectly aligned with the finishing blade, eliminating the need to tilt the finishing box like you must with common after-market wheel systems. Perfect For Base Coats or Finish Coats On Flat Seams and Corner Bead. Coat Corner Bead With EZ Roll Wheels Quick Release Thumb Latches For Easy Cleanup Rigid Shell Design Easy Blade Carrier Dial Adjustment For Precision Fits All Major Brand Drywall Flat Box Handles 5-Year Manufacturer's Warranty."
review,exact_identifier_contradiction,review_contradiction,94,82,86,63,no,product_family_mismatch:['finishing box']!=['flat box'],tapetech::ez12tt,705,variation,TT-EASYCLEAN-FINISHING-BOX,EZ12TT,EZ12TT,"TapeTech EasyClean® Finishing Box - 12""","TapeTech EasyClean® Finishing Box - 12""",TapeTech,tapetech,405.72,regular_price,,Al's Taping Tools,als_taping_tools,TapeTech,tapetech,"TapeTech 12"" EasyClean Drywall Flat Box",EZ12TT,399.00,6.72,product_specific,"The 12"" TapeTech flat box is meant for the finish/final coat of drywall mud on the flats. The 12 inch tape tech finish box works with most brands of box handles. Buy from Al's Taping Tools today!"
review,exact_identifier_contradiction,review_contradiction,94,72,76,66,no,product_family_mismatch:['finishing box']!=['flat box'],tapetech::ez12tt,705,variation,TT-EASYCLEAN-FINISHING-BOX,EZ12TT,EZ12TT,"TapeTech EasyClean® Finishing Box - 12""","TapeTech EasyClean® Finishing Box - 12""",TapeTech,tapetech,405.72,regular_price,,All-Wall,all_wall,TapeTech,tapetech,"TapeTech 12"" EasyClean Flat Box EZ12TT",EZ12TT,399.00,6.72,product_specific,"TapeTech 12"" EasyClean™ Flat Box EZ12TT The rigid design allows the flat box to apply just the right amount of drywall joint compound, feathering both edges at the same time. The main extrusion strongly supports side plates for greater strength. Ideal for applying for applying finish coat to drywall flat seams or butt joints, These boxes will also fit all major brands of flat box handles. The EasyRoll™ wheel system allows you to expertly finish all types of outside corner bead up to two times faster than finishing by hand. EasyRoll™ wheels work with all types of outside corner bead including metal, paper-faced, vinyl and bullnose. These wheels provide a shoulder to guide the finishing box along the corner bead without after-market attachments or damage to the axle. The shoulder of the EasyRoll™ wheels are more than three times wider than after-market products, making it easier to place, and keep the finishing box on the corner bead. EasyRoll™ wheels are engineered and designed to be perfectly aligned with the finishing blade, eliminating the need to tilt the finishing box like you must with common after-market wheel systems. Perfect For Finish Coats On Flat Seams and Butt Joints. Coat Corner Bead With EZ Roll Wheels Quick Release Thumb Latches For Easy Cleanup Rigid Shell Design Easy Blade Carrier Dial Adjustment For Precision Fits All Major Brand Drywall Flat Box Handles 5-Year Manufacturer's Warranty."
review,exact_identifier_contradiction,review_contradiction,94,72,76,66,no,product_family_mismatch:['finishing box']!=['flat box'],tapetech::ez15tt,706,variation,TT-EASYCLEAN-FINISHING-BOX,EZ15TT,EZ15TT,"TapeTech EasyClean® Finishing Box - 15""","TapeTech EasyClean® Finishing Box - 15""",TapeTech,tapetech,429.00,regular_price,,Al's Taping Tools,als_taping_tools,TapeTech,tapetech,"TapeTech 15"" EasyClean Drywall Flat Box - EZ15TT",EZ15TT,429.00,0.00,product_specific,The TapeTech EZ15TT 15” EasyClean Finishing Box is the widest finishing box in the industry. It is the perfect tool for achieving the best finish. Check it out!
review,exact_identifier_contradiction,review_contradiction,94,72,76,66,no,product_family_mismatch:['finishing box']!=['flat box'],tapetech::ez15tt,706,variation,TT-EASYCLEAN-FINISHING-BOX,EZ15TT,EZ15TT,"TapeTech EasyClean® Finishing Box - 15""","TapeTech EasyClean® Finishing Box - 15""",TapeTech,tapetech,429.00,regular_price,,All-Wall,all_wall,TapeTech,tapetech,"TapeTech 15"" EasyClean Flat Box EZ15TT",EZ15TT,429.00,0.00,product_specific,"TapeTech 15"" EasyClean™ Flat Box EZ15TT The largest Flat Box on the market! The 15"" rigid design easily applies the right amount of drywall joint compound while feathering both edges at the same time. The main extrusion strongly supports side plates for greater strength. Perfect for applying a wide finish coat to drywall flat seams or butt joints, these boxes will also fit all major brands of flat box handles. The EasyRoll™ wheel system allows you to expertly finish all types of outside corner bead up to two times faster than finishing by hand. EasyRoll™ wheels work with all types of outside corner bead including metal, paper-faced, vinyl and bullnose. These wheels provide a shoulder to guide the finishing box along the corner bead without after-market attachments or damage to the axle. The shoulder of the EasyRoll™ wheels are more than three times wider than after-market products, making it easier to place, and keep the finishing box on the corner bead. EasyRoll™ wheels are engineered and designed to be perfectly aligned with the finishing blade, eliminating the need to tilt the finishing box like you must with common after-market wheel systems. A Wider Base For Better Results Perfect For Wide Finish Coats On Flat Seams and Butt Joints. Coat Corner Bead With EZ Roll Wheels Quick Release Thumb Latches For Easy Cleanup Rigid Shell Design Easy Blade Carrier Dial Adjustment For Precision Fits All Major Brand Drywall Flat Box Handles 5-Year Manufacturer's Warranty."
review,exact_identifier_contradiction,review_contradiction,94,81,85,66,no,product_family_mismatch:['finishing box']!=['flat box'],tapetech::ez07tt,703,variation,TT-EASYCLEAN-FINISHING-BOX,EZ07TT,EZ07TT,"TapeTech EasyClean® Finishing Box - 7""","TapeTech EasyClean® Finishing Box - 7""",TapeTech,tapetech,379.00,regular_price,,Al's Taping Tools,als_taping_tools,TapeTech,tapetech,"TapeTech 7"" EasyClean Drywall Flat Box",EZ07TT,379.00,0.00,product_specific,"Tape Tech 7"" Easy Clean ® Finishing Box will fit all major brand of flat box handle. The 7"" box is a great choice for running your base coats after running your tape coat with your Bazooka or Automatic Taper. Also the new EZ07TT box comes with EZ-Rol"
review,exact_identifier_contradiction,review_contradiction,94,71,75,65,no,product_family_mismatch:['finishing box']!=['flat box'],tapetech::ez07tt,703,variation,TT-EASYCLEAN-FINISHING-BOX,EZ07TT,EZ07TT,"TapeTech EasyClean® Finishing Box - 7""","TapeTech EasyClean® Finishing Box - 7""",TapeTech,tapetech,379.00,regular_price,,All-Wall,all_wall,TapeTech,tapetech,"TapeTech 7"" EasyClean Flat Box EZ07TT",EZ07TT,379.00,0.00,product_specific,"TapeTech 7"" EasyClean™ Flat Box EZ07TT The rigid design allows the flat box to apply just the right amount of drywall joint compound, feathering both edges at the same time. The main extrusion strongly supports side plates for greater strength. Ideal for applying base coat to drywall flat seams, butt joints or corner beads, These boxes will also fit all major brands of flat box handles. The EasyRoll™ wheel system allows you to expertly finish all types of outside corner bead up to two times faster than finishing by hand. EasyRoll™ wheels work with all types of outside corner bead including metal, paper-faced, vinyl and bullnose. These wheels provide a shoulder to guide the finishing box along the corner bead without after-market attachments or damage to the axle. The shoulder of the EasyRoll™ wheels are more than three times wider than after-market products, making it easier to place, and keep the finishing box on the corner bead. EasyRoll™ wheels are engineered and designed to be perfectly aligned with the finishing blade, eliminating the need to tilt the finishing box like you must with common after-market wheel systems. Perfect For Base Coats On Flat Seams and Corner Bead. Coat Corner Bead With EZ Roll Wheels Quick Release Thumb Latches For Easy Cleanup Rigid Shell Design Easy Blade Carrier Dial Adjustment For Precision Fits All Major Brand Drywall Flat Box Handles 5-Year Manufacturer's Warranty."
auto_accept,exact_identity_key,verified_exact_identity,100,85,80,70,yes,,tapetech::76ttca,708,variation,TT-EASYCLEAN-PUMP,76TT-CA,76TT-CA,TapeTech EasyClean® Pump - Canada,TapeTech EasyClean® Pump - Canada,TapeTech,tapetech,409.00,regular_price,,All-Wall,all_wall,TapeTech,tapetech,TapeTech EasyClean® Loading Pump (Canadian Version),76TT-CA,409.00,0.00,product_specific,"TapeTech EasyClean® Loading Pump 76TT-CA (Canada Only) Fills automatic drywall tools with joint compound through optional Gooseneck and Box Filler Fitting. The TapeTech Taping Tools Pump works with all major brand attachments and automatic taping and finishing tools. This pump features an Easy Clean® quick release foot valve has a twist-lock design for removal without tools. New integrated gasket design provides a better seal and makes disposable paper gaskets obsolete. The new streamlined head design makes cylinder removal and cleaning a breeze. Specially designed to increase suction, the anodized tube is also light and durable. Requires Box Filler and/or Gooseneck for filling tools (sold separately). Features: Easy Clean® Quick Release Integrated Gasket Design. Easy Clean Up Quick Release Handle Pin Designed To Increase Suction. Anodized Tube For Durability. 15.5"" Length - Canada Only"
auto_accept,exact_identity_key,verified_exact_identity,100,85,100,48,yes,,tapetech::76xltt,709,variation,TT-EASYCLEAN-PUMP,76XLTT,76XLTT,TapeTech EasyClean® Pump - Extra Long,TapeTech EasyClean® Pump - Extra Long,TapeTech,tapetech,659.00,regular_price,,Al's Taping Tools,als_taping_tools,TapeTech,tapetech,TapeTech Extra Long EasyClean Tall Loading Pump - 76XLTT,76XLTT,665.00,-6.00,product_specific,The TapeTech Extra Long EasyClean Loading Pump provides extra length and stability you need. Check out this great TapeTech product from Al's Taping Tools!
review,exact_identifier_contradiction,review_contradiction,94,73,77,59,no,length_class_mismatch:long!=xl,tapetech::76xltt,709,variation,TT-EASYCLEAN-PUMP,76XLTT,76XLTT,TapeTech EasyClean® Pump - Extra Long,TapeTech EasyClean® Pump - Extra Long,TapeTech,tapetech,659.00,regular_price,,All-Wall,all_wall,TapeTech,tapetech,TapeTech XL EasyClean Loading Pump 76XLTT,76XLTT,659.00,0.00,product_specific,"TapeTech Extra Long EasyClean Loading Pump - 76XLTT Designed to fit these 30 gallon barrels perfectly. This loading pump distributes more mud with less pumps, filling your tools in half the time, saving you time and improving productivity. This pump allows you to fill your tools standing up, no more bending over. Features Longer tube holds more mud, to fill your tools in half the time. Fill your tools standing up - no more bending over. Pump from larger 30 gallon containers. Detachable tube, handle and foot valve makes clean-up easy."
auto_accept,exact_identity_key,verified_exact_identity,100,71,75,64,yes,,tapetech::76tt,707,variation,TT-EASYCLEAN-PUMP,76TT,76TT,TapeTech EasyClean® Pump - Standard,TapeTech EasyClean® Pump - Standard,TapeTech,tapetech,401.31,regular_price,,Al's Taping Tools,als_taping_tools,TapeTech,tapetech,TapeTech EasyClean Loading Pump - 76TT,76TT,399.00,2.31,product_specific,"Our Tape Tech Loading Pump has decades of proven workmanship to know this pump will ""prime"" when needed. The tapetech filler and goosenenck adapter are sold separately. Buy from Al's Taping Tools today!"
auto_accept,exact_identity_key,verified_exact_identity,100,71,75,64,yes,,tapetech::76tt,707,variation,TT-EASYCLEAN-PUMP,76TT,76TT,TapeTech EasyClean® Pump - Standard,TapeTech EasyClean® Pump - Standard,TapeTech,tapetech,401.31,regular_price,,All-Wall,all_wall,TapeTech,tapetech,TapeTech EasyClean® Loading Pump 76TT,76TT,399.00,2.31,product_specific,"TapeTech EasyClean® Loading Pump - 76TT Fills automatic drywall tools with joint compound through optional Gooseneck and Box Filler Fitting. The TapeTech Taping Tools Pump works with all major brand attachments and automatic taping and finishing tools. This pump features an Easy Clean® quick release foot valve has a twist-lock design for removal without tools. New integrated gasket design provides a better seal and makes disposable paper gaskets obsolete. The new streamlined head design makes cylinder removal and cleaning a breeze. Specially designed to increase suction, the anodized tube is also light and durable. Requires Box Filler and/or Gooseneck for filling tools (sold separately). Features: Easy Clean® Quick Release Integrated Gasket Design. Easy Clean Up Quick Release Handle Pin Designed To Increase Suction. Anodized Tube For Durability. 14.9"" Length"
auto_accept,exact_identity_key,verified_exact_identity,100,90,100,75,yes,,tapetech::76tt,707,variation,TT-EASYCLEAN-PUMP,76TT,76TT,TapeTech EasyClean® Pump - Standard,TapeTech EasyClean® Pump - Standard,TapeTech,tapetech,401.31,regular_price,,Wall Tools,wall_tools,TapeTech,tapetech,TapeTech EasyClean Pump,76TT,399.00,2.31,product_specific,"The TapeTech EasyClean Pump is designed to fill the automatic taper when using the gooseneck attachment, fill flat boxes, corner boxes, and nail spotters with the box filler attachment."
auto_accept,exact_identity_key,verified_exact_identity,100,85,100,80,yes,,tapetech::8134tt,710,variation,TT-EASYFINISH-BOX-HANDLE,8134TT,8134TT,"TapeTech EasyFinish™ Box Handle - 34""","TapeTech EasyFinish™ Box Handle - 34""",TapeTech,tapetech,259.76,regular_price,,Al's Taping Tools,als_taping_tools,TapeTech,tapetech,"TapeTech 34"" EasyFinish Flat Box Handle - 8134TT",8134TT,259.00,0.76,product_specific,"This Tape Tech 34"" flat box handle makes easy work of those TapeTech flat boxes due to the end of the handle being bent. Allows more pressure with minimal effort. Buy it today!"
auto_accept,exact_identity_key,verified_exact_identity,100,85,72,72,yes,,tapetech::8134tt,710,variation,TT-EASYFINISH-BOX-HANDLE,8134TT,8134TT,"TapeTech EasyFinish™ Box Handle - 34""","TapeTech EasyFinish™ Box Handle - 34""",TapeTech,tapetech,259.76,regular_price,,All-Wall,all_wall,TapeTech,tapetech,"TapeTech 34"" Easy Finish Bent Flat Box Handle 8134TT",8134TT,259.00,0.76,product_specific,"TapeTech 34"" EasyFinish® Box Handle Attach to the TapeTech EasyClean™, EasyClean™ High Capacity or Power Assist™ Finishing Boxes and provide control to cleanly sweep the boxes off the joint for a perfect finish. Incorporating an ergonomic, bent handle design they provide increased leverage with less effort. The EasyFinish® handles are highly recommended for use with the TapeTech Power Assist™ Finishing Boxes as the bent handle helps to activate the Power Assist™ mechanism. Perfect For Wall Work, Butt Joints, and Tight Areas Easier To Use On Ceilings 3/4"" Diameter Handle Fits Every Major Brand Flat Box TapeTech Columbia Drywall Master BlueLine NorthStar Premier 5 Year TapeTech Warranty"
auto_accept,exact_identity_key,verified_exact_identity,100,85,100,80,yes,,tapetech::8142tt,712,variation,TT-EASYFINISH-BOX-HANDLE,8142TT,8142TT,"TapeTech EasyFinish™ Box Handle - 42""","TapeTech EasyFinish™ Box Handle - 42""",TapeTech,tapetech,269.00,regular_price,,Al's Taping Tools,als_taping_tools,TapeTech,tapetech,"TapeTech 42"" EasyFinish Flat Box Handle - 8142TT",8142TT,269.00,0.00,product_specific,The TapeTech Box Handles attach to the TapeTech to all brands of Finishing Boxes and provide control to cleanly sweep the boxes off the joint for a perfect finish. Buy from Al's Taping Tools today!
auto_accept,exact_identity_key,verified_exact_identity,100,85,72,72,yes,,tapetech::8142tt,712,variation,TT-EASYFINISH-BOX-HANDLE,8142TT,8142TT,"TapeTech EasyFinish™ Box Handle - 42""","TapeTech EasyFinish™ Box Handle - 42""",TapeTech,tapetech,269.00,regular_price,,All-Wall,all_wall,TapeTech,tapetech,"TapeTech 42"" Easy Finish Bent Flat Box Handle 8142TT",8142TT,269.00,0.00,product_specific,"TapeTech 42"" EasyFinish® Box Handle Attach to the TapeTech EasyClean™, EasyClean™ High Capacity or Power Assist™ Finishing Boxes and provide control to cleanly sweep the boxes off the joint for a perfect finish. Incorporating an ergonomic, bent handle design they provide increased leverage with less effort. The EasyFinish® handles are highly recommended for use with the TapeTech Power Assist™ Finishing Boxes as the bent handle helps to activate the Power Assist™ mechanism. Perfect For Wall Work, Butt Joints, and Lower Ceilings Easier To Use On Ceilings 3/4"" Diameter Handle Fits Every Major Brand Flat Box TapeTech Columbia Drywall Master BlueLine NorthStar Premier 5 Year TapeTech Warranty"
auto_accept,exact_identity_key,verified_exact_identity,100,85,100,80,yes,,tapetech::8154tt,713,variation,TT-EASYFINISH-BOX-HANDLE,8154TT,8154TT,"TapeTech EasyFinish™ Box Handle - 54""","TapeTech EasyFinish™ Box Handle - 54""",TapeTech,tapetech,279.00,regular_price,,Al's Taping Tools,als_taping_tools,TapeTech,tapetech,"TapeTech 54"" EasyFinish Flat Box Handle - 8154TT",8154TT,279.00,0.00,product_specific,"Our TapeTech 54"" EasyFinish Flat Box Handle ﻿is a great handle for doing over head work. Add this comfortable and sturdy handle to your tool kit today!"
auto_accept,exact_identity_key,verified_exact_identity,100,85,72,72,yes,,tapetech::8154tt,713,variation,TT-EASYFINISH-BOX-HANDLE,8154TT,8154TT,"TapeTech EasyFinish™ Box Handle - 54""","TapeTech EasyFinish™ Box Handle - 54""",TapeTech,tapetech,279.00,regular_price,,All-Wall,all_wall,TapeTech,tapetech,"TapeTech 54"" Easy Finish Bent Flat Box Handle 8154TT",8154TT,279.00,0.00,product_specific,"TapeTech 54"" EasyFinish® Box Handle Attach to the TapeTech EasyClean™, EasyClean™ High Capacity or Power Assist™ Finishing Boxes and provide control to cleanly sweep the boxes off the joint for a perfect finish. Incorporating an ergonomic, bent handle design they provide increased leverage with less effort. The EasyFinish® handles are highly recommended for use with the TapeTech Power Assist™ Finishing Boxes as the bent handle helps to activate the Power Assist™ mechanism. Perfect For Headers and Ceilings Easier To Use On Ceilings 3/4"" Diameter Handle Fits Every Major Brand Flat Box TapeTech Columbia Drywall Master BlueLine NorthStar Premier 5 Year TapeTech Warranty"
auto_accept,exact_identity_key,verified_exact_identity,100,85,100,80,yes,,tapetech::8172tt,714,variation,TT-EASYFINISH-BOX-HANDLE,8172TT,8172TT,"TapeTech EasyFinish™ Box Handle - 72""","TapeTech EasyFinish™ Box Handle - 72""",TapeTech,tapetech,291.28,regular_price,,Al's Taping Tools,als_taping_tools,TapeTech,tapetech,"TapeTech 72"" EasyFinish Flat Box Handle - 8172TT",8172TT,289.00,2.28,product_specific,"Our Tape tech 72"" flat box handle has a bend at the end to help apply pressure. It is great for 10 foot stand ups. Buy this product from Al's Taping Tools today!"
auto_accept,exact_identity_key,verified_exact_identity,100,85,72,72,yes,,tapetech::8172tt,714,variation,TT-EASYFINISH-BOX-HANDLE,8172TT,8172TT,"TapeTech EasyFinish™ Box Handle - 72""","TapeTech EasyFinish™ Box Handle - 72""",TapeTech,tapetech,291.28,regular_price,,All-Wall,all_wall,TapeTech,tapetech,"TapeTech 72"" Easy Finish Bent Flat Box Handle 8172TT",8172TT,289.00,2.28,product_specific,"TapeTech 72"" EasyFinish® Box Handle Attach to the TapeTech EasyClean™, EasyClean™ High Capacity or Power Assist™ Finishing Boxes and provide control to cleanly sweep the boxes off the joint for a perfect finish. Incorporating an ergonomic, bent handle design they provide increased leverage with less effort. The EasyFinish® handles are highly recommended for use with the TapeTech Power Assist™ Finishing Boxes as the bent handle helps to activate the Power Assist™ mechanism. Perfect For Headers and Higher Ceilings Easier To Use On Ceilings 3/4"" Diameter Handle Fits Every Major Brand Flat Box TapeTech Columbia Drywall Master BlueLine NorthStar Premier 5 Year TapeTech Warranty"
auto_accept,exact_identity_key,verified_exact_identity,100,90,100,64,yes,,tapetech::mrx01tt,752,simple,,MRX01TT,MRX01TT,TapeTech Extension,TapeTech Extension,TapeTech,tapetech,179.00,regular_price,,All-Wall,all_wall,TapeTech,tapetech,TapeTech MudRunner® Pro Extension,MRX01TT,179.00,0.00,product_specific,"The new MudRunner® Pro Extension allows the user to add 12"" length to the MR01TT to reach higher spaces. The MRX01TT simply attaches by inserting the extrusion piece into the receiving port on the MR01TT and securing the clamps. The MRX01TT also has a receiving port to add multiple extensions. The New MudRunner® Pro Extension adds up to 20% more overall length to the MudRunner® Pro when installed. Due to the installment process, the extension becomes the ""on/off"" twisting lever for the tool."
auto_accept,exact_identity_key,verified_exact_identity,100,85,60,51,yes,,tapetech::90t,753,simple,,90T,90T,TapeTech Filler Adapter,TapeTech Filler Adapter,TapeTech,tapetech,79.00,regular_price,,Al's Taping Tools,als_taping_tools,TapeTech,tapetech,TapeTech Drywall Box Filler Attachment -  90T,90T,79.00,0.00,product_specific,The TapeTech filler adapter attaches to the TapeTech drywall mud pump. Buy this great TapeTech product from Al's Taping Tools.
auto_accept,exact_identity_key,verified_exact_identity,100,57,60,55,yes,,tapetech::90t,753,simple,,90T,90T,TapeTech Filler Adapter,TapeTech Filler Adapter,TapeTech,tapetech,79.00,regular_price,,All-Wall,all_wall,TapeTech,tapetech,TapeTech Box Filler 90TT,90T,79.00,0.00,product_specific,"The TapeTech 90T Filler Adapter is a new and improved design with a single cast piece rather than a two piece design for extra durability. The filler attaches to the TapeTech 72TT, 73TT & 76TT EasyClean® Pumps to fill Corner Applicators, Nail Spotters and Flat, EasyClean® or Power Assist™ Finishing boxes with joint compound."
auto_accept,exact_identity_key,verified_exact_identity,100,71,75,50,yes,,tapetech::90t,753,simple,,90T,90T,TapeTech Filler Adapter,TapeTech Filler Adapter,TapeTech,tapetech,79.00,regular_price,,Wall Tools,wall_tools,TapeTech,tapetech,TapeTech Box Filler,90T,79.00,0.00,product_specific,"The TapeTech Box Filler attaches to your TapeTech Mud Pump to fill Flat Boxes, Nail Spotters, and Corner Boxes."
auto_accept,exact_identity_key,verified_exact_identity,100,85,100,67,yes,,tapetech::8034tt,715,variation,TT-FLAT-BOX-HANDLE,8034TT,8034TT,"TapeTech Flat Box Handle - 34""","TapeTech Flat Box Handle - 34""",TapeTech,tapetech,229.00,regular_price,,Al's Taping Tools,als_taping_tools,TapeTech,tapetech,"TapeTech 34"" Drywall Flat Finishing Box Handle - 8034TT",8034TT,229.00,0.00,product_specific,"Our TapeTech 34"" flat box handle fits most flat boxes. The brake handle is used with flat boxes to fill the flats with drywall mud. Buy from Al's Taping Tools today!"
auto_accept,exact_identity_key,verified_exact_identity,100,95,100,83,yes,,tapetech::8034tt,715,variation,TT-FLAT-BOX-HANDLE,8034TT,8034TT,"TapeTech Flat Box Handle - 34""","TapeTech Flat Box Handle - 34""",TapeTech,tapetech,229.00,regular_price,,All-Wall,all_wall,TapeTech,tapetech,"TapeTech 34"" Flat Box Handle 8034TT",8034TT,229.00,0.00,product_specific,"TapeTech 34"" Flat Box Handle TapeTech Flat Box Handles utilize the traditional brake pin and plate design, and braking angle is limited to the pie shaped surface. Handle is constructed of anodized aluminum tubing, and cast aluminum ends. The Finishing Box Handles attach to the TapeTech EasyClean™, EasyClean™ High Capacity or Power Assist™ Finishing Boxes and provide control to cleanly sweep the boxes off the joint for a perfect finish. Perfect For Wall Work, Tight Areas, and Low Ceilings Adjustable Ball For Greater Control and Grip 3/4"" Diameter Handle Fits Every Major Brand Flat Box TapeTech Columbia Drywall Master BlueLine NorthStar Premier 5 Year TapeTech Warranty"
review,high_confidence_fuzzy_title,review_fuzzy,100,95,100,90,yes,,,715,variation,TT-FLAT-BOX-HANDLE,8034TT,8034TT,"TapeTech Flat Box Handle - 34""","TapeTech Flat Box Handle - 34""",TapeTech,tapetech,229.00,regular_price,,Wall Tools,wall_tools,TapeTech,tapetech,TapeTech Flat Box Handle,80BH,229.00,0.00,product_specific,"The TapeTech Flat Box Handle attaches to any brand of Flat Box, and any Flat Box model (Easy Clean, Power Assist, Fat Boy, etc.)."
auto_accept,exact_identity_key,verified_exact_identity,100,85,100,69,yes,,tapetech::8042tt,716,variation,TT-FLAT-BOX-HANDLE,8042TT,8042TT,"TapeTech Flat Box Handle - 42""","TapeTech Flat Box Handle - 42""",TapeTech,tapetech,234.00,regular_price,,Al's Taping Tools,als_taping_tools,TapeTech,tapetech,"TapeTech 42"" Drywall Flat Finisher Box Handle - 8042TT",8042TT,234.00,0.00,product_specific,This TapeTech Dywall Flat Finisher Box Handle fits all Tapetech flat boxes as well as most other major brands. Buy this great TapeTech product from Al's Taping Tools today!
auto_accept,exact_identity_key,verified_exact_identity,100,95,100,83,yes,,tapetech::8042tt,716,variation,TT-FLAT-BOX-HANDLE,8042TT,8042TT,"TapeTech Flat Box Handle - 42""","TapeTech Flat Box Handle - 42""",TapeTech,tapetech,234.00,regular_price,,All-Wall,all_wall,TapeTech,tapetech,"TapeTech 42"" Flat Box Handle 8042TT",8042TT,234.00,0.00,product_specific,"TapeTech 42"" Flat Box Handle TapeTech Flat Box Handles utilize the traditional brake pin and plate design, and braking angle is limited to the pie shaped surface. Handle is constructed of anodized aluminum tubing, and cast aluminum ends. The Finishing Box Handles attach to the TapeTech EasyClean™, EasyClean™ High Capacity or Power Assist™ Finishing Boxes and provide control to cleanly sweep the boxes off the joint for a perfect finish. Perfect For Wall Work and Lower Ceilings Adjustable Ball For Greater Control and Grip 3/4"" Diameter Handle Fits Every Major Brand Flat Box TapeTech Columbia Drywall Master BlueLine NorthStar Premier 5 Year TapeTech Warranty"
review,high_confidence_fuzzy_title,review_fuzzy,100,95,100,90,yes,,,716,variation,TT-FLAT-BOX-HANDLE,8042TT,8042TT,"TapeTech Flat Box Handle - 42""","TapeTech Flat Box Handle - 42""",TapeTech,tapetech,234.00,regular_price,,Wall Tools,wall_tools,TapeTech,tapetech,TapeTech Flat Box Handle,80BH,229.00,5.00,product_specific,"The TapeTech Flat Box Handle attaches to any brand of Flat Box, and any Flat Box model (Easy Clean, Power Assist, Fat Boy, etc.)."
auto_accept,exact_identity_key,verified_exact_identity,100,85,100,66,yes,,tapetech::8054tt,717,variation,TT-FLAT-BOX-HANDLE,8054TT,8054TT,"TapeTech Flat Box Handle - 54""","TapeTech Flat Box Handle - 54""",TapeTech,tapetech,239.00,regular_price,,Al's Taping Tools,als_taping_tools,TapeTech,tapetech,"TapeTech 54"" Drywall Flat Finisher Box Handle",8054TT,239.00,0.00,product_specific,"Our Tape tech 54"" flat box handle fits many flat boxes such as Dry Wall Master, Columbia, and more. Buy from Al's Taping Tools today!"
auto_accept,exact_identity_key,verified_exact_identity,100,95,100,83,yes,,tapetech::8054tt,717,variation,TT-FLAT-BOX-HANDLE,8054TT,8054TT,"TapeTech Flat Box Handle - 54""","TapeTech Flat Box Handle - 54""",TapeTech,tapetech,239.00,regular_price,,All-Wall,all_wall,TapeTech,tapetech,"TapeTech 54"" Flat Box Handle 8054TT",8054TT,239.00,0.00,product_specific,"TapeTech 54"" Flat Box Handle TapeTech Flat Box Handles utilize the traditional brake pin and plate design, and braking angle is limited to the pie shaped surface. Handle is constructed of anodized aluminum tubing, and cast aluminum ends. The Finishing Box Handles attach to the TapeTech EasyClean™, EasyClean™ High Capacity or Power Assist™ Finishing Boxes and provide control to cleanly sweep the boxes off the joint for a perfect finish. Perfect For Headers, and Ceilings Adjustable Ball For Greater Control and Grip 3/4"" Diameter Handle Fits Every Major Brand Flat Box TapeTech Columbia Drywall Master BlueLine NorthStar Premier 5 Year TapeTech Warranty"
review,high_confidence_fuzzy_title,review_fuzzy,100,95,100,90,yes,,,717,variation,TT-FLAT-BOX-HANDLE,8054TT,8054TT,"TapeTech Flat Box Handle - 54""","TapeTech Flat Box Handle - 54""",TapeTech,tapetech,239.00,regular_price,,Wall Tools,wall_tools,TapeTech,tapetech,TapeTech Flat Box Handle,80BH,229.00,10.00,product_specific,"The TapeTech Flat Box Handle attaches to any brand of Flat Box, and any Flat Box model (Easy Clean, Power Assist, Fat Boy, etc.)."
auto_accept,exact_identity_key,verified_exact_identity,100,85,100,69,yes,,tapetech::8072tt,718,variation,TT-FLAT-BOX-HANDLE,8072TT,8072TT,"TapeTech Flat Box Handle - 72""","TapeTech Flat Box Handle - 72""",TapeTech,tapetech,249.00,regular_price,,Al's Taping Tools,als_taping_tools,TapeTech,tapetech,"TapeTech 72"" Drywall Flat Finisher Box Handle - 8072TT",8072TT,249.00,0.00,product_specific,The TapeTech flat box handle 72 inch is a great handle option that fits most flat boxes. Check out this great product from Al's Taping Tools today!
auto_accept,exact_identity_key,verified_exact_identity,100,95,100,83,yes,,tapetech::8072tt,718,variation,TT-FLAT-BOX-HANDLE,8072TT,8072TT,"TapeTech Flat Box Handle - 72""","TapeTech Flat Box Handle - 72""",TapeTech,tapetech,249.00,regular_price,,All-Wall,all_wall,TapeTech,tapetech,"TapeTech 72"" Flat Box Handle 8072TT",8072TT,249.00,0.00,product_specific,"TapeTech 72"" Flat Box Handle TapeTech Flat Box Handles utilize the traditional brake pin and plate design, and braking angle is limited to the pie shaped surface. Handle is constructed of anodized aluminum tubing, and cast aluminum ends. The Finishing Box Handles attach to the TapeTech EasyClean™, EasyClean™ High Capacity or Power Assist™ Finishing Boxes and provide control to cleanly sweep the boxes off the joint for a perfect finish. Perfect For High Work, Ceilings, and High Headers Adjustable Ball For Greater Control and Grip 3/4"" Diameter Handle Fits Every Major Brand Flat Box TapeTech Columbia Drywall Master BlueLine NorthStar Premier 5 Year TapeTech Warranty"
review,high_confidence_fuzzy_title,review_fuzzy,100,95,100,90,yes,,,718,variation,TT-FLAT-BOX-HANDLE,8072TT,8072TT,"TapeTech Flat Box Handle - 72""","TapeTech Flat Box Handle - 72""",TapeTech,tapetech,249.00,regular_price,,Wall Tools,wall_tools,TapeTech,tapetech,TapeTech Flat Box Handle,80BH,229.00,20.00,product_specific,"The TapeTech Flat Box Handle attaches to any brand of Flat Box, and any Flat Box model (Easy Clean, Power Assist, Fat Boy, etc.)."
auto_accept,exact_identity_key,verified_exact_identity,100,95,100,50,yes,,tapetech::85xltt,724,variation,TT-GOOSENECK,85XLTT,85XLTT,TapeTech Gooseneck - Extra Long,TapeTech Gooseneck - Extra Long,TapeTech,tapetech,199.00,regular_price,,Al's Taping Tools,als_taping_tools,TapeTech,tapetech,TapeTech Extra Long Gooseneck Adapter,85XLTT,199.00,0.00,product_specific,The TapeTech Extra Long Gooseneck is designed to work in conjunction with the 76XLTT EasyClean Loading Pump. Learn more about this great TapeTech product!
review,exact_identifier_contradiction,review_contradiction,94,60,63,59,no,length_class_mismatch:long!=xl,tapetech::85xltt,724,variation,TT-GOOSENECK,85XLTT,85XLTT,TapeTech Gooseneck - Extra Long,TapeTech Gooseneck - Extra Long,TapeTech,tapetech,199.00,regular_price,,All-Wall,all_wall,TapeTech,tapetech,TapeTech XL Gooseneck for 76XLTT Pump,85XLTT,199.00,0.00,product_specific,TapeTech Extra Long Gooseneck for 76XLTT Pump
auto_accept,exact_identity_key,verified_exact_identity,100,80,80,80,yes,,tapetech::85t,723,variation,TT-GOOSENECK,85T,85T,TapeTech Gooseneck - Standard,TapeTech Gooseneck - Standard,TapeTech,tapetech,105.00,regular_price,,Al's Taping Tools,als_taping_tools,TapeTech,tapetech,TapeTech Gooseneck Adapter,85T,105.00,0.00,product_specific,The Tape Tech gooseneck adapter attaches to the TapeTech loading pump to automatic tapers. Buy this great product from Al's Taping Tools today!
auto_accept,exact_identity_key,verified_exact_identity,100,77,81,70,yes,,tapetech::85t,723,variation,TT-GOOSENECK,85T,85T,TapeTech Gooseneck - Standard,TapeTech Gooseneck - Standard,TapeTech,tapetech,105.00,regular_price,,All-Wall,all_wall,TapeTech,tapetech,TapeTech Gooseneck 85T,85T,105.00,0.00,product_specific,"The TapeTech 85T Gooseneck Adapter can be used with the TapeTech 72TT/73TT/76TT loading pumps to fill your automatic taper. It features an integrated foot to improve stability, and has a heavy duty build for years of service."
auto_accept,exact_identity_key,verified_exact_identity,100,90,100,66,yes,,tapetech::85t,723,variation,TT-GOOSENECK,85T,85T,TapeTech Gooseneck - Standard,TapeTech Gooseneck - Standard,TapeTech,tapetech,105.00,regular_price,,Wall Tools,wall_tools,TapeTech,tapetech,TapeTech Gooseneck,85T,105.00,0.00,product_specific,The TapeTech Gooseneck attaches to the Loading Pump to fill the automatic taper. This attachment is required for quick and easy filling of Automatic Taper.
auto_accept,exact_identity_key,verified_exact_identity,100,95,100,81,yes,,tapetech::gsrtt,754,simple,,GSR-TT,GSR-TT,TapeTech Gooseneck Riser,TapeTech Gooseneck Riser,TapeTech,tapetech,13.99,regular_price,,All-Wall,all_wall,TapeTech,tapetech,TapeTech Gooseneck Riser GSR-TT,GSR-TT,13.99,0.00,product_specific,TapeTech Gooseneck Riser GSR-TT for Loading Pump 76TT-CA
auto_accept,exact_identity_key,verified_exact_identity,100,73,76,41,yes,,tapetech::804003f,755,simple,,804003F,804003F,TapeTech Grip Assembly For Box Handle,TapeTech Grip Assembly For Box Handle,TapeTech,tapetech,73.91,regular_price,,All-Wall,all_wall,TapeTech,tapetech,TapeTech Handle Lever Assembly 804003F,804003F,80.59,-6.68,missing,
auto_accept,exact_identity_key,verified_exact_identity,100,73,76,41,yes,,tapetech::804003f,755,simple,,804003F,804003F,TapeTech Grip Assembly For Box Handle,TapeTech Grip Assembly For Box Handle,TapeTech,tapetech,73.91,regular_price,,Wall Tools,wall_tools,TapeTech Parts,tapetech,TapeTech HANDLE LEVER ASSEMBLY (TAPE-804003F),804003F,82.02,-8.11,product_specific,TapeTech HANDLE LEVER ASSEMBLY (TAPE-804003F)
review,exact_identifier_unknown_brand,review_unknown_brand,90,73,76,42,yes,competitor_brand_unknown,,755,simple,,804003F,804003F,TapeTech Grip Assembly For Box Handle,TapeTech Grip Assembly For Box Handle,TapeTech,tapetech,73.91,regular_price,,Al's Taping Tools,als_taping_tools,TapeWorm,,Handle Lever Assembly - 804003,804003F,73.91,0.00,product_specific,TapeTech Handle Lever Assembly for TapeTech box handle #804003
auto_accept,exact_identity_key,verified_exact_identity,100,45,47,42,yes,,tapetech::ehc10,726,variation,TT-MAXXBOX-HIGH-CAPACITY-FINISHING-BOX,EHC10,EHC10,"TapeTech MaxxBox® High Capacity Finishing Box - 10""","TapeTech MaxxBox® High Capacity Finishing Box - 10""",TapeTech,tapetech,419.00,regular_price,,Al's Taping Tools,als_taping_tools,TapeTech,tapetech,"TapeTech 10"" MAXXBOX w/ Easy Roll Wheels - EHC10",EHC10,419.00,0.00,product_specific,"The TapeTech 10"" Maxxbox goes a long way between trips to the pump. Learn more about this great TapeTech tool from Al's Taping Tools."
review,exact_identifier_contradiction,review_contradiction,94,85,71,53,no,product_family_mismatch:['finishing box']!=['flat box'],tapetech::ehc10,726,variation,TT-MAXXBOX-HIGH-CAPACITY-FINISHING-BOX,EHC10,EHC10,"TapeTech MaxxBox® High Capacity Finishing Box - 10""","TapeTech MaxxBox® High Capacity Finishing Box - 10""",TapeTech,tapetech,419.00,regular_price,,All-Wall,all_wall,TapeTech,tapetech,"TapeTech 10"" MAXXBOX Flat Box EHC10",EHC10,419.00,0.00,product_specific,"TapeTech 10"" MaxxBox™ Flat Box EHC10 MaxxBox design holds up to 68% more mud than other high capacity flat boxes. MaxxBox offers increased efficiency and production speed, allowing you to finish more between fill ups without tiring you out. Pressure plate is connected to solid hinge for wider opening and easier cleaning. Tape Tech 10"" High Capacity Maxxbox is excellent choice for base coating drywall flat seams, butt joints and corner bead. TapeTech Maxxbox will fit any major brand drywall taping tool flat box brake handle. The adjustable mud outlet dial, allows the MaxxBox to provide high compound capacity while maintaining a precision metered finish. Perfect For Base or Finish Coats on Flat Seams, Butt Joints and Cornerbeads Precise Dial Adjustment For Smooth Finish Feathering Designed To Improve Speed and Efficiency High Mud Compound Capacity Hinged Pressure Plate Operates Smoothly Opens Wide For Easy Cleaning 5 Year TapeTech Manufacturer’s Warranty"
review,exact_identifier_contradiction,review_contradiction,94,66,70,64,no,product_family_mismatch:['finishing box']!=['flat box'],tapetech::ehc10,726,variation,TT-MAXXBOX-HIGH-CAPACITY-FINISHING-BOX,EHC10,EHC10,"TapeTech MaxxBox® High Capacity Finishing Box - 10""","TapeTech MaxxBox® High Capacity Finishing Box - 10""",TapeTech,tapetech,419.00,regular_price,,Wall Tools,wall_tools,TapeTech,tapetech,TapeTech 10 inch Extra High Capacity Flat Box (TAPE-EHC10),EHC10,419.00,0.00,product_specific,"TapeTech 10 inch Extra High Capacity Flat Box, Flat Box, Skim Box, Finish Coat, Drywall Taping Tool, Drywall Tools, Drywall Finishing Tool, Drywall, Automatic Taping Tools, Taping Tools, Finishing Drywall, TapeTech Tools"
auto_accept,exact_identity_key,verified_exact_identity,100,45,47,42,yes,,tapetech::ehc12,727,variation,TT-MAXXBOX-HIGH-CAPACITY-FINISHING-BOX,EHC12,EHC12,"TapeTech MaxxBox® High Capacity Finishing Box - 12""","TapeTech MaxxBox® High Capacity Finishing Box - 12""",TapeTech,tapetech,444.00,regular_price,,Al's Taping Tools,als_taping_tools,TapeTech,tapetech,"TapeTech 12"" MAXXBOX w/ Easy Roll Wheels - EHC12",EHC12,444.00,0.00,product_specific,The new MAXXBOX w/ EasyRoll Wheels product from TapeTech is for outside corner beads. Complete your tool set with this great TapeTech product from Al's Taping Tools.
review,exact_identifier_contradiction,review_contradiction,94,85,71,53,no,product_family_mismatch:['finishing box']!=['flat box'],tapetech::ehc12,727,variation,TT-MAXXBOX-HIGH-CAPACITY-FINISHING-BOX,EHC12,EHC12,"TapeTech MaxxBox® High Capacity Finishing Box - 12""","TapeTech MaxxBox® High Capacity Finishing Box - 12""",TapeTech,tapetech,444.00,regular_price,,All-Wall,all_wall,TapeTech,tapetech,"TapeTech 12"" MAXXBOX Flat Box EHC12",EHC12,444.00,0.00,product_specific,"TapeTech 12"" MaxxBox™ Flat Box EHC12 MaxxBox design holds up to 68% more mud than other high capacity flat boxes. MaxxBox offers increased efficiency and production speed, allowing you to finish more between fill ups without tiring you out. Pressure plate is connected to solid hinge for wider opening and easier cleaning. Tape Tech 12"" High Capacity Maxxbox is excellent choice for base coating drywall flat seams, butt joints and corner bead. TapeTech Maxxbox will fit any major brand drywall taping tool flat box brake handle. The adjustable mud outlet dial, allows the MaxxBox to provide high compound capacity while maintaining a precision metered finish. Perfect For Finish Coats on Flat Seams, and Butt Joints Precise Dial Adjustment For Smooth Finish Feathering Designed To Improve Speed and Efficiency High Mud Compound Capacity Hinged Pressure Plate Operates Smoothly Opens Wide For Easy Cleaning 5 Year TapeTech Manufacturer’s Warranty"
auto_accept,exact_identity_key,verified_exact_identity,100,48,51,41,yes,,tapetech::ehc07,725,variation,TT-MAXXBOX-HIGH-CAPACITY-FINISHING-BOX,EHC07,EHC07,"TapeTech MaxxBox® High Capacity Finishing Box - 7""","TapeTech MaxxBox® High Capacity Finishing Box - 7""",TapeTech,tapetech,419.00,regular_price,,Al's Taping Tools,als_taping_tools,TapeTech,tapetech,"TapeTech 7"" MAXXBOX w/ Easy Roll Wheels",EHC07,419.00,0.00,product_specific,"Our TapeTech drywall finishing tools 7"" Easy Clean Flat Finish boxes holds 30% more mud than standard flat boxes. Buy from Al's Taping Tools today!"
review,exact_identifier_contradiction,review_contradiction,94,85,70,52,no,product_family_mismatch:['finishing box']!=['flat box'],tapetech::ehc07,725,variation,TT-MAXXBOX-HIGH-CAPACITY-FINISHING-BOX,EHC07,EHC07,"TapeTech MaxxBox® High Capacity Finishing Box - 7""","TapeTech MaxxBox® High Capacity Finishing Box - 7""",TapeTech,tapetech,419.00,regular_price,,All-Wall,all_wall,TapeTech,tapetech,"TapeTech 7"" MAXXBOX Flat Box EHC07",EHC07,419.00,0.00,product_specific,"TapeTech 7"" MaxxBox™ Flat Box EHC07 MaxxBox design holds up to 68% more mud than other high capacity flat boxes. MaxxBox offers increased efficiency and production speed, allowing you to finish more between fill ups without tiring you out. Pressure plate is connected to solid hinge for wider opening and easier cleaning. Tape Tech 7"" High Capacity Maxxbox is excellent choice for base coating drywall flat seams, butt joints and corner bead. TapeTech Maxxbox will fit any major brand drywall taping tool flat box brake handle. The adjustable mud outlet dial, allows the MaxxBox to provide high compound capacity while maintaining a precision metered finish. Perfect For Base Coats on Flat Seams, Butt Joints and Cornerbeads Precise Dial Adjustment For Smooth Finish Feathering Designed To Improve Speed and Efficiency High Mud Compound Capacity Hinged Pressure Plate Operates Smoothly Opens Wide For Easy Cleaning 5 Year TapeTech Manufacturer’s Warranty"
review,exact_identifier_contradiction,review_contradiction,94,73,77,62,no,product_family_mismatch:['finishing box']!=['flat box'],tapetech::ehc07,725,variation,TT-MAXXBOX-HIGH-CAPACITY-FINISHING-BOX,EHC07,EHC07,"TapeTech MaxxBox® High Capacity Finishing Box - 7""","TapeTech MaxxBox® High Capacity Finishing Box - 7""",TapeTech,tapetech,419.00,regular_price,,Wall Tools,wall_tools,TapeTech,tapetech,TapeTech 7 inch Extra High Capacity Flat Box,EHC07,419.00,0.00,product_specific,The TapeTech 7 inch Extra High Capacity Flat Box
review,near_identical_title,review_near_identical,100,100,100,100,yes,,,665,simple,,TTCFS-M,TTCFS-M,TapeTech MudRunner Corner Finishing Set,TapeTech MudRunner Corner Finishing Set,TapeTech,tapetech,1928.00,regular_price,,Al's Taping Tools,als_taping_tools,TapeTech,tapetech,TapeTech MudRunner Corner Finishing Set,Gttcfsm,1906.00,22.00,product_specific,TapeTech MudRunner Corner Finishing Set TTCFS-M is a great combo package for finishing corners. Check out this great TapeTech finishing set from Al's Taping Tools.
auto_accept,exact_identity_key,verified_exact_identity,100,95,100,92,yes,,tapetech::mr01tt,750,variation,TT-MUDRUNNER,MR01TT,MR01TT,TapeTech MudRunner® Compound Applicator - Pro,TapeTech MudRunner® Compound Applicator - Pro,TapeTech,tapetech,1099.00,regular_price,,Al's Taping Tools,als_taping_tools,TapeTech,tapetech,TapeTech MudRunner Compound Applicator Tube,MR01TT,1099.00,0.00,product_specific,The TapeTech MudRunner offers no push drywall angle applicator. It is powered by a gas powered shock that with the twist of the handle it pushes the mud out for you and so much easier that using a traditional corner box. Buy it today!
auto_accept,exact_identity_key,verified_exact_identity,100,90,100,47,yes,,tapetech::mr01tt,750,variation,TT-MUDRUNNER,MR01TT,MR01TT,TapeTech MudRunner® Compound Applicator - Pro,TapeTech MudRunner® Compound Applicator - Pro,TapeTech,tapetech,1099.00,regular_price,,All-Wall,all_wall,TapeTech,tapetech,TapeTech MudRunner® Pro,MR01TT,1099.00,0.00,product_specific,"TapeTech MudRunner® Pro MR01TT The new second generation MudRunner® Pro tool applies joint compound to inside and outside corners faster and with precision control and minimal effort. The new MudRunner® Pro offers a tremendous update in the efficiency of finishing corners in drywall. The tool offers more versatility when needed in adjustment to length, both integrated and with the MRX01TT extension (sold separately). The new MudRunner® Pro also offers a 20% increase in piston strength for greater compound application. Adjustable Length: 52.5"" - 60.5"" Use With Any Inside Or Outside Corner Finisher Thicker Mud Applies Effortlessly Clear Tube For Visible Mud Level Reduces Wear-and-Tear On Your Shoulders Requires A Pump/Filler To Fill Requires An Applicator Head To Apply/Finish"
auto_accept,exact_identity_key,verified_exact_identity,100,90,100,38,yes,,tapetech::14tt,749,variation,TT-MUDRUNNER,14TT,14TT,TapeTech MudRunner® Compound Applicator - Standard,TapeTech MudRunner® Compound Applicator - Standard,TapeTech,tapetech,900.00,regular_price,,Wall Tools,wall_tools,TapeTech,tapetech,TapeTech MudRunner,14TT,900.00,0.00,product_specific,The TapeTech MudRunner does the job of a Corner Box without killing your shoulders. Apply drywall mud with ease and glide along corners with its unique twist-flow handle.
auto_accept,exact_identity_key,verified_exact_identity,100,85,100,62,yes,,tapetech::ns02tt,728,variation,TT-NAIL-SPOTTER,NS02TT,NS02TT,"TapeTech Nail Spotter - 2""","TapeTech Nail Spotter - 2""",TapeTech,tapetech,303.66,regular_price,,All-Wall,all_wall,TapeTech,tapetech,"TapeTech 2"" EasyClean Nail Spotter NS02TT",NS02TT,278.00,25.66,product_specific,"TapeTech 2"" EasyClean® Nail Spotter NS02TT Allows you to spot ceilings without the use of stilts faster and more efficient than spotting nails by hand. Featuring the EasyClean® Lid, quick release latch, and gasket system (similar to a flat box). This allows easy access and hassle-free clean up. This Nail Spotter gives you the flexibility for any size job, and is an ideal single spotter system. The traditional style skid plate is both a pivot point and a screw detector, which helps prevent blade damage. The spotter body is made of high quality stainless steel that will not rust or deteriorate. Each TapeTech Nail Spotter includes a Nail Spotter Adapter NSA-TT which attaches to both Interchangeable Fiberglass Handle FHTT (not included) and Interchangeable Extendable Handle XHTT (not included). Features: Spot Nails Faster and More Efficient EasyClean® Lid and Gasket for Quick Cleanup Durable Stainless Steel Construction Traditional Style Skid Plate Easily Attaches to Both FHTT and XHTT Interchangeable Handles Includes NSA-TT Nail Spotter Adapter"
auto_accept,exact_identity_key,verified_exact_identity,100,85,100,63,yes,,tapetech::ns02tt,728,variation,TT-NAIL-SPOTTER,NS02TT,NS02TT,"TapeTech Nail Spotter - 2""","TapeTech Nail Spotter - 2""",TapeTech,tapetech,303.66,regular_price,,Wall Tools,wall_tools,TapeTech,tapetech,TapeTech 2 inch Easyclean Nail Spotter,NS02TT,278.00,25.66,product_specific,The TapeTech EasyClean™ Nail Spotter is used to fill the depressions left from the nails or screw heads during installation of the drywall.
review,exact_identifier_contradiction,review_contradiction,94,85,100,53,no,product_family_mismatch:['nail spotter']!=['screw'],tapetech::ns02tt,728,variation,TT-NAIL-SPOTTER,NS02TT,NS02TT,"TapeTech Nail Spotter - 2""","TapeTech Nail Spotter - 2""",TapeTech,tapetech,303.66,regular_price,,Al's Taping Tools,als_taping_tools,TapeTech,tapetech,"TapeTech 2"" EasyClean Nail/Screw Spotter Head",NS02TT,278.00,25.66,product_specific,"TapeTech's 2 inch drywall nail spotter, or screw spotter, quickly fills the holes left behind with drywall mud. Choose between a TapeTech fiberglass handle or the extension pole. Buy from Al's Taping Tools today."
auto_accept,exact_identity_key,verified_exact_identity,100,85,100,62,yes,,tapetech::ns03tt,729,variation,TT-NAIL-SPOTTER,NS03TT,NS03TT,"TapeTech Nail Spotter - 3""","TapeTech Nail Spotter - 3""",TapeTech,tapetech,313.10,regular_price,,All-Wall,all_wall,TapeTech,tapetech,"TapeTech 3"" EasyClean Nail Spotter NS03TT",NS03TT,289.00,24.10,product_specific,"TapeTech 3"" EasyClean® Nail Spotter NS02TT Allows you to spot ceilings without the use of stilts faster and more efficient than spotting nails by hand. Featuring the EasyClean® Lid, quick release latch, and gasket system (similar to a flat box). This allows easy access and hassle-free clean up. This Nail Spotter gives you the flexibility for any size job, and is an ideal single spotter system. The traditional style skid plate is both a pivot point and a screw detector, which helps prevent blade damage. The spotter body is made of high quality stainless steel that will not rust or deteriorate. Each TapeTech Nail Spotter includes a Nail Spotter Adapter NSA-TT which attaches to both Interchangeable Fiberglass Handle FHTT (not included) and Interchangeable Extendable Handle XHTT (not included). Features: Spot Nails Faster and More Efficient EasyClean® Lid and Gasket for Quick Cleanup Durable Stainless Steel Construction Traditional Style Skid Plate Easily Attaches to Both FHTT and XHTT Interchangeable Handles Includes NSA-TT Nail Spotter Adapter"
auto_accept,exact_identity_key,verified_exact_identity,100,85,100,63,yes,,tapetech::ns03tt,729,variation,TT-NAIL-SPOTTER,NS03TT,NS03TT,"TapeTech Nail Spotter - 3""","TapeTech Nail Spotter - 3""",TapeTech,tapetech,313.10,regular_price,,Wall Tools,wall_tools,TapeTech,tapetech,TapeTech 3 inch Easyclean Nail Spotter,NS03TT,289.00,24.10,product_specific,The TapeTech 3 inch Easy Clean Nail Spotter is used to fill the depressions left from the nails or screw heads during installation of the drywall.
review,exact_identifier_contradiction,review_contradiction,94,85,100,54,no,product_family_mismatch:['nail spotter']!=['screw'],tapetech::ns03tt,729,variation,TT-NAIL-SPOTTER,NS03TT,NS03TT,"TapeTech Nail Spotter - 3""","TapeTech Nail Spotter - 3""",TapeTech,tapetech,313.10,regular_price,,Al's Taping Tools,als_taping_tools,,tapetech,"TapeTech 3"" EasyClean Nail/Screw Spotter",NS03TT,289.00,24.10,product_specific,"The TapeTech's 3"" drywall nail spotter or screw spotter, quickly fills the screw holes left behind with drywall mud. Buy from Al's Taping Tools today!"
auto_accept,exact_identity_key,verified_exact_identity,100,95,100,86,yes,,tapetech::ttpfb,655,simple,,TTPFB,TTPFB,TapeTech Paper Faced Bead Pro Set,TapeTech Paper Faced Bead Pro Set,TapeTech,tapetech,1949.00,regular_price,,All-Wall,all_wall,TapeTech,tapetech,TapeTech Paper Faced Bead Pro Set TTPFB,TTPFB,1949.00,0.00,product_specific,"TapeTech Paper Faced Bead Pro Set TTPFB Pre-packaged Paper Faced Bead set includes the MudRunner Corner Applicator. The MudRunner is the easiest angle box or corner applicator that you will ever use. Because you don't have to expend effort squeezing out compound by forcing the tool into the corner. The Outside Corner Roller to firmly embed paper-faced corner bead on external drywall corners. The 90°Outside Corner Mud Head and 90°Inside Corner Mud Head apply a consistent base coat of joint compound on internal and external corners. The Extendable XHTT Handle reaches from 43""-77"". This is a great set for any drywall professional. Functions: Applies compound both inside or outside corners Perfect for installing paper-faced bead products 5 Year TapeTech Warranty Includes: MudRunner Pro Applicator MR01TT Outside Corner Roller 17TT 90°Outside Corner Mud Head 16TT 90°Inside Corner Mud Head 16TT90 Loading Pump 76TT Flat Box Filler 90TT Corner Finisher Adaptor CFATT Extendable Handle XHTT"
auto_accept,exact_identity_key,verified_exact_identity,100,60,53,60,yes,,tapetech::pahc10,734,variation,TT-POWER-ASSIST-MAXXBOX-FINISHING-BOX,PAHC10,PAHC10,"TapeTech Power Assist® MaxxBox® Finishing Box - 10""","TapeTech Power Assist® MaxxBox® Finishing Box - 10""",TapeTech,tapetech,494.93,regular_price,,Al's Taping Tools,als_taping_tools,TapeTech,tapetech,"TapeTech 10"" PowerAssist MaxxBox w/ EasyRoll Wheels - PAHC10",PAHC10,469.00,25.93,product_specific,"The TapeTech 10"" power assisted flat box offers a higher capacity of drywall mud with almost zero pushing effort. Buy from Al's Taping Tools today."
auto_accept,exact_identity_key,verified_exact_identity,100,82,86,71,yes,,tapetech::pahc10,734,variation,TT-POWER-ASSIST-MAXXBOX-FINISHING-BOX,PAHC10,PAHC10,"TapeTech Power Assist® MaxxBox® Finishing Box - 10""","TapeTech Power Assist® MaxxBox® Finishing Box - 10""",TapeTech,tapetech,494.93,regular_price,,All-Wall,all_wall,TapeTech,tapetech,"TapeTech 10"" Power Assist MAXXBOX PAHC10",PAHC10,469.00,25.93,product_specific,"TapeTech 10"" POWER ASSIST® MAXXBOX® PAHC10 Gives you the extra capacity you want in a high capacity Flat Box, with half the effort. Save time and reduce fatigue by letting the tool do more of the work. Featuring a smart design that matches the usable capacity to the application. The TapeTech Power Assist® finishing box holds just the right amount of joint compound to keep you finishing longer without wearing you out. The POWER ASSIST® MAXXBOX® is sure to become the industry standard for finishing! Adjustable dial crown setting allows the user to easily apply just the right amount of compound over flat seams and butt joints on walls and ceilings. These boxes work with all major brand flat box handles, including the Wizard™ handle for Power Assist® boxes 8000TT-PA (not included). Flat box brake handle controls position of MAXXBOX® to activate the POWER ASSIST® mechanism. Pressure plate reverse spring setup then helps apply the joint compound. MAXXBOX® high capacity holds more mud compound, saving you trips back and forth to the the pump for refills, increasing your production ability. Perfect For Base Coats Or Finish Coats On Flat Seams, Butt Joints and Cornerbeads Pivoting Axle Adjusts To Any Drywall Surface Adjustable Crown Control For Correct Compound Output Designed To Improve Speed and Efficiency Reverse Springs For Power Assisted Finishing EasyClean Pressure Plate For Fast Cleanup High Mud Compound Capacity"
auto_accept,exact_identity_key,verified_exact_identity,100,60,53,60,yes,,tapetech::pahc12,735,variation,TT-POWER-ASSIST-MAXXBOX-FINISHING-BOX,PAHC12,PAHC12,"TapeTech Power Assist® MaxxBox® Finishing Box - 12""","TapeTech Power Assist® MaxxBox® Finishing Box - 12""",TapeTech,tapetech,520.16,regular_price,,Al's Taping Tools,als_taping_tools,TapeTech,tapetech,"TapeTech 12"" PowerAssist MaxxBox w/ EasyRoll Wheels - PAHC12",PAHC12,479.00,41.16,product_specific,"The TapeTech 12"" Power Assist Box applies the final 12 inch coating of drywall compound over the flats with minimal effort. Check out this great product!"
auto_accept,exact_identity_key,verified_exact_identity,100,82,86,71,yes,,tapetech::pahc12,735,variation,TT-POWER-ASSIST-MAXXBOX-FINISHING-BOX,PAHC12,PAHC12,"TapeTech Power Assist® MaxxBox® Finishing Box - 12""","TapeTech Power Assist® MaxxBox® Finishing Box - 12""",TapeTech,tapetech,520.16,regular_price,,All-Wall,all_wall,TapeTech,tapetech,"TapeTech 12"" Power Assist MAXXBOX PAHC12",PAHC12,479.00,41.16,product_specific,"TapeTech 12"" POWER ASSIST® MAXXBOX® PAHC12 Gives you the extra capacity you want in a high capacity Flat Box, with half the effort. Save time and reduce fatigue by letting the tool do more of the work. Featuring a smart design that matches the usable capacity to the application. The TapeTech Power Assist® finishing box holds just the right amount of joint compound to keep you finishing longer without wearing you out. The POWER ASSIST® MAXXBOX® is sure to become the industry standard for finishing! Adjustable dial crown setting allows the user to easily apply just the right amount of compound over flat seams and butt joints on walls and ceilings. These boxes work with all major brand flat box handles, including the Wizard™ handle for Power Assist® boxes 8000TT-PA (not included). Flat box brake handle controls position of MAXXBOX® to activate the POWER ASSIST® mechanism. Pressure plate reverse spring setup then helps apply the joint compound. MAXXBOX® high capacity holds more mud compound, saving you trips back and forth to the the pump for refills, increasing your production ability. Perfect For Finish Coats on Flat Seams, and Butt Joints Pivoting Axle Adjusts To Any Drywall Surface Adjustable Crown Control For Correct Compound Output Designed To Improve Speed and Efficiency Reverse Springs For Power Assisted Finishing EasyClean Pressure Plate For Fast Cleanup High Mud Compound Capacity"
auto_accept,exact_identity_key,verified_exact_identity,100,63,52,63,yes,,tapetech::pahc07,733,variation,TT-POWER-ASSIST-MAXXBOX-FINISHING-BOX,PAHC07,PAHC07,"TapeTech Power Assist® MaxxBox® Finishing Box - 7""","TapeTech Power Assist® MaxxBox® Finishing Box - 7""",TapeTech,tapetech,491.26,regular_price,,Al's Taping Tools,als_taping_tools,TapeTech,tapetech,"TapeTech 7"" PowerAssist MaxxBox w/ EasyRoll Wheels",PAHC07,459.00,32.26,product_specific,"The TapeTech PowerAssist Maxxbox finishes butt joints, feathers edges and more! Check out this great TapeTech product from Al's Taping Tools."
auto_accept,exact_identity_key,verified_exact_identity,100,81,86,70,yes,,tapetech::pahc07,733,variation,TT-POWER-ASSIST-MAXXBOX-FINISHING-BOX,PAHC07,PAHC07,"TapeTech Power Assist® MaxxBox® Finishing Box - 7""","TapeTech Power Assist® MaxxBox® Finishing Box - 7""",TapeTech,tapetech,491.26,regular_price,,All-Wall,all_wall,TapeTech,tapetech,"TapeTech 7"" Power Assist MAXXBOX PAHC07",PAHC07,459.00,32.26,product_specific,"TapeTech 7"" POWER ASSIST® MAXXBOX® PAHC07 Gives you the extra capacity you want in a high capacity Flat Box, with half the effort. Save time and reduce fatigue by letting the tool do more of the work. Featuring a smart design that matches the usable capacity to the application. The TapeTech Power Assist® finishing box holds just the right amount of joint compound to keep you finishing longer without wearing you out. The POWER ASSIST® MAXXBOX® is sure to become the industry standard for finishing! Adjustable dial crown setting allows the user to easily apply just the right amount of compound over flat seams and butt joints on walls and ceilings. These boxes work with all major brand flat box handles, including the Wizard™ handle for Power Assist® boxes 8000TT-PA (not included). Flat box brake handle controls position of MAXXBOX® to activate the POWER ASSIST® mechanism. Pressure plate reverse spring setup then helps apply the joint compound. MAXXBOX® high capacity holds more mud compound, saving you trips back and forth to the the pump for refills, increasing your production ability. Perfect For Base Coats on Flat Seams, Butt Joints and Cornerbeads Pivoting Axle Adjusts To Any Drywall Surface Adjustable Crown Control For Correct Compound Output Designed To Improve Speed and Efficiency Reverse Springs For Power Assisted Finishing EasyClean Pressure Plate For Fast Cleanup High Mud Compound Capacity"
auto_accept,exact_identity_key,verified_exact_identity,100,95,100,85,yes,,tapetech::ttppsef,657,simple,,TTPPS-EF,TTPPS-EF,TapeTech Pro Performance Easy Finish Set,TapeTech Pro Performance Easy Finish Set,TapeTech,tapetech,7295.00,regular_price,,All-Wall,all_wall,TapeTech,tapetech,TapeTech Pro Performance Easy Finish Set TTPPS-EF,TTPPS-EF,7295.00,0.00,product_specific,"TapeTech Pro Performance Easy Finish Set TTPPS-EF the most complete set of tools available. This kit features Power Assist boxes and extendable handles. This TapeTech set is pre-configured with the most popular size options, and is a great choice for any professional drywall finisher. Functions: Applies tape and compound to wall, ceiling and corner joints Finishes joints on walls and ceilings Finishes inside corners of walls and ceilings Finishes dimples created by fasteners 5 Year TapeTech Warranty Includes: EZ Clean™ Automatic Taper 07TT 10"" PowerAssist MaxxBox PAHC10 12"" PowerAssist MaxxBox PAHC12 Corner Roller 15TTE 2.5"" Corner Finisher 42TT 3"" EZ Roll™ Adjustable Corner Finisher 48TT 2"" EZ Clean™ Nailspotter NS02TT 3"" EZ Clean™ Nailspotter NS02TT MudRunner Applicator 14TT 2 - Loading Pumps 76TT Gooseneck 85TT Flat Box Filler 90TT Corner Finisher Adaptor CFA-TT 3 - Extendable Handles XHTT 2 - Flat Box Xtender Handles 88TTE"
auto_accept,exact_identity_key,verified_exact_identity,100,95,100,83,yes,,tapetech::ttpps,662,simple,,TTPPS,TTPPS,TapeTech Pro Performance Set,TapeTech Pro Performance Set,TapeTech,tapetech,6625.00,regular_price,,All-Wall,all_wall,TapeTech,tapetech,TapeTech Pro Performance Set TTPPS,TTPPS,6625.00,0.00,product_specific,"TapeTech Pro Performance Set TTPPS All the benefits of the Standard Set plus two Nail Spotters for professional finishing of screws, and an additional pump that saves on fill up time. This TapeTech set is pre-configured with the most popular size options, and is a great choice for any professional drywall finisher. Functions: Applies tape and compound to wall, ceiling and corner joints Finishes joints on walls and ceilings Finishes inside corners of walls and ceilings Finishes dimples created by fasteners 5 Year TapeTech Warranty Includes: EZ Clean™ Automatic Taper 07TT 10"" EZ Clean™ Flat Box EZ10TT 12"" EZ Clean™ Flat Box EZ12TT Corner Roller 15TTE 2.5"" Corner Finisher 42TT 3"" EZ Roll™ Adjustable Corner Finisher 48TT 8"" Corner Applicator CA08TT 2"" EZ Clean™ Nailspotter NS02TT 3"" EZ Clean™ Nailspotter NS02TT 2 - Loading Pumps 76TT Gooseneck 85TT Flat Box Filler 90TT Corner Finisher Adaptor CFA-TT 3 - Extendable Handles XHTT 2 - Flat Box Xtender Handles 88TTE"
review,medium_confidence_fuzzy_title,review_fuzzy,100,95,100,85,yes,,,662,simple,,TTPPS,TTPPS,TapeTech Pro Performance Set,TapeTech Pro Performance Set,TapeTech,tapetech,6625.00,regular_price,,All-Wall,all_wall,TapeTech,tapetech,TapeTech EIFS Pro Performance Set,ECPROPERF,489.00,6136.00,product_specific,"EIFS - TapeTech Contractor's Pro Performance Kit - Corded Hot Knife This set includes: Air-Cooled Hot Knife KIT - includes 6"" & 8"" blades, cutting guide, sled, bending pliers - EHKAC500KIT 1.5"" Stiff Inside Corner Edger for 90° Corners - EIN15090 2"" Stiff Inside Corner Edger for 90° Corners - EIN20090 1.5"" Stiff Outside Corner Edger for 90° Corners - EEX15090 2"" Stiff Outside Corner Edger for 90° Corners - EEX20090 5"" x 2"" Margin Trowel - VMARG05 5"" x 11"" Textured ABS Float - EABS127-TTTX 12"" X 4.7"" Premium Gold Stainless Steel Trowel - 0.65mm w/ProSoft Handle - TG120565-PS 6"" x 14"" Tungsten Carbide EIFS Rasp - ERASP0614 13"" x 13"" Hawk - ProSoft Grip - HWK001-PS 7"" Bucket Scoop - SCP001-WD 22"" Gate Mouth Utility Bag - TTGMCASE22"
auto_accept,exact_identity_key,verified_exact_identity,100,95,100,88,yes,,tapetech::ttpss,663,simple,,TTPSS,TTPSS,TapeTech Professional Starter Set,TapeTech Professional Starter Set,TapeTech,tapetech,4559.00,regular_price,,All-Wall,all_wall,TapeTech,tapetech,TapeTech Professional Starter Set TTPSS,TTPSS,4559.00,0.00,product_specific,"TapeTech Professional Starter Set TTPSS The most popular TapeTech set of drywall taping tools. Everything you need to get your drywall job taped and finished Functions: Applies tape and compound to wall, ceiling and corner joints Finishes joints on walls and ceilings Finishes inside corners of walls and ceilings 5 Year TapeTech Warranty Includes: EZ Clean™ Automatic Taper 07TT 10"" EZ Clean™ Flat Box EZ10TT 12"" EZ Clean™ Flat Box EZ12TT Corner Roller 15TTE 3"" EZ Roll™ Adjustable Corner Finisher 48TT 8"" Corner Applicator CA08TT Loading Pump 76TT Gooseneck 85TT Flat Box Filler 90TT Corner Finisher Adaptor CFA-TT 2 - Extendable Handles XHTT 42"" FLat Box Handle 8042TT"
auto_accept,exact_identity_key,verified_exact_identity,100,95,100,86,yes,,tapetech::qb06qsx,736,variation,TT-QUICKBOX-QSX-FINISHING-BOX,QB06-QSX,QB06-QSX,"TapeTech QuickBox® QSX Finishing Box - 6.5""","TapeTech QuickBox® QSX Finishing Box - 6.5""",TapeTech,tapetech,149.00,regular_price,,Al's Taping Tools,als_taping_tools,TapeTech,tapetech,"TapeTech QuickBox QSX 6.5"" Finishing Box",QB06-QSX,149.00,0.00,product_specific,"TapeTech QuickBox® QSX 6.5"" Finishing Box The TapeTech QuickBox® QSX 6.5"" Finishing Box is used fro fast-setting joint compound to cover the joint tape has never been easier or more worry-free. The QuickBox® is the first and only finishing box designed sp"
auto_accept,exact_identity_key,verified_exact_identity,100,95,100,86,yes,,tapetech::qb06qsx,736,variation,TT-QUICKBOX-QSX-FINISHING-BOX,QB06-QSX,QB06-QSX,"TapeTech QuickBox® QSX Finishing Box - 6.5""","TapeTech QuickBox® QSX Finishing Box - 6.5""",TapeTech,tapetech,149.00,regular_price,,All-Wall,all_wall,TapeTech,tapetech,"TapeTech 6.5"" QuickBox QSX Finishing Box",QB06-QSX,149.00,0.00,product_specific,"TapeTech QuickBox QSX 6.5"" Finishing Box QuickBox™ QSX - is the first finishing box specifically designed to be used with fast-setting joint compounds (hot mud). Combine the speed of same day multi-coat hot mud with ATF flat box consistent finish! The 6 ½” QuickBox™ QSX is the perfect tool for drywallers who prefer to use fast-setting joint compound when embedding the joint tape. The QuickBox™ QSX works with paper tape, fiberglass tape or the new fiber joint tapes. The QuickBox™ QSX can be used for a wide variety of applications - Tape Embed, Nail Spot, Flex Trim Coating, Tight Area, Short Runs, and more. Constructed from advanced space age materials, fast-setting joint compound is easily removed from the finishing box, even hours or days later. The compound literally falls out of the QuickBox™ QSX with a few light taps. QuickBox™ QSX features: A glass-filled polypropylene shell that provides a slick surface with maximum strength and durability. Large wheels to roll easily over any type of gypsum panels Pressure plate that opens completely for easy filling and cleaning. The box can be filled easily with the pump, the compound tube or by hand An optimized blade design that matches the blade with the application, eliminating the need to make adjustments or change crown settings. Tool-free design for ultra-fast blade changes. Works with all TapeTech and major brand finishing box handles, including the Wizard®. Includes two blades (QB6003 standard and QB6023 crown)"
review,exact_identifier_contradiction,review_contradiction,94,95,100,89,no,measurement_mismatch:['8.5']!=['8'],tapetech::qb08qsx,737,variation,TT-QUICKBOX-QSX-FINISHING-BOX,QB08-QSX,QB08-QSX,"TapeTech QuickBox® QSX Finishing Box - 8.5""","TapeTech QuickBox® QSX Finishing Box - 8.5""",TapeTech,tapetech,180.19,regular_price,,Al's Taping Tools,als_taping_tools,TapeTech,tapetech,"TapeTech QuickBox QSX 8"" Finishing Box",QB08-QSX,174.00,6.19,product_specific,"The TapeTech QuickBox QSX 8"" Finishing Box features double the capacity of the original QB06-QSX 6"" Flat Box. Learn more about this great TapeTech finishing box from Al's Taping Tools."
review,exact_identifier_contradiction,review_contradiction,94,95,100,89,no,measurement_mismatch:['8.5']!=['8'],tapetech::qb08qsx,737,variation,TT-QUICKBOX-QSX-FINISHING-BOX,QB08-QSX,QB08-QSX,"TapeTech QuickBox® QSX Finishing Box - 8.5""","TapeTech QuickBox® QSX Finishing Box - 8.5""",TapeTech,tapetech,180.19,regular_price,,All-Wall,all_wall,TapeTech,tapetech,"TapeTech 8"" QuickBox QSX Finishing Box",QB08-QSX,174.00,6.19,product_specific,"TapeTech QuickBox QSX 8"" Finishing Box The first finishing box specifically designed to be used with fast-setting joint compounds (hot mud). Combine the speed of same day multi-coat hot mud with ATF flat box consistent finish! The 8” QuickBox™ QSX is the perfect tool for drywallers who prefer to use fast-setting joint compound when embedding the joint tape. The QuickBox™ QSX works with paper tape, fiberglass tape or the new fiber joint tapes. The QuickBox™ QSX can be used for a wide variety of applications - Tape Embed, Nail Spot, Flex Trim Coating, Tight Area, Short Runs, and more. Constructed from advanced space age materials, fast-setting joint compound is easily removed from the finishing box, even hours or days later. The compound literally falls out of the QuickBox™ QSX with a few light taps. QuickBox™ QSX features: A glass-filled polypropylene shell that provides a slick surface with maximum strength and durability. Large wheels to roll easily over any type of gypsum panels Pressure plate that opens completely for easy filling and cleaning. The box can be filled easily with the pump, the compound tube or by hand An optimized blade design that matches the blade with the application, eliminating the need to make adjustments or change crown settings. Tool-free design for ultra-fast blade changes. Works with all TapeTech and major brand finishing box handles, including the Wizard®. Includes two blades"
auto_accept,exact_identity_key,verified_exact_identity,100,95,100,77,yes,,tapetech::ttsfs,660,simple,,TTSFS,TTSFS,TapeTech Standard Full Set - Standard,TapeTech Standard Full Set - Standard,TapeTech,tapetech,4958.00,regular_price,,All-Wall,all_wall,TapeTech,tapetech,TapeTech Standard Full Set TTSFS,TTSFS,4958.00,0.00,product_specific,"TapeTech Standard Full Set TTSFS All the benefits of the Starter Set plus an additional corner finisher head for perfect corner finishing. This TapeTech set is pre-configured with the most popular size options, and is a great choice for any professional drywall finisher. Functions: Applies tape and compound to wall, ceiling and corner joints Finishes joints on walls and ceilings Finishes inside corners of walls and ceilings Finishes dimples created by fasteners Includes: EZ Clean™ Automatic Taper 07TT 10"" EZ Clean™ Flat Box EZ10TT 12"" EZ Clean™ Flat Box EZ12TT Corner Roller 15TTE 2.5"" Corner Finisher 42TT 3"" EZ Roll™ Adjustable Corner Finisher 48TT 8"" Corner Applicator CA08TT Loading Pump 76TT Gooseneck 85TT Flat Box Filler 90TT Corner Finisher Adaptor CFATT 42"" Flat Box Handle 8042TT 2 - Extendable Handles XHTT"
auto_accept,exact_identity_key,verified_exact_identity,100,95,100,86,yes,,tapetech::ttsfs2,658,simple,,TTSFS-2,TTSFS-2,TapeTech Standard Full Set - With 2 Pumps,TapeTech Standard Full Set - With 2 Pumps,TapeTech,tapetech,5357.00,regular_price,,All-Wall,all_wall,TapeTech,tapetech,TapeTech Standard Full Set with 2 Pumps TTSFS-2,TTSFS-2,5357.00,0.00,product_specific,"TapeTech Standard Full Set with 2 Pumps TTSFS-2 All the benefits of the Starter Set plus an extra Bazooka Pump to help you get the job done faster and more efficiently. This TapeTech set is pre-configured with the most popular size options, and is a great choice for any professional drywall finisher. It has everything you need for taping and finishing drywall. Functions: Applies tape and compound to wall, ceiling and corner joints Finishes joints on walls and ceilings Finishes inside corners of walls and ceilings Finishes dimples created by fasteners Includes: EZ Clean™ Automatic Taper 07TT 10"" EZ Clean™ Flat Box EZ10TT 12"" EZ Clean™ Flat Box EZ12TT Corner Roller 15TTE 2.5"" Corner Finisher 42TT 3"" EZ Roll™ Adjustable Corner Finisher 48TT 8"" Corner Applicator CA08TT 2- Loading Pumps 76TT Gooseneck 85TT Flat Box Filler 90TT Corner Finisher Adaptor CFATT 42"" Flat Box Handle 8042TT 2 - Extendable Handles XHTT"
review,high_confidence_fuzzy_title,review_fuzzy,95,92,95,92,yes,,,658,simple,,TTSFS-2,TTSFS-2,TapeTech Standard Full Set - With 2 Pumps,TapeTech Standard Full Set - With 2 Pumps,TapeTech,tapetech,5357.00,regular_price,,Al's Taping Tools,als_taping_tools,TapeTech,tapetech,TapeTech Standard Full Drywall Tool Set w/ Two Pumps,GTTSFS-2,5099.00,258.00,product_specific,Your full set of TapeTech Drywall finishing tools is an excellent choice for drywall professionals. Learn more about this great TapeTech product from Al's Taping Tools.
auto_accept,exact_identity_key,verified_exact_identity,100,90,95,47,yes,,tapetech::fhttcc,739,variation,TT-SUPPORT-HANDLE,FHTT-CC,FHTT-CC,TapeTech Support Handle - Closet Crusher Fiberglass,TapeTech Support Handle - Closet Crusher Fiberglass,TapeTech,tapetech,50.00,regular_price,,Al's Taping Tools,als_taping_tools,,tapetech,"TapeTech Closet Crusher 18"" Support Handle",FHTT-CC,50.00,0.00,product_specific,"TapeTech Closet Crusher 18"" Support Handle"
auto_accept,exact_identity_key,verified_exact_identity,100,79,84,44,yes,,tapetech::fhttcc,739,variation,TT-SUPPORT-HANDLE,FHTT-CC,FHTT-CC,TapeTech Support Handle - Closet Crusher Fiberglass,TapeTech Support Handle - Closet Crusher Fiberglass,TapeTech,tapetech,50.00,regular_price,,All-Wall,all_wall,TapeTech,tapetech,"TapeTech Closet Crusher 18"" Support Handle FHTT-CC",FHTT-CC,50.00,0.00,product_specific,"TapeTech Closet Crusher 18"" Support Handle FHTT-CC The TapeTech Closet Crusher FHTT-CC makes it possible to use corner rollers, angle heads, and corner finishers in the tightest spaces. The base handle FHTT-CC fits all current TapeTech corner rollers, angle boxes, and nail spotters without additional adapters. The optional Corner Finisher Handle Adapter CFA-TT (sold separately) allows you to attach any angle head/corner finisher to the Closet Crusher. Features: 18"" Handle Durable Fiberglass D-Shape Profile Acme Thread"
auto_accept,exact_identity_key,verified_exact_identity,100,85,51,35,yes,,tapetech::xhtt,740,variation,TT-SUPPORT-HANDLE,XHTT,XHTT,TapeTech Support Handle - Extension,TapeTech Support Handle - Extension,TapeTech,tapetech,179.00,regular_price,,Al's Taping Tools,als_taping_tools,TapeTech,tapetech,TapeTech Extendable Interchangeable Handle - XHTT,XHTT,179.00,0.00,product_specific,The TapeTech extendable support handle can be used with a variety of automatic taping tools. Learn more about this great TapeTech product from Al's Taping Tools.
auto_accept,exact_identity_key,verified_exact_identity,100,85,73,48,yes,,tapetech::xhtt,740,variation,TT-SUPPORT-HANDLE,XHTT,XHTT,TapeTech Support Handle - Extension,TapeTech Support Handle - Extension,TapeTech,tapetech,179.00,regular_price,,All-Wall,all_wall,TapeTech,tapetech,TapeTech Interchangeable Extendable Support Handle XHTT,XHTT,179.00,0.00,product_specific,"TapeTech Interchangeable Extendable Support Handle XHTT An interchangeable, extendable handle system that allows one support handle to be used with Corner Rollers, Angle Boxes, Angle Heads, and Nail Spotters! The base handle XHTT fits the corner roller without adapters, as well as the new design corner applicator and nail spotter without adapters. The new, optimal 1.25"" diameter makes TapeTech XHTT handles the most ergonomic in the industry. The XHTT features a D-shaped fitting that securely positions the handle in the Corner Applicator and positively prevents the tool from rotating during use. Features: Single Handle With Attachments For A Variety Of Tools D-Shaped Fitting Eliminates Corner Box Movement Comfortable and Ergonomic Extendable from 43""-77"" Lightweight Only 2.15lbs 1.25"" Diameter Handle Fitments and Adapters: The Corner Applicator Adapter (CAA-TT) The Nail Spotter Adapter (NSA-TT) Corner Finisher/ Angle Head Adapter (CFA-TT) Corner Applicator/ Angle Box Handle Adapter (CAA-TT) Note: If you use your current Nail Spotters with the new handle system you will need to mount the handle in the back holes of the tabs on the Nail Spotter. If you have the current 63TT or 68TT Nail Spotters, you need the FHTT or the XHTT plus the NSA-TT adapter. If you have the current 35TT or 50TT Corner Applicators, you need the FHTT or the XHTT plus the CAA-TT adapter."
auto_accept,exact_identity_key,verified_exact_identity,100,85,100,44,yes,,tapetech::xhtt,740,variation,TT-SUPPORT-HANDLE,XHTT,XHTT,TapeTech Support Handle - Extension,TapeTech Support Handle - Extension,TapeTech,tapetech,179.00,regular_price,,Wall Tools,wall_tools,TapeTech,tapetech,TapeTech Extension Handle,XHTT,179.00,0.00,product_specific,"The TapeTech Extension Handle extends from 44 to 66 inches, features a rust-resistant gold anodize coat, and fits the corner roller, corner applicator and nail spotter without any adapters."
auto_accept,exact_identity_key,verified_exact_identity,100,85,80,53,yes,,tapetech::fhtt,738,variation,TT-SUPPORT-HANDLE,FHTT,FHTT,TapeTech Support Handle - Fiberglass,TapeTech Support Handle - Fiberglass,TapeTech,tapetech,59.00,regular_price,,Al's Taping Tools,als_taping_tools,TapeTech,tapetech,TapeTech Interchangeable Fiberglass Handle - FHTT,FHTT,59.00,0.00,product_specific,The Al's Taping Tools TapeTech FHTT Handle is one handle that will work with TapeTech corner roller and more. Learn more about this great tool!
auto_accept,exact_identity_key,verified_exact_identity,100,85,100,47,yes,,tapetech::fhtt,738,variation,TT-SUPPORT-HANDLE,FHTT,FHTT,TapeTech Support Handle - Fiberglass,TapeTech Support Handle - Fiberglass,TapeTech,tapetech,59.00,regular_price,,All-Wall,all_wall,TapeTech,tapetech,TapeTech Interchangeable Fiberglass Support Handle FHTT,FHTT,59.00,0.00,product_specific,"TapeTech Interchangeable Fiberglass Support Handle FHTT An interchangeable handle system that allows one support handle to be used with Corner Rollers, Angle Boxes, Angle Heads, and Nail Spotters! The base handle FHTT fits the corner roller without adapters, as well as the new design corner applicator and nail spotter without adapters. The new, optimal 1.25"" diameter makes TapeTech FHTT handles the most ergonomic in the industry. The FHTT features a D-shaped fitting that securely positions the handle in the Corner Applicator and positively prevents the tool from rotating during use. Features: Single Handle With Attachments For A Variety Of Tools D-Shaped Fitting Eliminates Corner Box Movement Comfortable and Ergonomic Lightweight Only 1.15lbs 43"" Overall Length 1.25"" Diameter Handle Fitments and Adapters: The Corner Applicator Adapter (CAA-TT) The Nail Spotter Adapter (NSA-TT) Corner Finisher/ Angle Head Adapter (CFA-TT) Corner Applicator/ Angle Box Handle Adapter (CAA-TT) Note: If you use your current Nail Spotters with the new handle system you will need to mount the handle in the back holes of the tabs on the Nail Spotter. If you have the current 63TT or 68TT Nail Spotters, you need the FHTT or the XHTT plus the NSA-TT adapter. If you have the current 35TT or 50TT Corner Applicators, you need the FHTT or the XHTT plus the CAA-TT adapter."
auto_accept,exact_identity_key,verified_exact_identity,100,95,100,47,yes,,tapetech::fhtt,738,variation,TT-SUPPORT-HANDLE,FHTT,FHTT,TapeTech Support Handle - Fiberglass,TapeTech Support Handle - Fiberglass,TapeTech,tapetech,59.00,regular_price,,Wall Tools,wall_tools,TapeTech,tapetech,TapeTech Fiberglass Handle,FHTT,59.00,0.00,product_specific,TapeTech Fiberglass Handle
auto_accept,exact_identity_key,verified_exact_identity,100,83,87,50,yes,,tapetech::caatt,744,variation,TT-SUPPORT-HANDLE-ADAPTER,CAA-TT,CAA-TT,TapeTech Support Handle Adapter - Corner Applicator,TapeTech Support Handle Adapter - Corner Applicator,TapeTech,tapetech,45.00,regular_price,,Al's Taping Tools,als_taping_tools,TapeTech,tapetech,TapeTech Corner Applicator Adapter -  CAA-TT,CAA-TT,42.00,3.00,product_specific,The TapeTech Corner Applicator Adapter is used to attach a TapeTech Angle Box to the new corner tool handles. Check it out!
auto_accept,exact_identity_key,verified_exact_identity,100,59,62,59,yes,,tapetech::caatt,744,variation,TT-SUPPORT-HANDLE-ADAPTER,CAA-TT,CAA-TT,TapeTech Support Handle Adapter - Corner Applicator,TapeTech Support Handle Adapter - Corner Applicator,TapeTech,tapetech,45.00,regular_price,,All-Wall,all_wall,TapeTech,tapetech,TapeTech Angle Box Handle Adapter CAA-TT,CAA-TT,45.00,0.00,product_specific,"The TapeTech CAA-TT retrofits any 35TT or 50TT corner applicator box to the new FHTT & XHT D-Shape handles. The D-Shape locks in, and will not allow box side-to-side movement during use"
auto_accept,exact_identity_key,verified_exact_identity,100,85,100,52,yes,,tapetech::caatt,744,variation,TT-SUPPORT-HANDLE-ADAPTER,CAA-TT,CAA-TT,TapeTech Support Handle Adapter - Corner Applicator,TapeTech Support Handle Adapter - Corner Applicator,TapeTech,tapetech,45.00,regular_price,,Wall Tools,wall_tools,TapeTech,tapetech,TapeTech Corner Applicator Adapter,CAATT,45.00,0.00,product_specific,TapeTech Corner Applicator Adapter
auto_accept,exact_identity_key,verified_exact_identity,100,75,79,46,yes,,tapetech::cfatt,745,variation,TT-SUPPORT-HANDLE-ADAPTER,CFA-TT,CFA-TT,TapeTech Support Handle Adapter - Corner Finisher,TapeTech Support Handle Adapter - Corner Finisher,TapeTech,tapetech,49.00,regular_price,,Al's Taping Tools,als_taping_tools,TapeTech,tapetech,TapeTech Corner Finisher Ball Adapter - CFA-TT,CFA-TT,49.00,0.00,product_specific,TapeTech CFA-TT Corner Finisher Adapter TapeTech CFA-TT is used to attach an angle head to the new XHT & FHTT corner tool handles. Thread into the handle and can be used with any brand of corner finisher.
auto_accept,exact_identity_key,verified_exact_identity,100,85,89,53,yes,,tapetech::cfatt,745,variation,TT-SUPPORT-HANDLE-ADAPTER,CFA-TT,CFA-TT,TapeTech Support Handle Adapter - Corner Finisher,TapeTech Support Handle Adapter - Corner Finisher,TapeTech,tapetech,49.00,regular_price,,All-Wall,all_wall,TapeTech,tapetech,TapeTech Corner Finisher Handle Adapter CFA-TT,CFA-TT,49.00,0.00,product_specific,"The TapeTech CFA-TT Corner Finisher Adapter screws onto the new FHTT & XHTT interchangeable support handles, and allows attachment of any angle head corner finisher."
auto_accept,exact_identity_key,verified_exact_identity,100,85,100,49,yes,,tapetech::cfatt,745,variation,TT-SUPPORT-HANDLE-ADAPTER,CFA-TT,CFA-TT,TapeTech Support Handle Adapter - Corner Finisher,TapeTech Support Handle Adapter - Corner Finisher,TapeTech,tapetech,49.00,regular_price,,Wall Tools,wall_tools,TapeTech,tapetech,TapeTech Corner Finisher Adapter,CFATT,49.00,0.00,product_specific,TapeTech Corner Finisher Adapter CFA-TT
auto_accept,exact_identity_key,verified_exact_identity,100,80,85,61,yes,,tapetech::nsatt,746,variation,TT-SUPPORT-HANDLE-ADAPTER,NSA-TT,NSA-TT,TapeTech Support Handle Adapter - Nail Spotter,TapeTech Support Handle Adapter - Nail Spotter,TapeTech,tapetech,42.12,regular_price,,Al's Taping Tools,als_taping_tools,TapeTech,tapetech,TapeTech Nail Spotter Adapter - NSA-TT,NSA-TT,45.00,-2.88,product_specific,The TapeTech NSA-TT Nail Spotter Adapter allows you to attach older style nail spotters. Learn more!
auto_accept,exact_identity_key,verified_exact_identity,100,84,88,72,yes,,tapetech::nsatt,746,variation,TT-SUPPORT-HANDLE-ADAPTER,NSA-TT,NSA-TT,TapeTech Support Handle Adapter - Nail Spotter,TapeTech Support Handle Adapter - Nail Spotter,TapeTech,tapetech,42.12,regular_price,,All-Wall,all_wall,TapeTech,tapetech,TapeTech Nail Spotter Handle Adapter NSA-TT,NSA-TT,40.00,2.12,product_specific,"The TapeTech NSA-TT Nail Spotter Adapter adapts older style Nail Spotters (Models 60TT, 63TT, 65TT, 68TT) to the new FHTT & XHTT interchangeable handle system."
auto_accept,exact_identity_key,verified_exact_identity,100,87,91,77,yes,,tapetech::8000ttpa,748,variation,TT-WIZARD-COMPACT-FINISHING-BOX-HANDLE,8000TT-PA,8000TT-PA,TapeTech Wizard® Compact Finishing Box Handle - Power Assist,TapeTech Wizard® Compact Finishing Box Handle - Power Assist,TapeTech,tapetech,109.00,regular_price,,Al's Taping Tools,als_taping_tools,TapeTech,tapetech,TapeTech Wizard Compact Handle for Power Assist Boxes,8000TT-PA,109.00,0.00,product_specific,TapeTech Wizard Compact Handle for Power Assist Boxes provides unmatched control. Learn more about this great TapeTech product from Al's Taping Tools.
auto_accept,exact_identity_key,verified_exact_identity,100,73,76,68,yes,,tapetech::8000ttpa,748,variation,TT-WIZARD-COMPACT-FINISHING-BOX-HANDLE,8000TT-PA,8000TT-PA,TapeTech Wizard® Compact Finishing Box Handle - Power Assist,TapeTech Wizard® Compact Finishing Box Handle - Power Assist,TapeTech,tapetech,109.00,regular_price,,All-Wall,all_wall,TapeTech,tapetech,TapeTech Wizard Compact Flat Box Handle 8000TT-PA,8000TT-PA,109.00,0.00,product_specific,"TapeTech Wizard Compact Flat Box Handle 8000TT-PA for Power Assist Boxes BIGGER ISN'T ALWAYS BETTER! ! The New Wizard™ Compact Flat Box Handle lets you take your flat box places it has never been. This model is specially designed for use with TapeTech Power Assist flat boxes. The compact size of the Wizard™ allows you to use your box in tight spaces like closets or under stairs. The Wizard™ gives you unmatched control by placing your hand directly over the pressure plate. The extra leverage gives you more power with less force and is much safer when working on scaffolding. This handle is angled to give you the extra clearance needed on the power assist boxes. This revolutionary design has the ability to reverse the front handle, allowing for multiple hand positions, which reduces worker fatigue. The lack of a brake handle on the Wizard™ means even an unexperienced finisher can learn quickly. Features: Compact size (10.5"") fits where other handles can't, making closets and tight spots no problem. Specially angled to fit on TapeTech Power Assist Flat Boxes Unmatched control and leverage, achieved by placing your hand directly over the pressure plate. Improved ergonomics, including the reversible handle to reduce fatigue."
auto_accept,exact_identity_key,verified_exact_identity,100,85,87,60,yes,,tapetech::8000tt,747,variation,TT-WIZARD-COMPACT-FINISHING-BOX-HANDLE,8000TT,8000TT,TapeTech Wizard® Compact Finishing Box Handle - Standard,TapeTech Wizard® Compact Finishing Box Handle - Standard,TapeTech,tapetech,109.00,regular_price,,Al's Taping Tools,als_taping_tools,TapeTech,tapetech,TapeTech Wizard Flat Box Handle,8000TT,109.00,0.00,product_specific,The TapeTech Wizard short box handle tool gets you into the tight areas with absolute control over flat boxes. Buy this product from Al's Taping Tools today!
auto_accept,exact_identity_key,verified_exact_identity,100,76,80,71,yes,,tapetech::8000tt,747,variation,TT-WIZARD-COMPACT-FINISHING-BOX-HANDLE,8000TT,8000TT,TapeTech Wizard® Compact Finishing Box Handle - Standard,TapeTech Wizard® Compact Finishing Box Handle - Standard,TapeTech,tapetech,109.00,regular_price,,All-Wall,all_wall,TapeTech,tapetech,TapeTech Wizard Compact Flat Box Handle 8000TT,8000TT,109.00,0.00,product_specific,"TapeTech Wizard Compact Flat Box Handle 8000TT BIGGER ISN'T ALWAYS BETTER! ! The New Wizard™ Compact Flat Box Handle lets you take your flat box places it has never been. The compact size of the Wizard™ allows you to use your box in tight spaces like closets or under stairs. The Wizard™ gives you unmatched control by placing your hand directly over the pressure plate. The extra leverage gives you more power with less force and is much safer when working on scaffolding. This revolutionary design has the ability to reverse the front handle, allowing for multiple hand positions, which reduces worker fatigue. The lack of a brake handle on the Wizard™ means even an unexperienced finisher can learn quickly. Features: Compact size (10.5"") fits where other handles can't, making closets and tight spots no problem. Unmatched control and leverage, achieved by placing your hand directly over the pressure plate. Improved ergonomics, including the reversible handle to reduce fatigue. Fits all major brand flat boxes (Excluding TapeWorm)"
auto_accept,exact_identity_key,verified_exact_identity,100,76,80,71,yes,,tapetech::8000tt,747,variation,TT-WIZARD-COMPACT-FINISHING-BOX-HANDLE,8000TT,8000TT,TapeTech Wizard® Compact Finishing Box Handle - Standard,TapeTech Wizard® Compact Finishing Box Handle - Standard,TapeTech,tapetech,109.00,regular_price,,Wall Tools,wall_tools,TapeTech,tapetech,TapeTech Wizard Compact Flat Box Handle (TAPE-8000TT),8000TT,109.00,0.00,quarantined_storefront_boilerplate,
auto_accept,exact_identity_key,verified_exact_identity,100,74,78,49,yes,,tapetech::88tte,719,simple,,88TTE,88TTE,TapeTech XTender Finishing Box Handle,TapeTech XTender Finishing Box Handle,TapeTech,tapetech,378.00,regular_price,,Al's Taping Tools,als_taping_tools,TapeTech,tapetech,TapeTech Flat Box Xtender Handle - 88TTE,88TTE,378.00,0.00,product_specific,"The TapeTech extendable flat box handle is used with flat boxes to apply drywall joint compound. This handle gets as small as 41 inches and telescopes as far as 63"". Buy from Al's Taping Tools today!"
auto_accept,exact_identity_key,verified_exact_identity,100,74,78,70,yes,,tapetech::88tte,719,simple,,88TTE,88TTE,TapeTech XTender Finishing Box Handle,TapeTech XTender Finishing Box Handle,TapeTech,tapetech,378.00,regular_price,,All-Wall,all_wall,TapeTech,tapetech,TapeTech Xtender Flat Box Handle 88TTE,88TTE,378.00,0.00,product_specific,"TapeTech Xtender Flat Box Handle 88TTE Attaches to any of the TapeTech or major brand Finishing Boxes and provides control to cleanly sweep the boxes off the joint for a perfect finish.The TapeTech Xtender Handle is an updated version of the original Concorde Xtender Handle. TapeTech integrated the Brake Anywhere design, and eliminated wear issues related to the pinch brake system. Extendable from 41""- 63"" Works with all Major Brand Finishing Boxes Handle is 1 1/4"" in diameter Brake Anywhere Design"
auto_accept,exact_identity_key,verified_exact_identity,100,83,87,54,yes,,tapetech::88tte,719,simple,,88TTE,88TTE,TapeTech XTender Finishing Box Handle,TapeTech XTender Finishing Box Handle,TapeTech,tapetech,378.00,regular_price,,Wall Tools,wall_tools,TapeTech,tapetech,TapeTech Flat Box Xtender Handle,88TTE,378.00,0.00,product_specific,"TapeTech Flat Box Xtender Handle can extend from 42 to 64 inches, features a gold anodized surface for rust resistance, and allows you greater range from the ground."
