DTB Row,DTB SKU,DTB Brand,DTB Product,DTB Effective Price,DTB Price Basis,DTB Price Warnings,Verified Competitor Count,Review Candidate Count,Lowest Verified Price,Highest Verified Price,Median Verified Price,DTB vs Lowest,DTB vs Median,Recommended Review Status,All-Wall Verified,All-Wall Identity,All-Wall SKU,All-Wall Product,All-Wall Price,All-Wall Price Low,All-Wall Price High,All-Wall Duplicate Count,All-Wall Evidence Quality,Al's Taping Tools Verified,Al's Taping Tools Identity,Al's Taping Tools SKU,Al's Taping Tools Product,Al's Taping Tools Price,Al's Taping Tools Price Low,Al's Taping Tools Price High,Al's Taping Tools Duplicate Count,Al's Taping Tools Evidence Quality,Wall Tools Verified,Wall Tools Identity,Wall Tools SKU,Wall Tools Product,Wall Tools Price,Wall Tools Price Low,Wall Tools Price High,Wall Tools Duplicate Count,Wall Tools Evidence Quality
1,COL-180-GRIP-FLAT-BOX-HANDLE,Columbia Tools,Columbia 180° Grip Flat Box Handle,,missing_price,,0,15,,,,,,Review Required,no,,3BBH,"Columbia 36"" 180-Grip Bent Flat Box Handle",,,,9,review_only,no,,5bbh,"Columbia 60"" 180-Grip Bent Flat Box Handle",,,,2,review_only,no,,BH,Columbia 180 Grip Flat Box Handle,,,,1,review_only
2,COL-ANGLE-HEAD,Columbia Tools,Columbia Angle Head,,missing_price,,0,3,,,,,,Review Required,no,,2AH,"Columbia 2"" Angle Head",,,,1,review_only,no,,,,,,,0,,no,,CF,Columbia Angle Head,,,,0,review_only
3,3BH,Columbia Tools,Columbia 180° Grip Flat Box Handle - 3',189.26,regular_price,,2,6,189.26,189.99,189.62,0.00,-0.36,Verified Market Evidence + Review Candidates,yes,columbia::3bh,3BH,"Columbia 36"" 180-Grip Flat Box Handle",189.99,189.99,189.99,4,verified_exact_identity,yes,columbia::3bh,3BH,"Columbia 36"" 180-Grip Featherweight Flat Box Handle",189.26,189.26,189.26,0,verified_exact_identity,no,,BH,Columbia 180 Grip Flat Box Handle,,,,1,review_only
4,42BH,Columbia Tools,"Columbia 180° Grip Flat Box Handle - 42""",205.49,regular_price,,2,2,205.49,205.99,205.74,0.00,-0.25,Verified Market Evidence + Review Candidates,yes,columbia::42bh,42BH,"Columbia 42"" 180-Grip Flat Box Handle",205.99,205.99,205.99,0,verified_exact_identity,yes,columbia::42bh,42BH,"Columbia 42"" 180-Grip Featherweight Flat Box Handle",205.49,205.49,205.49,0,verified_exact_identity,no,,BH,Columbia 180 Grip Flat Box Handle,,,,1,review_only
5,4BH,Columbia Tools,Columbia 180° Grip Flat Box Handle - 4',210.89,regular_price,,3,5,210.89,210.99,210.89,0.00,0.00,Verified Market Evidence + Review Candidates,yes,columbia::4bh,4BH,"Columbia 48"" 180-Grip Flat Box Handle",210.99,210.99,210.99,4,verified_exact_identity,yes,columbia::4bh,4BH,"Columbia 48"" 180-Grip Featherweight Flat Box Handle",210.89,210.89,210.89,0,verified_exact_identity,yes,columbia::4bh,4BH,Columbia Taping Tools 4 ft. 180 Grip Flat Box Handle,210.89,210.89,210.89,1,verified_exact_identity
6,5BH,Columbia Tools,Columbia 180° Grip Flat Box Handle - 5',221.71,regular_price,,2,6,221.71,221.99,221.85,0.00,-0.14,Verified Market Evidence + Review Candidates,yes,columbia::5bh,5BH,"Columbia 60"" 180-Grip Flat Box Handle",221.99,221.99,221.99,4,verified_exact_identity,yes,columbia::5bh,5BH,"Columbia 60"" 180-Grip Featherweight Flat Box Handle",221.71,221.71,221.71,0,verified_exact_identity,no,,BH,Columbia 180 Grip Flat Box Handle,,,,1,review_only
7,6BH,Columbia Tools,Columbia 180° Grip Flat Box Handle - 6',232.52,regular_price,,2,6,232.52,232.99,232.76,0.00,-0.24,Verified Market Evidence + Review Candidates,yes,columbia::6bh,6BH,"Columbia 72"" 180-Grip Flat Box Handle",232.99,232.99,232.99,4,verified_exact_identity,yes,columbia::6bh,6BH,"Columbia 72"" 180-Grip Featherweight Flat Box Handle",232.52,232.52,232.52,0,verified_exact_identity,no,,BH,Columbia 180 Grip Flat Box Handle,,,,1,review_only
8,2AH,Columbia Tools,"Columbia Angle Head - 2""",410.97,regular_price,,2,1,410.97,410.99,410.98,0.00,-0.01,Verified Market Evidence + Review Candidates,yes,columbia::2ah,2AH,"Columbia 2"" Angle Head",410.99,410.99,410.99,0,verified_exact_identity,yes,columbia::2ah,2AH,"Columbia 2"" Angle Head w/ Wheels",410.97,410.97,410.97,0,verified_exact_identity,no,,CF,Columbia Angle Head,,,,0,review_only
9,2.5AH,Columbia Tools,"Columbia Angle Head - 2.5""",421.79,regular_price,,2,0,421.79,421.99,421.89,0.00,-0.10,Verified Market Evidence,yes,columbia::25ah,2.5AH,"Columbia 2.5"" Angle Head",421.99,421.99,421.99,0,verified_exact_identity,yes,columbia::25ah,2.5AH,"Columbia 2.5"" Angle Head w/ Wheels",421.79,421.79,421.79,0,verified_exact_identity,no,,,,,,,0,
10,3AH,Columbia Tools,"Columbia Angle Head - 3""",443.42,regular_price,,2,1,443.42,443.99,443.70,0.00,-0.28,Verified Market Evidence + Review Candidates,yes,columbia::3ah,3AH,"Columbia 3"" Angle Head",443.99,443.99,443.99,0,verified_exact_identity,yes,columbia::3ah,3AH,"Columbia 3"" Angle Head w/ Wheels",443.42,443.42,443.42,0,verified_exact_identity,no,,CF,Columbia Angle Head,,,,0,review_only
11,COL-AUTOMATIC-FAT-BOY-BOX,Columbia Tools,Columbia Automatic Fat Boy Box,,missing_price,,0,1,,,,,,Review Required,no,,,,,,,0,,no,,,,,,,0,,no,,10FBBA,Columbia 10 in. Automatic Fat Boy Flat Box,,,,0,review_only
12,COL-AUTOMATIC-FLAT-BOX,Columbia Tools,Columbia Automatic Flat Box,,missing_price,,0,0,,,,,,No Match Found,no,,,,,,,0,,no,,,,,,,0,,no,,,,,,,0,
13,3.5AH,Columbia Tools,"Columbia Angle Head - 3.5""",470.80,regular_price,,2,0,454.23,454.99,454.61,16.57,16.19,Verified Market Evidence,yes,columbia::35ah,3.5AH,"Columbia 3.5"" Angle Head",454.99,454.99,454.99,0,verified_exact_identity,yes,columbia::35ah,3.5AH,"Columbia 3.5"" Angle Head w/ Wheels",454.23,454.23,454.23,0,verified_exact_identity,no,,,,,,,0,
14,8FBBA,Columbia Tools,"Columbia Automatic Fat Boy Box - 8""",481.27,regular_price,,2,0,481.27,481.99,481.63,0.00,-0.36,Verified Market Evidence,yes,columbia::8fbba,8FBBA,"Columbia 8"" Fat Boy Automatic Assist Drywall Flat Box",481.99,481.99,481.99,0,verified_exact_identity,yes,columbia::8fbba,8FBBA,"Columbia 8"" Fat Boy Automatic Assist Drywall Flat Box",481.27,481.27,481.27,0,verified_exact_identity,no,,,,,,,0,
15,10FBBA,Columbia Tools,"Columbia Automatic Fat Boy Box - 10""",492.08,regular_price,,3,0,492.08,492.99,492.08,0.00,0.00,Verified Market Evidence,yes,columbia::10fbba,10FBBA,"Columbia 10"" Fat Boy Automatic Assist Drywall Flat Box",492.99,492.99,492.99,0,verified_exact_identity,yes,columbia::10fbba,10FBBA,"Columbia 10""  Automatic Assist Drywall Tool Flat Box",492.08,492.08,492.08,0,verified_exact_identity,yes,columbia::10fbba,10FBBA,Columbia 10 in. Automatic Fat Boy Flat Box,492.08,492.08,492.08,0,verified_exact_identity
16,12FBBA,Columbia Tools,"Columbia Automatic Fat Boy Box - 12""",502.90,regular_price,,2,0,502.90,502.99,502.94,0.00,-0.04,Verified Market Evidence,yes,columbia::12fbba,12FBBA,"Columbia 12"" Fat Boy Automatic Assist Drywall Flat Box",502.99,502.99,502.99,0,verified_exact_identity,yes,columbia::12fbba,12FBBA,"Columbia 12"" Fat Boy Automatic Assist Drywall Flat Box",502.90,502.90,502.90,0,verified_exact_identity,no,,,,,,,0,
17,8FFBA,Columbia Tools,"Columbia Automatic Flat Box - 8""",421.79,regular_price,,2,0,421.99,431.93,426.96,-0.20,-5.17,Verified Market Evidence,yes,columbia::8ffba,8FFBA,"Columbia 8"" Automatic Assist Drywall Flat Box",421.99,421.99,421.99,0,verified_exact_identity,no,,,,,,,0,,yes,columbia::8ffba,8FFBA,Columbia 8 in. Automatic Assist Flat Box,431.93,431.93,431.93,0,verified_exact_identity
18,10FFBA,Columbia Tools,"Columbia Automatic Flat Box - 10""",427.19,regular_price,,2,0,427.19,427.99,427.59,0.00,-0.40,Verified Market Evidence,yes,columbia::10ffba,10FFBA,"Columbia 10"" Automatic Assist Drywall Flat Box",427.99,427.99,427.99,0,verified_exact_identity,no,,,,,,,0,,yes,columbia::10ffba,10FFBA,Columbia 10 in. Automatic Assist Flat Box,427.19,427.19,427.19,0,verified_exact_identity
19,12FFBA,Columbia Tools,"Columbia Automatic Flat Box - 12""",432.60,regular_price,,2,0,432.60,432.99,432.80,0.00,-0.20,Verified Market Evidence,yes,columbia::12ffba,12FFBA,"Columbia 12"" Automatic Assist Drywall Flat Box",432.99,432.99,432.99,0,verified_exact_identity,no,,,,,,,0,,yes,columbia::12ffba,12FFBA,Columbia 12 in. Automatic Assist Flat Box,432.60,432.60,432.60,0,verified_exact_identity
20,14FFBA,Columbia Tools,"Columbia Automatic Flat Box - 14""",438.01,regular_price,,3,0,438.01,438.99,438.01,0.00,0.00,Verified Market Evidence,yes,columbia::14ffba,14FFBA,"Columbia 14"" Automatic Assist Drywall Flat Box",438.99,438.99,438.99,0,verified_exact_identity,yes,columbia::14ffba,14FFBA,"Columbia 14""  Automatic Assist Drywall Flat Box",438.01,438.01,438.01,0,verified_exact_identity,yes,columbia::14ffba,14FFBA,Columbia 14 in. Automatic Assist Flat Box,438.01,438.01,438.01,0,verified_exact_identity
21,COL-AUTOMATIC-TAPER,Columbia Tools,Columbia Automatic Taper,,missing_price,,0,4,,,,,,Review Required,no,,TAPER,Columbia Automatic Taper,,,,0,review_only,no,,TAPER,Columbia Automatic Taper,,,,0,review_only,no,,TAPER,Columbia Automatic Taper,,,,1,review_only
22,COL-BILLET-MUD-APPLICATOR,Columbia Tools,Columbia Billet Mud Applicator,,missing_price,,0,0,,,,,,No Match Found,no,,,,,,,0,,no,,,,,,,0,,no,,,,,,,0,
23,STAPER,Columbia Tools,"Columbia Automatic Taper - Sawed Off 39""",1715.43,regular_price,,3,0,1649.29,1649.29,1649.29,66.14,66.14,Verified Market Evidence,yes,columbia::staper,STAPER,"Columbia ""Sawed Off"" Mini Automatic Taper",1649.29,1649.29,1649.29,0,verified_exact_identity,yes,columbia::staper,STAPER,"Columbia ""Sawed Off"" Mini Automatic Taper",1649.29,1649.29,1649.29,0,verified_exact_identity,yes,columbia::staper,STAPER,Columbia Sawed-Off Automatic Taper,1649.29,1649.29,1649.29,0,verified_exact_identity
24,TAPER,Columbia Tools,"Columbia Automatic Taper - Standard 53""",1715.43,regular_price,,3,0,1649.29,1649.29,1649.29,66.14,66.14,Verified Market Evidence,yes,columbia::taper,TAPER,Columbia Automatic Taper,1649.29,1649.29,1649.29,0,verified_exact_identity,yes,columbia::taper,TAPER,Columbia Automatic Taper,1649.29,1649.29,1649.29,0,verified_exact_identity,yes,columbia::taper,TAPER,Columbia Automatic Taper,1649.29,1649.29,1649.29,0,verified_exact_identity
25,PTAPER,Columbia Tools,Columbia One Predator Taper,2145.46,regular_price,,0,2,,,,,,Review Required,no,columbia::ptaper,PTAPER,Columbia PREDATOR Carbon Fiber Automatic Taper,,,,0,review_only,no,,C1PBODY,Columbia One Predator Taper Body,,,,0,review_only,no,,,,,,,0,
26,ICA2-1,Columbia Tools,"Columbia Billet Mud Applicator - Inside Corner - 2 Wheels - 1""",68.13,regular_price,,3,0,68.13,68.99,68.13,0.00,0.00,Verified Market Evidence,yes,columbia::ica21,ICA2-1,Columbia Inside Corner Applicator 2 Wheels,68.99,68.99,68.99,0,verified_exact_identity,yes,columbia::ica21,ICA2-1,Columbia Inside Corner Applicator 2 Wheels,68.13,68.13,68.13,0,verified_exact_identity,yes,columbia::ica21,ICA2-1,Columbia Inside 90 Corner Applicator 2 Wheels,68.13,68.13,68.13,0,verified_exact_identity
27,ICA4-1,Columbia Tools,"Columbia Billet Mud Applicator - Inside Corner - 4 Wheels - 1""",85.44,regular_price,,3,0,85.43,85.99,85.44,0.01,0.00,Verified Market Evidence,yes,columbia::ica41,ICA4-1,Columbia Inside Corner Applicator 4 Wheels,85.99,85.99,85.99,0,verified_exact_identity,yes,columbia::ica41,ICA4-1,Columbia Inside Corner Applicator 4 Wheels,85.44,85.44,85.44,0,verified_exact_identity,yes,columbia::ica41,ICA4-1,Columbia Inside 90 Corner Applicator 4 Wheels,85.43,85.43,85.43,0,verified_exact_identity
28,ICATW,Columbia Tools,Columbia Billet Mud Applicator - Two-Way Internal Corner - 4 Wheels,116.80,regular_price,,3,0,116.80,116.99,116.80,0.00,0.00,Verified Market Evidence,yes,columbia::icatw,ICATW,Columbia Inside 90° Applicator with Wheels,116.99,116.99,116.99,0,verified_exact_identity,yes,columbia::icatw,ICATW,Columbia Inside 90 Applicator with Wheels,116.80,116.80,116.80,0,verified_exact_identity,yes,columbia::icatw,ICATW,Columbia Two-Way Inside Corner Applicator,116.80,116.80,116.80,0,verified_exact_identity
29,CEXT90,Columbia Tools,Columbia Billet Mud Applicator - External 90,127.62,regular_price,,3,0,127.62,127.99,127.62,0.00,0.00,Verified Market Evidence,yes,columbia::cext90,CEXT90,Columbia Outside 90 Applicator Head,127.99,127.99,127.99,0,verified_exact_identity,yes,columbia::cext90,CEXT90,Columbia Outside 90 Corner Applicator Head,127.62,127.62,127.62,0,verified_exact_identity,yes,columbia::cext90,CEXT90,Columbia Outside 90 Degree Mud Applicator,127.62,127.62,127.62,0,verified_exact_identity
30,CFLT,Columbia Tools,Columbia Billet Mud Applicator - Flat,91.93,regular_price,,3,0,91.93,91.99,91.94,0.00,-0.01,Verified Market Evidence,yes,columbia::cflt,CFLT,Columbia Flat Applicator Head,91.99,91.99,91.99,0,verified_exact_identity,yes,columbia::cflt,CFLT,"Columbia 4"" Flat Applicator Head",91.93,91.93,91.93,0,verified_exact_identity,yes,columbia::cflt,CFLT,Columbia 4 in. Flat Applicator,91.94,91.94,91.94,0,verified_exact_identity
31,COL-BOX-FILLER,Columbia Tools,Columbia Box Filler,,missing_price,,0,2,,,,,,Review Required,no,,,,,,,0,,no,,BF,Columbia Box Filler,,,,0,review_only,no,,BF,Columbia Box Filler,,,,0,review_only
32,COL-CAM-LOCK-TUBE,Columbia Tools,Columbia Cam Lock Tube,,missing_price,,0,0,,,,,,No Match Found,no,,,,,,,0,,no,,,,,,,0,,no,,,,,,,0,
33,COL-COMBO-FLUSHER,Columbia Tools,Columbia Combo Flusher,,missing_price,,0,4,,,,,,Review Required,no,,2.5CSF,"Columbia 2.5"" Combo Flusher",,,,2,review_only,no,,3CSF,Columbia Combo Flusher,,,,0,review_only,no,,,,,,,0,
34,BF,Columbia Tools,Columbia Box Filler - Standard,75.71,regular_price,,3,0,75.71,75.99,75.71,0.00,0.00,Verified Market Evidence,yes,columbia::bf,BF,Columbia Box Filler Fitting,75.99,75.99,75.99,0,verified_exact_identity,yes,columbia::bf,BF,Columbia Box Filler,75.71,75.71,75.71,0,verified_exact_identity,yes,columbia::bf,BF,Columbia Box Filler,75.71,75.71,75.71,0,verified_exact_identity
35,TBBF,Columbia Tools,Columbia Box Filler - Tall Boy,75.71,regular_price,,2,0,75.71,75.99,75.85,0.00,-0.14,Verified Market Evidence,yes,columbia::tbbf,TBBF,Columbia Tall Boy Box Filler,75.99,75.99,75.99,0,verified_exact_identity,no,,,,,,,0,,yes,columbia::tbbf,TBBF,Columbia Tall Boy Box Filler,75.71,75.71,75.71,0,verified_exact_identity
36,CLT24,Columbia Tools,"Columbia Cam Lock Tube - 24""",270.95,regular_price,,1,0,257.99,257.99,257.99,12.96,12.96,Verified Single-Source,yes,columbia::clt24,CLT24,"Columbia 24"" Cam-Lock Compound Mud Tube",257.99,257.99,257.99,0,verified_exact_identity,no,,,,,,,0,,no,,,,,,,0,
37,CLT32,Columbia Tools,"Columbia Cam Lock Tube - 32""",279.72,regular_price,,3,0,268.21,268.99,268.22,11.51,11.50,Verified Market Evidence,yes,columbia::clt32,CLT32,"Columbia 32"" Cam-Lock Compound Mud Tube",268.99,268.99,268.99,0,verified_exact_identity,yes,columbia::clt32,CLT32,"Columbia 32"" Cam-Lock Compound Mud Tube",268.21,268.21,268.21,0,verified_exact_identity,yes,columbia::clt32,CLT32,Columbia 32 in. Cam Lock Compound Mud Tube,268.22,268.22,268.22,0,verified_exact_identity
38,CLT42,Columbia Tools,"Columbia Cam Lock Tube - 42""",297.33,regular_price,,3,0,280.10,280.99,280.11,17.23,17.22,Verified Market Evidence,yes,columbia::clt42,CLT42,"Columbia 42"" Cam-Lock Compound Mud Tube",280.99,280.99,280.99,0,verified_exact_identity,yes,columbia::clt42,CLT42,"Columbia 42"" Cam-Lock Compound Mud Tube",280.11,280.11,280.11,0,verified_exact_identity,yes,columbia::clt42,CLT42,Columbia 42 in. Cam Lock Compound Mud Tube,280.10,280.10,280.10,0,verified_exact_identity
39,CLT55,Columbia Tools,"Columbia Cam Lock Tube - 55""",307.89,regular_price,,2,0,278.10,278.99,278.54,29.79,29.34,Verified Market Evidence,yes,columbia::clt55,CLT55,"Columbia 55"" Cam-Lock Compound Mud Tube",278.99,278.99,278.99,0,verified_exact_identity,yes,columbia::clt55,CLT55,"Columbia 55"" Cam-Lock Compound Mud Tube",278.10,278.10,278.10,0,verified_exact_identity,no,,,,,,,0,
40,2.5CSF,Columbia Tools,"Columbia Combo Flusher - 2.5""",190.27,regular_price,,1,1,163.99,163.99,163.99,26.28,26.28,Verified Single-Source + Review Candidates,yes,columbia::25csf,2.5CSF,"Columbia 2.5"" Combo Flusher",163.99,163.99,163.99,0,verified_exact_identity,no,,3CSF,Columbia Combo Flusher,,,,0,review_only,no,,,,,,,0,
41,COL-COMPOUND-TUBE,Columbia Tools,Columbia Compound Tube,,missing_price,,0,1,,,,,,Review Required,no,,,,,,,0,,no,,,,,,,0,,no,,CMT,Columbia Compound Mud Tube,,,,0,review_only
42,COL-DIRECT-FLUSHER,Columbia Tools,Columbia Direct Flusher,,missing_price,,0,0,,,,,,No Match Found,no,,,,,,,0,,no,,,,,,,0,,no,,,,,,,0,
43,3CSF,Columbia Tools,"Columbia Combo Flusher - 3""",196.25,regular_price,,2,0,163.31,168.99,166.15,32.94,30.10,Verified Market Evidence,yes,columbia::3csf,3CSF,"Columbia 3"" Combo Flusher",168.99,168.99,168.99,0,verified_exact_identity,yes,columbia::3csf,3CSF,Columbia Combo Flusher,163.31,163.31,163.31,0,verified_exact_identity,no,,,,,,,0,
44,3WTCSF,Columbia Tools,"Columbia Combo Flusher - 3"" Widetrack",196.25,regular_price,,0,0,,,,,,No Match Found,no,,,,,,,0,,no,,,,,,,0,,no,,,,,,,0,
45,3.5CSF,Columbia Tools,"Columbia Combo Flusher - 3.5""",202.25,regular_price,,1,1,181.99,181.99,181.99,20.26,20.26,Verified Single-Source + Review Candidates,yes,columbia::35csf,3.5CSF,"Columbia 3.5"" Combo Flusher",181.99,181.99,181.99,0,verified_exact_identity,no,,3CSF,Columbia Combo Flusher,,,,0,review_only,no,,,,,,,0,
46,CMT24,Columbia Tools,"Columbia Compound Tube - 24""",197.91,regular_price,,2,0,197.91,197.99,197.95,0.00,-0.04,Verified Market Evidence,yes,columbia::cmt24,CMT24,"Columbia 24"" Compound Mud Tube",197.99,197.99,197.99,0,verified_exact_identity,yes,columbia::cmt24,CMT24,"Columbia 24"" Drywall Corner Finishing Compound Mud Tube",197.91,197.91,197.91,0,verified_exact_identity,no,,,,,,,0,
47,CMT32,Columbia Tools,"Columbia Compound Tube - 32""",208.73,regular_price,,2,0,208.73,208.99,208.86,0.00,-0.13,Verified Market Evidence,yes,columbia::cmt32,CMT32,"Columbia 32"" Compound Mud Tube",208.99,208.99,208.99,0,verified_exact_identity,yes,columbia::cmt32,CMT32,"Columbia 32"" Drywall Corner Finishing Compound Mud Tube",208.73,208.73,208.73,0,verified_exact_identity,no,,,,,,,0,
48,CMT42,Columbia Tools,"Columbia Compound Tube - 42""",221.71,regular_price,,2,0,221.71,221.99,221.85,0.00,-0.14,Verified Market Evidence,yes,columbia::cmt42,CMT42,"Columbia 42"" Compound Mud Tube",221.99,221.99,221.99,0,verified_exact_identity,yes,columbia::cmt42,CMT42,"Columbia 42"" Drywall Corner Finishing Compound Mud Tube",221.71,221.71,221.71,0,verified_exact_identity,no,,,,,,,0,
49,CMT55,Columbia Tools,"Columbia Compound Tube - 55""",232.52,regular_price,,1,0,232.99,232.99,232.99,-0.47,-0.47,Verified Single-Source,yes,columbia::cmt55,CMT55,"Columbia 55"" Compound Mud Tube",232.99,232.99,232.99,0,verified_exact_identity,no,,,,,,,0,,no,,,,,,,0,
50,2.5DF,Columbia Tools,"Columbia Direct Flusher - 2.5""",127.62,regular_price,,2,0,127.62,127.99,127.80,0.00,-0.18,Verified Market Evidence,yes,columbia::25df,2.5DF,"Columbia 2.5"" Direct Corner Flusher",127.99,127.99,127.99,0,verified_exact_identity,yes,columbia::25df,2.5DF,"Columbia Taping Tools 2.5"" Direct Drywall Corner Flusher",127.62,127.62,127.62,0,verified_exact_identity,no,,,,,,,0,
51,COL-FAT-BOY-FLAT-BOX,Columbia Tools,Columbia Fat Boy Flat Box,,missing_price,,0,3,,,,,,Review Required,no,,10FBB,"Columbia 10"" Fat Boy Flat Box",,,,2,review_only,no,,,,,,,0,,no,,,,,,,0,
52,3DF,Columbia Tools,"Columbia Direct Flusher - 3""",133.02,regular_price,,2,0,130.99,133.02,132.00,2.03,1.02,Verified Market Evidence,yes,columbia::3df,3DF,"Columbia 3"" Direct Corner Flusher",130.99,130.99,130.99,0,verified_exact_identity,yes,columbia::3df,3DF,"Columbia Taping Tools 3"" Direct Drywall Corner Flusher",133.02,133.02,133.02,0,verified_exact_identity,no,,,,,,,0,
53,3WTDF,Columbia Tools,"Columbia Direct Flusher - 3"" Widetrack",140.60,regular_price,,2,0,115.00,140.99,128.00,25.60,12.60,Verified Market Evidence,yes,columbia::3wtdf,3WTDF,"Columbia 3"" Widetrack Direct Corner Flusher",140.99,140.99,140.99,0,verified_exact_identity,yes,columbia::3wtdf,3WTDF,"Columbia Taping Tools 3"" Widetrack Direct Drywall Corner Flusher",115.00,115.00,115.00,0,verified_exact_identity,no,,,,,,,0,
54,3.5DF,Columbia Tools,"Columbia Direct Flusher - 3.5""",146.00,regular_price,,2,0,146.00,146.00,146.00,0.00,0.00,Verified Market Evidence,yes,columbia::35df,3.5DF,"Columbia 3.5"" Direct Corner Flusher",146.00,146.00,146.00,0,verified_exact_identity,yes,columbia::35df,3.5DF,"Columbia Taping Tools 3.5"" Direct Drywall Corner Flusher with Wheels",146.00,146.00,146.00,0,verified_exact_identity,no,,,,,,,0,
55,4DF,Columbia Tools,"Columbia Direct Flusher - 4""",151.41,regular_price,,0,0,,,,,,No Match Found,no,,,,,,,0,,no,,,,,,,0,,no,,,,,,,0,
56,5.5FBB,Columbia Tools,"Columbia Fat Boy Flat Box - 5.5""",384.39,regular_price,,0,0,,,,,,No Match Found,no,,,,,,,0,,no,,,,,,,0,,no,,,,,,,0,
57,8FBB,Columbia Tools,"Columbia Fat Boy Flat Box - 8""",443.42,regular_price,,1,1,443.99,443.99,443.99,-0.57,-0.57,Verified Single-Source + Review Candidates,yes,columbia::8fbb,8FBB,"Columbia 8"" Fat Boy Flat Box",443.99,443.99,443.99,0,verified_exact_identity,no,columbia::8fbb,8FBB,"Columbia 8"" Fat Boy Drywall Flat Finishing Box",,,,0,review_only,no,,,,,,,0,
58,10FBB,Columbia Tools,"Columbia Fat Boy Flat Box - 10""",454.23,regular_price,,1,1,454.99,454.99,454.99,-0.76,-0.76,Verified Single-Source + Review Candidates,yes,columbia::10fbb,10FBB,"Columbia 10"" Fat Boy Flat Box",454.99,454.99,454.99,0,verified_exact_identity,no,columbia::10fbb,10FBB,"Columbia 10"" Fat Boy Drywall Flat Finishing Box",,,,0,review_only,no,,,,,,,0,
59,12FBB,Columbia Tools,"Columbia Fat Boy Flat Box - 12""",465.05,regular_price,,1,1,465.99,465.99,465.99,-0.94,-0.94,Verified Single-Source + Review Candidates,yes,columbia::12fbb,12FBB,"Columbia 12"" Fat Boy Flat Box",465.99,465.99,465.99,0,verified_exact_identity,no,columbia::12fbb,12FBB,"Columbia 12"" Fat Boy Drywall Flat Finishing Box",,,,0,review_only,no,,,,,,,0,
60,COL-FLAT-FINISHER-BOX,Columbia Tools,Columbia Flat Finisher Box,,missing_price,,0,2,,,,,,Review Required,no,,,,,,,0,,no,,5.5FFB,"Columbia 5.5"" Drywall Flat Finisher Box",,,,1,review_only,no,,,,,,,0,
61,COL-GOOSENECK,Columbia Tools,Columbia Gooseneck,,missing_price,,0,3,,,,,,Review Required,no,,GN,Columbia Gooseneck,,,,0,review_only,no,,GN,Columbia Gooseneck,,,,0,review_only,no,,GN,Columbia Gooseneck,,,,0,review_only
62,5.5FFB,Columbia Tools,"Columbia Flat Finisher Box - 5.5""",367.71,regular_price,,2,0,367.71,367.99,367.85,0.00,-0.14,Verified Market Evidence,yes,columbia::55ffb,5.5FFB,"Columbia 5.5"" Flat Finishing Box",367.99,367.99,367.99,0,verified_exact_identity,yes,columbia::55ffb,5.5FFB,"Columbia 5.5"" Drywall Flat Finisher Box",367.71,367.71,367.71,0,verified_exact_identity,no,,,,,,,0,
63,7FFB,Columbia Tools,"Columbia Flat Finisher Box - 7""",378.53,regular_price,,2,0,378.53,378.99,378.76,0.00,-0.23,Verified Market Evidence,yes,columbia::7ffb,7FFB,"Columbia 7"" Flat Finishing Box",378.99,378.99,378.99,0,verified_exact_identity,yes,columbia::7ffb,7FFB,Columbia Drywall Taping Tools 7” Hinged Flat Finisher Box,378.53,378.53,378.53,0,verified_exact_identity,no,,,,,,,0,
64,8FFB,Columbia Tools,"Columbia Flat Finisher Box - 8""",389.34,regular_price,,2,0,389.34,389.99,389.66,0.00,-0.32,Verified Market Evidence,yes,columbia::8ffb,8FFB,"Columbia 8"" Flat Finishing Box",389.99,389.99,389.99,0,verified_exact_identity,yes,columbia::8ffb,8FFB,"Columbia 8"" Drywall Flat Finisher Box",389.34,389.34,389.34,0,verified_exact_identity,no,,,,,,,0,
65,10FFB,Columbia Tools,"Columbia Flat Finisher Box - 10""",400.16,regular_price,,3,0,400.16,400.99,400.16,0.00,0.00,Verified Market Evidence,yes,columbia::10ffb,10FFB,"Columbia 10"" Flat Finishing Box",400.99,400.99,400.99,0,verified_exact_identity,yes,columbia::10ffb,10FFB,"Columbia 10"" Drywall Flat Finishing Box",400.16,400.16,400.16,0,verified_exact_identity,yes,columbia::10ffb,10FFB,Columbia 10 in. Quick Clean Flat Box,400.16,400.16,400.16,0,verified_exact_identity
66,12FFB,Columbia Tools,"Columbia Flat Finisher Box - 12""",410.97,regular_price,,3,0,410.97,410.99,410.97,0.00,0.00,Verified Market Evidence,yes,columbia::12ffb,12FFB,"Columbia 12"" Flat Finishing Box",410.99,410.99,410.99,0,verified_exact_identity,yes,columbia::12ffb,12FFB,"Columbia 12"" Drywall Flat Finishing Box",410.97,410.97,410.97,0,verified_exact_identity,yes,columbia::12ffb,12FFB,Columbia 12 in. Quick Clean Flat Box,410.97,410.97,410.97,0,verified_exact_identity
67,14FFB,Columbia Tools,"Columbia Flat Finisher Box - 14""",421.79,regular_price,,2,0,421.79,421.99,421.89,0.00,-0.10,Verified Market Evidence,yes,columbia::14ffb,14FFB,"Columbia 14"" Flat Finishing Box",421.99,421.99,421.99,0,verified_exact_identity,yes,columbia::14ffb,14FFB,"Columbia 14"" Drywall Flat Finishing Box",421.79,421.79,421.79,0,verified_exact_identity,no,,,,,,,0,
68,GN,Columbia Tools,Columbia Gooseneck - Standard,100.42,regular_price,,3,0,108.15,108.99,108.15,-7.73,-7.73,Verified Market Evidence,yes,columbia::gn,GN,Columbia Gooseneck,108.99,108.99,108.99,0,verified_exact_identity,yes,columbia::gn,GN,Columbia Gooseneck,108.15,108.15,108.15,0,verified_exact_identity,yes,columbia::gn,GN,Columbia Gooseneck,108.15,108.15,108.15,0,verified_exact_identity
69,TBGN,Columbia Tools,Columbia Gooseneck - Tall Boy,146.00,regular_price,,3,0,146.00,146.00,146.00,0.00,0.00,Verified Market Evidence,yes,columbia::tbgn,TBGN,Columbia Tall Boy Gooseneck,146.00,146.00,146.00,0,verified_exact_identity,yes,columbia::tbgn,TBGN,Columbia Tall Boy Gooseneck,146.00,146.00,146.00,0,verified_exact_identity,yes,columbia::tbgn,TBGN,Columbia Tall Boy Gooseneck,146.00,146.00,146.00,0,verified_exact_identity
70,COL-HOT-MUD-PUMP,Columbia Tools,Columbia Hot Mud Pump,,missing_price,,0,1,,,,,,Review Required,no,,,,,,,0,,no,,HMP,Columbia Hot Mud Pump,,,,0,review_only,no,,,,,,,0,
71,COL-MATRIX-FLAT-BOX-HANDLE,Columbia Tools,Columbia Matrix Flat Box Handle,,missing_price,,0,3,,,,,,Review Required,no,,,,,,,0,,no,,,,,,,0,,no,,MH,Columbia Matrix Flat Box Handle,,,,2,review_only
72,COL-NAIL-SPOTTER,Columbia Tools,Columbia Nail Spotter,,missing_price,,0,2,,,,,,Review Required,no,,,,,,,0,,no,,2NS,"Columbia Taping Tools 2"" Nail Spotter",,,,0,review_only,no,,NS,Columbia Nail Spotter,,,,0,review_only
73,HMP,Columbia Tools,Columbia Hot Mud Pump - Standard,410.97,regular_price,,3,0,410.97,410.99,410.97,0.00,0.00,Verified Market Evidence,yes,columbia::hmp,HMP,Columbia Loading Pump,410.99,410.99,410.99,0,verified_exact_identity,yes,columbia::hmp,HMP,Columbia Hot Mud Pump,410.97,410.97,410.97,0,verified_exact_identity,yes,columbia::hmp,HMP,Columbia Quick Clean Mud Pump,410.97,410.97,410.97,0,verified_exact_identity
74,TBMP,Columbia Tools,Columbia Hot Mud Pump - Tall Boy,540.03,regular_price,,3,0,492.07,492.99,492.08,47.96,47.95,Verified Market Evidence,yes,columbia::tbmp,TBMP,Columbia Tall Boy Loading Pump,492.99,492.99,492.99,0,verified_exact_identity,yes,columbia::tbmp,TBMP,Columbia Tall Boy Loading Pump,492.08,492.08,492.08,0,verified_exact_identity,yes,columbia::tbmp,TBMP,Columbia Tall Boy Mud Pump,492.07,492.07,492.07,0,verified_exact_identity
75,HMP-C,Columbia Tools,Columbia Hot Mud Pump - CDN,380.00,regular_price,,0,1,,,,,,Review Required,no,,,,,,,0,,no,,HMP,Columbia Hot Mud Pump,,,,0,review_only,no,,,,,,,0,
76,MHS,Columbia Tools,"Columbia Matrix Flat Box Handle - 29""-39""",375.00,regular_price,,3,1,340.67,340.99,340.67,34.33,34.33,Verified Market Evidence + Review Candidates,yes,columbia::mhs,MHS,Columbia MATRIX Extendable Short Flat Box Handle,340.99,340.99,340.99,0,verified_exact_identity,yes,columbia::mhs,MHS,"Columbia Short Matrix Flat Box Handle 29""-39""",340.67,340.67,340.67,0,verified_exact_identity,yes,columbia::mhs,MHS,Columbia Matrix Short Flat Box Handle,340.67,340.67,340.67,1,verified_exact_identity
77,MH,Columbia Tools,"Columbia Matrix Flat Box Handle - 40""-60""",409.00,regular_price,,3,0,351.49,351.99,351.49,57.51,57.51,Verified Market Evidence,yes,columbia::mh,MH,Columbia MATRIX Extendable Flat Box Handle,351.99,351.99,351.99,0,verified_exact_identity,yes,columbia::mh,MH,Columbia MATRIX Extendable Flat Box Handle,351.49,351.49,351.49,0,verified_exact_identity,yes,columbia::mh,MH,Columbia Matrix Flat Box Handle,351.49,351.49,351.49,0,verified_exact_identity
78,MHL,Columbia Tools,"Columbia Matrix Flat Box Handle - 56""-76""",495.00,regular_price,,3,1,373.12,373.99,373.12,121.88,121.88,Verified Market Evidence + Review Candidates,yes,columbia::mhl,MHL,Columbia MATRIX XL Extendable Flat Box Handle,373.99,373.99,373.99,0,verified_exact_identity,yes,columbia::mhl,MHL,"Columbia Matrix Long Extendable Drywall Flat Box Handle 56"" to 76""",373.12,373.12,373.12,0,verified_exact_identity,yes,columbia::mhl,MHL,Columbia Matrix Long Flat Box Handle,373.12,373.12,373.12,1,verified_exact_identity
79,2NS,Columbia Tools,"Columbia Nail Spotter - 2""",324.00,regular_price,,2,1,297.41,297.99,297.70,26.59,26.30,Verified Market Evidence + Review Candidates,yes,columbia::2ns,2NS,"Columbia Taping Tools 2"" Hinged Nail Spotter Head Only",297.99,297.99,297.99,0,verified_exact_identity,yes,columbia::2ns,2NS,"Columbia Taping Tools 2"" Nail Spotter",297.41,297.41,297.41,0,verified_exact_identity,no,,NS,Columbia Nail Spotter,,,,0,review_only
80,3NS,Columbia Tools,"Columbia Nail Spotter - 3""",324.00,regular_price,,2,1,308.23,308.99,308.61,15.77,15.39,Verified Market Evidence + Review Candidates,yes,columbia::3ns,3NS,"Columbia Taping Tools 3"" Hinged Nail Spotter Head Only",308.99,308.99,308.99,0,verified_exact_identity,yes,columbia::3ns,3NS,"Columbia Taping Tools 3"" Hinged Nail Spotter",308.23,308.23,308.23,0,verified_exact_identity,no,,NS,Columbia Nail Spotter,,,,0,review_only
81,COL-ONE-HANDLE,Columbia Tools,Columbia One Handle,,missing_price,,0,2,,,,,,Review Required,no,,C1H,Columbia ONE Handle,,,,0,review_only,no,,C1H,Columbia ONE Handle,,,,0,review_only,no,,,,,,,0,
82,COL-OUTSIDE-CORNER-ROLLER,Columbia Tools,Columbia Outside Corner Roller,,missing_price,,0,2,,,,,,Review Required,no,,COBCR,Columbia 90° Outside Bead Corner Roller,,,,0,review_only,no,,S9-9UPQ-2CZX,Columbia Taping Tools Drywall Outside Corner Bead Roller,,,,0,review_only,no,,,,,,,0,
83,C1HEXT,Columbia Tools,Columbia One Handle - Extendable 3'-5',135.45,regular_price,,3,0,135.18,135.99,135.19,0.27,0.26,Verified Market Evidence,yes,columbia::c1hext,C1HEXT,Columbia ONE Extendable Handle,135.99,135.99,135.99,0,verified_exact_identity,yes,columbia::c1hext,C1HEXT,Columbia ONE Extendable Handle 3'-5',135.19,135.19,135.19,0,verified_exact_identity,yes,columbia::c1hext,C1HEXT,Columbia 3-5 ft. Extendable Columbia One Handle,135.18,135.18,135.18,0,verified_exact_identity
84,CHXL,Columbia Tools,Columbia One Handle - Long Extendable 4'-8',174.49,regular_price,,2,0,173.03,173.99,173.51,1.46,0.98,Verified Market Evidence,yes,columbia::chxl,CHXL,Columbia Extendable Roller Handle 4'-8',173.99,173.99,173.99,0,verified_exact_identity,no,,,,,,,0,,yes,columbia::chxl,CHXL,Columbia 4-8 ft. Extendable Handle,173.03,173.03,173.03,0,verified_exact_identity
85,C1HS,Columbia Tools,Columbia One Handle - Stubby,49.44,regular_price,,1,0,49.44,49.44,49.44,0.00,0.00,Verified Single-Source,yes,columbia::c1hs,C1HS,Columbia One Handle Stubby C1HS,49.44,49.44,49.44,0,verified_exact_identity,no,,,,,,,0,,no,,,,,,,0,
86,C1H,Columbia Tools,Columbia One Handle - Fixed,64.89,regular_price,,3,0,64.88,64.99,64.89,0.01,0.00,Verified Market Evidence,yes,columbia::c1h,C1H,Columbia ONE Handle,64.99,64.99,64.99,0,verified_exact_identity,yes,columbia::c1h,C1H,Columbia ONE Handle,64.89,64.89,64.89,0,verified_exact_identity,yes,columbia::c1h,C1H,Columbia 4 ft. Columbia One Handle,64.88,64.88,64.88,0,verified_exact_identity
87,COBCR,Columbia Tools,Columbia Outside Corner Roller - Standard,86.52,regular_price,,3,0,86.52,87.00,86.52,0.00,0.00,Verified Market Evidence,yes,columbia::cobcr,COBCR,Columbia 90° Outside Bead Corner Roller,87.00,87.00,87.00,0,verified_exact_identity,yes,columbia::cobcr,COBCR,Columbia Taping Tools Standard Outside 90 Corner Bead Roller,86.52,86.52,86.52,0,verified_exact_identity,yes,columbia::cobcr,COBCR,Columbia Outside 90 Degree Bead Roller,86.52,86.52,86.52,0,verified_exact_identity
88,CBNCR,Columbia Tools,Columbia Outside Corner Roller - Bullnose,86.52,regular_price,,3,0,86.52,90.06,87.00,0.00,-0.48,Verified Market Evidence,yes,columbia::cbncr,CBNCR,Columbia Outside Bullnose Corner Roller,87.00,87.00,87.00,0,verified_exact_identity,yes,columbia::cbncr,CBNCR,Columbia Outside Bullnose Corner Roller,86.52,86.52,86.52,0,verified_exact_identity,yes,columbia::cbncr,CBNCR,Columbia Outside Bullnose Bead Roller,90.06,90.06,90.06,0,verified_exact_identity
89,COBCRE,Columbia Tools,Columbia Outside Corner Roller - European,79.06,regular_price,,0,0,,,,,,No Match Found,no,,,,,,,0,,no,,,,,,,0,,no,,,,,,,0,
90,COBCRW,Columbia Tools,Columbia Outside Corner Roller - Wide,86.52,regular_price,,2,0,86.52,87.00,86.76,0.00,-0.24,Verified Market Evidence,yes,columbia::cobcrw,COBCRW,Columbia Tools Wide Outside Bead Roller,87.00,87.00,87.00,0,verified_exact_identity,yes,columbia::cobcrw,COBCRW,Columbia Taping Tools Superwide Outside 90 Corner Bead Roller,86.52,86.52,86.52,0,verified_exact_identity,no,,,,,,,0,
91,COL-PREDATOR-MATRIX-HANDLE,Columbia Tools,Columbia Predator Matrix Handle,,missing_price,,0,0,,,,,,No Match Found,no,,,,,,,0,,no,,,,,,,0,,no,,,,,,,0,
92,COL-PREDATOR-ONE-HANDLE,Columbia Tools,Columbia Predator One Handle,,missing_price,,0,0,,,,,,No Match Found,no,,,,,,,0,,no,,,,,,,0,,no,,,,,,,0,
93,COL-STANDARD-FLUSHER,Columbia Tools,Columbia Standard Flusher,,missing_price,,0,0,,,,,,No Match Found,no,,,,,,,0,,no,,,,,,,0,,no,,,,,,,0,
94,PMHS,Columbia Tools,"Columbia Predator Matrix Handle - Short 29""-39""",384.00,regular_price,,0,0,,,,,,No Match Found,no,,,,,,,0,,no,,,,,,,0,,no,,,,,,,0,
95,PMH,Columbia Tools,"Columbia Predator Matrix Handle - 40""-60""",418.00,regular_price,,0,0,,,,,,No Match Found,no,,,,,,,0,,no,,,,,,,0,,no,,,,,,,0,
96,PMHL,Columbia Tools,"Columbia Predator Matrix Handle - Long 56""-76""",503.00,regular_price,,0,0,,,,,,No Match Found,no,,,,,,,0,,no,,,,,,,0,,no,,,,,,,0,
97,PC1HEXT,Columbia Tools,Columbia Predator One Handle - Extendable 3'-5',169.70,regular_price,,1,0,160.27,160.27,160.27,9.43,9.43,Verified Single-Source,no,,,,,,,0,,yes,columbia::pc1hext,PC1HEXT,Columbia Predator One Extendable Carbon Fiber Handle (3-5'),160.27,160.27,160.27,0,verified_exact_identity,no,,,,,,,0,
98,PC1H,Columbia Tools,Columbia Predator One Handle - 4' Fixed,95.79,regular_price,,1,0,95.79,95.79,95.79,0.00,0.00,Verified Single-Source,no,,,,,,,0,,yes,columbia::pc1h,PC1H,Columbia Predator One Carbon Fiber Handle,95.79,95.79,95.79,0,verified_exact_identity,no,,,,,,,0,
99,PCHXL,Columbia Tools,Columbia Predator One Handle - Long Extendable 4'-8',216.15,regular_price,,0,0,,,,,,No Match Found,no,,,,,,,0,,no,,,,,,,0,,no,,,,,,,0,
100,2.5SF,Columbia Tools,"Columbia Standard Flusher - 2.5""",116.80,regular_price,,2,0,116.80,116.99,116.90,0.00,-0.10,Verified Market Evidence,yes,columbia::25sf,2.5SF,"Columbia 2.5"" Standard Corner Flusher",116.99,116.99,116.99,0,verified_exact_identity,yes,columbia::25sf,2.5SF,"Columbia Taping Tools 2.5"" Standard Drywall Corner Flusher with Wheels",116.80,116.80,116.80,0,verified_exact_identity,no,,,,,,,0,
101,COL-THROTTLE-CORNER-FLUSHER-BOX,Columbia Tools,Columbia Throttle Corner Flusher Box,,missing_price,,0,0,,,,,,No Match Found,no,,,,,,,0,,no,,,,,,,0,,no,,,,,,,0,
102,3SF,Columbia Tools,"Columbia Standard Flusher - 3""",122.21,regular_price,,2,0,122.21,122.99,122.60,0.00,-0.39,Verified Market Evidence,yes,columbia::3sf,3SF,"Columbia 3"" Standard Corner Flusher",122.99,122.99,122.99,0,verified_exact_identity,yes,columbia::3sf,3SF,"Columbia Taping Tools 3"" Standard Drywall Corner Flusher with Wheels",122.21,122.21,122.21,0,verified_exact_identity,no,,,,,,,0,
103,3WTSF,Columbia Tools,"Columbia Standard Flusher - 3"" Widetrack",127.62,regular_price,,1,0,127.99,127.99,127.99,-0.37,-0.37,Verified Single-Source,yes,columbia::3wtsf,3WTSF,"Columbia 3"" Widetrack Standard Corner Flusher",127.99,127.99,127.99,0,verified_exact_identity,no,,,,,,,0,,no,,,,,,,0,
104,3.5SF,Columbia Tools,"Columbia Standard Flusher - 3.5""",133.02,regular_price,,2,0,133.02,133.99,133.50,0.00,-0.48,Verified Market Evidence,yes,columbia::35sf,3.5SF,"Columbia 3.5"" Standard Corner Flusher",133.99,133.99,133.99,0,verified_exact_identity,yes,columbia::35sf,3.5SF,"Columbia Taping Tools 3.5"" Standard Drywall Corner Flusher with Wheels",133.02,133.02,133.02,0,verified_exact_identity,no,,,,,,,0,
105,4SF,Columbia Tools,"Columbia Standard Flusher - 4""",140.60,regular_price,,1,0,140.60,140.60,140.60,0.00,0.00,Verified Single-Source,no,,,,,,,0,,yes,columbia::4sf,4SF,"Columbia Taping Tools 4"" Standard Drywall Corner Flusher with Wheels",140.60,140.60,140.60,0,verified_exact_identity,no,,,,,,,0,
106,7CFB,Columbia Tools,"Columbia Throttle Corner Flusher Box - 7""",313.64,regular_price,,2,0,313.64,313.99,313.82,0.00,-0.18,Verified Market Evidence,yes,columbia::7cfb,7CFB,"Columbia 7"" ThrottleBox Angle Box 7CFB",313.99,313.99,313.99,0,verified_exact_identity,yes,columbia::7cfb,7CFB,"Columbia 7"" ThrottleBox Angle Box",313.64,313.64,313.64,0,verified_exact_identity,no,,,,,,,0,
107,8CFB,Columbia Tools,"Columbia Throttle Corner Flusher Box - 8""",334.37,regular_price,,2,0,324.45,324.99,324.72,9.92,9.65,Verified Market Evidence,yes,columbia::8cfb,8CFB,"Columbia 8"" ThrottleBox Angle Box 8CFB",324.99,324.99,324.99,0,verified_exact_identity,yes,columbia::8cfb,8CFB,"Columbia 8"" ThrottleBox Angle Box",324.45,324.45,324.45,0,verified_exact_identity,no,,,,,,,0,
108,TCS,Columbia Tools,Columbia Semi-Automatic Tool Case,203.50,regular_price,,1,0,210.99,210.99,210.99,-7.49,-7.49,Verified Single-Source,yes,columbia::tcs,TCS,Columbia Semi-Automatic Tool Case,210.99,210.99,210.99,0,verified_exact_identity,no,,,,,,,0,,no,,,,,,,0,
109,RC,Columbia Tools,Columbia Road Case,1020.16,regular_price,,2,0,1020.16,1020.99,1020.58,0.00,-0.42,Verified Market Evidence,yes,columbia::rc,RC,Columbia Road Case,1020.99,1020.99,1020.99,0,verified_exact_identity,yes,columbia::rc,RC,Columbia Road Case,1020.16,1020.16,1020.16,0,verified_exact_identity,no,,,,,,,0,
110,COL-UHMW-MUD-APPLICATOR,Columbia Tools,Columbia UHMW Mud Applicator,,missing_price,,0,0,,,,,,No Match Found,no,,,,,,,0,,no,,,,,,,0,,no,,,,,,,0,
111,FMH,Columbia Tools,Columbia UHMW Mud Applicator - L-Trim,98.00,regular_price,,2,0,91.93,91.99,91.96,6.07,6.04,Verified Market Evidence,yes,columbia::fmh,FMH,Columbia L-Trim Mud Applicator Head,91.99,91.99,91.99,0,verified_exact_identity,yes,columbia::fmh,FMH,Columbia L-Trim Mud Applicator Head FMH,91.93,91.93,91.93,0,verified_exact_identity,no,,,,,,,0,
112,IA90,Columbia Tools,Columbia UHMW Mud Applicator - Inside 90°,98.00,regular_price,,3,0,91.93,91.99,91.93,6.07,6.07,Verified Market Evidence,yes,columbia::ia90,IA90,Columbia Inside 90 Mud Applicator Head,91.99,91.99,91.99,0,verified_exact_identity,yes,columbia::ia90,IA90,Columbia 90 Inside Corner Mud Head,91.93,91.93,91.93,0,verified_exact_identity,yes,columbia::ia90,IA90,Columbia Inside 90 Mud Head,91.93,91.93,91.93,0,verified_exact_identity
113,OA90,Columbia Tools,Columbia UHMW Mud Applicator - Outside 90°,98.00,regular_price,,3,0,91.93,91.99,91.93,6.07,6.07,Verified Market Evidence,yes,columbia::oa90,OA90,Columbia Tools Drywall Outside Corner Bead Mud Applicator,91.99,91.99,91.99,0,verified_exact_identity,yes,columbia::oa90,OA90,Columbia Tools Drywall Outside Corner Bead Mud Applicator,91.93,91.93,91.93,0,verified_exact_identity,yes,columbia::oa90,OA90,Columbia Outside 90 Mud Head,91.93,91.93,91.93,0,verified_exact_identity
114,OA90-325,Columbia Tools,Columbia UHMW Mud Applicator - Outside 90° 325,91.93,regular_price,,0,0,,,,,,No Match Found,no,,,,,,,0,,no,,,,,,,0,,no,,,,,,,0,
115,SACS,Columbia Tools,Columbia Commando Set,1157.93,regular_price,,1,0,1157.93,1157.93,1157.93,0.00,0.00,Verified Single-Source,no,,,,,,,0,,no,,,,,,,0,,yes,columbia::sacs,SACS,Columbia Semi Automatic Commando Set,1157.93,1157.93,1157.93,0,verified_exact_identity
116,CPFP,Columbia Tools,Columbia PowerFill 3.5 Pro Series Cordless Loading Pump,1473.00,regular_price,,0,0,,,,,,No Match Found,no,,,,,,,0,,no,,,,,,,0,,no,,,,,,,0,
117,CPFGN,Columbia Tools,Columbia Powerfill 5 Gallon Taper Gooseneck Fill Tube,275.00,regular_price,,0,0,,,,,,No Match Found,no,,,,,,,0,,no,,,,,,,0,,no,,,,,,,0,
118,FA280,Columbia Tools,#10 Belleville Washer,1.00,regular_price,,2,1,0.55,1.05,0.80,0.45,0.20,Verified Market Evidence + Review Candidates,yes,columbia::fa280,FA280,FA280 Columbia #10 Belleville Washer,1.05,1.05,1.05,0,verified_exact_identity,no,,219064-A,Columbia #10 Belleville Washer - FA280,,,,0,review_only,yes,columbia::fa280,FA280,Columbia #10 Belleville Washer (COLM-FA280),0.55,0.55,0.55,0,verified_exact_identity
119,FA268,Columbia Tools,#10 Flat Washer,2.25,regular_price,,2,0,0.54,0.55,0.54,1.71,1.70,Verified Market Evidence,yes,columbia::fa268,FA268,#10 Flat Washer,0.54,0.54,0.54,0,verified_exact_identity,no,,,,,,,0,,yes,columbia::fa268,FA268,Columbia #10 Flat Washer (COLM-FA268),0.55,0.55,0.55,0,verified_exact_identity
120,FA270,Columbia Tools,"#10 x 3/4"" Fender Washer",2.50,regular_price,,2,0,1.48,2.10,1.79,1.02,0.71,Verified Market Evidence,yes,columbia::fa270,FA270,FA270 Columbia #10 X 3/4in Fender Washer #6029,2.10,2.10,2.10,0,verified_exact_identity,no,,,,,,,0,,yes,columbia::fa270,FA270,Columbia #10 x ¾” Fender Washer (COLM-FA270),1.48,1.48,1.48,0,verified_exact_identity
121,FA228,Columbia Tools,#6 Flat Washer,1.00,regular_price,,1,0,0.55,0.55,0.55,0.45,0.45,Verified Single-Source,no,,,,,,,0,,no,,,,,,,0,,yes,columbia::fa228,FA228,Columbia #6 Flat Washer (COLM-FA228),0.55,0.55,0.55,0,verified_exact_identity
122,FA229,Columbia Tools,#6 Lock Washer,1.00,regular_price,,1,0,0.55,0.55,0.55,0.45,0.45,Verified Single-Source,no,,,,,,,0,,no,,,,,,,0,,yes,columbia::fa229,FA229,Columbia #6 Lock Washer (COLM-FA229),0.55,0.55,0.55,0,verified_exact_identity
123,FA230,Columbia Tools,#6 Star Washer,1.00,regular_price,,1,0,0.55,0.55,0.55,0.45,0.45,Verified Single-Source,no,,,,,,,0,,no,,,,,,,0,,yes,columbia::fa230,FA230,Columbia #6 Star Washer (COLM-FA230),0.55,0.55,0.55,0,verified_exact_identity
124,FA253,Columbia Tools,#8 Flat Washer,1.85,regular_price,,2,1,0.55,1.05,0.80,1.30,1.05,Verified Market Evidence + Review Candidates,yes,columbia::fa253,FA253,FA253 Columbia #8 Flat Washer #6019,1.05,1.05,1.05,0,verified_exact_identity,no,tapetech::fa253,FA253,#8 Flat Washer - FA253,,,,0,review_only,yes,columbia::fa253,FA253,Columbia #8 Flat Washer (COLM-FA253),0.55,0.55,0.55,0,verified_exact_identity
125,FA252,Columbia Tools,#8 Star Washer,2.05,regular_price,,2,0,0.55,1.15,0.85,1.50,1.20,Verified Market Evidence,yes,columbia::fa252,FA252,FA252 Columbia #8 Star Washer #10453,1.15,1.15,1.15,0,verified_exact_identity,no,,,,,,,0,,yes,columbia::fa252,FA252,Columbia #8 Star Washer (COLM-FA252),0.55,0.55,0.55,0,verified_exact_identity
126,FA202,Columbia Tools,"1/16 X 1/2"" Cotter Pin",1.00,regular_price,,1,0,0.55,0.55,0.55,0.45,0.45,Verified Single-Source,no,,,,,,,0,,no,,,,,,,0,,yes,columbia::fa202,FA202,Columbia 1/16 x 1/2 in. Cotter Pin (COLM-FA202),0.55,0.55,0.55,0,verified_exact_identity
127,FA200,Columbia Tools,"1/16 x 1/4"" Split Pin",1.00,regular_price,,2,0,0.55,1.05,0.80,0.45,0.20,Verified Market Evidence,yes,columbia::fa200,FA200,"FA200 1/16"" X 1/4"" Split Pin #6001",1.05,1.05,1.05,0,verified_exact_identity,no,,,,,,,0,,yes,columbia::fa200,FA200,Columbia 1/16 x 1/4 Split Pin (COLM-FA200),0.55,0.55,0.55,0,verified_exact_identity
128,FA203,Columbia Tools,"1/16 x 3/4"" Cotter Pin",1.00,regular_price,,1,0,0.55,0.55,0.55,0.45,0.45,Verified Single-Source,no,,,,,,,0,,no,,,,,,,0,,yes,columbia::fa203,FA203,Columbia 1/16 x 3/4 Cotter Pin (COLM-FA203),0.55,0.55,0.55,0,verified_exact_identity
129,FA3,Columbia Tools,"1/2"" x 7/8"" Flat Washer",2.50,regular_price,,2,1,1.48,2.10,1.79,1.02,0.71,Verified Market Evidence + Review Candidates,yes,columbia::fa308,FA308,FA308 Columbia 33/64 X 7/8in Flat Washer #6055,2.10,2.10,2.10,0,verified_exact_identity,no,tapetech::fa308,FA-308,33/64 X 7/8in Flat Washer - FA308,,,,0,review_only,yes,columbia::fa308,FA308,Columbia 1/2 x 7/8 Flat Washer (COLM-FA308),1.48,1.48,1.48,0,verified_exact_identity
130,CT109,Columbia Tools,1/4 - 20 Hex Nut,6.00,regular_price,,1,1,4.53,4.53,4.53,1.47,1.47,Verified Single-Source + Review Candidates,no,columbia::ct109,CT109,CT114 Columbia Taper Cable Retaining Nut #5972,,,,0,review_only,no,,,,,,,0,,yes,columbia::ct109,CT109,Columbia 1/4 - 20 Hex Nut (COLM-CT109),4.53,4.53,4.53,0,verified_exact_identity
131,FA296,Columbia Tools,"1/4 -20 x 1/2"" Hex Bolt",3.35,regular_price,,2,0,0.69,1.00,0.84,2.66,2.50,Verified Market Evidence,yes,columbia::fa296,FA296,FA296 Columbia 1/4-20 X 1/2in Hex Bolt #6046,1.00,1.00,1.00,0,verified_exact_identity,no,,,,,,,0,,yes,columbia::fa296,FA296,Columbia 1/4-20 x 1/2 Hex Bolt (COLM-FA296),0.69,0.69,0.69,0,verified_exact_identity
132,FA295,Columbia Tools,"1/4 x 1/2"" Flathead Socket",3.45,regular_price,,2,0,0.55,1.05,0.80,2.90,2.65,Verified Market Evidence,yes,columbia::fa295,FA295,FA295 Columbia 1/4-20 X 1/2in Flat Socket #6045,1.05,1.05,1.05,0,verified_exact_identity,no,,,,,,,0,,yes,columbia::fa295,FA295,Columbia -20 x  in. Flat Head Socket Screw (COLM-FA295),0.55,0.55,0.55,0,verified_exact_identity
133,FA379,Columbia Tools,"1/4"" SS E-Clip",3.25,regular_price,,0,0,,,,,,No Match Found,no,,,,,,,0,,no,,,,,,,0,,no,,,,,,,0,
134,FA286,Columbia Tools,"1/4"" x 1/2"" Flat Washer",1.00,regular_price,,1,0,0.55,0.55,0.55,0.45,0.45,Verified Single-Source,no,,,,,,,0,,no,,,,,,,0,,yes,columbia::fa286,FA286,Columbia  x  in. Flat Washer (COLM-FA286),0.55,0.55,0.55,0,verified_exact_identity
135,FA288,Columbia Tools,"1/4"" X 3/4"" Split Pin",2.25,regular_price,,2,1,2.03,2.36,2.20,0.22,0.06,Verified Market Evidence + Review Candidates,yes,columbia::fa288,FA288,FA288 Columbia 1/4in X 1/2in Split Pin #6040,2.36,2.36,2.36,0,verified_exact_identity,no,,FA-288,1/4in X 1/2in Split Pin - FA288,,,,0,review_only,yes,columbia::fa288,FA288,Columbia  x  in. Split Pin (COLM-FA288),2.03,2.03,2.03,0,verified_exact_identity
136,FA291,Columbia Tools,1/4-20 Hex Nut,2.00,regular_price,,1,0,1.16,1.16,1.16,0.84,0.84,Verified Single-Source,no,,,,,,,0,,no,,,,,,,0,,yes,columbia::fa291,FA291,Columbia 1/4-20 Hex Nut (COLM-FA291),1.16,1.16,1.16,0,verified_exact_identity
137,FA299,Columbia Tools,"1/4-20 x 1 1/2"" Pan Phillips",4.00,regular_price,,2,0,2.71,4.33,3.52,1.29,0.48,Verified Market Evidence,yes,columbia::fa299,FA299,"1/4-20 X 1-1/2"" Hex Bolt",4.33,4.33,4.33,0,verified_exact_identity,no,,,,,,,0,,yes,columbia::fa299,FA299,Columbia 1/4-20 x 1-1/2 Hex Bolt (COLM-FA299),2.71,2.71,2.71,0,verified_exact_identity
138,FA313,Columbia Tools,1/4-20 X 1/4 Socket Head Set Screw,2.00,regular_price,,0,0,,,,,,No Match Found,no,,,,,,,0,,no,,,,,,,0,,no,,,,,,,0,
139,FA301,Columbia Tools,"1/4-20 x 2 1/4"" Hex Bolt",3.00,regular_price,,1,0,2.71,2.71,2.71,0.29,0.29,Verified Single-Source,no,,,,,,,0,,no,,,,,,,0,,yes,columbia::fa301,FA301,Columbia ¼-20 x 2 ¼ in. Hex Bolt (COLM-FA301),2.71,2.71,2.71,0,verified_exact_identity
140,FA300,Columbia Tools,"1/4-20 x 2"" Hex Bolt",4.25,regular_price,,2,0,2.71,3.83,3.27,1.54,0.98,Verified Market Evidence,yes,columbia::fa300,FA300,FA300 Columbia 1/4-20 X 2in Hex Bolt #6050,3.83,3.83,3.83,0,verified_exact_identity,no,,,,,,,0,,yes,columbia::fa300,FA300,Columbia 1/4-20 x 2 Hex Bolt (COLM-FA300),2.71,2.71,2.71,0,verified_exact_identity
141,HFFB14,Columbia Tools,Flat Box Hinged Door Gasket,,missing_price,,1,0,38.79,38.79,38.79,,,Verified Single-Source,no,,,,,,,0,,no,,,,,,,0,,yes,columbia::hffb14,HFFB14,"Columbia Hinged Flat Box Door Gasket (COLM-HFFB14, HFFB14-7, HFFB14-8, HFFB14-10, HFFB14-12)",38.79,38.79,38.79,0,verified_exact_identity
142,FA294,Columbia Tools,"1/4-20 x 38"" Socket",3.25,regular_price,,2,0,2.03,2.75,2.39,1.22,0.86,Verified Market Evidence,yes,columbia::fa294,FA294,FA294 Columbia 1/4-20 X 3/8 Socket Hd Screw #6044,2.75,2.75,2.75,0,verified_exact_identity,no,,,,,,,0,,yes,columbia::fa294,FA294,Columbia 1/4-20 x 3/8 Socket Screw (COLM-FA294),2.03,2.03,2.03,0,verified_exact_identity
143,FA297,Columbia Tools,"1/4-20 x 5/8"" Socket",2.00,regular_price,,2,0,2.03,2.75,2.39,-0.03,-0.39,Verified Market Evidence,yes,columbia::fa297,FA297,FA297 Columbia 1/4-20 X 5/8in Socket Hd Scre #6047,2.75,2.75,2.75,0,verified_exact_identity,no,,,,,,,0,,yes,columbia::fa297,FA297,Columbia 1/4-20 x 5/8 Socket Screw (COLM-FA297),2.03,2.03,2.03,0,verified_exact_identity
144,FA298,Columbia Tools,"1/4-20 x 7/8"" Flat Socket",2.85,regular_price,,2,1,0.55,1.05,0.80,2.30,2.05,Verified Market Evidence + Review Candidates,yes,columbia::fa298,FA298,FA298 Columbia 1/4-20 X 7/8in Flat Socket #6048,1.05,1.05,1.05,0,verified_exact_identity,no,tapetech::fa298,FA-298,1/4-20 X 7/8in Flat Socket - FA298,,,,0,review_only,yes,columbia::fa298,FA298,Columbia -20 x 7/8 in. Flat Socket Screw (COLM-FA298),0.55,0.55,0.55,0,verified_exact_identity
145,FA302,Columbia Tools,"1/4-28 x 1/4"" Set Screw",3.85,regular_price,,2,1,1.53,2.15,1.84,2.32,2.01,Verified Market Evidence + Review Candidates,yes,columbia::fa302,FA302,FA302 Columbia 1/4-28 X 1/4in Set Screw #6051,2.15,2.15,2.15,0,verified_exact_identity,no,tapetech::fa302,FA302,1/4-28 X 1/4in Set Screw - FA302,,,,0,review_only,yes,columbia::fa302,FA302,Columbia 1/4-28 x 1/4 Set Screw (COLM-FA302),1.53,1.53,1.53,0,verified_exact_identity
146,FA320,Columbia Tools,"1/4-28-3/8"" Socket Set Screw",2.00,regular_price,,0,0,,,,,,No Match Found,no,,,,,,,0,,no,,,,,,,0,,no,,,,,,,0,
147,HFFB14-8,Columbia Tools,"Flat Box Hinged Door Gasket - 8""",16.50,regular_price,,2,1,38.79,45.20,42.00,-22.29,-25.50,Verified Market Evidence + Review Candidates,yes,columbia::hffb148,HFFB14-8,HFFB14-8 Columbia Flat Box Std Hinged Flat Box Door Gasket 8in #12384,45.20,45.20,45.20,0,verified_exact_identity,no,,HFFB14-8,Flat Box Door Gasket 8in Fat Boy-New Style - HFFB14-8,,,,0,review_only,yes,columbia::hffb14,HFFB14,"Columbia Hinged Flat Box Door Gasket (COLM-HFFB14, HFFB14-7, HFFB14-8, HFFB14-10, HFFB14-12)",38.79,38.79,38.79,0,verified_exact_identity
148,HFFB14-10,Columbia Tools,"Flat Box Hinged Door Gasket - 10""",42.00,regular_price,,2,0,38.79,45.20,42.00,3.21,0.00,Verified Market Evidence,yes,columbia::hffb1410,HFFB14-10,HFFB14-10 Columbia Flat Box Std Hinged Flat Box Door Gasket 10in #12385,45.20,45.20,45.20,0,verified_exact_identity,no,,,,,,,0,,yes,columbia::hffb14,HFFB14,"Columbia Hinged Flat Box Door Gasket (COLM-HFFB14, HFFB14-7, HFFB14-8, HFFB14-10, HFFB14-12)",38.79,38.79,38.79,0,verified_exact_identity
149,HFFB14-12,Columbia Tools,"Flat Box Hinged Door Gasket - 12""",42.00,regular_price,,2,0,38.79,45.20,42.00,3.21,0.00,Verified Market Evidence,yes,columbia::hffb1412,HFFB14-12,HFFB14-12 Columbia Flat Box Std Hinged Flat Box Door Gasket 12in #12386,45.20,45.20,45.20,0,verified_exact_identity,no,,,,,,,0,,yes,columbia::hffb14,HFFB14,"Columbia Hinged Flat Box Door Gasket (COLM-HFFB14, HFFB14-7, HFFB14-8, HFFB14-10, HFFB14-12)",38.79,38.79,38.79,0,verified_exact_identity
150,HFFB14-14,Columbia Tools,"Flat Box Hinged Door Gasket - 14""",42.00,regular_price,,1,0,38.79,38.79,38.79,3.21,3.21,Verified Single-Source,no,,,,,,,0,,no,,,,,,,0,,yes,columbia::hffb14,HFFB14,"Columbia Hinged Flat Box Door Gasket (COLM-HFFB14, HFFB14-7, HFFB14-8, HFFB14-10, HFFB14-12)",38.79,38.79,38.79,0,verified_exact_identity
151,FFB25,Columbia Tools,Rubber Gasket Retainer,,missing_price,,0,0,,,,,,No Match Found,no,,,,,,,0,,no,,,,,,,0,,no,,,,,,,0,
152,AH3,Columbia Tools,Top Blade,,missing_price,,1,0,31.19,31.19,31.19,,,Verified Single-Source,no,,,,,,,0,,no,,,,,,,0,,yes,columbia::ah3,AH3,"Columbia Angle Head Carbide Blade for 2, 2.5, 3 and 3.5 in. Angle Heads (COLM-AH3, AH3-2, AH3-2.5, AH3-3, AH3-3.5)",31.19,31.19,31.19,0,verified_exact_identity
153,FFB25-10,Columbia Tools,"Rubber Gasket Retainer - 10""",24.95,regular_price,,3,0,5.15,7.50,6.00,19.80,18.95,Verified Market Evidence,yes,columbia::ffb2510,FFB25-10,FFB25-10 Columbia Flat Box Rubber Gasket Retainer 10in #6105,7.50,7.50,7.50,0,verified_exact_identity,yes,columbia::ffb2510,ffb-25-10,Flat Box Rubber Gasket Retainer 10in - FFB25-10,6.00,6.00,6.00,0,verified_exact_identity,yes,columbia::ffb2510,FFB25-10,Columbia 10 in. Flat Box Rubber Gasket Retainer (COLM-FFB25-10),5.15,5.15,5.15,0,verified_exact_identity
154,FFB25-12,Columbia Tools,"Rubber Gasket Retainer - 12""",28.50,regular_price,,2,1,5.15,7.50,6.32,23.35,22.18,Verified Market Evidence + Review Candidates,yes,columbia::ffb2512,FFB25-12,FFB25-12 Columbia Flat Box Rubber Gasket Retainer 12in #11202,7.50,7.50,7.50,0,verified_exact_identity,no,tapetech::ffb2512,FFB-25-12,Flat Box Rubber Gasket Retainer 12in - FFB25-12,,,,0,review_only,yes,columbia::ffb2512,FFB25-12,Columbia 12 in. Flat Box Rubber Gasket Retainer (COLM-FFB25-12),5.15,5.15,5.15,0,verified_exact_identity
155,AH3-2,Columbia Tools,"Top Blade - 2""",38.95,regular_price,,1,2,36.34,36.34,36.34,2.61,2.61,Verified Single-Source + Review Candidates,yes,columbia::ah32,AH3-2,AH3-2 Columbia Angle Head Carbide Blade 2in #5801,36.34,36.34,36.34,0,verified_exact_identity,no,columbia::ah32,AH-32,12 - Upper Leaf Spring (AH-32),,,,0,review_only,no,columbia::ah3,AH3,"Columbia Angle Head Carbide Blade for 2, 2.5, 3 and 3.5 in. Angle Heads (COLM-AH3, AH3-2, AH3-2.5, AH3-3, AH3-3.5)",,,,0,review_only
156,AH3-2.5,Columbia Tools,"Top Blade - 2.5""",27.53,regular_price,,1,1,36.34,36.34,36.34,-8.81,-8.81,Verified Single-Source + Review Candidates,yes,columbia::ah325,AH3-2.5,AH3-2.5 Columbia Angle Head Carbide Blade 2.5in #5802,36.34,36.34,36.34,0,verified_exact_identity,no,,,,,,,0,,no,columbia::ah3,AH3,"Columbia Angle Head Carbide Blade for 2, 2.5, 3 and 3.5 in. Angle Heads (COLM-AH3, AH3-2, AH3-2.5, AH3-3, AH3-3.5)",,,,0,review_only
157,AH3-3,Columbia Tools,"Top Blade - 3""",44.95,regular_price,,1,2,36.34,36.34,36.34,8.61,8.61,Verified Single-Source + Review Candidates,yes,columbia::ah33,AH3-3,AH3-3 Columbia Angle Head Carbide Blade 3in #5803,36.34,36.34,36.34,0,verified_exact_identity,no,columbia::ah33,AH3-3,13 - Spring Adjustment Pin (AH-33),,,,0,review_only,no,columbia::ah3,AH3,"Columbia Angle Head Carbide Blade for 2, 2.5, 3 and 3.5 in. Angle Heads (COLM-AH3, AH3-2, AH3-2.5, AH3-3, AH3-3.5)",,,,0,review_only
158,AH3-3.5,Columbia Tools,"Top Blade - 3.5""",27.53,regular_price,,2,0,31.19,36.34,33.76,-3.66,-6.24,Verified Market Evidence,yes,columbia::ah335,AH3-3.5,AH3-3.5 Columbia Angle Head Carbide Blade 3.5in #5804,36.34,36.34,36.34,0,verified_exact_identity,no,,,,,,,0,,yes,columbia::ah3,AH3,"Columbia Angle Head Carbide Blade for 2, 2.5, 3 and 3.5 in. Angle Heads (COLM-AH3, AH3-2, AH3-2.5, AH3-3, AH3-3.5)",31.19,31.19,31.19,0,verified_exact_identity
159,FA380,Columbia Tools,"1/8"" SS E-Clip",2.95,regular_price,,0,0,,,,,,No Match Found,no,,,,,,,0,,no,,,,,,,0,,no,,,,,,,0,
160,FA225,Columbia Tools,"1/8"" x 3/8"" Rivet Shoulder Washer",2.05,regular_price,,2,0,1.48,2.10,1.79,0.57,0.26,Verified Market Evidence,yes,columbia::fa225,FA225,FA225 Columbia 1/8in X 3/8in Special Washer #6010,2.10,2.10,2.10,0,verified_exact_identity,no,,,,,,,0,,yes,columbia::fa225,FA225,Columbia 1/8 x 3/8 in. Rivet Shoulder Washer (COLM-FA225),1.48,1.48,1.48,0,verified_exact_identity
161,FA224,Columbia Tools,"1/8"" x 3/8"" Split Pin",1.95,regular_price,,2,0,0.81,1.15,0.98,1.14,0.97,Verified Market Evidence,yes,columbia::fa224,FA224,FA224 Columbia 1/8in X 3/8in Split Pin #6009,1.15,1.15,1.15,0,verified_exact_identity,no,,,,,,,0,,yes,columbia::fa224,FA224,Columbia 1/8 x 3/8 Split Pin (COLM-FA224),0.81,0.81,0.81,0,verified_exact_identity
162,FA271,Columbia Tools,10-24 Nyloc Nut,2.00,regular_price,,1,0,1.48,1.48,1.48,0.52,0.52,Verified Single-Source,no,,,,,,,0,,no,,,,,,,0,,yes,columbia::fa271,FA271,Columbia 10-24 Nyloc Nut (COLM-FA271),1.48,1.48,1.48,0,verified_exact_identity
163,FA272,Columbia Tools,10-24 Wing Nut,2.00,regular_price,,1,0,1.48,1.48,1.48,0.52,0.52,Verified Single-Source,no,,,,,,,0,,no,,,,,,,0,,yes,columbia::fa272,FA272,Columbia 10-24 Wing Nut (COLM-FA272),1.48,1.48,1.48,0,verified_exact_identity
164,FA273,Columbia Tools,"10-24 x 1"" Hex Bolt",3.25,regular_price,,1,1,1.48,1.48,1.48,1.77,1.77,Verified Single-Source + Review Candidates,no,columbia::fa273,FA273,"COLFA273 10-24 X 1"" Hex Bolt",,,,0,review_only,no,,,,,,,0,,yes,columbia::fa273,FA273,Columbia 10-24 x 1 in. Hex Bolt (COLM-FA273),1.48,1.48,1.48,0,verified_exact_identity
165,FA312,Columbia Tools,"10-24 X 1/4"" Socket Hand Set",2.85,regular_price,,2,0,1.48,2.15,1.82,1.37,1.04,Verified Market Evidence,yes,columbia::fa312,FA312,FA312 Columbia 10-24 X 1/4in Set Screw #6796,2.15,2.15,2.15,0,verified_exact_identity,no,,,,,,,0,,yes,columbia::fa312,FA312,Columbia 10-24 x ¼” Socket Head Set Screw (COLM-FA312),1.48,1.48,1.48,0,verified_exact_identity
166,FA274,Columbia Tools,"10-24 x 3/8"" Socket",2.65,regular_price,,2,0,2.03,2.75,2.39,0.62,0.26,Verified Market Evidence,yes,columbia::fa274,FA274,FA274 Columbia 10-24 X 3/8in Socket Hd Screw #6031,2.75,2.75,2.75,0,verified_exact_identity,no,,,,,,,0,,yes,columbia::fa274,FA274,Columbia 10-24 x 3/8 in. Socket Screw (COLM-FA274),2.03,2.03,2.03,0,verified_exact_identity
167,FA275,Columbia Tools,"10-24 x 7/8"" Hex Bolt",3.15,regular_price,,1,2,1.53,1.53,1.53,1.62,1.62,Verified Single-Source + Review Candidates,no,columbia::fa275,FA275,FA275 Columbia 10-24 X 3/4in Hex Bolt #6032,,,,0,review_only,no,tapetech::fa275,FA275,39 - Hex Head Bolt 10-24 x 3/4,,,,0,review_only,yes,columbia::fa275,FA275,Columbia 10-24 x  Hex Bolt (COLM-FA275),1.53,1.53,1.53,0,verified_exact_identity
168,FA276,Columbia Tools,"10-24 x 7/8"" Pan Slot",3.35,regular_price,,2,0,0.55,1.05,0.80,2.80,2.55,Verified Market Evidence,yes,columbia::fa276,FA276,FA276 Columbia 10-24 X 7/8 Pan Head Screw #6033,1.05,1.05,1.05,0,verified_exact_identity,no,,,,,,,0,,yes,columbia::fa276,FA276,Columbia 10-24 x 7/8 in. Binder Slot Screw (COLM-FA276),0.55,0.55,0.55,0,verified_exact_identity
169,FA316,Columbia Tools,"10-32 X 1/2"" Flat Socket Head",2.00,regular_price,,0,1,,,,,,Review Required,no,columbia::fa316,FA316,"COLFA316 10-32 x 1/2"" Flat Socket Head",,,,0,review_only,no,,,,,,,0,,no,,,,,,,0,
170,FA382,Columbia Tools,"10-32 x 1/4"" SS Set Screw",1.00,regular_price,,0,0,,,,,,No Match Found,no,,,,,,,0,,no,,,,,,,0,,no,,,,,,,0,
171,FA199,Columbia Tools,"2-56 x 3/16"" Binder Slot",1.00,regular_price,,1,0,0.55,0.55,0.55,0.45,0.45,Verified Single-Source,no,,,,,,,0,,no,,,,,,,0,,yes,columbia::fa199,FA199,Columbia 2-56 X 3/16 Binder Slot (COLM-FA199),0.55,0.55,0.55,0,verified_exact_identity
172,FA365,Columbia Tools,"3/16 x 1"" Sping Pin SS",3.00,regular_price,,0,0,,,,,,No Match Found,no,,,,,,,0,,no,,,,,,,0,,no,,,,,,,0,
173,FA206,Columbia Tools,4-40 Hex Nut,2.00,regular_price,,1,0,1.48,1.48,1.48,0.52,0.52,Verified Single-Source,no,,,,,,,0,,no,,,,,,,0,,yes,columbia::fa206,FA206,Columbia 4-40 Hex Nut (COLM-FA206),1.48,1.48,1.48,0,verified_exact_identity
174,FA207,Columbia Tools,4-40 Nyloc Nut,2.50,regular_price,,1,1,1.48,1.48,1.48,1.02,1.02,Verified Single-Source + Review Candidates,no,,,,,,,0,,no,,fa207,7 - Nylock Nut 4-40,,,,0,review_only,yes,columbia::fa207,FA207,Columbia 4-40 Nyloc Nut (COLM-FA207),1.48,1.48,1.48,0,verified_exact_identity
175,FA219,Columbia Tools,"4-40 x 1/2"" Fillister Slot",1.00,regular_price,,2,0,0.55,1.05,0.80,0.45,0.20,Verified Market Evidence,yes,columbia::fa219,FA219,FA219 Columbia 4-40 X 1/2in Fill. Head Screw #6005,1.05,1.05,1.05,0,verified_exact_identity,no,,,,,,,0,,yes,columbia::fa219,FA219,Columbia 4-40 x 1/2 Fillister Slot (COLM-FA219),0.55,0.55,0.55,0,verified_exact_identity
176,FA213,Columbia Tools,"4-40 x 1/4"" Binder Slot",1.00,regular_price,,1,0,0.55,0.55,0.55,0.45,0.45,Verified Single-Source,no,,,,,,,0,,no,,,,,,,0,,yes,columbia::fa213,FA213,"Columbia 4-40 x 1/4"" Binder Slot (Pan Head Screw) (COLM-FA213)",0.55,0.55,0.55,0,verified_exact_identity
177,FA214,Columbia Tools,"4-40 x 1/4"" Flat Slot",1.00,regular_price,,1,0,0.55,0.55,0.55,0.45,0.45,Verified Single-Source,no,,,,,,,0,,no,,,,,,,0,,yes,columbia::fa214,FA214,Columbia 4-40 x 1/4 Flat Slot (COLM-FA214),0.55,0.55,0.55,0,verified_exact_identity
178,FA2,Columbia Tools,"4-40 x 1/8"" Binder Slot",1.65,regular_price,,1,0,0.55,0.55,0.55,1.10,1.10,Verified Single-Source,no,,,,,,,0,,no,,,,,,,0,,yes,columbia::fa208,FA208,Columbia 4-40 x 1/8 Binder Slot (COLM-FA208),0.55,0.55,0.55,0,verified_exact_identity
179,FA210,Columbia Tools,"4-40 x 3/16"" Binder Slot",1.00,regular_price,,1,0,0.55,0.55,0.55,0.45,0.45,Verified Single-Source,no,,,,,,,0,,no,,,,,,,0,,yes,columbia::fa210,FA210,Columbia 4-40 x 3/16 Binder Slot (Pan Head Screw) (COLM-FA210),0.55,0.55,0.55,0,verified_exact_identity
180,FA212,Columbia Tools,"4-40 x 3/16"" Truss Slot",1.00,regular_price,,1,0,0.55,0.55,0.55,0.45,0.45,Verified Single-Source,no,,,,,,,0,,no,,,,,,,0,,yes,columbia::fa212,FA212,Columbia 4-40 x 3/16 Truss Slot (COLM-FA212),0.55,0.55,0.55,0,verified_exact_identity
181,FA220,Columbia Tools,"4-40 x 3/4"" Hex Bolt",2.35,regular_price,,1,2,0.55,0.55,0.55,1.80,1.80,Verified Single-Source + Review Candidates,no,columbia::fa220,FA220,FA220 Columbia 4-40 X 3/4in Bind Head Screw #6006,,,,0,review_only,no,,FA220,4-40 X 3/4in Bind Head Screw - FA220,,,,0,review_only,yes,columbia::fa220,FA220,Columbia 4-40 x 3/4 Binder Slot (COLM-FA220),0.55,0.55,0.55,0,verified_exact_identity
182,FA218,Columbia Tools,"4-40 x 3/8"" Flat Slot",1.00,regular_price,,1,0,0.55,0.55,0.55,0.45,0.45,Verified Single-Source,no,,,,,,,0,,no,,,,,,,0,,yes,columbia::fa218,FA218,Columbia 4-40 x 3/8 Flat Slot (COLM-FA218),0.55,0.55,0.55,0,verified_exact_identity
183,FA216,Columbia Tools,4-40 X 3/8” Fillister Slot,2.00,regular_price,,1,0,0.55,0.55,0.55,1.45,1.45,Verified Single-Source,no,,,,,,,0,,no,,,,,,,0,,yes,columbia::fa216,FA216,Columbia 4-40 x 3/8” Fillister Slot (COLM-FA216),0.55,0.55,0.55,0,verified_exact_identity
184,FA215,Columbia Tools,"4-40 x 5/16"" Binder Slot",1.95,regular_price,,1,0,0.55,0.55,0.55,1.40,1.40,Verified Single-Source,no,,,,,,,0,,no,,,,,,,0,,yes,columbia::fa215,FA215,Columbia 4-40 x 5/16 Binder Slot (Pan Head Screw) (COLM-FA215),0.55,0.55,0.55,0,verified_exact_identity
185,FA303,Columbia Tools,5-16 Flat Washer,3.00,regular_price,,1,1,2.71,2.71,2.71,0.29,0.29,Verified Single-Source + Review Candidates,no,,FA304,5/16 Flat Washer,,,,0,review_only,no,,,,,,,0,,yes,columbia::fa303,FA303,Columbia 5/16 Flat Washer (COLM-FA303),2.71,2.71,2.71,0,verified_exact_identity
186,FA307,Columbia Tools,5-16 x 24 Jam Nut,3.00,regular_price,,1,0,1.48,1.48,1.48,1.52,1.52,Verified Single-Source,no,,,,,,,0,,no,,,,,,,0,,yes,columbia::fa307,FA307,Columbia 5/16 x 24 Jam Nut (COLM-FA307),1.48,1.48,1.48,0,verified_exact_identity
187,FA305,Columbia Tools,"5/16 -18 x 3/4"" Hex Bolt",4.15,regular_price,,2,0,2.71,3.65,3.18,1.44,0.97,Verified Market Evidence,yes,columbia::fa305,FA305,FA305 Columbia 5/16-18 X 3/4in Hex Bolt #6053,3.65,3.65,3.65,0,verified_exact_identity,no,,,,,,,0,,yes,columbia::fa305,FA305,Columbia 5/16-18 x 3/4 Hex Bolt (COLM-FA305),2.71,2.71,2.71,0,verified_exact_identity
188,FA306,Columbia Tools,"5/16-18 x 1 1/4"" Hex Bolt",3.45,regular_price,,2,1,2.71,3.48,3.10,0.74,0.36,Verified Market Evidence + Review Candidates,yes,columbia::fa306,FA306,FA306 Columbia 5/16-18 X 1-1/4in Hex Bolt #6054,3.48,3.48,3.48,0,verified_exact_identity,no,,FA-306,"5/16-18 x 1 1/4"" Hex Bolt - FA306",,,,0,review_only,yes,columbia::fa306,FA306,Columbia 5/16-18 x 1-1/4 Hex Bolt (COLM-FA306),2.71,2.71,2.71,0,verified_exact_identity
189,CFB10,Columbia Tools,"5/16-18 x 3/4"" Thumb Screw",6.00,regular_price,,2,0,5.16,7.30,6.23,0.84,-0.23,Verified Market Evidence,yes,columbia::cfb10,CFB10,CFB10 Columbia Angle Box 5/16-18 X 3/4in Thumb Screw #5550,7.30,7.30,7.30,0,verified_exact_identity,no,,,,,,,0,,yes,columbia::cfb10,CFB10,"Columbia 5/16""-18"" x 3/4"" Thumb Screw (COLM-CFB10)",5.16,5.16,5.16,0,verified_exact_identity
190,FA317,Columbia Tools,"5/32"" x 7/8"" Roll Pin",2.00,regular_price,,1,0,2.10,2.10,2.10,-0.10,-0.10,Verified Single-Source,yes,columbia::fa317,FA317,13722,2.10,2.10,2.10,0,verified_exact_identity,no,,,,,,,0,,no,,,,,,,0,
191,FFB11,Columbia Tools,Adjuster Spring,,missing_price,,0,0,,,,,,No Match Found,no,,,,,,,0,,no,,,,,,,0,,no,,,,,,,0,
192,FA232,Columbia Tools,6-32 Hex Nut,1.75,regular_price,,2,0,1.48,2.10,1.79,0.27,-0.04,Verified Market Evidence,yes,columbia::fa232,FA232,FA232 Columbia 6-32 Hex Nut #6012,2.10,2.10,2.10,0,verified_exact_identity,no,,,,,,,0,,yes,columbia::fa232,FA232,Columbia 6-32 Hex Nut (COLM-FA232),1.48,1.48,1.48,0,verified_exact_identity
193,FA234,Columbia Tools,6-32 Nyloc Jam Nut,2.65,regular_price,,2,0,1.32,1.85,1.58,1.33,1.06,Verified Market Evidence,yes,columbia::fa234,FA234,FA234 Columbia 6-32 Nyloc Jam Nut #6014,1.85,1.85,1.85,0,verified_exact_identity,no,,,,,,,0,,yes,columbia::fa234,FA234,Columbia 6-32 Nyloc Jam Nut (COLM-FA234),1.32,1.32,1.32,0,verified_exact_identity
194,FA233,Columbia Tools,6-32 Nyloc Nut,2.00,regular_price,,1,0,1.48,1.48,1.48,0.52,0.52,Verified Single-Source,no,,,,,,,0,,no,,,,,,,0,,yes,columbia::fa233,FA233,Columbia 6-32 Nyloc Nut (COLM-FA233),1.48,1.48,1.48,0,verified_exact_identity
195,FA245,Columbia Tools,"6-32 x 1/2"" Fillister Slot",2.15,regular_price,,2,0,0.71,1.05,0.88,1.44,1.27,Verified Market Evidence,yes,columbia::fa245,FA245,FA245 Columbia 6-32 X 1/2in Fill. Head Screw #6017,1.05,1.05,1.05,0,verified_exact_identity,no,,,,,,,0,,yes,columbia::fa245,FA245,Columbia 6-32 x 1/2 Fillister Slot (COLM-FA245),0.71,0.71,0.71,0,verified_exact_identity
196,FA244,Columbia Tools,"6-32 x 1/2"" Pan Slot",1.00,regular_price,,1,0,0.55,0.55,0.55,0.45,0.45,Verified Single-Source,no,,,,,,,0,,no,,,,,,,0,,yes,columbia::fa244,FA244,Columbia 6-32 x  1/2 Binder Slot (COLM-FA244),0.55,0.55,0.55,0,verified_exact_identity
197,FFB11-8,Columbia Tools,"Adjuster Spring - 8""",8.00,regular_price,,2,0,7.11,10.05,8.58,0.89,-0.58,Verified Market Evidence,yes,columbia::ffb118,FFB11-8,"FFB11-8 Columbia Flat Box Adjuster Spring 8""",10.05,10.05,10.05,0,verified_exact_identity,no,,,,,,,0,,yes,columbia::ffb118,FFB11-8,"Columbia Flat Box Adjuster Spring 8"" (COLM-FFB11-8)",7.11,7.11,7.11,0,verified_exact_identity
198,FFB11-10,Columbia Tools,"Adjuster Spring - 10""",8.00,regular_price,,2,0,7.11,10.05,8.58,0.89,-0.58,Verified Market Evidence,yes,columbia::ffb1110,FFB11-10,"FFB11-10 Columbia Flat Box Adjuster Spring 10""",10.05,10.05,10.05,0,verified_exact_identity,no,,,,,,,0,,yes,columbia::ffb1110,FFB11-10,"Columbia Flat Box Adjuster Spring 7"",8"", or 10"" (COLM-FFB11-10)",7.11,7.11,7.11,0,verified_exact_identity
199,FFB11-12,Columbia Tools,"Adjuster Spring - 12""",8.00,regular_price,,1,1,7.11,7.11,7.11,0.89,0.89,Verified Single-Source + Review Candidates,no,columbia::ffb1112,FFB11-12,"COLFFB11-12 Columbia  12"" Flat Box Adjuster Spring",,,,0,review_only,no,,,,,,,0,,yes,columbia::ffb1112,FFB11-12,"Columbia Flat Box Adjuster Spring 12"" (COLM-FFB11-12)",7.11,7.11,7.11,0,verified_exact_identity
200,FA239,Columbia Tools,"6-32 X 1/4"" Binder Slot",1.00,regular_price,,1,0,0.55,0.55,0.55,0.45,0.45,Verified Single-Source,no,,,,,,,0,,no,,,,,,,0,,yes,columbia::fa239,FA239,Columbia 6-32 x 1/4 Binder Slot (Pan Head Screw) (COLM-FA239),0.55,0.55,0.55,0,verified_exact_identity
201,FA227,Columbia Tools,"6-32 X 1/4"" Flat Slot",2.00,regular_price,,1,0,1.48,1.48,1.48,0.52,0.52,Verified Single-Source,no,,,,,,,0,,no,,,,,,,0,,yes,columbia::fa227,FA227,Columbia 6-32 x ¼” Flat Slot Screw (COLM-FA227),1.48,1.48,1.48,0,verified_exact_identity
202,FA236,Columbia Tools,"6-32 X 1/8"" Binder Slot",1.00,regular_price,,1,0,1.05,1.05,1.05,-0.05,-0.05,Verified Single-Source,yes,columbia::fa236,FA236,13828,1.05,1.05,1.05,0,verified_exact_identity,no,,,,,,,0,,no,,,,,,,0,
203,FA235,Columbia Tools,"6-32 X 1/8"" Set Screw",2.00,regular_price,,1,0,1.11,1.11,1.11,0.89,0.89,Verified Single-Source,no,,,,,,,0,,no,,,,,,,0,,yes,columbia::fa235,FA235,Columbia 6/32 x 1/8” Set Screw (COLM-FA235),1.11,1.11,1.11,0,verified_exact_identity
204,FA237,Columbia Tools,"6-32 x 3/16"" Binder Slot",1.00,regular_price,,1,0,0.55,0.55,0.55,0.45,0.45,Verified Single-Source,no,,,,,,,0,,no,,,,,,,0,,yes,columbia::fa237,FA237,Columbia 6/32 x 3/16” Binder Slot (COLM-FA237),0.55,0.55,0.55,0,verified_exact_identity
205,FA238,Columbia Tools,"6-32 X 3/16"" Fillister Slot",2.00,regular_price,,1,0,1.16,1.16,1.16,0.84,0.84,Verified Single-Source,no,,,,,,,0,,no,,,,,,,0,,yes,columbia::fa238,FA238,Columbia 6-32 x 3/16 Fillister Slot (COLM-FA238),1.16,1.16,1.16,0,verified_exact_identity
206,FA241,Columbia Tools,"6-32 X 3/8"" Binder Slot",1.00,regular_price,,1,0,0.55,0.55,0.55,0.45,0.45,Verified Single-Source,no,,,,,,,0,,no,,,,,,,0,,yes,columbia::fa241,FA241,Columbia 6-32 x 3/8 Binder Slot (Pan Head Screw) (COLM-FA241),0.55,0.55,0.55,0,verified_exact_identity
207,FA243,Columbia Tools,"6-32 x 3/8"" Flat Slot",1.00,regular_price,,1,0,0.55,0.55,0.55,0.45,0.45,Verified Single-Source,no,,,,,,,0,,no,,,,,,,0,,yes,columbia::fa243,FA243,Columbia 6-32 x 3/8 Pan Slot (COLM-FA243),0.55,0.55,0.55,0,verified_exact_identity
208,FA231,Columbia Tools,"6-32 x 3/8"" Hex Bolt",2.25,regular_price,,2,0,1.06,1.55,1.30,1.19,0.94,Verified Market Evidence,yes,columbia::fa231,FA231,"Columbia #6 X 3/8"" Hex Bolt COLFA231",1.55,1.55,1.55,0,verified_exact_identity,no,,,,,,,0,,yes,columbia::fa231,FA231,Columbia 6-32 x 3/8 in. Hex Bolt (COLM-FA231),1.06,1.06,1.06,0,verified_exact_identity
209,FA247,Columbia Tools,"6-32 X 5/8"" Hex Bolt",2.45,regular_price,,2,1,1.34,1.95,1.64,1.11,0.80,Verified Market Evidence + Review Candidates,yes,columbia::fa247,FA247,FA247 Columbia 6-32 X 5/8in Hex Bolt #6018,1.95,1.95,1.95,0,verified_exact_identity,no,tapetech::fa247,fa247,6-32 X 5/8in Hex Bolt - FA247,,,,0,review_only,yes,columbia::fa247,FA247,Columbia 6-32 x 5/8 in. Hex Bolt (COLM-FA247),1.34,1.34,1.34,0,verified_exact_identity
210,FA254,Columbia Tools,8-32 Nyloc Nut,2.00,regular_price,,1,0,1.48,1.48,1.48,0.52,0.52,Verified Single-Source,no,,,,,,,0,,no,,,,,,,0,,yes,columbia::fa254,FA254,Columbia 8-32 Nyloc Nut (COLM-FA254),1.48,1.48,1.48,0,verified_exact_identity
211,FA267,Columbia Tools,"8-32 x 1 1/2"" Pan Slot",2.85,regular_price,,2,0,0.69,1.05,0.87,2.16,1.98,Verified Market Evidence,yes,columbia::fa267,FA267,FA267 Columbia 8-32 X 1.5in Pan Head Screw #6027,1.05,1.05,1.05,0,verified_exact_identity,no,,,,,,,0,,yes,columbia::fa267,FA267,Columbia 8-32 x 1-1/2 Pan Head (COLM-FA267),0.69,0.69,0.69,0,verified_exact_identity
212,FA262,Columbia Tools,"8-32 x 1/2"" Socket",2.95,regular_price,,2,0,1.85,1.86,1.86,1.10,1.10,Verified Market Evidence,yes,columbia::fa262,FA262,"8-32 X 1/2"" Socket Hd. Screw",1.86,1.86,1.86,0,verified_exact_identity,no,,,,,,,0,,yes,columbia::fa262,FA262,Columbia 8-32 x ½ in. Socket (COLM-FA262),1.85,1.85,1.85,0,verified_exact_identity
213,FA257,Columbia Tools,"8-32 x 1/4"" Fillister Slot",1.00,regular_price,,1,0,0.55,0.55,0.55,0.45,0.45,Verified Single-Source,no,,,,,,,0,,no,,,,,,,0,,yes,columbia::fa257,FA257,Columbia 8-32 x 1/4 Fillister Slot (COLM-FA257),0.55,0.55,0.55,0,verified_exact_identity
214,FA256,Columbia Tools,"8-32 X 3/16"" Pan Slot",2.15,regular_price,,1,1,0.55,0.55,0.55,1.60,1.60,Verified Single-Source + Review Candidates,no,columbia::fa256,FA256,"COLFA256 8-32 x 3/16"" Pan Slot",,,,0,review_only,no,,,,,,,0,,yes,columbia::fa256,FA256,Columbia 8/32 x 3/16 in. Pan Slot Screw (COLM-FA256),0.55,0.55,0.55,0,verified_exact_identity
215,FA265,Columbia Tools,"8-32 x 3/4"" Truss Slot",1.00,regular_price,,1,0,0.55,0.55,0.55,0.45,0.45,Verified Single-Source,no,,,,,,,0,,no,,,,,,,0,,yes,columbia::fa265,FA265,Columbia 8-32 x 3/4 Truss Slot (COLM-FA265),0.55,0.55,0.55,0,verified_exact_identity
216,FA260,Columbia Tools,"8-32 x 3/8"" Pan Slot",1.00,regular_price,,1,0,0.55,0.55,0.55,0.45,0.45,Verified Single-Source,no,,,,,,,0,,no,,,,,,,0,,yes,columbia::fa260,FA260,Columbia 8-32 x 3/8 in. Binder Slot Screw (COLM-FA260),0.55,0.55,0.55,0,verified_exact_identity
217,FA261,Columbia Tools,"8-32 X 3/8"" Socket Screw",2.75,regular_price,,2,0,0.69,1.21,0.95,2.06,1.80,Verified Market Evidence,yes,columbia::fa261,FA261,"8-32 X 3/8"" Socket Hd Screw",1.21,1.21,1.21,0,verified_exact_identity,no,,,,,,,0,,yes,columbia::fa261,FA261,Columbia 8-32 x 3/8 in. Socket Screw (COLM-FA261),0.69,0.69,0.69,0,verified_exact_identity
218,FA376,Columbia Tools,8-32 x 5/16 SS Socket Head,2.00,regular_price,,0,0,,,,,,No Match Found,no,,,,,,,0,,no,,,,,,,0,,no,,,,,,,0,
219,FA264,Columbia Tools,"8-32 x 5/8"" Truss Slot",1.00,regular_price,,1,0,0.69,0.69,0.69,0.31,0.31,Verified Single-Source,no,,,,,,,0,,no,,,,,,,0,,yes,columbia::fa264,FA264,Columbia 8-32 x 5/8 Truss Slot (COLM-FA264),0.69,0.69,0.69,0,verified_exact_identity
220,FA258,Columbia Tools,8-32X 1/4 Half Dog Set,2.00,regular_price,,1,0,1.48,1.48,1.48,0.52,0.52,Verified Single-Source,no,,,,,,,0,,no,,,,,,,0,,yes,columbia::fa258,FA258,Columbia 8-32 x 1/4 Half Dog Set (COLM-FA258),1.48,1.48,1.48,0,verified_exact_identity
221,FFB5,Columbia Tools,Axle,,missing_price,,0,0,,,,,,No Match Found,no,,,,,,,0,,no,,,,,,,0,,no,,,,,,,0,
222,FFB9,Columbia Tools,Blade,,missing_price,,1,0,3.23,3.23,3.23,,,Verified Single-Source,no,,,,,,,0,,no,,,,,,,0,,yes,columbia::ffb9,FFB9,"Columbia Flat Box Blade (COLM-FFB9-55, COLM-FFB9-7, FFB9-8, FFB9-10, FFB9-12, COLM-FFB9-14)",3.23,3.23,3.23,0,verified_exact_identity
223,FA249,Columbia Tools,"8-32X3/16"" Set Screw",2.00,regular_price,,1,0,1.48,1.48,1.48,0.52,0.52,Verified Single-Source,no,,,,,,,0,,no,,,,,,,0,,yes,columbia::fa249,FA249,Columbia 8-32 x 3/16 in. Set Screw (COLM-FA249),1.48,1.48,1.48,0,verified_exact_identity
224,FFB5-7,Columbia Tools,"Axle - 7""",44.00,regular_price,,0,0,,,,,,No Match Found,no,,,,,,,0,,no,,,,,,,0,,no,,,,,,,0,
225,FFB5-8,Columbia Tools,"Axle - 8""",44.00,regular_price,,0,0,,,,,,No Match Found,no,,,,,,,0,,no,,,,,,,0,,no,,,,,,,0,
226,FFB5-10,Columbia Tools,"Axle - 10""",44.00,regular_price,,0,0,,,,,,No Match Found,no,,,,,,,0,,no,,,,,,,0,,no,,,,,,,0,
227,FFB5-12,Columbia Tools,"Axle - 12""",44.00,regular_price,,0,0,,,,,,No Match Found,no,,,,,,,0,,no,,,,,,,0,,no,,,,,,,0,
228,FFB5-14,Columbia Tools,"Axle - 14""",44.00,regular_price,,0,0,,,,,,No Match Found,no,,,,,,,0,,no,,,,,,,0,,no,,,,,,,0,
229,FFB9-5.5,Columbia Tools,"Blade - 5.5""",18.75,regular_price,,2,0,3.14,4.70,3.92,15.61,14.83,Verified Market Evidence,yes,columbia::ffb955,FFB9-5.5,FFB9-5.5 Columbia Flat Box Blade 5.5in #13783,4.70,4.70,4.70,0,verified_exact_identity,yes,columbia::ffb955,ffb9-5.5,"Columbia Flat Box Blade 5.5"" - FFB9-5.5",3.14,3.14,3.14,0,verified_exact_identity,no,,,,,,,0,
230,FFB9-7,Columbia Tools,"Blade - 7""",22.50,regular_price,,2,0,4.58,305.00,154.79,17.92,-132.29,Verified Market Evidence,yes,columbia::ffb97,FFB9-7,FFB9-7 Columbia Flat Box Blade 7in #6082,4.58,4.58,4.58,0,verified_exact_identity,yes,columbia::ffb97,FFB9-7,"Columbia Flat Box Blade 7"" - FFB9-7",305.00,305.00,305.00,0,verified_exact_identity,no,,,,,,,0,
231,HNS7,Columbia Tools,Blade,,missing_price,,1,0,23.08,23.08,23.08,,,Verified Single-Source,no,,,,,,,0,,no,,,,,,,0,,yes,columbia::hns7,HNS7,"Columbia Nail Spotter Carbide Blade (COLM-HNS7-2, HNS7-3)",23.08,23.08,23.08,0,verified_exact_identity
232,FFB9-8,Columbia Tools,"Blade - 8""",24.95,regular_price,,2,0,4.70,305.00,154.85,20.25,-129.90,Verified Market Evidence,yes,columbia::ffb98,FFB9-8,FFB9-8 Columbia Flat Box Blade 8in #6083,4.70,4.70,4.70,0,verified_exact_identity,yes,columbia::ffb98,FFB9-8,"Columbia Flat Box Blade 8"" - FFB9-8",305.00,305.00,305.00,0,verified_exact_identity,no,,,,,,,0,
233,FFB9-10,Columbia Tools,"Blade - 10""",28.95,regular_price,,1,0,4.15,4.15,4.15,24.80,24.80,Verified Single-Source,no,,,,,,,0,,yes,columbia::ffb910,FFB9-10,"Columbia Flat Box Blade 10"" - FFB9-10",4.15,4.15,4.15,0,verified_exact_identity,no,,,,,,,0,
234,FFB9-12,Columbia Tools,"Blade - 12""",32.50,regular_price,,0,1,,,,,,Review Required,no,,,,,,,0,,no,tapetech::ffb912,FFB9-12,"Columbia Flat Box Blade 12"" - FFB9-12",,,,0,review_only,no,,,,,,,0,
235,FFB9-14,Columbia Tools,"Blade - 14""",36.95,regular_price,,1,1,7.38,7.38,7.38,29.57,29.57,Verified Single-Source + Review Candidates,yes,columbia::ffb914,FFB9-14,FFB9-14 Columbia Flat Box Blade 14 in #13784,7.38,7.38,7.38,0,verified_exact_identity,no,tapetech::ffb914,FFB9-14,"Columbia Flat Box Blade 14"" - FFB9-14",,,,0,review_only,no,,,,,,,0,
236,HNS7-2,Columbia Tools,"Blade - 2""",23.00,regular_price,,0,1,,,,,,Review Required,no,columbia::hns72,HNS7-2,NS7-2 Columbia Nail Spotter 2in Nail Spotter Blade #5889,,,,0,review_only,no,,,,,,,0,,no,,,,,,,0,
237,HNS7-3,Columbia Tools,"Blade - 3""",23.00,regular_price,,0,1,,,,,,Review Required,no,columbia::hns73,HNS7-3,NS7-3 Columbia Nail Spotter 3in Nail Spotter Blade #5890,,,,0,review_only,no,,,,,,,0,,no,,,,,,,0,
238,FFB5A,Columbia Tools,Axel Bushing,3.00,regular_price,,2,0,2.67,3.78,3.22,0.33,-0.22,Verified Market Evidence,yes,columbia::ffb5a,FFB5A,FFB5A Columbia Flat Box Axle Bushing #6114,3.78,3.78,3.78,0,verified_exact_identity,no,,,,,,,0,,yes,columbia::ffb5a,FFB5A,Columbia Axle Bushing (COLM-FFB5A),2.67,2.67,2.67,0,verified_exact_identity
239,MP32,Columbia Tools,Backing Washer Locator,18.95,regular_price,,2,1,1.96,2.85,2.40,16.99,16.54,Verified Market Evidence + Review Candidates,yes,columbia::mp32,MP32,MP32 Columbia Mud Pump Backing Washer Locator #5876,2.85,2.85,2.85,0,verified_exact_identity,no,tapetech::mp32,MP-32,Mud Pump Pump Flapper Valve - MP3,,,,0,review_only,yes,columbia::mp32,MP32,Columbia Backing Washer Locator (COLM-MP32),1.96,1.96,1.96,0,verified_exact_identity
240,FFB8,Columbia Tools,Bar Retainer Clip,2.00,regular_price,,1,0,1.96,1.96,1.96,0.04,0.04,Verified Single-Source,no,,,,,,,0,,no,,,,,,,0,,yes,columbia::ffb8,FFB8,Columbia Bar Retainer Clip (COLM-FFB8),1.96,1.96,1.96,0,verified_exact_identity
241,HNS8,Columbia Tools,Blade Holder,,missing_price,,0,0,,,,,,No Match Found,no,,,,,,,0,,no,,,,,,,0,,no,,,,,,,0,
242,AH9-CLIP,Columbia Tools,Bottom Retainer Corner Clip,,missing_price,,2,0,9.71,12.25,10.98,,,Verified Market Evidence,yes,columbia::ah9,AH9,AH9 Columbia Angle Head Retainer Clip (Long) #5814,12.25,12.25,12.25,0,verified_exact_identity,no,,,,,,,0,,yes,columbia::ah9,AH9,"Columbia 2, 2.5, & 3 in. Bottom Retainer Clip (COLM-AH9)",9.71,9.71,9.71,0,verified_exact_identity
243,CT103,Columbia Tools,Barrel- Main Body,114.11,regular_price,,3,0,129.30,251.06,150.64,-15.19,-36.53,Verified Market Evidence,yes,columbia::ct103,CT103,CT103 Columbia Taper Barrel Main Body #5963,150.64,150.64,150.64,0,verified_exact_identity,yes,columbia::ct103,CT-103,Taper Barrel Main Body - CT103,251.06,251.06,251.06,0,verified_exact_identity,yes,columbia::ct103,CT103,Columbia Barrel (Main Aluminium Tube Body) (COLM-CT103),129.30,129.30,129.30,0,verified_exact_identity
244,CT125A,Columbia Tools,Bearing,19.95,regular_price,,2,1,3.23,4.58,3.90,16.72,16.04,Verified Market Evidence + Review Candidates,yes,columbia::ct125a,CT125A,CT125A Columbia Taper Bearing #5986,4.58,4.58,4.58,0,verified_exact_identity,no,tapetech::ct125a,CT-125A,CT125A - Columbia Taper Bearing,,,,0,review_only,yes,columbia::ct125a,CT125A,Columbia Hand Grip Roller Sleeve (COLM-CT125A),3.23,3.23,3.23,0,verified_exact_identity
245,BH24A,Columbia Tools,Bearing Sleeve,4.00,regular_price,,1,0,3.83,3.83,3.83,0.17,0.17,Verified Single-Source,no,,,,,,,0,,no,,,,,,,0,,yes,columbia::bh24a,BH24A,Columbia Bearing Sleeve for 180 Grip Flat Box Handle (COLM-BH24A),3.83,3.83,3.83,0,verified_exact_identity
246,CFB16,Columbia Tools,Bearing Sleeve,18.75,regular_price,,2,1,5.15,7.28,6.22,13.60,12.54,Verified Market Evidence + Review Candidates,yes,columbia::cfb16,CFB16,CFB16 Columbia Angle Box Bearing Sleeve - Ss #5554,7.28,7.28,7.28,0,verified_exact_identity,no,,CFB16,Angle Box Bearing Sleeve - CFB16,,,,0,review_only,yes,columbia::cfb16,CFB16,Columbia Bearing Sleeve (COLM-CFB16),5.15,5.15,5.15,0,verified_exact_identity
247,CR-3,Columbia Tools,Bearing Sleeve,19.99,regular_price,,2,1,6.48,9.45,7.96,13.51,12.02,Verified Market Evidence + Review Candidates,yes,columbia::cr3,CR3,CR3 Columbia Corner Roller Bearing Sleeve #5563,9.45,9.45,9.45,0,verified_exact_identity,no,,CR3,Marshalltown 3 Inch Corner Roller for Drywall Mud and Paint Application,,,,0,review_only,yes,columbia::cr3,CR3,Columbia Bearing Sleeve (COLM-CR3),6.48,6.48,6.48,0,verified_exact_identity
248,HNS8-2,Columbia Tools,"Blade Holder - 2""",33.00,regular_price,,2,0,32.99,38.44,35.72,0.01,-2.72,Verified Market Evidence,yes,columbia::hns82,"HNS8-2""",HNS8-2 Columbia Nail Spotter Blade Holder 2in #12527,38.44,38.44,38.44,0,verified_exact_identity,no,,,,,,,0,,yes,columbia::hns82,HNS8-2,Columbia Blade Holder for 2 in. Hinged Nail Spotter (COLM-HNS8-2),32.99,32.99,32.99,0,verified_exact_identity
249,HNS8-3,Columbia Tools,"Blade Holder - 3""",33.00,regular_price,,2,0,32.99,38.44,35.72,0.01,-2.72,Verified Market Evidence,yes,columbia::hns83,HNS8-3”,HNS8-3 Columbia Nail Spotter Blade Holder 3in #12528,38.44,38.44,38.44,0,verified_exact_identity,no,,,,,,,0,,yes,columbia::hns83,HNS8-3,Columbia Blade Holder for 3 in. Hinged Nail Spotter (COLM-HNS8-3),32.99,32.99,32.99,0,verified_exact_identity
250,AH9A,Columbia Tools,"Bottom Retainer Corner Clip - 3.5""",11.50,regular_price,,1,2,9.71,9.71,9.71,1.79,1.79,Verified Single-Source + Review Candidates,no,columbia::ah9a,AH9A,AH9-3.5 Columbia Angle Head Retainer Clip (Long) Fat Heads #5815,,,,0,review_only,no,,AH9A,AH9A - Center Clip Assembly,,,,0,review_only,yes,columbia::ah9a,AH9A,Columbia 3.5 in. Bottom Retainer Clip (COLM-AH9A),9.71,9.71,9.71,0,verified_exact_identity
251,BH9,Columbia Tools,Brake Connecting Strap,,missing_price,,0,0,,,,,,No Match Found,no,,,,,,,0,,no,,,,,,,0,,no,,,,,,,0,
252,AH9,Columbia Tools,Bottom Retainer Corner Clip - Standard,10.00,regular_price,,1,1,9.71,9.71,9.71,0.29,0.29,Verified Single-Source + Review Candidates,no,columbia::ah9,AH9,AH9 Columbia Angle Head Retainer Clip (Long) #5814,,,,0,review_only,no,,,,,,,0,,yes,columbia::ah9,AH9,"Columbia 2, 2.5, & 3 in. Bottom Retainer Clip (COLM-AH9)",9.71,9.71,9.71,0,verified_exact_identity
253,BH9-3,Columbia Tools,Brake Connecting Strap - 3',27.00,regular_price,,1,0,24.79,24.79,24.79,2.21,2.21,Verified Single-Source,no,,,,,,,0,,no,,,,,,,0,,yes,columbia::bh93,BH9-3,Columbia 3 ft. Brake Connecting Strap for 180 Grip Flat Box Handle (COLM-BH9-3),24.79,24.79,24.79,0,verified_exact_identity
254,BH9-42,Columbia Tools,"Brake Connecting Strap - 42""",29.00,regular_price,,1,0,26.84,26.84,26.84,2.16,2.16,Verified Single-Source,no,,,,,,,0,,no,,,,,,,0,,yes,columbia::bh942,BH9-42,Columbia 3.5 ft. Brake Connecting Strap for 180 Grip Flat Box Handle (COLM-BH9-42),26.84,26.84,26.84,0,verified_exact_identity
255,BH9-4,Columbia Tools,Brake Connecting Strap - 4',31.00,regular_price,,1,0,28.90,28.90,28.90,2.10,2.10,Verified Single-Source,no,,,,,,,0,,no,,,,,,,0,,yes,columbia::bh94,BH9-4,Columbia 4 ft. Brake Connecting Strap for 180 Grip Flat Box Handle (COLM-BH9-4),28.90,28.90,28.90,0,verified_exact_identity
256,BH9-5,Columbia Tools,Brake Connecting Strap - 5',33.00,regular_price,,1,0,30.96,30.96,30.96,2.04,2.04,Verified Single-Source,no,,,,,,,0,,no,,,,,,,0,,yes,columbia::bh95,BH9-5,Columbia 5 ft. Brake Connecting Strap for 180 Grip Flat Box Handle (COLM-BH9-5),30.96,30.96,30.96,0,verified_exact_identity
257,BH9-6,Columbia Tools,Brake Connecting Strap - 6',35.00,regular_price,,1,0,33.02,33.02,33.02,1.98,1.98,Verified Single-Source,no,,,,,,,0,,no,,,,,,,0,,yes,columbia::bh96,BH9-6,Columbia 6 ft. Brake Connecting Strap for 180 Grip Flat Box Handle (COLM-BH9-6),33.02,33.02,33.02,0,verified_exact_identity
258,HH16A,Columbia Tools,Bleeder Screw,17.00,regular_price,,1,0,4.82,4.82,4.82,12.18,12.18,Verified Single-Source,no,,,,,,,0,,no,,,,,,,0,,yes,columbia::hh16a,HH16A,Columbia Bleeder Screw for Hydra Reach Flat Box Handle (COLM-HH16A),4.82,4.82,4.82,0,verified_exact_identity
259,HH10B,Columbia Tools,Bottom Cap,2.00,regular_price,,0,1,,,,,,Review Required,no,columbia::hh10b,HH10B,COLHH10B Bottom Cap for COL88,,,,0,review_only,no,,,,,,,0,,no,,,,,,,0,
260,CFB8,Columbia Tools,Box Mount,44.00,regular_price,,1,0,52.72,52.72,52.72,-8.72,-8.72,Verified Single-Source,yes,columbia::cfb8,CFB8,CFB8 Columbia Angle Box Handle Mount Casting #5549,52.72,52.72,52.72,0,verified_exact_identity,no,,,,,,,0,,no,,,,,,,0,
261,FFB36,Columbia Tools,Box Wheel,5.00,regular_price,,0,0,,,,,,No Match Found,no,,,,,,,0,,no,,,,,,,0,,no,,,,,,,0,
262,CT87A,Columbia Tools,Bracket Brace,14.50,regular_price,,2,0,7.77,10.98,9.38,6.73,5.12,Verified Market Evidence,yes,columbia::ct87a,CT87A,CT87A Columbia Taper Bracket Base #5860,10.98,10.98,10.98,0,verified_exact_identity,no,,,,,,,0,,yes,columbia::ct87a,CT87A,Columbia Bracket Base (COLM-CT87A),7.77,7.77,7.77,0,verified_exact_identity
263,HH7,Columbia Tools,Brake,22.00,regular_price,,1,0,26.52,26.52,26.52,-4.52,-4.52,Verified Single-Source,yes,columbia::hh7,HH7,HH7 Columbia Hydra Handle Brake #6148,26.52,26.52,26.52,0,verified_exact_identity,no,,,,,,,0,,no,,,,,,,0,
264,MH9A,Columbia Tools,Brake Activation Rod,24.00,regular_price,,0,0,,,,,,No Match Found,no,,,,,,,0,,no,,,,,,,0,,no,,,,,,,0,
265,CT16,Columbia Tools,Brake Dog,15.00,regular_price,,1,0,16.16,16.16,16.16,-1.16,-1.16,Verified Single-Source,no,,,,,,,0,,no,,,,,,,0,,yes,columbia::ct16,CT16,Columbia Brake Dog (COLM-CT16),16.16,16.16,16.16,0,verified_exact_identity
266,HH13,Columbia Tools,Brake Pin,16.00,regular_price,,1,0,19.46,19.46,19.46,-3.46,-3.46,Verified Single-Source,yes,columbia::hh13,HH13,HH13 Columbia Hydra Handle Brake Pin #6150,19.46,19.46,19.46,0,verified_exact_identity,no,,,,,,,0,,no,,,,,,,0,
267,HH14,Columbia Tools,Brake Piston,17.00,regular_price,,1,0,17.42,17.42,17.42,-0.42,-0.42,Verified Single-Source,no,,,,,,,0,,no,,,,,,,0,,yes,columbia::hh14,HH14,Columbia Brake Cylinder Piston for Hydra Reach Flat Box Handle (COLM-HH14),17.42,17.42,17.42,0,verified_exact_identity
268,MH8,Columbia Tools,Brake Rod Bushing,8.00,regular_price,,0,0,,,,,,No Match Found,no,,,,,,,0,,no,,,,,,,0,,no,,,,,,,0,
269,HH12,Columbia Tools,Brake Spring,5.00,regular_price,,1,0,6.55,6.55,6.55,-1.55,-1.55,Verified Single-Source,yes,columbia::hh12,HH12,HH12 Columbia Hydra Handle Brake Spring #6149,6.55,6.55,6.55,0,verified_exact_identity,no,,,,,,,0,,no,,,,,,,0,
270,HH-BRASS-CONNECTOR,Columbia Tools,Brass Connector,,missing_price,,0,0,,,,,,No Match Found,no,,,,,,,0,,no,,,,,,,0,,no,,,,,,,0,
271,HH17A,Columbia Tools,Brass Connector - 1,5.00,regular_price,,1,0,6.80,6.80,6.80,-1.80,-1.80,Verified Single-Source,yes,columbia::hh17a,HH17A,13714,6.80,6.80,6.80,0,verified_exact_identity,no,,,,,,,0,,no,,,,,,,0,
272,HH17B,Columbia Tools,Brass Connector - 2,5.00,regular_price,,2,0,4.76,6.80,5.78,0.24,-0.78,Verified Market Evidence,yes,columbia::hh17b,HH17B,13715,6.80,6.80,6.80,0,verified_exact_identity,no,,,,,,,0,,yes,columbia::hh17b,HH17B,Columbia Brass Connector #2 for Hydra Reach Flat Box Handle (COLM-HH17B),4.76,4.76,4.76,0,verified_exact_identity
273,CT72,Columbia Tools,Cable,10.00,regular_price,,1,0,7.77,7.77,7.77,2.23,2.23,Verified Single-Source,no,,,,,,,0,,no,,,,,,,0,,yes,columbia::ct72,CT72,Columbia Plunger Cable (COLM-CT72),7.77,7.77,7.77,0,verified_exact_identity
274,CT73,Columbia Tools,Cable Drum,34.23,regular_price,,3,1,38.77,46.53,45.16,-4.54,-10.93,Verified Market Evidence + Review Candidates,yes,columbia::ct73,CT73,CT73 Columbia Taper Cable Drum #5846,45.16,45.16,45.16,0,verified_exact_identity,yes,columbia::ct73,CT-73,Taper Cable Drum - CT73,46.53,46.53,46.53,1,verified_exact_identity,yes,columbia::ct73,CT73,Columbia Cable Drum - Stainless Steel (COLM-CT73),38.77,38.77,38.77,0,verified_exact_identity
275,BH26,Columbia Tools,Cam,21.95,regular_price,,3,0,8.25,12.38,9.62,13.70,12.33,Verified Market Evidence,yes,columbia::bh26,BH26,BH26 Columbia Box Handle Cam for 180 Handle #11575,12.38,12.38,12.38,0,verified_exact_identity,yes,columbia::bh26,BH26,Box Handle Cam for 180 Handle - BH26,9.62,9.62,9.62,0,verified_exact_identity,yes,columbia::bh26,BH26,Columbia Cam for 180 Grip Flat Box Handle (COLM-BH26),8.25,8.25,8.25,0,verified_exact_identity
276,BH7,Columbia Tools,Cam Follower,15.00,regular_price,,1,0,13.43,13.43,13.43,1.57,1.57,Verified Single-Source,no,,,,,,,0,,no,,,,,,,0,,yes,columbia::bh7,BH7,Columbia Cam Follower for 180 Grip Flat Box Handle (COLM-BH7),13.43,13.43,13.43,0,verified_exact_identity
277,HH19,Columbia Tools,Cap,17.00,regular_price,,0,0,,,,,,No Match Found,no,,,,,,,0,,no,,,,,,,0,,no,,,,,,,0,
278,CT35,Columbia Tools,Cap Reinforcing Tab,4.00,regular_price,,2,0,3.23,4.58,3.90,0.77,0.10,Verified Market Evidence,yes,columbia::ct35,CT35,CT35 Columbia Taper Cap Reinforcing Tab #5608,4.58,4.58,4.58,0,verified_exact_identity,no,,,,,,,0,,yes,columbia::ct35,CT35,Columbia Cap Reinforcing Tab (COLM-CT35),3.23,3.23,3.23,0,verified_exact_identity
279,CT55,Columbia Tools,Carriage Guide Rod,12.00,regular_price,,2,0,12.93,15.06,14.00,-0.93,-2.00,Verified Market Evidence,yes,columbia::ct55,CT55,CT55 Columbia Taper Carriage Guide Rod #5831,15.06,15.06,15.06,0,verified_exact_identity,no,,,,,,,0,,yes,columbia::ct55,CT55,Columbia Carriage Guide Rod (COLM-CT55),12.93,12.93,12.93,0,verified_exact_identity
280,CT56,Columbia Tools,Carriage Guide Rod Stop,7.00,regular_price,,2,0,6.48,9.18,7.83,0.52,-0.83,Verified Market Evidence,yes,columbia::ct56,CT56,CT56 Columbia Taper Carriage Guide Rod Stop #5832,9.18,9.18,9.18,0,verified_exact_identity,no,,,,,,,0,,yes,columbia::ct56,CT56,Columbia Carriage Guide Rod Stop (COLM-CT56),6.48,6.48,6.48,0,verified_exact_identity
281,CT31,Columbia Tools,Chain Tension & Guide Bracket,6.00,regular_price,,1,1,5.82,5.82,5.82,0.18,0.18,Verified Single-Source + Review Candidates,no,columbia::ct31,CT31,CT31 Columbia Taper Chain Tension & Guide Bracke #5604,,,,0,review_only,no,,,,,,,0,,yes,columbia::ct31,CT31,Columbia Chain Tension & Guide Bracke (COLM-CT31),5.82,5.82,5.82,0,verified_exact_identity
282,CT83,Columbia Tools,Clutch Dog,3.00,regular_price,,2,0,3.23,4.70,3.96,-0.23,-0.96,Verified Market Evidence,yes,columbia::ct83,CT83,CT83 Columbia Taper Clutch Dog #5855,4.70,4.70,4.70,0,verified_exact_identity,no,,,,,,,0,,yes,columbia::ct83,CT83,Columbia Clutch Dog (COLM-CT83),3.23,3.23,3.23,0,verified_exact_identity
283,CT82,Columbia Tools,Clutch Lever,19.75,regular_price,,2,1,25.84,30.12,27.98,-6.09,-8.23,Verified Market Evidence + Review Candidates,yes,columbia::ct82,CT82,CT82 Columbia Taper Clutch Lever #5854,30.12,30.12,30.12,0,verified_exact_identity,no,tapetech::ct82,CT82,Taper Clutch Lever - CT82,,,,0,review_only,yes,columbia::ct82,CT82,Columbia Clutch Lever (COLM-CT82),25.84,25.84,25.84,0,verified_exact_identity
284,CT88,Columbia Tools,Clutch Release Rod,16.50,regular_price,,2,1,15.52,18.10,16.81,0.98,-0.31,Verified Market Evidence + Review Candidates,yes,columbia::ct88,CT88,CT88 Columbia Taper Clutch Release Rod #5862,18.10,18.10,18.10,0,verified_exact_identity,no,tapetech::ct88,CT-88,Taper Clutch Release Rod - CT88,,,,0,review_only,yes,columbia::ct88,CT88,Columbia Clutch Release Rod (COLM-CT88),15.52,15.52,15.52,0,verified_exact_identity
285,CT85,Columbia Tools,Clutch Release Shaft,40.00,regular_price,,2,0,38.77,45.18,41.98,1.23,-1.98,Verified Market Evidence,yes,columbia::ct85,CT85,CT85 Columbia Taper Clutch Release Shaft #5857,45.18,45.18,45.18,0,verified_exact_identity,no,,,,,,,0,,yes,columbia::ct85,CT85,Columbia Clutch Release Shaft (COLM-CT85),38.77,38.77,38.77,0,verified_exact_identity
286,CT81,Columbia Tools,Clutch Return Spring,3.00,regular_price,,2,0,2.60,3.68,3.14,0.40,-0.14,Verified Market Evidence,yes,columbia::ct81,CT81,CT81 Columbia Taper Clutch Return Spring #5853,3.68,3.68,3.68,0,verified_exact_identity,no,,,,,,,0,,yes,columbia::ct81,CT81,Columbia Clutch Return Spring (COLM-CT81),2.60,2.60,2.60,0,verified_exact_identity
287,HH9,Columbia Tools,Coiled Hydraulic Line,40.00,regular_price,,2,0,44.20,50.01,47.10,-4.20,-7.10,Verified Market Evidence,yes,columbia::hh9,HH9,Columbia Coiled Hydraulic Hose for COL88,50.01,50.01,50.01,0,verified_exact_identity,no,,,,,,,0,,yes,columbia::hh9,HH9,Columbia Coiled Hydraulic Line for Hydra Reach Flat Box Handle (COLM-HH9),44.20,44.20,44.20,0,verified_exact_identity
288,HP44,Columbia Tools,Collar O-Ring,2.00,regular_price,,2,0,1.62,2.35,1.98,0.38,0.02,Verified Market Evidence,yes,columbia::hp44,HP44,HP44 Columbia Mud Pump Collar O-Ring #6153,2.35,2.35,2.35,0,verified_exact_identity,no,,,,,,,0,,yes,columbia::hp44,HP44,"Columbia Collar ""O"" Ring (COLM-HP44)",1.62,1.62,1.62,0,verified_exact_identity
289,AHA,Columbia Tools,Angle Head Adapter,24.87,regular_price,,2,0,24.87,24.88,24.88,0.00,-0.00,Verified Market Evidence,no,,,,,,,0,,yes,columbia::aha,AHA,Columbia Angle Head Ball Adapter,24.87,24.87,24.87,0,verified_exact_identity,yes,columbia::aha,AHA,Columbia Angle Head Adaptor,24.88,24.88,24.88,0,verified_exact_identity
290,CMH,Columbia Tools,Columbia Closet Monster Handle,123.28,regular_price,,3,0,113.56,113.99,113.56,9.72,9.72,Verified Market Evidence,yes,columbia::cmh,CMH,"Columbia Closet Monster 18"" Handle",113.99,113.99,113.99,0,verified_exact_identity,yes,columbia::cmh,CMH,"Columbia Closet Monster 18"" Flat Box Handle",113.56,113.56,113.56,0,verified_exact_identity,yes,columbia::cmh,CMH,Columbia Closet Monster Flat Box Handle,113.56,113.56,113.56,0,verified_exact_identity
291,HNS4,Columbia Tools,Door,,missing_price,,0,0,,,,,,No Match Found,no,,,,,,,0,,no,,,,,,,0,,no,,,,,,,0,
292,CC,Columbia Tools,Columbia Corner Cobra,401.00,regular_price,,3,0,367.70,368.00,367.71,33.30,33.29,Verified Market Evidence,yes,columbia::cc,CC,Columbia Corner Cobra Adjustable Roller,368.00,368.00,368.00,0,verified_exact_identity,yes,columbia::cc,CC,Columbia Corner Cobra Adjustable Inside & Outside Corner Roller,367.71,367.71,367.71,0,verified_exact_identity,yes,columbia::cc,CC,Columbia Corner Cobra,367.70,367.70,367.70,0,verified_exact_identity
293,CR,Columbia Tools,Columbia Corner Roller,167.63,regular_price,,2,1,162.75,167.63,165.19,4.88,2.44,Verified Market Evidence + Review Candidates,yes,columbia::cr,CR,Columbia Corner Roller Head Only,162.75,162.75,162.75,0,verified_exact_identity,yes,columbia::cr,CR,Columbia Corner Roller,167.63,167.63,167.63,0,verified_exact_identity,no,tapetech::cr,CR,"TapeTech Corner Roller and Handles (TAPE-15TTE, FHTT, XHTT)",,,,0,review_only
294,CT86,Columbia Tools,CT86 – Toe Kicker Cable,17.12,regular_price,,2,1,19.41,22.60,21.00,-2.29,-3.88,Verified Market Evidence + Review Candidates,yes,columbia::ct86,CT86,CT86 Columbia Taper Toe Kicker Cable #5858,22.60,22.60,22.60,0,verified_exact_identity,no,,CT-86,Taper Toe Kicker Cable - CT86,,,,0,review_only,yes,columbia::ct86,CT86,Columbia Toe Kicker Cable (COLM-CT86),19.41,19.41,19.41,0,verified_exact_identity
295,FA259,Columbia Tools,"FA259 8-32 X 5/16"" Binder Slot",1.00,regular_price,,1,0,0.55,0.55,0.55,0.45,0.45,Verified Single-Source,no,,,,,,,0,,no,,,,,,,0,,yes,columbia::fa259,FA259,Columbia 8-32 x 5/16 in. Binder Slot Screw (COLM-FA259),0.55,0.55,0.55,0,verified_exact_identity
296,FA292,Columbia Tools,FA292 1/4-20 Nyloc Jam Nut,3.15,regular_price,,2,0,1.36,1.93,1.64,1.79,1.50,Verified Market Evidence,yes,columbia::fa292,FA292,FA292 Columbia 1/4-20 Nyloc Jam Nut #6043,1.93,1.93,1.93,0,verified_exact_identity,no,,,,,,,0,,yes,columbia::fa292,FA292,Columbia -20 Nyloc Jam Nut (COLM-FA292),1.36,1.36,1.36,0,verified_exact_identity
297,HNS4-2,Columbia Tools,"Door - 2""",33.00,regular_price,,1,0,37.32,37.32,37.32,-4.32,-4.32,Verified Single-Source,yes,columbia::hns42,"HNS42""",HNS42 Columbia Nail Spotter Door 2in #12522,37.32,37.32,37.32,0,verified_exact_identity,no,,,,,,,0,,no,,,,,,,0,
298,HNS4-3,Columbia Tools,"Door - 3""",33.00,regular_price,,1,0,37.32,37.32,37.32,-4.32,-4.32,Verified Single-Source,yes,columbia::hns43,HNS43”,HNS43 Columbia Nail Spotter Door 3in #12523,37.32,37.32,37.32,0,verified_exact_identity,no,,,,,,,0,,no,,,,,,,0,
299,FA311,Columbia Tools,"FA311 1/4-28 X 1/2"" Socket Head",2.00,regular_price,,1,0,1.53,1.53,1.53,0.47,0.47,Verified Single-Source,no,,,,,,,0,,no,,,,,,,0,,yes,columbia::fa311,FA311,Columbia -28 x  in. Socket Head Screw (COLM-FA311),1.53,1.53,1.53,0,verified_exact_identity
300,FA315,Columbia Tools,"FA315 10-32 X 3/8"" Flat Socket Head",2.00,regular_price,,1,0,2.10,2.10,2.10,-0.10,-0.10,Verified Single-Source,yes,columbia::fa315,FA315,13720,2.10,2.10,2.10,0,verified_exact_identity,no,,,,,,,0,,no,,,,,,,0,
301,PCLT42,Columbia Tools,Columbia Predator Camlock Tube,368.05,regular_price,,0,0,,,,,,No Match Found,no,,,,,,,0,,no,,,,,,,0,,no,,,,,,,0,
302,PCMT42,Columbia Tools,"Columbia Predator Compound Tube 42""",274.93,regular_price,,0,0,,,,,,No Match Found,no,,,,,,,0,,no,,,,,,,0,,no,,,,,,,0,
303,PHMP,Columbia Tools,Columbia Predator Mud Pump,496.42,regular_price,,1,0,496.42,496.42,496.42,0.00,0.00,Verified Single-Source,no,,,,,,,0,,yes,columbia::phmp,PHMP,Columbia Predator Mud Pump,496.42,496.42,496.42,0,verified_exact_identity,no,,,,,,,0,
304,SAT,Columbia Tools,Columbia Semi Automatic Taper,244.50,regular_price,,2,4,243.32,243.99,243.66,1.18,0.84,Verified Market Evidence + Review Candidates,yes,columbia::sat,SAT,Columbia Semi Auto Drywall Taping Tool,243.99,243.99,243.99,1,verified_exact_identity,no,,TAPER,Columbia Automatic Taper,,,,1,review_only,yes,columbia::sat,SAT,Columbia Semi Automatic Taper,243.32,243.32,243.32,1,verified_exact_identity
305,CFB5B,Columbia Tools,Cone Ball,16.00,regular_price,,1,0,19.46,19.46,19.46,-3.46,-3.46,Verified Single-Source,yes,columbia::cfb5b,CFB5B,Columbia Mud Tube Auto-Tool Ball End,19.46,19.46,19.46,0,verified_exact_identity,no,,,,,,,0,,no,,,,,,,0,
306,CT132,Columbia Tools,Connecting Link,2.00,regular_price,,1,1,3.87,3.87,3.87,-1.87,-1.87,Verified Single-Source + Review Candidates,no,,,,,,,0,,no,,FLP-07,3 - Connecting Link,,,,0,review_only,yes,columbia::ct132,CT132,Columbia Connecting Link (S-Hook)  (COLM-CT132),3.87,3.87,3.87,0,verified_exact_identity
307,MH7,Columbia Tools,Connecting Link Fork,29.00,regular_price,,0,0,,,,,,No Match Found,no,,,,,,,0,,no,,,,,,,0,,no,,,,,,,0,
308,MH5,Columbia Tools,Connecting Link Pin,5.00,regular_price,,0,0,,,,,,No Match Found,no,,,,,,,0,,no,,,,,,,0,,no,,,,,,,0,
309,CT45,Columbia Tools,Connecting Rod,22.95,regular_price,,2,1,17.46,20.34,18.90,5.49,4.05,Verified Market Evidence + Review Candidates,yes,columbia::ct45,CT45,CT45 Columbia Taper Connecting Rod (Includes CT46 Stop) #5619,20.34,20.34,20.34,0,verified_exact_identity,no,,CT-45,Taper Connecting Rod - CT45,,,,0,review_only,yes,columbia::ct45,CT45,Columbia Connecting Rod (Now one piece Includes CT46 Rod Stop) 2005+ (COLM-CT45),17.46,17.46,17.46,0,verified_exact_identity
310,MH16,Columbia Tools,Connecting Rod Housing,8.00,regular_price,,0,0,,,,,,No Match Found,no,,,,,,,0,,no,,,,,,,0,,no,,,,,,,0,
311,CT112,Columbia Tools,Connecting Stud,11.00,regular_price,,2,0,10.85,12.64,11.74,0.15,-0.74,Verified Market Evidence,yes,columbia::ct112,CT112,CT112 Columbia Taper Connecting Stud #5970,12.64,12.64,12.64,0,verified_exact_identity,no,,,,,,,0,,yes,columbia::ct112,CT112,Columbia Slotted Piston Connecting Stud (COLM-CT112),10.85,10.85,10.85,0,verified_exact_identity
312,CT104,Columbia Tools,Connection Strap,18.95,regular_price,,2,0,11.64,22.00,16.82,7.31,2.13,Verified Market Evidence,no,,,,,,,0,,yes,columbia::ct104,CT-104,Taper Connection Strap - CT104,22.00,22.00,22.00,0,verified_exact_identity,yes,columbia::ct104,CT104,Columbia Crimper lever Connection Strap (COLM-CT104),11.64,11.64,11.64,0,verified_exact_identity
313,CT105,Columbia Tools,Crimper Lever,34.50,regular_price,,2,1,29.72,34.62,32.17,4.78,2.33,Verified Market Evidence + Review Candidates,yes,columbia::ct105,CT105,CT105 Columbia Taper Crimper Lever #5965,34.62,34.62,34.62,0,verified_exact_identity,no,tapetech::ct105,CT-105,Taper Crimper Lever - CT105,,,,0,review_only,yes,columbia::ct105,CT105,Columbia Crimper Lever (COLM-CT105),29.72,29.72,29.72,0,verified_exact_identity
314,CT10A,Columbia Tools,Crimping Arm Shaft Bushing - L,13.95,regular_price,,2,1,4.85,7.08,5.96,9.10,7.98,Verified Market Evidence + Review Candidates,yes,columbia::ct10a,CT10A,CT10A Columbia Taper Crimping Arm Bushing Left #5584,7.08,7.08,7.08,0,verified_exact_identity,no,tapetech::ct10a,CT10A,Taper Crimping Arm Bushing Left - CT10A,,,,0,review_only,yes,columbia::ct10a,CT10A,Columbia Crimping Arm Bushing - Left (COLM-CT10A),4.85,4.85,4.85,0,verified_exact_identity
315,CT47,Columbia Tools,Crimping Wheel,18.95,regular_price,,2,0,12.93,15.06,14.00,6.02,4.96,Verified Market Evidence,yes,columbia::ct47,CT47,CT47 Columbia Taper Crimping Wheel #5621,15.06,15.06,15.06,0,verified_exact_identity,no,,,,,,,0,,yes,columbia::ct47,CT47,Columbia Crimping Wheel (COLM-CT47),12.93,12.93,12.93,0,verified_exact_identity
316,CT50,Columbia Tools,Crimping Wheel Bushing,6.00,regular_price,,2,0,5.82,8.23,7.02,0.18,-1.02,Verified Market Evidence,yes,columbia::ct50,CT50,CT50 Columbia Taper Crimping Wheel Bushing #5624,8.23,8.23,8.23,0,verified_exact_identity,no,,,,,,,0,,yes,columbia::ct50,CT50,Columbia Crimping Wheel Bushing (COLM-CT50),5.82,5.82,5.82,0,verified_exact_identity
317,CR4,Columbia Tools,Cut Washer,3.00,regular_price,,2,0,3.80,5.40,4.60,-0.80,-1.60,Verified Market Evidence,yes,columbia::cr4,CR4,CR4 Columbia Corner Roller Washer #5564,5.40,5.40,5.40,0,verified_exact_identity,no,,,,,,,0,,yes,columbia::cr4,CR4,Columbia Cut Washer (COLM-CR4),3.80,3.80,3.80,0,verified_exact_identity
318,CT42A,Columbia Tools,Diamond Blade,2.00,regular_price,,1,0,1.96,1.96,1.96,0.04,0.04,Verified Single-Source,no,,,,,,,0,,no,,,,,,,0,,yes,columbia::ct42a,CT42A,"Columbia Pyramid/Diamond Blades, Commercial Grade (COLM-CT42A)",1.96,1.96,1.96,0,verified_exact_identity
319,CT13,Columbia Tools,Dog Base Bracket,16.00,regular_price,,2,0,12.41,14.46,13.44,3.59,2.56,Verified Market Evidence,yes,columbia::ct13,CT13,Columbia Taper Dog Base Bracket,14.46,14.46,14.46,0,verified_exact_identity,no,,,,,,,0,,yes,columbia::ct13,CT13,Columbia Dog Base Bracket (COLM-CT13),12.41,12.41,12.41,0,verified_exact_identity
320,CFB4,Columbia Tools,Door,,missing_price,,0,0,,,,,,No Match Found,no,,,,,,,0,,no,,,,,,,0,,no,,,,,,,0,
321,HNS15,Columbia Tools,Door Gasket,,missing_price,,0,0,,,,,,No Match Found,no,,,,,,,0,,no,,,,,,,0,,no,,,,,,,0,
322,CFB7,Columbia Tools,Door Gasket,,missing_price,,0,0,,,,,,No Match Found,no,,,,,,,0,,no,,,,,,,0,,no,,,,,,,0,
323,HNS-DOOR-SPRING,Columbia Tools,Door Spring,,missing_price,,0,0,,,,,,No Match Found,no,,,,,,,0,,no,,,,,,,0,,no,,,,,,,0,
324,CFB4-7,Columbia Tools,"Door - 7""",42.50,regular_price,,1,1,12.93,12.93,12.93,29.57,29.57,Verified Single-Source + Review Candidates,no,columbia::cfb47,CFB4-7,"CFB4-7 Pressure Door for 7CFB Angle Box - 6.125""",,,,0,review_only,no,,,,,,,0,,yes,columbia::cfb47,CFB4-7,Columbia 7 in. Corner Box Door (COLM-CFB4-7),12.93,12.93,12.93,0,verified_exact_identity
325,CFB4-8,Columbia Tools,"Door - 8""",46.95,regular_price,,1,1,12.93,12.93,12.93,34.02,34.02,Verified Single-Source + Review Candidates,no,columbia::cfb48,CFB4-8,"CFB4-8 Pressure Door for 8CFB Angle Box - 7.0625""",,,,0,review_only,no,,,,,,,0,,yes,columbia::cfb48,CFB4-8,Columbia 8 in. Corner Box Door (COLM-CFB4-8),12.93,12.93,12.93,0,verified_exact_identity
326,HNS15-2,Columbia Tools,"Door Gasket - 2""",36.00,regular_price,,2,0,37.54,43.74,40.64,-1.54,-4.64,Verified Market Evidence,yes,columbia::hns152,HNS15-2”,HNS15-2 Columbia Nail Spotter Door Gasket 2in #12536,43.74,43.74,43.74,0,verified_exact_identity,no,,,,,,,0,,yes,columbia::hns152,HNS15-2,Columbia Door Gasket for 2 in. Hinged Nail Spotter (COLM-HNS15-2),37.54,37.54,37.54,0,verified_exact_identity
327,HNS15-3,Columbia Tools,"Door Gasket - 3""",35.00,regular_price,,2,0,37.54,43.74,40.64,-2.54,-5.64,Verified Market Evidence,yes,columbia::hns153,HNS15-3”,HNS15-3 Columbia Nail Spotter Door Gasket 3in #12537,43.74,43.74,43.74,0,verified_exact_identity,no,,,,,,,0,,yes,columbia::hns153,HNS15-3,Columbia Door Gasket for 3 in. Hinged Nail Spotter (COLM-HNS15-3),37.54,37.54,37.54,0,verified_exact_identity
328,CFB7-7,Columbia Tools,"Door Gasket - 7""",34.23,regular_price,,1,1,38.77,38.77,38.77,-4.54,-4.54,Verified Single-Source + Review Candidates,no,columbia::cfb77,CFB7-7,"CFB7-7 Columbia Angle Box Angle Box Door Gasket 6.1""",,,,0,review_only,no,,,,,,,0,,yes,columbia::cfb77,CFB7-7,"Columbia Corner Box Door Gasket 7"" (COLM-CFB7-7)",38.77,38.77,38.77,0,verified_exact_identity
329,CFB7-8,Columbia Tools,"Door Gasket - 8""",34.23,regular_price,,1,1,38.77,38.77,38.77,-4.54,-4.54,Verified Single-Source + Review Candidates,no,columbia::cfb78,CFB7-8,"CFB7-8 Door Gasket for 8CFB Angle Box - 7.125""",,,,0,review_only,no,,,,,,,0,,yes,columbia::cfb78,CFB7-8,"Columbia Corner Box Door Gasket 8"" (COLM-CFB7-8)",38.77,38.77,38.77,0,verified_exact_identity
330,HNS10A,Columbia Tools,Door Spring - Short,18.75,regular_price,,2,1,4.16,6.05,5.10,14.59,13.64,Verified Market Evidence + Review Candidates,yes,columbia::hns10a,HNS10A,HNS10A Columbia Nail Spotter Door Spring Short- Right #12532,6.05,6.05,6.05,0,verified_exact_identity,no,,HNS10A,Nail Spotter Door Spring Short- Right - HNS10A,,,,0,review_only,yes,columbia::hns10a,HNS10A,Columbia Door Spring Short for Hinged Nail Spotter (COLM-HNS10A),4.16,4.16,4.16,0,verified_exact_identity
331,CT-SPROCKET,Columbia Tools,Drive Sprocket,,missing_price,,2,0,15.52,22.63,19.08,,,Verified Market Evidence,yes,columbia::ct71,CT71,CT71 Columbia Taper Drive Sprocket Small #5844,22.63,22.63,22.63,0,verified_exact_identity,no,,,,,,,0,,yes,columbia::ct71,CT71,Columbia Drive Sprocket - Small (COLM-CT71),15.52,15.52,15.52,0,verified_exact_identity
332,HNS10,Columbia Tools,Door Spring - Long,18.75,regular_price,,2,1,4.51,6.38,5.44,14.24,13.30,Verified Market Evidence + Review Candidates,yes,columbia::hns10,HNS10,HNS10 Columbia Nail Spotter Door Spring Long- Left #12531,6.38,6.38,6.38,0,verified_exact_identity,no,,HNS10,Nail Spotter Door Spring Long- Left - HNS10,,,,0,review_only,yes,columbia::hns10,HNS10,Columbia Nail Spotter Door Spring (COLM-HNS10),4.51,4.51,4.51,0,verified_exact_identity
333,CT71,Columbia Tools,Drive Sprocket - Small,15.00,regular_price,,2,0,15.52,22.63,19.08,-0.52,-4.08,Verified Market Evidence,yes,columbia::ct71,CT71,CT71 Columbia Taper Drive Sprocket Small #5844,22.63,22.63,22.63,0,verified_exact_identity,no,,,,,,,0,,yes,columbia::ct71,CT71,Columbia Drive Sprocket - Small (COLM-CT71),15.52,15.52,15.52,0,verified_exact_identity
334,CT77,Columbia Tools,Drive Sprocket - Large,57.02,regular_price,,2,1,64.63,75.30,69.96,-7.61,-12.94,Verified Market Evidence + Review Candidates,yes,columbia::ct77,CT77,CT77 Columbia Taper Drive Sprocket Large #5848,75.30,75.30,75.30,0,verified_exact_identity,no,tapetech::ct77,CT-77,Taper Drive Sprocket Large - CT77,,,,0,review_only,yes,columbia::ct77,CT77,Columbia Drive Sprocket - Large (COLM-CT77),64.63,64.63,64.63,0,verified_exact_identity
335,CFB15,Columbia Tools,Door Hinge,24.95,regular_price,,2,1,25.84,30.10,27.97,-0.89,-3.02,Verified Market Evidence + Review Candidates,yes,columbia::cfb15,CFB15,CFB15 Columbia Angle Box Door Hinge #5552,30.10,30.10,30.10,0,verified_exact_identity,no,tapetech::cfb15,CFB-15,Angle Box Door Hinge - CFB15,,,,0,review_only,yes,columbia::cfb15,CFB15,Columbia Door Hinge (COLM-CFB15),25.84,25.84,25.84,0,verified_exact_identity
336,FFB17,Columbia Tools,Door Spring,5.00,regular_price,,1,1,4.53,4.53,4.53,0.47,0.47,Verified Single-Source + Review Candidates,no,columbia::ffb17,FFB1-7,"FFB1-7 Columbia 7"" Flat Box Rear Plate",,,,0,review_only,no,,,,,,,0,,yes,columbia::ffb17,FFB17,Columbia Door Spring (a.k.a. Pressure Plate Spring) (COLM-FFB17),4.53,4.53,4.53,0,verified_exact_identity
337,FFB16,Columbia Tools,Door Spring Nut,5.00,regular_price,,2,0,5.20,7.35,6.28,-0.20,-1.28,Verified Market Evidence,yes,columbia::ffb16,FFB16,FFB16 Columbia Flat Box Door Spring Nut #6100,7.35,7.35,7.35,0,verified_exact_identity,no,,,,,,,0,,yes,columbia::ffb16,FFB16,Columbia Door Spring Nut (a.k.a. Spring Anchor) (COLM-FFB16),5.20,5.20,5.20,0,verified_exact_identity
338,CFB11A,Columbia Tools,Door Stop,3.00,regular_price,,1,0,3.68,3.68,3.68,-0.68,-0.68,Verified Single-Source,yes,columbia::cfb11a,CFB11A,CFB11A Columbia Angle Box Door Stop #5551,3.68,3.68,3.68,0,verified_exact_identity,no,,,,,,,0,,no,,,,,,,0,
339,FFB32,Columbia Tools,Door Stop,3.00,regular_price,,2,0,2.60,3.78,3.19,0.40,-0.19,Verified Market Evidence,yes,columbia::ffb32,FFB32,FFB32 Columbia Flat Box Thumb Release Clip,3.78,3.78,3.78,0,verified_exact_identity,no,,,,,,,0,,yes,columbia::ffb32,FFB32,Columbia Old Style Door Stop (Screw Type) (COLM-FFB32),2.60,2.60,2.60,0,verified_exact_identity
340,CT78,Columbia Tools,Drive Chain,75.30,regular_price,,2,0,85.33,99.40,92.36,-10.03,-17.06,Verified Market Evidence,yes,columbia::ct78,CT78,CT78 Columbia Taper Drive Chain #5850,99.40,99.40,99.40,0,verified_exact_identity,no,,,,,,,0,,yes,columbia::ct78,CT78,Columbia Drive Chain (COLM-CT78),85.33,85.33,85.33,0,verified_exact_identity
341,AH7,Columbia Tools,Frame Tension Spring,,missing_price,,0,1,,,,,,Review Required,no,,,,,,,0,,no,columbia::ah7,ah-7,5 - Hex Head Custom Screw (AH-7),,,,0,review_only,no,,,,,,,0,
342,CT70,Columbia Tools,Drive Shaft,33.00,regular_price,,2,0,32.32,37.64,34.98,0.68,-1.98,Verified Market Evidence,yes,columbia::ct70,CT70,CT70 Columbia Taper Drive Shaft #5843,37.64,37.64,37.64,0,verified_exact_identity,no,,,,,,,0,,yes,columbia::ct70,CT70,Columbia Drive Shaft (COLM-CT70),32.32,32.32,32.32,0,verified_exact_identity
343,CT87,Columbia Tools,Engraved Cover Plate Cap,42.00,regular_price,,0,0,,,,,,No Match Found,no,,,,,,,0,,no,,,,,,,0,,no,,,,,,,0,
344,HH5,Columbia Tools,Extension Housing,33.00,regular_price,,0,1,,,,,,Review Required,no,columbia::hh5,HH5,COLHH5 Extension Housing for COL88,,,,0,review_only,no,,,,,,,0,,no,,,,,,,0,
345,HH30,Columbia Tools,Extension Release Trigger,14.25,regular_price,,1,2,18.08,18.08,18.08,-3.83,-3.83,Verified Single-Source + Review Candidates,no,columbia::hh30,HH30,COLHH30 Columbia Hydra Handle Extension Release Clip,,,,0,review_only,no,tapetech::hh30,HH30,Handle Extension Release Clip - HH30,,,,0,review_only,yes,columbia::hh30,HH30,Columbia Extension Release Clip for Hydra Reach Flat Box Handle (COLM-HH30),18.08,18.08,18.08,0,verified_exact_identity
346,CT130,Columbia Tools,Extension Shaft,32.50,regular_price,,3,0,21.94,27.14,23.29,10.56,9.21,Verified Market Evidence,yes,columbia::ct130,CT130,CT130 Columbia Taper Extension Shaft #5993,27.14,27.14,27.14,0,verified_exact_identity,yes,columbia::ct130,CT-130,CT130 - Taper Extension Shaft,21.94,21.94,21.94,0,verified_exact_identity,yes,columbia::ct130,CT130,Columbia Extension Shaft (COLM-CT130),23.29,23.29,23.29,0,verified_exact_identity
347,AH7-2,Columbia Tools,"Frame Tension Spring - 2""",12.50,regular_price,,2,1,1.47,1.90,1.68,11.03,10.82,Verified Market Evidence + Review Candidates,yes,columbia::ah72,AH7-2,AH7-2 Columbia Angle Head Frame Tension Spring 2in #5808,1.90,1.90,1.90,0,verified_exact_identity,yes,columbia::ah72,AH7-2,AH7-2 - Angle Head Frame Tension Spring 2in,1.47,1.47,1.47,0,verified_exact_identity,no,columbia::ah72,AH7-2,Columbia Frame Tension Spring for 2 and 2.5 in. Angle Heads (COLM-AH7-2),,,,0,review_only
348,AH7-2.5,Columbia Tools,"Frame Tension Spring - 2.5""",2.00,regular_price,,1,1,1.90,1.90,1.90,0.10,0.10,Verified Single-Source + Review Candidates,yes,columbia::ah725,AH7-2.5,AH7-2.5 Columbia Angle Head Frame Tension Spring 2.5in (Also Small 3in Spring) #5809,1.90,1.90,1.90,0,verified_exact_identity,no,,,,,,,0,,no,columbia::ah725,AH7-25,Columbia Frame Tension Spring for 2.5 and 3 in. Angle Heads (COLM-AH7-2.5),,,,0,review_only
349,AH7-3,Columbia Tools,"Frame Tension Spring - 3""",13.25,regular_price,,1,3,1.90,1.90,1.90,11.35,11.35,Verified Single-Source + Review Candidates,yes,columbia::ah73,AH7-3,AH7-3 Columbia Angle Head Tension Spring 3in (Large) #5810,1.90,1.90,1.90,0,verified_exact_identity,no,columbia::ah7,ah-7,5 - Hex Head Custom Screw (AH-7),,,,1,review_only,no,columbia::ah73,AH7-3,Columbia Frame Tension Spring for 3 and 3.5 in. Angle Heads (COLM-AH7-3),,,,0,review_only
350,AH7-3.5,Columbia Tools,"Frame Tension Spring - 3.5""",14.50,regular_price,,2,1,1.31,1.90,1.60,13.19,12.90,Verified Market Evidence + Review Candidates,yes,columbia::ah735,AH7-3.5,AH7-3.5 Columbia Angle Head Frame Tension Spring 3.5in #5811,1.90,1.90,1.90,0,verified_exact_identity,no,tapetech::ah735,AH7-3.5,AH7-3.5 - Angle Head Frame Tension Spring 3.5in,,,,0,review_only,yes,columbia::ah735,AH7-35,Columbia Frame Tension Spring for 3.5 in. Angle Heads Only (COLM-AH7-3.5),1.31,1.31,1.31,0,verified_exact_identity
351,CT127,Columbia Tools,Extension Shaft Bracket,28.52,regular_price,,2,1,32.32,36.56,34.44,-3.80,-5.92,Verified Market Evidence + Review Candidates,yes,columbia::ct127,CT127,CT127 Columbia Taper Extension Shaft Bracket #5988,36.56,36.56,36.56,0,verified_exact_identity,no,tapetech::ct127,ct127,CT127 - Taper Extension Shaft Bracket,,,,0,review_only,yes,columbia::ct127,CT127,Columbia Extension Shaft Bracket (COLM-CT127),32.32,32.32,32.32,0,verified_exact_identity
352,MP33,Columbia Tools,Filler Gasket,2.00,regular_price,,1,0,1.48,1.48,1.48,0.52,0.52,Verified Single-Source,no,,,,,,,0,,no,,,,,,,0,,yes,columbia::mp33,MP33,Columbia Filler Gasket (COLM-MP33),1.48,1.48,1.48,0,verified_exact_identity
353,MP28,Columbia Tools,Filler Nut,12.25,regular_price,,2,1,8.42,12.28,10.35,3.83,1.90,Verified Market Evidence + Review Candidates,yes,columbia::mp28,MP28,MP28 Columbia Mud Pump Filler Nut #5875,12.28,12.28,12.28,0,verified_exact_identity,no,tapetech::mp28,MP28,Mud Pump Filler Nut - MP28,,,,0,review_only,yes,columbia::mp28,MP28,Columbia Filler Nut (COLM-MP28),8.42,8.42,8.42,0,verified_exact_identity
354,MP25,Columbia Tools,Filler Studs,10.00,regular_price,,2,0,9.71,11.32,10.52,0.29,-0.52,Verified Market Evidence,yes,columbia::mp25,MP25,MP25 Columbia Mud Pump Filler Stud #5872,11.32,11.32,11.32,0,verified_exact_identity,no,,,,,,,0,,yes,columbia::mp25,MP25,Columbia Filler Stud (COLM-MP25),9.71,9.71,9.71,0,verified_exact_identity
355,MP2,Columbia Tools,Foot Valve Casting,29.00,regular_price,,2,0,29.10,33.90,31.50,-0.10,-2.50,Verified Market Evidence,yes,columbia::mp2,MP2,Columbia Foot Valve Casting,33.90,33.90,33.90,0,verified_exact_identity,no,,,,,,,0,,yes,columbia::mp2,MP2,Columbia Foot Valve Casting (COLM-MP2),29.10,29.10,29.10,0,verified_exact_identity
356,AH5,Columbia Tools,Frame Retainer Clip,2.00,regular_price,,2,1,1.62,2.28,1.95,0.38,0.05,Verified Market Evidence + Review Candidates,yes,columbia::ah5,AH5,AH5 Columbia Angle Head Frame Retainer Clip #5806,2.28,2.28,2.28,0,verified_exact_identity,no,,AH-5,3 - Ball Lock Spring (AH-5),,,,0,review_only,yes,columbia::ah5,AH5,Columbia Frame Retainer Clip / Blade Holder Stop (COLM-AH5),1.62,1.62,1.62,0,verified_exact_identity
357,AH6A,Columbia Tools,Funnel Retainer Clip,19.00,regular_price,,2,0,20.05,23.36,21.70,-1.05,-2.70,Verified Market Evidence,yes,columbia::ah6a,AH6A,Columbia Ball Holder Release Clip Angle Head,23.36,23.36,23.36,0,verified_exact_identity,no,,,,,,,0,,yes,columbia::ah6a,AH6A,Columbia Ball Holder Release Clip (COLM-AH6A),20.05,20.05,20.05,0,verified_exact_identity
358,MH21,Columbia Tools,Grip Adjuster Housing,21.95,regular_price,,0,0,,,,,,No Match Found,no,,,,,,,0,,no,,,,,,,0,,no,,,,,,,0,
359,MH23,Columbia Tools,Grip Adjusting Fastener,11.00,regular_price,,0,0,,,,,,No Match Found,no,,,,,,,0,,no,,,,,,,0,,no,,,,,,,0,
360,MH22,Columbia Tools,Grip Adjustment Pin,11.00,regular_price,,0,0,,,,,,No Match Found,no,,,,,,,0,,no,,,,,,,0,,no,,,,,,,0,
361,HH15,Columbia Tools,Grip Sleeve Octagon,15.00,regular_price,,1,0,4.85,4.85,4.85,10.15,10.15,Verified Single-Source,yes,columbia::hh15,HH15,13713,4.85,4.85,4.85,0,verified_exact_identity,no,,,,,,,0,,no,,,,,,,0,
362,CT115,Columbia Tools,Guard Ring,20.00,regular_price,,2,0,19.41,22.60,21.00,0.59,-1.00,Verified Market Evidence,yes,columbia::ct115,CT115,CT115 Columbia Taper Guard Ring #5973,22.60,22.60,22.60,0,verified_exact_identity,no,,,,,,,0,,yes,columbia::ct115,CT115,Columbia Barrel Guard Ring (COLM-CT115),19.41,19.41,19.41,0,verified_exact_identity
363,CT58,Columbia Tools,Guide Rod Bushing,8.00,regular_price,,2,0,7.77,10.98,9.38,0.23,-1.38,Verified Market Evidence,yes,columbia::ct58,CT58,CT58 Columbia Taper Guide Rod Bushing #5834,10.98,10.98,10.98,0,verified_exact_identity,no,,,,,,,0,,yes,columbia::ct58,CT58,Columbia Guide Rod Bushing (COLM-CT58),7.77,7.77,7.77,0,verified_exact_identity
364,CT126,Columbia Tools,Hand Grip Body,66.00,regular_price,,1,0,64.64,64.64,64.64,1.36,1.36,Verified Single-Source,no,,,,,,,0,,no,,,,,,,0,,yes,columbia::ct126,CT126,Columbia Knurled Hand Grip Body (COLM-CT126),64.64,64.64,64.64,0,verified_exact_identity
365,CT124,Columbia Tools,Hand Grip Guard Ring,20.00,regular_price,,1,0,19.41,19.41,19.41,0.59,0.59,Verified Single-Source,no,,,,,,,0,,no,,,,,,,0,,yes,columbia::ct124,CT124,Columbia Pull Ring (COLM-CT124),19.41,19.41,19.41,0,verified_exact_identity
366,HNS12,Columbia Tools,Handle Clamp,17.00,regular_price,,2,0,16.49,19.22,17.86,0.51,-0.86,Verified Market Evidence,yes,columbia::hns12,HNS12,HNS12 Columbia Nail Spotter Handle Clamp #12533,19.22,19.22,19.22,0,verified_exact_identity,no,,,,,,,0,,yes,columbia::hns12,HNS12,Columbia Handle Clamp for Hinged Nail Spotter (COLM-HNS12),16.49,16.49,16.49,0,verified_exact_identity
367,CR11,Columbia Tools,Handle Connecting Link,18.95,regular_price,,2,1,25.84,30.10,27.97,-6.89,-9.02,Verified Market Evidence + Review Candidates,yes,columbia::cr11,CR11,CR11 Columbia Corner Roller Handle Connecting Link #5567,30.10,30.10,30.10,0,verified_exact_identity,no,tapetech::cr11,CR-11,Corner Roller Handle Connecting Link - CR11,,,,0,review_only,yes,columbia::cr11,CR11,Columbia Handle Connecting Link (COLM-CR11),25.84,25.84,25.84,0,verified_exact_identity
368,HH35,Columbia Tools,Handle Grip,7.00,regular_price,,1,0,9.45,9.45,9.45,-2.45,-2.45,Verified Single-Source,yes,columbia::hh35,HH35,Columbia Grip for COL88,9.45,9.45,9.45,0,verified_exact_identity,no,,,,,,,0,,no,,,,,,,0,
369,MH4,Columbia Tools,Handle Grip,37.00,regular_price,,1,0,30.19,30.19,30.19,6.81,6.81,Verified Single-Source,no,,,,,,,0,,no,,,,,,,0,,yes,columbia::mh4,MH4,Columbia Grip Lever for Matrix Flat Box Handle (COLM-MH4),30.19,30.19,30.19,0,verified_exact_identity
370,MH11,Columbia Tools,Handle Grip Bushing,6.00,regular_price,,0,0,,,,,,No Match Found,no,,,,,,,0,,no,,,,,,,0,,no,,,,,,,0,
371,AH1,Columbia Tools,Head Casting,,missing_price,,0,0,,,,,,No Match Found,no,,,,,,,0,,no,,,,,,,0,,no,,,,,,,0,
372,HFFB3-PLATE,Columbia Tools,Hinge Box End Plate,,missing_price,,1,0,38.17,38.17,38.17,,,Verified Single-Source,no,,,,,,,0,,no,,,,,,,0,,yes,columbia::hffb3,HFFB3,"Columbia Flat Finisher Flat Box End Plate (Right) (COLM-HFFB3-7, HFFB3-8, HFFB3-10, HFFB3-12)",38.17,38.17,38.17,0,verified_exact_identity
373,AH1-2,Columbia Tools,"Head Casting - 2""",153.00,regular_price,,1,1,175.48,175.48,175.48,-22.48,-22.48,Verified Single-Source + Review Candidates,yes,columbia::ah12,AH1-2,AH1-2 Columbia Angle Head Body Casting 2in,175.48,175.48,175.48,1,verified_exact_identity,no,,,,,,,0,,no,,,,,,,0,
374,AH1-2.5,Columbia Tools,"Head Casting - 2.5""",173.85,regular_price,,2,0,173.85,175.48,174.66,0.00,-0.82,Verified Market Evidence,yes,columbia::ah125,AH1-2.5,AH1-2.5 Columbia Angle Head Body Casting 2.5in,175.48,175.48,175.48,0,verified_exact_identity,yes,columbia::ah125,AH-1-2.5,"1 - 2.5"" Body (AH-1-2.5)",173.85,173.85,173.85,0,verified_exact_identity,no,,,,,,,0,
375,AH1-3,Columbia Tools,"Head Casting - 3""",153.00,regular_price,,0,0,,,,,,No Match Found,no,,,,,,,0,,no,,,,,,,0,,no,,,,,,,0,
376,AH1-3.5,Columbia Tools,"Head Casting - 3.5""",153.00,regular_price,,1,0,175.48,175.48,175.48,-22.48,-22.48,Verified Single-Source,yes,columbia::ah135,AH1-3.5,AH1-3.5 Columbia Angle Head Body Casting 3.5in,175.48,175.48,175.48,0,verified_exact_identity,no,,,,,,,0,,no,,,,,,,0,
377,HFFB3,Columbia Tools,Hinge Box End Plate - Right,36.00,regular_price,,1,0,38.17,38.17,38.17,-2.17,-2.17,Verified Single-Source,no,,,,,,,0,,no,,,,,,,0,,yes,columbia::hffb3,HFFB3,"Columbia Flat Finisher Flat Box End Plate (Right) (COLM-HFFB3-7, HFFB3-8, HFFB3-10, HFFB3-12)",38.17,38.17,38.17,0,verified_exact_identity
378,HFFB3A,Columbia Tools,Hinge Box End Plate - Left,36.00,regular_price,,1,0,38.17,38.17,38.17,-2.17,-2.17,Verified Single-Source,no,,,,,,,0,,no,,,,,,,0,,yes,columbia::hffb3a,HFFB3A,"Columbia Flat Finisher Flat Box End Plate (Left) (COLM-HFFB3A-7, HFFB3A-8, HFFB3A-10, HFFB3A-12)",38.17,38.17,38.17,0,verified_exact_identity
379,MP6,Columbia Tools,Handle Link,33.00,regular_price,,2,0,32.32,37.66,34.99,0.68,-1.99,Verified Market Evidence,yes,columbia::mp6,MP6,MP6 Columbia Mud Pump Handle Link #6165,37.66,37.66,37.66,0,verified_exact_identity,no,,,,,,,0,,yes,columbia::mp6,MP6,Columbia Handle Link (One Piece) (COLM-MP6),32.32,32.32,32.32,0,verified_exact_identity
380,HNSA-14,Columbia Tools,Handle Link Assembly,45.00,regular_price,,1,0,26.46,26.46,26.46,18.54,18.54,Verified Single-Source,no,,,,,,,0,,no,,,,,,,0,,yes,columbia::hnsa14,HNSA14,Columbia Handle Link Assembly for Hinged Nail Spotter (COLM-HNSA14),26.46,26.46,26.46,0,verified_exact_identity
381,MH1,Columbia Tools,Handle Mount Plate,75.00,regular_price,,0,0,,,,,,No Match Found,no,,,,,,,0,,no,,,,,,,0,,no,,,,,,,0,
382,CR6,Columbia Tools,Handle Mounting Swivel,24.95,regular_price,,3,0,14.74,17.68,15.18,10.21,9.77,Verified Market Evidence,yes,columbia::cr6,CR6,CR6 Columbia Corner Roller Handle Mounting Swivel #5565,17.68,17.68,17.68,0,verified_exact_identity,yes,columbia::cr6,CR6,Corner Roller Handle Mounting Swivel - CR6,14.74,14.74,14.74,0,verified_exact_identity,yes,columbia::cr6,CR6,Columbia Handle Mounting Swivel (COLM-CR6),15.18,15.18,15.18,0,verified_exact_identity
383,HPA-48,Columbia Tools,Handle Pin Assembly,5.00,regular_price,,1,0,5.06,5.06,5.06,-0.06,-0.06,Verified Single-Source,no,,,,,,,0,,no,,,,,,,0,,yes,columbia::hpa48,HPA48,Columbia Handle Pin (COLM-HPA48),5.06,5.06,5.06,0,verified_exact_identity
384,HH8,Columbia Tools,Handle Tube,45.00,regular_price,,0,0,,,,,,No Match Found,no,,,,,,,0,,no,,,,,,,0,,no,,,,,,,0,
385,MP5,Columbia Tools,Head Bushing,13.95,regular_price,,3,0,21.33,26.38,22.64,-7.38,-8.69,Verified Market Evidence,yes,columbia::mp5,MP5,MP5 Columbia Mud Pump Head Bushing #6164,26.38,26.38,26.38,0,verified_exact_identity,yes,columbia::mp5,mp5,Mud Pump Head Bushing - MP5,21.33,21.33,21.33,0,verified_exact_identity,yes,columbia::mp5,MP5,Columbia Head Bushing (COLM-MP5),22.64,22.64,22.64,0,verified_exact_identity
386,CR1,Columbia Tools,Head Casting,136.89,regular_price,,1,0,58.50,58.50,58.50,78.39,78.39,Verified Single-Source,yes,columbia::cr1,CR1,CR1 Columbia Corner Roller Head Casting #5561,58.50,58.50,58.50,0,verified_exact_identity,no,,,,,,,0,,no,,,,,,,0,
387,FFB39,Columbia Tools,Hex Bolt,3.00,regular_price,,0,0,,,,,,No Match Found,no,,,,,,,0,,no,,,,,,,0,,no,,,,,,,0,
388,CT20,Columbia Tools,Hinge Block,24.95,regular_price,,3,0,9.77,11.72,10.36,15.18,14.59,Verified Market Evidence,yes,columbia::ct20,CT20,CT20 Columbia Taper Hinge Block #5595,11.72,11.72,11.72,0,verified_exact_identity,yes,columbia::ct20,CT20,CT20 - Taper Hinge Block,9.77,9.77,9.77,0,verified_exact_identity,yes,columbia::ct20,CT20,Columbia Hinge Block (COLM-CT20),10.36,10.36,10.36,0,verified_exact_identity
389,CFB15A,Columbia Tools,Hinge Bushing (Plastic Washer),8.50,regular_price,,2,1,1.96,2.75,2.36,6.54,6.14,Verified Market Evidence + Review Candidates,yes,columbia::cfb15a,CFB15A,CFB15A Columbia Angle Box Hinge Bushing #5553,2.75,2.75,2.75,0,verified_exact_identity,no,,cfb-15a,Angle Box Hinge Bushing - CFB15A,,,,0,review_only,yes,columbia::cfb15a,CFB15A,Columbia Hinge Bushing for Corner Box (COLM-CFB15A),1.96,1.96,1.96,0,verified_exact_identity
390,BH6,Columbia Tools,Hinge Pin,11.25,regular_price,,1,1,9.33,9.33,9.33,1.92,1.92,Verified Single-Source + Review Candidates,no,,,,,,,0,,no,tapetech::bh6,BH6,Box Handle Hinge Pin - BH6,,,,0,review_only,yes,columbia::bh6,BH6,Columbia Hinge Pin for 180 Grip Flat Box Handle (COLM-BH6),9.33,9.33,9.33,0,verified_exact_identity
391,CT-WAFER-BUSHING,Columbia Tools,Wafer Bushing,,missing_price,,0,0,,,,,,No Match Found,no,,,,,,,0,,no,,,,,,,0,,no,,,,,,,0,
392,MH6,Columbia Tools,Hinge Pin,4.00,regular_price,,0,0,,,,,,No Match Found,no,,,,,,,0,,no,,,,,,,0,,no,,,,,,,0,
393,CT79,Columbia Tools,Hollow Shaft,38.50,regular_price,,2,1,38.77,45.18,41.98,-0.27,-3.48,Verified Market Evidence + Review Candidates,yes,columbia::ct79,CT79,CT79 Columbia Taper Hollow Shaft #5851,45.18,45.18,45.18,0,verified_exact_identity,no,tapetech::ct79,CT-79,Taper Hollow Shaft - CT79,,,,0,review_only,yes,columbia::ct79,CT79,Columbia Hollow Shaft (COLM-CT79),38.77,38.77,38.77,0,verified_exact_identity
394,CT68,Columbia Tools,Hub,15.00,regular_price,,2,0,15.52,18.08,16.80,-0.52,-1.80,Verified Market Evidence,yes,columbia::ct68,CT68,CT68 Columbia Taper Hub #5842,18.08,18.08,18.08,0,verified_exact_identity,no,,,,,,,0,,yes,columbia::ct68,CT68,Columbia Hub (COLM-CT68),15.52,15.52,15.52,0,verified_exact_identity
395,CT2,Columbia Tools,Insert Bushing for CT#7A,5.00,regular_price,,2,0,3.87,5.65,4.76,1.13,0.24,Verified Market Evidence,yes,columbia::ct2,CT2,CT2 Columbia Taper Insert Bushing #5571,5.65,5.65,5.65,0,verified_exact_identity,no,,,,,,,0,,yes,columbia::ct2,CT2,Columbia Nylatron Insert Bushing (COLM-CT2),3.87,3.87,3.87,0,verified_exact_identity
396,MH13,Columbia Tools,Large Nyliner Bushing,5.00,regular_price,,0,0,,,,,,No Match Found,no,,,,,,,0,,no,,,,,,,0,,no,,,,,,,0,
397,CT4,Columbia Tools,Wafer Bushing - Left,2.00,regular_price,,2,0,1.29,1.88,1.58,0.71,0.42,Verified Market Evidence,yes,columbia::ct4,CT4,CT4 Columbia Taper Left Wafer Bushing #5574,1.88,1.88,1.88,0,verified_exact_identity,no,,,,,,,0,,yes,columbia::ct4,CT4,Columbia Left Wafer Bushing (COLM-CT4),1.29,1.29,1.29,0,verified_exact_identity
398,CT5,Columbia Tools,Wafer Bushing - Right,11.50,regular_price,,2,1,1.29,1.88,1.58,10.21,9.92,Verified Market Evidence + Review Candidates,yes,columbia::ct5,CT5,CT5 Columbia Taper Right Wafer Bushing #5575,1.88,1.88,1.88,0,verified_exact_identity,no,tapetech::ct5,CT-5,Taper Right Wafer Bushing - CT5,,,,0,review_only,yes,columbia::ct5,CT5,Columbia Right Wafer Bushing (COLM-CT5),1.29,1.29,1.29,0,verified_exact_identity
399,HP47,Columbia Tools,Latch Clamp Assembly,28.95,regular_price,,1,1,28.44,28.44,28.44,0.51,0.51,Verified Single-Source + Review Candidates,no,,,,,,,0,,no,tapetech::hp47,HP-47,Draw Latch Assembly - HP47,,,,0,review_only,yes,columbia::hp47,HP47,Columbia Pump Latch Clamp Assembly (COLM-HP47),28.44,28.44,28.44,0,verified_exact_identity
400,HP46,Columbia Tools,Latch Keeper,19.75,regular_price,,3,0,3.64,5.48,3.87,16.11,15.88,Verified Market Evidence,yes,columbia::hp46,HP46,HP46 Columbia Mud Pump Latch Keeper #6155,5.48,5.48,5.48,0,verified_exact_identity,yes,columbia::hp46,hp46,Mud Pump Latch Keeper - HP46,3.64,3.64,3.64,0,verified_exact_identity,yes,columbia::hp46,HP46,Columbia Latch Keeper (COLM-HP46),3.87,3.87,3.87,0,verified_exact_identity
401,MP8,Columbia Tools,Leg,71.00,regular_price,,1,1,74.34,74.34,74.34,-3.34,-3.34,Verified Single-Source + Review Candidates,no,columbia::mp8,MP8,COLMP8 Columbia Mud Pump Leg,,,,0,review_only,no,,,,,,,0,,yes,columbia::mp8,MP8,Columbia Leg (COLM-MP8),74.34,74.34,74.34,0,verified_exact_identity
402,HH17C,Columbia Tools,Line Pincher,4.00,regular_price,,1,1,3.62,3.62,3.62,0.38,0.38,Verified Single-Source + Review Candidates,no,columbia::hh17c,HH17C,COLHH17C Line Pincher for COL88,,,,0,review_only,no,,,,,,,0,,yes,columbia::hh17c,HH17C,Columbia Line Pincher for Hydra Reach Flat Box Handle (COLM-HH17C),3.62,3.62,3.62,0,verified_exact_identity
403,BH4,Columbia Tools,Lower Brake Lever,22.53,regular_price,,2,0,24.79,24.79,24.79,-2.26,-2.26,Verified Market Evidence,no,,,,,,,0,,yes,columbia::bh4,BH4,Flat Box Handle Lower Brake Lever - BH4,24.79,24.79,24.79,0,verified_exact_identity,yes,columbia::bh4,BH4,Columbia Lower Brake Lever for 180 Grip Flat Box Handle (COLM-BH4),24.79,24.79,24.79,0,verified_exact_identity
404,MH3,Columbia Tools,Lower Mount Bracket,33.00,regular_price,,0,1,,,,,,Review Required,no,,BH3,Columbia Lower Mounting Bracket,,,,0,review_only,no,,,,,,,0,,no,,,,,,,0,
405,BH3,Columbia Tools,Lower Mounting Bracket,32.00,regular_price,,2,0,29.95,35.90,32.92,2.05,-0.92,Verified Market Evidence,yes,columbia::bh3,BH3,Columbia Lower Mounting Bracket,35.90,35.90,35.90,0,verified_exact_identity,no,,,,,,,0,,yes,columbia::bh3,BH3,Columbia Lower Mounting Bracket for 180 Grip Flat Box Handle (COLM-BH3),29.95,29.95,29.95,0,verified_exact_identity
406,CT80,Columbia Tools,Manual Drive Grip,18.75,regular_price,,3,0,38.77,45.16,43.84,-20.02,-25.09,Verified Market Evidence,yes,columbia::ct80,CT80,CT80 Columbia Taper Manual Drive Grip #5852,43.84,43.84,43.84,0,verified_exact_identity,yes,columbia::ct80,CT-80,Taper Manual Drive Grip - CT80,45.16,45.16,45.16,0,verified_exact_identity,yes,columbia::ct80,CT80,Columbia Manual Drive Grip (COLM-CT80),38.77,38.77,38.77,0,verified_exact_identity
407,MH2,Columbia Tools,Matrix Handle Head,4.00,regular_price,,0,0,,,,,,No Match Found,no,,,,,,,0,,no,,,,,,,0,,no,,,,,,,0,
408,CT43,Columbia Tools,Micro Chain,28.52,regular_price,,3,0,32.32,37.66,36.39,-3.80,-7.87,Verified Market Evidence,yes,columbia::ct43,CT43,CT43 Columbia Taper Micro Chain #5618,37.66,37.66,37.66,0,verified_exact_identity,yes,columbia::ct43,CT-43,Taper Micro Chain #5618 - CT43,36.39,36.39,36.39,0,verified_exact_identity,yes,columbia::ct43,CT43,Columbia Micro Chain (Cutting System) (COLM-CT43),32.32,32.32,32.32,0,verified_exact_identity
409,MH3A,Columbia Tools,Mounting Bracket Stem,4.00,regular_price,,0,0,,,,,,No Match Found,no,,,,,,,0,,no,,,,,,,0,,no,,,,,,,0,
410,BH1,Columbia Tools,Mounting Plate,54.64,regular_price,,0,1,,,,,,Review Required,no,,,,,,,0,,no,,,,,,,0,,no,columbia::bh1,BH1,Columbia Handle Mounting Base for 180 Grip Flat Box Handle (COLM-BH1),,,,0,review_only
411,MP24,Columbia Tools,Mud Pump Screen,4.00,regular_price,,1,0,5.65,5.65,5.65,-1.65,-1.65,Verified Single-Source,yes,columbia::mp24,MP24,MP24 Columbia Mud Pump Mud Pump Screen (Coarse) #6178,5.65,5.65,5.65,0,verified_exact_identity,no,,,,,,,0,,no,,,,,,,0,
412,MP23,Columbia Tools,Mud Pump Seal,16.50,regular_price,,3,0,3.32,5.65,3.87,13.18,12.63,Verified Market Evidence,yes,columbia::mp23,MP23,MP23 Columbia Mud Pump Mud Pump Seal #6176,5.65,5.65,5.65,0,verified_exact_identity,yes,columbia::mp23,MP-23,Columbia Mud Pump Mud Pump Seal - MP23,3.32,3.32,3.32,0,verified_exact_identity,yes,columbia::mp23,MP23,Columbia Mud Pump Seal (a.k.a U-cup) (COLM-MP23),3.87,3.87,3.87,0,verified_exact_identity
413,HFFB1A-10,Columbia Tools,"Mud Seal Strip - 10""",10.00,regular_price,,1,0,12.67,12.67,12.67,-2.67,-2.67,Verified Single-Source,no,,,,,,,0,,no,,,,,,,0,,yes,columbia::hffb1a10,HFFB1A-10,Columbia 10 in. Flat Box Hinge Seal (COLM-HFFB1A-10),12.67,12.67,12.67,0,verified_exact_identity
414,CT96,Columbia Tools,Mud Shut-Off Gasket,4.00,regular_price,,2,0,2.26,3.28,2.77,1.74,1.23,Verified Market Evidence,yes,columbia::ct96,CT96,CT96 Columbia Taper Mud Shut Off Gasket #5871,3.28,3.28,3.28,0,verified_exact_identity,no,,,,,,,0,,yes,columbia::ct96,CT96,Columbia Mud Gate Gasket (COLM-CT96),2.26,2.26,2.26,0,verified_exact_identity
415,CT98,Columbia Tools,Mud Supply Seal Plate & Shaft,24.95,regular_price,,2,1,5.16,7.53,6.34,19.79,18.60,Verified Market Evidence + Review Candidates,yes,columbia::ct98,CT98,CT98 Columbia Taper Mud Supply Seal Plate #5960,7.53,7.53,7.53,0,verified_exact_identity,no,,CT-98,Taper Mud Supply Seal Plate - CT98,,,,0,review_only,yes,columbia::ct98,CT98,Columbia Mud Supply Seal Plate & Shaft (COLM-CT98),5.16,5.16,5.16,0,verified_exact_identity
416,CT97,Columbia Tools,Mud Supply Valve Body,34.50,regular_price,,2,1,25.86,30.14,28.00,8.64,6.50,Verified Market Evidence + Review Candidates,yes,columbia::ct97,CT97,CT97 Columbia Taper Mud Supply Valve Body #5959,30.14,30.14,30.14,0,verified_exact_identity,no,,CT97,Taper Mud Supply Valve Body 054059F - CT97,,,,0,review_only,yes,columbia::ct97,CT97,Columbia Mud Supply Valve Body (COLM-CT97),25.86,25.86,25.86,0,verified_exact_identity
417,CFB6,Columbia Tools,Mud Supply Valve Unit,29.00,regular_price,,2,0,32.18,38.44,35.31,-3.18,-6.31,Verified Market Evidence,yes,columbia::cfb6,CFB6,CFB6 Columbia Angle Box Mud Supply Valve Unit #5545,32.18,32.18,32.18,0,verified_exact_identity,no,,,,,,,0,,yes,columbia::cfb6,CFB6,Columbia Mud Supply Valve for Corner Box (COLM-CFB6),38.44,38.44,38.44,0,verified_exact_identity
418,HNS17A,Columbia Tools,Nail Spotter Handle Tightness Screw,5.00,regular_price,,1,0,4.82,4.82,4.82,0.18,0.18,Verified Single-Source,yes,columbia::hns17a,HNS17A,HNS17A Columbia Nail Spotter Handle Tightness Screw,4.82,4.82,4.82,0,verified_exact_identity,no,,,,,,,0,,no,,,,,,,0,
419,CT63,Columbia Tools,Needle,2.00,regular_price,,2,0,1.29,1.93,1.61,0.71,0.39,Verified Market Evidence,yes,columbia::ct63,CT63,Needle,1.93,1.93,1.93,0,verified_exact_identity,no,,,,,,,0,,yes,columbia::ct63,CT63,Columbia Tape Advance Needle (COLM-CT63),1.29,1.29,1.29,0,verified_exact_identity
420,CT62,Columbia Tools,Needle Holding Shaft,16.00,regular_price,,2,0,16.79,19.56,18.18,-0.79,-2.18,Verified Market Evidence,yes,columbia::ct62,CT62,CT62 Columbia Taper Needle Holding Shaft #5836,19.56,19.56,19.56,0,verified_exact_identity,no,,,,,,,0,,yes,columbia::ct62,CT62,Columbia Needle Holding Shaft (COLM-CT62),16.79,16.79,16.79,0,verified_exact_identity
421,MP-PISTON-BACKING-WASHER,Columbia Tools,Piston Backing Washer,,missing_price,,0,0,,,,,,No Match Found,no,,,,,,,0,,no,,,,,,,0,,no,,,,,,,0,
422,MP13A,Columbia Tools,Piston Backing Washer - Small,12.50,regular_price,,2,1,11.64,13.56,12.60,0.86,-0.10,Verified Market Evidence + Review Candidates,yes,columbia::mp13a,MP13A,MP13A Columbia Mud Pump Piston Backing Washer (Small) #6174,13.56,13.56,13.56,0,verified_exact_identity,no,,MP-13A,Mud Pump Piston Backing Washer (Small) - MP13A,,,,0,review_only,yes,columbia::mp13a,MP13A,Columbia Piston Cup Backing Washer (a.k.a. Small Retainer) (includes MP32) (COLM-MP13A),11.64,11.64,11.64,0,verified_exact_identity
423,MP13,Columbia Tools,Piston Backing Washer - Large,14.25,regular_price,,2,1,7.77,10.98,9.38,6.48,4.88,Verified Market Evidence + Review Candidates,yes,columbia::mp13,MP13,MP13 Columbia Mud Pump Piston Backing Washer (Large) #6173,10.98,10.98,10.98,0,verified_exact_identity,no,,MP-13,Mud Pump Piston Backing Washer (Large) - MP13,,,,0,review_only,yes,columbia::mp13,MP13,Columbia Piston Cup Backing Washer (a.k.a. Large Retainer) (COLM-MP13),7.77,7.77,7.77,0,verified_exact_identity
424,CT64,Columbia Tools,Needle Return Shaft,6.00,regular_price,,2,0,5.16,7.53,6.34,0.84,-0.34,Verified Market Evidence,yes,columbia::ct64,CT64,CT64 Columbia Taper Needle Return Shaft #5838,7.53,7.53,7.53,0,verified_exact_identity,no,,,,,,,0,,yes,columbia::ct64,CT64,Columbia Needle Return Shaft (COLM-CT64),5.16,5.16,5.16,0,verified_exact_identity
425,CT65,Columbia Tools,Needle Return Spring,4.00,regular_price,,2,0,3.56,5.20,4.38,0.44,-0.38,Verified Market Evidence,yes,columbia::ct65,CT65,CT65 Columbia Taper Needle Return Spring #5839,5.20,5.20,5.20,0,verified_exact_identity,no,,,,,,,0,,yes,columbia::ct65,CT65,Columbia Needle Return Spring (COLM-CT65),3.56,3.56,3.56,0,verified_exact_identity
426,HFFB4D,Columbia Tools,Nylatron Bushing,3.00,regular_price,,1,0,2.04,2.04,2.04,0.96,0.96,Verified Single-Source,no,,,,,,,0,,no,,,,,,,0,,yes,columbia::hffb4d,HFFB4D,Columbia Nylatron Bushing (COLM-HFFB4D),2.04,2.04,2.04,0,verified_exact_identity
427,MP36,Columbia Tools,Nylatron Bushing,11.50,regular_price,,3,0,5.16,7.30,6.02,6.34,5.48,Verified Market Evidence,yes,columbia::mp36,MP36,MP36 Columbia Mud Pump Nylatron Bushing #5879,7.30,7.30,7.30,0,verified_exact_identity,yes,columbia::mp36,MP-36,Columbia Mud Pump Nylatron Bushing - MP36,6.02,6.02,6.02,0,verified_exact_identity,yes,columbia::mp36,MP36,Columbia Nylatron Bushing (COLM-MP36),5.16,5.16,5.16,0,verified_exact_identity
428,CT76,Columbia Tools,Nylatron Washer,6.25,regular_price,,2,1,0.98,1.43,1.20,5.27,5.04,Verified Market Evidence + Review Candidates,yes,columbia::ct76,CT76,CT76 Columbia Taper Nylatron Washer #5847,1.43,1.43,1.43,0,verified_exact_identity,no,,CT-76,Taper Nylatron Washer - CT76,,,,0,review_only,yes,columbia::ct76,CT76,Columbia Nylatron Washer (COLM-CT76),0.98,0.98,0.98,0,verified_exact_identity
429,FFB38,Columbia Tools,Nyliner Bearing,2.00,regular_price,,0,0,,,,,,No Match Found,no,,,,,,,0,,no,,,,,,,0,,no,,,,,,,0,
430,HP45,Columbia Tools,O Ring Enclosure,22.00,regular_price,,2,0,19.41,22.60,21.00,2.59,1.00,Verified Market Evidence,yes,columbia::hp45,HP45,HP45 Columbia Mud Pump O-Ring Enclosure #6154,22.60,22.60,22.60,0,verified_exact_identity,no,,,,,,,0,,yes,columbia::hp45,HP45,Columbia Pump O-Ring Enclosure (COLM-HP45),19.41,19.41,19.41,0,verified_exact_identity
431,CT121A,Columbia Tools,O-Ring,2.00,regular_price,,1,0,1.29,1.29,1.29,0.71,0.71,Verified Single-Source,no,,,,,,,0,,no,,,,,,,0,,yes,columbia::ct121a,CT121A,"Columbia Tape Spool Shaft ""O"" Ring (COLM-CT121A)",1.29,1.29,1.29,0,verified_exact_identity
432,MP23A,Columbia Tools,O-Ring,2.00,regular_price,,1,0,1.29,1.29,1.29,0.71,0.71,Verified Single-Source,no,,,,,,,0,,no,,,,,,,0,,yes,columbia::mp23a,MP23A,Columbia O Ring (a.k.a. Filler O-ring) (COLM-MP23A),1.29,1.29,1.29,0,verified_exact_identity
433,MH10,Columbia Tools,Octagon,36.00,regular_price,,0,0,,,,,,No Match Found,no,,,,,,,0,,no,,,,,,,0,,no,,,,,,,0,
434,CT19,Columbia Tools,Paper Feed Guide,30.83,regular_price,,3,0,32.92,40.70,34.93,-2.09,-4.10,Verified Market Evidence,yes,columbia::ct19,CT19,CT19 Columbia Taper Paper Feed Guide #5594,40.70,40.70,40.70,0,verified_exact_identity,yes,columbia::ct19,CT-19,Taper Paper Feed Guide - CT19,32.92,32.92,32.92,0,verified_exact_identity,yes,columbia::ct19,CT19,Columbia Paper Feed Guide (COLM-CT19),34.93,34.93,34.93,0,verified_exact_identity
435,MH17,Columbia Tools,Pinch Brake,24.50,regular_price,,0,0,,,,,,No Match Found,no,,,,,,,0,,no,,,,,,,0,,no,,,,,,,0,
436,MH15,Columbia Tools,Pinch Brake Activator,22.00,regular_price,,0,0,,,,,,No Match Found,no,,,,,,,0,,no,,,,,,,0,,no,,,,,,,0,
437,MH24,Columbia Tools,Pinch Brake Bushing,12.75,regular_price,,0,0,,,,,,No Match Found,no,,,,,,,0,,no,,,,,,,0,,no,,,,,,,0,
438,MH18,Columbia Tools,Pinch Brake Housing,20.00,regular_price,,0,0,,,,,,No Match Found,no,,,,,,,0,,no,,,,,,,0,,no,,,,,,,0,
439,MH19,Columbia Tools,Pinch Brake Sleeve,28.00,regular_price,,0,0,,,,,,No Match Found,no,,,,,,,0,,no,,,,,,,0,,no,,,,,,,0,
440,MH25,Columbia Tools,Pinch Brake Stem,14.95,regular_price,,0,0,,,,,,No Match Found,no,,,,,,,0,,no,,,,,,,0,,no,,,,,,,0,
441,CT-INSERT-BUSHING,Columbia Tools,Insert Bushing,,missing_price,,0,0,,,,,,No Match Found,no,,,,,,,0,,no,,,,,,,0,,no,,,,,,,0,
442,CT-NYLATRON-CHAIN-ROLLER,Columbia Tools,Nylatron Chain Roller,,missing_price,,0,0,,,,,,No Match Found,no,,,,,,,0,,no,,,,,,,0,,no,,,,,,,0,
443,MH12,Columbia Tools,PinchBrake Spring,4.00,regular_price,,0,0,,,,,,No Match Found,no,,,,,,,0,,no,,,,,,,0,,no,,,,,,,0,
444,CT107,Columbia Tools,Piston Body,27.00,regular_price,,2,0,25.84,30.10,27.97,1.16,-0.97,Verified Market Evidence,yes,columbia::ct107,CT107,CT107 Columbia Taper Piston Body #5967,30.10,30.10,30.10,0,verified_exact_identity,no,,,,,,,0,,yes,columbia::ct107,CT107,Columbia Piston Body (COLM-CT107),25.84,25.84,25.84,0,verified_exact_identity
445,CT111,Columbia Tools,Piston Cup,13.70,regular_price,,3,0,15.52,18.08,18.08,-1.82,-4.38,Verified Market Evidence,yes,columbia::ct111,CT111,CT111 Columbia Taper Piston Cup #5969,18.08,18.08,18.08,0,verified_exact_identity,yes,columbia::ct111,CT-111,Taper Piston Cup - CT111,18.08,18.08,18.08,0,verified_exact_identity,yes,columbia::ct111,CT111,Columbia Plunger Cup (COLM-CT111),15.52,15.52,15.52,0,verified_exact_identity
446,MP14,Columbia Tools,Piston Cup,11.75,regular_price,,2,1,11.64,13.56,12.60,0.11,-0.85,Verified Market Evidence + Review Candidates,yes,columbia::mp14,MP14,MP14 Columbia Mud Pump Piston Cup #6175,13.56,13.56,13.56,0,verified_exact_identity,no,tapetech::mp14,MP-14,Piston Cup - MP14,,,,0,review_only,yes,columbia::mp14,MP14,Columbia Piston Cup (COLM-MP14),11.64,11.64,11.64,0,verified_exact_identity
447,HH16,Columbia Tools,Piston Housing,27.00,regular_price,,0,1,,,,,,Review Required,no,,,,,,,0,,no,,,,,,,0,,no,columbia::hh16,HH16,Columbia Brake Cylinder for Hydra Reach Flat Box Handle (COLM-HH16),,,,0,review_only
448,CT3,Columbia Tools,Insert Bushing - Right,12.00,regular_price,,2,0,11.64,13.56,12.60,0.36,-0.60,Verified Market Evidence,yes,columbia::ct3,CT3,CT3 Columbia Taper Right Insert Bushing #5572,13.56,13.56,13.56,0,verified_exact_identity,no,,,,,,,0,,yes,columbia::ct3,CT3,Columbia Right Insert Bushing (Includes CT5)  (COLM-CT3),11.64,11.64,11.64,0,verified_exact_identity
449,CT3A,Columbia Tools,Insert Bushing - Left,14.50,regular_price,,3,0,11.64,13.56,13.56,2.86,0.94,Verified Market Evidence,yes,columbia::ct3a,CT3A,CT3A Columbia Taper Left Insert Bushing #5573,13.56,13.56,13.56,0,verified_exact_identity,yes,columbia::ct3a,CT-3A,Columbia Taper Left Insert Bushing - CT3A,13.56,13.56,13.56,0,verified_exact_identity,yes,columbia::ct3a,CT3A,Columbia Left Insert Bushing (Includes CT4) (COLM-CT3A),11.64,11.64,11.64,0,verified_exact_identity
450,CT29,Columbia Tools,Nylatron Chain Roller - Right (Small),13.50,regular_price,,2,1,3.23,4.70,3.96,10.27,9.54,Verified Market Evidence + Review Candidates,yes,columbia::ct29,CT29,CT29 Columbia Taper Nylatron Chain Roller #5602,4.70,4.70,4.70,0,verified_exact_identity,no,,CT-29,Taper Nylatron Chain Roller - CT29,,,,0,review_only,yes,columbia::ct29,CT29,Columbia Right Nylatron Chain Roller (Small) (COLM-CT29),3.23,3.23,3.23,0,verified_exact_identity
451,CT29A,Columbia Tools,Nylatron Chain Roller - Left (Large),4.00,regular_price,,1,1,4.70,4.70,4.70,-0.70,-0.70,Verified Single-Source + Review Candidates,yes,columbia::ct29a,CT29A,CT29A Columbia Taper Nylatron Chain Roller (Left) #5603,4.70,4.70,4.70,0,verified_exact_identity,no,,,,,,,0,,no,columbia::ct29a,CT29A,Columbia Small Right Side Nylatron Chain Roller for Automatic Taper (COLM-CT29A),,,,0,review_only
452,HH23,Columbia Tools,Piston O-Ring,2.00,regular_price,,1,1,1.26,1.26,1.26,0.74,0.74,Verified Single-Source + Review Candidates,no,columbia::hh23,HH23,COLHH23 Piston O-Ring for Hydra Handle,,,,0,review_only,no,,,,,,,0,,yes,columbia::hh23,HH23,Columbia Piston O-Ring for Hydra Reach Flat Box Handle (COLM-HH23),1.26,1.26,1.26,0,verified_exact_identity
453,MP11,Columbia Tools,Piston Shaft,28.50,regular_price,,2,1,51.72,60.26,55.99,-23.22,-27.49,Verified Market Evidence + Review Candidates,yes,columbia::mp11,MP11,MP11 Columbia Mud Pump Piston Shaft #6172,60.26,60.26,60.26,0,verified_exact_identity,no,tapetech::mp11,mp-11,Mud Pump Piston Shaft - MP11,,,,0,review_only,yes,columbia::mp11,MP11,Columbia Piston Shaft (COLM-MP11),51.72,51.72,51.72,0,verified_exact_identity
454,HNS18,Columbia Tools,Pivot,4.00,regular_price,,0,0,,,,,,No Match Found,no,,,,,,,0,,no,,,,,,,0,,no,,,,,,,0,
455,BH2,Columbia Tools,Plate,33.71,regular_price,,2,1,38.20,45.84,42.02,-4.49,-8.31,Verified Market Evidence + Review Candidates,yes,columbia::bh2,BH2,BH2 Columbia Box Handle 180 Grip Plate - COL handles #12459,45.84,45.84,45.84,0,verified_exact_identity,no,tapetech::bh2,BH2,Box Handle 180 Grip Plate - BH2,,,,0,review_only,yes,columbia::bh2,BH2,Columbia 180 Grip Plate for Flat Box Handle (COLM-BH2),38.20,38.20,38.20,0,verified_exact_identity
456,HP1,Columbia Tools,Pump Cylinder,52.00,regular_price,,2,0,51.72,60.26,55.99,0.28,-3.99,Verified Market Evidence,yes,columbia::hp1,HP1,Columbia Mud Pump Cylinder (Removable) HP1,60.26,60.26,60.26,0,verified_exact_identity,no,,,,,,,0,,yes,columbia::hp1,HP1,Columbia Pump Cylinder (COLM-HP1),51.72,51.72,51.72,0,verified_exact_identity
457,MP3,Columbia Tools,Pump Flapper Valve,4.00,regular_price,,2,0,3.23,4.70,3.96,0.77,0.04,Verified Market Evidence,yes,columbia::mp3,MP3,MP3 Columbia Mud Pump Pump Flapper Valve #6163,4.70,4.70,4.70,0,verified_exact_identity,no,,,,,,,0,,yes,columbia::mp3,MP3,Columbia Pump Flapper Valve (COLM-MP3),3.23,3.23,3.23,0,verified_exact_identity
458,MP7,Columbia Tools,Pump Handle,87.00,regular_price,,2,0,90.49,105.42,97.96,-3.49,-10.96,Verified Market Evidence,yes,columbia::mp7,MP7,MP7 Columbia Mud Pump Handle #6167,105.42,105.42,105.42,0,verified_exact_identity,no,,,,,,,0,,yes,columbia::mp7,MP7,Columbia Handle (COLM-MP7),90.49,90.49,90.49,0,verified_exact_identity
459,CT67,Columbia Tools,Ratchet Gear,34.50,regular_price,,3,0,4.42,7.53,5.16,30.08,29.34,Verified Market Evidence,yes,columbia::ct67,CT67,CT67 Columbia Taper Ratchet Gear #5841,7.53,7.53,7.53,0,verified_exact_identity,yes,columbia::ct67,CT-67,Columbia Taper Ratchet Gear - CT67,4.42,4.42,4.42,0,verified_exact_identity,yes,columbia::ct67,CT67,Columbia Ratchet Gear (COLM-CT67),5.16,5.16,5.16,0,verified_exact_identity
460,CT15,Columbia Tools,Ratchet Rod for Adjustable Brake,6.00,regular_price,,1,0,5.82,5.82,5.82,0.18,0.18,Verified Single-Source,no,,,,,,,0,,no,,,,,,,0,,yes,columbia::ct15,CT15,Columbia Adjustable Brake Ratchet Rod (COLM-CT15),5.82,5.82,5.82,0,verified_exact_identity
461,CT92,Columbia Tools,Release Clip Bushing,10.00,regular_price,,2,0,10.36,12.08,11.22,-0.36,-1.22,Verified Market Evidence,yes,columbia::ct92,CT92,CT92 Columbia Taper Release Clip #5866,12.08,12.08,12.08,0,verified_exact_identity,no,,,,,,,0,,yes,columbia::ct92,CT92,Columbia Clutch Release Cam (COLM-CT92),10.36,10.36,10.36,0,verified_exact_identity
462,HH31,Columbia Tools,Release Clip Pin,12.95,regular_price,,2,1,14.46,20.44,17.45,-1.51,-4.50,Verified Market Evidence + Review Candidates,no,columbia::hh31,HH31,COLHH31 Columbia Hydra Handle Release Clip Pin,,,,0,review_only,yes,columbia::hh31,HH31,Handle Release Clip Pin - Columbia Flat Box Door Gasket 10in Fat Boy-New Style - HFBB14-1,20.44,20.44,20.44,0,verified_exact_identity,yes,columbia::hh31,HH31,Columbia Release Clip Pin for Hydra Reach Flat Box Handle (COLM-HH31),14.46,14.46,14.46,0,verified_exact_identity
463,HH32,Columbia Tools,Release Clip Washer,22.00,regular_price,,1,1,24.09,24.09,24.09,-2.09,-2.09,Verified Single-Source + Review Candidates,no,columbia::hh32,HH32,COLHH32 Columbia Hydra Handle Release Clip Washer,,,,0,review_only,no,,,,,,,0,,yes,columbia::hh32,HH32,Columbia Release Clip Washer for Hydra Reach Flat Box Handle (COLM-HH32),24.09,24.09,24.09,0,verified_exact_identity
464,CT89,Columbia Tools,Release Rod Sleeve,13.70,regular_price,,2,0,15.52,18.10,16.81,-1.82,-3.11,Verified Market Evidence,yes,columbia::ct89,CT89,CT89 Columbia Taper Release Rod Sleeve #5863,18.10,18.10,18.10,0,verified_exact_identity,no,,,,,,,0,,yes,columbia::ct89,CT89,Columbia Clutch Release Rod Sleeve (COLM-CT89),15.52,15.52,15.52,0,verified_exact_identity
465,AH1B,Columbia Tools,Return Spring,3.00,regular_price,,1,0,2.85,2.85,2.85,0.15,0.15,Verified Single-Source,no,,,,,,,0,,no,,,,,,,0,,yes,columbia::ah1b,AH1B,Columbia Return Spring (COLM-AH1B),2.85,2.85,2.85,0,verified_exact_identity
466,CT101,Columbia Tools,Return Spring,9.25,regular_price,,2,1,2.85,4.15,3.50,6.40,5.75,Verified Market Evidence + Review Candidates,yes,columbia::ct101,CT101,CT101 Columbia Taper Return Spring #5961,4.15,4.15,4.15,0,verified_exact_identity,no,tapetech::ct101,CT-101,Filler Valve Return Spring - CT101,,,,0,review_only,yes,columbia::ct101,CT101,Columbia Mud Supply Valve Return Spring (COLM-CT101),2.85,2.85,2.85,0,verified_exact_identity
467,CT54,Columbia Tools,Return Spring,3.00,regular_price,,1,0,3.23,3.23,3.23,-0.23,-0.23,Verified Single-Source,no,,,,,,,0,,no,,,,,,,0,,yes,columbia::ct54,CT54,Columbia Return Spring (COLM-CT54),3.23,3.23,3.23,0,verified_exact_identity
468,CT40,Columbia Tools,Return Spring Ring,2.00,regular_price,,1,0,1.29,1.29,1.29,0.71,0.71,Verified Single-Source,no,,,,,,,0,,no,,,,,,,0,,yes,columbia::ct40,CT40,Columbia Return Spring Ring (COLM-CT40),1.29,1.29,1.29,0,verified_exact_identity
469,CT36,Columbia Tools,Return Spring Tube,33.00,regular_price,,2,0,33.61,39.16,36.38,-0.61,-3.38,Verified Market Evidence,yes,columbia::ct36,CT36,CT36 Columbia Taper Return Spring Tube #5609,39.16,39.16,39.16,0,verified_exact_identity,no,,,,,,,0,,yes,columbia::ct36,CT36,Columbia Return Spring Tube (COLM-CT36),33.61,33.61,33.61,0,verified_exact_identity
470,HH33,Columbia Tools,Rlease Trigger Spring,11.75,regular_price,,1,2,5.16,5.16,5.16,6.59,6.59,Verified Single-Source + Review Candidates,no,columbia::hh33,HH33,COLHH33 Columbia Hydra Handle Release Clip Spring,,,,0,review_only,no,tapetech::hh33,HH33,Handle Release Clip Spring - HH33,,,,0,review_only,yes,columbia::hh33,HH33,Columbia Spring for Hydra Reach Flat Box Handle (COLM-HH33),5.16,5.16,5.16,0,verified_exact_identity
471,FFB7-SHOE,Columbia Tools,Shoe,,missing_price,,2,0,2.67,3.44,3.06,,,Verified Market Evidence,no,,,,,,,0,,yes,columbia::ffb7,FFB-7,Columbia Flat Box Shoe (Right) - FFB7,3.44,3.44,3.44,0,verified_exact_identity,yes,columbia::ffb7,FFB7,Columbia Shoe - right (COLM-FFB7),2.67,2.67,2.67,0,verified_exact_identity
472,CFB3,Columbia Tools,Side Plate,,missing_price,,0,0,,,,,,No Match Found,no,,,,,,,0,,no,,,,,,,0,,no,,,,,,,0,
473,FFB7,Columbia Tools,Shoe - Right,42.95,regular_price,,2,0,2.67,3.44,3.06,40.28,39.90,Verified Market Evidence,no,,,,,,,0,,yes,columbia::ffb7,FFB-7,Columbia Flat Box Shoe (Right) - FFB7,3.44,3.44,3.44,0,verified_exact_identity,yes,columbia::ffb7,FFB7,Columbia Shoe - right (COLM-FFB7),2.67,2.67,2.67,0,verified_exact_identity
474,FFB7A,Columbia Tools,Shoe - Left,42.95,regular_price,,2,0,2.67,3.44,3.06,40.28,39.90,Verified Market Evidence,no,,,,,,,0,,yes,columbia::ffb7a,FFB-7A,Columbia Flat Box Shoe (Left) - FFB7A,3.44,3.44,3.44,0,verified_exact_identity,yes,columbia::ffb7a,FFB7A,Columbia Shoe - left (COLM-FFB7A),2.67,2.67,2.67,0,verified_exact_identity
475,CFB3-7,Columbia Tools,"Side Plate - 7""",40.00,regular_price,,1,0,43.84,43.84,43.84,-3.84,-3.84,Verified Single-Source,yes,columbia::cfb37,CFB3-7,CFB3-7 Columbia Angle Box Side Plate 7in #5540,43.84,43.84,43.84,0,verified_exact_identity,no,,,,,,,0,,no,,,,,,,0,
476,CFB3-8,Columbia Tools,"Side Plate - 8""",40.00,regular_price,,1,0,43.84,43.84,43.84,-3.84,-3.84,Verified Single-Source,yes,columbia::cfb38,CFB3-8,CFB3-8 Columbia Angle Box Side Plate 8in #5541,43.84,43.84,43.84,0,verified_exact_identity,no,,,,,,,0,,no,,,,,,,0,
477,CT90,Columbia Tools,Rod Sleeve Housing,22.50,regular_price,,2,1,25.84,30.10,27.97,-3.34,-5.47,Verified Market Evidence + Review Candidates,yes,columbia::ct90,CT90,CT90 Columbia Taper Rod Sleeve Housing #5864,30.10,30.10,30.10,0,verified_exact_identity,no,,CT-90,Taper Rod Sleeve Housing - CT90,,,,0,review_only,yes,columbia::ct90,CT90,Columbia Clutch Release Rod Sleeve Housing (COLM-CT90),25.84,25.84,25.84,0,verified_exact_identity
478,HNS12A,Columbia Tools,Roll Pin,6.00,regular_price,,2,0,5.50,8.01,6.76,0.50,-0.76,Verified Market Evidence,yes,columbia::hns12a,HNS12A,HNS12A Columbia Nail Spotter Handle Roll Pin #12534,8.01,8.01,8.01,0,verified_exact_identity,no,,,,,,,0,,yes,columbia::hns12a,HNS12A,Columbia Handle Roll Pin for Hinged Nail Spotter (COLM-HNS12A),5.50,5.50,5.50,0,verified_exact_identity
479,HNS13,Columbia Tools,Roll Pin Bushing,9.95,regular_price,,2,1,3.29,4.78,4.04,6.66,5.92,Verified Market Evidence + Review Candidates,yes,columbia::hns13,HNS13,HNS13 Columbia Nail Spotter Roll Pin Bushing #12535,4.78,4.78,4.78,0,verified_exact_identity,no,tapetech::hns13,hns13,Nail Spotter Roll Pin Bushing #12535 - HNS13,,,,0,review_only,yes,columbia::hns13,HNS13,Columbia Roll Pin Bushing for Hinged Nail Spotter (COLM-HNS13),3.29,3.29,3.29,0,verified_exact_identity
480,CR2,Columbia Tools,Roller,12.00,regular_price,,2,0,15.52,20.64,18.08,-3.52,-6.08,Verified Market Evidence,yes,columbia::cr2,CR2,Columbia Roller Wheel CR2,20.64,20.64,20.64,0,verified_exact_identity,no,,,,,,,0,,yes,columbia::cr2,CR2,"Columbia Roller, 2 piece - Nylatron/Steel (COLM-CR2)",15.52,15.52,15.52,0,verified_exact_identity
481,CT28,Columbia Tools,Roller Bushing,10.75,regular_price,,3,0,3.65,5.65,3.87,7.10,6.88,Verified Market Evidence,yes,columbia::ct28,CT28,CT28 Columbia Taper Roller Bushing #5601,5.65,5.65,5.65,0,verified_exact_identity,yes,columbia::ct28,CT-28,CT28 - Taper Roller Bushing,3.65,3.65,3.65,0,verified_exact_identity,yes,columbia::ct28,CT28,Columbia Roller Bushing (COLM-CT28),3.87,3.87,3.87,0,verified_exact_identity
482,CT125,Columbia Tools,Rollers,15.25,regular_price,,2,1,3.23,4.70,3.96,12.02,11.28,Verified Market Evidence + Review Candidates,yes,columbia::ct125,CT125,CT125 Columbia Taper Roller #5985,4.70,4.70,4.70,0,verified_exact_identity,no,tapetech::ct125,CT-125,Taper Roller - CT125,,,,0,review_only,yes,columbia::ct125,CT125,Columbia Hand Grip Roller (COLM-CT125),3.23,3.23,3.23,0,verified_exact_identity
483,FFB37,Columbia Tools,Rubber for Box Wheel,2.00,regular_price,,0,0,,,,,,No Match Found,no,,,,,,,0,,no,,,,,,,0,,no,,,,,,,0,
484,CT87-CS,Columbia Tools,Rubber Seal,9.75,regular_price,,1,2,10.30,10.30,10.30,-0.55,-0.55,Verified Single-Source + Review Candidates,yes,columbia::ct87cs,CT87-CS,Columbia Cover Plate Cork Seal,10.30,10.30,10.30,0,verified_exact_identity,no,tapetech::ct87cs,CT-87CS,Columbia Cover Plate Cork Seal,,,,0,review_only,no,columbia::ct87cs,CT87CS,Columbia Cover Plate Gasket (COLM-CT87CS),,,,0,review_only
485,AH4,Columbia Tools,Side Blade,29.50,regular_price,,2,0,3.46,3.56,3.51,26.04,25.99,Verified Market Evidence,no,,,,,,,0,,yes,columbia::ah4,AH4,AH4 - Angle Head Side Blade,3.46,3.46,3.46,0,verified_exact_identity,yes,columbia::ah4,AH4,"Columbia Side Blade Skid, Stainless Steel (COLM-AH4)",3.56,3.56,3.56,0,verified_exact_identity
486,CT7A,Columbia Tools,Side Plate Hub,24.50,regular_price,,2,0,12.93,14.62,13.78,11.57,10.72,Verified Market Evidence,yes,columbia::ct7a,CT7A,CT7A Columbia Taper Side Plate Hub #5581,14.62,14.62,14.62,0,verified_exact_identity,no,,,,,,,0,,yes,columbia::ct7a,CT7A,Columbia Side Plate Hub (COLM-CT7A),12.93,12.93,12.93,0,verified_exact_identity
487,MP39,Columbia Tools,Sleeve,14.75,regular_price,,2,1,2.26,3.28,2.77,12.49,11.98,Verified Market Evidence + Review Candidates,yes,columbia::mp39,MP39,MP39 Columbia Mud Pump Sleeve #5880,3.28,3.28,3.28,0,verified_exact_identity,no,,MP39,Mud Pump Sleeve - MP39,,,,0,review_only,yes,columbia::mp39,MP39,Columbia Piston Cup Sleeve (COLM-MP39),2.26,2.26,2.26,0,verified_exact_identity
488,MH20,Columbia Tools,Small Nyliner Bushing,3.00,regular_price,,0,0,,,,,,No Match Found,no,,,,,,,0,,no,,,,,,,0,,no,,,,,,,0,
489,AH18,Columbia Tools,Socket Wear Cap,9.00,regular_price,,2,0,8.72,10.16,9.44,0.28,-0.44,Verified Market Evidence,yes,columbia::ah18,AH18,AH18 Columbia Angle Head Socket Wear Cup #5817,10.16,10.16,10.16,0,verified_exact_identity,no,,,,,,,0,,yes,columbia::ah18,AH18,Columbia Socket Wear Cup (COLM-AH18),8.72,8.72,8.72,0,verified_exact_identity
490,CT119,Columbia Tools,Spool Retaining Spring,7.25,regular_price,,2,1,5.66,5.82,5.74,1.59,1.51,Verified Market Evidence + Review Candidates,no,columbia::ct119,CT119,COLCT119 Spool Retaining Spring,,,,0,review_only,yes,columbia::ct119,CT-119,Spool Retaining Spring - CT119,5.66,5.66,5.66,0,verified_exact_identity,yes,columbia::ct119,CT119,Columbia Tape Spool Retaining Spring (COLM-CT119),5.82,5.82,5.82,0,verified_exact_identity
491,AH8-CLIP,Columbia Tools,Top Retainer Corner Clip,,missing_price,,2,0,5.82,6.78,6.30,,,Verified Market Evidence,yes,columbia::ah8,AH8,AH8 Columbia Angle Head Retainer Clip (Short) #5812,6.78,6.78,6.78,0,verified_exact_identity,no,,,,,,,0,,yes,columbia::ah8,AH8,"Columbia Top Retainer Clip, fits 2"", 2.5"", and 3"" (COLM-AH8)",5.82,5.82,5.82,0,verified_exact_identity
492,DS-DURA-III,Dura-Stilts,Dura-III Adjustable,,missing_price,,0,0,,,,,,No Match Found,no,,,,,,,0,,no,,,,,,,0,,no,,,,,,,0,
493,AH1A,Columbia Tools,Spring Housing,8.00,regular_price,,2,0,8.36,12.18,10.27,-0.36,-2.27,Verified Market Evidence,yes,columbia::ah1a,AH1A,Columbia Spring Housing Angle Head,12.18,12.18,12.18,0,verified_exact_identity,no,,,,,,,0,,yes,columbia::ah1a,AH1A,Columbia Return Spring Holder (COLM-AH1A),8.36,8.36,8.36,0,verified_exact_identity
494,FFB4B,Columbia Tools,Stainless Steel Backing Washer,4.00,regular_price,,2,0,3.68,5.20,4.44,0.32,-0.44,Verified Market Evidence,yes,columbia::ffb4b,FFB4B,FFB4B Columbia Flat Box Stainless Steel Backing Washer #6113,5.20,5.20,5.20,0,verified_exact_identity,no,,,,,,,0,,yes,columbia::ffb4b,FFB4B,Columbia Stainless Steel Backing Washer (COLM-FFB4B),3.68,3.68,3.68,0,verified_exact_identity
495,CT6A,Columbia Tools,Stainless Steel Side Plate - Left,42.95,regular_price,,2,1,37.20,43.34,40.27,5.75,2.68,Verified Market Evidence + Review Candidates,yes,columbia::ct6a,CT6A,CT6A Columbia Taper Side Plate Left #5577,43.34,43.34,43.34,0,verified_exact_identity,no,,CT-6A,Taper Side Plate Left - CT6A,,,,0,review_only,yes,columbia::ct6a,CT6A,Columbia Stainless Steel Side Plate - Left (COLM-CT6A),37.20,37.20,37.20,0,verified_exact_identity
496,FFB4A,Columbia Tools,Stainless Steel Washer,5.00,regular_price,,2,0,4.31,6.10,5.20,0.69,-0.20,Verified Market Evidence,yes,columbia::ffb4a,FFB4A,FFB4A Columbia Flat Box Stainless Steel Washer #6112,6.10,6.10,6.10,0,verified_exact_identity,no,,,,,,,0,,yes,columbia::ffb4a,FFB4A,Columbia Stainless Steel Washer (COLM-FFB4A),4.31,4.31,4.31,0,verified_exact_identity
497,CT116A,Columbia Tools,Strap,28.50,regular_price,,1,1,21.94,21.94,21.94,6.56,6.56,Verified Single-Source + Review Candidates,yes,columbia::ct116a,CT116A,CT116A Columbia Taper Strap #5975,21.94,21.94,21.94,0,verified_exact_identity,no,,CT-116A,Taper Strap - CT116A,,,,0,review_only,no,,,,,,,0,
498,AH8A,Columbia Tools,"Top Retainer Corner Clip - 3.5""",9.75,regular_price,,1,1,5.82,5.82,5.82,3.93,3.93,Verified Single-Source + Review Candidates,no,,,,,,,0,,no,tapetech::ah8a,ah8a,AH8A - Short Center Clip,,,,0,review_only,yes,columbia::ah8a,AH8A,"Columbia Top Retainer Clip, fits 3.5"" (COLM-AH8A)",5.82,5.82,5.82,0,verified_exact_identity
499,AH8,Columbia Tools,Top Retainer Corner Clip - Standard,8.00,regular_price,,1,1,5.82,5.82,5.82,2.18,2.18,Verified Single-Source + Review Candidates,no,columbia::ah8,AH8,AH8 Columbia Angle Head Retainer Clip (Short) #5812,,,,0,review_only,no,,,,,,,0,,yes,columbia::ah8,AH8,"Columbia Top Retainer Clip, fits 2"", 2.5"", and 3"" (COLM-AH8)",5.82,5.82,5.82,0,verified_exact_identity
500,D14-22,Dura-Stilts,Dura-III Adjustable - 14”-22”,404.68,regular_price,,1,3,400.00,400.00,400.00,4.68,4.68,Verified Single-Source + Review Candidates,no,,DSS1422US,"Dura-Stilts Dura-III Adjustable Drywall Stilts 14""-22""",,,,0,review_only,no,,DURASTILTSMALL,"Dura-Stilts Dura-III Adjustable Drywall Stilts 14""-22""",,,,1,review_only,yes,dura-stilts::d1422,D14-22,"Dura-Stilt III 14-22"" Adjustable Aluminum Drywall Stilts",400.00,400.00,400.00,0,verified_exact_identity
501,LV5-CORNER-APPLICATOR,LEVEL5,LEVEL5 Corner Applicator,,missing_price,,0,0,,,,,,No Match Found,no,,,,,,,0,,no,,,,,,,0,,no,,,,,,,0,
502,LV5-CORNER-HANDLE-APPLICATOR-EXT,LEVEL5,LEVEL5 Corner Applicator Handle (Extendable),,missing_price,,0,0,,,,,,No Match Found,no,,,,,,,0,,no,,,,,,,0,,no,,,,,,,0,
503,D18-30,Dura-Stilts,Dura-III Adjustable - 18”-30”,429.86,regular_price,,1,3,415.00,415.00,415.00,14.86,14.86,Verified Single-Source + Review Candidates,no,,DSS1830US,"Dura-Stilts Dura-III Adjustable Drywall Stilts 18""-30""",,,,0,review_only,no,,DURASTILTMEDIUM,"Dura-Stilts Dura-III Adjustable Drywall Stilts 18""-30""",,,,1,review_only,yes,dura-stilts::d1830,D18-30,"Dura-Stilt III 18-30"" Adjustable Aluminum Drywall Stilts",415.00,415.00,415.00,0,verified_exact_identity
504,D24-40,Dura-Stilts,Dura-III Adjustable - 24”-40”,453.24,regular_price,,1,3,435.00,435.00,435.00,18.24,18.24,Verified Single-Source + Review Candidates,no,,DSS2440US,"Dura-Stilts Dura-III Adjustable Drywall Stilts 24""-40""",,,,0,review_only,no,,DURASTILTLARGE,"Dura-Stilts Dura-III Adjustable Drywall Stilts 24""-40""",,,,1,review_only,yes,dura-stilts::d2440,D24-40,"Dura-Stilt III 24-40"" Adjustable Aluminum Drywall Stilts",435.00,435.00,435.00,0,verified_exact_identity
505,4-701,LEVEL5,LEVEL5 Corner Applicator - 7”,287.65,regular_price,,0,0,,,,,,No Match Found,no,,,,,,,0,,no,,,,,,,0,,no,,,,,,,0,
506,4-702,LEVEL5,LEVEL5 Corner Applicator - 8”,296.64,regular_price,,0,0,,,,,,No Match Found,no,,,,,,,0,,no,,,,,,,0,,no,,,,,,,0,
507,4-794,LEVEL5,LEVEL5 Corner Applicator Handle (Extendable) - 31”- 50”,176.35,regular_price,,0,0,,,,,,No Match Found,no,,,,,,,0,,no,,,,,,,0,,no,,,,,,,0,
508,4-798,LEVEL5,LEVEL5 Corner Applicator Handle (Extendable) - 43”- 72”,195.18,regular_price,,0,0,,,,,,No Match Found,no,,,,,,,0,,no,,,,,,,0,,no,,,,,,,0,
509,BH11,Columbia Tools,Strap Connecting Pin,7.95,regular_price,,1,1,2.36,2.36,2.36,5.59,5.59,Verified Single-Source + Review Candidates,no,,,,,,,0,,no,,BH-11,Flat Box Handle Strap Connecting Pin - BH11,,,,0,review_only,yes,columbia::bh11,BH11,Columbia Strap Connecting Pin for 180 Grip Flat Box Handle (COLM-BH11),2.36,2.36,2.36,0,verified_exact_identity
510,CR12,Columbia Tools,Swivel Coupling Pin,12.50,regular_price,,2,1,3.99,5.38,4.68,8.51,7.82,Verified Market Evidence + Review Candidates,yes,columbia::cr12,CR12,CR12 Columbia Corner Roller Swivel Coupling Pin #5568,5.38,5.38,5.38,0,verified_exact_identity,no,,cr-12,5 - Hinge Bushing,,,,0,review_only,yes,columbia::cr12,CR12,Columbia Handle Connecting Link for Corner Roller (COLM-CR12),3.99,3.99,3.99,0,verified_exact_identity
511,CT57,Columbia Tools,Tape Advance Carriage,82.00,regular_price,,2,0,87.90,102.40,95.15,-5.90,-13.15,Verified Market Evidence,yes,columbia::ct57,CT57,CT57 Columbia Taper Tape Advance Carriage #5833,102.40,102.40,102.40,0,verified_exact_identity,no,,,,,,,0,,yes,columbia::ct57,CT57,Columbia Tape Advance Carriage (Includes CT58)  (COLM-CT57),87.90,87.90,87.90,0,verified_exact_identity
512,CT120,Columbia Tools,Tape Spool,22.81,regular_price,,1,1,25.84,25.84,25.84,-3.03,-3.03,Verified Single-Source + Review Candidates,no,,,,,,,0,,no,,CT-120,Taper Tape Spool - CT120,,,,0,review_only,yes,columbia::ct120,CT120,Columbia Tape Spool (COLM-CT120),25.84,25.84,25.84,0,verified_exact_identity
513,CT14A,Columbia Tools,Taper Adjustable Brake,22.50,regular_price,,3,0,6.16,8.73,7.18,16.34,15.32,Verified Market Evidence,yes,columbia::ct14a,CT14A,CT14A Columbia Taper Adjustable Brake #5589,8.73,8.73,8.73,0,verified_exact_identity,yes,columbia::ct14a,ct14A,CT14A - Taper Adjustable Brake,7.18,7.18,7.18,0,verified_exact_identity,yes,columbia::ct14a,CT14A,Columbia Adjustable Brake (COLM-CT14A),6.16,6.16,6.16,0,verified_exact_identity
514,FFB32A,Columbia Tools,Thumb Release Clip Screw,12.50,regular_price,,2,1,1.16,1.70,1.43,11.34,11.07,Verified Market Evidence + Review Candidates,yes,columbia::ffb32a,FFB32A,FFB32A Columbia Flat Box Thumb Release Clip Screw,1.70,1.70,1.70,0,verified_exact_identity,no,tapetech::ffb32a,FFB32A,Flat Box Thumb Release Clip Screw - FFB32A,,,,0,review_only,yes,columbia::ffb32a,FFB32A,Columbia Thumb Clip Door Release/Stop Bolt (COLM-FFB32A),1.16,1.16,1.16,0,verified_exact_identity
515,CT53,Columbia Tools,Toe Kicker,28.50,regular_price,,2,1,22.64,26.38,24.51,5.86,3.99,Verified Market Evidence + Review Candidates,yes,columbia::ct53,CT53,Columbia Taper Toe Kicker CT53,26.38,26.38,26.38,0,verified_exact_identity,no,,CT-53,Taper Toe Kicker - CT53,,,,0,review_only,yes,columbia::ct53,CT53,Columbia Toe Kicker (COLM-CT53),22.64,22.64,22.64,0,verified_exact_identity
516,CT92A,Columbia Tools,Toe Kicker Caple Retainer Clip,7.95,regular_price,,2,1,2.60,3.78,3.19,5.35,4.76,Verified Market Evidence + Review Candidates,yes,columbia::ct92a,CT92A,CT92A Columbia Taper L Clip #5867,3.78,3.78,3.78,0,verified_exact_identity,no,tapetech::ct92a,CT-92A,Taper L Clip - CT92A,,,,0,review_only,yes,columbia::ct92a,CT92A,"Columbia Toe Kicker Cable Retainer Clip ""L"" Clip (COLM-CT92A)",2.60,2.60,2.60,0,verified_exact_identity
517,HH10A,Columbia Tools,Top Cap,2.00,regular_price,,1,0,2.28,2.28,2.28,-0.28,-0.28,Verified Single-Source,yes,columbia::hh10a,HH10A,13711,2.28,2.28,2.28,0,verified_exact_identity,no,,,,,,,0,,no,,,,,,,0,
518,BH5,Columbia Tools,Upper Mounting Bracket,18.50,regular_price,,2,2,9.33,10.54,9.94,9.17,8.56,Verified Market Evidence + Review Candidates,yes,columbia::bh5,BH5,BH5 Columbia Box Handle Upper Mounting Bracket (180 Grip) #12460,10.54,10.54,10.54,1,verified_exact_identity,no,,BH-5,Box Handle Upper Mounting Bracket - BH5,,,,0,review_only,yes,columbia::bh5,BH5,Columbia Upper Mounting Bracket for 180 Grip Flat Box Handle (COLM-BH5),9.33,9.33,9.33,0,verified_exact_identity
519,HH2,Columbia Tools,Upper Mounting Bracket,66.00,regular_price,,2,0,68.50,77.48,72.99,-2.50,-6.99,Verified Market Evidence,yes,columbia::hh2,HH2,Columbia Upper Mounting Bracket for COL88,77.48,77.48,77.48,0,verified_exact_identity,no,,,,,,,0,,yes,columbia::hh2,HH2,Columbia Flat Box Handle Upper Mounting Bracket for Hydra Reach Flat Box Handle (COLM-HH2),68.50,68.50,68.50,0,verified_exact_identity
520,HNS20,Columbia Tools,Wedge,22.50,regular_price,,2,0,17.04,20.44,18.74,5.46,3.76,Verified Market Evidence,yes,columbia::hns20,HNS20,HNS20 Columbia Nail Spotter Wedge for Skid Nail Spotter #12278,20.44,20.44,20.44,0,verified_exact_identity,yes,columbia::hns20,HNS20,Columbia Nail Spotter Wedge for Skid Nail Spotter - HNS20,17.04,17.04,17.04,0,verified_exact_identity,no,,,,,,,0,
521,LV5-CORNER-FINISHER,LEVEL5,LEVEL5 Corner Finisher,,missing_price,,0,0,,,,,,No Match Found,no,,,,,,,0,,no,,,,,,,0,,no,,,,,,,0,
522,LV5-CORNER-HANDLE-FINISHER-EXT,LEVEL5,LEVEL5 Corner Finisher Handle (Extendable),,missing_price,,0,0,,,,,,No Match Found,no,,,,,,,0,,no,,,,,,,0,,no,,,,,,,0,
523,LV5-CORNER-FLUSHER,LEVEL5,LEVEL5 Corner Flusher,,missing_price,,0,0,,,,,,No Match Found,no,,,,,,,0,,no,,,,,,,0,,no,,,,,,,0,
524,4-732,LEVEL5,LEVEL5 Corner Finisher - 2.5”,400.24,regular_price,,1,0,420.74,420.74,420.74,-20.50,-20.50,Verified Single-Source,no,,,,,,,0,,no,,,,,,,0,,yes,level5::4732,4732,Level 5 2.5 in. Corner Finisher (LEV5-4732),420.74,420.74,420.74,0,verified_exact_identity
525,4-733,LEVEL5,LEVEL5 Corner Finisher - 3”,409.65,regular_price,,0,0,,,,,,No Match Found,no,,,,,,,0,,no,,,,,,,0,,no,,,,,,,0,
526,4-734,LEVEL5,LEVEL5 Corner Finisher - 3.5”,419.07,regular_price,,0,0,,,,,,No Match Found,no,,,,,,,0,,no,,,,,,,0,,no,,,,,,,0,
527,4-735,LEVEL5,LEVEL5 Corner Finisher - 4”,428.48,regular_price,,0,0,,,,,,No Match Found,no,,,,,,,0,,no,,,,,,,0,,no,,,,,,,0,
528,4-795,LEVEL5,LEVEL5 Corner Finisher Handle (Extendable) - 31”- 50”,188.34,regular_price,,0,0,,,,,,No Match Found,no,,,,,,,0,,no,,,,,,,0,,no,,,,,,,0,
529,4-799,LEVEL5,LEVEL5 Corner Finisher Handle (Extendable) - 43”- 72”,207.17,regular_price,,0,0,,,,,,No Match Found,no,,,,,,,0,,no,,,,,,,0,,no,,,,,,,0,
530,4-743,LEVEL5,LEVEL5 Corner Flusher - 3”,146.48,regular_price,,0,0,,,,,,No Match Found,no,,,,,,,0,,no,,,,,,,0,,no,,,,,,,0,
531,LV5-FLAT-BOX-MEGA,LEVEL5,LEVEL5 Flat Box (MEGA),,missing_price,,0,0,,,,,,No Match Found,no,,,,,,,0,,no,,,,,,,0,,no,,,,,,,0,
532,LV5-FLAT-BOX-STANDARD,LEVEL5,LEVEL5 Flat Box (Standard),,missing_price,,0,0,,,,,,No Match Found,no,,,,,,,0,,no,,,,,,,0,,no,,,,,,,0,
533,4-744,LEVEL5,LEVEL5 Corner Flusher - 3.5”,151.09,regular_price,,0,0,,,,,,No Match Found,no,,,,,,,0,,no,,,,,,,0,,no,,,,,,,0,
534,4-767,LEVEL5,LEVEL5 Flat Box (MEGA) - 7”,398.65,regular_price,,1,0,422.09,422.09,422.09,-23.44,-23.44,Verified Single-Source,no,,,,,,,0,,no,,,,,,,0,,yes,level5::4767,4767,Level 5 7 in. Classic MEGA Flat Box (LEV5-4767),422.09,422.09,422.09,0,verified_exact_identity
535,4-768,LEVEL5,LEVEL5 Flat Box (MEGA) - 10”,407.99,regular_price,,1,0,431.99,431.99,431.99,-24.00,-24.00,Verified Single-Source,no,,,,,,,0,,no,,,,,,,0,,yes,level5::4768,4768,Level 5 10 in. Classic MEGA Flat Box (LEV5-4768),431.99,431.99,431.99,0,verified_exact_identity
536,4-769,LEVEL5,LEVEL5 Flat Box (MEGA) - 12”,422.02,regular_price,,1,0,446.84,446.84,446.84,-24.82,-24.82,Verified Single-Source,no,,,,,,,0,,no,,,,,,,0,,yes,level5::4769,4769,Level 5 12 in. Classic MEGA Flat Box (LEV5-4769),446.84,446.84,446.84,0,verified_exact_identity
537,4-764,LEVEL5,LEVEL5 Flat Box (Standard) - 7”,379.52,regular_price,,1,0,401.84,401.84,401.84,-22.32,-22.32,Verified Single-Source,no,,,,,,,0,,no,,,,,,,0,,yes,level5::4764,4764,Level 5 7 in. Classic Flat Box (LEV5-4764),401.84,401.84,401.84,0,verified_exact_identity
538,4-765,LEVEL5,LEVEL5 Flat Box (Standard) - 10”,388.88,regular_price,,1,0,411.74,411.74,411.74,-22.86,-22.86,Verified Single-Source,no,,,,,,,0,,no,,,,,,,0,,yes,level5::4765,4765,Level 5 10 in. Classic Flat Box (LEV5-4765),411.74,411.74,411.74,0,verified_exact_identity
539,4-766,LEVEL5,LEVEL5 Flat Box (Standard) - 12”,398.65,regular_price,,1,0,422.09,422.09,422.09,-23.44,-23.44,Verified Single-Source,no,,,,,,,0,,no,,,,,,,0,,yes,level5::4766,4766,Level 5 12 in. Classic Flat Box (LEV5-4766),422.09,422.09,422.09,0,verified_exact_identity
540,4-770,LEVEL5,LEVEL5 Flat Box (Standard) - 14”,412.68,regular_price,,0,0,,,,,,No Match Found,no,,,,,,,0,,no,,,,,,,0,,no,,,,,,,0,
541,LV5-FLAT-BOX-HANDLE-EXT,LEVEL5,LEVEL5 Flat Box Handle (Extendable),,missing_price,,0,0,,,,,,No Match Found,no,,,,,,,0,,no,,,,,,,0,,no,,,,,,,0,
542,LV5-FLAT-BOX-HANDLE-FIXED,LEVEL5,LEVEL5 Flat Box Handle (Fixed Length),,missing_price,,0,0,,,,,,No Match Found,no,,,,,,,0,,no,,,,,,,0,,no,,,,,,,0,
543,4-759,LEVEL5,LEVEL5 Flat Box Handle (Extendable) - 48” - 78”,315.47,regular_price,,0,0,,,,,,No Match Found,no,,,,,,,0,,no,,,,,,,0,,no,,,,,,,0,
544,4-780,LEVEL5,LEVEL5 Flat Box Handle (Extendable) - 40” - 62”,306.06,regular_price,,0,0,,,,,,No Match Found,no,,,,,,,0,,no,,,,,,,0,,no,,,,,,,0,
545,4-781,LEVEL5,LEVEL5 Flat Box Handle (Extendable) - 30” - 42”,296.64,regular_price,,1,0,311.84,311.84,311.84,-15.20,-15.20,Verified Single-Source,no,,,,,,,0,,no,,,,,,,0,,yes,level5::4781,4781,Level 5 30-42 in. Flat Box Extendable Handle (LEV5-4781),311.84,311.84,311.84,0,verified_exact_identity
546,4-782,LEVEL5,LEVEL5 Flat Box Handle (Extendable) - 23” - 32”,278.24,regular_price,,0,0,,,,,,No Match Found,no,,,,,,,0,,no,,,,,,,0,,no,,,,,,,0,
547,4-711,LEVEL5,LEVEL5 Flat Box Handle (Fixed Length) - 34”,176.35,regular_price,,0,0,,,,,,No Match Found,no,,,,,,,0,,no,,,,,,,0,,no,,,,,,,0,
548,4-712,LEVEL5,LEVEL5 Flat Box Handle (Fixed Length) - 42”,185.34,regular_price,,1,0,194.84,194.84,194.84,-9.50,-9.50,Verified Single-Source,no,,,,,,,0,,no,,,,,,,0,,yes,level5::4712,4712,Level 5 42 in. Flat Box Handle (LEV5-4712),194.84,194.84,194.84,0,verified_exact_identity
549,4-740,LEVEL5,LEVEL5 Flat Box Handle (Fixed Length) - 54”,204.18,regular_price,,0,0,,,,,,No Match Found,no,,,,,,,0,,no,,,,,,,0,,no,,,,,,,0,
550,LV5-NAIL-SPOTTER,LEVEL5,LEVEL5 Nail Spotter,,missing_price,,0,2,,,,,,Review Required,no,,,,,,,0,,no,,,,,,,0,,no,,4754,Level 5 2 in. Nail Spotter,,,,1,review_only
551,LV5-ENTRY-FINISHING-SET,LEVEL5,LEVEL5 Entry to Automatic Finishing Set,,missing_price,,0,0,,,,,,No Match Found,no,,,,,,,0,,no,,,,,,,0,,no,,,,,,,0,
552,LV5-CORNER-ROLLER-HANDLE,LEVEL5,LEVEL5 Corner Roller Handle,,missing_price,,1,1,97.64,97.64,97.64,,,Verified Single-Source + Review Candidates,no,,,,,,,0,,no,level5::4777,4-777,Level5 Corner Roller Handle,,,,0,review_only,yes,level5::4777,4777,Level 5 Red Aluminum Corner Roller Handle,97.64,97.64,97.64,0,verified_exact_identity
553,4-754,LEVEL5,LEVEL5 Nail Spotter - 2”,273.10,regular_price,,1,0,287.09,287.09,287.09,-13.99,-13.99,Verified Single-Source,no,,,,,,,0,,no,,,,,,,0,,yes,level5::4754,4754,Level 5 2 in. Nail Spotter,287.09,287.09,287.09,0,verified_exact_identity
554,4-755,LEVEL5,LEVEL5 Nail Spotter - 3”,291.93,regular_price,,1,0,306.89,306.89,306.89,-14.96,-14.96,Verified Single-Source,no,,,,,,,0,,no,,,,,,,0,,yes,level5::4755,4755,Level 5 3 in. Nail Spotter,306.89,306.89,306.89,0,verified_exact_identity
555,4-630,LEVEL5,LEVEL5 The Starter Taping Set,2126.35,regular_price,,0,0,,,,,,No Match Found,no,,,,,,,0,,no,,,,,,,0,,no,,,,,,,0,
556,4-602,LEVEL5,LEVEL5 Entry to Automatic Finishing Set - Tools Only,2412.75,regular_price,,0,0,,,,,,No Match Found,no,,,,,,,0,,no,,,,,,,0,,no,,,,,,,0,
557,4-600P,LEVEL5,LEVEL5 Entry to Automatic Finishing Set - With Automatic Taper,3878.41,regular_price,,0,0,,,,,,No Match Found,no,,,,,,,0,,no,,,,,,,0,,no,,,,,,,0,
558,4-677P,LEVEL5,LEVEL5 The Ultimate Taping & Finishing Set,6388.28,regular_price,,0,0,,,,,,No Match Found,no,,,,,,,0,,no,,,,,,,0,,no,,,,,,,0,
559,5-777,LEVEL5,"LEVEL5 Corner Roller Handle - 50""",89.99,regular_price,,0,0,,,,,,No Match Found,no,,,,,,,0,,no,,,,,,,0,,no,,,,,,,0,
560,4-777,LEVEL5,"LEVEL5 Corner Roller Handle - 54""",92.88,regular_price,,1,1,97.64,97.64,97.64,-4.76,-4.76,Verified Single-Source + Review Candidates,no,,,,,,,0,,no,level5::4777,4-777,Level5 Corner Roller Handle,,,,0,review_only,yes,level5::4777,4777,Level 5 Red Aluminum Corner Roller Handle,97.64,97.64,97.64,0,verified_exact_identity
561,LV5-FIXED-HANDLE-50,LEVEL5,"LEVEL5 50"" Fixed Handle",,missing_price,,0,0,,,,,,No Match Found,no,,,,,,,0,,no,,,,,,,0,,no,,,,,,,0,
562,4-778,LEVEL5,"LEVEL5 50"" Fixed Handle - Corner Applicator",92.88,regular_price,,0,0,,,,,,No Match Found,no,,,,,,,0,,no,,,,,,,0,,no,,,,,,,0,
563,4-779,LEVEL5,"LEVEL5 50"" Fixed Handle - Corner Finisher",92.88,regular_price,,0,0,,,,,,No Match Found,no,,,,,,,0,,no,,,,,,,0,,no,,,,,,,0,
564,4-792,LEVEL5,"LEVEL5 31""- 50"" Corner Roller/Nail Spotter Handle",180.62,regular_price,,0,0,,,,,,No Match Found,no,,,,,,,0,,no,,,,,,,0,,no,,,,,,,0,
565,4-760,LEVEL5,LEVEL5 Automatic Taper,1455.39,regular_price,,0,0,,,,,,No Match Found,no,,,,,,,0,,no,,,,,,,0,,no,,,,,,,0,
566,4-715,LEVEL5,LEVEL5 Box Filler,68.06,regular_price,,1,0,71.54,71.54,71.54,-3.48,-3.48,Verified Single-Source,no,,,,,,,0,,no,,,,,,,0,,yes,level5::4715,4715,Level 5 Box Filler,71.54,71.54,71.54,0,verified_exact_identity
567,4-771,LEVEL5,LEVEL5 Compound Pump,455.88,regular_price,,0,0,,,,,,No Match Found,no,,,,,,,0,,no,,,,,,,0,,no,,,,,,,0,
568,4-741,LEVEL5,LEVEL5 Compound Tube,205.31,regular_price,,0,0,,,,,,No Match Found,no,,,,,,,0,,no,,,,,,,0,,no,,,,,,,0,
569,4-707,LEVEL5,LEVEL5 Corner Roller,158.96,regular_price,,1,0,161.09,161.09,161.09,-2.13,-2.13,Verified Single-Source,no,,,,,,,0,,no,,,,,,,0,,yes,level5::4707,4707,Level 5 Corner Roller (LEV5-4707),161.09,161.09,161.09,0,verified_exact_identity
570,5-311,LEVEL5,LEVEL5 Drywall Banjo,151.37,regular_price,,0,0,,,,,,No Match Found,no,,,,,,,0,,no,,,,,,,0,,no,,,,,,,0,
571,PT-CF,Platinum Drywall Tools,Platinum Angle Head Corner Finisher with Wheels,,missing_price,,0,1,,,,,,Review Required,no,,,,,,,0,,no,,PT-CF2.5,"Platinum Drywall Tools 2.5"" Angle Head Corner Finisher with Wheels",,,,0,review_only,no,,,,,,,0,
572,PT-CT,Platinum Drywall Tools,Platinum Compound Tube,,missing_price,,0,3,,,,,,Review Required,no,,,,,,,0,,no,,PT-CT24,"Platinum Drywall Tools 24"" Compound Tube",,,,2,review_only,no,,,,,,,0,
573,PT-BH,Platinum Drywall Tools,Platinum Flat Box Handle,,missing_price,,0,1,,,,,,Review Required,no,,,,,,,0,,no,,PT-MNBH,"Platinum Drywall Tools ""Mini"" Flat Box Handle",,,,0,review_only,no,,,,,,,0,
574,PT-CF2.5,Platinum Drywall Tools,"Platinum Angle Head Corner Finisher with Wheels - 2.5""",239.00,regular_price,,1,0,145.00,145.00,145.00,94.00,94.00,Verified Single-Source,no,,,,,,,0,,yes,platinum::ptcf25,PT-CF2.5,"Platinum Drywall Tools 2.5"" Angle Head Corner Finisher with Wheels",145.00,145.00,145.00,0,verified_exact_identity,no,,,,,,,0,
575,PT-3CF,Platinum Drywall Tools,"Platinum Angle Head Corner Finisher with Wheels - 3""",249.00,regular_price,,0,0,,,,,,No Match Found,no,,,,,,,0,,no,,,,,,,0,,no,,,,,,,0,
576,PT-CF3.5,Platinum Drywall Tools,"Platinum Angle Head Corner Finisher with Wheels - 3.5""",259.00,regular_price,,1,0,155.00,155.00,155.00,104.00,104.00,Verified Single-Source,no,,,,,,,0,,yes,platinum::ptcf35,PT-CF3.5,"Platinum Drywall Tools 3.5"" Angle Head Corner Finisher",155.00,155.00,155.00,0,verified_exact_identity,no,,,,,,,0,
577,PT-CT24,Platinum Drywall Tools,"Platinum Compound Tube - 24""",150.00,regular_price,,1,0,75.00,75.00,75.00,75.00,75.00,Verified Single-Source,no,,,,,,,0,,yes,platinum::ptct24,PT-CT24,"Platinum Drywall Tools 24"" Compound Tube",75.00,75.00,75.00,0,verified_exact_identity,no,,,,,,,0,
578,PT-CT36,Platinum Drywall Tools,"Platinum Compound Tube - 36""",155.00,regular_price,,1,0,80.00,80.00,80.00,75.00,75.00,Verified Single-Source,no,,,,,,,0,,yes,platinum::ptct36,PT-CT36,"Platinum Drywall Tools 36"" Compound Tube",80.00,80.00,80.00,0,verified_exact_identity,no,,,,,,,0,
579,PT-CT42,Platinum Drywall Tools,"Platinum Compound Tube - 42""",160.00,regular_price,,1,0,85.00,85.00,85.00,75.00,75.00,Verified Single-Source,no,,,,,,,0,,yes,platinum::ptct42,PT-CT42,"Platinum Drywall Tools 42"" Compound Tube",85.00,85.00,85.00,0,verified_exact_identity,no,,,,,,,0,
580,PT-BH34,Platinum Drywall Tools,"Platinum Flat Box Handle - 34""",90.00,regular_price,,0,0,,,,,,No Match Found,no,,,,,,,0,,no,,,,,,,0,,no,,,,,,,0,
581,PT-FB,Platinum Drywall Tools,Platinum Flat Finishing Box,,missing_price,,0,0,,,,,,No Match Found,no,,,,,,,0,,no,,,,,,,0,,no,,,,,,,0,
582,PT-BH42,Platinum Drywall Tools,"Platinum Flat Box Handle - 42""",95.00,regular_price,,1,0,60.00,60.00,60.00,35.00,35.00,Verified Single-Source,no,,,,,,,0,,yes,platinum::ptbh42,PT-BH42,"Platinum Drywall Tools 42"" Drywall Flat Finisher Box Handle",60.00,60.00,60.00,0,verified_exact_identity,no,,,,,,,0,
583,PT-BH54,Platinum Drywall Tools,"Platinum Flat Box Handle - 54""",100.00,regular_price,,1,0,60.00,60.00,60.00,40.00,40.00,Verified Single-Source,no,,,,,,,0,,yes,platinum::ptbh54,PT-BH54,"Platinum Drywall Tools 54"" Drywall Flat Finisher Box Handle",60.00,60.00,60.00,0,verified_exact_identity,no,,,,,,,0,
584,PT-10FB,Platinum Drywall Tools,"Platinum Flat Finishing Box - 10""",195.00,regular_price,,0,1,,,,,,Review Required,no,,,,,,,0,,no,platinum::pt10fb,PT-10FB,"Platinum Drywall Tools 10"" Flat Box",,,,0,review_only,no,,,,,,,0,
585,PT-12FB,Platinum Drywall Tools,"Platinum Flat Finishing Box - 12""",205.00,regular_price,,0,1,,,,,,Review Required,no,,,,,,,0,,no,platinum::pt12fb,PT-12FB,"Platinum Drywall Tools 12"" Flat Box",,,,0,review_only,no,,,,,,,0,
586,PT-14FB,Platinum Drywall Tools,"Platinum Flat Finishing Box - 14""",215.00,regular_price,,0,1,,,,,,Review Required,no,,,,,,,0,,no,platinum::pt14fb,PT-14FB,"Platinum Drywall Tools 14"" Flat Box",,,,0,review_only,no,,,,,,,0,
587,PT-8FB,Platinum Drywall Tools,"Platinum Flat Finishing Box - 8""",185.00,regular_price,,0,1,,,,,,Review Required,no,,,,,,,0,,no,platinum::pt8fb,PT-8FB,"Platinum Drywall Tools 8"" Flat Box",,,,0,review_only,no,,,,,,,0,
588,4-714,LEVEL5,LEVEL5 Gooseneck,101.88,regular_price,,1,0,107.09,107.09,107.09,-5.21,-5.21,Verified Single-Source,no,,,,,,,0,,no,,,,,,,0,,yes,level5::4714,4714,Level 5 Gooseneck,107.09,107.09,107.09,0,verified_exact_identity
589,4-772,LEVEL5,LEVEL5 MiniShot,941.72,regular_price,,0,0,,,,,,No Match Found,no,,,,,,,0,,no,,,,,,,0,,no,,,,,,,0,
590,4-773,LEVEL5,LEVEL5 MiniShot Ext. Handle,74.48,regular_price,,0,0,,,,,,No Match Found,no,,,,,,,0,,no,,,,,,,0,,no,,,,,,,0,
591,PT-NS,Platinum Drywall Tools,Platinum Nail Spotter,,missing_price,,0,2,,,,,,Review Required,no,,,,,,,0,,no,,PT-NS2,"Platinum Drywall Tools 2"" Nail Spotter",,,,1,review_only,no,,,,,,,0,
592,PT-SSCF,Platinum Drywall Tools,Platinum Stainless Steel Corner Flusher,,missing_price,,0,0,,,,,,No Match Found,no,,,,,,,0,,no,,,,,,,0,,no,,,,,,,0,
593,PT-CORNER-HANDLE-50,Platinum Drywall Tools,"Platinum 50"" Corner Tool Handle",,missing_price,,0,0,,,,,,No Match Found,no,,,,,,,0,,no,,,,,,,0,,no,,,,,,,0,
594,4-746,LEVEL5,LEVEL5 Outside Corner Tool,77.26,regular_price,,0,0,,,,,,No Match Found,no,,,,,,,0,,no,,,,,,,0,,no,,,,,,,0,
595,PT-2NS,Platinum Drywall Tools,"Platinum Nail Spotter - 2""",160.00,regular_price,,0,1,,,,,,Review Required,no,,,,,,,0,,no,,PT-NS2,"Platinum Drywall Tools 2"" Nail Spotter",,,,0,review_only,no,,,,,,,0,
596,PT-3NS,Platinum Drywall Tools,"Platinum Nail Spotter - 3""",160.00,regular_price,,0,1,,,,,,Review Required,no,,,,,,,0,,no,,PT-NS3,"Platinum Drywall Tools 3"" Nail Spotter",,,,0,review_only,no,,,,,,,0,
597,PT-3.5CF,Platinum Drywall Tools,"Platinum Stainless Steel Corner Flusher - 3.5""",84.56,regular_price,,1,0,50.00,50.00,50.00,34.56,34.56,Verified Single-Source,no,,,,,,,0,,yes,platinum::pt35cf,PT-3.5CF,Platinum Drywall Tools 3.5” Drywall Corner Flusher/Glazer,50.00,50.00,50.00,0,verified_exact_identity,no,,,,,,,0,
598,PT-2.5CF,Platinum Drywall Tools,"Platinum Stainless Steel Corner Flusher - 2.5""",79.27,regular_price,,1,0,40.00,40.00,40.00,39.27,39.27,Verified Single-Source,no,,,,,,,0,,yes,platinum::pt25cf,PT-2.5CF,"Platinum Drywall Tools 2.5"" Drywall Corner Flusher / Glazer",40.00,40.00,40.00,0,verified_exact_identity,no,,,,,,,0,
599,PT-CFH50,Platinum Drywall Tools,"Platinum 50"" Corner Tool Handle - Angle Head",49.00,regular_price,,1,0,30.00,30.00,30.00,19.00,19.00,Verified Single-Source,no,,,,,,,0,,yes,platinum::ptcfh50,PT-CFH50,"Platinum 50"" Angle Head Handle",30.00,30.00,30.00,0,verified_exact_identity,no,,,,,,,0,
600,PT-CAH50,Platinum Drywall Tools,"Platinum 50"" Corner Tool Handle - Corner Box",49.00,regular_price,,1,0,30.00,30.00,30.00,19.00,19.00,Verified Single-Source,no,,,,,,,0,,yes,platinum::ptcah50,PT-CAH50,Platinum Corner Box Handle,30.00,30.00,30.00,0,verified_exact_identity,no,,,,,,,0,
601,PT-90-APPLICATOR,Platinum Drywall Tools,Platinum 90° Corner Applicator,,missing_price,,0,0,,,,,,No Match Found,no,,,,,,,0,,no,,,,,,,0,,no,,,,,,,0,
602,PT-CORNER-ROLLER,Platinum Drywall Tools,Platinum Corner Roller,,missing_price,,0,0,,,,,,No Match Found,no,,,,,,,0,,no,,,,,,,0,,no,,,,,,,0,
603,PT-CRH50,Platinum Drywall Tools,"Platinum 50"" Corner Tool Handle - Corner Roller",59.00,regular_price,,1,0,30.00,30.00,30.00,29.00,29.00,Verified Single-Source,no,,,,,,,0,,yes,platinum::ptcrh50,PT-CRH50,Platinum Corner Roller Handle,30.00,30.00,30.00,0,verified_exact_identity,no,,,,,,,0,
604,PT-ICA,Platinum Drywall Tools,Platinum 90° Corner Applicator - Inside,59.00,regular_price,,1,0,40.00,40.00,40.00,19.00,19.00,Verified Single-Source,no,,,,,,,0,,yes,platinum::ptica,PT-ICA,Platinum Drywall Tools Inside 90 Degree Applicator Mud Head,40.00,40.00,40.00,0,verified_exact_identity,no,,,,,,,0,
605,PT-OCA,Platinum Drywall Tools,Platinum 90° Corner Applicator - Outside,59.00,regular_price,,1,0,45.00,45.00,45.00,14.00,14.00,Verified Single-Source,no,,,,,,,0,,yes,platinum::ptoca,PT-OCA,Platinum Drywall Tools Outside 90 Degree Applicator Mud Head,45.00,45.00,45.00,0,verified_exact_identity,no,,,,,,,0,
606,PT-CRE,Platinum Drywall Tools,Platinum Corner Roller - ECO Inside,59.00,regular_price,,1,0,35.00,35.00,35.00,24.00,24.00,Verified Single-Source,no,,,,,,,0,,yes,platinum::ptcre,PT-CRE,Platinum Drywall Tools Eco Inside Corner Roller,35.00,35.00,35.00,0,verified_exact_identity,no,,,,,,,0,
607,PT-CR,Platinum Drywall Tools,Platinum Corner Roller - Inside,79.99,regular_price,,0,0,,,,,,No Match Found,no,,,,,,,0,,no,,,,,,,0,,no,,,,,,,0,
608,PT-OCR,Platinum Drywall Tools,Platinum Corner Roller - Outside 90°,69.99,regular_price,,0,0,,,,,,No Match Found,no,,,,,,,0,,no,,,,,,,0,,no,,,,,,,0,
609,PT-FA,Platinum Drywall Tools,"Platinum 4"" Flat Applicator",59.00,regular_price,,0,0,,,,,,No Match Found,no,,,,,,,0,,no,,,,,,,0,,no,,,,,,,0,
610,PT-CA8,Platinum Drywall Tools,"Platinum 8"" Corner Applicator",159.00,regular_price,,0,0,,,,,,No Match Found,no,,,,,,,0,,no,,,,,,,0,,no,,,,,,,0,
611,SP-S1-A,SurPro,SurPro S1 Aluminum Drywall Stilts,,missing_price,,0,0,,,,,,No Match Found,no,,,,,,,0,,no,,,,,,,0,,no,,,,,,,0,
612,PT-BF,Platinum Drywall Tools,Platinum Box Filler Attachment,49.00,regular_price,,0,0,,,,,,No Match Found,no,,,,,,,0,,no,,,,,,,0,,no,,,,,,,0,
613,PT-CP,Platinum Drywall Tools,Platinum Drywall Pump w/Filler,269.00,regular_price,,0,0,,,,,,No Match Found,no,,,,,,,0,,no,,,,,,,0,,no,,,,,,,0,
614,PT-FIN,Platinum Drywall Tools,Platinum Drywall Starter Finishing Set,1399.00,regular_price,,0,0,,,,,,No Match Found,no,,,,,,,0,,no,,,,,,,0,,no,,,,,,,0,
615,PT-EXT3IN1-1,Platinum Drywall Tools,Platinum Extendable Angle Head Handle,75.00,regular_price,,0,1,,,,,,Review Required,no,,,,,,,0,,no,,PT-EXT3IN1-A,Platinum Drywall Tools Extendable Angle Head Handle,,,,0,review_only,no,,,,,,,0,
616,PT-EBH,Platinum Drywall Tools,"Platinum Extendable Flat Box Handle 40"" – 64""",169.00,regular_price,,1,0,115.00,115.00,115.00,54.00,54.00,Verified Single-Source,no,,,,,,,0,,yes,platinum::ptebh,PT-EBH,"Platinum Drywall Tools Extendable Flat Box Handle 40""- 64""",115.00,115.00,115.00,0,verified_exact_identity,no,,,,,,,0,
617,S1-A-1624,SurPro,"SurPro S1 Aluminum Drywall Stilts - 16""-24""",322.00,regular_price,,0,0,,,,,,No Match Found,no,,,,,,,0,,no,,,,,,,0,,no,,,,,,,0,
618,S1-A-2030,SurPro,"SurPro S1 Aluminum Drywall Stilts - 20""-30""",331.00,regular_price,,0,0,,,,,,No Match Found,no,,,,,,,0,,no,,,,,,,0,,no,,,,,,,0,
619,S1-A-2640,SurPro,"SurPro S1 Aluminum Drywall Stilts - 26""-40""",340.00,regular_price,,2,0,305.00,330.00,317.50,35.00,22.50,Verified Market Evidence,no,,,,,,,0,,yes,surpro::s1a2640,S1-A-2640,"Surpro 26-40"" S1 Aluminum Single Sided Drywall Stilts",305.00,305.00,305.00,0,verified_exact_identity,yes,surpro::s1a2640,S1-A-2640,SurPro S1 Aluminum Drywall Stilts (Adjustable Height 26-40 in.),330.00,330.00,330.00,0,verified_exact_identity
620,SP-S1-M,SurPro,SurPro S1 Magnesium Drywall Stilts,,missing_price,,0,0,,,,,,No Match Found,no,,,,,,,0,,no,,,,,,,0,,no,,,,,,,0,
621,SP-S1X-A,SurPro,SurPro S1X Aluminum Drywall Stilts,,missing_price,,0,0,,,,,,No Match Found,no,,,,,,,0,,no,,,,,,,0,,no,,,,,,,0,
622,SP-S1X-M,SurPro,SurPro S1X Magnesium Drywall Stilts,,missing_price,,0,0,,,,,,No Match Found,no,,,,,,,0,,no,,,,,,,0,,no,,,,,,,0,
623,S1-M-1624,SurPro,"SurPro S1 Magnesium Drywall Stilts - 16""-24""",368.00,regular_price,,1,0,339.00,339.00,339.00,29.00,29.00,Verified Single-Source,no,,,,,,,0,,yes,surpro::s1m1624,S1-M-1624,"SurPro S1 Single Sided Magnesium 16""-24"" Drywall Stilts",339.00,339.00,339.00,0,verified_exact_identity,no,,,,,,,0,
624,S1-M-2030,SurPro,"SurPro S1 Magnesium Drywall Stilts - 20""-30""",376.50,regular_price,,1,0,345.00,345.00,345.00,31.50,31.50,Verified Single-Source,no,,,,,,,0,,yes,surpro::s1m2030,S1-M-2030,"SurPro S1 Single Sided Magnesium 20""-30"" Drywall Stilts",345.00,345.00,345.00,0,verified_exact_identity,no,,,,,,,0,
625,S1-M-2640,SurPro,"SurPro S1 Magnesium Drywall Stilts - 26""-40""",385.00,regular_price,,1,1,355.00,355.00,355.00,30.00,30.00,Verified Single-Source + Review Candidates,no,,,,,,,0,,yes,surpro::s1m2640,S1-M-2640,"SurPro S1 Single Sided Magnesium 26""-40"" Drywall Stilts",355.00,355.00,355.00,1,verified_exact_identity,no,,,,,,,0,
626,S1X-A-2131,SurPro,"SurPro S1X Aluminum Drywall Stilts - 21""-31""",407.00,regular_price,,0,0,,,,,,No Match Found,no,,,,,,,0,,no,,,,,,,0,,no,,,,,,,0,
627,S1X-A-2640,SurPro,"SurPro S1X Aluminum Drywall Stilts - 26""-40""",407.00,regular_price,,0,0,,,,,,No Match Found,no,,,,,,,0,,no,,,,,,,0,,no,,,,,,,0,
628,S1X-M-2131,SurPro,"SurPro S1X Magnesium Drywall Stilts - 21""-31""",430.00,regular_price,,0,2,,,,,,Review Required,no,,,,,,,0,,no,surpro::s1xm2131,S1X-M-2131,"SurPro S1X Single Sided Magnesium 20""-30"" Drywall Stilts",,,,1,review_only,no,,,,,,,0,
629,S1X-M-2640,SurPro,"SurPro S1X Magnesium Drywall Stilts - 26""-40""",441.00,regular_price,,1,1,400.00,400.00,400.00,41.00,41.00,Verified Single-Source + Review Candidates,no,,,,,,,0,,yes,surpro::s1xm2640,S1X-M-2640,"SurPro S1X Single Sided Magnesium 26""-40"" Drywall Stilts",400.00,400.00,400.00,1,verified_exact_identity,no,,,,,,,0,
630,SP-S2-A,SurPro,SurPro S2 Aluminum Drywall Stilts,,missing_price,,0,0,,,,,,No Match Found,no,,,,,,,0,,no,,,,,,,0,,no,,,,,,,0,
631,SP-S2-M,SurPro,SurPro S2 Magnesium Drywall Stilts,,missing_price,,0,0,,,,,,No Match Found,no,,,,,,,0,,no,,,,,,,0,,no,,,,,,,0,
632,S2-A-1624,SurPro,"SurPro S2 Aluminum Drywall Stilts - 16""-24""",356.00,regular_price,,0,0,,,,,,No Match Found,no,,,,,,,0,,no,,,,,,,0,,no,,,,,,,0,
633,S2-A-2030,SurPro,"SurPro S2 Aluminum Drywall Stilts - 20""-30""",365.00,regular_price,,0,0,,,,,,No Match Found,no,,,,,,,0,,no,,,,,,,0,,no,,,,,,,0,
634,S2-A-2640,SurPro,"SurPro S2 Aluminum Drywall Stilts - 26""-40""",374.00,regular_price,,0,0,,,,,,No Match Found,no,,,,,,,0,,no,,,,,,,0,,no,,,,,,,0,
635,S2-M-1624,SurPro,"SurPro S2 Magnesium Drywall Stilts - 16""-24""",395.00,regular_price,,1,0,364.00,364.00,364.00,31.00,31.00,Verified Single-Source,no,,,,,,,0,,yes,surpro::s2m1624,S2-M-1624,"Sur-Pro Dual Arm Magnesium 16""-24"" Stilts",364.00,364.00,364.00,0,verified_exact_identity,no,,,,,,,0,
636,S2-M-2030,SurPro,"SurPro S2 Magnesium Drywall Stilts - 20""-30""",403.50,regular_price,,1,0,370.00,370.00,370.00,33.50,33.50,Verified Single-Source,no,,,,,,,0,,yes,surpro::s2m2030,S2-M-2030,"Sur-Pro Dual Arm Magnesium 20""-30"" Stilts",370.00,370.00,370.00,0,verified_exact_identity,no,,,,,,,0,
637,S2-M-2640,SurPro,"SurPro S2 Magnesium Drywall Stilts - 26""-40""",412.00,regular_price,,1,1,380.00,380.00,380.00,32.00,32.00,Verified Single-Source + Review Candidates,no,,,,,,,0,,yes,surpro::s2m2640,S2-M-2640,"Sur-Pro Dual Arm Magnesium 26""-40"" Stilts",380.00,380.00,380.00,1,verified_exact_identity,no,,,,,,,0,
638,PT-MNBH,Platinum Drywall Tools,Platinum Mini Box Handle,62.00,regular_price,,1,0,45.00,45.00,45.00,17.00,17.00,Verified Single-Source,no,,,,,,,0,,yes,platinum::ptmnbh,PT-MNBH,"Platinum Drywall Tools ""Mini"" Flat Box Handle",45.00,45.00,45.00,0,verified_exact_identity,no,,,,,,,0,
639,PT-AICA,Platinum Drywall Tools,Platinum 4 Wheel Inside Angle / Corner Applicator,89.00,regular_price,,0,1,,,,,,Review Required,no,,,,,,,0,,no,,PT-ICAAL,Platinum 4 Wheel Inside Angle / Corner Applicator,,,,0,review_only,no,,,,,,,0,
640,PT-TP,Platinum Drywall Tools,Platinum Semi Automatic Drywall Taper,145.00,regular_price,,1,0,85.00,85.00,85.00,60.00,60.00,Verified Single-Source,no,,,,,,,0,,yes,platinum::pttp,PT-TP,Platinum Drywall Tools Semi Automatic Super Taper,85.00,85.00,85.00,0,verified_exact_identity,no,,,,,,,0,
641,SP-S2X-A,SurPro,SurPro S2X Aluminum Drywall Stilts,,missing_price,,0,0,,,,,,No Match Found,no,,,,,,,0,,no,,,,,,,0,,no,,,,,,,0,
642,SP-S2X-M,SurPro,SurPro S2X Magnesium Drywall Stilts,,missing_price,,0,0,,,,,,No Match Found,no,,,,,,,0,,no,,,,,,,0,,no,,,,,,,0,
643,TT-APPLICATOR-HEAD,TapeTech,TapeTech Applicator Head,,missing_price,,0,0,,,,,,No Match Found,no,,,,,,,0,,no,,,,,,,0,,no,,,,,,,0,
644,PT-GN,Platinum Drywall Tools,Platinum Gooseneck,59.00,regular_price,,1,3,45.00,45.00,45.00,14.00,14.00,Verified Single-Source + Review Candidates,no,columbia::gn,GN,Columbia Gooseneck,,,,0,review_only,yes,platinum::ptgn,PT-GN,Platinum Drywall Tools Gooseneck,45.00,45.00,45.00,1,verified_exact_identity,no,columbia::gn,GN,Columbia Gooseneck,,,,0,review_only
645,S2X-A-3852,SurPro,"SurPro S2X Aluminum Drywall Stilts - 38""-52""",486.00,regular_price,,0,0,,,,,,No Match Found,no,,,,,,,0,,no,,,,,,,0,,no,,,,,,,0,
646,S2X-A-2640,SurPro,"SurPro S2X Aluminum Drywall Stilts - 26""-40""",457.00,regular_price,,0,0,,,,,,No Match Found,no,,,,,,,0,,no,,,,,,,0,,no,,,,,,,0,
647,S2X-M-2131,SurPro,"SurPro S2X Magnesium Drywall Stilts - 21""-31""",479.00,regular_price,,1,0,450.00,450.00,450.00,29.00,29.00,Verified Single-Source,no,,,,,,,0,,yes,surpro::s2xm2131,S2X-M-2131,"SurPro S2X Magnesium Stilts 21""-31""",450.00,450.00,450.00,0,verified_exact_identity,no,,,,,,,0,
648,S2X-M-2640,SurPro,"SurPro S2X Magnesium Drywall Stilts - 26""-40""",490.00,regular_price,,1,0,460.00,460.00,460.00,30.00,30.00,Verified Single-Source,no,,,,,,,0,,yes,surpro::s2xm2640,S2X-M-2640,"SurPro S2X Magnesium Stilts 26""-40""",460.00,460.00,460.00,0,verified_exact_identity,no,,,,,,,0,
649,16TT,TapeTech,TapeTech Applicator Head - Outside Corner,85.43,regular_price,,2,0,85.00,85.00,85.00,0.43,0.43,Verified Market Evidence,yes,tapetech::16tt,16TT,TapeTech Mud Applicator Head 90 Outside 16TT,85.00,85.00,85.00,0,verified_exact_identity,yes,tapetech::16tt,16TT,TapeTech 90 Outside Corner Applicator Head,85.00,85.00,85.00,0,verified_exact_identity,no,,,,,,,0,
650,16TT90,TapeTech,TapeTech Applicator Head - Inside Corner,85.43,regular_price,,2,0,85.00,85.00,85.00,0.43,0.43,Verified Market Evidence,yes,tapetech::16tt90,16TT90,TapeTech Mud Applicator Head 90 Inside 16TT90,85.00,85.00,85.00,0,verified_exact_identity,yes,tapetech::16tt90,16TT90,TapeTech 90 Inside Corner Mud Applicator,85.00,85.00,85.00,0,verified_exact_identity,no,,,,,,,0,
651,TT-BRAKELESS-BOX-HANDLE,TapeTech,TapeTech Brakeless Box Handle,,missing_price,,0,0,,,,,,No Match Found,no,,,,,,,0,,no,,,,,,,0,,no,,,,,,,0,
652,BHE-SW,TapeTech,"TapeTech Brakeless Box Handle - Rotational Extendable 34""-60""",335.99,regular_price,,1,0,329.00,329.00,329.00,6.99,6.99,Verified Single-Source,yes,tapetech::bhesw,BHE-SW,TapeTech SideWinder Flat Box Handle,329.00,329.00,329.00,0,verified_exact_identity,no,,,,,,,0,,no,,,,,,,0,
653,BH,TapeTech,"TapeTech Brakeless Box Handle - Fixed 34""",149.00,regular_price,,1,1,149.00,149.00,149.00,0.00,0.00,Verified Single-Source + Review Candidates,yes,tapetech::bh,BH,TapeTech Brakeless Flat Box Handle BH,149.00,149.00,149.00,0,verified_exact_identity,no,,,,,,,0,,no,columbia::bh,BH,Columbia 180 Grip Flat Box Handle,,,,0,review_only
654,BHE,TapeTech,"TapeTech Brakeless Box Handle - Extendable 34""-60""",305.72,regular_price,,2,0,299.00,299.00,299.00,6.72,6.72,Verified Market Evidence,yes,tapetech::bhe,BHE,TapeTech Brakeless Extendable Flat Box Handle BHE,299.00,299.00,299.00,0,verified_exact_identity,yes,tapetech::bhe,BHE,TapeTech Brakeless Extendable Flat Box Handle,299.00,299.00,299.00,0,verified_exact_identity,no,,,,,,,0,
655,TTPFB,TapeTech,TapeTech Paper Faced Bead Pro Set,1949.00,regular_price,,1,0,1949.00,1949.00,1949.00,0.00,0.00,Verified Single-Source,yes,tapetech::ttpfb,TTPFB,TapeTech Paper Faced Bead Pro Set TTPFB,1949.00,1949.00,1949.00,0,verified_exact_identity,no,,,,,,,0,,no,,,,,,,0,
656,TTBTS,TapeTech,TapeTech Basic Taping Set,2829.00,regular_price,,1,0,2829.00,2829.00,2829.00,0.00,0.00,Verified Single-Source,yes,tapetech::ttbts,TTBTS,TapeTech Basic Taping Set TTBTS,2829.00,2829.00,2829.00,0,verified_exact_identity,no,,,,,,,0,,no,,,,,,,0,
657,TTPPS-EF,TapeTech,TapeTech Pro Performance Easy Finish Set,7295.00,regular_price,,1,0,7295.00,7295.00,7295.00,0.00,0.00,Verified Single-Source,yes,tapetech::ttppsef,TTPPS-EF,TapeTech Pro Performance Easy Finish Set TTPPS-EF,7295.00,7295.00,7295.00,0,verified_exact_identity,no,,,,,,,0,,no,,,,,,,0,
658,TTSFS-2,TapeTech,TapeTech Standard Full Set - With 2 Pumps,5357.00,regular_price,,1,1,5357.00,5357.00,5357.00,0.00,0.00,Verified Single-Source + Review Candidates,yes,tapetech::ttsfs2,TTSFS-2,TapeTech Standard Full Set with 2 Pumps TTSFS-2,5357.00,5357.00,5357.00,0,verified_exact_identity,no,,GTTSFS-2,TapeTech Standard Full Drywall Tool Set w/ Two Pumps,,,,0,review_only,no,,,,,,,0,
659,TTCFS,TapeTech,TapeTech Corner Finishing Set,1416.00,regular_price,,1,1,1416.00,1416.00,1416.00,0.00,0.00,Verified Single-Source + Review Candidates,yes,tapetech::ttcfs,TTCFS,TapeTech Corner Finishing Set TTCFS,1416.00,1416.00,1416.00,0,verified_exact_identity,no,,Gttcfs,TapeTech Corner Finishing Set,,,,0,review_only,no,,,,,,,0,
660,TTSFS,TapeTech,TapeTech Standard Full Set - Standard,4958.00,regular_price,,1,0,4958.00,4958.00,4958.00,0.00,0.00,Verified Single-Source,yes,tapetech::ttsfs,TTSFS,TapeTech Standard Full Set TTSFS,4958.00,4958.00,4958.00,0,verified_exact_identity,no,,,,,,,0,,no,,,,,,,0,
661,TT-COMBO-CORNER-FLUSHER,TapeTech,TapeTech Combo Corner Flusher,,missing_price,,0,0,,,,,,No Match Found,no,,,,,,,0,,no,,,,,,,0,,no,,,,,,,0,
662,TTPPS,TapeTech,TapeTech Pro Performance Set,6625.00,regular_price,,1,1,6625.00,6625.00,6625.00,0.00,0.00,Verified Single-Source + Review Candidates,yes,tapetech::ttpps,TTPPS,TapeTech Pro Performance Set TTPPS,6625.00,6625.00,6625.00,1,verified_exact_identity,no,,,,,,,0,,no,,,,,,,0,
663,TTPSS,TapeTech,TapeTech Professional Starter Set,4559.00,regular_price,,1,0,4559.00,4559.00,4559.00,0.00,0.00,Verified Single-Source,yes,tapetech::ttpss,TTPSS,TapeTech Professional Starter Set TTPSS,4559.00,4559.00,4559.00,0,verified_exact_identity,no,,,,,,,0,,no,,,,,,,0,
664,TTBBS,TapeTech,TapeTech Basic Box Set,1644.00,regular_price,,1,0,1644.00,1644.00,1644.00,0.00,0.00,Verified Single-Source,yes,tapetech::ttbbs,TTBBS,TapeTech Basic Box Set TTBBS,1644.00,1644.00,1644.00,0,verified_exact_identity,no,,,,,,,0,,no,,,,,,,0,
665,TTCFS-M,TapeTech,TapeTech MudRunner Corner Finishing Set,1928.00,regular_price,,0,1,,,,,,Review Required,no,,,,,,,0,,no,,Gttcfsm,TapeTech MudRunner Corner Finishing Set,,,,0,review_only,no,,,,,,,0,
666,CF25COMBO,TapeTech,"TapeTech Combo Corner Flusher - 2.5""",189.19,regular_price,,1,0,179.00,179.00,179.00,10.19,10.19,Verified Single-Source,yes,tapetech::cf25combo,CF25COMBO,"TapeTech 2.5"" Combo Flusher CF25COMBO",179.00,179.00,179.00,0,verified_exact_identity,no,,,,,,,0,,no,,,,,,,0,
667,CF30COMBO,TapeTech,"TapeTech Combo Corner Flusher - 3""",194.48,regular_price,,1,0,184.00,184.00,184.00,10.48,10.48,Verified Single-Source,yes,tapetech::cf30combo,CF30COMBO,"TapeTech 3"" Combo Flusher CF30COMBO",184.00,184.00,184.00,0,verified_exact_identity,no,,,,,,,0,,no,,,,,,,0,
668,CF35COMBO,TapeTech,"TapeTech Combo Corner Flusher - 3.5""",199.76,regular_price,,1,0,189.00,189.00,189.00,10.76,10.76,Verified Single-Source,yes,tapetech::cf35combo,CF35COMBO,"TapeTech 3.5"" Combo Flusher CF35COMBO",189.00,189.00,189.00,0,verified_exact_identity,no,,,,,,,0,,no,,,,,,,0,
669,CF40COMBO,TapeTech,"TapeTech Combo Corner Flusher - 4""",205.05,regular_price,,1,0,194.00,194.00,194.00,11.05,11.05,Verified Single-Source,yes,tapetech::cf40combo,CF40COMBO,"TapeTech 4"" Combo Flusher CF40COMBO",194.00,194.00,194.00,0,verified_exact_identity,no,,,,,,,0,,no,,,,,,,0,
670,TT-COMPOUND-TUBE,TapeTech,TapeTech Compound Tube,,missing_price,,0,0,,,,,,No Match Found,no,,,,,,,0,,no,,,,,,,0,,no,,,,,,,0,
671,TT-CORNER-APPLICATOR,TapeTech,TapeTech Corner Applicator,,missing_price,,0,0,,,,,,No Match Found,no,,,,,,,0,,no,,,,,,,0,,no,,,,,,,0,
672,TT-CORNER-FINISHER,TapeTech,TapeTech Corner Finisher,,missing_price,,0,0,,,,,,No Match Found,no,,,,,,,0,,no,,,,,,,0,,no,,,,,,,0,
673,CT24TT,TapeTech,"TapeTech Compound Tube - 24""",189.00,regular_price,,2,0,189.00,189.00,189.00,0.00,0.00,Verified Market Evidence,yes,tapetech::ct24tt,CT24TT,"TapeTech 24"" Compound Tube CT24TT",189.00,189.00,189.00,0,verified_exact_identity,yes,tapetech::ct24tt,CT24TT,"Tapetech 24"" Drywall Compound Tube - CT24TT",189.00,189.00,189.00,0,verified_exact_identity,no,,,,,,,0,
674,CT36TT,TapeTech,"TapeTech Compound Tube - 36""",199.00,regular_price,,2,0,199.00,199.00,199.00,0.00,0.00,Verified Market Evidence,yes,tapetech::ct36tt,CT36TT,"TapeTech 36"" Compound Tube CT36TT",199.00,199.00,199.00,0,verified_exact_identity,yes,tapetech::ct36tt,CT36TT,"TapeTech 36"" Drywall Compound Tube - CT36TT",199.00,199.00,199.00,0,verified_exact_identity,no,,,,,,,0,
675,CT42TT,TapeTech,"TapeTech Compound Tube - 42""",211.09,regular_price,,2,0,209.00,209.00,209.00,2.09,2.09,Verified Market Evidence,yes,tapetech::ct42tt,CT42TT,"TapeTech 42"" Compound Tube CT42TT",209.00,209.00,209.00,0,verified_exact_identity,yes,tapetech::ct42tt,CT42TT,"Tapetech 42"" Drywall Compound Tube - CT42TT",209.00,209.00,209.00,0,verified_exact_identity,no,,,,,,,0,
676,CA07TT,TapeTech,"TapeTech Corner Applicator - 7""",315.00,regular_price,,2,0,315.00,315.00,315.00,0.00,0.00,Verified Market Evidence,yes,tapetech::ca07tt,CA07TT,"TapeTech 7"" Angle Box CA07TT",315.00,315.00,315.00,0,verified_exact_identity,yes,tapetech::ca07tt,CA07TT,"TapeTech  7"" Corner Applicator Head",315.00,315.00,315.00,0,verified_exact_identity,no,,,,,,,0,
677,CA08TT,TapeTech,"TapeTech Corner Applicator - 8""",330.00,regular_price,,2,0,330.00,330.00,330.00,0.00,0.00,Verified Market Evidence,yes,tapetech::ca08tt,CA08TT,"TapeTech 8"" Angle Box CA08TT",330.00,330.00,330.00,0,verified_exact_identity,yes,tapetech::ca08tt,CA08TT,"TapeTech 8"" Corner Applicator - CA08TT",330.00,330.00,330.00,0,verified_exact_identity,no,,,,,,,0,
678,40XTT,TapeTech,"TapeTech Corner Finisher - 2""",389.00,regular_price,,1,1,389.00,389.00,389.00,0.00,0.00,Verified Single-Source + Review Candidates,no,tapetech::40xtt,40XTT,"TapeTech 2"" Angle Head 40XTT",,,,0,review_only,yes,tapetech::40xtt,40XTT,"TapeTech 2"" Angle Head Drywall Corner Finisher - 40XTT",389.00,389.00,389.00,0,verified_exact_identity,no,,,,,,,0,
679,42TT,TapeTech,"TapeTech Corner Finisher - 2.5""",399.00,regular_price,,0,2,,,,,,Review Required,no,tapetech::42tt,42TT,"TapeTech 2.5"" Angle Head 42TT",,,,0,review_only,no,tapetech::42tt,42TT,"TapeTech 2.5"" EasyRoll Angle Head Drywall Finishing Tool - 42TT",,,,0,review_only,no,,,,,,,0,
680,48TT,TapeTech,"TapeTech Corner Finisher - 3"" EasyRoll® Adjustable",429.00,regular_price,,0,2,,,,,,Review Required,no,tapetech::48tt,48TT,"TapeTech 3"" EasyRoll Angle Head 48TT",,,,0,review_only,no,tapetech::48tt,48TT,"TapeTech 3"" EasyRoll Angle Head Drywall Finishing Tool - 48TT",,,,0,review_only,no,,,,,,,0,
681,TT-CORNER-ROLLER,TapeTech,TapeTech Corner Roller,,missing_price,,0,0,,,,,,No Match Found,no,,,,,,,0,,no,,,,,,,0,,no,,,,,,,0,
682,TT-COVE-APPLICATOR-HEAD,TapeTech,TapeTech Cove Applicator Head,,missing_price,,0,0,,,,,,No Match Found,no,,,,,,,0,,no,,,,,,,0,,no,,,,,,,0,
683,48XTT,TapeTech,"TapeTech Corner Finisher - 3.5"" EasyRoll® Adjustable",448.22,regular_price,,1,1,439.00,439.00,439.00,9.22,9.22,Verified Single-Source + Review Candidates,no,tapetech::48xtt,48XTT,"TapeTech 3.5"" EasyRoll Angle Head 48XTT",,,,0,review_only,yes,tapetech::48xtt,48XTT,"TapeTech 3.5"" EasyRoll Angle Head Corner Finisher - 48XTT",439.00,439.00,439.00,0,verified_exact_identity,no,,,,,,,0,
684,15TTE,TapeTech,TapeTech Corner Roller - Inside Corner,189.00,regular_price,,2,0,189.00,189.00,189.00,0.00,0.00,Verified Market Evidence,yes,tapetech::15tte,15TTE,TapeTech Corner Roller 15TTE,189.00,189.00,189.00,0,verified_exact_identity,yes,tapetech::15tte,15TTE,TapeTech Inside Corner Roller,189.00,189.00,189.00,0,verified_exact_identity,no,,,,,,,0,
685,17TT,TapeTech,TapeTech Corner Roller - Outside Corner,170.00,regular_price,,2,0,170.00,170.00,170.00,0.00,0.00,Verified Market Evidence,yes,tapetech::17tt,17TT,TapeTech Outside Corner Roller 17TT,170.00,170.00,170.00,0,verified_exact_identity,yes,tapetech::17tt,17TT,TapeTech Outside Corner Bead Roller - 17TT,170.00,170.00,170.00,0,verified_exact_identity,no,,,,,,,0,
686,17TTE,TapeTech,TapeTech Corner Roller - Flex Tape Outside Corner,192.30,regular_price,,2,0,179.00,179.00,179.00,13.30,13.30,Verified Market Evidence,yes,tapetech::17tte,17TTE,TapeTech Outside Corner Roller 17TTE,179.00,179.00,179.00,0,verified_exact_identity,yes,tapetech::17tte,17TTE,TapeTech Outside Corner Roller (for Flex Tape) - 17TTE,179.00,179.00,179.00,0,verified_exact_identity,no,,,,,,,0,
687,CH55TT,TapeTech,TapeTech Cove Applicator Head - 55 mm,99.00,regular_price,,2,0,99.00,138.19,118.60,0.00,-19.60,Verified Market Evidence,yes,tapetech::ch55tt,CH55TT,TapeTech 55 mm Cove Applicator Head CH55TT,99.00,99.00,99.00,0,verified_exact_identity,yes,tapetech::ch55tt,CH55TT,TapeTech 55 mm Cove Applicator Head CH55TT,138.19,138.19,138.19,0,verified_exact_identity,no,,,,,,,0,
688,CH75TT,TapeTech,TapeTech Cove Applicator Head - 75 mm,99.00,regular_price,,2,0,99.00,140.86,119.93,0.00,-20.93,Verified Market Evidence,yes,tapetech::ch75tt,CH75TT,TapeTech 75 mm Cove Applicator Head CH75TT,99.00,99.00,99.00,0,verified_exact_identity,yes,tapetech::ch75tt,CH75TT,TapeTech 75 mm Cove Applicator Head CH75TT,140.86,140.86,140.86,0,verified_exact_identity,no,,,,,,,0,
689,CH83TT,TapeTech,TapeTech Cove Applicator Head - 83 mm,99.00,regular_price,,2,0,99.00,144.85,121.92,0.00,-22.92,Verified Market Evidence,yes,tapetech::ch83tt,CH83TT,TapeTech 83 mm Cove Applicator Head CH83TT,99.00,99.00,99.00,0,verified_exact_identity,yes,tapetech::ch83tt,CH83TT,TapeTech 83 mm Cove Applicator Head CH83TT,144.85,144.85,144.85,0,verified_exact_identity,no,,,,,,,0,
690,CH90TT,TapeTech,TapeTech Cove Applicator Head - 90 mm,99.00,regular_price,,2,0,99.00,159.46,129.23,0.00,-30.23,Verified Market Evidence,yes,tapetech::ch90tt,CH90TT,TapeTech 90 mm Cove Applicator Head CH90TT,99.00,99.00,99.00,0,verified_exact_identity,yes,tapetech::ch90tt,CH90TT,TapeTech 90 mm Cove Applicator Head CH90TT,159.46,159.46,159.46,0,verified_exact_identity,no,,,,,,,0,
691,TT-DIRECT-CORNER-FLUSHER,TapeTech,TapeTech Direct Corner Flusher,,missing_price,,0,0,,,,,,No Match Found,no,,,,,,,0,,no,,,,,,,0,,no,,,,,,,0,
692,TT-EASYCLEAN-AUTOMATIC-TAPER,TapeTech,TapeTech EasyClean® Automatic Taper,,missing_price,,0,2,,,,,,Review Required,no,,07TT,TapeTech EasyClean Automatic Taper 07TT,,,,0,review_only,no,,07TT,TapeTech Easy Clean  Automatic Taper,,,,0,review_only,no,,,,,,,0,
693,CF25TT,TapeTech,"TapeTech Direct Corner Flusher - 2.5""",115.26,regular_price,,3,0,114.00,114.00,114.00,1.26,1.26,Verified Market Evidence,yes,tapetech::cf25tt,CF25TT,"TapeTech 2.5"" Direct Flusher CF25TT",114.00,114.00,114.00,0,verified_exact_identity,yes,tapetech::cf25tt,CF25TT,"TapeTech 2.5"" Direct Flusher - CF25TT",114.00,114.00,114.00,0,verified_exact_identity,yes,tapetech::cf25tt,CF25TT,"Tape Tech 2.5"" Corner Flusher (TAPE-CF25TT)",114.00,114.00,114.00,0,verified_exact_identity
694,CF30TT,TapeTech,"TapeTech Direct Corner Flusher - 3""",119.00,regular_price,,3,0,119.00,119.00,119.00,0.00,0.00,Verified Market Evidence,yes,tapetech::cf30tt,CF30TT,"TapeTech 3"" Direct Flusher CF30TT",119.00,119.00,119.00,0,verified_exact_identity,yes,tapetech::cf30tt,CF30TT,"TapeTech 3"" Direct Flusher",119.00,119.00,119.00,0,verified_exact_identity,yes,tapetech::cf30tt,CF30TT,"Tape Tech 3"" Corner Flusher (TAPE-CF30TT)",119.00,119.00,119.00,0,verified_exact_identity
695,CF35TT,TapeTech,"TapeTech Direct Corner Flusher - 3.5""",125.00,regular_price,,2,0,125.00,125.00,125.00,0.00,0.00,Verified Market Evidence,yes,tapetech::cf35tt,CF35TT,"TapeTech 3.5"" Direct Flusher CF35TT",125.00,125.00,125.00,0,verified_exact_identity,yes,tapetech::cf35tt,CF35TT,"TapeTech 3.5"" Direct Flusher",125.00,125.00,125.00,0,verified_exact_identity,no,,,,,,,0,
696,CF40TT,TapeTech,"TapeTech Direct Corner Flusher - 4""",129.00,regular_price,,2,0,129.00,129.00,129.00,0.00,0.00,Verified Market Evidence,yes,tapetech::cf40tt,CF40TT,"TapeTech 4"" Direct Flusher CF40TT",129.00,129.00,129.00,0,verified_exact_identity,yes,tapetech::cf40tt,CF40TT,"TapeTech 4"" Direct Flusher - CF40TT",129.00,129.00,129.00,0,verified_exact_identity,no,,,,,,,0,
697,03TT,TapeTech,"TapeTech EasyClean® Automatic Taper - Mini-Taper 40.5""",1775.00,regular_price,,0,2,,,,,,Review Required,no,tapetech::03tt,03TT,TapeTech EasyClean Automatic Mini Taper 03TT,,,,0,review_only,no,tapetech::03tt,03TT,TapeTech EasyClean Automatic Mini-Taper - 03TT,,,,0,review_only,no,,,,,,,0,
698,07TT,TapeTech,TapeTech EasyClean® Automatic Taper - Standard,1672.12,regular_price,,3,0,1599.00,1599.00,1599.00,73.12,73.12,Verified Market Evidence,yes,tapetech::07tt,07TT,TapeTech EasyClean Automatic Taper 07TT,1599.00,1599.00,1599.00,0,verified_exact_identity,yes,tapetech::07tt,07TT,TapeTech Easy Clean  Automatic Taper,1599.00,1599.00,1599.00,0,verified_exact_identity,yes,tapetech::07tt,07TT,TapeTech EasyClean Bazooka,1599.00,1599.00,1599.00,0,verified_exact_identity
699,07TT-C,TapeTech,TapeTech EasyClean® Automatic Taper - Carbon Fiber,1816.18,regular_price,,3,0,1780.00,1780.00,1780.00,36.18,36.18,Verified Market Evidence,yes,tapetech::07ttc,07TT-C,TapeTech Carbon Fiber Automatic Taper 07TT-C,1780.00,1780.00,1780.00,0,verified_exact_identity,yes,tapetech::07ttc,07TT-C,TapeTech Carbon Fiber Automatic Taper,1780.00,1780.00,1780.00,0,verified_exact_identity,yes,tapetech::07ttc,07TTC,Tape Tech Carbon Fiber Automatic Taper,1780.00,1780.00,1780.00,0,verified_exact_identity
700,TT-EASYCLEAN-FINISHING-BOX,TapeTech,TapeTech EasyClean® Finishing Box,,missing_price,,0,0,,,,,,No Match Found,no,,,,,,,0,,no,,,,,,,0,,no,,,,,,,0,
701,TT-EASYCLEAN-PUMP,TapeTech,TapeTech EasyClean® Pump,,missing_price,,0,1,,,,,,Review Required,no,,,,,,,0,,no,,,,,,,0,,no,,76TT,TapeTech EasyClean Pump,,,,0,review_only
702,TT-EASYFINISH-BOX-HANDLE,TapeTech,TapeTech EasyFinish™ Box Handle,,missing_price,,0,0,,,,,,No Match Found,no,,,,,,,0,,no,,,,,,,0,,no,,,,,,,0,
703,EZ07TT,TapeTech,"TapeTech EasyClean® Finishing Box - 7""",379.00,regular_price,,0,2,,,,,,Review Required,no,tapetech::ez07tt,EZ07TT,"TapeTech 7"" EasyClean Flat Box EZ07TT",,,,0,review_only,no,tapetech::ez07tt,EZ07TT,"TapeTech 7"" EasyClean Drywall Flat Box",,,,0,review_only,no,,,,,,,0,
704,EZ10TT,TapeTech,"TapeTech EasyClean® Finishing Box - 10""",391.69,regular_price,,0,2,,,,,,Review Required,no,tapetech::ez10tt,EZ10TT,"TapeTech 10"" EasyClean Flat Box EZ10TT",,,,0,review_only,no,tapetech::ez10tt,EZ10TT,"TapeTech 10"" EasyClean Drywall Flat Box",,,,0,review_only,no,,,,,,,0,
705,EZ12TT,TapeTech,"TapeTech EasyClean® Finishing Box - 12""",405.72,regular_price,,0,2,,,,,,Review Required,no,tapetech::ez12tt,EZ12TT,"TapeTech 12"" EasyClean Flat Box EZ12TT",,,,0,review_only,no,tapetech::ez12tt,EZ12TT,"TapeTech 12"" EasyClean Drywall Flat Box",,,,0,review_only,no,,,,,,,0,
706,EZ15TT,TapeTech,"TapeTech EasyClean® Finishing Box - 15""",429.00,regular_price,,0,2,,,,,,Review Required,no,tapetech::ez15tt,EZ15TT,"TapeTech 15"" EasyClean Flat Box EZ15TT",,,,0,review_only,no,tapetech::ez15tt,EZ15TT,"TapeTech 15"" EasyClean Drywall Flat Box - EZ15TT",,,,0,review_only,no,,,,,,,0,
707,76TT,TapeTech,TapeTech EasyClean® Pump - Standard,401.31,regular_price,,3,0,399.00,399.00,399.00,2.31,2.31,Verified Market Evidence,yes,tapetech::76tt,76TT,TapeTech EasyClean® Loading Pump 76TT,399.00,399.00,399.00,0,verified_exact_identity,yes,tapetech::76tt,76TT,TapeTech EasyClean Loading Pump - 76TT,399.00,399.00,399.00,0,verified_exact_identity,yes,tapetech::76tt,76TT,TapeTech EasyClean Pump,399.00,399.00,399.00,0,verified_exact_identity
708,76TT-CA,TapeTech,TapeTech EasyClean® Pump - Canada,409.00,regular_price,,1,0,409.00,409.00,409.00,0.00,0.00,Verified Single-Source,yes,tapetech::76ttca,76TT-CA,TapeTech EasyClean® Loading Pump (Canadian Version),409.00,409.00,409.00,0,verified_exact_identity,no,,,,,,,0,,no,,,,,,,0,
709,76XLTT,TapeTech,TapeTech EasyClean® Pump - Extra Long,659.00,regular_price,,1,1,665.00,665.00,665.00,-6.00,-6.00,Verified Single-Source + Review Candidates,no,tapetech::76xltt,76XLTT,TapeTech XL EasyClean Loading Pump 76XLTT,,,,0,review_only,yes,tapetech::76xltt,76XLTT,TapeTech Extra Long EasyClean Tall Loading Pump - 76XLTT,665.00,665.00,665.00,0,verified_exact_identity,no,,,,,,,0,
710,8134TT,TapeTech,"TapeTech EasyFinish™ Box Handle - 34""",259.76,regular_price,,2,0,259.00,259.00,259.00,0.76,0.76,Verified Market Evidence,yes,tapetech::8134tt,8134TT,"TapeTech 34"" Easy Finish Bent Flat Box Handle 8134TT",259.00,259.00,259.00,0,verified_exact_identity,yes,tapetech::8134tt,8134TT,"TapeTech 34"" EasyFinish Flat Box Handle - 8134TT",259.00,259.00,259.00,0,verified_exact_identity,no,,,,,,,0,
711,TT-FLAT-BOX-HANDLE,TapeTech,TapeTech Flat Box Handle,,missing_price,,0,1,,,,,,Review Required,no,,,,,,,0,,no,,,,,,,0,,no,,80BH,TapeTech Flat Box Handle,,,,0,review_only
712,8142TT,TapeTech,"TapeTech EasyFinish™ Box Handle - 42""",269.00,regular_price,,2,0,269.00,269.00,269.00,0.00,0.00,Verified Market Evidence,yes,tapetech::8142tt,8142TT,"TapeTech 42"" Easy Finish Bent Flat Box Handle 8142TT",269.00,269.00,269.00,0,verified_exact_identity,yes,tapetech::8142tt,8142TT,"TapeTech 42"" EasyFinish Flat Box Handle - 8142TT",269.00,269.00,269.00,0,verified_exact_identity,no,,,,,,,0,
713,8154TT,TapeTech,"TapeTech EasyFinish™ Box Handle - 54""",279.00,regular_price,,2,0,279.00,279.00,279.00,0.00,0.00,Verified Market Evidence,yes,tapetech::8154tt,8154TT,"TapeTech 54"" Easy Finish Bent Flat Box Handle 8154TT",279.00,279.00,279.00,0,verified_exact_identity,yes,tapetech::8154tt,8154TT,"TapeTech 54"" EasyFinish Flat Box Handle - 8154TT",279.00,279.00,279.00,0,verified_exact_identity,no,,,,,,,0,
714,8172TT,TapeTech,"TapeTech EasyFinish™ Box Handle - 72""",291.28,regular_price,,2,0,289.00,289.00,289.00,2.28,2.28,Verified Market Evidence,yes,tapetech::8172tt,8172TT,"TapeTech 72"" Easy Finish Bent Flat Box Handle 8172TT",289.00,289.00,289.00,0,verified_exact_identity,yes,tapetech::8172tt,8172TT,"TapeTech 72"" EasyFinish Flat Box Handle - 8172TT",289.00,289.00,289.00,0,verified_exact_identity,no,,,,,,,0,
715,8034TT,TapeTech,"TapeTech Flat Box Handle - 34""",229.00,regular_price,,2,1,229.00,229.00,229.00,0.00,0.00,Verified Market Evidence + Review Candidates,yes,tapetech::8034tt,8034TT,"TapeTech 34"" Flat Box Handle 8034TT",229.00,229.00,229.00,0,verified_exact_identity,yes,tapetech::8034tt,8034TT,"TapeTech 34"" Drywall Flat Finishing Box Handle - 8034TT",229.00,229.00,229.00,0,verified_exact_identity,no,,80BH,TapeTech Flat Box Handle,,,,0,review_only
716,8042TT,TapeTech,"TapeTech Flat Box Handle - 42""",234.00,regular_price,,2,1,234.00,234.00,234.00,0.00,0.00,Verified Market Evidence + Review Candidates,yes,tapetech::8042tt,8042TT,"TapeTech 42"" Flat Box Handle 8042TT",234.00,234.00,234.00,0,verified_exact_identity,yes,tapetech::8042tt,8042TT,"TapeTech 42"" Drywall Flat Finisher Box Handle - 8042TT",234.00,234.00,234.00,0,verified_exact_identity,no,,80BH,TapeTech Flat Box Handle,,,,0,review_only
717,8054TT,TapeTech,"TapeTech Flat Box Handle - 54""",239.00,regular_price,,2,1,239.00,239.00,239.00,0.00,0.00,Verified Market Evidence + Review Candidates,yes,tapetech::8054tt,8054TT,"TapeTech 54"" Flat Box Handle 8054TT",239.00,239.00,239.00,0,verified_exact_identity,yes,tapetech::8054tt,8054TT,"TapeTech 54"" Drywall Flat Finisher Box Handle",239.00,239.00,239.00,0,verified_exact_identity,no,,80BH,TapeTech Flat Box Handle,,,,0,review_only
718,8072TT,TapeTech,"TapeTech Flat Box Handle - 72""",249.00,regular_price,,2,1,249.00,249.00,249.00,0.00,0.00,Verified Market Evidence + Review Candidates,yes,tapetech::8072tt,8072TT,"TapeTech 72"" Flat Box Handle 8072TT",249.00,249.00,249.00,0,verified_exact_identity,yes,tapetech::8072tt,8072TT,"TapeTech 72"" Drywall Flat Finisher Box Handle - 8072TT",249.00,249.00,249.00,0,verified_exact_identity,no,,80BH,TapeTech Flat Box Handle,,,,0,review_only
719,88TTE,TapeTech,TapeTech XTender Finishing Box Handle,378.00,regular_price,,3,0,378.00,378.00,378.00,0.00,0.00,Verified Market Evidence,yes,tapetech::88tte,88TTE,TapeTech Xtender Flat Box Handle 88TTE,378.00,378.00,378.00,0,verified_exact_identity,yes,tapetech::88tte,88TTE,TapeTech Flat Box Xtender Handle - 88TTE,378.00,378.00,378.00,0,verified_exact_identity,yes,tapetech::88tte,88TTE,TapeTech Flat Box Xtender Handle,378.00,378.00,378.00,0,verified_exact_identity
720,TT-GOOSENECK,TapeTech,TapeTech Gooseneck,,missing_price,,0,1,,,,,,Review Required,no,,,,,,,0,,no,,,,,,,0,,no,,85T,TapeTech Gooseneck,,,,0,review_only
721,TT-MAXXBOX-HIGH-CAPACITY-FINISHING-BOX,TapeTech,TapeTech MaxxBox® High Capacity Finishing Box,,missing_price,,0,0,,,,,,No Match Found,no,,,,,,,0,,no,,,,,,,0,,no,,,,,,,0,
722,TT-NAIL-SPOTTER,TapeTech,TapeTech Nail Spotter,,missing_price,,0,0,,,,,,No Match Found,no,,,,,,,0,,no,,,,,,,0,,no,,,,,,,0,
723,85T,TapeTech,TapeTech Gooseneck - Standard,105.00,regular_price,,3,0,105.00,105.00,105.00,0.00,0.00,Verified Market Evidence,yes,tapetech::85t,85T,TapeTech Gooseneck 85T,105.00,105.00,105.00,0,verified_exact_identity,yes,tapetech::85t,85T,TapeTech Gooseneck Adapter,105.00,105.00,105.00,0,verified_exact_identity,yes,tapetech::85t,85T,TapeTech Gooseneck,105.00,105.00,105.00,0,verified_exact_identity
724,85XLTT,TapeTech,TapeTech Gooseneck - Extra Long,199.00,regular_price,,1,1,199.00,199.00,199.00,0.00,0.00,Verified Single-Source + Review Candidates,no,tapetech::85xltt,85XLTT,TapeTech XL Gooseneck for 76XLTT Pump,,,,0,review_only,yes,tapetech::85xltt,85XLTT,TapeTech Extra Long Gooseneck Adapter,199.00,199.00,199.00,0,verified_exact_identity,no,,,,,,,0,
725,EHC07,TapeTech,"TapeTech MaxxBox® High Capacity Finishing Box - 7""",419.00,regular_price,,1,2,419.00,419.00,419.00,0.00,0.00,Verified Single-Source + Review Candidates,no,tapetech::ehc07,EHC07,"TapeTech 7"" MAXXBOX Flat Box EHC07",,,,0,review_only,yes,tapetech::ehc07,EHC07,"TapeTech 7"" MAXXBOX w/ Easy Roll Wheels",419.00,419.00,419.00,0,verified_exact_identity,no,tapetech::ehc07,EHC07,TapeTech 7 inch Extra High Capacity Flat Box,,,,0,review_only
726,EHC10,TapeTech,"TapeTech MaxxBox® High Capacity Finishing Box - 10""",419.00,regular_price,,1,2,419.00,419.00,419.00,0.00,0.00,Verified Single-Source + Review Candidates,no,tapetech::ehc10,EHC10,"TapeTech 10"" MAXXBOX Flat Box EHC10",,,,0,review_only,yes,tapetech::ehc10,EHC10,"TapeTech 10"" MAXXBOX w/ Easy Roll Wheels - EHC10",419.00,419.00,419.00,0,verified_exact_identity,no,tapetech::ehc10,EHC10,TapeTech 10 inch Extra High Capacity Flat Box (TAPE-EHC10),,,,0,review_only
727,EHC12,TapeTech,"TapeTech MaxxBox® High Capacity Finishing Box - 12""",444.00,regular_price,,1,1,444.00,444.00,444.00,0.00,0.00,Verified Single-Source + Review Candidates,no,tapetech::ehc12,EHC12,"TapeTech 12"" MAXXBOX Flat Box EHC12",,,,0,review_only,yes,tapetech::ehc12,EHC12,"TapeTech 12"" MAXXBOX w/ Easy Roll Wheels - EHC12",444.00,444.00,444.00,0,verified_exact_identity,no,,,,,,,0,
728,NS02TT,TapeTech,"TapeTech Nail Spotter - 2""",303.66,regular_price,,2,1,278.00,278.00,278.00,25.66,25.66,Verified Market Evidence + Review Candidates,yes,tapetech::ns02tt,NS02TT,"TapeTech 2"" EasyClean Nail Spotter NS02TT",278.00,278.00,278.00,0,verified_exact_identity,no,tapetech::ns02tt,NS02TT,"TapeTech 2"" EasyClean Nail/Screw Spotter Head",,,,0,review_only,yes,tapetech::ns02tt,NS02TT,TapeTech 2 inch Easyclean Nail Spotter,278.00,278.00,278.00,0,verified_exact_identity
729,NS03TT,TapeTech,"TapeTech Nail Spotter - 3""",313.10,regular_price,,2,1,289.00,289.00,289.00,24.10,24.10,Verified Market Evidence + Review Candidates,yes,tapetech::ns03tt,NS03TT,"TapeTech 3"" EasyClean Nail Spotter NS03TT",289.00,289.00,289.00,0,verified_exact_identity,no,tapetech::ns03tt,NS03TT,"TapeTech 3"" EasyClean Nail/Screw Spotter",,,,0,review_only,yes,tapetech::ns03tt,NS03TT,TapeTech 3 inch Easyclean Nail Spotter,289.00,289.00,289.00,0,verified_exact_identity
730,TT-POWER-ASSIST-MAXXBOX-FINISHING-BOX,TapeTech,TapeTech Power Assist® MaxxBox® Finishing Box,,missing_price,,0,0,,,,,,No Match Found,no,,,,,,,0,,no,,,,,,,0,,no,,,,,,,0,
731,TT-QUICKBOX-QSX-FINISHING-BOX,TapeTech,TapeTech QuickBox® QSX Finishing Box,,missing_price,,0,4,,,,,,Review Required,no,,QB06-QSX,"TapeTech 6.5"" QuickBox QSX Finishing Box",,,,1,review_only,no,,QB06-QSX,"TapeTech QuickBox QSX 6.5"" Finishing Box",,,,1,review_only,no,,,,,,,0,
732,TT-SUPPORT-HANDLE,TapeTech,TapeTech Support Handle,,missing_price,,0,0,,,,,,No Match Found,no,,,,,,,0,,no,,,,,,,0,,no,,,,,,,0,
733,PAHC07,TapeTech,"TapeTech Power Assist® MaxxBox® Finishing Box - 7""",491.26,regular_price,,2,0,459.00,459.00,459.00,32.26,32.26,Verified Market Evidence,yes,tapetech::pahc07,PAHC07,"TapeTech 7"" Power Assist MAXXBOX PAHC07",459.00,459.00,459.00,0,verified_exact_identity,yes,tapetech::pahc07,PAHC07,"TapeTech 7"" PowerAssist MaxxBox w/ EasyRoll Wheels",459.00,459.00,459.00,0,verified_exact_identity,no,,,,,,,0,
734,PAHC10,TapeTech,"TapeTech Power Assist® MaxxBox® Finishing Box - 10""",494.93,regular_price,,2,0,469.00,469.00,469.00,25.93,25.93,Verified Market Evidence,yes,tapetech::pahc10,PAHC10,"TapeTech 10"" Power Assist MAXXBOX PAHC10",469.00,469.00,469.00,0,verified_exact_identity,yes,tapetech::pahc10,PAHC10,"TapeTech 10"" PowerAssist MaxxBox w/ EasyRoll Wheels - PAHC10",469.00,469.00,469.00,0,verified_exact_identity,no,,,,,,,0,
735,PAHC12,TapeTech,"TapeTech Power Assist® MaxxBox® Finishing Box - 12""",520.16,regular_price,,2,0,479.00,479.00,479.00,41.16,41.16,Verified Market Evidence,yes,tapetech::pahc12,PAHC12,"TapeTech 12"" Power Assist MAXXBOX PAHC12",479.00,479.00,479.00,0,verified_exact_identity,yes,tapetech::pahc12,PAHC12,"TapeTech 12"" PowerAssist MaxxBox w/ EasyRoll Wheels - PAHC12",479.00,479.00,479.00,0,verified_exact_identity,no,,,,,,,0,
736,QB06-QSX,TapeTech,"TapeTech QuickBox® QSX Finishing Box - 6.5""",149.00,regular_price,,2,0,149.00,149.00,149.00,0.00,0.00,Verified Market Evidence,yes,tapetech::qb06qsx,QB06-QSX,"TapeTech 6.5"" QuickBox QSX Finishing Box",149.00,149.00,149.00,0,verified_exact_identity,yes,tapetech::qb06qsx,QB06-QSX,"TapeTech QuickBox QSX 6.5"" Finishing Box",149.00,149.00,149.00,0,verified_exact_identity,no,,,,,,,0,
737,QB08-QSX,TapeTech,"TapeTech QuickBox® QSX Finishing Box - 8.5""",180.19,regular_price,,0,2,,,,,,Review Required,no,tapetech::qb08qsx,QB08-QSX,"TapeTech 8"" QuickBox QSX Finishing Box",,,,0,review_only,no,tapetech::qb08qsx,QB08-QSX,"TapeTech QuickBox QSX 8"" Finishing Box",,,,0,review_only,no,,,,,,,0,
738,FHTT,TapeTech,TapeTech Support Handle - Fiberglass,59.00,regular_price,,3,0,59.00,59.00,59.00,0.00,0.00,Verified Market Evidence,yes,tapetech::fhtt,FHTT,TapeTech Interchangeable Fiberglass Support Handle FHTT,59.00,59.00,59.00,0,verified_exact_identity,yes,tapetech::fhtt,FHTT,TapeTech Interchangeable Fiberglass Handle - FHTT,59.00,59.00,59.00,0,verified_exact_identity,yes,tapetech::fhtt,FHTT,TapeTech Fiberglass Handle,59.00,59.00,59.00,0,verified_exact_identity
739,FHTT-CC,TapeTech,TapeTech Support Handle - Closet Crusher Fiberglass,50.00,regular_price,,2,0,50.00,50.00,50.00,0.00,0.00,Verified Market Evidence,yes,tapetech::fhttcc,FHTT-CC,"TapeTech Closet Crusher 18"" Support Handle FHTT-CC",50.00,50.00,50.00,0,verified_exact_identity,yes,tapetech::fhttcc,FHTT-CC,"TapeTech Closet Crusher 18"" Support Handle",50.00,50.00,50.00,0,verified_exact_identity,no,,,,,,,0,
740,XHTT,TapeTech,TapeTech Support Handle - Extension,179.00,regular_price,,3,0,179.00,179.00,179.00,0.00,0.00,Verified Market Evidence,yes,tapetech::xhtt,XHTT,TapeTech Interchangeable Extendable Support Handle XHTT,179.00,179.00,179.00,0,verified_exact_identity,yes,tapetech::xhtt,XHTT,TapeTech Extendable Interchangeable Handle - XHTT,179.00,179.00,179.00,0,verified_exact_identity,yes,tapetech::xhtt,XHTT,TapeTech Extension Handle,179.00,179.00,179.00,0,verified_exact_identity
741,TT-SUPPORT-HANDLE-ADAPTER,TapeTech,TapeTech Support Handle Adapter,,missing_price,,0,0,,,,,,No Match Found,no,,,,,,,0,,no,,,,,,,0,,no,,,,,,,0,
742,TT-WIZARD-COMPACT-FINISHING-BOX-HANDLE,TapeTech,TapeTech Wizard® Compact Finishing Box Handle,,missing_price,,0,0,,,,,,No Match Found,no,,,,,,,0,,no,,,,,,,0,,no,,,,,,,0,
743,TT-MUDRUNNER,TapeTech,TapeTech MudRunner® Compound Applicator,,missing_price,,0,1,,,,,,Review Required,no,,,,,,,0,,no,,MR01TT,TapeTech MudRunner Compound Applicator Tube,,,,0,review_only,no,,,,,,,0,
744,CAA-TT,TapeTech,TapeTech Support Handle Adapter - Corner Applicator,45.00,regular_price,,3,0,42.00,45.00,45.00,3.00,0.00,Verified Market Evidence,yes,tapetech::caatt,CAA-TT,TapeTech Angle Box Handle Adapter CAA-TT,45.00,45.00,45.00,0,verified_exact_identity,yes,tapetech::caatt,CAA-TT,TapeTech Corner Applicator Adapter -  CAA-TT,42.00,42.00,42.00,0,verified_exact_identity,yes,tapetech::caatt,CAATT,TapeTech Corner Applicator Adapter,45.00,45.00,45.00,0,verified_exact_identity
745,CFA-TT,TapeTech,TapeTech Support Handle Adapter - Corner Finisher,49.00,regular_price,,3,0,49.00,49.00,49.00,0.00,0.00,Verified Market Evidence,yes,tapetech::cfatt,CFA-TT,TapeTech Corner Finisher Handle Adapter CFA-TT,49.00,49.00,49.00,0,verified_exact_identity,yes,tapetech::cfatt,CFA-TT,TapeTech Corner Finisher Ball Adapter - CFA-TT,49.00,49.00,49.00,0,verified_exact_identity,yes,tapetech::cfatt,CFATT,TapeTech Corner Finisher Adapter,49.00,49.00,49.00,0,verified_exact_identity
746,NSA-TT,TapeTech,TapeTech Support Handle Adapter - Nail Spotter,42.12,regular_price,,2,0,40.00,45.00,42.50,2.12,-0.38,Verified Market Evidence,yes,tapetech::nsatt,NSA-TT,TapeTech Nail Spotter Handle Adapter NSA-TT,40.00,40.00,40.00,0,verified_exact_identity,yes,tapetech::nsatt,NSA-TT,TapeTech Nail Spotter Adapter - NSA-TT,45.00,45.00,45.00,0,verified_exact_identity,no,,,,,,,0,
747,8000TT,TapeTech,TapeTech Wizard® Compact Finishing Box Handle - Standard,109.00,regular_price,,3,0,109.00,109.00,109.00,0.00,0.00,Verified Market Evidence,yes,tapetech::8000tt,8000TT,TapeTech Wizard Compact Flat Box Handle 8000TT,109.00,109.00,109.00,0,verified_exact_identity,yes,tapetech::8000tt,8000TT,TapeTech Wizard Flat Box Handle,109.00,109.00,109.00,0,verified_exact_identity,yes,tapetech::8000tt,8000TT,TapeTech Wizard Compact Flat Box Handle (TAPE-8000TT),109.00,109.00,109.00,0,verified_exact_identity
748,8000TT-PA,TapeTech,TapeTech Wizard® Compact Finishing Box Handle - Power Assist,109.00,regular_price,,2,0,109.00,109.00,109.00,0.00,0.00,Verified Market Evidence,yes,tapetech::8000ttpa,8000TT-PA,TapeTech Wizard Compact Flat Box Handle 8000TT-PA,109.00,109.00,109.00,0,verified_exact_identity,yes,tapetech::8000ttpa,8000TT-PA,TapeTech Wizard Compact Handle for Power Assist Boxes,109.00,109.00,109.00,0,verified_exact_identity,no,,,,,,,0,
749,14TT,TapeTech,TapeTech MudRunner® Compound Applicator - Standard,900.00,regular_price,,1,0,900.00,900.00,900.00,0.00,0.00,Verified Single-Source,no,,,,,,,0,,no,,,,,,,0,,yes,tapetech::14tt,14TT,TapeTech MudRunner,900.00,900.00,900.00,0,verified_exact_identity
750,MR01TT,TapeTech,TapeTech MudRunner® Compound Applicator - Pro,1099.00,regular_price,,2,0,1099.00,1099.00,1099.00,0.00,0.00,Verified Market Evidence,yes,tapetech::mr01tt,MR01TT,TapeTech MudRunner® Pro,1099.00,1099.00,1099.00,0,verified_exact_identity,yes,tapetech::mr01tt,MR01TT,TapeTech MudRunner Compound Applicator Tube,1099.00,1099.00,1099.00,0,verified_exact_identity,no,,,,,,,0,
751,CTA01TT,TapeTech,TapeTech Compound Tube Filler Adapter,19.99,regular_price,,2,0,19.99,19.99,19.99,0.00,0.00,Verified Market Evidence,yes,tapetech::cta01tt,CTA01TT,TapeTech Compound Tube Filler Adapter CTA01TT,19.99,19.99,19.99,0,verified_exact_identity,yes,tapetech::cta01tt,CTA01TT,TapeTech Compound Tube Filler Adapter - CTA01TT,19.99,19.99,19.99,0,verified_exact_identity,no,,,,,,,0,
752,MRX01TT,TapeTech,TapeTech Extension,179.00,regular_price,,1,0,179.00,179.00,179.00,0.00,0.00,Verified Single-Source,yes,tapetech::mrx01tt,MRX01TT,TapeTech MudRunner® Pro Extension,179.00,179.00,179.00,0,verified_exact_identity,no,,,,,,,0,,no,,,,,,,0,
753,90T,TapeTech,TapeTech Filler Adapter,79.00,regular_price,,3,0,79.00,79.00,79.00,0.00,0.00,Verified Market Evidence,yes,tapetech::90t,90T,TapeTech Box Filler 90TT,79.00,79.00,79.00,0,verified_exact_identity,yes,tapetech::90t,90T,TapeTech Drywall Box Filler Attachment -  90T,79.00,79.00,79.00,0,verified_exact_identity,yes,tapetech::90t,90T,TapeTech Box Filler,79.00,79.00,79.00,0,verified_exact_identity
754,GSR-TT,TapeTech,TapeTech Gooseneck Riser,13.99,regular_price,,1,0,13.99,13.99,13.99,0.00,0.00,Verified Single-Source,yes,tapetech::gsrtt,GSR-TT,TapeTech Gooseneck Riser GSR-TT,13.99,13.99,13.99,0,verified_exact_identity,no,,,,,,,0,,no,,,,,,,0,
755,804003F,TapeTech,TapeTech Grip Assembly For Box Handle,73.91,regular_price,,2,1,80.59,82.02,81.30,-6.68,-7.40,Verified Market Evidence + Review Candidates,yes,tapetech::804003f,804003F,TapeTech Handle Lever Assembly 804003F,80.59,80.59,80.59,0,verified_exact_identity,no,,804003F,Handle Lever Assembly - 804003,,,,0,review_only,yes,tapetech::804003f,804003F,TapeTech HANDLE LEVER ASSEMBLY (TAPE-804003F),82.02,82.02,82.02,0,verified_exact_identity
756,,USG Sheetrock,"USG Sheetrock Magnesium, Lightweight Professional Drywall Stilts 18-30”",299.00,regular_price,,0,0,,,,,,No Match Found,no,,,,,,,0,,no,,,,,,,0,,no,,,,,,,0,
