dtb_brand,dtb_product_name,dtb_sku,dtb_mpn,dtb_regular_price,dtb_sale_price,dtb_map_price,allwall_product_name,allwall_sku,allwall_url,allwall_regular_price,allwall_sale_price,allwall_current_price,allwall_availability,match_status,match_confidence,match_method,price_vs_dtb_map,evidence_notes,checked_at
Columbia Tools,Columbia 180° Grip Flat Box Handle - 3',3BH,3BH,189.26,,189.26,"Columbia 36"" 180-Grip Flat Box Handle",3BH,https://www.all-wall.com/Columbia-FlatBoxHandle-3BH,,,189.99,PreOrder,VERIFIED_PRODUCT,HIGH,EXACT_MPN,ABOVE_DTB_MAP,All-Wall displayed MPN 3BH exactly matches DTB SKU 3BH after punctuation-only normalization. The All-Wall SKU field intentionally stores this MPN; retailer-internal SKU data is not extracted.,2026-09-17T01:42:21Z
Columbia Tools,"Columbia 180° Grip Flat Box Handle - 42""",42BH,42BH,205.49,,205.49,"Columbia 42"" 180-Grip Flat Box Handle",42BH,https://www.all-wall.com/Columbia-FlatBoxHandle-42BH,,,205.99,PreOrder,VERIFIED_PRODUCT,HIGH,EXACT_MPN,ABOVE_DTB_MAP,All-Wall displayed MPN 42BH exactly matches DTB SKU 42BH after punctuation-only normalization. The All-Wall SKU field intentionally stores this MPN; retailer-internal SKU data is not extracted.,2026-09-17T01:42:21Z
Columbia Tools,Columbia 180° Grip Flat Box Handle - 4',4BH,4BH,210.89,,210.89,"Columbia 48"" 180-Grip Flat Box Handle",4BH,https://www.all-wall.com/Columbia-FlatBoxHandle-4BH,,,210.99,PreOrder,VERIFIED_PRODUCT,HIGH,EXACT_MPN,ABOVE_DTB_MAP,All-Wall displayed MPN 4BH exactly matches DTB SKU 4BH after punctuation-only normalization. The All-Wall SKU field intentionally stores this MPN; retailer-internal SKU data is not extracted.,2026-09-17T01:42:21Z
Columbia Tools,Columbia 180° Grip Flat Box Handle - 5',5BH,5BH,221.71,,221.71,"Columbia 60"" 180-Grip Flat Box Handle",5BH,https://www.all-wall.com/Columbia-FlatBoxHandle-5BH,,,221.99,PreOrder,VERIFIED_PRODUCT,HIGH,EXACT_MPN,ABOVE_DTB_MAP,All-Wall displayed MPN 5BH exactly matches DTB SKU 5BH after punctuation-only normalization. The All-Wall SKU field intentionally stores this MPN; retailer-internal SKU data is not extracted.,2026-09-17T01:42:21Z
Columbia Tools,Columbia 180° Grip Flat Box Handle - 6',6BH,6BH,232.52,,232.52,"Columbia 72"" 180-Grip Flat Box Handle",6BH,https://www.all-wall.com/Columbia-FlatBoxHandle-6BH,,,232.99,PreOrder,VERIFIED_PRODUCT,HIGH,EXACT_MPN,ABOVE_DTB_MAP,All-Wall displayed MPN 6BH exactly matches DTB SKU 6BH after punctuation-only normalization. The All-Wall SKU field intentionally stores this MPN; retailer-internal SKU data is not extracted.,2026-09-17T01:42:21Z
Columbia Tools,"Columbia Angle Head - 2""",2AH,2AH,410.97,,410.97,"Columbia 2"" Angle Head",2AH,https://www.all-wall.com/Columbia-AngleHead-2AH,,,410.99,PreOrder,VERIFIED_PRODUCT,HIGH,EXACT_MPN,ABOVE_DTB_MAP,All-Wall displayed MPN 2AH exactly matches DTB SKU 2AH after punctuation-only normalization. The All-Wall SKU field intentionally stores this MPN; retailer-internal SKU data is not extracted.,2026-09-17T01:42:21Z
Columbia Tools,"Columbia Angle Head - 2.5""",2.5AH,2.5AH,421.79,,421.79,"Columbia 2.5"" Angle Head",2.5AH,https://www.all-wall.com/Columbia-AngleHead-25AH,,,421.99,PreOrder,VERIFIED_PRODUCT,HIGH,EXACT_MPN,ABOVE_DTB_MAP,All-Wall displayed MPN 2.5AH exactly matches DTB SKU 2.5AH after punctuation-only normalization. The All-Wall SKU field intentionally stores this MPN; retailer-internal SKU data is not extracted.,2026-09-17T01:42:21Z
Columbia Tools,"Columbia Angle Head - 3""",3AH,3AH,443.42,,443.42,"Columbia 3"" Angle Head",3AH,https://www.all-wall.com/Columbia-AngleHead-3AH,,,443.99,PreOrder,VERIFIED_PRODUCT,HIGH,EXACT_MPN,ABOVE_DTB_MAP,All-Wall displayed MPN 3AH exactly matches DTB SKU 3AH after punctuation-only normalization. The All-Wall SKU field intentionally stores this MPN; retailer-internal SKU data is not extracted.,2026-09-17T01:42:21Z
Columbia Tools,"Columbia Angle Head - 3.5""",3.5AH,3.5AH,470.80,,454.23,"Columbia 3.5"" Angle Head",3.5AH,https://www.all-wall.com/Columbia-AngleHead-35AH,,,454.99,PreOrder,VERIFIED_PRODUCT,HIGH,EXACT_MPN,ABOVE_DTB_MAP,All-Wall displayed MPN 3.5AH exactly matches DTB SKU 3.5AH after punctuation-only normalization. The All-Wall SKU field intentionally stores this MPN; retailer-internal SKU data is not extracted.,2026-09-17T01:42:21Z
Columbia Tools,"Columbia Automatic Fat Boy Box - 8""",8FBBA,8FBBA,481.27,,481.27,"Columbia 8"" Fat Boy Automatic Assist Drywall Flat Box",8FBBA,https://www.all-wall.com/Columbia-8in-Fat-Automatic-Assist-Flat-Box,,,481.99,InStock,VERIFIED_PRODUCT,HIGH,EXACT_MPN,ABOVE_DTB_MAP,All-Wall displayed MPN 8FBBA exactly matches DTB SKU 8FBBA after punctuation-only normalization. The All-Wall SKU field intentionally stores this MPN; retailer-internal SKU data is not extracted.,2026-09-17T01:42:21Z
Columbia Tools,"Columbia Automatic Fat Boy Box - 10""",10FBBA,10FBBA,492.08,,492.08,"Columbia 10"" Fat Boy Automatic Assist Drywall Flat Box",10FBBA,https://www.all-wall.com/Columbia-10in-Fat-Automatic-Assist-Flat-Box,,,492.99,PreOrder,VERIFIED_PRODUCT,HIGH,EXACT_MPN,ABOVE_DTB_MAP,All-Wall displayed MPN 10FBBA exactly matches DTB SKU 10FBBA after punctuation-only normalization. The All-Wall SKU field intentionally stores this MPN; retailer-internal SKU data is not extracted.,2026-09-17T01:42:21Z
Columbia Tools,"Columbia Automatic Fat Boy Box - 12""",12FBBA,12FBBA,502.90,,502.90,"Columbia 12"" Fat Boy Automatic Assist Drywall Flat Box",12FBBA,https://www.all-wall.com/Columbia-12in-Fat-Automatic-Assist-Box,,,502.99,PreOrder,VERIFIED_PRODUCT,HIGH,EXACT_MPN,ABOVE_DTB_MAP,All-Wall displayed MPN 12FBBA exactly matches DTB SKU 12FBBA after punctuation-only normalization. The All-Wall SKU field intentionally stores this MPN; retailer-internal SKU data is not extracted.,2026-09-17T01:42:21Z
Columbia Tools,"Columbia Automatic Flat Box - 8""",8FFBA,8FFBA,421.79,,421.79,"Columbia 8"" Automatic Assist Drywall Flat Box",8FFBA,https://www.all-wall.com/Columbia-8in-Automatic-Assist-Flat-Box,,,421.99,PreOrder,VERIFIED_PRODUCT,HIGH,EXACT_MPN,ABOVE_DTB_MAP,All-Wall displayed MPN 8FFBA exactly matches DTB SKU 8FFBA after punctuation-only normalization. The All-Wall SKU field intentionally stores this MPN; retailer-internal SKU data is not extracted.,2026-09-17T01:42:21Z
Columbia Tools,"Columbia Automatic Flat Box - 10""",10FFBA,10FFBA,427.19,,427.19,"Columbia 10"" Automatic Assist Drywall Flat Box",10FFBA,https://www.all-wall.com/Columbia-10in-Automatic-Assist-Flat-Box,,,427.99,PreOrder,VERIFIED_PRODUCT,HIGH,EXACT_MPN,ABOVE_DTB_MAP,All-Wall displayed MPN 10FFBA exactly matches DTB SKU 10FFBA after punctuation-only normalization. The All-Wall SKU field intentionally stores this MPN; retailer-internal SKU data is not extracted.,2026-09-17T01:42:21Z
Columbia Tools,"Columbia Automatic Flat Box - 12""",12FFBA,12FFBA,432.60,,432.60,"Columbia 12"" Automatic Assist Drywall Flat Box",12FFBA,https://www.all-wall.com/Columbia-12in-Automatic-Assist-Flat-Box,,,432.99,PreOrder,VERIFIED_PRODUCT,HIGH,EXACT_MPN,ABOVE_DTB_MAP,All-Wall displayed MPN 12FFBA exactly matches DTB SKU 12FFBA after punctuation-only normalization. The All-Wall SKU field intentionally stores this MPN; retailer-internal SKU data is not extracted.,2026-09-17T01:42:21Z
Columbia Tools,"Columbia Automatic Flat Box - 14""",14FFBA,14FFBA,438.01,,438.01,"Columbia 14"" Automatic Assist Drywall Flat Box",14FFBA,https://www.all-wall.com/Columbia-14in-Automatic-Assist-Flat-Box,,,438.99,PreOrder,VERIFIED_PRODUCT,HIGH,EXACT_MPN,ABOVE_DTB_MAP,All-Wall displayed MPN 14FFBA exactly matches DTB SKU 14FFBA after punctuation-only normalization. The All-Wall SKU field intentionally stores this MPN; retailer-internal SKU data is not extracted.,2026-09-17T01:42:21Z
Columbia Tools,"Columbia Automatic Taper - Sawed Off 39""",STAPER,STAPER,1715.43,,1649.29,"Columbia ""Sawed Off"" Mini Automatic Taper",STAPER,https://www.all-wall.com/Columbia-Mini-Automatic-Taper,,,1649.29,PreOrder,VERIFIED_PRODUCT,HIGH,EXACT_MPN,MATCHES_DTB_MAP,All-Wall displayed MPN STAPER exactly matches DTB SKU STAPER after punctuation-only normalization. The All-Wall SKU field intentionally stores this MPN; retailer-internal SKU data is not extracted.,2026-09-17T01:42:21Z
Columbia Tools,"Columbia Automatic Taper - Standard 53""",TAPER,TAPER,1715.43,,1649.29,Columbia Automatic Drywall Taper,TAPER,https://www.all-wall.com/Columbia-Tools-Automatic-Taper,,,1649.29,PreOrder,VERIFIED_PRODUCT,HIGH,EXACT_MPN,MATCHES_DTB_MAP,All-Wall displayed MPN TAPER exactly matches DTB SKU TAPER after punctuation-only normalization. The All-Wall SKU field intentionally stores this MPN; retailer-internal SKU data is not extracted.,2026-09-17T01:42:21Z
Columbia Tools,Columbia One Predator Taper,PTAPER,PTAPER,2145.46,,,Columbia PREDATOR Carbon Fiber Automatic Taper,PTAPER,https://www.all-wall.com/Columbia-PREDATOR-Automatic-Taper,,,1838.55,PreOrder,VERIFIED_PRODUCT,HIGH,EXACT_MPN,DTB_MAP_UNKNOWN,All-Wall displayed MPN PTAPER exactly matches DTB SKU PTAPER after punctuation-only normalization. The All-Wall SKU field intentionally stores this MPN; retailer-internal SKU data is not extracted.,2026-09-17T01:42:21Z
Columbia Tools,"Columbia Billet Mud Applicator - Inside Corner - 2 Wheels - 1""",ICA2-1,ICA2-1,68.13,,68.13,Columbia Inside Corner Applicator 2 Wheels,ICA2-1,https://www.all-wall.com/Columbia-InsideCornerApplicator-ICA21,,,68.99,PreOrder,VERIFIED_PRODUCT,HIGH,EXACT_MPN,ABOVE_DTB_MAP,All-Wall displayed MPN ICA2-1 exactly matches DTB SKU ICA2-1 after punctuation-only normalization. The All-Wall SKU field intentionally stores this MPN; retailer-internal SKU data is not extracted.,2026-09-17T01:42:21Z
Columbia Tools,"Columbia Billet Mud Applicator - Inside Corner - 4 Wheels - 1""",ICA4-1,ICA4-1,85.44,,85.44,Columbia Inside Corner Applicator 4 Wheels,ICA4-1,https://www.all-wall.com/Columbia-InsideCornerApplicator-ICA41,,,85.99,PreOrder,VERIFIED_PRODUCT,HIGH,EXACT_MPN,ABOVE_DTB_MAP,All-Wall displayed MPN ICA4-1 exactly matches DTB SKU ICA4-1 after punctuation-only normalization. The All-Wall SKU field intentionally stores this MPN; retailer-internal SKU data is not extracted.,2026-09-17T01:42:21Z
Columbia Tools,Columbia Billet Mud Applicator - Two-Way Internal Corner - 4 Wheels,ICATW,ICATW,116.80,,116.80,Columbia Inside 90° Applicator with Wheels,ICATW,https://www.all-wall.com/Columbia-Inside-90-Applicator-with-Wheels,,,116.99,InStock,VERIFIED_PRODUCT,HIGH,EXACT_MPN,ABOVE_DTB_MAP,All-Wall displayed MPN ICATW exactly matches DTB SKU ICATW after punctuation-only normalization. The All-Wall SKU field intentionally stores this MPN; retailer-internal SKU data is not extracted.,2026-09-17T01:42:21Z
Columbia Tools,Columbia Billet Mud Applicator - External 90,CEXT90,CEXT90,127.62,,127.62,Columbia Outside 90° Applicator Head,CEXT90,https://www.all-wall.com/Columbia-Outside-Applicator-Head,,,127.99,PreOrder,VERIFIED_PRODUCT,HIGH,EXACT_MPN,ABOVE_DTB_MAP,All-Wall displayed MPN CEXT90 exactly matches DTB SKU CEXT90 after punctuation-only normalization. The All-Wall SKU field intentionally stores this MPN; retailer-internal SKU data is not extracted.,2026-09-17T01:42:21Z
Columbia Tools,Columbia Billet Mud Applicator - Flat,CFLT,CFLT,91.93,,91.93,Columbia Flat Applicator Head,CFLT,https://www.all-wall.com/Columbia-Tools-Flat-Applicator-Head,,,91.99,PreOrder,VERIFIED_PRODUCT,HIGH,EXACT_MPN,ABOVE_DTB_MAP,All-Wall displayed MPN CFLT exactly matches DTB SKU CFLT after punctuation-only normalization. The All-Wall SKU field intentionally stores this MPN; retailer-internal SKU data is not extracted.,2026-09-17T01:42:21Z
Columbia Tools,Columbia Box Filler - Standard,BF,BF,75.71,,75.71,All-Wall.com - Columbia Box Filler Adapter,BF,https://www.all-wall.com/Columbia-Box-Filler-Adapter,,,75.99,PreOrder,VERIFIED_PRODUCT,HIGH,EXACT_MPN,ABOVE_DTB_MAP,All-Wall displayed MPN BF exactly matches DTB SKU BF after punctuation-only normalization. The All-Wall SKU field intentionally stores this MPN; retailer-internal SKU data is not extracted.,2026-09-17T01:42:21Z
Columbia Tools,Columbia Box Filler - Tall Boy,TBBF,TBBF,75.71,,75.71,Columbia Tall Boy Box Filler,TBBF,https://www.all-wall.com/Columbia-BoxFiller-TBBF,,,75.99,PreOrder,VERIFIED_PRODUCT,HIGH,EXACT_MPN,ABOVE_DTB_MAP,All-Wall displayed MPN TBBF exactly matches DTB SKU TBBF after punctuation-only normalization. The All-Wall SKU field intentionally stores this MPN; retailer-internal SKU data is not extracted.,2026-09-17T01:42:21Z
Columbia Tools,"Columbia Cam Lock Tube - 24""",CLT24,CLT24,270.95,,257.40,"Columbia 24"" Cam-Lock Compound Mud Tube",CLT24,https://www.all-wall.com/Columbia-24-Cam-Lock-Mud-Tube,,,257.99,PreOrder,VERIFIED_PRODUCT,HIGH,EXACT_MPN,ABOVE_DTB_MAP,All-Wall displayed MPN CLT24 exactly matches DTB SKU CLT24 after punctuation-only normalization. The All-Wall SKU field intentionally stores this MPN; retailer-internal SKU data is not extracted.,2026-09-17T01:42:21Z
Columbia Tools,"Columbia Cam Lock Tube - 32""",CLT32,CLT32,279.72,,268.21,"Columbia 32"" Cam-Lock Compound Mud Tube",CLT32,https://www.all-wall.com/Columbia-32-Cam-Lock-Mud-Tube,,,268.99,PreOrder,VERIFIED_PRODUCT,HIGH,EXACT_MPN,ABOVE_DTB_MAP,All-Wall displayed MPN CLT32 exactly matches DTB SKU CLT32 after punctuation-only normalization. The All-Wall SKU field intentionally stores this MPN; retailer-internal SKU data is not extracted.,2026-09-17T01:42:21Z
Columbia Tools,"Columbia Cam Lock Tube - 42""",CLT42,CLT42,297.33,,280.11,"Columbia 42"" Cam-Lock Compound Mud Tube",CLT42,https://www.all-wall.com/Columbia-42-Cam-Lock-Mud-Tube,,,280.99,PreOrder,VERIFIED_PRODUCT,HIGH,EXACT_MPN,ABOVE_DTB_MAP,All-Wall displayed MPN CLT42 exactly matches DTB SKU CLT42 after punctuation-only normalization. The All-Wall SKU field intentionally stores this MPN; retailer-internal SKU data is not extracted.,2026-09-17T01:42:21Z
Columbia Tools,"Columbia Cam Lock Tube - 55""",CLT55,CLT55,307.89,,278.10,"Columbia 55"" Cam-Lock Compound Mud Tube",CLT55,https://www.all-wall.com/Columbia-55-Cam-Lock-Mud-Tube,,,278.99,PreOrder,VERIFIED_PRODUCT,HIGH,EXACT_MPN,ABOVE_DTB_MAP,All-Wall displayed MPN CLT55 exactly matches DTB SKU CLT55 after punctuation-only normalization. The All-Wall SKU field intentionally stores this MPN; retailer-internal SKU data is not extracted.,2026-09-17T01:42:21Z
Columbia Tools,"Columbia Combo Flusher - 2.5""",2.5CSF,2.5CSF,190.27,,163.31,"Columbia 2.5"" Combo Flusher 2.5CSF",2.5CSF,https://www.all-wall.com/Columbia-Combo-Flusher-25,,,163.99,PreOrder,VERIFIED_PRODUCT,HIGH,EXACT_MPN,ABOVE_DTB_MAP,All-Wall displayed MPN 2.5CSF exactly matches DTB SKU 2.5CSF after punctuation-only normalization. The All-Wall SKU field intentionally stores this MPN; retailer-internal SKU data is not extracted.,2026-09-17T01:42:21Z
Columbia Tools,"Columbia Combo Flusher - 3""",3CSF,3CSF,196.25,,168.71,"Columbia 3"" Combo Flusher 3CSF",3CSF,https://www.all-wall.com/Columbia-Combo-Flusher-3,,,168.99,PreOrder,VERIFIED_PRODUCT,HIGH,EXACT_MPN,ABOVE_DTB_MAP,All-Wall displayed MPN 3CSF exactly matches DTB SKU 3CSF after punctuation-only normalization. The All-Wall SKU field intentionally stores this MPN; retailer-internal SKU data is not extracted.,2026-09-17T01:42:21Z
Columbia Tools,"Columbia Combo Flusher - 3"" Widetrack",3WTCSF,3WTCSF,196.25,,,,,,,,,,NOT_FOUND,,,,No publicly extracted All-Wall displayed MPN exactly equals this DTB SKU after punctuation-only normalization.,2026-09-17T01:42:21Z
Columbia Tools,"Columbia Combo Flusher - 3.5""",3.5CSF,3.5CSF,202.25,,181.69,"Columbia 3.5"" Combo Flusher 3.5CSF",3.5CSF,https://www.all-wall.com/Columbia-Combo-Flusher-35,,,181.99,PreOrder,VERIFIED_PRODUCT,HIGH,EXACT_MPN,ABOVE_DTB_MAP,All-Wall displayed MPN 3.5CSF exactly matches DTB SKU 3.5CSF after punctuation-only normalization. The All-Wall SKU field intentionally stores this MPN; retailer-internal SKU data is not extracted.,2026-09-17T01:42:21Z
Columbia Tools,"Columbia Compound Tube - 24""",CMT24,CMT24,197.91,,197.91,"Columbia 24"" Compound Mud Tube",CMT24,https://www.all-wall.com/Columbia-CompoundTube-CMT24,,,197.99,PreOrder,VERIFIED_PRODUCT,HIGH,EXACT_MPN,ABOVE_DTB_MAP,All-Wall displayed MPN CMT24 exactly matches DTB SKU CMT24 after punctuation-only normalization. The All-Wall SKU field intentionally stores this MPN; retailer-internal SKU data is not extracted.,2026-09-17T01:42:21Z
Columbia Tools,"Columbia Compound Tube - 32""",CMT32,CMT32,208.73,,208.73,"Columbia 32"" Compound Mud Tube",CMT32,https://www.all-wall.com/Columbia-CompoundTube-CMT32,,,208.99,PreOrder,VERIFIED_PRODUCT,HIGH,EXACT_MPN,ABOVE_DTB_MAP,All-Wall displayed MPN CMT32 exactly matches DTB SKU CMT32 after punctuation-only normalization. The All-Wall SKU field intentionally stores this MPN; retailer-internal SKU data is not extracted.,2026-09-17T01:42:21Z
Columbia Tools,"Columbia Compound Tube - 42""",CMT42,CMT42,221.71,,221.71,"Columbia 42"" Compound Mud Tube",CMT42,https://www.all-wall.com/Columbia-CompoundTube-CMT42,,,221.99,PreOrder,VERIFIED_PRODUCT,HIGH,EXACT_MPN,ABOVE_DTB_MAP,All-Wall displayed MPN CMT42 exactly matches DTB SKU CMT42 after punctuation-only normalization. The All-Wall SKU field intentionally stores this MPN; retailer-internal SKU data is not extracted.,2026-09-17T01:42:21Z
Columbia Tools,"Columbia Compound Tube - 55""",CMT55,CMT55,232.52,,232.52,"Columbia 55"" Compound Mud Tube",CMT55,https://www.all-wall.com/Columbia-55-Compound-Mud-Tube,,,232.99,PreOrder,VERIFIED_PRODUCT,HIGH,EXACT_MPN,ABOVE_DTB_MAP,All-Wall displayed MPN CMT55 exactly matches DTB SKU CMT55 after punctuation-only normalization. The All-Wall SKU field intentionally stores this MPN; retailer-internal SKU data is not extracted.,2026-09-17T01:42:21Z
Columbia Tools,"Columbia Direct Flusher - 2.5""",2.5DF,2.5DF,127.62,,127.62,"Columbia 2.5"" Direct Corner Flusher",2.5DF,https://www.all-wall.com/Columbia-DirectFlusher-25DF,,,127.99,PreOrder,VERIFIED_PRODUCT,HIGH,EXACT_MPN,ABOVE_DTB_MAP,All-Wall displayed MPN 2.5DF exactly matches DTB SKU 2.5DF after punctuation-only normalization. The All-Wall SKU field intentionally stores this MPN; retailer-internal SKU data is not extracted.,2026-09-17T01:42:21Z
Columbia Tools,"Columbia Direct Flusher - 3""",3DF,3DF,133.02,,133.02,"Columbia 3"" Direct Corner Flusher",3DF,https://www.all-wall.com/Columbia-DirectFlusher-3DF,,,130.99,PreOrder,VERIFIED_PRODUCT,HIGH,EXACT_MPN,BELOW_DTB_MAP,All-Wall displayed MPN 3DF exactly matches DTB SKU 3DF after punctuation-only normalization. The All-Wall SKU field intentionally stores this MPN; retailer-internal SKU data is not extracted.,2026-09-17T01:42:21Z
Columbia Tools,"Columbia Direct Flusher - 3"" Widetrack",3WTDF,3WTDF,140.60,,140.60,"Columbia 3"" Widetrack Direct Corner Flusher",3WTDF,https://www.all-wall.com/Columbia-DirectFlusher-3WTCF,,,140.99,PreOrder,VERIFIED_PRODUCT,HIGH,EXACT_MPN,ABOVE_DTB_MAP,All-Wall displayed MPN 3WTDF exactly matches DTB SKU 3WTDF after punctuation-only normalization. The All-Wall SKU field intentionally stores this MPN; retailer-internal SKU data is not extracted.,2026-09-17T01:42:21Z
Columbia Tools,"Columbia Direct Flusher - 3.5""",3.5DF,3.5DF,146.00,,146.00,"Columbia 3.5"" Direct Corner Flusher",3.5DF,https://www.all-wall.com/Columbia-DirectFlusher-35DF,,,146,PreOrder,VERIFIED_PRODUCT,HIGH,EXACT_MPN,MATCHES_DTB_MAP,All-Wall displayed MPN 3.5DF exactly matches DTB SKU 3.5DF after punctuation-only normalization. The All-Wall SKU field intentionally stores this MPN; retailer-internal SKU data is not extracted.,2026-09-17T01:42:21Z
Columbia Tools,"Columbia Direct Flusher - 4""",4DF,4DF,151.41,,151.41,,,,,,,,NOT_FOUND,,,,No publicly extracted All-Wall displayed MPN exactly equals this DTB SKU after punctuation-only normalization.,2026-09-17T01:42:21Z
Columbia Tools,"Columbia Fat Boy Flat Box - 5.5""",5.5FBB,5.5FBB,384.39,,,,,,,,,,NOT_FOUND,,,,No publicly extracted All-Wall displayed MPN exactly equals this DTB SKU after punctuation-only normalization.,2026-09-17T01:42:21Z
Columbia Tools,"Columbia Fat Boy Flat Box - 8""",8FBB,8FBB,443.42,,443.42,"Columbia 8"" Fat Boy Flat Box",8FBB,https://www.all-wall.com/Columbia-FlatBox-8FBB,,,443.99,PreOrder,VERIFIED_PRODUCT,HIGH,EXACT_MPN,ABOVE_DTB_MAP,All-Wall displayed MPN 8FBB exactly matches DTB SKU 8FBB after punctuation-only normalization. The All-Wall SKU field intentionally stores this MPN; retailer-internal SKU data is not extracted.,2026-09-17T01:42:21Z
Columbia Tools,"Columbia Fat Boy Flat Box - 10""",10FBB,10FBB,454.23,,454.23,"Columbia 10"" Fat Boy Flat Box",10FBB,https://www.all-wall.com/Columbia-FlatBox-10FBB,,,454.99,PreOrder,VERIFIED_PRODUCT,HIGH,EXACT_MPN,ABOVE_DTB_MAP,All-Wall displayed MPN 10FBB exactly matches DTB SKU 10FBB after punctuation-only normalization. The All-Wall SKU field intentionally stores this MPN; retailer-internal SKU data is not extracted.,2026-09-17T01:42:21Z
Columbia Tools,"Columbia Fat Boy Flat Box - 12""",12FBB,12FBB,465.05,,465.05,"Columbia 12"" Fat Boy Flat Box",12FBB,https://www.all-wall.com/Columbia-FlatBox-12FBB,,,465.99,PreOrder,VERIFIED_PRODUCT,HIGH,EXACT_MPN,ABOVE_DTB_MAP,All-Wall displayed MPN 12FBB exactly matches DTB SKU 12FBB after punctuation-only normalization. The All-Wall SKU field intentionally stores this MPN; retailer-internal SKU data is not extracted.,2026-09-17T01:42:21Z
Columbia Tools,"Columbia Flat Finisher Box - 5.5""",5.5FFB,5.5FFB,367.71,,367.71,Columbia 5.5 Flat Finishing Box,5.5FFB,https://www.all-wall.com/Columbia-FlatBox-5-5,,,367.99,PreOrder,VERIFIED_PRODUCT,HIGH,EXACT_MPN,ABOVE_DTB_MAP,All-Wall displayed MPN 5.5FFB exactly matches DTB SKU 5.5FFB after punctuation-only normalization. The All-Wall SKU field intentionally stores this MPN; retailer-internal SKU data is not extracted.,2026-09-17T01:42:21Z
Columbia Tools,"Columbia Flat Finisher Box - 7""",7FFB,7FFB,378.53,,378.53,"Columbia 7"" Flat Finishing Box",7FFB,https://www.all-wall.com/Columbia-FlatBox-7FFB,,,378.99,PreOrder,VERIFIED_PRODUCT,HIGH,EXACT_MPN,ABOVE_DTB_MAP,All-Wall displayed MPN 7FFB exactly matches DTB SKU 7FFB after punctuation-only normalization. The All-Wall SKU field intentionally stores this MPN; retailer-internal SKU data is not extracted.,2026-09-17T01:42:21Z
Columbia Tools,"Columbia Flat Finisher Box - 8""",8FFB,8FFB,389.34,,389.34,"Columbia 8"" Flat Finishing Box",8FFB,https://www.all-wall.com/Columbia-FlatBox-8FFB,,,389.99,PreOrder,VERIFIED_PRODUCT,HIGH,EXACT_MPN,ABOVE_DTB_MAP,All-Wall displayed MPN 8FFB exactly matches DTB SKU 8FFB after punctuation-only normalization. The All-Wall SKU field intentionally stores this MPN; retailer-internal SKU data is not extracted.,2026-09-17T01:42:21Z
Columbia Tools,"Columbia Flat Finisher Box - 10""",10FFB,10FFB,400.16,,400.16,"Columbia 10"" Flat Finishing Box",10FFB,https://www.all-wall.com/Columbia-FlatBox-10FFB,,,400.99,PreOrder,VERIFIED_PRODUCT,HIGH,EXACT_MPN,ABOVE_DTB_MAP,All-Wall displayed MPN 10FFB exactly matches DTB SKU 10FFB after punctuation-only normalization. The All-Wall SKU field intentionally stores this MPN; retailer-internal SKU data is not extracted.,2026-09-17T01:42:21Z
Columbia Tools,"Columbia Flat Finisher Box - 12""",12FFB,12FFB,410.97,,410.97,"Columbia 12"" Flat Finishing Box",12FFB,https://www.all-wall.com/Columbia-FlatBox-12FFB,,,410.99,PreOrder,VERIFIED_PRODUCT,HIGH,EXACT_MPN,ABOVE_DTB_MAP,All-Wall displayed MPN 12FFB exactly matches DTB SKU 12FFB after punctuation-only normalization. The All-Wall SKU field intentionally stores this MPN; retailer-internal SKU data is not extracted.,2026-09-17T01:42:21Z
Columbia Tools,"Columbia Flat Finisher Box - 14""",14FFB,14FFB,421.79,,421.79,"Columbia 14"" Flat Finishing Box",14FFB,https://www.all-wall.com/Columbia-Flat-Box-14,,,421.99,PreOrder,VERIFIED_PRODUCT,HIGH,EXACT_MPN,ABOVE_DTB_MAP,All-Wall displayed MPN 14FFB exactly matches DTB SKU 14FFB after punctuation-only normalization. The All-Wall SKU field intentionally stores this MPN; retailer-internal SKU data is not extracted.,2026-09-17T01:42:21Z
Columbia Tools,Columbia Gooseneck - Standard,GN,GN,100.42,,,Columbia Taping Tools Gooseneck,GN,https://www.all-wall.com/Columbia-Taping-Tools-Gooseneck,,,108.99,PreOrder,VERIFIED_PRODUCT,HIGH,EXACT_MPN,DTB_MAP_UNKNOWN,All-Wall displayed MPN GN exactly matches DTB SKU GN after punctuation-only normalization. The All-Wall SKU field intentionally stores this MPN; retailer-internal SKU data is not extracted.,2026-09-17T01:42:21Z
Columbia Tools,Columbia Gooseneck - Tall Boy,TBGN,TBGN,146.00,,146.00,Columbia Tall Boy Gooseneck,TBGN,https://www.all-wall.com/Columbia-Tall-Boy-Gooseneck,,,146,PreOrder,VERIFIED_PRODUCT,HIGH,EXACT_MPN,MATCHES_DTB_MAP,All-Wall displayed MPN TBGN exactly matches DTB SKU TBGN after punctuation-only normalization. The All-Wall SKU field intentionally stores this MPN; retailer-internal SKU data is not extracted.,2026-09-17T01:42:21Z
Columbia Tools,Columbia Hot Mud Pump - Standard,HMP,HMP,410.97,,410.97,All-Wall.com - Columbia Hot Mud Pump,HMP,https://www.all-wall.com/Columbia-Hot-Mud-Pump,,,410.99,PreOrder,VERIFIED_PRODUCT,HIGH,EXACT_MPN,ABOVE_DTB_MAP,All-Wall displayed MPN HMP exactly matches DTB SKU HMP after punctuation-only normalization. The All-Wall SKU field intentionally stores this MPN; retailer-internal SKU data is not extracted.,2026-09-17T01:42:21Z
Columbia Tools,Columbia Hot Mud Pump - Tall Boy,TBMP,TBMP,540.03,,492.08,Columbia Tall Boy Loading Pump,TBMP,https://www.all-wall.com/Columbia-Tall-Boy-Loading-Pump,,,492.99,PreOrder,VERIFIED_PRODUCT,HIGH,EXACT_MPN,ABOVE_DTB_MAP,All-Wall displayed MPN TBMP exactly matches DTB SKU TBMP after punctuation-only normalization. The All-Wall SKU field intentionally stores this MPN; retailer-internal SKU data is not extracted.,2026-09-17T01:42:21Z
Columbia Tools,Columbia Hot Mud Pump - CDN,HMP-C,HMP-C,380.00,,,,,,,,,,NOT_FOUND,,,,No publicly extracted All-Wall displayed MPN exactly equals this DTB SKU after punctuation-only normalization.,2026-09-17T01:42:21Z
Columbia Tools,"Columbia Matrix Flat Box Handle - 29""-39""",MHS,MHS,375.00,,340.67,Columbia MATRIX Extendable Short Flat Box Handle,MHS,https://www.all-wall.com/Columbia-MATRIX-ShortHandle,,,340.99,PreOrder,VERIFIED_PRODUCT,HIGH,EXACT_MPN,ABOVE_DTB_MAP,All-Wall displayed MPN MHS exactly matches DTB SKU MHS after punctuation-only normalization. The All-Wall SKU field intentionally stores this MPN; retailer-internal SKU data is not extracted.,2026-09-17T01:42:21Z
Columbia Tools,"Columbia Matrix Flat Box Handle - 40""-60""",MH,MH,409.00,,351.49,Columbia MATRIX Extendable Flat Box Handle,MH,https://www.all-wall.com/Columbia-MATRIX-FlatBox-Handle,,,351.99,PreOrder,VERIFIED_PRODUCT,HIGH,EXACT_MPN,ABOVE_DTB_MAP,All-Wall displayed MPN MH exactly matches DTB SKU MH after punctuation-only normalization. The All-Wall SKU field intentionally stores this MPN; retailer-internal SKU data is not extracted.,2026-09-17T01:42:21Z
Columbia Tools,"Columbia Matrix Flat Box Handle - 56""-76""",MHL,MHL,495.00,,373.12,Columbia MATRIX XL Extendable Flat Box Handle,MHL,https://www.all-wall.com/Columbia-MATRIX-XLHandle,,,373.99,PreOrder,VERIFIED_PRODUCT,HIGH,EXACT_MPN,ABOVE_DTB_MAP,All-Wall displayed MPN MHL exactly matches DTB SKU MHL after punctuation-only normalization. The All-Wall SKU field intentionally stores this MPN; retailer-internal SKU data is not extracted.,2026-09-17T01:42:21Z
Columbia Tools,"Columbia Nail Spotter - 2""",2NS,2NS,324.00,,297.41,"Columbia Taping Tools 2"" Hinged Nail Spotter Head Only",2NS,https://www.all-wall.com/Columbia-2-Nail-Spotter-Head,,,297.99,PreOrder,VERIFIED_PRODUCT,HIGH,EXACT_MPN,ABOVE_DTB_MAP,All-Wall displayed MPN 2NS exactly matches DTB SKU 2NS after punctuation-only normalization. The All-Wall SKU field intentionally stores this MPN; retailer-internal SKU data is not extracted.,2026-09-17T01:42:21Z
Columbia Tools,"Columbia Nail Spotter - 3""",3NS,3NS,324.00,,308.23,"Columbia 3"" Nail Spotter Head Only",3NS,https://www.all-wall.com/Columbia-3-Nail-Spotter-Head-Only,,,308.99,PreOrder,VERIFIED_PRODUCT,HIGH,EXACT_MPN,ABOVE_DTB_MAP,All-Wall displayed MPN 3NS exactly matches DTB SKU 3NS after punctuation-only normalization. The All-Wall SKU field intentionally stores this MPN; retailer-internal SKU data is not extracted.,2026-09-17T01:42:21Z
Columbia Tools,Columbia One Handle - Extendable 3'-5',C1HEXT,C1HEXT,135.45,,135.19,Columbia ONE Extendable Handle 3' - 5',C1HEXT,https://www.all-wall.com/Columbia-ONE-Extendable-Handle_2,,,135.99,PreOrder,VERIFIED_PRODUCT,HIGH,EXACT_MPN,ABOVE_DTB_MAP,All-Wall displayed MPN C1HEXT exactly matches DTB SKU C1HEXT after punctuation-only normalization. The All-Wall SKU field intentionally stores this MPN; retailer-internal SKU data is not extracted.,2026-09-17T01:42:21Z
Columbia Tools,Columbia One Handle - Long Extendable 4'-8',CHXL,CHXL,174.49,,173.04,Columbia Reach Line Extendable Roller Handle,CHXL,https://www.all-wall.com/Columbia-Reachline-Roller-Handle,,,173.99,PreOrder,VERIFIED_PRODUCT,HIGH,EXACT_MPN,ABOVE_DTB_MAP,All-Wall displayed MPN CHXL exactly matches DTB SKU CHXL after punctuation-only normalization. The All-Wall SKU field intentionally stores this MPN; retailer-internal SKU data is not extracted.,2026-09-17T01:42:21Z
Columbia Tools,Columbia One Handle - Stubby,C1HS,C1HS,49.44,,49.44,Columbia One Handle Stubby C1HS,C1HS,https://www.all-wall.com/Columbia-One-Handle-Stubby-C1HS,,,49.44,PreOrder,VERIFIED_PRODUCT,HIGH,EXACT_MPN,MATCHES_DTB_MAP,All-Wall displayed MPN C1HS exactly matches DTB SKU C1HS after punctuation-only normalization. The All-Wall SKU field intentionally stores this MPN; retailer-internal SKU data is not extracted.,2026-09-17T01:42:21Z
Columbia Tools,Columbia One Handle - Fixed,C1H,C1H,64.89,,64.89,Columbia ONE Handle,C1H,https://www.all-wall.com/Columbia-ONE-Handle,,,64.99,InStock,VERIFIED_PRODUCT,HIGH,EXACT_MPN,ABOVE_DTB_MAP,All-Wall displayed MPN C1H exactly matches DTB SKU C1H after punctuation-only normalization. The All-Wall SKU field intentionally stores this MPN; retailer-internal SKU data is not extracted.,2026-09-17T01:42:21Z
Columbia Tools,Columbia Outside Corner Roller - Standard,COBCR,COBCR,86.52,,86.52,Columbia 90° Outside Bead Corner Roller,COBCR,https://www.all-wall.com/Columbia-90-Outside-Bead-Corner-Roller,,,87,PreOrder,VERIFIED_PRODUCT,HIGH,EXACT_MPN,ABOVE_DTB_MAP,All-Wall displayed MPN COBCR exactly matches DTB SKU COBCR after punctuation-only normalization. The All-Wall SKU field intentionally stores this MPN; retailer-internal SKU data is not extracted.,2026-09-17T01:42:21Z
Columbia Tools,Columbia Outside Corner Roller - Bullnose,CBNCR,CBNCR,86.52,,86.52,Columbia Outside Bullnose Corner Roller,CBNCR,https://www.all-wall.com/Columbia-Outside-Bullnose-Corner-Roller,,,87,PreOrder,VERIFIED_PRODUCT,HIGH,EXACT_MPN,ABOVE_DTB_MAP,All-Wall displayed MPN CBNCR exactly matches DTB SKU CBNCR after punctuation-only normalization. The All-Wall SKU field intentionally stores this MPN; retailer-internal SKU data is not extracted.,2026-09-17T01:42:21Z
Columbia Tools,Columbia Outside Corner Roller - European,COBCRE,COBCRE,79.06,,,,,,,,,,NOT_FOUND,,,,No publicly extracted All-Wall displayed MPN exactly equals this DTB SKU after punctuation-only normalization.,2026-09-17T01:42:21Z
Columbia Tools,Columbia Outside Corner Roller - Wide,COBCRW,COBCRW,86.52,,86.52,Columbia Tools Wide Outside Bead Roller,COBCRW,https://www.all-wall.com/Columbia-Outside-Bead-Roller-COBCRW,,,87,PreOrder,VERIFIED_PRODUCT,HIGH,EXACT_MPN,ABOVE_DTB_MAP,All-Wall displayed MPN COBCRW exactly matches DTB SKU COBCRW after punctuation-only normalization. The All-Wall SKU field intentionally stores this MPN; retailer-internal SKU data is not extracted.,2026-09-17T01:42:21Z
Columbia Tools,"Columbia Predator Matrix Handle - Short 29""-39""",PMHS,PMHS,384.00,,379.28,,,,,,,,NOT_FOUND,,,,No publicly extracted All-Wall displayed MPN exactly equals this DTB SKU after punctuation-only normalization.,2026-09-17T01:42:21Z
Columbia Tools,"Columbia Predator Matrix Handle - 40""-60""",PMH,PMH,418.00,,388.34,,,,,,,,NOT_FOUND,,,,No publicly extracted All-Wall displayed MPN exactly equals this DTB SKU after punctuation-only normalization.,2026-09-17T01:42:21Z
Columbia Tools,"Columbia Predator Matrix Handle - Long 56""-76""",PMHL,PMHL,503.00,,433.14,,,,,,,,NOT_FOUND,,,,No publicly extracted All-Wall displayed MPN exactly equals this DTB SKU after punctuation-only normalization.,2026-09-17T01:42:21Z
Columbia Tools,Columbia Predator One Handle - Extendable 3'-5',PC1HEXT,PC1HEXT,169.70,,160.27,,,,,,,,NOT_FOUND,,,,No publicly extracted All-Wall displayed MPN exactly equals this DTB SKU after punctuation-only normalization.,2026-09-17T01:42:21Z
Columbia Tools,Columbia Predator One Handle - 4' Fixed,PC1H,PC1H,95.79,,95.79,,,,,,,,NOT_FOUND,,,,No publicly extracted All-Wall displayed MPN exactly equals this DTB SKU after punctuation-only normalization.,2026-09-17T01:42:21Z
Columbia Tools,Columbia Predator One Handle - Long Extendable 4'-8',PCHXL,PCHXL,216.15,,216.15,,,,,,,,NOT_FOUND,,,,No publicly extracted All-Wall displayed MPN exactly equals this DTB SKU after punctuation-only normalization.,2026-09-17T01:42:21Z
Columbia Tools,"Columbia Standard Flusher - 2.5""",2.5SF,2.5SF,116.80,,116.80,"Columbia 2.5"" Standard Corner Flusher",2.5SF,https://www.all-wall.com/Columbia-StandardFlusher-25SF,,,116.99,PreOrder,VERIFIED_PRODUCT,HIGH,EXACT_MPN,ABOVE_DTB_MAP,All-Wall displayed MPN 2.5SF exactly matches DTB SKU 2.5SF after punctuation-only normalization. The All-Wall SKU field intentionally stores this MPN; retailer-internal SKU data is not extracted.,2026-09-17T01:42:21Z
Columbia Tools,"Columbia Standard Flusher - 3""",3SF,3SF,122.21,,122.21,"Columbia 3"" Standard Corner Flusher",3SF,https://www.all-wall.com/Columbia-StandardFlusher-3SF,,,122.99,PreOrder,VERIFIED_PRODUCT,HIGH,EXACT_MPN,ABOVE_DTB_MAP,All-Wall displayed MPN 3SF exactly matches DTB SKU 3SF after punctuation-only normalization. The All-Wall SKU field intentionally stores this MPN; retailer-internal SKU data is not extracted.,2026-09-17T01:42:21Z
Columbia Tools,"Columbia Standard Flusher - 3"" Widetrack",3WTSF,3WTSF,127.62,,127.62,"Columbia 3"" Widetrack Standard Corner Flusher",3WTSF,https://www.all-wall.com/Columbia-StandardFlusher-3WTSF,,,127.99,PreOrder,VERIFIED_PRODUCT,HIGH,EXACT_MPN,ABOVE_DTB_MAP,All-Wall displayed MPN 3WTSF exactly matches DTB SKU 3WTSF after punctuation-only normalization. The All-Wall SKU field intentionally stores this MPN; retailer-internal SKU data is not extracted.,2026-09-17T01:42:21Z
Columbia Tools,"Columbia Standard Flusher - 3.5""",3.5SF,3.5SF,133.02,,133.02,"Columbia 3.5"" Standard Corner Flusher",3.5SF,https://www.all-wall.com/Columbia-StandardFlusher-35SF,,,133.99,InStock,VERIFIED_PRODUCT,HIGH,EXACT_MPN,ABOVE_DTB_MAP,All-Wall displayed MPN 3.5SF exactly matches DTB SKU 3.5SF after punctuation-only normalization. The All-Wall SKU field intentionally stores this MPN; retailer-internal SKU data is not extracted.,2026-09-17T01:42:21Z
Columbia Tools,"Columbia Standard Flusher - 4""",4SF,4SF,140.60,,140.60,,,,,,,,NOT_FOUND,,,,No publicly extracted All-Wall displayed MPN exactly equals this DTB SKU after punctuation-only normalization.,2026-09-17T01:42:21Z
Columbia Tools,"Columbia Throttle Corner Flusher Box - 7""",7CFB,7CFB,313.64,,313.64,"Columbia 7"" ThrottleBox Angle Box 7CFB",7CFB,https://www.all-wall.com/Columbia-7-Angle-Box-Head-Only,,,313.99,PreOrder,VERIFIED_PRODUCT,HIGH,EXACT_MPN,ABOVE_DTB_MAP,All-Wall displayed MPN 7CFB exactly matches DTB SKU 7CFB after punctuation-only normalization. The All-Wall SKU field intentionally stores this MPN; retailer-internal SKU data is not extracted.,2026-09-17T01:42:21Z
Columbia Tools,"Columbia Throttle Corner Flusher Box - 8""",8CFB,8CFB,334.37,,324.45,"Columbia 8"" ThrottleBox Angle Box 8CFB",8CFB,https://www.all-wall.com/Columbia-8-Angle-Box-Head-Only,,,324.99,PreOrder,VERIFIED_PRODUCT,HIGH,EXACT_MPN,ABOVE_DTB_MAP,All-Wall displayed MPN 8CFB exactly matches DTB SKU 8CFB after punctuation-only normalization. The All-Wall SKU field intentionally stores this MPN; retailer-internal SKU data is not extracted.,2026-09-17T01:42:21Z
Columbia Tools,Columbia Semi-Automatic Tool Case,TCS,TCS,203.50,,201.88,,,,,,,,NOT_FOUND,,,,No publicly extracted All-Wall displayed MPN exactly equals this DTB SKU after punctuation-only normalization.,2026-09-17T01:42:21Z
Columbia Tools,Columbia Road Case,RC,RC,1020.16,,1020.16,Columbia Road Case,RC,https://www.all-wall.com/Columbia-RoadCase-14897,,,1020.99,PreOrder,VERIFIED_PRODUCT,HIGH,EXACT_MPN,ABOVE_DTB_MAP,All-Wall displayed MPN RC exactly matches DTB SKU RC after punctuation-only normalization. The All-Wall SKU field intentionally stores this MPN; retailer-internal SKU data is not extracted.,2026-09-17T01:42:21Z
Columbia Tools,Columbia UHMW Mud Applicator - L-Trim,FMH,FMH,98.00,,91.93,Columbia L-Trim Mud Applicator Head,FMH,https://www.all-wall.com/Columbia-L-Trim-Mud-Applicator-Head,,,91.99,PreOrder,VERIFIED_PRODUCT,HIGH,EXACT_MPN,ABOVE_DTB_MAP,All-Wall displayed MPN FMH exactly matches DTB SKU FMH after punctuation-only normalization. The All-Wall SKU field intentionally stores this MPN; retailer-internal SKU data is not extracted.,2026-09-17T01:42:21Z
Columbia Tools,Columbia UHMW Mud Applicator - Inside 90°,IA90,IA90,98.00,,91.93,Columbia Inside 90 Mud Applicator Head,IA90,https://www.all-wall.com/Columbia-Inside-90-Mud-Applicator-Head,,,91.99,PreOrder,VERIFIED_PRODUCT,HIGH,EXACT_MPN,ABOVE_DTB_MAP,All-Wall displayed MPN IA90 exactly matches DTB SKU IA90 after punctuation-only normalization. The All-Wall SKU field intentionally stores this MPN; retailer-internal SKU data is not extracted.,2026-09-17T01:42:21Z
Columbia Tools,Columbia UHMW Mud Applicator - Outside 90°,OA90,OA90,98.00,,91.93,Columbia Tools Drywall Corner Bead Outside Mud Applicator,OA90,https://www.all-wall.com/Columbia-Outside-Mud-Applicator-Head,,,91.99,InStock,VERIFIED_PRODUCT,HIGH,EXACT_MPN,ABOVE_DTB_MAP,All-Wall displayed MPN OA90 exactly matches DTB SKU OA90 after punctuation-only normalization. The All-Wall SKU field intentionally stores this MPN; retailer-internal SKU data is not extracted.,2026-09-17T01:42:21Z
Columbia Tools,Columbia UHMW Mud Applicator - Outside 90° 325,OA90-325,OA90-325,91.93,,91.93,,,,,,,,NOT_FOUND,,,,No publicly extracted All-Wall displayed MPN exactly equals this DTB SKU after punctuation-only normalization.,2026-09-17T01:42:21Z
Columbia Tools,Columbia Commando Set,SACS,SACS,1157.93,,1157.93,,,,,,,,NOT_FOUND,,,,No publicly extracted All-Wall displayed MPN exactly equals this DTB SKU after punctuation-only normalization.,2026-09-17T01:42:21Z
Columbia Tools,Columbia PowerFill 3.5 Pro Series Cordless Loading Pump,CPFP,CPFP,1473.00,,1249.00,,,,,,,,NOT_FOUND,,,,No publicly extracted All-Wall displayed MPN exactly equals this DTB SKU after punctuation-only normalization.,2026-09-17T01:42:21Z
Columbia Tools,Columbia Powerfill 5 Gallon Taper Gooseneck Fill Tube,CPFGN,CPFGN,275.00,,185.00,,,,,,,,NOT_FOUND,,,,No publicly extracted All-Wall displayed MPN exactly equals this DTB SKU after punctuation-only normalization.,2026-09-17T01:42:21Z
Columbia Tools,#10 Belleville Washer,FA280,FA280,1.00,,,FA280 Columbia #10 Belleville Washer #6037,FA280,https://www.all-wall.com/FA280-Columbia-10-Belleville-Washer-6037,,,1.05,PreOrder,VERIFIED_PRODUCT,HIGH,EXACT_MPN,DTB_MAP_UNKNOWN,All-Wall displayed MPN FA280 exactly matches DTB SKU FA280 after punctuation-only normalization. The All-Wall SKU field intentionally stores this MPN; retailer-internal SKU data is not extracted.,2026-09-17T01:42:21Z
Columbia Tools,#10 Flat Washer,FA268,FA268,2.25,,,,,,,,,,NOT_FOUND,,,,No publicly extracted All-Wall displayed MPN exactly equals this DTB SKU after punctuation-only normalization.,2026-09-17T01:42:21Z
Columbia Tools,"#10 x 3/4"" Fender Washer",FA270,FA270,2.50,,,FA270 Columbia #10 X 3/4in Fender Washer #6029,FA270,https://www.all-wall.com/FA270-Columbia-10-X-3-4in-Fender-Washer-6029,,,2.1,PreOrder,VERIFIED_PRODUCT,HIGH,EXACT_MPN,DTB_MAP_UNKNOWN,All-Wall displayed MPN FA270 exactly matches DTB SKU FA270 after punctuation-only normalization. The All-Wall SKU field intentionally stores this MPN; retailer-internal SKU data is not extracted.,2026-09-17T01:42:21Z
Columbia Tools,#6 Flat Washer,FA228,FA228,1.00,,,,,,,,,,NOT_FOUND,,,,No publicly extracted All-Wall displayed MPN exactly equals this DTB SKU after punctuation-only normalization.,2026-09-17T01:42:21Z
Columbia Tools,#6 Lock Washer,FA229,FA229,1.00,,,,,,,,,,NOT_FOUND,,,,No publicly extracted All-Wall displayed MPN exactly equals this DTB SKU after punctuation-only normalization.,2026-09-17T01:42:21Z
Columbia Tools,#6 Star Washer,FA230,FA230,1.00,,,,,,,,,,NOT_FOUND,,,,No publicly extracted All-Wall displayed MPN exactly equals this DTB SKU after punctuation-only normalization.,2026-09-17T01:42:21Z
Columbia Tools,#8 Flat Washer,FA253,FA253,1.85,,,FA253 Columbia #8 Flat Washer #6019,FA253,https://www.all-wall.com/FA253-Columbia-8-Flat-Washer-6019,,,1.05,PreOrder,VERIFIED_PRODUCT,HIGH,EXACT_MPN,DTB_MAP_UNKNOWN,All-Wall displayed MPN FA253 exactly matches DTB SKU FA253 after punctuation-only normalization. The All-Wall SKU field intentionally stores this MPN; retailer-internal SKU data is not extracted.,2026-09-17T01:42:21Z
Columbia Tools,#8 Star Washer,FA252,FA252,2.05,,,FA252 Columbia #8 Star Washer #10453,FA252,https://www.all-wall.com/FA252-Columbia-8-Star-Washer-10453,,,1.15,PreOrder,VERIFIED_PRODUCT,HIGH,EXACT_MPN,DTB_MAP_UNKNOWN,All-Wall displayed MPN FA252 exactly matches DTB SKU FA252 after punctuation-only normalization. The All-Wall SKU field intentionally stores this MPN; retailer-internal SKU data is not extracted.,2026-09-17T01:42:21Z
Columbia Tools,"1/16 X 1/2"" Cotter Pin",FA202,FA202,1.00,,,,,,,,,,NOT_FOUND,,,,No publicly extracted All-Wall displayed MPN exactly equals this DTB SKU after punctuation-only normalization.,2026-09-17T01:42:21Z
Columbia Tools,"1/16 x 1/4"" Split Pin",FA200,FA200,1.00,,,,,,,,,,NOT_FOUND,,,,No publicly extracted All-Wall displayed MPN exactly equals this DTB SKU after punctuation-only normalization.,2026-09-17T01:42:21Z
Columbia Tools,"1/16 x 3/4"" Cotter Pin",FA203,FA203,1.00,,,,,,,,,,NOT_FOUND,,,,No publicly extracted All-Wall displayed MPN exactly equals this DTB SKU after punctuation-only normalization.,2026-09-17T01:42:21Z
Columbia Tools,"1/2"" x 7/8"" Flat Washer",FA3,FA308,2.50,,,,,,,,,,NOT_FOUND,,,,No publicly extracted All-Wall displayed MPN exactly equals this DTB SKU after punctuation-only normalization.,2026-09-17T01:42:21Z
Columbia Tools,1/4 - 20 Hex Nut,CT109,CT109,6.00,,,CT114 Columbia Taper Cable Retaining Nut #5972,CT109,https://www.all-wall.com/CT114-Columbia-Taper-Cable-Retaining-Nut-5972,,,6.4,PreOrder,VERIFIED_PRODUCT,HIGH,EXACT_MPN,DTB_MAP_UNKNOWN,All-Wall displayed MPN CT109 exactly matches DTB SKU CT109 after punctuation-only normalization. The All-Wall SKU field intentionally stores this MPN; retailer-internal SKU data is not extracted.,2026-09-17T01:42:21Z
Columbia Tools,"1/4 -20 x 1/2"" Hex Bolt",FA296,FA296,3.35,,,FA296 Columbia 1/4-20 X 1/2in Hex Bolt #6046,FA296,https://www.all-wall.com/FA296-Columbia-1-4-20-X-1-2in-Hex-Bolt-6046,,,1,PreOrder,VERIFIED_PRODUCT,HIGH,EXACT_MPN,DTB_MAP_UNKNOWN,All-Wall displayed MPN FA296 exactly matches DTB SKU FA296 after punctuation-only normalization. The All-Wall SKU field intentionally stores this MPN; retailer-internal SKU data is not extracted.,2026-09-17T01:42:21Z
Columbia Tools,"1/4 x 1/2"" Flathead Socket",FA295,FA295,3.45,,,FA295 Columbia 1/4-20 X 1/2in Flat Socket #6045,FA295,https://www.all-wall.com/FA295-Columbia-1-4-20-X-1-2in-Flat-Socket-6045,,,1.05,PreOrder,VERIFIED_PRODUCT,HIGH,EXACT_MPN,DTB_MAP_UNKNOWN,All-Wall displayed MPN FA295 exactly matches DTB SKU FA295 after punctuation-only normalization. The All-Wall SKU field intentionally stores this MPN; retailer-internal SKU data is not extracted.,2026-09-17T01:42:21Z
Columbia Tools,"1/4"" SS E-Clip",FA379,FA379,3.25,,,,,,,,,,NOT_FOUND,,,,No publicly extracted All-Wall displayed MPN exactly equals this DTB SKU after punctuation-only normalization.,2026-09-17T01:42:21Z
Columbia Tools,"1/4"" x 1/2"" Flat Washer",FA286,FA286,1.00,,,,,,,,,,NOT_FOUND,,,,No publicly extracted All-Wall displayed MPN exactly equals this DTB SKU after punctuation-only normalization.,2026-09-17T01:42:21Z
Columbia Tools,"1/4"" X 3/4"" Split Pin",FA288,FA288,2.25,,,FA288 Columbia 1/4in X 1/2in Split Pin #6040,FA288,https://www.all-wall.com/FA288-Columbia-1-4in-X-1-2in-Split-Pin-6040,,,2.36,PreOrder,VERIFIED_PRODUCT,HIGH,EXACT_MPN,DTB_MAP_UNKNOWN,All-Wall displayed MPN FA288 exactly matches DTB SKU FA288 after punctuation-only normalization. The All-Wall SKU field intentionally stores this MPN; retailer-internal SKU data is not extracted.,2026-09-17T01:42:21Z
Columbia Tools,1/4-20 Hex Nut,FA291,FA291,2.00,,,,,,,,,,NOT_FOUND,,,,No publicly extracted All-Wall displayed MPN exactly equals this DTB SKU after punctuation-only normalization.,2026-09-17T01:42:21Z
Columbia Tools,"1/4-20 x 1 1/2"" Pan Phillips",FA299,FA299,4.00,,,,,,,,,,NOT_FOUND,,,,No publicly extracted All-Wall displayed MPN exactly equals this DTB SKU after punctuation-only normalization.,2026-09-17T01:42:21Z
Columbia Tools,1/4-20 X 1/4 Socket Head Set Screw,FA313,FA313,2.00,,,,,,,,,,NOT_FOUND,,,,No publicly extracted All-Wall displayed MPN exactly equals this DTB SKU after punctuation-only normalization.,2026-09-17T01:42:21Z
Columbia Tools,"1/4-20 x 2 1/4"" Hex Bolt",FA301,FA301,3.00,,,,,,,,,,NOT_FOUND,,,,No publicly extracted All-Wall displayed MPN exactly equals this DTB SKU after punctuation-only normalization.,2026-09-17T01:42:21Z
Columbia Tools,"1/4-20 x 2"" Hex Bolt",FA300,FA300,4.25,,,FA300 Columbia 1/4-20 X 2in Hex Bolt #6050,FA300,https://www.all-wall.com/FA300-Columbia-1-4-20-X-2in-Hex-Bolt-6050,,,3.83,PreOrder,VERIFIED_PRODUCT,HIGH,EXACT_MPN,DTB_MAP_UNKNOWN,All-Wall displayed MPN FA300 exactly matches DTB SKU FA300 after punctuation-only normalization. The All-Wall SKU field intentionally stores this MPN; retailer-internal SKU data is not extracted.,2026-09-17T01:42:21Z
Columbia Tools,"1/4-20 x 38"" Socket",FA294,FA294,3.25,,,FA294 Columbia 1/4-20 X 3/8 Socket Hd Screw #6044,FA294,https://www.all-wall.com/FA294-Columbia-1-4-20-X-3-8-Socket-Hd-Screw-6044,,,2.75,PreOrder,VERIFIED_PRODUCT,HIGH,EXACT_MPN,DTB_MAP_UNKNOWN,All-Wall displayed MPN FA294 exactly matches DTB SKU FA294 after punctuation-only normalization. The All-Wall SKU field intentionally stores this MPN; retailer-internal SKU data is not extracted.,2026-09-17T01:42:21Z
Columbia Tools,"1/4-20 x 5/8"" Socket",FA297,FA297,2.00,,,FA297 Columbia 1/4-20 X 5/8in Socket Hd Scre #6047,FA297,https://www.all-wall.com/FA297-Columbia-1-4-20-X-5-8in-Socket-Hd-Scre-6047,,,2.75,PreOrder,VERIFIED_PRODUCT,HIGH,EXACT_MPN,DTB_MAP_UNKNOWN,All-Wall displayed MPN FA297 exactly matches DTB SKU FA297 after punctuation-only normalization. The All-Wall SKU field intentionally stores this MPN; retailer-internal SKU data is not extracted.,2026-09-17T01:42:21Z
Columbia Tools,"1/4-20 x 7/8"" Flat Socket",FA298,FA298,2.85,,,FA298 Columbia 1/4-20 X 7/8in Flat Socket #6048,FA298,https://www.all-wall.com/FA298-Columbia-1-4-20-X-7-8in-Flat-Socket-6048,,,1.05,PreOrder,VERIFIED_PRODUCT,HIGH,EXACT_MPN,DTB_MAP_UNKNOWN,All-Wall displayed MPN FA298 exactly matches DTB SKU FA298 after punctuation-only normalization. The All-Wall SKU field intentionally stores this MPN; retailer-internal SKU data is not extracted.,2026-09-17T01:42:21Z
Columbia Tools,"1/4-28 x 1/4"" Set Screw",FA302,FA302,3.85,,,FA302 Columbia 1/4-28 X 1/4in Set Screw #6051,FA302,https://www.all-wall.com/FA302-Columbia-1-4-28-X-1-4in-Set-Screw-6051,,,2.15,PreOrder,VERIFIED_PRODUCT,HIGH,EXACT_MPN,DTB_MAP_UNKNOWN,All-Wall displayed MPN FA302 exactly matches DTB SKU FA302 after punctuation-only normalization. The All-Wall SKU field intentionally stores this MPN; retailer-internal SKU data is not extracted.,2026-09-17T01:42:21Z
Columbia Tools,"1/4-28-3/8"" Socket Set Screw",FA320,FA320,2.00,,,,,,,,,,NOT_FOUND,,,,No publicly extracted All-Wall displayed MPN exactly equals this DTB SKU after punctuation-only normalization.,2026-09-17T01:42:21Z
Columbia Tools,"Flat Box Hinged Door Gasket - 8""",HFFB14-8,HFFB14,16.50,,,HFFB14-8 Columbia Flat Box Std Hinged Flat Box Door Gasket 8in #12384,HFFB14-8,https://www.all-wall.com/HFFB14-8-Columbia-Flat-Box-Std-Hinged-Flat-Box-Door-Gasket-8in-12384,,,45.2,PreOrder,VERIFIED_PRODUCT,HIGH,EXACT_MPN,DTB_MAP_UNKNOWN,All-Wall displayed MPN HFFB14-8 exactly matches DTB SKU HFFB14-8 after punctuation-only normalization. The All-Wall SKU field intentionally stores this MPN; retailer-internal SKU data is not extracted.,2026-09-17T01:42:21Z
Columbia Tools,"Flat Box Hinged Door Gasket - 10""",HFFB14-10,HFFB14,42.00,,,HFFB14-10 Columbia Flat Box Std Hinged Flat Box Door Gasket 10in #12385,HFFB14-10,https://www.all-wall.com/HFFB14-10-Columbia-Flat-Box-Std-Hinged-Flat-Box-Door-Gasket-10in-12385,,,45.2,PreOrder,VERIFIED_PRODUCT,HIGH,EXACT_MPN,DTB_MAP_UNKNOWN,All-Wall displayed MPN HFFB14-10 exactly matches DTB SKU HFFB14-10 after punctuation-only normalization. The All-Wall SKU field intentionally stores this MPN; retailer-internal SKU data is not extracted.,2026-09-17T01:42:21Z
Columbia Tools,"Flat Box Hinged Door Gasket - 12""",HFFB14-12,HFFB14,42.00,,,HFFB14-12 Columbia Flat Box Std Hinged Flat Box Door Gasket 12in #12386,HFFB14-12,https://www.all-wall.com/HFFB14-12-Columbia-Flat-Box-Std-Hinged-Flat-Box-Door-Gasket-12in-12386,,,45.2,PreOrder,VERIFIED_PRODUCT,HIGH,EXACT_MPN,DTB_MAP_UNKNOWN,All-Wall displayed MPN HFFB14-12 exactly matches DTB SKU HFFB14-12 after punctuation-only normalization. The All-Wall SKU field intentionally stores this MPN; retailer-internal SKU data is not extracted.,2026-09-17T01:42:21Z
Columbia Tools,"Flat Box Hinged Door Gasket - 14""",HFFB14-14,HFFB14,42.00,,,,,,,,,,NOT_FOUND,,,,No publicly extracted All-Wall displayed MPN exactly equals this DTB SKU after punctuation-only normalization.,2026-09-17T01:42:21Z
Columbia Tools,"Rubber Gasket Retainer - 10""",FFB25-10,FFB25,24.95,,,FFB25-10 Columbia Flat Box Rubber Gasket Retainer 10in #6105,FFB25-10,https://www.all-wall.com/FFB25-10-Columbia-Flat-Box-Rubber-Gasket-Retainer-10in-6105,,,7.5,PreOrder,VERIFIED_PRODUCT,HIGH,EXACT_MPN,DTB_MAP_UNKNOWN,All-Wall displayed MPN FFB25-10 exactly matches DTB SKU FFB25-10 after punctuation-only normalization. The All-Wall SKU field intentionally stores this MPN; retailer-internal SKU data is not extracted.,2026-09-17T01:42:21Z
Columbia Tools,"Rubber Gasket Retainer - 12""",FFB25-12,FFB25,28.50,,,FFB25-12 Columbia Flat Box Rubber Gasket Retainer 12in #11202,FFB25-12,https://www.all-wall.com/FFB25-12-Columbia-Flat-Box-Rubber-Gasket-Retainer-12in-11202,,,7.5,PreOrder,VERIFIED_PRODUCT,HIGH,EXACT_MPN,DTB_MAP_UNKNOWN,All-Wall displayed MPN FFB25-12 exactly matches DTB SKU FFB25-12 after punctuation-only normalization. The All-Wall SKU field intentionally stores this MPN; retailer-internal SKU data is not extracted.,2026-09-17T01:42:21Z
Columbia Tools,"Top Blade - 2""",AH3-2,AH3,38.95,,,AH3-2 Columbia Angle Head Carbide Blade 2in #5801,AH3-2,https://www.all-wall.com/AH3-2-Columbia-Angle-Head-Carbide-Blade-2in-5801,,,36.34,PreOrder,VERIFIED_PRODUCT,HIGH,EXACT_MPN,DTB_MAP_UNKNOWN,All-Wall displayed MPN AH3-2 exactly matches DTB SKU AH3-2 after punctuation-only normalization. The All-Wall SKU field intentionally stores this MPN; retailer-internal SKU data is not extracted.,2026-09-17T01:42:21Z
Columbia Tools,"Top Blade - 2.5""",AH3-2.5,AH3,27.53,,,AH3-2.5 Columbia Angle Head Carbide Blade 2.5in #5802,AH3-2.5,https://www.all-wall.com/Columbia-AngleHead-Blade-25,,,36.34,PreOrder,VERIFIED_PRODUCT,HIGH,EXACT_MPN,DTB_MAP_UNKNOWN,All-Wall displayed MPN AH3-2.5 exactly matches DTB SKU AH3-2.5 after punctuation-only normalization. The All-Wall SKU field intentionally stores this MPN; retailer-internal SKU data is not extracted.,2026-09-17T01:42:21Z
Columbia Tools,"Top Blade - 3""",AH3-3,AH3,44.95,,,AH3-3 Columbia Angle Head Carbide Blade 3in #5803,AH3-3,https://www.all-wall.com/AH3-3-Columbia-Angle-Head-Carbide-Blade-3in-5803,,,36.34,PreOrder,VERIFIED_PRODUCT,HIGH,EXACT_MPN,DTB_MAP_UNKNOWN,All-Wall displayed MPN AH3-3 exactly matches DTB SKU AH3-3 after punctuation-only normalization. The All-Wall SKU field intentionally stores this MPN; retailer-internal SKU data is not extracted.,2026-09-17T01:42:21Z
Columbia Tools,"Top Blade - 3.5""",AH3-3.5,AH3,27.53,,,AH3-3.5 Columbia Angle Head Carbide Blade 3.5in #5804,AH3-3.5,https://www.all-wall.com/AH3-3-5-Columbia-Angle-Head-Carbide-Blade-3-5in-5804,,,36.34,PreOrder,VERIFIED_PRODUCT,HIGH,EXACT_MPN,DTB_MAP_UNKNOWN,All-Wall displayed MPN AH3-3.5 exactly matches DTB SKU AH3-3.5 after punctuation-only normalization. The All-Wall SKU field intentionally stores this MPN; retailer-internal SKU data is not extracted.,2026-09-17T01:42:21Z
Columbia Tools,"1/8"" SS E-Clip",FA380,FA380,2.95,,,,,,,,,,NOT_FOUND,,,,No publicly extracted All-Wall displayed MPN exactly equals this DTB SKU after punctuation-only normalization.,2026-09-17T01:42:21Z
Columbia Tools,"1/8"" x 3/8"" Rivet Shoulder Washer",FA225,FA225,2.05,,,FA225 Columbia 1/8in X 3/8in Special Washer #6010,FA225,https://www.all-wall.com/FA225-Columbia-1-8in-X-3-8in-Special-Washer-6010,,,2.1,PreOrder,VERIFIED_PRODUCT,HIGH,EXACT_MPN,DTB_MAP_UNKNOWN,All-Wall displayed MPN FA225 exactly matches DTB SKU FA225 after punctuation-only normalization. The All-Wall SKU field intentionally stores this MPN; retailer-internal SKU data is not extracted.,2026-09-17T01:42:21Z
Columbia Tools,"1/8"" x 3/8"" Split Pin",FA224,FA224,1.95,,,FA224 Columbia 1/8in X 3/8in Split Pin #6009,FA224,https://www.all-wall.com/FA224-Columbia-1-8in-X-3-8in-Split-Pin-6009,,,1.15,PreOrder,VERIFIED_PRODUCT,HIGH,EXACT_MPN,DTB_MAP_UNKNOWN,All-Wall displayed MPN FA224 exactly matches DTB SKU FA224 after punctuation-only normalization. The All-Wall SKU field intentionally stores this MPN; retailer-internal SKU data is not extracted.,2026-09-17T01:42:21Z
Columbia Tools,10-24 Nyloc Nut,FA271,FA271,2.00,,,,,,,,,,NOT_FOUND,,,,No publicly extracted All-Wall displayed MPN exactly equals this DTB SKU after punctuation-only normalization.,2026-09-17T01:42:21Z
Columbia Tools,10-24 Wing Nut,FA272,FA272,2.00,,,,,,,,,,NOT_FOUND,,,,No publicly extracted All-Wall displayed MPN exactly equals this DTB SKU after punctuation-only normalization.,2026-09-17T01:42:21Z
Columbia Tools,"10-24 x 1"" Hex Bolt",FA273,FA273,3.25,,,,,,,,,,NOT_FOUND,,,,No publicly extracted All-Wall displayed MPN exactly equals this DTB SKU after punctuation-only normalization.,2026-09-17T01:42:21Z
Columbia Tools,"10-24 X 1/4"" Socket Hand Set",FA312,FA312,2.85,,,FA312 Columbia 10-24 X 1/4in Set Screw #6796,FA312,https://www.all-wall.com/FA312-Columbia-10-24-X-1-4in-Set-Screw-6796,,,2.15,PreOrder,VERIFIED_PRODUCT,HIGH,EXACT_MPN,DTB_MAP_UNKNOWN,All-Wall displayed MPN FA312 exactly matches DTB SKU FA312 after punctuation-only normalization. The All-Wall SKU field intentionally stores this MPN; retailer-internal SKU data is not extracted.,2026-09-17T01:42:21Z
Columbia Tools,"10-24 x 3/8"" Socket",FA274,FA274,2.65,,,FA274 Columbia 10-24 X 3/8in Socket Hd Screw #6031,FA274,https://www.all-wall.com/FA274-Columbia-10-24-X-3-8in-Socket-Hd-Screw-6031,,,2.75,PreOrder,VERIFIED_PRODUCT,HIGH,EXACT_MPN,DTB_MAP_UNKNOWN,All-Wall displayed MPN FA274 exactly matches DTB SKU FA274 after punctuation-only normalization. The All-Wall SKU field intentionally stores this MPN; retailer-internal SKU data is not extracted.,2026-09-17T01:42:21Z
Columbia Tools,"10-24 x 7/8"" Hex Bolt",FA275,FA275,3.15,,,FA275 Columbia 10-24 X 3/4in Hex Bolt #6032,FA275,https://www.all-wall.com/FA275-Columbia-10-24-X-3-4in-Hex-Bolt-6032,,,2.15,PreOrder,VERIFIED_PRODUCT,HIGH,EXACT_MPN,DTB_MAP_UNKNOWN,All-Wall displayed MPN FA275 exactly matches DTB SKU FA275 after punctuation-only normalization. The All-Wall SKU field intentionally stores this MPN; retailer-internal SKU data is not extracted.,2026-09-17T01:42:21Z
Columbia Tools,"10-24 x 7/8"" Pan Slot",FA276,FA276,3.35,,,FA276 Columbia 10-24 X 7/8 Pan Head Screw #6033,FA276,https://www.all-wall.com/FA276-Columbia-10-24-X-7-8-Pan-Head-Screw-6033,,,1.05,PreOrder,VERIFIED_PRODUCT,HIGH,EXACT_MPN,DTB_MAP_UNKNOWN,All-Wall displayed MPN FA276 exactly matches DTB SKU FA276 after punctuation-only normalization. The All-Wall SKU field intentionally stores this MPN; retailer-internal SKU data is not extracted.,2026-09-17T01:42:21Z
Columbia Tools,"10-32 X 1/2"" Flat Socket Head",FA316,FA316,2.00,,,,,,,,,,NOT_FOUND,,,,No publicly extracted All-Wall displayed MPN exactly equals this DTB SKU after punctuation-only normalization.,2026-09-17T01:42:21Z
Columbia Tools,"10-32 x 1/4"" SS Set Screw",FA382,FA382,1.00,,,,,,,,,,NOT_FOUND,,,,No publicly extracted All-Wall displayed MPN exactly equals this DTB SKU after punctuation-only normalization.,2026-09-17T01:42:21Z
Columbia Tools,"2-56 x 3/16"" Binder Slot",FA199,FA199,1.00,,,,,,,,,,NOT_FOUND,,,,No publicly extracted All-Wall displayed MPN exactly equals this DTB SKU after punctuation-only normalization.,2026-09-17T01:42:21Z
Columbia Tools,"3/16 x 1"" Sping Pin SS",FA365,FA365,3.00,,,,,,,,,,NOT_FOUND,,,,No publicly extracted All-Wall displayed MPN exactly equals this DTB SKU after punctuation-only normalization.,2026-09-17T01:42:21Z
Columbia Tools,4-40 Hex Nut,FA206,FA206,2.00,,,,,,,,,,NOT_FOUND,,,,No publicly extracted All-Wall displayed MPN exactly equals this DTB SKU after punctuation-only normalization.,2026-09-17T01:42:21Z
Columbia Tools,4-40 Nyloc Nut,FA207,FA207,2.50,,,,,,,,,,NOT_FOUND,,,,No publicly extracted All-Wall displayed MPN exactly equals this DTB SKU after punctuation-only normalization.,2026-09-17T01:42:21Z
Columbia Tools,"4-40 x 1/2"" Fillister Slot",FA219,FA219,1.00,,,FA219 Columbia 4-40 X 1/2in Fill. Head Screw #6005,FA219,https://www.all-wall.com/FA219-Columbia-4-40-X-1-2in-Fill-Head-Screw-6005,,,1.05,PreOrder,VERIFIED_PRODUCT,HIGH,EXACT_MPN,DTB_MAP_UNKNOWN,All-Wall displayed MPN FA219 exactly matches DTB SKU FA219 after punctuation-only normalization. The All-Wall SKU field intentionally stores this MPN; retailer-internal SKU data is not extracted.,2026-09-17T01:42:21Z
Columbia Tools,"4-40 x 1/4"" Binder Slot",FA213,FA213,1.00,,,,,,,,,,NOT_FOUND,,,,No publicly extracted All-Wall displayed MPN exactly equals this DTB SKU after punctuation-only normalization.,2026-09-17T01:42:21Z
Columbia Tools,"4-40 x 1/4"" Flat Slot",FA214,FA214,1.00,,,,,,,,,,NOT_FOUND,,,,No publicly extracted All-Wall displayed MPN exactly equals this DTB SKU after punctuation-only normalization.,2026-09-17T01:42:21Z
Columbia Tools,"4-40 x 1/8"" Binder Slot",FA2,FA208,1.65,,,,,,,,,,NOT_FOUND,,,,No publicly extracted All-Wall displayed MPN exactly equals this DTB SKU after punctuation-only normalization.,2026-09-17T01:42:21Z
Columbia Tools,"4-40 x 3/16"" Binder Slot",FA210,FA210,1.00,,,,,,,,,,NOT_FOUND,,,,No publicly extracted All-Wall displayed MPN exactly equals this DTB SKU after punctuation-only normalization.,2026-09-17T01:42:21Z
Columbia Tools,"4-40 x 3/16"" Truss Slot",FA212,FA212,1.00,,,,,,,,,,NOT_FOUND,,,,No publicly extracted All-Wall displayed MPN exactly equals this DTB SKU after punctuation-only normalization.,2026-09-17T01:42:21Z
Columbia Tools,"4-40 x 3/4"" Hex Bolt",FA220,FA220,2.35,,,FA220 Columbia 4-40 X 3/4in Bind Head Screw #6006,FA220,https://www.all-wall.com/FA220-Columbia-4-40-X-3-4in-Bind-Head-Screw-6006,,,1.1,PreOrder,VERIFIED_PRODUCT,HIGH,EXACT_MPN,DTB_MAP_UNKNOWN,All-Wall displayed MPN FA220 exactly matches DTB SKU FA220 after punctuation-only normalization. The All-Wall SKU field intentionally stores this MPN; retailer-internal SKU data is not extracted.,2026-09-17T01:42:21Z
Columbia Tools,"4-40 x 3/8"" Flat Slot",FA218,FA218,1.00,,,,,,,,,,NOT_FOUND,,,,No publicly extracted All-Wall displayed MPN exactly equals this DTB SKU after punctuation-only normalization.,2026-09-17T01:42:21Z
Columbia Tools,4-40 X 3/8” Fillister Slot,FA216,FA216,2.00,,,,,,,,,,NOT_FOUND,,,,No publicly extracted All-Wall displayed MPN exactly equals this DTB SKU after punctuation-only normalization.,2026-09-17T01:42:21Z
Columbia Tools,"4-40 x 5/16"" Binder Slot",FA215,FA215,1.95,,,,,,,,,,NOT_FOUND,,,,No publicly extracted All-Wall displayed MPN exactly equals this DTB SKU after punctuation-only normalization.,2026-09-17T01:42:21Z
Columbia Tools,5-16 Flat Washer,FA303,FA303,3.00,,,,,,,,,,NOT_FOUND,,,,No publicly extracted All-Wall displayed MPN exactly equals this DTB SKU after punctuation-only normalization.,2026-09-17T01:42:21Z
Columbia Tools,5-16 x 24 Jam Nut,FA307,FA307,3.00,,,,,,,,,,NOT_FOUND,,,,No publicly extracted All-Wall displayed MPN exactly equals this DTB SKU after punctuation-only normalization.,2026-09-17T01:42:21Z
Columbia Tools,"5/16 -18 x 3/4"" Hex Bolt",FA305,FA305,4.15,,,FA305 Columbia 5/16-18 X 3/4in Hex Bolt #6053,FA305,https://www.all-wall.com/FA305-Columbia-5-16-18-X-3-4in-Hex-Bolt-6053,,,3.65,PreOrder,VERIFIED_PRODUCT,HIGH,EXACT_MPN,DTB_MAP_UNKNOWN,All-Wall displayed MPN FA305 exactly matches DTB SKU FA305 after punctuation-only normalization. The All-Wall SKU field intentionally stores this MPN; retailer-internal SKU data is not extracted.,2026-09-17T01:42:21Z
Columbia Tools,"5/16-18 x 1 1/4"" Hex Bolt",FA306,FA306,3.45,,,FA306 Columbia 5/16-18 X 1-1/4in Hex Bolt #6054,FA306,https://www.all-wall.com/FA306-Columbia-5-16-18-X-1-1-4in-Hex-Bolt-6054,,,3.48,PreOrder,VERIFIED_PRODUCT,HIGH,EXACT_MPN,DTB_MAP_UNKNOWN,All-Wall displayed MPN FA306 exactly matches DTB SKU FA306 after punctuation-only normalization. The All-Wall SKU field intentionally stores this MPN; retailer-internal SKU data is not extracted.,2026-09-17T01:42:21Z
Columbia Tools,"5/16-18 x 3/4"" Thumb Screw",CFB10,CFB10,6.00,,,CFB10 Columbia Angle Box 5/16-18 X 3/4in Thumb Screw #5550,CFB10,https://www.all-wall.com/CFB10-Columbia-Angle-Box-5-16-18-X-3-4in-Thumb-Screw-5550,,,7.3,PreOrder,VERIFIED_PRODUCT,HIGH,EXACT_MPN,DTB_MAP_UNKNOWN,All-Wall displayed MPN CFB10 exactly matches DTB SKU CFB10 after punctuation-only normalization. The All-Wall SKU field intentionally stores this MPN; retailer-internal SKU data is not extracted.,2026-09-17T01:42:21Z
Columbia Tools,"5/32"" x 7/8"" Roll Pin",FA317,FA317,2.00,,,,,,,,,,NOT_FOUND,,,,No publicly extracted All-Wall displayed MPN exactly equals this DTB SKU after punctuation-only normalization.,2026-09-17T01:42:21Z
Columbia Tools,6-32 Hex Nut,FA232,FA232,1.75,,,FA232 Columbia 6-32 Hex Nut #6012,FA232,https://www.all-wall.com/FA232-Columbia-6-32-Hex-Nut-6012,,,2.1,PreOrder,VERIFIED_PRODUCT,HIGH,EXACT_MPN,DTB_MAP_UNKNOWN,All-Wall displayed MPN FA232 exactly matches DTB SKU FA232 after punctuation-only normalization. The All-Wall SKU field intentionally stores this MPN; retailer-internal SKU data is not extracted.,2026-09-17T01:42:21Z
Columbia Tools,6-32 Nyloc Jam Nut,FA234,FA234,2.65,,,FA234 Columbia 6-32 Nyloc Jam Nut #6014,FA234,https://www.all-wall.com/FA234-Columbia-6-32-Nyloc-Jam-Nut-6014,,,1.85,PreOrder,VERIFIED_PRODUCT,HIGH,EXACT_MPN,DTB_MAP_UNKNOWN,All-Wall displayed MPN FA234 exactly matches DTB SKU FA234 after punctuation-only normalization. The All-Wall SKU field intentionally stores this MPN; retailer-internal SKU data is not extracted.,2026-09-17T01:42:21Z
Columbia Tools,6-32 Nyloc Nut,FA233,FA233,2.00,,,,,,,,,,NOT_FOUND,,,,No publicly extracted All-Wall displayed MPN exactly equals this DTB SKU after punctuation-only normalization.,2026-09-17T01:42:21Z
Columbia Tools,"6-32 x 1/2"" Fillister Slot",FA245,FA245,2.15,,,,,,,,,,NOT_FOUND,,,,No publicly extracted All-Wall displayed MPN exactly equals this DTB SKU after punctuation-only normalization.,2026-09-17T01:42:21Z
Columbia Tools,"6-32 x 1/2"" Pan Slot",FA244,FA244,1.00,,,,,,,,,,NOT_FOUND,,,,No publicly extracted All-Wall displayed MPN exactly equals this DTB SKU after punctuation-only normalization.,2026-09-17T01:42:21Z
Columbia Tools,"Adjuster Spring - 8""",FFB11-8,FFB11-8,8.00,,,"FFB11-8 Columbia Flat Box Adjuster Spring 8""",FFB11-8,https://www.all-wall.com/FFB11-8-Columbia-Flat-Box-Adjuster-Spring,,,10.05,PreOrder,VERIFIED_PRODUCT,HIGH,EXACT_MPN,DTB_MAP_UNKNOWN,All-Wall displayed MPN FFB11-8 exactly matches DTB SKU FFB11-8 after punctuation-only normalization. The All-Wall SKU field intentionally stores this MPN; retailer-internal SKU data is not extracted.,2026-09-17T01:42:21Z
Columbia Tools,"Adjuster Spring - 10""",FFB11-10,FFB11-10,8.00,,,"FFB11-10 Columbia Flat Box Adjuster Spring 10""",FFB11-10,https://www.all-wall.com/FFB11-Columbia-Flat-Box-Adjuster-Spring-7-8-10-6086,,,10.05,InStock,VERIFIED_PRODUCT,HIGH,EXACT_MPN,DTB_MAP_UNKNOWN,All-Wall displayed MPN FFB11-10 exactly matches DTB SKU FFB11-10 after punctuation-only normalization. The All-Wall SKU field intentionally stores this MPN; retailer-internal SKU data is not extracted.,2026-09-17T01:42:21Z
Columbia Tools,"Adjuster Spring - 12""",FFB11-12,FFB11-12,8.00,,,"FFB11-12 Columbia Flat Box Adjuster Spring 12""",FFB11-12,https://www.all-wall.com/FFB11-12-Columbia-Flat-Box-Adjuster-Spring-12-6087,,,10.46,PreOrder,VERIFIED_PRODUCT,HIGH,EXACT_MPN,DTB_MAP_UNKNOWN,All-Wall displayed MPN FFB11-12 exactly matches DTB SKU FFB11-12 after punctuation-only normalization. The All-Wall SKU field intentionally stores this MPN; retailer-internal SKU data is not extracted.,2026-09-17T01:42:21Z
Columbia Tools,"6-32 X 1/4"" Binder Slot",FA239,FA239,1.00,,,,,,,,,,NOT_FOUND,,,,No publicly extracted All-Wall displayed MPN exactly equals this DTB SKU after punctuation-only normalization.,2026-09-17T01:42:21Z
Columbia Tools,"6-32 X 1/4"" Flat Slot",FA227,FA227,2.00,,,,,,,,,,NOT_FOUND,,,,No publicly extracted All-Wall displayed MPN exactly equals this DTB SKU after punctuation-only normalization.,2026-09-17T01:42:21Z
Columbia Tools,"6-32 X 1/8"" Binder Slot",FA236,FA236,1.00,,,,,,,,,,NOT_FOUND,,,,No publicly extracted All-Wall displayed MPN exactly equals this DTB SKU after punctuation-only normalization.,2026-09-17T01:42:21Z
Columbia Tools,"6-32 X 1/8"" Set Screw",FA235,FA235,2.00,,,,,,,,,,NOT_FOUND,,,,No publicly extracted All-Wall displayed MPN exactly equals this DTB SKU after punctuation-only normalization.,2026-09-17T01:42:21Z
Columbia Tools,"6-32 x 3/16"" Binder Slot",FA237,FA237,1.00,,,,,,,,,,NOT_FOUND,,,,No publicly extracted All-Wall displayed MPN exactly equals this DTB SKU after punctuation-only normalization.,2026-09-17T01:42:21Z
Columbia Tools,"6-32 X 3/16"" Fillister Slot",FA238,FA238,2.00,,,,,,,,,,NOT_FOUND,,,,No publicly extracted All-Wall displayed MPN exactly equals this DTB SKU after punctuation-only normalization.,2026-09-17T01:42:21Z
Columbia Tools,"6-32 X 3/8"" Binder Slot",FA241,FA241,1.00,,,,,,,,,,NOT_FOUND,,,,No publicly extracted All-Wall displayed MPN exactly equals this DTB SKU after punctuation-only normalization.,2026-09-17T01:42:21Z
Columbia Tools,"6-32 x 3/8"" Flat Slot",FA243,FA243,1.00,,,,,,,,,,NOT_FOUND,,,,No publicly extracted All-Wall displayed MPN exactly equals this DTB SKU after punctuation-only normalization.,2026-09-17T01:42:21Z
Columbia Tools,"6-32 x 3/8"" Hex Bolt",FA231,FA231,2.25,,,"Columbia #6 X 3/8"" Hex Bolt FA231",FA231,https://www.all-wall.com/FA231-Columbia-6-X-3-8in-Self-Tapping-Screw-6011,,,1.55,PreOrder,VERIFIED_PRODUCT,HIGH,EXACT_MPN,DTB_MAP_UNKNOWN,All-Wall displayed MPN FA231 exactly matches DTB SKU FA231 after punctuation-only normalization. The All-Wall SKU field intentionally stores this MPN; retailer-internal SKU data is not extracted.,2026-09-17T01:42:21Z
Columbia Tools,"6-32 X 5/8"" Hex Bolt",FA247,FA247,2.45,,,FA247 Columbia 6-32 X 5/8in Hex Bolt #6018,FA247,https://www.all-wall.com/FA247-Columbia-6-32-X-5-8in-Hex-Bolt-6018,,,1.95,PreOrder,VERIFIED_PRODUCT,HIGH,EXACT_MPN,DTB_MAP_UNKNOWN,All-Wall displayed MPN FA247 exactly matches DTB SKU FA247 after punctuation-only normalization. The All-Wall SKU field intentionally stores this MPN; retailer-internal SKU data is not extracted.,2026-09-17T01:42:21Z
Columbia Tools,8-32 Nyloc Nut,FA254,FA254,2.00,,,,,,,,,,NOT_FOUND,,,,No publicly extracted All-Wall displayed MPN exactly equals this DTB SKU after punctuation-only normalization.,2026-09-17T01:42:21Z
Columbia Tools,"8-32 x 1 1/2"" Pan Slot",FA267,FA267,2.85,,,FA267 Columbia 8-32 X 1.5in Pan Head Screw #6027,FA267,https://www.all-wall.com/FA267-Columbia-8-32-X-1-5in-Pan-Head-Screw-6027,,,1.05,PreOrder,VERIFIED_PRODUCT,HIGH,EXACT_MPN,DTB_MAP_UNKNOWN,All-Wall displayed MPN FA267 exactly matches DTB SKU FA267 after punctuation-only normalization. The All-Wall SKU field intentionally stores this MPN; retailer-internal SKU data is not extracted.,2026-09-17T01:42:21Z
Columbia Tools,"8-32 x 1/2"" Socket",FA262,FA262,2.95,,,,,,,,,,NOT_FOUND,,,,No publicly extracted All-Wall displayed MPN exactly equals this DTB SKU after punctuation-only normalization.,2026-09-17T01:42:21Z
Columbia Tools,"8-32 x 1/4"" Fillister Slot",FA257,FA257,1.00,,,,,,,,,,NOT_FOUND,,,,No publicly extracted All-Wall displayed MPN exactly equals this DTB SKU after punctuation-only normalization.,2026-09-17T01:42:21Z
Columbia Tools,"8-32 X 3/16"" Pan Slot",FA256,FA256,2.15,,,,,,,,,,NOT_FOUND,,,,No publicly extracted All-Wall displayed MPN exactly equals this DTB SKU after punctuation-only normalization.,2026-09-17T01:42:21Z
Columbia Tools,"8-32 x 3/4"" Truss Slot",FA265,FA265,1.00,,,,,,,,,,NOT_FOUND,,,,No publicly extracted All-Wall displayed MPN exactly equals this DTB SKU after punctuation-only normalization.,2026-09-17T01:42:21Z
Columbia Tools,"8-32 x 3/8"" Pan Slot",FA260,FA260,1.00,,,,,,,,,,NOT_FOUND,,,,No publicly extracted All-Wall displayed MPN exactly equals this DTB SKU after punctuation-only normalization.,2026-09-17T01:42:21Z
Columbia Tools,"8-32 X 3/8"" Socket Screw",FA261,FA261,2.75,,,,,,,,,,NOT_FOUND,,,,No publicly extracted All-Wall displayed MPN exactly equals this DTB SKU after punctuation-only normalization.,2026-09-17T01:42:21Z
Columbia Tools,8-32 x 5/16 SS Socket Head,FA376,FA376,2.00,,,,,,,,,,NOT_FOUND,,,,No publicly extracted All-Wall displayed MPN exactly equals this DTB SKU after punctuation-only normalization.,2026-09-17T01:42:21Z
Columbia Tools,"8-32 x 5/8"" Truss Slot",FA264,FA264,1.00,,,,,,,,,,NOT_FOUND,,,,No publicly extracted All-Wall displayed MPN exactly equals this DTB SKU after punctuation-only normalization.,2026-09-17T01:42:21Z
Columbia Tools,8-32X 1/4 Half Dog Set,FA258,FA258,2.00,,,,,,,,,,NOT_FOUND,,,,No publicly extracted All-Wall displayed MPN exactly equals this DTB SKU after punctuation-only normalization.,2026-09-17T01:42:21Z
Columbia Tools,"8-32X3/16"" Set Screw",FA249,FA249,2.00,,,,,,,,,,NOT_FOUND,,,,No publicly extracted All-Wall displayed MPN exactly equals this DTB SKU after punctuation-only normalization.,2026-09-17T01:42:21Z
Columbia Tools,"Axle - 7""",FFB5-7,FFB5-7,44.00,,,,,,,,,,NOT_FOUND,,,,No publicly extracted All-Wall displayed MPN exactly equals this DTB SKU after punctuation-only normalization.,2026-09-17T01:42:21Z
Columbia Tools,"Axle - 8""",FFB5-8,FFB5-8,44.00,,,,,,,,,,NOT_FOUND,,,,No publicly extracted All-Wall displayed MPN exactly equals this DTB SKU after punctuation-only normalization.,2026-09-17T01:42:21Z
Columbia Tools,"Axle - 10""",FFB5-10,FFB5-10,44.00,,,,,,,,,,NOT_FOUND,,,,No publicly extracted All-Wall displayed MPN exactly equals this DTB SKU after punctuation-only normalization.,2026-09-17T01:42:21Z
Columbia Tools,"Axle - 12""",FFB5-12,FFB5-12,44.00,,,,,,,,,,NOT_FOUND,,,,No publicly extracted All-Wall displayed MPN exactly equals this DTB SKU after punctuation-only normalization.,2026-09-17T01:42:21Z
Columbia Tools,"Axle - 14""",FFB5-14,FFB5-14,44.00,,,,,,,,,,NOT_FOUND,,,,No publicly extracted All-Wall displayed MPN exactly equals this DTB SKU after punctuation-only normalization.,2026-09-17T01:42:21Z
Columbia Tools,"Blade - 5.5""",FFB9-5.5,FFB9-5.5,18.75,,,FFB9-5.5 Columbia Flat Box Blade 5.5in #13783,FFB9-5.5,https://www.all-wall.com/FFB9-55-Columbia-Flat-Box-Blade-5-5in-13783,,,4.7,PreOrder,VERIFIED_PRODUCT,HIGH,EXACT_MPN,DTB_MAP_UNKNOWN,All-Wall displayed MPN FFB9-5.5 exactly matches DTB SKU FFB9-5.5 after punctuation-only normalization. The All-Wall SKU field intentionally stores this MPN; retailer-internal SKU data is not extracted.,2026-09-17T01:42:21Z
Columbia Tools,"Blade - 7""",FFB9-7,FFB9-7,22.50,,,FFB9-7 Columbia Flat Box Blade 7in #6082,FFB9-7,https://www.all-wall.com/FFB9-7-Columbia-Flat-Box-Blade-7in-6082,,,4.58,PreOrder,VERIFIED_PRODUCT,HIGH,EXACT_MPN,DTB_MAP_UNKNOWN,All-Wall displayed MPN FFB9-7 exactly matches DTB SKU FFB9-7 after punctuation-only normalization. The All-Wall SKU field intentionally stores this MPN; retailer-internal SKU data is not extracted.,2026-09-17T01:42:21Z
Columbia Tools,"Blade - 8""",FFB9-8,FFB9-8,24.95,,,FFB9-8 Columbia Flat Box Blade 8in #6083,FFB9-8,https://www.all-wall.com/FFB9-8-Columbia-Flat-Box-Blade-8in-6083,,,4.7,PreOrder,VERIFIED_PRODUCT,HIGH,EXACT_MPN,DTB_MAP_UNKNOWN,All-Wall displayed MPN FFB9-8 exactly matches DTB SKU FFB9-8 after punctuation-only normalization. The All-Wall SKU field intentionally stores this MPN; retailer-internal SKU data is not extracted.,2026-09-17T01:42:21Z
Columbia Tools,"Blade - 10""",FFB9-10,FFB9-10,28.95,,,,,,,,,,NOT_FOUND,,,,No publicly extracted All-Wall displayed MPN exactly equals this DTB SKU after punctuation-only normalization.,2026-09-17T01:42:21Z
Columbia Tools,"Blade - 12""",FFB9-12,FFB9-12,32.50,,,,,,,,,,NOT_FOUND,,,,No publicly extracted All-Wall displayed MPN exactly equals this DTB SKU after punctuation-only normalization.,2026-09-17T01:42:21Z
Columbia Tools,"Blade - 14""",FFB9-14,FFB9-14,36.95,,,FFB9-14 Columbia Flat Box Blade 14 in #13784,FFB9-14,https://www.all-wall.com/FFB9-14-Columbia-Flat-Box-Blade-14in-13784,,,7.38,PreOrder,VERIFIED_PRODUCT,HIGH,EXACT_MPN,DTB_MAP_UNKNOWN,All-Wall displayed MPN FFB9-14 exactly matches DTB SKU FFB9-14 after punctuation-only normalization. The All-Wall SKU field intentionally stores this MPN; retailer-internal SKU data is not extracted.,2026-09-17T01:42:21Z
Columbia Tools,"Blade - 2""",HNS7-2,HNS7-2,23.00,,,NS7-2 Columbia Nail Spotter 2in Nail Spotter Blade #5889,HNS7-2,https://www.all-wall.com/NS7-2-Columbia-Nail-Spotter-2in-Nail-Spotter-Blade-5889,,,26.9,PreOrder,VERIFIED_PRODUCT,HIGH,EXACT_MPN,DTB_MAP_UNKNOWN,All-Wall displayed MPN HNS7-2 exactly matches DTB SKU HNS7-2 after punctuation-only normalization. The All-Wall SKU field intentionally stores this MPN; retailer-internal SKU data is not extracted.,2026-09-17T01:42:21Z
Columbia Tools,"Blade - 3""",HNS7-3,HNS7-3,23.00,,,NS7-3 Columbia Nail Spotter 3in Nail Spotter Blade #5890,HNS7-3,https://www.all-wall.com/NS7-3-Columbia-Nail-Spotter-3in-Nail-Spotter-Blade-5890,,,26.9,PreOrder,VERIFIED_PRODUCT,HIGH,EXACT_MPN,DTB_MAP_UNKNOWN,All-Wall displayed MPN HNS7-3 exactly matches DTB SKU HNS7-3 after punctuation-only normalization. The All-Wall SKU field intentionally stores this MPN; retailer-internal SKU data is not extracted.,2026-09-17T01:42:21Z
Columbia Tools,Axel Bushing,FFB5A,FFB5A,3.00,,,FFB5A Columbia Flat Box Axle Bushing #6114,FFB5A,https://www.all-wall.com/FFB5A-Columbia-Flat-Box-Axle-Bushing-6114,,,3.78,PreOrder,VERIFIED_PRODUCT,HIGH,EXACT_MPN,DTB_MAP_UNKNOWN,All-Wall displayed MPN FFB5A exactly matches DTB SKU FFB5A after punctuation-only normalization. The All-Wall SKU field intentionally stores this MPN; retailer-internal SKU data is not extracted.,2026-09-17T01:42:21Z
Columbia Tools,Backing Washer Locator,MP32,MP32,18.95,,,MP32 Columbia Mud Pump Backing Washer Locator #5876,MP32,https://www.all-wall.com/MP32-Columbia-Mud-Pump-Backing-Washer-Locator-5876,,,2.85,PreOrder,VERIFIED_PRODUCT,HIGH,EXACT_MPN,DTB_MAP_UNKNOWN,All-Wall displayed MPN MP32 exactly matches DTB SKU MP32 after punctuation-only normalization. The All-Wall SKU field intentionally stores this MPN; retailer-internal SKU data is not extracted.,2026-09-17T01:42:21Z
Columbia Tools,Bar Retainer Clip,FFB8,FFB8,2.00,,,,,,,,,,NOT_FOUND,,,,No publicly extracted All-Wall displayed MPN exactly equals this DTB SKU after punctuation-only normalization.,2026-09-17T01:42:21Z
Columbia Tools,Barrel- Main Body,CT103,CT103,114.11,,,CT103 Columbia Taper Barrel Main Body #5963,CT103,https://www.all-wall.com/CT103-Columbia-Taper-Barrel-Main-Body-5963,,,150.64,PreOrder,VERIFIED_PRODUCT,HIGH,EXACT_MPN,DTB_MAP_UNKNOWN,All-Wall displayed MPN CT103 exactly matches DTB SKU CT103 after punctuation-only normalization. The All-Wall SKU field intentionally stores this MPN; retailer-internal SKU data is not extracted.,2026-09-17T01:42:21Z
Columbia Tools,Bearing,CT125A,CT125A,19.95,,,CT125A Columbia Taper Bearing #5986,CT125A,https://www.all-wall.com/CT125A-Columbia-Taper-Bearing-5986,,,4.58,PreOrder,VERIFIED_PRODUCT,HIGH,EXACT_MPN,DTB_MAP_UNKNOWN,All-Wall displayed MPN CT125A exactly matches DTB SKU CT125A after punctuation-only normalization. The All-Wall SKU field intentionally stores this MPN; retailer-internal SKU data is not extracted.,2026-09-17T01:42:21Z
Columbia Tools,Bearing Sleeve,BH24A,BH24A,4.00,,,,,,,,,,NOT_FOUND,,,,No publicly extracted All-Wall displayed MPN exactly equals this DTB SKU after punctuation-only normalization.,2026-09-17T01:42:21Z
Columbia Tools,Bearing Sleeve,CFB16,CFB16,18.75,,,CFB16 Columbia Angle Box Bearing Sleeve - Ss #5554,CFB16,https://www.all-wall.com/CFB16-Columbia-Angle-Box-Bearing-Sleeve-Ss-5554,,,7.28,PreOrder,VERIFIED_PRODUCT,HIGH,EXACT_MPN,DTB_MAP_UNKNOWN,All-Wall displayed MPN CFB16 exactly matches DTB SKU CFB16 after punctuation-only normalization. The All-Wall SKU field intentionally stores this MPN; retailer-internal SKU data is not extracted.,2026-09-17T01:42:21Z
Columbia Tools,Bearing Sleeve,CR-3,CR3,19.99,,,CR3 Columbia Corner Roller Bearing Sleeve #5563,CR3,https://www.all-wall.com/CR3-Columbia-Corner-Roller-Bearing-Sleeve-5563,,,9.45,PreOrder,VERIFIED_PRODUCT,HIGH,EXACT_MPN,DTB_MAP_UNKNOWN,All-Wall displayed MPN CR3 exactly matches DTB SKU CR-3 after punctuation-only normalization. The All-Wall SKU field intentionally stores this MPN; retailer-internal SKU data is not extracted.,2026-09-17T01:42:21Z
Columbia Tools,"Blade Holder - 2""",HNS8-2,HNS8-2,33.00,,,HNS8-2 Columbia Nail Spotter Blade Holder 2in #12527,"HNS8-2""",https://www.all-wall.com/HNS8-2-Columbia-Nail-Spotter-Blade-Holder-2in-12527,,,38.44,PreOrder,VERIFIED_PRODUCT,HIGH,EXACT_MPN,DTB_MAP_UNKNOWN,"All-Wall displayed MPN HNS8-2"" exactly matches DTB SKU HNS8-2 after punctuation-only normalization. The All-Wall SKU field intentionally stores this MPN; retailer-internal SKU data is not extracted.",2026-09-17T01:42:21Z
Columbia Tools,"Blade Holder - 3""",HNS8-3,HNS8-3,33.00,,,HNS8-3 Columbia Nail Spotter Blade Holder 3in #12528,HNS8-3”,https://www.all-wall.com/HNS8-3-Columbia-Nail-Spotter-Blade-Holder-3in-12528,,,38.44,PreOrder,VERIFIED_PRODUCT,HIGH,EXACT_MPN,DTB_MAP_UNKNOWN,All-Wall displayed MPN HNS8-3” exactly matches DTB SKU HNS8-3 after punctuation-only normalization. The All-Wall SKU field intentionally stores this MPN; retailer-internal SKU data is not extracted.,2026-09-17T01:42:21Z
Columbia Tools,"Bottom Retainer Corner Clip - 3.5""",AH9A,AH9A,11.50,,,AH9-3.5 Columbia Angle Head Retainer Clip (Long) 3.5in #5815,AH9A,https://www.all-wall.com/AH9-3-5-Columbia-Angle-Head-Retainer-Clip-Long-3-5in-5815,,,11.32,PreOrder,VERIFIED_PRODUCT,HIGH,EXACT_MPN,DTB_MAP_UNKNOWN,All-Wall displayed MPN AH9A exactly matches DTB SKU AH9A after punctuation-only normalization. The All-Wall SKU field intentionally stores this MPN; retailer-internal SKU data is not extracted.,2026-09-17T01:42:21Z
Columbia Tools,Bottom Retainer Corner Clip - Standard,AH9,AH9,10.00,,,AH9 Columbia Angle Head Retainer Clip (Long) #5814,AH9,https://www.all-wall.com/AH9-Columbia-Angle-Head-Retainer-Clip-Long-5814,,,12.25,PreOrder,VERIFIED_PRODUCT,HIGH,EXACT_MPN,DTB_MAP_UNKNOWN,All-Wall displayed MPN AH9 exactly matches DTB SKU AH9 after punctuation-only normalization. The All-Wall SKU field intentionally stores this MPN; retailer-internal SKU data is not extracted.,2026-09-17T01:42:21Z
Columbia Tools,Brake Connecting Strap - 3',BH9-3,BH9-3,27.00,,,,,,,,,,NOT_FOUND,,,,No publicly extracted All-Wall displayed MPN exactly equals this DTB SKU after punctuation-only normalization.,2026-09-17T01:42:21Z
Columbia Tools,"Brake Connecting Strap - 42""",BH9-42,BH9,29.00,,,,,,,,,,NOT_FOUND,,,,No publicly extracted All-Wall displayed MPN exactly equals this DTB SKU after punctuation-only normalization.,2026-09-17T01:42:21Z
Columbia Tools,Brake Connecting Strap - 4',BH9-4,BH9-4,31.00,,,,,,,,,,NOT_FOUND,,,,No publicly extracted All-Wall displayed MPN exactly equals this DTB SKU after punctuation-only normalization.,2026-09-17T01:42:21Z
Columbia Tools,Brake Connecting Strap - 5',BH9-5,BH9-5,33.00,,,,,,,,,,NOT_FOUND,,,,No publicly extracted All-Wall displayed MPN exactly equals this DTB SKU after punctuation-only normalization.,2026-09-17T01:42:21Z
Columbia Tools,Brake Connecting Strap - 6',BH9-6,BH9-6,35.00,,,,,,,,,,NOT_FOUND,,,,No publicly extracted All-Wall displayed MPN exactly equals this DTB SKU after punctuation-only normalization.,2026-09-17T01:42:21Z
Columbia Tools,Bleeder Screw,HH16A,HH16A,17.00,,,,,,,,,,NOT_FOUND,,,,No publicly extracted All-Wall displayed MPN exactly equals this DTB SKU after punctuation-only normalization.,2026-09-17T01:42:21Z
Columbia Tools,Bottom Cap,HH10B,HH10B,2.00,,,,,,,,,,NOT_FOUND,,,,No publicly extracted All-Wall displayed MPN exactly equals this DTB SKU after punctuation-only normalization.,2026-09-17T01:42:21Z
Columbia Tools,Box Mount,CFB8,CFB8,44.00,,,CFB8 Columbia Angle Box Handle Mount Casting #5549,CFB8,https://www.all-wall.com/CFB8-Columbia-Angle-Box-Handle-Mount-Casting-5549,,,52.72,PreOrder,VERIFIED_PRODUCT,HIGH,EXACT_MPN,DTB_MAP_UNKNOWN,All-Wall displayed MPN CFB8 exactly matches DTB SKU CFB8 after punctuation-only normalization. The All-Wall SKU field intentionally stores this MPN; retailer-internal SKU data is not extracted.,2026-09-17T01:42:21Z
Columbia Tools,Box Wheel,FFB36,FFB36,5.00,,,,,,,,,,NOT_FOUND,,,,No publicly extracted All-Wall displayed MPN exactly equals this DTB SKU after punctuation-only normalization.,2026-09-17T01:42:21Z
Columbia Tools,Bracket Brace,CT87A,CT87A,14.50,,,CT87A Columbia Taper Bracket Base #5860,CT87A,https://www.all-wall.com/CT87A-Columbia-Taper-Bracket-Base-5860,,,10.98,PreOrder,VERIFIED_PRODUCT,HIGH,EXACT_MPN,DTB_MAP_UNKNOWN,All-Wall displayed MPN CT87A exactly matches DTB SKU CT87A after punctuation-only normalization. The All-Wall SKU field intentionally stores this MPN; retailer-internal SKU data is not extracted.,2026-09-17T01:42:21Z
Columbia Tools,Brake,HH7,HH7,22.00,,,HH7 Columbia Hydra Handle Brake #6148,HH7,https://www.all-wall.com/HH7-Columbia-Hydra-Handle-Brake-6148,,,26.52,PreOrder,VERIFIED_PRODUCT,HIGH,EXACT_MPN,DTB_MAP_UNKNOWN,All-Wall displayed MPN HH7 exactly matches DTB SKU HH7 after punctuation-only normalization. The All-Wall SKU field intentionally stores this MPN; retailer-internal SKU data is not extracted.,2026-09-17T01:42:21Z
Columbia Tools,Brake Activation Rod,MH9A,MH9A,24.00,,,,,,,,,,NOT_FOUND,,,,No publicly extracted All-Wall displayed MPN exactly equals this DTB SKU after punctuation-only normalization.,2026-09-17T01:42:21Z
Columbia Tools,Brake Dog,CT16,CT16,15.00,,,,,,,,,,NOT_FOUND,,,,No publicly extracted All-Wall displayed MPN exactly equals this DTB SKU after punctuation-only normalization.,2026-09-17T01:42:21Z
Columbia Tools,Brake Pin,HH13,HH13,16.00,,,HH13 Columbia Hydra Handle Brake Pin #6150,HH13,https://www.all-wall.com/HH13-Columbia-Hydra-Handle-Brake-Pin-6150,,,19.46,PreOrder,VERIFIED_PRODUCT,HIGH,EXACT_MPN,DTB_MAP_UNKNOWN,All-Wall displayed MPN HH13 exactly matches DTB SKU HH13 after punctuation-only normalization. The All-Wall SKU field intentionally stores this MPN; retailer-internal SKU data is not extracted.,2026-09-17T01:42:21Z
Columbia Tools,Brake Piston,HH14,HH14,17.00,,,,,,,,,,NOT_FOUND,,,,No publicly extracted All-Wall displayed MPN exactly equals this DTB SKU after punctuation-only normalization.,2026-09-17T01:42:21Z
Columbia Tools,Brake Rod Bushing,MH8,MH8,8.00,,,,,,,,,,NOT_FOUND,,,,No publicly extracted All-Wall displayed MPN exactly equals this DTB SKU after punctuation-only normalization.,2026-09-17T01:42:21Z
Columbia Tools,Brake Spring,HH12,HH12,5.00,,,HH12 Columbia Hydra Handle Brake Spring #6149,HH12,https://www.all-wall.com/HH12-Columbia-Hydra-Handle-Brake-Spring-6149,,,6.55,PreOrder,VERIFIED_PRODUCT,HIGH,EXACT_MPN,DTB_MAP_UNKNOWN,All-Wall displayed MPN HH12 exactly matches DTB SKU HH12 after punctuation-only normalization. The All-Wall SKU field intentionally stores this MPN; retailer-internal SKU data is not extracted.,2026-09-17T01:42:21Z
Columbia Tools,Brass Connector - 1,HH17A,HH17A,5.00,,,,,,,,,,NOT_FOUND,,,,No publicly extracted All-Wall displayed MPN exactly equals this DTB SKU after punctuation-only normalization.,2026-09-17T01:42:21Z
Columbia Tools,Brass Connector - 2,HH17B,HH17B,5.00,,,,,,,,,,NOT_FOUND,,,,No publicly extracted All-Wall displayed MPN exactly equals this DTB SKU after punctuation-only normalization.,2026-09-17T01:42:21Z
Columbia Tools,Cable,CT72,CT72,10.00,,,,,,,,,,NOT_FOUND,,,,No publicly extracted All-Wall displayed MPN exactly equals this DTB SKU after punctuation-only normalization.,2026-09-17T01:42:21Z
Columbia Tools,Cable Drum,CT73,CT73,34.23,,,CT73 Columbia Taper Cable Drum #5846,CT73,https://www.all-wall.com/CT73-Columbia-Taper-Cable-Drum-5846,,,45.16,PreOrder,VERIFIED_PRODUCT,HIGH,EXACT_MPN,DTB_MAP_UNKNOWN,All-Wall displayed MPN CT73 exactly matches DTB SKU CT73 after punctuation-only normalization. The All-Wall SKU field intentionally stores this MPN; retailer-internal SKU data is not extracted.,2026-09-17T01:42:21Z
Columbia Tools,Cam,BH26,BH26,21.95,,,BH26 Columbia Box Handle Cam for 180 Handle #11575,BH26,https://www.all-wall.com/BH26-Columbia-Box-Handle-Cam-for-180-Handle-11575,,,12.38,PreOrder,VERIFIED_PRODUCT,HIGH,EXACT_MPN,DTB_MAP_UNKNOWN,All-Wall displayed MPN BH26 exactly matches DTB SKU BH26 after punctuation-only normalization. The All-Wall SKU field intentionally stores this MPN; retailer-internal SKU data is not extracted.,2026-09-17T01:42:21Z
Columbia Tools,Cam Follower,BH7,BH7,15.00,,,,,,,,,,NOT_FOUND,,,,No publicly extracted All-Wall displayed MPN exactly equals this DTB SKU after punctuation-only normalization.,2026-09-17T01:42:21Z
Columbia Tools,Cap,HH19,HH19,17.00,,,,,,,,,,NOT_FOUND,,,,No publicly extracted All-Wall displayed MPN exactly equals this DTB SKU after punctuation-only normalization.,2026-09-17T01:42:21Z
Columbia Tools,Cap Reinforcing Tab,CT35,CT35,4.00,,,CT35 Columbia Taper Cap Reinforcing Tab #5608,CT35,https://www.all-wall.com/CT35-Columbia-Taper-Cap-Reinforcing-Tab-5608,,,4.58,PreOrder,VERIFIED_PRODUCT,HIGH,EXACT_MPN,DTB_MAP_UNKNOWN,All-Wall displayed MPN CT35 exactly matches DTB SKU CT35 after punctuation-only normalization. The All-Wall SKU field intentionally stores this MPN; retailer-internal SKU data is not extracted.,2026-09-17T01:42:21Z
Columbia Tools,Carriage Guide Rod,CT55,CT55,12.00,,,CT55 Columbia Taper Carriage Guide Rod #5831,CT55,https://www.all-wall.com/Columbia-Carriage-Guide-Rod,,,15.06,PreOrder,VERIFIED_PRODUCT,HIGH,EXACT_MPN,DTB_MAP_UNKNOWN,All-Wall displayed MPN CT55 exactly matches DTB SKU CT55 after punctuation-only normalization. The All-Wall SKU field intentionally stores this MPN; retailer-internal SKU data is not extracted.,2026-09-17T01:42:21Z
Columbia Tools,Carriage Guide Rod Stop,CT56,CT56,7.00,,,CT56 Columbia Taper Carriage Guide Rod Stop #5832,CT56,https://www.all-wall.com/CT56-Columbia-Taper-Carriage-Guide-Rod-Stop-5832,,,9.18,PreOrder,VERIFIED_PRODUCT,HIGH,EXACT_MPN,DTB_MAP_UNKNOWN,All-Wall displayed MPN CT56 exactly matches DTB SKU CT56 after punctuation-only normalization. The All-Wall SKU field intentionally stores this MPN; retailer-internal SKU data is not extracted.,2026-09-17T01:42:21Z
Columbia Tools,Chain Tension & Guide Bracket,CT31,CT31,6.00,,,CT31 Columbia Taper Chain Tension & Guide Bracke #5604,CT31,https://www.all-wall.com/CT31-Columbia-Taper-Chain-Tension-Guide-Bracke-5604,,,8.23,PreOrder,VERIFIED_PRODUCT,HIGH,EXACT_MPN,DTB_MAP_UNKNOWN,All-Wall displayed MPN CT31 exactly matches DTB SKU CT31 after punctuation-only normalization. The All-Wall SKU field intentionally stores this MPN; retailer-internal SKU data is not extracted.,2026-09-17T01:42:21Z
Columbia Tools,Clutch Dog,CT83,CT83,3.00,,,CT83 Columbia Taper Clutch Dog #5855,CT83,https://www.all-wall.com/CT83-Columbia-Taper-Clutch-Dog-5855,,,4.7,PreOrder,VERIFIED_PRODUCT,HIGH,EXACT_MPN,DTB_MAP_UNKNOWN,All-Wall displayed MPN CT83 exactly matches DTB SKU CT83 after punctuation-only normalization. The All-Wall SKU field intentionally stores this MPN; retailer-internal SKU data is not extracted.,2026-09-17T01:42:21Z
Columbia Tools,Clutch Lever,CT82,CT82,19.75,,,CT82 Columbia Taper Clutch Lever #5854,CT82,https://www.all-wall.com/CT82-Columbia-Taper-Clutch-Lever-5854,,,30.12,PreOrder,VERIFIED_PRODUCT,HIGH,EXACT_MPN,DTB_MAP_UNKNOWN,All-Wall displayed MPN CT82 exactly matches DTB SKU CT82 after punctuation-only normalization. The All-Wall SKU field intentionally stores this MPN; retailer-internal SKU data is not extracted.,2026-09-17T01:42:21Z
Columbia Tools,Clutch Release Rod,CT88,CT88,16.50,,,CT88 Columbia Taper Clutch Release Rod #5862,CT88,https://www.all-wall.com/CT88-Columbia-Taper-Clutch-Release-Rod-5862,,,18.1,PreOrder,VERIFIED_PRODUCT,HIGH,EXACT_MPN,DTB_MAP_UNKNOWN,All-Wall displayed MPN CT88 exactly matches DTB SKU CT88 after punctuation-only normalization. The All-Wall SKU field intentionally stores this MPN; retailer-internal SKU data is not extracted.,2026-09-17T01:42:21Z
Columbia Tools,Clutch Release Shaft,CT85,CT85,40.00,,,CT85 Columbia Taper Clutch Release Shaft #5857,CT85,https://www.all-wall.com/CT85-Columbia-Taper-Clutch-Release-Shaft-5857,,,45.18,PreOrder,VERIFIED_PRODUCT,HIGH,EXACT_MPN,DTB_MAP_UNKNOWN,All-Wall displayed MPN CT85 exactly matches DTB SKU CT85 after punctuation-only normalization. The All-Wall SKU field intentionally stores this MPN; retailer-internal SKU data is not extracted.,2026-09-17T01:42:21Z
Columbia Tools,Clutch Return Spring,CT81,CT81,3.00,,,CT81 Columbia Taper Clutch Return Spring #5853,CT81,https://www.all-wall.com/CT81-Columbia-Taper-Clutch-Return-Spring-5853,,,3.68,PreOrder,VERIFIED_PRODUCT,HIGH,EXACT_MPN,DTB_MAP_UNKNOWN,All-Wall displayed MPN CT81 exactly matches DTB SKU CT81 after punctuation-only normalization. The All-Wall SKU field intentionally stores this MPN; retailer-internal SKU data is not extracted.,2026-09-17T01:42:21Z
Columbia Tools,Coiled Hydraulic Line,HH9,HH9,40.00,,,Columbia Coiled Hydraulic Hose for COL88,HH9,https://www.all-wall.com/Columbia-Coiled-Hydraulic-Hose-for-COL88,,,50.01,PreOrder,VERIFIED_PRODUCT,HIGH,EXACT_MPN,DTB_MAP_UNKNOWN,All-Wall displayed MPN HH9 exactly matches DTB SKU HH9 after punctuation-only normalization. The All-Wall SKU field intentionally stores this MPN; retailer-internal SKU data is not extracted.,2026-09-17T01:42:21Z
Columbia Tools,Collar O-Ring,HP44,HP44,2.00,,,HP44 Columbia Mud Pump Collar O-Ring #6153,HP44,https://www.all-wall.com/HP44-Columbia-Mud-Pump-Collar-O-Ring-6153,,,2.35,PreOrder,VERIFIED_PRODUCT,HIGH,EXACT_MPN,DTB_MAP_UNKNOWN,All-Wall displayed MPN HP44 exactly matches DTB SKU HP44 after punctuation-only normalization. The All-Wall SKU field intentionally stores this MPN; retailer-internal SKU data is not extracted.,2026-09-17T01:42:21Z
Columbia Tools,Angle Head Adapter,AHA,AHA,24.87,,24.87,,,,,,,,NOT_FOUND,,,,No publicly extracted All-Wall displayed MPN exactly equals this DTB SKU after punctuation-only normalization.,2026-09-17T01:42:21Z
Columbia Tools,Columbia Closet Monster Handle,CMH,CMH,123.28,,113.56,"Columbia Closet Monster 18"" Handle",CMH,https://www.all-wall.com/Columbia-Closet-Monster-18-Handle,,,113.99,PreOrder,VERIFIED_PRODUCT,HIGH,EXACT_MPN,ABOVE_DTB_MAP,All-Wall displayed MPN CMH exactly matches DTB SKU CMH after punctuation-only normalization. The All-Wall SKU field intentionally stores this MPN; retailer-internal SKU data is not extracted.,2026-09-17T01:42:21Z
Columbia Tools,Columbia Corner Cobra,CC,CC,401.00,,367.71,Columbia Corner Cobra Specialty Drywall Trim Roller,CC,https://www.all-wall.com/Columbia-Corner-Cobra,,,368,PreOrder,VERIFIED_PRODUCT,HIGH,EXACT_MPN,ABOVE_DTB_MAP,All-Wall displayed MPN CC exactly matches DTB SKU CC after punctuation-only normalization. The All-Wall SKU field intentionally stores this MPN; retailer-internal SKU data is not extracted.,2026-09-17T01:42:21Z
Columbia Tools,Columbia Corner Roller,CR,CR,167.63,,167.63,Columbia Corner Roller Head,CR,https://www.all-wall.com/Columbia-Corner-Roller-Head,,,162.75,PreOrder,VERIFIED_PRODUCT,HIGH,EXACT_MPN,BELOW_DTB_MAP,All-Wall displayed MPN CR exactly matches DTB SKU CR after punctuation-only normalization. The All-Wall SKU field intentionally stores this MPN; retailer-internal SKU data is not extracted.,2026-09-17T01:42:21Z
Columbia Tools,CT86 – Toe Kicker Cable,CT86,CT86,17.12,,,CT86 Columbia Taper Toe Kicker Cable #5858,CT86,https://www.all-wall.com/CT86-Columbia-Taper-Toe-Kicker-Cable-5858,,,22.6,PreOrder,VERIFIED_PRODUCT,HIGH,EXACT_MPN,DTB_MAP_UNKNOWN,All-Wall displayed MPN CT86 exactly matches DTB SKU CT86 after punctuation-only normalization. The All-Wall SKU field intentionally stores this MPN; retailer-internal SKU data is not extracted.,2026-09-17T01:42:21Z
Columbia Tools,"FA259 8-32 X 5/16"" Binder Slot",FA259,FA259 8,1.00,,,,,,,,,,NOT_FOUND,,,,No publicly extracted All-Wall displayed MPN exactly equals this DTB SKU after punctuation-only normalization.,2026-09-17T01:42:21Z
Columbia Tools,FA292 1/4-20 Nyloc Jam Nut,FA292,FA292 1/4,3.15,,,FA292 Columbia 1/4-20 Nyloc Jam Nut #6043,FA292,https://www.all-wall.com/FA292-Columbia-1-4-20-Nyloc-Jam-Nut-6043,,,1.93,PreOrder,VERIFIED_PRODUCT,HIGH,EXACT_MPN,DTB_MAP_UNKNOWN,All-Wall displayed MPN FA292 exactly matches DTB SKU FA292 after punctuation-only normalization. The All-Wall SKU field intentionally stores this MPN; retailer-internal SKU data is not extracted.,2026-09-17T01:42:21Z
Columbia Tools,"Door - 2""",HNS4-2,HNS4-2,33.00,,,HNS42 Columbia Nail Spotter Door 2in #12522,"HNS42""",https://www.all-wall.com/HNS42-Columbia-Nail-Spotter-Door-2in-12522,,,37.32,PreOrder,VERIFIED_PRODUCT,HIGH,EXACT_MPN,DTB_MAP_UNKNOWN,"All-Wall displayed MPN HNS42"" exactly matches DTB SKU HNS4-2 after punctuation-only normalization. The All-Wall SKU field intentionally stores this MPN; retailer-internal SKU data is not extracted.",2026-09-17T01:42:21Z
Columbia Tools,"Door - 3""",HNS4-3,HNS4-3,33.00,,,HNS43 Columbia Nail Spotter Door 3in #12523,HNS43”,https://www.all-wall.com/HNS43-Columbia-Nail-Spotter-Door-3in-12523,,,37.32,PreOrder,VERIFIED_PRODUCT,HIGH,EXACT_MPN,DTB_MAP_UNKNOWN,All-Wall displayed MPN HNS43” exactly matches DTB SKU HNS4-3 after punctuation-only normalization. The All-Wall SKU field intentionally stores this MPN; retailer-internal SKU data is not extracted.,2026-09-17T01:42:21Z
Columbia Tools,"FA311 1/4-28 X 1/2"" Socket Head",FA311,FA311 1/4,2.00,,,,,,,,,,NOT_FOUND,,,,No publicly extracted All-Wall displayed MPN exactly equals this DTB SKU after punctuation-only normalization.,2026-09-17T01:42:21Z
Columbia Tools,"FA315 10-32 X 3/8"" Flat Socket Head",FA315,FA315 10,2.00,,,,,,,,,,NOT_FOUND,,,,No publicly extracted All-Wall displayed MPN exactly equals this DTB SKU after punctuation-only normalization.,2026-09-17T01:42:21Z
Columbia Tools,Columbia Predator Camlock Tube,PCLT42,PCLT42,368.05,,368.05,,,,,,,,NOT_FOUND,,,,No publicly extracted All-Wall displayed MPN exactly equals this DTB SKU after punctuation-only normalization.,2026-09-17T01:42:21Z
Columbia Tools,"Columbia Predator Compound Tube 42""",PCMT42,PCMT42,274.93,,274.93,,,,,,,,NOT_FOUND,,,,No publicly extracted All-Wall displayed MPN exactly equals this DTB SKU after punctuation-only normalization.,2026-09-17T01:42:21Z
Columbia Tools,Columbia Predator Mud Pump,PHMP,PHMP,496.42,,496.42,,,,,,,,NOT_FOUND,,,,No publicly extracted All-Wall displayed MPN exactly equals this DTB SKU after punctuation-only normalization.,2026-09-17T01:42:21Z
Columbia Tools,Columbia Semi Automatic Taper,SAT,SAT,244.50,,243.34,,,,,,,,NOT_FOUND,,,,No publicly extracted All-Wall displayed MPN exactly equals this DTB SKU after punctuation-only normalization.,2026-09-17T01:42:21Z
Columbia Tools,Cone Ball,CFB5B,CFB5B,16.00,,,Columbia Mud Tube Auto-Tool Ball End,CFB5B,https://www.all-wall.com/Cone-ballend-nonColumbia-Heads,,,19.46,PreOrder,VERIFIED_PRODUCT,HIGH,EXACT_MPN,DTB_MAP_UNKNOWN,All-Wall displayed MPN CFB5B exactly matches DTB SKU CFB5B after punctuation-only normalization. The All-Wall SKU field intentionally stores this MPN; retailer-internal SKU data is not extracted.,2026-09-17T01:42:21Z
Columbia Tools,Connecting Link,CT132,CT132,2.00,,,,,,,,,,NOT_FOUND,,,,No publicly extracted All-Wall displayed MPN exactly equals this DTB SKU after punctuation-only normalization.,2026-09-17T01:42:21Z
Columbia Tools,Connecting Link Fork,MH7,MH7,29.00,,,,,,,,,,NOT_FOUND,,,,No publicly extracted All-Wall displayed MPN exactly equals this DTB SKU after punctuation-only normalization.,2026-09-17T01:42:21Z
Columbia Tools,Connecting Link Pin,MH5,MH5,5.00,,,,,,,,,,NOT_FOUND,,,,No publicly extracted All-Wall displayed MPN exactly equals this DTB SKU after punctuation-only normalization.,2026-09-17T01:42:21Z
Columbia Tools,Connecting Rod,CT45,CT45,22.95,,,CT45 Columbia Taper Connecting Rod (Includes CT46 Stop) #5619,CT45,https://www.all-wall.com/CT45-Columbia-Taper-Connecting-Rod-Includes-CT46-Stop-5619,,,20.34,PreOrder,VERIFIED_PRODUCT,HIGH,EXACT_MPN,DTB_MAP_UNKNOWN,All-Wall displayed MPN CT45 exactly matches DTB SKU CT45 after punctuation-only normalization. The All-Wall SKU field intentionally stores this MPN; retailer-internal SKU data is not extracted.,2026-09-17T01:42:21Z
Columbia Tools,Connecting Rod Housing,MH16,MH16,8.00,,,,,,,,,,NOT_FOUND,,,,No publicly extracted All-Wall displayed MPN exactly equals this DTB SKU after punctuation-only normalization.,2026-09-17T01:42:21Z
Columbia Tools,Connecting Stud,CT112,CT112,11.00,,,CT112 Columbia Taper Connecting Stud #5970,CT112,https://www.all-wall.com/CT112-Columbia-Taper-Connecting-Stud-5970,,,12.64,PreOrder,VERIFIED_PRODUCT,HIGH,EXACT_MPN,DTB_MAP_UNKNOWN,All-Wall displayed MPN CT112 exactly matches DTB SKU CT112 after punctuation-only normalization. The All-Wall SKU field intentionally stores this MPN; retailer-internal SKU data is not extracted.,2026-09-17T01:42:21Z
Columbia Tools,Connection Strap,CT104,CT104,18.95,,,,,,,,,,NOT_FOUND,,,,No publicly extracted All-Wall displayed MPN exactly equals this DTB SKU after punctuation-only normalization.,2026-09-17T01:42:21Z
Columbia Tools,Crimper Lever,CT105,CT105,34.50,,,CT105 Columbia Taper Crimper Lever #5965,CT105,https://www.all-wall.com/CT105-Columbia-Taper-Crimper-Lever-5965,,,34.62,PreOrder,VERIFIED_PRODUCT,HIGH,EXACT_MPN,DTB_MAP_UNKNOWN,All-Wall displayed MPN CT105 exactly matches DTB SKU CT105 after punctuation-only normalization. The All-Wall SKU field intentionally stores this MPN; retailer-internal SKU data is not extracted.,2026-09-17T01:42:21Z
Columbia Tools,Crimping Arm Shaft Bushing - L,CT10A,CT10A,13.95,,,CT10A Columbia Taper Crimping Arm Bushing Left #5584,CT10A,https://www.all-wall.com/CT10A-Columbia-Taper-Crimping-Arm-Bushing-Left-5584,,,7.08,PreOrder,VERIFIED_PRODUCT,HIGH,EXACT_MPN,DTB_MAP_UNKNOWN,All-Wall displayed MPN CT10A exactly matches DTB SKU CT10A after punctuation-only normalization. The All-Wall SKU field intentionally stores this MPN; retailer-internal SKU data is not extracted.,2026-09-17T01:42:21Z
Columbia Tools,Crimping Wheel,CT47,CT47,18.95,,,CT47 Columbia Taper Crimping Wheel #5621,CT47,https://www.all-wall.com/CT47-Columbia-Taper-Crimping-Wheel-5621,,,15.06,PreOrder,VERIFIED_PRODUCT,HIGH,EXACT_MPN,DTB_MAP_UNKNOWN,All-Wall displayed MPN CT47 exactly matches DTB SKU CT47 after punctuation-only normalization. The All-Wall SKU field intentionally stores this MPN; retailer-internal SKU data is not extracted.,2026-09-17T01:42:21Z
Columbia Tools,Crimping Wheel Bushing,CT50,CT50,6.00,,,CT50 Columbia Taper Crimping Wheel Bushing #5624,CT50,https://www.all-wall.com/CT50-Columbia-Taper-Crimping-Wheel-Bushing-5624,,,8.23,PreOrder,VERIFIED_PRODUCT,HIGH,EXACT_MPN,DTB_MAP_UNKNOWN,All-Wall displayed MPN CT50 exactly matches DTB SKU CT50 after punctuation-only normalization. The All-Wall SKU field intentionally stores this MPN; retailer-internal SKU data is not extracted.,2026-09-17T01:42:21Z
Columbia Tools,Cut Washer,CR4,CR4,3.00,,,CR4 Columbia Corner Roller Washer #5564,CR4,https://www.all-wall.com/CR4-Columbia-Corner-Roller-Washer-5564,,,5.4,PreOrder,VERIFIED_PRODUCT,HIGH,EXACT_MPN,DTB_MAP_UNKNOWN,All-Wall displayed MPN CR4 exactly matches DTB SKU CR4 after punctuation-only normalization. The All-Wall SKU field intentionally stores this MPN; retailer-internal SKU data is not extracted.,2026-09-17T01:42:21Z
Columbia Tools,Diamond Blade,CT42A,CT42A,2.00,,,,,,,,,,NOT_FOUND,,,,No publicly extracted All-Wall displayed MPN exactly equals this DTB SKU after punctuation-only normalization.,2026-09-17T01:42:21Z
Columbia Tools,Dog Base Bracket,CT13,CT13,16.00,,,Columbia Taper Dog Base Bracket Part #CT13,CT13,https://www.all-wall.com/Columbia-Part-CT13,,,14.46,PreOrder,VERIFIED_PRODUCT,HIGH,EXACT_MPN,DTB_MAP_UNKNOWN,All-Wall displayed MPN CT13 exactly matches DTB SKU CT13 after punctuation-only normalization. The All-Wall SKU field intentionally stores this MPN; retailer-internal SKU data is not extracted.,2026-09-17T01:42:21Z
Columbia Tools,"Door - 7""",CFB4-7,CFB4-7,42.50,,,CFB4-7 Columbia Angle Box Door 7in #5542,CFB4-7,https://www.all-wall.com/CFB4-7-Columbia-Angle-Box-Door-7in-5542,,,14.62,PreOrder,VERIFIED_PRODUCT,HIGH,EXACT_MPN,DTB_MAP_UNKNOWN,All-Wall displayed MPN CFB4-7 exactly matches DTB SKU CFB4-7 after punctuation-only normalization. The All-Wall SKU field intentionally stores this MPN; retailer-internal SKU data is not extracted.,2026-09-17T01:42:21Z
Columbia Tools,"Door - 8""",CFB4-8,CFB4-8,46.95,,,CFB4-8 Columbia Angle Box Door 8in #5543,CFB4-8,https://www.all-wall.com/CFB4-8-Columbia-Angle-Box-Door-8in-5543,,,14.62,PreOrder,VERIFIED_PRODUCT,HIGH,EXACT_MPN,DTB_MAP_UNKNOWN,All-Wall displayed MPN CFB4-8 exactly matches DTB SKU CFB4-8 after punctuation-only normalization. The All-Wall SKU field intentionally stores this MPN; retailer-internal SKU data is not extracted.,2026-09-17T01:42:21Z
Columbia Tools,"Door Gasket - 2""",HNS15-2,HNS15-2,36.00,,,HNS15-2 Columbia Nail Spotter Door Gasket 2in #12536,HNS15-2”,https://www.all-wall.com/HNS15-2-Columbia-Nail-Spotter-Door-Gasket-2in-12536,,,43.74,PreOrder,VERIFIED_PRODUCT,HIGH,EXACT_MPN,DTB_MAP_UNKNOWN,All-Wall displayed MPN HNS15-2” exactly matches DTB SKU HNS15-2 after punctuation-only normalization. The All-Wall SKU field intentionally stores this MPN; retailer-internal SKU data is not extracted.,2026-09-17T01:42:21Z
Columbia Tools,"Door Gasket - 3""",HNS15-3,HNS15-3,35.00,,,HNS15-3 Columbia Nail Spotter Door Gasket 3in #12537,HNS15-3”,https://www.all-wall.com/HNS15-3-Columbia-Nail-Spotter-Door-Gasket-3in-12537,,,43.74,PreOrder,VERIFIED_PRODUCT,HIGH,EXACT_MPN,DTB_MAP_UNKNOWN,All-Wall displayed MPN HNS15-3” exactly matches DTB SKU HNS15-3 after punctuation-only normalization. The All-Wall SKU field intentionally stores this MPN; retailer-internal SKU data is not extracted.,2026-09-17T01:42:21Z
Columbia Tools,"Door Gasket - 7""",CFB7-7,CFB7-7,34.23,,,CFB7-7 Columbia Angle Box Angle Box Door Gasket 7in #5547,CFB7-7,https://www.all-wall.com/Columbia-7-inch-Angle-Box-Gasket,,,45.16,PreOrder,VERIFIED_PRODUCT,HIGH,EXACT_MPN,DTB_MAP_UNKNOWN,All-Wall displayed MPN CFB7-7 exactly matches DTB SKU CFB7-7 after punctuation-only normalization. The All-Wall SKU field intentionally stores this MPN; retailer-internal SKU data is not extracted.,2026-09-17T01:42:21Z
Columbia Tools,"Door Gasket - 8""",CFB7-8,CFB7-8,34.23,,,CFB7-8 Columbia Angle Box Angle Box Door Gasket 8in #5548,CFB7-8,https://www.all-wall.com/Columbia-AngleBox-Gasket-8,,,45.16,PreOrder,VERIFIED_PRODUCT,HIGH,EXACT_MPN,DTB_MAP_UNKNOWN,All-Wall displayed MPN CFB7-8 exactly matches DTB SKU CFB7-8 after punctuation-only normalization. The All-Wall SKU field intentionally stores this MPN; retailer-internal SKU data is not extracted.,2026-09-17T01:42:21Z
Columbia Tools,Door Spring - Short,HNS10A,HNS10A,18.75,,,HNS10A Columbia Nail Spotter Door Spring Short- Right #12532,HNS10A,https://www.all-wall.com/HNS10A-Columbia-Nail-Spotter-Door-Spring-Short-Right-12532,,,6.05,PreOrder,VERIFIED_PRODUCT,HIGH,EXACT_MPN,DTB_MAP_UNKNOWN,All-Wall displayed MPN HNS10A exactly matches DTB SKU HNS10A after punctuation-only normalization. The All-Wall SKU field intentionally stores this MPN; retailer-internal SKU data is not extracted.,2026-09-17T01:42:21Z
Columbia Tools,Door Spring - Long,HNS10,HNS10,18.75,,,HNS10 Columbia Nail Spotter Door Spring Long- Left #12531,HNS10,https://www.all-wall.com/HNS10-Columbia-Nail-Spotter-Door-Spring-Long-Left-12531,,,6.38,PreOrder,VERIFIED_PRODUCT,HIGH,EXACT_MPN,DTB_MAP_UNKNOWN,All-Wall displayed MPN HNS10 exactly matches DTB SKU HNS10 after punctuation-only normalization. The All-Wall SKU field intentionally stores this MPN; retailer-internal SKU data is not extracted.,2026-09-17T01:42:21Z
Columbia Tools,Drive Sprocket - Small,CT71,CT71,15.00,,,CT71 Columbia Taper Drive Sprocket Small #5844,CT71,https://www.all-wall.com/CT71-Columbia-Taper-Drive-Sprocket-Small-5844,,,22.63,PreOrder,VERIFIED_PRODUCT,HIGH,EXACT_MPN,DTB_MAP_UNKNOWN,All-Wall displayed MPN CT71 exactly matches DTB SKU CT71 after punctuation-only normalization. The All-Wall SKU field intentionally stores this MPN; retailer-internal SKU data is not extracted.,2026-09-17T01:42:21Z
Columbia Tools,Drive Sprocket - Large,CT77,CT77,57.02,,,CT77 Columbia Taper Drive Sprocket Large #5848,CT77,https://www.all-wall.com/Columbia-Drive-Sprocket-Large,,,75.3,PreOrder,VERIFIED_PRODUCT,HIGH,EXACT_MPN,DTB_MAP_UNKNOWN,All-Wall displayed MPN CT77 exactly matches DTB SKU CT77 after punctuation-only normalization. The All-Wall SKU field intentionally stores this MPN; retailer-internal SKU data is not extracted.,2026-09-17T01:42:21Z
Columbia Tools,Door Hinge,CFB15,CFB15,24.95,,,CFB15 Columbia Angle Box Door Hinge #5552,CFB15,https://www.all-wall.com/CFB15-Columbia-Angle-Box-Door-Hinge-5552,,,30.1,PreOrder,VERIFIED_PRODUCT,HIGH,EXACT_MPN,DTB_MAP_UNKNOWN,All-Wall displayed MPN CFB15 exactly matches DTB SKU CFB15 after punctuation-only normalization. The All-Wall SKU field intentionally stores this MPN; retailer-internal SKU data is not extracted.,2026-09-17T01:42:21Z
Columbia Tools,Door Spring,FFB17,FFB17,5.00,,,FFB1-7 Columbia Flat Box Rear Plate 7in #6056,FFB1-7,https://www.all-wall.com/FFB1-7-Columbia-Flat-Box-Rear-Plate-7in-6056,,,73.22,PreOrder,VERIFIED_PRODUCT,HIGH,EXACT_MPN,DTB_MAP_UNKNOWN,All-Wall displayed MPN FFB1-7 exactly matches DTB SKU FFB17 after punctuation-only normalization. The All-Wall SKU field intentionally stores this MPN; retailer-internal SKU data is not extracted.,2026-09-17T01:42:21Z
Columbia Tools,Door Spring Nut,FFB16,FFB16,5.00,,,FFB16 Columbia Flat Box Door Spring Nut #6100,FFB16,https://www.all-wall.com/FFB16-Columbia-Flat-Box-Door-Spring-Nut-6100,,,7.35,PreOrder,VERIFIED_PRODUCT,HIGH,EXACT_MPN,DTB_MAP_UNKNOWN,All-Wall displayed MPN FFB16 exactly matches DTB SKU FFB16 after punctuation-only normalization. The All-Wall SKU field intentionally stores this MPN; retailer-internal SKU data is not extracted.,2026-09-17T01:42:21Z
Columbia Tools,Door Stop,CFB11A,CFB11A,3.00,,,CFB11A Columbia Angle Box Door Stop #5551,CFB11A,https://www.all-wall.com/CFB11A-Columbia-Angle-Box-Door-Stop-5551,,,3.68,PreOrder,VERIFIED_PRODUCT,HIGH,EXACT_MPN,DTB_MAP_UNKNOWN,All-Wall displayed MPN CFB11A exactly matches DTB SKU CFB11A after punctuation-only normalization. The All-Wall SKU field intentionally stores this MPN; retailer-internal SKU data is not extracted.,2026-09-17T01:42:21Z
Columbia Tools,Door Stop,FFB32,FFB32,3.00,,,,,,,,,,NOT_FOUND,,,,No publicly extracted All-Wall displayed MPN exactly equals this DTB SKU after punctuation-only normalization.,2026-09-17T01:42:21Z
Columbia Tools,Drive Chain,CT78,CT78,75.30,,,CT78 Columbia Taper Drive Chain #5850,CT78,https://www.all-wall.com/CT78-Columbia-Taper-Drive-Chain-5850,,,99.4,PreOrder,VERIFIED_PRODUCT,HIGH,EXACT_MPN,DTB_MAP_UNKNOWN,All-Wall displayed MPN CT78 exactly matches DTB SKU CT78 after punctuation-only normalization. The All-Wall SKU field intentionally stores this MPN; retailer-internal SKU data is not extracted.,2026-09-17T01:42:21Z
Columbia Tools,Drive Shaft,CT70,CT70,33.00,,,CT70 Columbia Taper Drive Shaft #5843,CT70,https://www.all-wall.com/CT70-Columbia-Taper-Drive-Shaft-5843,,,37.64,PreOrder,VERIFIED_PRODUCT,HIGH,EXACT_MPN,DTB_MAP_UNKNOWN,All-Wall displayed MPN CT70 exactly matches DTB SKU CT70 after punctuation-only normalization. The All-Wall SKU field intentionally stores this MPN; retailer-internal SKU data is not extracted.,2026-09-17T01:42:21Z
Columbia Tools,Engraved Cover Plate Cap,CT87,CT87,42.00,,,,,,,,,,NOT_FOUND,,,,No publicly extracted All-Wall displayed MPN exactly equals this DTB SKU after punctuation-only normalization.,2026-09-17T01:42:21Z
Columbia Tools,Extension Housing,HH5,HH5,33.00,,,,,,,,,,NOT_FOUND,,,,No publicly extracted All-Wall displayed MPN exactly equals this DTB SKU after punctuation-only normalization.,2026-09-17T01:42:21Z
Columbia Tools,Extension Release Trigger,HH30,HH30,14.25,,,HH30 Columbia Hydra Handle Extension Release Clip #10203,HH30,https://www.all-wall.com/HH30-Columbia-Hydra-Handle-Extension-Release-Clip-10203,,,20.44,PreOrder,VERIFIED_PRODUCT,HIGH,EXACT_MPN,DTB_MAP_UNKNOWN,All-Wall displayed MPN HH30 exactly matches DTB SKU HH30 after punctuation-only normalization. The All-Wall SKU field intentionally stores this MPN; retailer-internal SKU data is not extracted.,2026-09-17T01:42:21Z
Columbia Tools,Extension Shaft,CT130,CT130,32.50,,,CT130 Columbia Taper Extension Shaft #5993,CT130,https://www.all-wall.com/CT130-Columbia-Taper-Extension-Shaft-5993,,,27.14,PreOrder,VERIFIED_PRODUCT,HIGH,EXACT_MPN,DTB_MAP_UNKNOWN,All-Wall displayed MPN CT130 exactly matches DTB SKU CT130 after punctuation-only normalization. The All-Wall SKU field intentionally stores this MPN; retailer-internal SKU data is not extracted.,2026-09-17T01:42:21Z
Columbia Tools,"Frame Tension Spring - 2""",AH7-2,AH7-2,12.50,,,AH7-2 Columbia Angle Head Frame Tension Spring 2in #5808,AH7-2,https://www.all-wall.com/AH7-2-Columbia-Angle-Head-Frame-Tension-Spring-2in-5808,,,1.9,PreOrder,VERIFIED_PRODUCT,HIGH,EXACT_MPN,DTB_MAP_UNKNOWN,All-Wall displayed MPN AH7-2 exactly matches DTB SKU AH7-2 after punctuation-only normalization. The All-Wall SKU field intentionally stores this MPN; retailer-internal SKU data is not extracted.,2026-09-17T01:42:21Z
Columbia Tools,"Frame Tension Spring - 2.5""",AH7-2.5,AH7-2.5,2.00,,,AH7-2.5 Columbia Angle Head Frame Tension Spring 2.5in (Also Small 3in Spring) #5809,AH7-2.5,https://www.all-wall.com/AH7-2-5-Columbia-Angle-Head-Frame-Tension-Spring-2-5in-Also-Small-3in-Spring-5809,,,1.9,PreOrder,VERIFIED_PRODUCT,HIGH,EXACT_MPN,DTB_MAP_UNKNOWN,All-Wall displayed MPN AH7-2.5 exactly matches DTB SKU AH7-2.5 after punctuation-only normalization. The All-Wall SKU field intentionally stores this MPN; retailer-internal SKU data is not extracted.,2026-09-17T01:42:21Z
Columbia Tools,"Frame Tension Spring - 3""",AH7-3,AH7,13.25,,,AH7-3 Columbia Angle Head Tension Spring 3in (Large) #5810,AH7-3,https://www.all-wall.com/AH7-3-Columbia-Angle-Head-Tension-Spring-3in-Large-5810,,,1.9,PreOrder,VERIFIED_PRODUCT,HIGH,EXACT_MPN,DTB_MAP_UNKNOWN,All-Wall displayed MPN AH7-3 exactly matches DTB SKU AH7-3 after punctuation-only normalization. The All-Wall SKU field intentionally stores this MPN; retailer-internal SKU data is not extracted.,2026-09-17T01:42:21Z
Columbia Tools,"Frame Tension Spring - 3.5""",AH7-3.5,AH7-3.5,14.50,,,AH7-3.5 Columbia Angle Head Frame Tension Spring 3.5in #5811,AH7-3.5,https://www.all-wall.com/AH7-3-5-Columbia-Angle-Head-Frame-Tension-Spring-3-5in-5811,,,1.9,PreOrder,VERIFIED_PRODUCT,HIGH,EXACT_MPN,DTB_MAP_UNKNOWN,All-Wall displayed MPN AH7-3.5 exactly matches DTB SKU AH7-3.5 after punctuation-only normalization. The All-Wall SKU field intentionally stores this MPN; retailer-internal SKU data is not extracted.,2026-09-17T01:42:21Z
Columbia Tools,Extension Shaft Bracket,CT127,CT127,28.52,,,CT127 Columbia Taper Extension Shaft Bracket #5988,CT127,https://www.all-wall.com/CT127-Columbia-Taper-Extension-Shaft-Bracket-5988,,,36.56,PreOrder,VERIFIED_PRODUCT,HIGH,EXACT_MPN,DTB_MAP_UNKNOWN,All-Wall displayed MPN CT127 exactly matches DTB SKU CT127 after punctuation-only normalization. The All-Wall SKU field intentionally stores this MPN; retailer-internal SKU data is not extracted.,2026-09-17T01:42:21Z
Columbia Tools,Filler Gasket,MP33,MP33,2.00,,,,,,,,,,NOT_FOUND,,,,No publicly extracted All-Wall displayed MPN exactly equals this DTB SKU after punctuation-only normalization.,2026-09-17T01:42:21Z
Columbia Tools,Filler Nut,MP28,MP28,12.25,,,MP28 Columbia Mud Pump Filler Nut #5875,MP28,https://www.all-wall.com/MP28-Columbia-Mud-Pump-Filler-Nut-5875,,,12.28,PreOrder,VERIFIED_PRODUCT,HIGH,EXACT_MPN,DTB_MAP_UNKNOWN,All-Wall displayed MPN MP28 exactly matches DTB SKU MP28 after punctuation-only normalization. The All-Wall SKU field intentionally stores this MPN; retailer-internal SKU data is not extracted.,2026-09-17T01:42:21Z
Columbia Tools,Filler Studs,MP25,MP25,10.00,,,MP25 Columbia Mud Pump Filler Stud #5872,MP25,https://www.all-wall.com/MP25-Columbia-Mud-Pump-Filler-Stud-5872,,,11.32,PreOrder,VERIFIED_PRODUCT,HIGH,EXACT_MPN,DTB_MAP_UNKNOWN,All-Wall displayed MPN MP25 exactly matches DTB SKU MP25 after punctuation-only normalization. The All-Wall SKU field intentionally stores this MPN; retailer-internal SKU data is not extracted.,2026-09-17T01:42:21Z
Columbia Tools,Foot Valve Casting,MP2,MP2,29.00,,,MP2 Columbia Mud Pump Foot Valve Casting #6162,MP2,https://www.all-wall.com/Columbia-Foot-Valve-Casting,,,33.9,PreOrder,VERIFIED_PRODUCT,HIGH,EXACT_MPN,DTB_MAP_UNKNOWN,All-Wall displayed MPN MP2 exactly matches DTB SKU MP2 after punctuation-only normalization. The All-Wall SKU field intentionally stores this MPN; retailer-internal SKU data is not extracted.,2026-09-17T01:42:21Z
Columbia Tools,Frame Retainer Clip,AH5,AH5,2.00,,,AH5 Columbia Angle Head Frame Retainer Clip #5806,AH5,https://www.all-wall.com/AH5-Columbia-Angle-Head-Frame-Retainer-Clip-5806,,,2.28,PreOrder,VERIFIED_PRODUCT,HIGH,EXACT_MPN,DTB_MAP_UNKNOWN,All-Wall displayed MPN AH5 exactly matches DTB SKU AH5 after punctuation-only normalization. The All-Wall SKU field intentionally stores this MPN; retailer-internal SKU data is not extracted.,2026-09-17T01:42:21Z
Columbia Tools,Funnel Retainer Clip,AH6A,AH6A,19.00,,,Columbia Ball Holder Release Clip Angle Head,AH6A,https://www.all-wall.com/Columbia-Ball-Holder-Release-Clip-Angle-Head,,,23.36,PreOrder,VERIFIED_PRODUCT,HIGH,EXACT_MPN,DTB_MAP_UNKNOWN,All-Wall displayed MPN AH6A exactly matches DTB SKU AH6A after punctuation-only normalization. The All-Wall SKU field intentionally stores this MPN; retailer-internal SKU data is not extracted.,2026-09-17T01:42:21Z
Columbia Tools,Grip Adjuster Housing,MH21,MH21,21.95,,,,,,,,,,NOT_FOUND,,,,No publicly extracted All-Wall displayed MPN exactly equals this DTB SKU after punctuation-only normalization.,2026-09-17T01:42:21Z
Columbia Tools,Grip Adjusting Fastener,MH23,MH23,11.00,,,,,,,,,,NOT_FOUND,,,,No publicly extracted All-Wall displayed MPN exactly equals this DTB SKU after punctuation-only normalization.,2026-09-17T01:42:21Z
Columbia Tools,Grip Adjustment Pin,MH22,MH22,11.00,,,,,,,,,,NOT_FOUND,,,,No publicly extracted All-Wall displayed MPN exactly equals this DTB SKU after punctuation-only normalization.,2026-09-17T01:42:21Z
Columbia Tools,Grip Sleeve Octagon,HH15,HH15,15.00,,,,,,,,,,NOT_FOUND,,,,No publicly extracted All-Wall displayed MPN exactly equals this DTB SKU after punctuation-only normalization.,2026-09-17T01:42:21Z
Columbia Tools,Guard Ring,CT115,CT115,20.00,,,CT115 Columbia Taper Guard Ring #5973,CT115,https://www.all-wall.com/CT115-Columbia-Taper-Guard-Ring-5973,,,22.6,PreOrder,VERIFIED_PRODUCT,HIGH,EXACT_MPN,DTB_MAP_UNKNOWN,All-Wall displayed MPN CT115 exactly matches DTB SKU CT115 after punctuation-only normalization. The All-Wall SKU field intentionally stores this MPN; retailer-internal SKU data is not extracted.,2026-09-17T01:42:21Z
Columbia Tools,Guide Rod Bushing,CT58,CT58,8.00,,,CT58 Columbia Taper Guide Rod Bushing #5834,CT58,https://www.all-wall.com/CT58-Columbia-Taper-Guide-Rod-Bushing-5834,,,10.98,PreOrder,VERIFIED_PRODUCT,HIGH,EXACT_MPN,DTB_MAP_UNKNOWN,All-Wall displayed MPN CT58 exactly matches DTB SKU CT58 after punctuation-only normalization. The All-Wall SKU field intentionally stores this MPN; retailer-internal SKU data is not extracted.,2026-09-17T01:42:21Z
Columbia Tools,Hand Grip Body,CT126,CT126,66.00,,,,,,,,,,NOT_FOUND,,,,No publicly extracted All-Wall displayed MPN exactly equals this DTB SKU after punctuation-only normalization.,2026-09-17T01:42:21Z
Columbia Tools,Hand Grip Guard Ring,CT124,CT124,20.00,,,,,,,,,,NOT_FOUND,,,,No publicly extracted All-Wall displayed MPN exactly equals this DTB SKU after punctuation-only normalization.,2026-09-17T01:42:21Z
Columbia Tools,Handle Clamp,HNS12,HNS12,17.00,,,HNS12 Columbia Nail Spotter Handle Clamp #12533,HNS12,https://www.all-wall.com/HNS12-Columbia-Nail-Spotter-Handle-Clamp-12533,,,19.22,PreOrder,VERIFIED_PRODUCT,HIGH,EXACT_MPN,DTB_MAP_UNKNOWN,All-Wall displayed MPN HNS12 exactly matches DTB SKU HNS12 after punctuation-only normalization. The All-Wall SKU field intentionally stores this MPN; retailer-internal SKU data is not extracted.,2026-09-17T01:42:21Z
Columbia Tools,Handle Connecting Link,CR11,CR11,18.95,,,CR11 Columbia Corner Roller Handle Connecting Link #5567,CR11,https://www.all-wall.com/CR11-Columbia-Corner-Roller-Handle-Connecting-Link-5567,,,30.1,PreOrder,VERIFIED_PRODUCT,HIGH,EXACT_MPN,DTB_MAP_UNKNOWN,All-Wall displayed MPN CR11 exactly matches DTB SKU CR11 after punctuation-only normalization. The All-Wall SKU field intentionally stores this MPN; retailer-internal SKU data is not extracted.,2026-09-17T01:42:21Z
Columbia Tools,Handle Grip,HH35,HH35,7.00,,,Columbia Grip for COL88,HH35,https://www.all-wall.com/Columbia-Grip-for-COL88,,,9.45,PreOrder,VERIFIED_PRODUCT,HIGH,EXACT_MPN,DTB_MAP_UNKNOWN,All-Wall displayed MPN HH35 exactly matches DTB SKU HH35 after punctuation-only normalization. The All-Wall SKU field intentionally stores this MPN; retailer-internal SKU data is not extracted.,2026-09-17T01:42:21Z
Columbia Tools,Handle Grip,MH4,MH4,37.00,,,,,,,,,,NOT_FOUND,,,,No publicly extracted All-Wall displayed MPN exactly equals this DTB SKU after punctuation-only normalization.,2026-09-17T01:42:21Z
Columbia Tools,Handle Grip Bushing,MH11,MH11,6.00,,,,,,,,,,NOT_FOUND,,,,No publicly extracted All-Wall displayed MPN exactly equals this DTB SKU after punctuation-only normalization.,2026-09-17T01:42:21Z
Columbia Tools,"Head Casting - 2""",AH1-2,AH1-2,153.00,,,AH1-2 Columbia Angle Head Body Casting 2in #5797,AH1-2,https://www.all-wall.com/AH1-2-Columbia-Angle-Head-Body-Casting-2in-5797,,,175.48,PreOrder,VERIFIED_PRODUCT,HIGH,EXACT_MPN,DTB_MAP_UNKNOWN,All-Wall displayed MPN AH1-2 exactly matches DTB SKU AH1-2 after punctuation-only normalization. The All-Wall SKU field intentionally stores this MPN; retailer-internal SKU data is not extracted.,2026-09-17T01:42:21Z
Columbia Tools,"Head Casting - 2.5""",AH1-2.5,AH1-2.5,173.85,,,AH1-2.5 Columbia Angle Head Body Casting 2.5in #5798,AH1-2.5,https://www.all-wall.com/AH1-2-5-Columbia-Angle-Head-Body-Casting-2-5in-5798,,,175.48,PreOrder,VERIFIED_PRODUCT,HIGH,EXACT_MPN,DTB_MAP_UNKNOWN,All-Wall displayed MPN AH1-2.5 exactly matches DTB SKU AH1-2.5 after punctuation-only normalization. The All-Wall SKU field intentionally stores this MPN; retailer-internal SKU data is not extracted.,2026-09-17T01:42:21Z
Columbia Tools,"Head Casting - 3""",AH1-3,AH1-3,153.00,,,,,,,,,,NOT_FOUND,,,,No publicly extracted All-Wall displayed MPN exactly equals this DTB SKU after punctuation-only normalization.,2026-09-17T01:42:21Z
Columbia Tools,"Head Casting - 3.5""",AH1-3.5,AH1-3.5,153.00,,,AH1-3.5 Columbia Angle Head Body Casting 3.5in #5800,AH1-3.5,https://www.all-wall.com/AH1-3-5-Columbia-Angle-Head-Body-Casting-3-5in-5800,,,175.48,PreOrder,VERIFIED_PRODUCT,HIGH,EXACT_MPN,DTB_MAP_UNKNOWN,All-Wall displayed MPN AH1-3.5 exactly matches DTB SKU AH1-3.5 after punctuation-only normalization. The All-Wall SKU field intentionally stores this MPN; retailer-internal SKU data is not extracted.,2026-09-17T01:42:21Z
Columbia Tools,Hinge Box End Plate - Right,HFFB3,HFFB3,36.00,,,,,,,,,,NOT_FOUND,,,,No publicly extracted All-Wall displayed MPN exactly equals this DTB SKU after punctuation-only normalization.,2026-09-17T01:42:21Z
Columbia Tools,Hinge Box End Plate - Left,HFFB3A,HFFB3A,36.00,,,,,,,,,,NOT_FOUND,,,,No publicly extracted All-Wall displayed MPN exactly equals this DTB SKU after punctuation-only normalization.,2026-09-17T01:42:21Z
Columbia Tools,Handle Link,MP6,MP6,33.00,,,MP6 Columbia Mud Pump Handle Link #6165,MP6,https://www.all-wall.com/MP6-Columbia-Mud-Pump-Handle-Link-6165,,,37.66,PreOrder,VERIFIED_PRODUCT,HIGH,EXACT_MPN,DTB_MAP_UNKNOWN,All-Wall displayed MPN MP6 exactly matches DTB SKU MP6 after punctuation-only normalization. The All-Wall SKU field intentionally stores this MPN; retailer-internal SKU data is not extracted.,2026-09-17T01:42:21Z
Columbia Tools,Handle Link Assembly,HNSA-14,HNSA14,45.00,,,,,,,,,,NOT_FOUND,,,,No publicly extracted All-Wall displayed MPN exactly equals this DTB SKU after punctuation-only normalization.,2026-09-17T01:42:21Z
Columbia Tools,Handle Mount Plate,MH1,MH1,75.00,,,,,,,,,,NOT_FOUND,,,,No publicly extracted All-Wall displayed MPN exactly equals this DTB SKU after punctuation-only normalization.,2026-09-17T01:42:21Z
Columbia Tools,Handle Mounting Swivel,CR6,CR6,24.95,,,CR6 Columbia Corner Roller Handle Mounting Swivel #5565,CR6,https://www.all-wall.com/CR6-Columbia-Corner-Roller-Handle-Mounting-Swivel-5565,,,17.68,PreOrder,VERIFIED_PRODUCT,HIGH,EXACT_MPN,DTB_MAP_UNKNOWN,All-Wall displayed MPN CR6 exactly matches DTB SKU CR6 after punctuation-only normalization. The All-Wall SKU field intentionally stores this MPN; retailer-internal SKU data is not extracted.,2026-09-17T01:42:21Z
Columbia Tools,Handle Pin Assembly,HPA-48,HPA48,5.00,,,,,,,,,,NOT_FOUND,,,,No publicly extracted All-Wall displayed MPN exactly equals this DTB SKU after punctuation-only normalization.,2026-09-17T01:42:21Z
Columbia Tools,Handle Tube,HH8,HH8,45.00,,,,,,,,,,NOT_FOUND,,,,No publicly extracted All-Wall displayed MPN exactly equals this DTB SKU after punctuation-only normalization.,2026-09-17T01:42:21Z
Columbia Tools,Head Bushing,MP5,MP5,13.95,,,MP5 Columbia Mud Pump Head Bushing #6164,MP5,https://www.all-wall.com/MP5-Columbia-Mud-Pump-Head-Bushing-6164,,,26.38,PreOrder,VERIFIED_PRODUCT,HIGH,EXACT_MPN,DTB_MAP_UNKNOWN,All-Wall displayed MPN MP5 exactly matches DTB SKU MP5 after punctuation-only normalization. The All-Wall SKU field intentionally stores this MPN; retailer-internal SKU data is not extracted.,2026-09-17T01:42:21Z
Columbia Tools,Head Casting,CR1,CR1,136.89,,,CR1 Columbia Corner Roller Head Casting #5561,CR1,https://www.all-wall.com/CR1-Columbia-Corner-Roller-Head-Casting-5561,,,58.5,PreOrder,VERIFIED_PRODUCT,HIGH,EXACT_MPN,DTB_MAP_UNKNOWN,All-Wall displayed MPN CR1 exactly matches DTB SKU CR1 after punctuation-only normalization. The All-Wall SKU field intentionally stores this MPN; retailer-internal SKU data is not extracted.,2026-09-17T01:42:21Z
Columbia Tools,Hex Bolt,FFB39,FFB39,3.00,,,,,,,,,,NOT_FOUND,,,,No publicly extracted All-Wall displayed MPN exactly equals this DTB SKU after punctuation-only normalization.,2026-09-17T01:42:21Z
Columbia Tools,Hinge Block,CT20,CT20,24.95,,,CT20 Columbia Taper Hinge Block #5595,CT20,https://www.all-wall.com/CT20-Columbia-Taper-Hinge-Block-5595,,,11.72,PreOrder,VERIFIED_PRODUCT,HIGH,EXACT_MPN,DTB_MAP_UNKNOWN,All-Wall displayed MPN CT20 exactly matches DTB SKU CT20 after punctuation-only normalization. The All-Wall SKU field intentionally stores this MPN; retailer-internal SKU data is not extracted.,2026-09-17T01:42:21Z
Columbia Tools,Hinge Bushing (Plastic Washer),CFB15A,CFB15A,8.50,,,CFB15A Columbia Angle Box Hinge Bushing #5553,CFB15A,https://www.all-wall.com/CFB15A-Columbia-Angle-Box-Hinge-Bushing-5553,,,2.75,PreOrder,VERIFIED_PRODUCT,HIGH,EXACT_MPN,DTB_MAP_UNKNOWN,All-Wall displayed MPN CFB15A exactly matches DTB SKU CFB15A after punctuation-only normalization. The All-Wall SKU field intentionally stores this MPN; retailer-internal SKU data is not extracted.,2026-09-17T01:42:21Z
Columbia Tools,Hinge Pin,BH6,BH6,11.25,,,,,,,,,,NOT_FOUND,,,,No publicly extracted All-Wall displayed MPN exactly equals this DTB SKU after punctuation-only normalization.,2026-09-17T01:42:21Z
Columbia Tools,Hinge Pin,MH6,MH6,4.00,,,,,,,,,,NOT_FOUND,,,,No publicly extracted All-Wall displayed MPN exactly equals this DTB SKU after punctuation-only normalization.,2026-09-17T01:42:21Z
Columbia Tools,Hollow Shaft,CT79,CT79,38.50,,,CT79 Columbia Taper Hollow Shaft #5851,CT79,https://www.all-wall.com/CT79-Columbia-Taper-Hollow-Shaft-5851,,,45.18,PreOrder,VERIFIED_PRODUCT,HIGH,EXACT_MPN,DTB_MAP_UNKNOWN,All-Wall displayed MPN CT79 exactly matches DTB SKU CT79 after punctuation-only normalization. The All-Wall SKU field intentionally stores this MPN; retailer-internal SKU data is not extracted.,2026-09-17T01:42:21Z
Columbia Tools,Hub,CT68,CT68,15.00,,,CT68 Columbia Taper Hub #5842,CT68,https://www.all-wall.com/CT68-Columbia-Taper-Hub-5842,,,18.08,PreOrder,VERIFIED_PRODUCT,HIGH,EXACT_MPN,DTB_MAP_UNKNOWN,All-Wall displayed MPN CT68 exactly matches DTB SKU CT68 after punctuation-only normalization. The All-Wall SKU field intentionally stores this MPN; retailer-internal SKU data is not extracted.,2026-09-17T01:42:21Z
Columbia Tools,Insert Bushing for CT#7A,CT2,CT2,5.00,,,CT2 Columbia Taper Insert Bushing #5571,CT2,https://www.all-wall.com/CT2-Columbia-Taper-Insert-Bushing-5571,,,5.65,PreOrder,VERIFIED_PRODUCT,HIGH,EXACT_MPN,DTB_MAP_UNKNOWN,All-Wall displayed MPN CT2 exactly matches DTB SKU CT2 after punctuation-only normalization. The All-Wall SKU field intentionally stores this MPN; retailer-internal SKU data is not extracted.,2026-09-17T01:42:21Z
Columbia Tools,Large Nyliner Bushing,MH13,MH13,5.00,,,,,,,,,,NOT_FOUND,,,,No publicly extracted All-Wall displayed MPN exactly equals this DTB SKU after punctuation-only normalization.,2026-09-17T01:42:21Z
Columbia Tools,Wafer Bushing - Left,CT4,CT4,2.00,,,CT4 Columbia Taper Left Wafer Bushing #5574,CT4,https://www.all-wall.com/CT4-Columbia-Taper-Left-Wafer-Bushing-5574,,,1.88,PreOrder,VERIFIED_PRODUCT,HIGH,EXACT_MPN,DTB_MAP_UNKNOWN,All-Wall displayed MPN CT4 exactly matches DTB SKU CT4 after punctuation-only normalization. The All-Wall SKU field intentionally stores this MPN; retailer-internal SKU data is not extracted.,2026-09-17T01:42:21Z
Columbia Tools,Wafer Bushing - Right,CT5,CT5,11.50,,,CT5 Columbia Taper Right Wafer Bushing #5575,CT5,https://www.all-wall.com/CT5-Columbia-Taper-Right-Wafer-Bushing-5575,,,1.88,PreOrder,VERIFIED_PRODUCT,HIGH,EXACT_MPN,DTB_MAP_UNKNOWN,All-Wall displayed MPN CT5 exactly matches DTB SKU CT5 after punctuation-only normalization. The All-Wall SKU field intentionally stores this MPN; retailer-internal SKU data is not extracted.,2026-09-17T01:42:21Z
Columbia Tools,Latch Clamp Assembly,HP47,HP47,28.95,,,,,,,,,,NOT_FOUND,,,,No publicly extracted All-Wall displayed MPN exactly equals this DTB SKU after punctuation-only normalization.,2026-09-17T01:42:21Z
Columbia Tools,Latch Keeper,HP46,HP46,19.75,,,HP46 Columbia Mud Pump Latch Keeper #6155,HP46,https://www.all-wall.com/HP46-Columbia-Mud-Pump-Latch-Keeper-6155,,,5.48,PreOrder,VERIFIED_PRODUCT,HIGH,EXACT_MPN,DTB_MAP_UNKNOWN,All-Wall displayed MPN HP46 exactly matches DTB SKU HP46 after punctuation-only normalization. The All-Wall SKU field intentionally stores this MPN; retailer-internal SKU data is not extracted.,2026-09-17T01:42:21Z
Columbia Tools,Leg,MP8,MP8,71.00,,,MP8 Columbia Mud Pump Leg #6168,MP8,https://www.all-wall.com/MP8-Columbia-Mud-Pump-Leg-6168,,,86.62,PreOrder,VERIFIED_PRODUCT,HIGH,EXACT_MPN,DTB_MAP_UNKNOWN,All-Wall displayed MPN MP8 exactly matches DTB SKU MP8 after punctuation-only normalization. The All-Wall SKU field intentionally stores this MPN; retailer-internal SKU data is not extracted.,2026-09-17T01:42:21Z
Columbia Tools,Line Pincher,HH17C,HH17C,4.00,,,,,,,,,,NOT_FOUND,,,,No publicly extracted All-Wall displayed MPN exactly equals this DTB SKU after punctuation-only normalization.,2026-09-17T01:42:21Z
Columbia Tools,Lower Brake Lever,BH4,BH4,22.53,,,,,,,,,,NOT_FOUND,,,,No publicly extracted All-Wall displayed MPN exactly equals this DTB SKU after punctuation-only normalization.,2026-09-17T01:42:21Z
Columbia Tools,Lower Mount Bracket,MH3,MH3,33.00,,,,,,,,,,NOT_FOUND,,,,No publicly extracted All-Wall displayed MPN exactly equals this DTB SKU after punctuation-only normalization.,2026-09-17T01:42:21Z
Columbia Tools,Lower Mounting Bracket,BH3,BH3,32.00,,,,,,,,,,NOT_FOUND,,,,No publicly extracted All-Wall displayed MPN exactly equals this DTB SKU after punctuation-only normalization.,2026-09-17T01:42:21Z
Columbia Tools,Manual Drive Grip,CT80,CT80,18.75,,,CT80 Columbia Taper Manual Drive Grip #5852,CT80,https://www.all-wall.com/CT80-Columbia-Taper-Manual-Drive-Grip-5852,,,43.84,PreOrder,VERIFIED_PRODUCT,HIGH,EXACT_MPN,DTB_MAP_UNKNOWN,All-Wall displayed MPN CT80 exactly matches DTB SKU CT80 after punctuation-only normalization. The All-Wall SKU field intentionally stores this MPN; retailer-internal SKU data is not extracted.,2026-09-17T01:42:21Z
Columbia Tools,Matrix Handle Head,MH2,MH2,4.00,,,,,,,,,,NOT_FOUND,,,,No publicly extracted All-Wall displayed MPN exactly equals this DTB SKU after punctuation-only normalization.,2026-09-17T01:42:21Z
Columbia Tools,Micro Chain,CT43,CT43,28.52,,,CT43 Columbia Taper Micro Chain #5618,CT43,https://www.all-wall.com/Columbia-Micro-Chain-Cutter,,,37.66,PreOrder,VERIFIED_PRODUCT,HIGH,EXACT_MPN,DTB_MAP_UNKNOWN,All-Wall displayed MPN CT43 exactly matches DTB SKU CT43 after punctuation-only normalization. The All-Wall SKU field intentionally stores this MPN; retailer-internal SKU data is not extracted.,2026-09-17T01:42:21Z
Columbia Tools,Mounting Bracket Stem,MH3A,MH3A,4.00,,,,,,,,,,NOT_FOUND,,,,No publicly extracted All-Wall displayed MPN exactly equals this DTB SKU after punctuation-only normalization.,2026-09-17T01:42:21Z
Columbia Tools,Mounting Plate,BH1,BH1,54.64,,,,,,,,,,NOT_FOUND,,,,No publicly extracted All-Wall displayed MPN exactly equals this DTB SKU after punctuation-only normalization.,2026-09-17T01:42:21Z
Columbia Tools,Mud Pump Screen,MP24,MP24,4.00,,,MP24 Columbia Mud Pump Mud Pump Screen (Coarse) #6178,MP24,https://www.all-wall.com/MP24-Columbia-Mud-Pump-Mud-Pump-Screen-Coarse-6178,,,5.65,PreOrder,VERIFIED_PRODUCT,HIGH,EXACT_MPN,DTB_MAP_UNKNOWN,All-Wall displayed MPN MP24 exactly matches DTB SKU MP24 after punctuation-only normalization. The All-Wall SKU field intentionally stores this MPN; retailer-internal SKU data is not extracted.,2026-09-17T01:42:21Z
Columbia Tools,Mud Pump Seal,MP23,MP23,16.50,,,MP23 Columbia Mud Pump Mud Pump Seal #6176,MP23,https://www.all-wall.com/MP23-Columbia-Mud-Pump-Mud-Pump-Seal-6176,,,5.65,PreOrder,VERIFIED_PRODUCT,HIGH,EXACT_MPN,DTB_MAP_UNKNOWN,All-Wall displayed MPN MP23 exactly matches DTB SKU MP23 after punctuation-only normalization. The All-Wall SKU field intentionally stores this MPN; retailer-internal SKU data is not extracted.,2026-09-17T01:42:21Z
Columbia Tools,"Mud Seal Strip - 10""",HFFB1A-10,HFFB1A,10.00,,,,,,,,,,NOT_FOUND,,,,No publicly extracted All-Wall displayed MPN exactly equals this DTB SKU after punctuation-only normalization.,2026-09-17T01:42:21Z
Columbia Tools,Mud Shut-Off Gasket,CT96,CT96,4.00,,,CT96 Columbia Taper Mud Shut Off Gasket #5871,CT96,https://www.all-wall.com/CT96-Columbia-Taper-Mud-Shut-Off-Gasket-5871,,,3.28,PreOrder,VERIFIED_PRODUCT,HIGH,EXACT_MPN,DTB_MAP_UNKNOWN,All-Wall displayed MPN CT96 exactly matches DTB SKU CT96 after punctuation-only normalization. The All-Wall SKU field intentionally stores this MPN; retailer-internal SKU data is not extracted.,2026-09-17T01:42:21Z
Columbia Tools,Mud Supply Seal Plate & Shaft,CT98,CT98,24.95,,,CT98 Columbia Taper Mud Supply Seal Plate #5960,CT98,https://www.all-wall.com/CT98-Columbia-Taper-Mud-Supply-Seal-Plate-5960,,,7.53,PreOrder,VERIFIED_PRODUCT,HIGH,EXACT_MPN,DTB_MAP_UNKNOWN,All-Wall displayed MPN CT98 exactly matches DTB SKU CT98 after punctuation-only normalization. The All-Wall SKU field intentionally stores this MPN; retailer-internal SKU data is not extracted.,2026-09-17T01:42:21Z
Columbia Tools,Mud Supply Valve Body,CT97,CT97,34.50,,,CT97 Columbia Taper Mud Supply Valve Body #5959,CT97,https://www.all-wall.com/CT97-Columbia-Taper-Mud-Supply-Valve-Body-5959,,,30.14,PreOrder,VERIFIED_PRODUCT,HIGH,EXACT_MPN,DTB_MAP_UNKNOWN,All-Wall displayed MPN CT97 exactly matches DTB SKU CT97 after punctuation-only normalization. The All-Wall SKU field intentionally stores this MPN; retailer-internal SKU data is not extracted.,2026-09-17T01:42:21Z
Columbia Tools,Mud Supply Valve Unit,CFB6,CFB6,29.00,,,CFB6 Columbia Angle Box Mud Supply Valve Unit #5545,CFB6,https://www.all-wall.com/CFB6-Columbia-Angle-Box-Mud-Supply-Valve-Unit-5545,,,32.18,PreOrder,VERIFIED_PRODUCT,HIGH,EXACT_MPN,DTB_MAP_UNKNOWN,All-Wall displayed MPN CFB6 exactly matches DTB SKU CFB6 after punctuation-only normalization. The All-Wall SKU field intentionally stores this MPN; retailer-internal SKU data is not extracted.,2026-09-17T01:42:21Z
Columbia Tools,Nail Spotter Handle Tightness Screw,HNS17A,HNS17A,5.00,,,Columbia Nail Spotter Handle Tightness Screw - HNS17A,HNS17A,https://www.all-wall.com/HNS17A-Columbia-Nail-Spotter-Handle-Tightness-Screw-12538,,,4.82,PreOrder,VERIFIED_PRODUCT,HIGH,EXACT_MPN,DTB_MAP_UNKNOWN,All-Wall displayed MPN HNS17A exactly matches DTB SKU HNS17A after punctuation-only normalization. The All-Wall SKU field intentionally stores this MPN; retailer-internal SKU data is not extracted.,2026-09-17T01:42:21Z
Columbia Tools,Needle,CT63,CT63,2.00,,,,,,,,,,NOT_FOUND,,,,No publicly extracted All-Wall displayed MPN exactly equals this DTB SKU after punctuation-only normalization.,2026-09-17T01:42:21Z
Columbia Tools,Needle Holding Shaft,CT62,CT62,16.00,,,CT62 Columbia Taper Needle Holding Shaft #5836,CT62,https://www.all-wall.com/CT62-Columbia-Taper-Needle-Holding-Shaft-5836,,,19.56,PreOrder,VERIFIED_PRODUCT,HIGH,EXACT_MPN,DTB_MAP_UNKNOWN,All-Wall displayed MPN CT62 exactly matches DTB SKU CT62 after punctuation-only normalization. The All-Wall SKU field intentionally stores this MPN; retailer-internal SKU data is not extracted.,2026-09-17T01:42:21Z
Columbia Tools,Piston Backing Washer - Small,MP13A,MP13A,12.50,,,MP13A Columbia Mud Pump Piston Backing Washer (Small) #6174,MP13A,https://www.all-wall.com/MP13A-Columbia-Mud-Pump-Piston-Backing-Washer-Small-6174,,,13.56,PreOrder,VERIFIED_PRODUCT,HIGH,EXACT_MPN,DTB_MAP_UNKNOWN,All-Wall displayed MPN MP13A exactly matches DTB SKU MP13A after punctuation-only normalization. The All-Wall SKU field intentionally stores this MPN; retailer-internal SKU data is not extracted.,2026-09-17T01:42:21Z
Columbia Tools,Piston Backing Washer - Large,MP13,MP13,14.25,,,MP13 Columbia Mud Pump Piston Backing Washer (Large) #6173,MP13,https://www.all-wall.com/MP13-Columbia-Mud-Pump-Piston-Backing-Washer-Large-6173,,,10.98,PreOrder,VERIFIED_PRODUCT,HIGH,EXACT_MPN,DTB_MAP_UNKNOWN,All-Wall displayed MPN MP13 exactly matches DTB SKU MP13 after punctuation-only normalization. The All-Wall SKU field intentionally stores this MPN; retailer-internal SKU data is not extracted.,2026-09-17T01:42:21Z
Columbia Tools,Needle Return Shaft,CT64,CT64,6.00,,,CT64 Columbia Taper Needle Return Shaft #5838,CT64,https://www.all-wall.com/CT64-Columbia-Taper-Needle-Return-Shaft-5838,,,7.53,PreOrder,VERIFIED_PRODUCT,HIGH,EXACT_MPN,DTB_MAP_UNKNOWN,All-Wall displayed MPN CT64 exactly matches DTB SKU CT64 after punctuation-only normalization. The All-Wall SKU field intentionally stores this MPN; retailer-internal SKU data is not extracted.,2026-09-17T01:42:21Z
Columbia Tools,Needle Return Spring,CT65,CT65,4.00,,,CT65 Columbia Taper Needle Return Spring #5839,CT65,https://www.all-wall.com/CT65-Columbia-Taper-Needle-Return-Spring-5839,,,5.2,PreOrder,VERIFIED_PRODUCT,HIGH,EXACT_MPN,DTB_MAP_UNKNOWN,All-Wall displayed MPN CT65 exactly matches DTB SKU CT65 after punctuation-only normalization. The All-Wall SKU field intentionally stores this MPN; retailer-internal SKU data is not extracted.,2026-09-17T01:42:21Z
Columbia Tools,Nylatron Bushing,HFFB4D,HFFB4D,3.00,,,,,,,,,,NOT_FOUND,,,,No publicly extracted All-Wall displayed MPN exactly equals this DTB SKU after punctuation-only normalization.,2026-09-17T01:42:21Z
Columbia Tools,Nylatron Bushing,MP36,MP36,11.50,,,MP36 Columbia Mud Pump Nylatron Bushing #5879,MP36,https://www.all-wall.com/MP36-Columbia-Mud-Pump-Nylatron-Bushing-5879,,,7.3,PreOrder,VERIFIED_PRODUCT,HIGH,EXACT_MPN,DTB_MAP_UNKNOWN,All-Wall displayed MPN MP36 exactly matches DTB SKU MP36 after punctuation-only normalization. The All-Wall SKU field intentionally stores this MPN; retailer-internal SKU data is not extracted.,2026-09-17T01:42:21Z
Columbia Tools,Nylatron Washer,CT76,CT76,6.25,,,CT76 Columbia Taper Nylatron Washer #5847,CT76,https://www.all-wall.com/CT76-Columbia-Taper-Nylatron-Washer-5847,,,1.43,PreOrder,VERIFIED_PRODUCT,HIGH,EXACT_MPN,DTB_MAP_UNKNOWN,All-Wall displayed MPN CT76 exactly matches DTB SKU CT76 after punctuation-only normalization. The All-Wall SKU field intentionally stores this MPN; retailer-internal SKU data is not extracted.,2026-09-17T01:42:21Z
Columbia Tools,Nyliner Bearing,FFB38,FFB38,2.00,,,,,,,,,,NOT_FOUND,,,,No publicly extracted All-Wall displayed MPN exactly equals this DTB SKU after punctuation-only normalization.,2026-09-17T01:42:21Z
Columbia Tools,O Ring Enclosure,HP45,HP45,22.00,,,HP45 Columbia Mud Pump O-Ring Enclosure #6154,HP45,https://www.all-wall.com/HP45-Columbia-Mud-Pump-O-Ring-Enclosure-6154,,,22.6,PreOrder,VERIFIED_PRODUCT,HIGH,EXACT_MPN,DTB_MAP_UNKNOWN,All-Wall displayed MPN HP45 exactly matches DTB SKU HP45 after punctuation-only normalization. The All-Wall SKU field intentionally stores this MPN; retailer-internal SKU data is not extracted.,2026-09-17T01:42:21Z
Columbia Tools,O-Ring,CT121A,CT121A,2.00,,,,,,,,,,NOT_FOUND,,,,No publicly extracted All-Wall displayed MPN exactly equals this DTB SKU after punctuation-only normalization.,2026-09-17T01:42:21Z
Columbia Tools,O-Ring,MP23A,MP23A,2.00,,,,,,,,,,NOT_FOUND,,,,No publicly extracted All-Wall displayed MPN exactly equals this DTB SKU after punctuation-only normalization.,2026-09-17T01:42:21Z
Columbia Tools,Octagon,MH10,MH10,36.00,,,,,,,,,,NOT_FOUND,,,,No publicly extracted All-Wall displayed MPN exactly equals this DTB SKU after punctuation-only normalization.,2026-09-17T01:42:21Z
Columbia Tools,Paper Feed Guide,CT19,CT19,30.83,,,CT19 Columbia Taper Paper Feed Guide #5594,CT19,https://www.all-wall.com/CT19-Columbia-Taper-Paper-Feed-Guide-5594,,,40.7,PreOrder,VERIFIED_PRODUCT,HIGH,EXACT_MPN,DTB_MAP_UNKNOWN,All-Wall displayed MPN CT19 exactly matches DTB SKU CT19 after punctuation-only normalization. The All-Wall SKU field intentionally stores this MPN; retailer-internal SKU data is not extracted.,2026-09-17T01:42:21Z
Columbia Tools,Pinch Brake,MH17,MH17,24.50,,,,,,,,,,NOT_FOUND,,,,No publicly extracted All-Wall displayed MPN exactly equals this DTB SKU after punctuation-only normalization.,2026-09-17T01:42:21Z
Columbia Tools,Pinch Brake Activator,MH15,MH15,22.00,,,,,,,,,,NOT_FOUND,,,,No publicly extracted All-Wall displayed MPN exactly equals this DTB SKU after punctuation-only normalization.,2026-09-17T01:42:21Z
Columbia Tools,Pinch Brake Bushing,MH24,MH24,12.75,,,,,,,,,,NOT_FOUND,,,,No publicly extracted All-Wall displayed MPN exactly equals this DTB SKU after punctuation-only normalization.,2026-09-17T01:42:21Z
Columbia Tools,Pinch Brake Housing,MH18,MH18,20.00,,,,,,,,,,NOT_FOUND,,,,No publicly extracted All-Wall displayed MPN exactly equals this DTB SKU after punctuation-only normalization.,2026-09-17T01:42:21Z
Columbia Tools,Pinch Brake Sleeve,MH19,MH19,28.00,,,,,,,,,,NOT_FOUND,,,,No publicly extracted All-Wall displayed MPN exactly equals this DTB SKU after punctuation-only normalization.,2026-09-17T01:42:21Z
Columbia Tools,Pinch Brake Stem,MH25,MH25,14.95,,,,,,,,,,NOT_FOUND,,,,No publicly extracted All-Wall displayed MPN exactly equals this DTB SKU after punctuation-only normalization.,2026-09-17T01:42:21Z
Columbia Tools,PinchBrake Spring,MH12,MH12,4.00,,,,,,,,,,NOT_FOUND,,,,No publicly extracted All-Wall displayed MPN exactly equals this DTB SKU after punctuation-only normalization.,2026-09-17T01:42:21Z
Columbia Tools,Piston Body,CT107,CT107,27.00,,,CT107 Columbia Taper Piston Body #5967,CT107,https://www.all-wall.com/CT107-Columbia-Taper-Piston-Body-5967,,,30.1,PreOrder,VERIFIED_PRODUCT,HIGH,EXACT_MPN,DTB_MAP_UNKNOWN,All-Wall displayed MPN CT107 exactly matches DTB SKU CT107 after punctuation-only normalization. The All-Wall SKU field intentionally stores this MPN; retailer-internal SKU data is not extracted.,2026-09-17T01:42:21Z
Columbia Tools,Piston Cup,CT111,CT111,13.70,,,CT111 Columbia Taper Piston Cup #5969,CT111,https://www.all-wall.com/CT111-Columbia-Taper-Piston-Cup-5969,,,18.08,PreOrder,VERIFIED_PRODUCT,HIGH,EXACT_MPN,DTB_MAP_UNKNOWN,All-Wall displayed MPN CT111 exactly matches DTB SKU CT111 after punctuation-only normalization. The All-Wall SKU field intentionally stores this MPN; retailer-internal SKU data is not extracted.,2026-09-17T01:42:21Z
Columbia Tools,Piston Cup,MP14,MP14,11.75,,,MP14 Columbia Mud Pump Piston Cup #6175,MP14,https://www.all-wall.com/MP14-Columbia-Mud-Pump-Piston-Cup-6175,,,13.56,PreOrder,VERIFIED_PRODUCT,HIGH,EXACT_MPN,DTB_MAP_UNKNOWN,All-Wall displayed MPN MP14 exactly matches DTB SKU MP14 after punctuation-only normalization. The All-Wall SKU field intentionally stores this MPN; retailer-internal SKU data is not extracted.,2026-09-17T01:42:21Z
Columbia Tools,Piston Housing,HH16,HH16,27.00,,,,,,,,,,NOT_FOUND,,,,No publicly extracted All-Wall displayed MPN exactly equals this DTB SKU after punctuation-only normalization.,2026-09-17T01:42:21Z
Columbia Tools,Insert Bushing - Right,CT3,CT3,12.00,,,CT3 Columbia Taper Right Insert Bushing #5572,CT3,https://www.all-wall.com/CT3-Columbia-Taper-Right-Insert-Bushing-5572,,,13.56,PreOrder,VERIFIED_PRODUCT,HIGH,EXACT_MPN,DTB_MAP_UNKNOWN,All-Wall displayed MPN CT3 exactly matches DTB SKU CT3 after punctuation-only normalization. The All-Wall SKU field intentionally stores this MPN; retailer-internal SKU data is not extracted.,2026-09-17T01:42:21Z
Columbia Tools,Insert Bushing - Left,CT3A,CT3A,14.50,,,CT3A Columbia Taper Left Insert Bushing #5573,CT3A,https://www.all-wall.com/CT3A-Columbia-Taper-Left-Insert-Bushing-5573,,,13.56,PreOrder,VERIFIED_PRODUCT,HIGH,EXACT_MPN,DTB_MAP_UNKNOWN,All-Wall displayed MPN CT3A exactly matches DTB SKU CT3A after punctuation-only normalization. The All-Wall SKU field intentionally stores this MPN; retailer-internal SKU data is not extracted.,2026-09-17T01:42:21Z
Columbia Tools,Nylatron Chain Roller - Right (Small),CT29,CT29,13.50,,,CT29 Columbia Taper Nylatron Chain Roller #5602,CT29,https://www.all-wall.com/CT29-Columbia-Taper-Nylatron-Chain-Roller-5602,,,4.7,PreOrder,VERIFIED_PRODUCT,HIGH,EXACT_MPN,DTB_MAP_UNKNOWN,All-Wall displayed MPN CT29 exactly matches DTB SKU CT29 after punctuation-only normalization. The All-Wall SKU field intentionally stores this MPN; retailer-internal SKU data is not extracted.,2026-09-17T01:42:21Z
Columbia Tools,Nylatron Chain Roller - Left (Large),CT29A,CT29A,4.00,,,CT29A Columbia Taper Nylatron Chain Roller (Left) #5603,CT29A,https://www.all-wall.com/CT29A-Columbia-Taper-Nylatron-Chain-Roller-Left-5603,,,4.7,PreOrder,VERIFIED_PRODUCT,HIGH,EXACT_MPN,DTB_MAP_UNKNOWN,All-Wall displayed MPN CT29A exactly matches DTB SKU CT29A after punctuation-only normalization. The All-Wall SKU field intentionally stores this MPN; retailer-internal SKU data is not extracted.,2026-09-17T01:42:21Z
Columbia Tools,Piston O-Ring,HH23,HH23,2.00,,,,,,,,,,NOT_FOUND,,,,No publicly extracted All-Wall displayed MPN exactly equals this DTB SKU after punctuation-only normalization.,2026-09-17T01:42:21Z
Columbia Tools,Piston Shaft,MP11,MP11,28.50,,,MP11 Columbia Mud Pump Piston Shaft #6172,MP11,https://www.all-wall.com/MP11-Columbia-Mud-Pump-Piston-Shaft-6172,,,60.26,PreOrder,VERIFIED_PRODUCT,HIGH,EXACT_MPN,DTB_MAP_UNKNOWN,All-Wall displayed MPN MP11 exactly matches DTB SKU MP11 after punctuation-only normalization. The All-Wall SKU field intentionally stores this MPN; retailer-internal SKU data is not extracted.,2026-09-17T01:42:21Z
Columbia Tools,Pivot,HNS18,HNS18,4.00,,,,,,,,,,NOT_FOUND,,,,No publicly extracted All-Wall displayed MPN exactly equals this DTB SKU after punctuation-only normalization.,2026-09-17T01:42:21Z
Columbia Tools,Plate,BH2,BH2,33.71,,,BH2 Columbia Box Handle 180 Grip Plate - COL handles #12459,BH2,https://www.all-wall.com/BH2-Columbia-Box-Handle-180-Grip-Plate-COL-handles-12459,,,45.84,PreOrder,VERIFIED_PRODUCT,HIGH,EXACT_MPN,DTB_MAP_UNKNOWN,All-Wall displayed MPN BH2 exactly matches DTB SKU BH2 after punctuation-only normalization. The All-Wall SKU field intentionally stores this MPN; retailer-internal SKU data is not extracted.,2026-09-17T01:42:21Z
Columbia Tools,Pump Cylinder,HP1,HP1,52.00,,,Columbia Mud Pump Cylinder (Removable) HP1,HP1,https://www.all-wall.com/Columbia-Mud-Pump-Cylinder-Removable-HP1,,,60.26,PreOrder,VERIFIED_PRODUCT,HIGH,EXACT_MPN,DTB_MAP_UNKNOWN,All-Wall displayed MPN HP1 exactly matches DTB SKU HP1 after punctuation-only normalization. The All-Wall SKU field intentionally stores this MPN; retailer-internal SKU data is not extracted.,2026-09-17T01:42:21Z
Columbia Tools,Pump Flapper Valve,MP3,MP3,4.00,,,MP3 Columbia Mud Pump Pump Flapper Valve #6163,MP3,https://www.all-wall.com/MP3-Columbia-Mud-Pump-Pump-Flapper-Valve-6163,,,4.7,PreOrder,VERIFIED_PRODUCT,HIGH,EXACT_MPN,DTB_MAP_UNKNOWN,All-Wall displayed MPN MP3 exactly matches DTB SKU MP3 after punctuation-only normalization. The All-Wall SKU field intentionally stores this MPN; retailer-internal SKU data is not extracted.,2026-09-17T01:42:21Z
Columbia Tools,Pump Handle,MP7,MP7,87.00,,,MP7 Columbia Mud Pump Handle #6167,MP7,https://www.all-wall.com/MP7-Columbia-Mud-Pump-Handle-6167,,,105.42,PreOrder,VERIFIED_PRODUCT,HIGH,EXACT_MPN,DTB_MAP_UNKNOWN,All-Wall displayed MPN MP7 exactly matches DTB SKU MP7 after punctuation-only normalization. The All-Wall SKU field intentionally stores this MPN; retailer-internal SKU data is not extracted.,2026-09-17T01:42:21Z
Columbia Tools,Ratchet Gear,CT67,CT67,34.50,,,CT67 Columbia Taper Ratchet Gear #5841,CT67,https://www.all-wall.com/CT67-Columbia-Taper-Ratchet-Gear-5841,,,7.53,PreOrder,VERIFIED_PRODUCT,HIGH,EXACT_MPN,DTB_MAP_UNKNOWN,All-Wall displayed MPN CT67 exactly matches DTB SKU CT67 after punctuation-only normalization. The All-Wall SKU field intentionally stores this MPN; retailer-internal SKU data is not extracted.,2026-09-17T01:42:21Z
Columbia Tools,Ratchet Rod for Adjustable Brake,CT15,CT15,6.00,,,,,,,,,,NOT_FOUND,,,,No publicly extracted All-Wall displayed MPN exactly equals this DTB SKU after punctuation-only normalization.,2026-09-17T01:42:21Z
Columbia Tools,Release Clip Bushing,CT92,CT92,10.00,,,CT92 Columbia Taper Release Clip #5866,CT92,https://www.all-wall.com/CT92-Columbia-Taper-Release-Clip-5866,,,12.08,PreOrder,VERIFIED_PRODUCT,HIGH,EXACT_MPN,DTB_MAP_UNKNOWN,All-Wall displayed MPN CT92 exactly matches DTB SKU CT92 after punctuation-only normalization. The All-Wall SKU field intentionally stores this MPN; retailer-internal SKU data is not extracted.,2026-09-17T01:42:21Z
Columbia Tools,Release Clip Pin,HH31,HH31,12.95,,,HH31 Columbia Hydra Handle Release Clip Pin #10204,HH31,https://www.all-wall.com/HH31-Columbia-Hydra-Handle-Release-Clip-Pin-10204,,,16.36,PreOrder,VERIFIED_PRODUCT,HIGH,EXACT_MPN,DTB_MAP_UNKNOWN,All-Wall displayed MPN HH31 exactly matches DTB SKU HH31 after punctuation-only normalization. The All-Wall SKU field intentionally stores this MPN; retailer-internal SKU data is not extracted.,2026-09-17T01:42:21Z
Columbia Tools,Release Clip Washer,HH32,HH32,22.00,,,HH32 Columbia Hydra Handle Release Clip Washer #10205,HH32,https://www.all-wall.com/HH32-Columbia-Hydra-Handle-Release-Clip-Washer-10205,,,27.26,PreOrder,VERIFIED_PRODUCT,HIGH,EXACT_MPN,DTB_MAP_UNKNOWN,All-Wall displayed MPN HH32 exactly matches DTB SKU HH32 after punctuation-only normalization. The All-Wall SKU field intentionally stores this MPN; retailer-internal SKU data is not extracted.,2026-09-17T01:42:21Z
Columbia Tools,Release Rod Sleeve,CT89,CT89,13.70,,,CT89 Columbia Taper Release Rod Sleeve #5863,CT89,https://www.all-wall.com/CT89-Columbia-Taper-Release-Rod-Sleeve-5863,,,18.1,PreOrder,VERIFIED_PRODUCT,HIGH,EXACT_MPN,DTB_MAP_UNKNOWN,All-Wall displayed MPN CT89 exactly matches DTB SKU CT89 after punctuation-only normalization. The All-Wall SKU field intentionally stores this MPN; retailer-internal SKU data is not extracted.,2026-09-17T01:42:21Z
Columbia Tools,Return Spring,AH1B,AH1B,3.00,,,,,,,,,,NOT_FOUND,,,,No publicly extracted All-Wall displayed MPN exactly equals this DTB SKU after punctuation-only normalization.,2026-09-17T01:42:21Z
Columbia Tools,Return Spring,CT101,CT101,9.25,,,CT101 Columbia Taper Return Spring #5961,CT101,https://www.all-wall.com/CT101-Columbia-Taper-Return-Spring-5961,,,4.15,PreOrder,VERIFIED_PRODUCT,HIGH,EXACT_MPN,DTB_MAP_UNKNOWN,All-Wall displayed MPN CT101 exactly matches DTB SKU CT101 after punctuation-only normalization. The All-Wall SKU field intentionally stores this MPN; retailer-internal SKU data is not extracted.,2026-09-17T01:42:21Z
Columbia Tools,Return Spring,CT54,CT54,3.00,,,,,,,,,,NOT_FOUND,,,,No publicly extracted All-Wall displayed MPN exactly equals this DTB SKU after punctuation-only normalization.,2026-09-17T01:42:21Z
Columbia Tools,Return Spring Ring,CT40,CT40,2.00,,,,,,,,,,NOT_FOUND,,,,No publicly extracted All-Wall displayed MPN exactly equals this DTB SKU after punctuation-only normalization.,2026-09-17T01:42:21Z
Columbia Tools,Return Spring Tube,CT36,CT36,33.00,,,CT36 Columbia Taper Return Spring Tube #5609,CT36,https://www.all-wall.com/CT36-Columbia-Taper-Return-Spring-Tube-5609,,,39.16,PreOrder,VERIFIED_PRODUCT,HIGH,EXACT_MPN,DTB_MAP_UNKNOWN,All-Wall displayed MPN CT36 exactly matches DTB SKU CT36 after punctuation-only normalization. The All-Wall SKU field intentionally stores this MPN; retailer-internal SKU data is not extracted.,2026-09-17T01:42:21Z
Columbia Tools,Rlease Trigger Spring,HH33,HH33,11.75,,,HH33 Columbia Hydra Handle Release Clip Spring #10206,HH33,https://www.all-wall.com/HH33-Columbia-Hydra-Handle-Release-Clip-Spring-10206,,,7.3,PreOrder,VERIFIED_PRODUCT,HIGH,EXACT_MPN,DTB_MAP_UNKNOWN,All-Wall displayed MPN HH33 exactly matches DTB SKU HH33 after punctuation-only normalization. The All-Wall SKU field intentionally stores this MPN; retailer-internal SKU data is not extracted.,2026-09-17T01:42:21Z
Columbia Tools,Shoe - Right,FFB7,FFB7,42.95,,,,,,,,,,NOT_FOUND,,,,No publicly extracted All-Wall displayed MPN exactly equals this DTB SKU after punctuation-only normalization.,2026-09-17T01:42:21Z
Columbia Tools,Shoe - Left,FFB7A,FFB7A,42.95,,,,,,,,,,NOT_FOUND,,,,No publicly extracted All-Wall displayed MPN exactly equals this DTB SKU after punctuation-only normalization.,2026-09-17T01:42:21Z
Columbia Tools,"Side Plate - 7""",CFB3-7,CFB3-7,40.00,,,CFB3-7 Columbia Angle Box Side Plate 7in #5540,CFB3-7,https://www.all-wall.com/CFB3-7-Columbia-Angle-Box-Side-Plate-7in-5540,,,43.84,PreOrder,VERIFIED_PRODUCT,HIGH,EXACT_MPN,DTB_MAP_UNKNOWN,All-Wall displayed MPN CFB3-7 exactly matches DTB SKU CFB3-7 after punctuation-only normalization. The All-Wall SKU field intentionally stores this MPN; retailer-internal SKU data is not extracted.,2026-09-17T01:42:21Z
Columbia Tools,"Side Plate - 8""",CFB3-8,CFB3-8,40.00,,,CFB3-8 Columbia Angle Box Side Plate 8in #5541,CFB3-8,https://www.all-wall.com/CFB3-8-Columbia-Angle-Box-Side-Plate-8in-5541,,,43.84,PreOrder,VERIFIED_PRODUCT,HIGH,EXACT_MPN,DTB_MAP_UNKNOWN,All-Wall displayed MPN CFB3-8 exactly matches DTB SKU CFB3-8 after punctuation-only normalization. The All-Wall SKU field intentionally stores this MPN; retailer-internal SKU data is not extracted.,2026-09-17T01:42:21Z
Columbia Tools,Rod Sleeve Housing,CT90,CT90,22.50,,,CT90 Columbia Taper Rod Sleeve Housing #5864,CT90,https://www.all-wall.com/CT90-Columbia-Taper-Rod-Sleeve-Housing-5864,,,30.1,PreOrder,VERIFIED_PRODUCT,HIGH,EXACT_MPN,DTB_MAP_UNKNOWN,All-Wall displayed MPN CT90 exactly matches DTB SKU CT90 after punctuation-only normalization. The All-Wall SKU field intentionally stores this MPN; retailer-internal SKU data is not extracted.,2026-09-17T01:42:21Z
Columbia Tools,Roll Pin,HNS12A,HNS12A,6.00,,,HNS12A Columbia Nail Spotter Handle Roll Pin #12534,HNS12A,https://www.all-wall.com/HNS12A-Columbia-Nail-Spotter-Handle-Roll-Pin-12534,,,8.01,PreOrder,VERIFIED_PRODUCT,HIGH,EXACT_MPN,DTB_MAP_UNKNOWN,All-Wall displayed MPN HNS12A exactly matches DTB SKU HNS12A after punctuation-only normalization. The All-Wall SKU field intentionally stores this MPN; retailer-internal SKU data is not extracted.,2026-09-17T01:42:21Z
Columbia Tools,Roll Pin Bushing,HNS13,HNS13,9.95,,,HNS13 Columbia Nail Spotter Roll Pin Bushing #12535,HNS13,https://www.all-wall.com/HNS13-Columbia-Nail-Spotter-Roll-Pin-Bushing-12535,,,4.78,PreOrder,VERIFIED_PRODUCT,HIGH,EXACT_MPN,DTB_MAP_UNKNOWN,All-Wall displayed MPN HNS13 exactly matches DTB SKU HNS13 after punctuation-only normalization. The All-Wall SKU field intentionally stores this MPN; retailer-internal SKU data is not extracted.,2026-09-17T01:42:21Z
Columbia Tools,Roller,CR2,CR2,12.00,,,Columbia Corner Roller Wheel Part#CR2 - 2pc,CR2,https://www.all-wall.com/Columbia-RollerWheel-CR2,,,20.64,PreOrder,VERIFIED_PRODUCT,HIGH,EXACT_MPN,DTB_MAP_UNKNOWN,All-Wall displayed MPN CR2 exactly matches DTB SKU CR2 after punctuation-only normalization. The All-Wall SKU field intentionally stores this MPN; retailer-internal SKU data is not extracted.,2026-09-17T01:42:21Z
Columbia Tools,Roller Bushing,CT28,CT28,10.75,,,CT28 Columbia Taper Roller Bushing #5601,CT28,https://www.all-wall.com/CT28-Columbia-Taper-Roller-Bushing-5601,,,5.65,PreOrder,VERIFIED_PRODUCT,HIGH,EXACT_MPN,DTB_MAP_UNKNOWN,All-Wall displayed MPN CT28 exactly matches DTB SKU CT28 after punctuation-only normalization. The All-Wall SKU field intentionally stores this MPN; retailer-internal SKU data is not extracted.,2026-09-17T01:42:21Z
Columbia Tools,Rollers,CT125,CT125,15.25,,,CT125 Columbia Taper Roller #5985,CT125,https://www.all-wall.com/CT125-Columbia-Taper-Roller-5985,,,4.7,PreOrder,VERIFIED_PRODUCT,HIGH,EXACT_MPN,DTB_MAP_UNKNOWN,All-Wall displayed MPN CT125 exactly matches DTB SKU CT125 after punctuation-only normalization. The All-Wall SKU field intentionally stores this MPN; retailer-internal SKU data is not extracted.,2026-09-17T01:42:21Z
Columbia Tools,Rubber for Box Wheel,FFB37,FFB37,2.00,,,,,,,,,,NOT_FOUND,,,,No publicly extracted All-Wall displayed MPN exactly equals this DTB SKU after punctuation-only normalization.,2026-09-17T01:42:21Z
Columbia Tools,Rubber Seal,CT87-CS,CT87,9.75,,,Columbia Cover Plate Cork Seal for Taper,CT87-CS,https://www.all-wall.com/Columbia-Cover-Plate-Seal-13660,,,10.3,PreOrder,VERIFIED_PRODUCT,HIGH,EXACT_MPN,DTB_MAP_UNKNOWN,All-Wall displayed MPN CT87-CS exactly matches DTB SKU CT87-CS after punctuation-only normalization. The All-Wall SKU field intentionally stores this MPN; retailer-internal SKU data is not extracted.,2026-09-17T01:42:21Z
Columbia Tools,Side Blade,AH4,AH4,29.50,,,,,,,,,,NOT_FOUND,,,,No publicly extracted All-Wall displayed MPN exactly equals this DTB SKU after punctuation-only normalization.,2026-09-17T01:42:21Z
Columbia Tools,Side Plate Hub,CT7A,CT7A,24.50,,,CT7A Columbia Taper Side Plate Hub #5581,CT7A,https://www.all-wall.com/CT7A-Columbia-Taper-Side-Plate-Hub-5581,,,14.62,PreOrder,VERIFIED_PRODUCT,HIGH,EXACT_MPN,DTB_MAP_UNKNOWN,All-Wall displayed MPN CT7A exactly matches DTB SKU CT7A after punctuation-only normalization. The All-Wall SKU field intentionally stores this MPN; retailer-internal SKU data is not extracted.,2026-09-17T01:42:21Z
Columbia Tools,Sleeve,MP39,MP39,14.75,,,MP39 Columbia Mud Pump Sleeve #5880,MP39,https://www.all-wall.com/MP39-Columbia-Mud-Pump-Sleeve-5880,,,3.28,PreOrder,VERIFIED_PRODUCT,HIGH,EXACT_MPN,DTB_MAP_UNKNOWN,All-Wall displayed MPN MP39 exactly matches DTB SKU MP39 after punctuation-only normalization. The All-Wall SKU field intentionally stores this MPN; retailer-internal SKU data is not extracted.,2026-09-17T01:42:21Z
Columbia Tools,Small Nyliner Bushing,MH20,MH20,3.00,,,,,,,,,,NOT_FOUND,,,,No publicly extracted All-Wall displayed MPN exactly equals this DTB SKU after punctuation-only normalization.,2026-09-17T01:42:21Z
Columbia Tools,Socket Wear Cap,AH18,AH18,9.00,,,AH18 Columbia Angle Head Socket Wear Cup #5817,AH18,https://www.all-wall.com/AH18-Columbia-Angle-Head-Socket-Wear-Cup-5817,,,10.16,PreOrder,VERIFIED_PRODUCT,HIGH,EXACT_MPN,DTB_MAP_UNKNOWN,All-Wall displayed MPN AH18 exactly matches DTB SKU AH18 after punctuation-only normalization. The All-Wall SKU field intentionally stores this MPN; retailer-internal SKU data is not extracted.,2026-09-17T01:42:21Z
Columbia Tools,Spool Retaining Spring,CT119,CT119,7.25,,,,,,,,,,NOT_FOUND,,,,No publicly extracted All-Wall displayed MPN exactly equals this DTB SKU after punctuation-only normalization.,2026-09-17T01:42:21Z
Columbia Tools,Spring Housing,AH1A,AH1A,8.00,,,Columbia Spring Housing Angle Head,AH1A,https://www.all-wall.com/Columbia-Spring-Housing-Angle-Head,,,12.18,PreOrder,VERIFIED_PRODUCT,HIGH,EXACT_MPN,DTB_MAP_UNKNOWN,All-Wall displayed MPN AH1A exactly matches DTB SKU AH1A after punctuation-only normalization. The All-Wall SKU field intentionally stores this MPN; retailer-internal SKU data is not extracted.,2026-09-17T01:42:21Z
Columbia Tools,Stainless Steel Backing Washer,FFB4B,FFB4B,4.00,,,FFB4B Columbia Flat Box Stainless Steel Backing Washer #6113,FFB4B,https://www.all-wall.com/FFB4B-Columbia-Flat-Box-Stainless-Steel-Backing-Washer-6113,,,5.2,PreOrder,VERIFIED_PRODUCT,HIGH,EXACT_MPN,DTB_MAP_UNKNOWN,All-Wall displayed MPN FFB4B exactly matches DTB SKU FFB4B after punctuation-only normalization. The All-Wall SKU field intentionally stores this MPN; retailer-internal SKU data is not extracted.,2026-09-17T01:42:21Z
Columbia Tools,Stainless Steel Side Plate - Left,CT6A,CT6A,42.95,,,CT6A Columbia Taper Side Plate Left #5577,CT6A,https://www.all-wall.com/CT6A-Columbia-Taper-Side-Plate-Left-5577,,,43.34,PreOrder,VERIFIED_PRODUCT,HIGH,EXACT_MPN,DTB_MAP_UNKNOWN,All-Wall displayed MPN CT6A exactly matches DTB SKU CT6A after punctuation-only normalization. The All-Wall SKU field intentionally stores this MPN; retailer-internal SKU data is not extracted.,2026-09-17T01:42:21Z
Columbia Tools,Stainless Steel Washer,FFB4A,FFB4A,5.00,,,FFB4A Columbia Flat Box Stainless Steel Washer #6112,FFB4A,https://www.all-wall.com/FFB4A-Columbia-Flat-Box-Stainless-Steel-Washer-6112,,,6.1,PreOrder,VERIFIED_PRODUCT,HIGH,EXACT_MPN,DTB_MAP_UNKNOWN,All-Wall displayed MPN FFB4A exactly matches DTB SKU FFB4A after punctuation-only normalization. The All-Wall SKU field intentionally stores this MPN; retailer-internal SKU data is not extracted.,2026-09-17T01:42:21Z
Columbia Tools,Strap,CT116A,CT116A,28.50,,,CT116A Columbia Taper Strap #5975,CT116A,https://www.all-wall.com/Columbia-Replacement-Strap,,,21.94,PreOrder,VERIFIED_PRODUCT,HIGH,EXACT_MPN,DTB_MAP_UNKNOWN,All-Wall displayed MPN CT116A exactly matches DTB SKU CT116A after punctuation-only normalization. The All-Wall SKU field intentionally stores this MPN; retailer-internal SKU data is not extracted.,2026-09-17T01:42:21Z
Columbia Tools,"Top Retainer Corner Clip - 3.5""",AH8A,AH8A,9.75,,,,,,,,,,NOT_FOUND,,,,No publicly extracted All-Wall displayed MPN exactly equals this DTB SKU after punctuation-only normalization.,2026-09-17T01:42:21Z
Columbia Tools,Top Retainer Corner Clip - Standard,AH8,AH8,8.00,,,AH8 Columbia Angle Head Retainer Clip (Short) #5812,AH8,https://www.all-wall.com/AH8-Columbia-Angle-Head-Retainer-Clip-Short-5812,,,6.78,PreOrder,VERIFIED_PRODUCT,HIGH,EXACT_MPN,DTB_MAP_UNKNOWN,All-Wall displayed MPN AH8 exactly matches DTB SKU AH8 after punctuation-only normalization. The All-Wall SKU field intentionally stores this MPN; retailer-internal SKU data is not extracted.,2026-09-17T01:42:21Z
Dura-Stilts,Dura-III Adjustable - 14”-22”,D14-22,D14-22,404.68,,,,,,,,,,NOT_FOUND,,,,No publicly extracted All-Wall displayed MPN exactly equals this DTB SKU after punctuation-only normalization.,2026-09-17T01:42:21Z
Dura-Stilts,Dura-III Adjustable - 18”-30”,D18-30,D18-30,429.86,,,,,,,,,,NOT_FOUND,,,,No publicly extracted All-Wall displayed MPN exactly equals this DTB SKU after punctuation-only normalization.,2026-09-17T01:42:21Z
Dura-Stilts,Dura-III Adjustable - 24”-40”,D24-40,D24-40,453.24,,,,,,,,,,NOT_FOUND,,,,No publicly extracted All-Wall displayed MPN exactly equals this DTB SKU after punctuation-only normalization.,2026-09-17T01:42:21Z
LEVEL5,LEVEL5 Corner Applicator - 7”,4-701,4-701,287.65,,,,,,,,,,NOT_FOUND,,,,No publicly extracted All-Wall displayed MPN exactly equals this DTB SKU after punctuation-only normalization.,2026-09-17T01:42:21Z
LEVEL5,LEVEL5 Corner Applicator - 8”,4-702,4-702,296.64,,,,,,,,,,NOT_FOUND,,,,No publicly extracted All-Wall displayed MPN exactly equals this DTB SKU after punctuation-only normalization.,2026-09-17T01:42:21Z
LEVEL5,LEVEL5 Corner Applicator Handle (Extendable) - 31”- 50”,4-794,4-794,176.35,,,,,,,,,,NOT_FOUND,,,,No publicly extracted All-Wall displayed MPN exactly equals this DTB SKU after punctuation-only normalization.,2026-09-17T01:42:21Z
LEVEL5,LEVEL5 Corner Applicator Handle (Extendable) - 43”- 72”,4-798,4-798,195.18,,,,,,,,,,NOT_FOUND,,,,No publicly extracted All-Wall displayed MPN exactly equals this DTB SKU after punctuation-only normalization.,2026-09-17T01:42:21Z
Columbia Tools,Strap Connecting Pin,BH11,BH11,7.95,,,,,,,,,,NOT_FOUND,,,,No publicly extracted All-Wall displayed MPN exactly equals this DTB SKU after punctuation-only normalization.,2026-09-17T01:42:21Z
Columbia Tools,Swivel Coupling Pin,CR12,CR12,12.50,,,CR12 Columbia Corner Roller Swivel Coupling Pin #5568,CR12,https://www.all-wall.com/CR12-Columbia-Corner-Roller-Swivel-Coupling-Pin-5568,,,5.38,PreOrder,VERIFIED_PRODUCT,HIGH,EXACT_MPN,DTB_MAP_UNKNOWN,All-Wall displayed MPN CR12 exactly matches DTB SKU CR12 after punctuation-only normalization. The All-Wall SKU field intentionally stores this MPN; retailer-internal SKU data is not extracted.,2026-09-17T01:42:21Z
Columbia Tools,Tape Advance Carriage,CT57,CT57,82.00,,,CT57 Columbia Taper Tape Advance Carriage #5833,CT57,https://www.all-wall.com/CT57-Columbia-Taper-Tape-Advance-Carriage-5833,,,102.4,PreOrder,VERIFIED_PRODUCT,HIGH,EXACT_MPN,DTB_MAP_UNKNOWN,All-Wall displayed MPN CT57 exactly matches DTB SKU CT57 after punctuation-only normalization. The All-Wall SKU field intentionally stores this MPN; retailer-internal SKU data is not extracted.,2026-09-17T01:42:21Z
Columbia Tools,Tape Spool,CT120,CT120,22.81,,,,,,,,,,NOT_FOUND,,,,No publicly extracted All-Wall displayed MPN exactly equals this DTB SKU after punctuation-only normalization.,2026-09-17T01:42:21Z
Columbia Tools,Taper Adjustable Brake,CT14A,CT14A,22.50,,,CT14A Columbia Taper Adjustable Brake #5589,CT14A,https://www.all-wall.com/CT14A-Columbia-Taper-Adjustable-Brake-5589,,,8.73,PreOrder,VERIFIED_PRODUCT,HIGH,EXACT_MPN,DTB_MAP_UNKNOWN,All-Wall displayed MPN CT14A exactly matches DTB SKU CT14A after punctuation-only normalization. The All-Wall SKU field intentionally stores this MPN; retailer-internal SKU data is not extracted.,2026-09-17T01:42:21Z
Columbia Tools,Thumb Release Clip Screw,FFB32A,FFB32A,12.50,,,,,,,,,,NOT_FOUND,,,,No publicly extracted All-Wall displayed MPN exactly equals this DTB SKU after punctuation-only normalization.,2026-09-17T01:42:21Z
Columbia Tools,Toe Kicker,CT53,CT53,28.50,,,Columbia Taper Toe Kicker CT53,CT53,https://www.all-wall.com/Columbia-ToeKicker-CT53,,,26.38,PreOrder,VERIFIED_PRODUCT,HIGH,EXACT_MPN,DTB_MAP_UNKNOWN,All-Wall displayed MPN CT53 exactly matches DTB SKU CT53 after punctuation-only normalization. The All-Wall SKU field intentionally stores this MPN; retailer-internal SKU data is not extracted.,2026-09-17T01:42:21Z
Columbia Tools,Toe Kicker Caple Retainer Clip,CT92A,CT92A,7.95,,,CT92A Columbia Taper L Clip #5867,CT92A,https://www.all-wall.com/CT92A-Columbia-Taper-L-Clip-5867,,,3.78,PreOrder,VERIFIED_PRODUCT,HIGH,EXACT_MPN,DTB_MAP_UNKNOWN,All-Wall displayed MPN CT92A exactly matches DTB SKU CT92A after punctuation-only normalization. The All-Wall SKU field intentionally stores this MPN; retailer-internal SKU data is not extracted.,2026-09-17T01:42:21Z
Columbia Tools,Top Cap,HH10A,HH10A,2.00,,,,,,,,,,NOT_FOUND,,,,No publicly extracted All-Wall displayed MPN exactly equals this DTB SKU after punctuation-only normalization.,2026-09-17T01:42:21Z
Columbia Tools,Upper Mounting Bracket,BH5,BH5,18.50,,,BH5 Columbia Box Handle Upper Mounting Bracket (180 Grip) #12460,BH5,https://www.all-wall.com/BH5-Columbia-Box-Handle-Upper-Mounting-Bracket-180-Grip-12460,,,10.54,PreOrder,VERIFIED_PRODUCT,HIGH,EXACT_MPN,DTB_MAP_UNKNOWN,All-Wall displayed MPN BH5 exactly matches DTB SKU BH5 after punctuation-only normalization. The All-Wall SKU field intentionally stores this MPN; retailer-internal SKU data is not extracted.,2026-09-17T01:42:21Z
Columbia Tools,Upper Mounting Bracket,HH2,HH2,66.00,,,Columbia Upper Mounting Bracket for COL88,HH2,https://www.all-wall.com/Columbia-Upper-Mounting-Bracket-for-COL88,,,77.48,PreOrder,VERIFIED_PRODUCT,HIGH,EXACT_MPN,DTB_MAP_UNKNOWN,All-Wall displayed MPN HH2 exactly matches DTB SKU HH2 after punctuation-only normalization. The All-Wall SKU field intentionally stores this MPN; retailer-internal SKU data is not extracted.,2026-09-17T01:42:21Z
Columbia Tools,Wedge,HNS20,HNS20,22.50,,,HNS20 Columbia Nail Spotter Wedge for Skid Nail Spotter #12278,HNS20,https://www.all-wall.com/Columbia-Wedge-for-Skid-Nail-Spotter,,,20.44,PreOrder,VERIFIED_PRODUCT,HIGH,EXACT_MPN,DTB_MAP_UNKNOWN,All-Wall displayed MPN HNS20 exactly matches DTB SKU HNS20 after punctuation-only normalization. The All-Wall SKU field intentionally stores this MPN; retailer-internal SKU data is not extracted.,2026-09-17T01:42:21Z
LEVEL5,LEVEL5 Corner Finisher - 2.5”,4-732,4-732,400.24,,,,,,,,,,NOT_FOUND,,,,No publicly extracted All-Wall displayed MPN exactly equals this DTB SKU after punctuation-only normalization.,2026-09-17T01:42:21Z
LEVEL5,LEVEL5 Corner Finisher - 3”,4-733,4-733,409.65,,,,,,,,,,NOT_FOUND,,,,No publicly extracted All-Wall displayed MPN exactly equals this DTB SKU after punctuation-only normalization.,2026-09-17T01:42:21Z
LEVEL5,LEVEL5 Corner Finisher - 3.5”,4-734,4-734,419.07,,,,,,,,,,NOT_FOUND,,,,No publicly extracted All-Wall displayed MPN exactly equals this DTB SKU after punctuation-only normalization.,2026-09-17T01:42:21Z
LEVEL5,LEVEL5 Corner Finisher - 4”,4-735,4-735,428.48,,,,,,,,,,NOT_FOUND,,,,No publicly extracted All-Wall displayed MPN exactly equals this DTB SKU after punctuation-only normalization.,2026-09-17T01:42:21Z
LEVEL5,LEVEL5 Corner Finisher Handle (Extendable) - 31”- 50”,4-795,4-795,188.34,,,,,,,,,,NOT_FOUND,,,,No publicly extracted All-Wall displayed MPN exactly equals this DTB SKU after punctuation-only normalization.,2026-09-17T01:42:21Z
LEVEL5,LEVEL5 Corner Finisher Handle (Extendable) - 43”- 72”,4-799,4-799,207.17,,,,,,,,,,NOT_FOUND,,,,No publicly extracted All-Wall displayed MPN exactly equals this DTB SKU after punctuation-only normalization.,2026-09-17T01:42:21Z
LEVEL5,LEVEL5 Corner Flusher - 3”,4-743,4-743,146.48,,,,,,,,,,NOT_FOUND,,,,No publicly extracted All-Wall displayed MPN exactly equals this DTB SKU after punctuation-only normalization.,2026-09-17T01:42:21Z
LEVEL5,LEVEL5 Corner Flusher - 3.5”,4-744,4-744,151.09,,,,,,,,,,NOT_FOUND,,,,No publicly extracted All-Wall displayed MPN exactly equals this DTB SKU after punctuation-only normalization.,2026-09-17T01:42:21Z
LEVEL5,LEVEL5 Flat Box (MEGA) - 7”,4-767,4-767,398.65,,,,,,,,,,NOT_FOUND,,,,No publicly extracted All-Wall displayed MPN exactly equals this DTB SKU after punctuation-only normalization.,2026-09-17T01:42:21Z
LEVEL5,LEVEL5 Flat Box (MEGA) - 10”,4-768,4-768,407.99,,,,,,,,,,NOT_FOUND,,,,No publicly extracted All-Wall displayed MPN exactly equals this DTB SKU after punctuation-only normalization.,2026-09-17T01:42:21Z
LEVEL5,LEVEL5 Flat Box (MEGA) - 12”,4-769,4-769,422.02,,,,,,,,,,NOT_FOUND,,,,No publicly extracted All-Wall displayed MPN exactly equals this DTB SKU after punctuation-only normalization.,2026-09-17T01:42:21Z
LEVEL5,LEVEL5 Flat Box (Standard) - 7”,4-764,4-764,379.52,,,,,,,,,,NOT_FOUND,,,,No publicly extracted All-Wall displayed MPN exactly equals this DTB SKU after punctuation-only normalization.,2026-09-17T01:42:21Z
LEVEL5,LEVEL5 Flat Box (Standard) - 10”,4-765,4-765,388.88,,,,,,,,,,NOT_FOUND,,,,No publicly extracted All-Wall displayed MPN exactly equals this DTB SKU after punctuation-only normalization.,2026-09-17T01:42:21Z
LEVEL5,LEVEL5 Flat Box (Standard) - 12”,4-766,4-766,398.65,,,,,,,,,,NOT_FOUND,,,,No publicly extracted All-Wall displayed MPN exactly equals this DTB SKU after punctuation-only normalization.,2026-09-17T01:42:21Z
LEVEL5,LEVEL5 Flat Box (Standard) - 14”,4-770,4-770,412.68,,,,,,,,,,NOT_FOUND,,,,No publicly extracted All-Wall displayed MPN exactly equals this DTB SKU after punctuation-only normalization.,2026-09-17T01:42:21Z
LEVEL5,LEVEL5 Flat Box Handle (Extendable) - 48” - 78”,4-759,4-759,315.47,,,,,,,,,,NOT_FOUND,,,,No publicly extracted All-Wall displayed MPN exactly equals this DTB SKU after punctuation-only normalization.,2026-09-17T01:42:21Z
LEVEL5,LEVEL5 Flat Box Handle (Extendable) - 40” - 62”,4-780,4-780,306.06,,,,,,,,,,NOT_FOUND,,,,No publicly extracted All-Wall displayed MPN exactly equals this DTB SKU after punctuation-only normalization.,2026-09-17T01:42:21Z
LEVEL5,LEVEL5 Flat Box Handle (Extendable) - 30” - 42”,4-781,4-781,296.64,,,,,,,,,,NOT_FOUND,,,,No publicly extracted All-Wall displayed MPN exactly equals this DTB SKU after punctuation-only normalization.,2026-09-17T01:42:21Z
LEVEL5,LEVEL5 Flat Box Handle (Extendable) - 23” - 32”,4-782,4-782,278.24,,,,,,,,,,NOT_FOUND,,,,No publicly extracted All-Wall displayed MPN exactly equals this DTB SKU after punctuation-only normalization.,2026-09-17T01:42:21Z
LEVEL5,LEVEL5 Flat Box Handle (Fixed Length) - 34”,4-711,4-711,176.35,,,,,,,,,,NOT_FOUND,,,,No publicly extracted All-Wall displayed MPN exactly equals this DTB SKU after punctuation-only normalization.,2026-09-17T01:42:21Z
LEVEL5,LEVEL5 Flat Box Handle (Fixed Length) - 42”,4-712,4-712,185.34,,,,,,,,,,NOT_FOUND,,,,No publicly extracted All-Wall displayed MPN exactly equals this DTB SKU after punctuation-only normalization.,2026-09-17T01:42:21Z
LEVEL5,LEVEL5 Flat Box Handle (Fixed Length) - 54”,4-740,4-740,204.18,,,,,,,,,,NOT_FOUND,,,,No publicly extracted All-Wall displayed MPN exactly equals this DTB SKU after punctuation-only normalization.,2026-09-17T01:42:21Z
LEVEL5,LEVEL5 Nail Spotter - 2”,4-754,4-754,273.10,,,,,,,,,,NOT_FOUND,,,,No publicly extracted All-Wall displayed MPN exactly equals this DTB SKU after punctuation-only normalization.,2026-09-17T01:42:21Z
LEVEL5,LEVEL5 Nail Spotter - 3”,4-755,4-755,291.93,,,,,,,,,,NOT_FOUND,,,,No publicly extracted All-Wall displayed MPN exactly equals this DTB SKU after punctuation-only normalization.,2026-09-17T01:42:21Z
LEVEL5,LEVEL5 The Starter Taping Set,4-630,4-630,2126.35,,,,,,,,,,NOT_FOUND,,,,No publicly extracted All-Wall displayed MPN exactly equals this DTB SKU after punctuation-only normalization.,2026-09-17T01:42:21Z
LEVEL5,LEVEL5 Entry to Automatic Finishing Set - Tools Only,4-602,4-602,2412.75,,,,,,,,,,NOT_FOUND,,,,No publicly extracted All-Wall displayed MPN exactly equals this DTB SKU after punctuation-only normalization.,2026-09-17T01:42:21Z
LEVEL5,LEVEL5 Entry to Automatic Finishing Set - With Automatic Taper,4-600P,4-600P,3878.41,,,,,,,,,,NOT_FOUND,,,,No publicly extracted All-Wall displayed MPN exactly equals this DTB SKU after punctuation-only normalization.,2026-09-17T01:42:21Z
LEVEL5,LEVEL5 The Ultimate Taping & Finishing Set,4-677P,4-677P,6388.28,,,,,,,,,,NOT_FOUND,,,,No publicly extracted All-Wall displayed MPN exactly equals this DTB SKU after punctuation-only normalization.,2026-09-17T01:42:21Z
LEVEL5,"LEVEL5 Corner Roller Handle - 50""",5-777,5-777,89.99,,,,,,,,,,NOT_FOUND,,,,No publicly extracted All-Wall displayed MPN exactly equals this DTB SKU after punctuation-only normalization.,2026-09-17T01:42:21Z
LEVEL5,"LEVEL5 Corner Roller Handle - 54""",4-777,4-777,92.88,,,,,,,,,,NOT_FOUND,,,,No publicly extracted All-Wall displayed MPN exactly equals this DTB SKU after punctuation-only normalization.,2026-09-17T01:42:21Z
LEVEL5,"LEVEL5 50"" Fixed Handle - Corner Applicator",4-778,4-778,92.88,,,,,,,,,,NOT_FOUND,,,,No publicly extracted All-Wall displayed MPN exactly equals this DTB SKU after punctuation-only normalization.,2026-09-17T01:42:21Z
LEVEL5,"LEVEL5 50"" Fixed Handle - Corner Finisher",4-779,4-779,92.88,,,,,,,,,,NOT_FOUND,,,,No publicly extracted All-Wall displayed MPN exactly equals this DTB SKU after punctuation-only normalization.,2026-09-17T01:42:21Z
LEVEL5,"LEVEL5 31""- 50"" Corner Roller/Nail Spotter Handle",4-792,4-792,180.62,,,,,,,,,,NOT_FOUND,,,,No publicly extracted All-Wall displayed MPN exactly equals this DTB SKU after punctuation-only normalization.,2026-09-17T01:42:21Z
LEVEL5,LEVEL5 Automatic Taper,4-760,4-760,1455.39,,,,,,,,,,NOT_FOUND,,,,No publicly extracted All-Wall displayed MPN exactly equals this DTB SKU after punctuation-only normalization.,2026-09-17T01:42:21Z
LEVEL5,LEVEL5 Box Filler,4-715,4-715,68.06,,,,,,,,,,NOT_FOUND,,,,No publicly extracted All-Wall displayed MPN exactly equals this DTB SKU after punctuation-only normalization.,2026-09-17T01:42:21Z
LEVEL5,LEVEL5 Compound Pump,4-771,4-771,455.88,,,,,,,,,,NOT_FOUND,,,,No publicly extracted All-Wall displayed MPN exactly equals this DTB SKU after punctuation-only normalization.,2026-09-17T01:42:21Z
LEVEL5,LEVEL5 Compound Tube,4-741,4-741,205.31,,,,,,,,,,NOT_FOUND,,,,No publicly extracted All-Wall displayed MPN exactly equals this DTB SKU after punctuation-only normalization.,2026-09-17T01:42:21Z
LEVEL5,LEVEL5 Corner Roller,4-707,4-707,158.96,,,,,,,,,,NOT_FOUND,,,,No publicly extracted All-Wall displayed MPN exactly equals this DTB SKU after punctuation-only normalization.,2026-09-17T01:42:21Z
LEVEL5,LEVEL5 Drywall Banjo,5-311,5-311,151.37,,,,,,,,,,NOT_FOUND,,,,No publicly extracted All-Wall displayed MPN exactly equals this DTB SKU after punctuation-only normalization.,2026-09-17T01:42:21Z
Platinum Drywall Tools,"Platinum Angle Head Corner Finisher with Wheels - 2.5""",PT-CF2.5,PT-CF2.5,239.00,,,,,,,,,,NOT_FOUND,,,,No publicly extracted All-Wall displayed MPN exactly equals this DTB SKU after punctuation-only normalization.,2026-09-17T01:42:21Z
Platinum Drywall Tools,"Platinum Angle Head Corner Finisher with Wheels - 3""",PT-3CF,PT-3CF,249.00,,,,,,,,,,NOT_FOUND,,,,No publicly extracted All-Wall displayed MPN exactly equals this DTB SKU after punctuation-only normalization.,2026-09-17T01:42:21Z
Platinum Drywall Tools,"Platinum Angle Head Corner Finisher with Wheels - 3.5""",PT-CF3.5,PT-CF3.5,259.00,,,,,,,,,,NOT_FOUND,,,,No publicly extracted All-Wall displayed MPN exactly equals this DTB SKU after punctuation-only normalization.,2026-09-17T01:42:21Z
Platinum Drywall Tools,"Platinum Compound Tube - 24""",PT-CT24,PT-CT24,150.00,,,,,,,,,,NOT_FOUND,,,,No publicly extracted All-Wall displayed MPN exactly equals this DTB SKU after punctuation-only normalization.,2026-09-17T01:42:21Z
Platinum Drywall Tools,"Platinum Compound Tube - 36""",PT-CT36,PT-CT36,155.00,,,,,,,,,,NOT_FOUND,,,,No publicly extracted All-Wall displayed MPN exactly equals this DTB SKU after punctuation-only normalization.,2026-09-17T01:42:21Z
Platinum Drywall Tools,"Platinum Compound Tube - 42""",PT-CT42,PT-CT42,160.00,,,,,,,,,,NOT_FOUND,,,,No publicly extracted All-Wall displayed MPN exactly equals this DTB SKU after punctuation-only normalization.,2026-09-17T01:42:21Z
Platinum Drywall Tools,"Platinum Flat Box Handle - 34""",PT-BH34,PT-BH34,90.00,,,,,,,,,,NOT_FOUND,,,,No publicly extracted All-Wall displayed MPN exactly equals this DTB SKU after punctuation-only normalization.,2026-09-17T01:42:21Z
Platinum Drywall Tools,"Platinum Flat Box Handle - 42""",PT-BH42,PT-BH42,95.00,,,,,,,,,,NOT_FOUND,,,,No publicly extracted All-Wall displayed MPN exactly equals this DTB SKU after punctuation-only normalization.,2026-09-17T01:42:21Z
Platinum Drywall Tools,"Platinum Flat Box Handle - 54""",PT-BH54,PT-BH54,100.00,,,,,,,,,,NOT_FOUND,,,,No publicly extracted All-Wall displayed MPN exactly equals this DTB SKU after punctuation-only normalization.,2026-09-17T01:42:21Z
Platinum Drywall Tools,"Platinum Flat Finishing Box - 10""",PT-10FB,PT-10FB,195.00,,,,,,,,,,NOT_FOUND,,,,No publicly extracted All-Wall displayed MPN exactly equals this DTB SKU after punctuation-only normalization.,2026-09-17T01:42:21Z
Platinum Drywall Tools,"Platinum Flat Finishing Box - 12""",PT-12FB,PT-FB12,205.00,,,,,,,,,,NOT_FOUND,,,,No publicly extracted All-Wall displayed MPN exactly equals this DTB SKU after punctuation-only normalization.,2026-09-17T01:42:21Z
Platinum Drywall Tools,"Platinum Flat Finishing Box - 14""",PT-14FB,PT-14FB,215.00,,,,,,,,,,NOT_FOUND,,,,No publicly extracted All-Wall displayed MPN exactly equals this DTB SKU after punctuation-only normalization.,2026-09-17T01:42:21Z
Platinum Drywall Tools,"Platinum Flat Finishing Box - 8""",PT-8FB,PT-8FB,185.00,,,,,,,,,,NOT_FOUND,,,,No publicly extracted All-Wall displayed MPN exactly equals this DTB SKU after punctuation-only normalization.,2026-09-17T01:42:21Z
LEVEL5,LEVEL5 Gooseneck,4-714,4-714,101.88,,,,,,,,,,NOT_FOUND,,,,No publicly extracted All-Wall displayed MPN exactly equals this DTB SKU after punctuation-only normalization.,2026-09-17T01:42:21Z
LEVEL5,LEVEL5 MiniShot,4-772,4-772,941.72,,,,,,,,,,NOT_FOUND,,,,No publicly extracted All-Wall displayed MPN exactly equals this DTB SKU after punctuation-only normalization.,2026-09-17T01:42:21Z
LEVEL5,LEVEL5 MiniShot Ext. Handle,4-773,4-773,74.48,,,,,,,,,,NOT_FOUND,,,,No publicly extracted All-Wall displayed MPN exactly equals this DTB SKU after punctuation-only normalization.,2026-09-17T01:42:21Z
LEVEL5,LEVEL5 Outside Corner Tool,4-746,4-746,77.26,,,,,,,,,,NOT_FOUND,,,,No publicly extracted All-Wall displayed MPN exactly equals this DTB SKU after punctuation-only normalization.,2026-09-17T01:42:21Z
Platinum Drywall Tools,"Platinum Nail Spotter - 2""",PT-2NS,PT-2NS,160.00,,,,,,,,,,NOT_FOUND,,,,No publicly extracted All-Wall displayed MPN exactly equals this DTB SKU after punctuation-only normalization.,2026-09-17T01:42:21Z
Platinum Drywall Tools,"Platinum Nail Spotter - 3""",PT-3NS,PT-3NS,160.00,,,,,,,,,,NOT_FOUND,,,,No publicly extracted All-Wall displayed MPN exactly equals this DTB SKU after punctuation-only normalization.,2026-09-17T01:42:21Z
Platinum Drywall Tools,"Platinum Stainless Steel Corner Flusher - 3.5""",PT-3.5CF,PT-3.5CF,84.56,,,,,,,,,,NOT_FOUND,,,,No publicly extracted All-Wall displayed MPN exactly equals this DTB SKU after punctuation-only normalization.,2026-09-17T01:42:21Z
Platinum Drywall Tools,"Platinum Stainless Steel Corner Flusher - 2.5""",PT-2.5CF,PT-2.5CF,79.27,,,,,,,,,,NOT_FOUND,,,,No publicly extracted All-Wall displayed MPN exactly equals this DTB SKU after punctuation-only normalization.,2026-09-17T01:42:21Z
Platinum Drywall Tools,"Platinum 50"" Corner Tool Handle - Angle Head",PT-CFH50,PT-CFH50,49.00,,,,,,,,,,NOT_FOUND,,,,No publicly extracted All-Wall displayed MPN exactly equals this DTB SKU after punctuation-only normalization.,2026-09-17T01:42:21Z
Platinum Drywall Tools,"Platinum 50"" Corner Tool Handle - Corner Box",PT-CAH50,PT-CAH50,49.00,,,,,,,,,,NOT_FOUND,,,,No publicly extracted All-Wall displayed MPN exactly equals this DTB SKU after punctuation-only normalization.,2026-09-17T01:42:21Z
Platinum Drywall Tools,"Platinum 50"" Corner Tool Handle - Corner Roller",PT-CRH50,PT-CRH50,59.00,,,,,,,,,,NOT_FOUND,,,,No publicly extracted All-Wall displayed MPN exactly equals this DTB SKU after punctuation-only normalization.,2026-09-17T01:42:21Z
Platinum Drywall Tools,Platinum 90° Corner Applicator - Inside,PT-ICA,PT-ICA,59.00,,,,,,,,,,NOT_FOUND,,,,No publicly extracted All-Wall displayed MPN exactly equals this DTB SKU after punctuation-only normalization.,2026-09-17T01:42:21Z
Platinum Drywall Tools,Platinum 90° Corner Applicator - Outside,PT-OCA,PT-OCA,59.00,,,,,,,,,,NOT_FOUND,,,,No publicly extracted All-Wall displayed MPN exactly equals this DTB SKU after punctuation-only normalization.,2026-09-17T01:42:21Z
Platinum Drywall Tools,Platinum Corner Roller - ECO Inside,PT-CRE,PT-CRE,59.00,,,,,,,,,,NOT_FOUND,,,,No publicly extracted All-Wall displayed MPN exactly equals this DTB SKU after punctuation-only normalization.,2026-09-17T01:42:21Z
Platinum Drywall Tools,Platinum Corner Roller - Inside,PT-CR,PT-CR,79.99,,,,,,,,,,NOT_FOUND,,,,No publicly extracted All-Wall displayed MPN exactly equals this DTB SKU after punctuation-only normalization.,2026-09-17T01:42:21Z
Platinum Drywall Tools,Platinum Corner Roller - Outside 90°,PT-OCR,PT-OCR,69.99,,,,,,,,,,NOT_FOUND,,,,No publicly extracted All-Wall displayed MPN exactly equals this DTB SKU after punctuation-only normalization.,2026-09-17T01:42:21Z
Platinum Drywall Tools,"Platinum 4"" Flat Applicator",PT-FA,PT-FA,59.00,,,,,,,,,,NOT_FOUND,,,,No publicly extracted All-Wall displayed MPN exactly equals this DTB SKU after punctuation-only normalization.,2026-09-17T01:42:21Z
Platinum Drywall Tools,"Platinum 8"" Corner Applicator",PT-CA8,PT-CA8,159.00,,,,,,,,,,NOT_FOUND,,,,No publicly extracted All-Wall displayed MPN exactly equals this DTB SKU after punctuation-only normalization.,2026-09-17T01:42:21Z
Platinum Drywall Tools,Platinum Box Filler Attachment,PT-BF,PT-BF,49.00,,,,,,,,,,NOT_FOUND,,,,No publicly extracted All-Wall displayed MPN exactly equals this DTB SKU after punctuation-only normalization.,2026-09-17T01:42:21Z
Platinum Drywall Tools,Platinum Drywall Pump w/Filler,PT-CP,PT-CP,269.0,,,,,,,,,,NOT_FOUND,,,,No publicly extracted All-Wall displayed MPN exactly equals this DTB SKU after punctuation-only normalization.,2026-09-17T01:42:21Z
Platinum Drywall Tools,Platinum Drywall Starter Finishing Set,PT-FIN,PT-FIN,1399.00,,,,,,,,,,NOT_FOUND,,,,No publicly extracted All-Wall displayed MPN exactly equals this DTB SKU after punctuation-only normalization.,2026-09-17T01:42:21Z
Platinum Drywall Tools,Platinum Extendable Angle Head Handle,PT-EXT3IN1-1,PT-EXT3IN1-1,75.00,,,,,,,,,,NOT_FOUND,,,,No publicly extracted All-Wall displayed MPN exactly equals this DTB SKU after punctuation-only normalization.,2026-09-17T01:42:21Z
Platinum Drywall Tools,"Platinum Extendable Flat Box Handle 40"" – 64""",PT-EBH,PT-EBH,169.00,,,,,,,,,,NOT_FOUND,,,,No publicly extracted All-Wall displayed MPN exactly equals this DTB SKU after punctuation-only normalization.,2026-09-17T01:42:21Z
SurPro,"SurPro S1 Aluminum Drywall Stilts - 16""-24""",S1-A-1624,S1-A-1624,322.00,,,,,,,,,,NOT_FOUND,,,,No publicly extracted All-Wall displayed MPN exactly equals this DTB SKU after punctuation-only normalization.,2026-09-17T01:42:21Z
SurPro,"SurPro S1 Aluminum Drywall Stilts - 20""-30""",S1-A-2030,S1-A-2030,331.00,,,,,,,,,,NOT_FOUND,,,,No publicly extracted All-Wall displayed MPN exactly equals this DTB SKU after punctuation-only normalization.,2026-09-17T01:42:21Z
SurPro,"SurPro S1 Aluminum Drywall Stilts - 26""-40""",S1-A-2640,S1-A-2640,340.00,,,,,,,,,,NOT_FOUND,,,,No publicly extracted All-Wall displayed MPN exactly equals this DTB SKU after punctuation-only normalization.,2026-09-17T01:42:21Z
SurPro,"SurPro S1 Magnesium Drywall Stilts - 16""-24""",S1-M-1624,S1-M-1624,368.00,,,,,,,,,,NOT_FOUND,,,,No publicly extracted All-Wall displayed MPN exactly equals this DTB SKU after punctuation-only normalization.,2026-09-17T01:42:21Z
SurPro,"SurPro S1 Magnesium Drywall Stilts - 20""-30""",S1-M-2030,S1-M-2030,376.50,,,,,,,,,,NOT_FOUND,,,,No publicly extracted All-Wall displayed MPN exactly equals this DTB SKU after punctuation-only normalization.,2026-09-17T01:42:21Z
SurPro,"SurPro S1 Magnesium Drywall Stilts - 26""-40""",S1-M-2640,S1-M-2640,385.00,,,,,,,,,,NOT_FOUND,,,,No publicly extracted All-Wall displayed MPN exactly equals this DTB SKU after punctuation-only normalization.,2026-09-17T01:42:21Z
SurPro,"SurPro S1X Aluminum Drywall Stilts - 21""-31""",S1X-A-2131,S1X-A-2131,407.00,,,,,,,,,,NOT_FOUND,,,,No publicly extracted All-Wall displayed MPN exactly equals this DTB SKU after punctuation-only normalization.,2026-09-17T01:42:21Z
SurPro,"SurPro S1X Aluminum Drywall Stilts - 26""-40""",S1X-A-2640,S1X-A-2640,407.00,,,,,,,,,,NOT_FOUND,,,,No publicly extracted All-Wall displayed MPN exactly equals this DTB SKU after punctuation-only normalization.,2026-09-17T01:42:21Z
SurPro,"SurPro S1X Magnesium Drywall Stilts - 21""-31""",S1X-M-2131,S1X-M-2131,430.00,,,,,,,,,,NOT_FOUND,,,,No publicly extracted All-Wall displayed MPN exactly equals this DTB SKU after punctuation-only normalization.,2026-09-17T01:42:21Z
SurPro,"SurPro S1X Magnesium Drywall Stilts - 26""-40""",S1X-M-2640,S1X-M-2640,441.00,,,,,,,,,,NOT_FOUND,,,,No publicly extracted All-Wall displayed MPN exactly equals this DTB SKU after punctuation-only normalization.,2026-09-17T01:42:21Z
SurPro,"SurPro S2 Aluminum Drywall Stilts - 16""-24""",S2-A-1624,S2-A-1624,356.00,,,,,,,,,,NOT_FOUND,,,,No publicly extracted All-Wall displayed MPN exactly equals this DTB SKU after punctuation-only normalization.,2026-09-17T01:42:21Z
SurPro,"SurPro S2 Aluminum Drywall Stilts - 20""-30""",S2-A-2030,S2-A-2030,365.00,,,,,,,,,,NOT_FOUND,,,,No publicly extracted All-Wall displayed MPN exactly equals this DTB SKU after punctuation-only normalization.,2026-09-17T01:42:21Z
SurPro,"SurPro S2 Aluminum Drywall Stilts - 26""-40""",S2-A-2640,S2-A-2640,374.00,,,,,,,,,,NOT_FOUND,,,,No publicly extracted All-Wall displayed MPN exactly equals this DTB SKU after punctuation-only normalization.,2026-09-17T01:42:21Z
SurPro,"SurPro S2 Magnesium Drywall Stilts - 16""-24""",S2-M-1624,S2-M-1624,395.00,,,,,,,,,,NOT_FOUND,,,,No publicly extracted All-Wall displayed MPN exactly equals this DTB SKU after punctuation-only normalization.,2026-09-17T01:42:21Z
SurPro,"SurPro S2 Magnesium Drywall Stilts - 20""-30""",S2-M-2030,S2-M-2030,403.50,,,,,,,,,,NOT_FOUND,,,,No publicly extracted All-Wall displayed MPN exactly equals this DTB SKU after punctuation-only normalization.,2026-09-17T01:42:21Z
SurPro,"SurPro S2 Magnesium Drywall Stilts - 26""-40""",S2-M-2640,S2-M-2640,412.00,,,,,,,,,,NOT_FOUND,,,,No publicly extracted All-Wall displayed MPN exactly equals this DTB SKU after punctuation-only normalization.,2026-09-17T01:42:21Z
Platinum Drywall Tools,Platinum Mini Box Handle,PT-MNBH,PT-MNBH,62.00,,,,,,,,,,NOT_FOUND,,,,No publicly extracted All-Wall displayed MPN exactly equals this DTB SKU after punctuation-only normalization.,2026-09-17T01:42:21Z
Platinum Drywall Tools,Platinum 4 Wheel Inside Angle / Corner Applicator,PT-AICA,PT-AICA,89.00,,,,,,,,,,NOT_FOUND,,,,No publicly extracted All-Wall displayed MPN exactly equals this DTB SKU after punctuation-only normalization.,2026-09-17T01:42:21Z
Platinum Drywall Tools,Platinum Semi Automatic Drywall Taper,PT-TP,PT-TP,145.00,,,,,,,,,,NOT_FOUND,,,,No publicly extracted All-Wall displayed MPN exactly equals this DTB SKU after punctuation-only normalization.,2026-09-17T01:42:21Z
Platinum Drywall Tools,Platinum Gooseneck,PT-GN,GN,59.00,,,,,,,,,,NOT_FOUND,,,,No publicly extracted All-Wall displayed MPN exactly equals this DTB SKU after punctuation-only normalization.,2026-09-17T01:42:21Z
SurPro,"SurPro S2X Aluminum Drywall Stilts - 38""-52""",S2X-A-3852,S2X-A-3852,486.00,,,,,,,,,,NOT_FOUND,,,,No publicly extracted All-Wall displayed MPN exactly equals this DTB SKU after punctuation-only normalization.,2026-09-17T01:42:21Z
SurPro,"SurPro S2X Aluminum Drywall Stilts - 26""-40""",S2X-A-2640,S2X-A-2640,457.00,,,,,,,,,,NOT_FOUND,,,,No publicly extracted All-Wall displayed MPN exactly equals this DTB SKU after punctuation-only normalization.,2026-09-17T01:42:21Z
SurPro,"SurPro S2X Magnesium Drywall Stilts - 21""-31""",S2X-M-2131,S2X-M-2131,479.00,,,,,,,,,,NOT_FOUND,,,,No publicly extracted All-Wall displayed MPN exactly equals this DTB SKU after punctuation-only normalization.,2026-09-17T01:42:21Z
SurPro,"SurPro S2X Magnesium Drywall Stilts - 26""-40""",S2X-M-2640,S2X-M-2640,490.00,,,,,,,,,,NOT_FOUND,,,,No publicly extracted All-Wall displayed MPN exactly equals this DTB SKU after punctuation-only normalization.,2026-09-17T01:42:21Z
TapeTech,TapeTech Applicator Head - Outside Corner,16TT,16TT,85.43,,85.00,TapeTech Mud Applicator Head 90 Outside 16TT,16TT,https://www.all-wall.com/TapeTech-MudHead90Degree,,,85,PreOrder,VERIFIED_PRODUCT,HIGH,EXACT_MPN,MATCHES_DTB_MAP,All-Wall displayed MPN 16TT exactly matches DTB SKU 16TT after punctuation-only normalization. The All-Wall SKU field intentionally stores this MPN; retailer-internal SKU data is not extracted.,2026-09-17T01:42:21Z
TapeTech,TapeTech Applicator Head - Inside Corner,16TT90,16TT90,85.43,,85.00,TapeTech Mud Applicator Head 90 Inside 16TT90,16TT90,https://www.all-wall.com/TapeTech-Mud-Head-90Inside,,,85,OutOfStock,VERIFIED_PRODUCT,HIGH,EXACT_MPN,MATCHES_DTB_MAP,All-Wall displayed MPN 16TT90 exactly matches DTB SKU 16TT90 after punctuation-only normalization. The All-Wall SKU field intentionally stores this MPN; retailer-internal SKU data is not extracted.,2026-09-17T01:42:21Z
TapeTech,"TapeTech Brakeless Box Handle - Rotational Extendable 34""-60""",BHE-SW,BHE-SW,335.99,,,TapeTech SideWinder Flat Box Handle BHESW,BHE-SW,https://www.all-wall.com/TapeTech-SideWinder-BHESW,,,329,PreOrder,VERIFIED_PRODUCT,HIGH,EXACT_MPN,DTB_MAP_UNKNOWN,All-Wall displayed MPN BHE-SW exactly matches DTB SKU BHE-SW after punctuation-only normalization. The All-Wall SKU field intentionally stores this MPN; retailer-internal SKU data is not extracted.,2026-09-17T01:42:21Z
TapeTech,"TapeTech Brakeless Box Handle - Fixed 34""",BH,BH,149.00,,149.00,TapeTech Brakeless Flat Box Handle BH,BH,https://www.all-wall.com/TapeTech-Handle-BH,,,149,PreOrder,VERIFIED_PRODUCT,HIGH,EXACT_MPN,MATCHES_DTB_MAP,All-Wall displayed MPN BH exactly matches DTB SKU BH after punctuation-only normalization. The All-Wall SKU field intentionally stores this MPN; retailer-internal SKU data is not extracted.,2026-09-17T01:42:21Z
TapeTech,"TapeTech Brakeless Box Handle - Extendable 34""-60""",BHE,BHE,305.72,,299.00,TapeTech Brakeless Extendable Flat Box Handle BHE,BHE,https://www.all-wall.com/TapeTech-Handle-BHE,,,299,PreOrder,VERIFIED_PRODUCT,HIGH,EXACT_MPN,MATCHES_DTB_MAP,All-Wall displayed MPN BHE exactly matches DTB SKU BHE after punctuation-only normalization. The All-Wall SKU field intentionally stores this MPN; retailer-internal SKU data is not extracted.,2026-09-17T01:42:21Z
TapeTech,TapeTech Paper Faced Bead Pro Set,TTPFB,TTPFB,1949.00,,,TapeTech Paper Faced Bead Pro Set TTPFB,TTPFB,https://www.all-wall.com/TapeTech-BeadProSet-TTPFB,,,1949,InStock,VERIFIED_PRODUCT,HIGH,EXACT_MPN,DTB_MAP_UNKNOWN,All-Wall displayed MPN TTPFB exactly matches DTB SKU TTPFB after punctuation-only normalization. The All-Wall SKU field intentionally stores this MPN; retailer-internal SKU data is not extracted.,2026-09-17T01:42:21Z
TapeTech,TapeTech Basic Taping Set,TTBTS,TTBTS,2829.00,,,TapeTech Basic Taping Set TTBTS,TTBTS,https://www.all-wall.com/TapeTech-TapingSet-TTBTS,,,2829,InStock,VERIFIED_PRODUCT,HIGH,EXACT_MPN,DTB_MAP_UNKNOWN,All-Wall displayed MPN TTBTS exactly matches DTB SKU TTBTS after punctuation-only normalization. The All-Wall SKU field intentionally stores this MPN; retailer-internal SKU data is not extracted.,2026-09-17T01:42:21Z
TapeTech,TapeTech Pro Performance Easy Finish Set,TTPPS-EF,TTPPS-EF,7295.00,,,TapeTech Pro Performance Easy Finish Set TTPPS-EF,TTPPS-EF,https://www.all-wall.com/TapeTech-Pro-Performance-Easy-Finish-Set-TTPPSEF,,,7295,InStock,VERIFIED_PRODUCT,HIGH,EXACT_MPN,DTB_MAP_UNKNOWN,All-Wall displayed MPN TTPPS-EF exactly matches DTB SKU TTPPS-EF after punctuation-only normalization. The All-Wall SKU field intentionally stores this MPN; retailer-internal SKU data is not extracted.,2026-09-17T01:42:21Z
TapeTech,TapeTech Standard Full Set - With 2 Pumps,TTSFS-2,TTSFS-2,5357.00,,,TapeTech Standard Full Set with 2 Pumps TTSFS-2,TTSFS-2,https://www.all-wall.com/TapeTech-Standard-Full-Drywall-Tool-Set-w-two-Pumps,,,5357,InStock,VERIFIED_PRODUCT,HIGH,EXACT_MPN,DTB_MAP_UNKNOWN,All-Wall displayed MPN TTSFS-2 exactly matches DTB SKU TTSFS-2 after punctuation-only normalization. The All-Wall SKU field intentionally stores this MPN; retailer-internal SKU data is not extracted.,2026-09-17T01:42:21Z
TapeTech,TapeTech Corner Finishing Set,TTCFS,TTCFS,1416.00,,,TapeTech Corner Finishing Set TTCFS,TTCFS,https://www.all-wall.com/TapeTech-Corner-Finishing-Set-TTCFS,,,1416,InStock,VERIFIED_PRODUCT,HIGH,EXACT_MPN,DTB_MAP_UNKNOWN,All-Wall displayed MPN TTCFS exactly matches DTB SKU TTCFS after punctuation-only normalization. The All-Wall SKU field intentionally stores this MPN; retailer-internal SKU data is not extracted.,2026-09-17T01:42:21Z
TapeTech,TapeTech Standard Full Set - Standard,TTSFS,TTSFS,4958.00,,,TapeTech Standard Full Set TTSFS,TTSFS,https://www.all-wall.com/TapeTech-Standard-Full-Set,,,4958,InStock,VERIFIED_PRODUCT,HIGH,EXACT_MPN,DTB_MAP_UNKNOWN,All-Wall displayed MPN TTSFS exactly matches DTB SKU TTSFS after punctuation-only normalization. The All-Wall SKU field intentionally stores this MPN; retailer-internal SKU data is not extracted.,2026-09-17T01:42:21Z
TapeTech,TapeTech Pro Performance Set,TTPPS,TTPPS,6625.00,,,TapeTech Pro Performance Set TTPPS,TTPPS,https://www.all-wall.com/TapeTech-Pro-Performance-Tool-Set,,,6625,InStock,VERIFIED_PRODUCT,HIGH,EXACT_MPN,DTB_MAP_UNKNOWN,All-Wall displayed MPN TTPPS exactly matches DTB SKU TTPPS after punctuation-only normalization. The All-Wall SKU field intentionally stores this MPN; retailer-internal SKU data is not extracted.,2026-09-17T01:42:21Z
TapeTech,TapeTech Professional Starter Set,TTPSS,TTPSS,4559.00,,,TapeTech Professional Starter Set TTPSS,TTPSS,https://www.all-wall.com/TapeTech-Professional-Starter-Set,,,4559,InStock,VERIFIED_PRODUCT,HIGH,EXACT_MPN,DTB_MAP_UNKNOWN,All-Wall displayed MPN TTPSS exactly matches DTB SKU TTPSS after punctuation-only normalization. The All-Wall SKU field intentionally stores this MPN; retailer-internal SKU data is not extracted.,2026-09-17T01:42:21Z
TapeTech,TapeTech Basic Box Set,TTBBS,TTBBS,1644.00,,,TapeTech Basic Box Set TTBBS,TTBBS,https://www.all-wall.com/TapeTech-Drywall-Box-Set-TTBBS,,,1644,InStock,VERIFIED_PRODUCT,HIGH,EXACT_MPN,DTB_MAP_UNKNOWN,All-Wall displayed MPN TTBBS exactly matches DTB SKU TTBBS after punctuation-only normalization. The All-Wall SKU field intentionally stores this MPN; retailer-internal SKU data is not extracted.,2026-09-17T01:42:21Z
TapeTech,TapeTech MudRunner Corner Finishing Set,TTCFS-M,TTCFS-M,1928.00,,,,,,,,,,NOT_FOUND,,,,No publicly extracted All-Wall displayed MPN exactly equals this DTB SKU after punctuation-only normalization.,2026-09-17T01:42:21Z
TapeTech,"TapeTech Combo Corner Flusher - 2.5""",CF25COMBO,CF25COMBO,189.19,,,"TapeTech 2.5"" Combo Flusher CF25COMBO",CF25COMBO,https://www.all-wall.com/TapeTech-2.5in-Combo-Flusher,,,179,InStock,VERIFIED_PRODUCT,HIGH,EXACT_MPN,DTB_MAP_UNKNOWN,All-Wall displayed MPN CF25COMBO exactly matches DTB SKU CF25COMBO after punctuation-only normalization. The All-Wall SKU field intentionally stores this MPN; retailer-internal SKU data is not extracted.,2026-09-17T01:42:21Z
TapeTech,"TapeTech Combo Corner Flusher - 3""",CF30COMBO,CF30COMBO,194.48,,,"TapeTech 3"" Combo Flusher CF30COMBO",CF30COMBO,https://www.all-wall.com/TapeTech-3in-Combo-Flusher,,,184,InStock,VERIFIED_PRODUCT,HIGH,EXACT_MPN,DTB_MAP_UNKNOWN,All-Wall displayed MPN CF30COMBO exactly matches DTB SKU CF30COMBO after punctuation-only normalization. The All-Wall SKU field intentionally stores this MPN; retailer-internal SKU data is not extracted.,2026-09-17T01:42:21Z
TapeTech,"TapeTech Combo Corner Flusher - 3.5""",CF35COMBO,CF35COMBO,199.76,,,"TapeTech 3.5"" Combo Flusher CF35COMBO",CF35COMBO,https://www.all-wall.com/TapeTech-3.5in-Combo-Flusher,,,189,InStock,VERIFIED_PRODUCT,HIGH,EXACT_MPN,DTB_MAP_UNKNOWN,All-Wall displayed MPN CF35COMBO exactly matches DTB SKU CF35COMBO after punctuation-only normalization. The All-Wall SKU field intentionally stores this MPN; retailer-internal SKU data is not extracted.,2026-09-17T01:42:21Z
TapeTech,"TapeTech Combo Corner Flusher - 4""",CF40COMBO,CF40COMBO,205.05,,,"TapeTech 4"" Combo Flusher CF40COMBO",CF40COMBO,https://www.all-wall.com/TapeTech-4in-Combo-Flusher,,,194,InStock,VERIFIED_PRODUCT,HIGH,EXACT_MPN,DTB_MAP_UNKNOWN,All-Wall displayed MPN CF40COMBO exactly matches DTB SKU CF40COMBO after punctuation-only normalization. The All-Wall SKU field intentionally stores this MPN; retailer-internal SKU data is not extracted.,2026-09-17T01:42:21Z
TapeTech,"TapeTech Compound Tube - 24""",CT24TT,CT24TT,189.00,,189.00,"TapeTech 24"" Compound Tube CT24TT",CT24TT,https://www.all-wall.com/TapeTech-Compound-Tube-24,,,189,PreOrder,VERIFIED_PRODUCT,HIGH,EXACT_MPN,MATCHES_DTB_MAP,All-Wall displayed MPN CT24TT exactly matches DTB SKU CT24TT after punctuation-only normalization. The All-Wall SKU field intentionally stores this MPN; retailer-internal SKU data is not extracted.,2026-09-17T01:42:21Z
TapeTech,"TapeTech Compound Tube - 36""",CT36TT,CT36TT,199.00,,199.00,"TapeTech 36"" Compound Tube CT36TT",CT36TT,https://www.all-wall.com/TapeTech-Compound-Tube-36,,,199,PreOrder,VERIFIED_PRODUCT,HIGH,EXACT_MPN,MATCHES_DTB_MAP,All-Wall displayed MPN CT36TT exactly matches DTB SKU CT36TT after punctuation-only normalization. The All-Wall SKU field intentionally stores this MPN; retailer-internal SKU data is not extracted.,2026-09-17T01:42:21Z
TapeTech,"TapeTech Compound Tube - 42""",CT42TT,CT42TT,211.09,,209.00,"TapeTech 42"" Compound Tube CT42TT",CT42TT,https://www.all-wall.com/TapeTech-Compound-Tube-42,,,209,PreOrder,VERIFIED_PRODUCT,HIGH,EXACT_MPN,MATCHES_DTB_MAP,All-Wall displayed MPN CT42TT exactly matches DTB SKU CT42TT after punctuation-only normalization. The All-Wall SKU field intentionally stores this MPN; retailer-internal SKU data is not extracted.,2026-09-17T01:42:21Z
TapeTech,"TapeTech Corner Applicator - 7""",CA07TT,CA07TT,315.00,,315.00,"TapeTech 7"" Angle Box CA07TT",CA07TT,https://www.all-wall.com/TapeTech-Corner-Applicator-Head-CA07TT,,,315,PreOrder,VERIFIED_PRODUCT,HIGH,EXACT_MPN,MATCHES_DTB_MAP,All-Wall displayed MPN CA07TT exactly matches DTB SKU CA07TT after punctuation-only normalization. The All-Wall SKU field intentionally stores this MPN; retailer-internal SKU data is not extracted.,2026-09-17T01:42:21Z
TapeTech,"TapeTech Corner Applicator - 8""",CA08TT,CA08TT,330.00,,330.00,"TapeTech 8"" Angle Box CA08TT",CA08TT,https://www.all-wall.com/TapeTech-Corner-Applicator-Head-CA08TT,,,330,PreOrder,VERIFIED_PRODUCT,HIGH,EXACT_MPN,MATCHES_DTB_MAP,All-Wall displayed MPN CA08TT exactly matches DTB SKU CA08TT after punctuation-only normalization. The All-Wall SKU field intentionally stores this MPN; retailer-internal SKU data is not extracted.,2026-09-17T01:42:21Z
TapeTech,"TapeTech Corner Finisher - 2""",40XTT,40XTT,389.00,,389.00,"TapeTech 2"" Angle Head Drywall Corner Finishing Tool 40TT",40XTT,https://www.all-wall.com/TapeTech-AngleHead-40TT,,,389,InStock,VERIFIED_PRODUCT,HIGH,EXACT_MPN,MATCHES_DTB_MAP,All-Wall displayed MPN 40XTT exactly matches DTB SKU 40XTT after punctuation-only normalization. The All-Wall SKU field intentionally stores this MPN; retailer-internal SKU data is not extracted.,2026-09-17T01:42:21Z
TapeTech,"TapeTech Corner Finisher - 2.5""",42TT,42TT,399.00,,399.00,"TapeTech 2.5"" Angle Head 42TT",42TT,https://www.all-wall.com/TapeTech-Angle-Head-25,,,399,PreOrder,VERIFIED_PRODUCT,HIGH,EXACT_MPN,MATCHES_DTB_MAP,All-Wall displayed MPN 42TT exactly matches DTB SKU 42TT after punctuation-only normalization. The All-Wall SKU field intentionally stores this MPN; retailer-internal SKU data is not extracted.,2026-09-17T01:42:21Z
TapeTech,"TapeTech Corner Finisher - 3"" EasyRoll® Adjustable",48TT,48TT,429.00,,429.00,"TapeTech 3"" EasyRollÂ® Angle Head Drywall Corner Finishing Tool 48TT",48TT,https://www.all-wall.com/TapeTech-EZRoll-AngleHead-48TT,,,429,PreOrder,VERIFIED_PRODUCT,HIGH,EXACT_MPN,MATCHES_DTB_MAP,All-Wall displayed MPN 48TT exactly matches DTB SKU 48TT after punctuation-only normalization. The All-Wall SKU field intentionally stores this MPN; retailer-internal SKU data is not extracted.,2026-09-17T01:42:21Z
TapeTech,"TapeTech Corner Finisher - 3.5"" EasyRoll® Adjustable",48XTT,48XTT,448.22,,439.00,"TapeTech 3.5"" EasyRollÂ® Angle Head Corner Finishing Tool 48XTT",48XTT,https://www.all-wall.com/TapeTech-EZRoll-AngleHead-48XTT,,,439,PreOrder,VERIFIED_PRODUCT,HIGH,EXACT_MPN,MATCHES_DTB_MAP,All-Wall displayed MPN 48XTT exactly matches DTB SKU 48XTT after punctuation-only normalization. The All-Wall SKU field intentionally stores this MPN; retailer-internal SKU data is not extracted.,2026-09-17T01:42:21Z
TapeTech,TapeTech Corner Roller - Inside Corner,15TTE,15TTE,189.00,,189.00,TapeTech Corner Roller 15TTE,15TTE,https://www.all-wall.com/TapeTech-Corner-Roller-Head-15TTE,,,189,PreOrder,VERIFIED_PRODUCT,HIGH,EXACT_MPN,MATCHES_DTB_MAP,All-Wall displayed MPN 15TTE exactly matches DTB SKU 15TTE after punctuation-only normalization. The All-Wall SKU field intentionally stores this MPN; retailer-internal SKU data is not extracted.,2026-09-17T01:42:21Z
TapeTech,TapeTech Corner Roller - Outside Corner,17TT,17TT,170.00,,170.00,TapeTech Outside Corner Roller 17TT,17TT,https://www.all-wall.com/TapeTech-Outside-CornerRoller-17ATT,,,170,PreOrder,VERIFIED_PRODUCT,HIGH,EXACT_MPN,MATCHES_DTB_MAP,All-Wall displayed MPN 17TT exactly matches DTB SKU 17TT after punctuation-only normalization. The All-Wall SKU field intentionally stores this MPN; retailer-internal SKU data is not extracted.,2026-09-17T01:42:21Z
TapeTech,TapeTech Corner Roller - Flex Tape Outside Corner,17TTE,17TTE,192.30,,179.00,TapeTech Outside Corner Roller 17TTE,17TTE,https://www.all-wall.com/TapeTech-CornerRoller-17TTE,,,179,PreOrder,VERIFIED_PRODUCT,HIGH,EXACT_MPN,MATCHES_DTB_MAP,All-Wall displayed MPN 17TTE exactly matches DTB SKU 17TTE after punctuation-only normalization. The All-Wall SKU field intentionally stores this MPN; retailer-internal SKU data is not extracted.,2026-09-17T01:42:21Z
TapeTech,TapeTech Cove Applicator Head - 55 mm,CH55TT,CH55TT,99.00,,99.00,TapeTech 55 mm Cove Applicator Head CH55TT,CH55TT,https://www.all-wall.com/TapeTech-ApplicatorHead-CH55TT,,,99,PreOrder,VERIFIED_PRODUCT,HIGH,EXACT_MPN,MATCHES_DTB_MAP,All-Wall displayed MPN CH55TT exactly matches DTB SKU CH55TT after punctuation-only normalization. The All-Wall SKU field intentionally stores this MPN; retailer-internal SKU data is not extracted.,2026-09-17T01:42:21Z
TapeTech,TapeTech Cove Applicator Head - 75 mm,CH75TT,CH75TT,99.00,,99.00,TapeTech 75 mm Cove Applicator Head CH75TT,CH75TT,https://www.all-wall.com/TapeTech-ApplicatorHead-CH75TT,,,99,PreOrder,VERIFIED_PRODUCT,HIGH,EXACT_MPN,MATCHES_DTB_MAP,All-Wall displayed MPN CH75TT exactly matches DTB SKU CH75TT after punctuation-only normalization. The All-Wall SKU field intentionally stores this MPN; retailer-internal SKU data is not extracted.,2026-09-17T01:42:21Z
TapeTech,TapeTech Cove Applicator Head - 83 mm,CH83TT,CH83TT,99.00,,99.00,TapeTech 83 mm Cove Applicator Head CH83TT,CH83TT,https://www.all-wall.com/TapeTech-ApplicatorHead-CH83TT,,,99,PreOrder,VERIFIED_PRODUCT,HIGH,EXACT_MPN,MATCHES_DTB_MAP,All-Wall displayed MPN CH83TT exactly matches DTB SKU CH83TT after punctuation-only normalization. The All-Wall SKU field intentionally stores this MPN; retailer-internal SKU data is not extracted.,2026-09-17T01:42:21Z
TapeTech,TapeTech Cove Applicator Head - 90 mm,CH90TT,CH90TT,99.00,,99.00,TapeTech 90 mm Cove Applicator Head CH90TT,CH90TT,https://www.all-wall.com/TapeTech-ApplicatorHead-CH90TT,,,99,PreOrder,VERIFIED_PRODUCT,HIGH,EXACT_MPN,MATCHES_DTB_MAP,All-Wall displayed MPN CH90TT exactly matches DTB SKU CH90TT after punctuation-only normalization. The All-Wall SKU field intentionally stores this MPN; retailer-internal SKU data is not extracted.,2026-09-17T01:42:21Z
TapeTech,"TapeTech Direct Corner Flusher - 2.5""",CF25TT,CF25TT,115.26,,114.00,"TapeTech 2.5"" Direct Flusher CF25TT",CF25TT,https://www.all-wall.com/TapeTech-Direct-Flusher-25,,,114,PreOrder,VERIFIED_PRODUCT,HIGH,EXACT_MPN,MATCHES_DTB_MAP,All-Wall displayed MPN CF25TT exactly matches DTB SKU CF25TT after punctuation-only normalization. The All-Wall SKU field intentionally stores this MPN; retailer-internal SKU data is not extracted.,2026-09-17T01:42:21Z
TapeTech,"TapeTech Direct Corner Flusher - 3""",CF30TT,CF30TT,119.00,,119.00,"TapeTech 3"" Direct Flusher CF30TT",CF30TT,https://www.all-wall.com/TapeTech-Direct-Flusher-3,,,119,PreOrder,VERIFIED_PRODUCT,HIGH,EXACT_MPN,MATCHES_DTB_MAP,All-Wall displayed MPN CF30TT exactly matches DTB SKU CF30TT after punctuation-only normalization. The All-Wall SKU field intentionally stores this MPN; retailer-internal SKU data is not extracted.,2026-09-17T01:42:21Z
TapeTech,"TapeTech Direct Corner Flusher - 3.5""",CF35TT,CF35TT,125.00,,125.00,"TapeTech 3.5"" Direct Flusher CF35TT",CF35TT,https://www.all-wall.com/TapeTech-Direct-Flusher-35,,,125,PreOrder,VERIFIED_PRODUCT,HIGH,EXACT_MPN,MATCHES_DTB_MAP,All-Wall displayed MPN CF35TT exactly matches DTB SKU CF35TT after punctuation-only normalization. The All-Wall SKU field intentionally stores this MPN; retailer-internal SKU data is not extracted.,2026-09-17T01:42:21Z
TapeTech,"TapeTech Direct Corner Flusher - 4""",CF40TT,CF40TT,129.00,,129.00,"TapeTech 4"" Direct Flusher CF40TT",CF40TT,https://www.all-wall.com/TapeTech-Direct-Flusher-4,,,129,PreOrder,VERIFIED_PRODUCT,HIGH,EXACT_MPN,MATCHES_DTB_MAP,All-Wall displayed MPN CF40TT exactly matches DTB SKU CF40TT after punctuation-only normalization. The All-Wall SKU field intentionally stores this MPN; retailer-internal SKU data is not extracted.,2026-09-17T01:42:21Z
TapeTech,"TapeTech EasyClean® Automatic Taper - Mini-Taper 40.5""",03TT,03TT,1775.00,,1775.00,TapeTech EasyClean Automatic Mini Taper 03TT,03TT,https://www.all-wall.com/TapeTech-Mini-Taper,,,1775,PreOrder,VERIFIED_PRODUCT,HIGH,EXACT_MPN,MATCHES_DTB_MAP,All-Wall displayed MPN 03TT exactly matches DTB SKU 03TT after punctuation-only normalization. The All-Wall SKU field intentionally stores this MPN; retailer-internal SKU data is not extracted.,2026-09-17T01:42:21Z
TapeTech,TapeTech EasyClean® Automatic Taper - Standard,07TT,07TT,1672.12,,1599.00,TapeTech EasyClean Automatic Taper 07TT,07TT,https://www.all-wall.com/TapeTech-EasyClean-Automatic-Taper,,,1599,PreOrder,VERIFIED_PRODUCT,HIGH,EXACT_MPN,MATCHES_DTB_MAP,All-Wall displayed MPN 07TT exactly matches DTB SKU 07TT after punctuation-only normalization. The All-Wall SKU field intentionally stores this MPN; retailer-internal SKU data is not extracted.,2026-09-17T01:42:21Z
TapeTech,TapeTech EasyClean® Automatic Taper - Carbon Fiber,07TT-C,07TT-C,1816.18,,1780.00,TapeTech Carbon Fiber EasyClean Automatic Taper,07TT-C,https://www.all-wall.com/TapeTech-Carbon-Fiber-Taper-14767,,,1780,PreOrder,VERIFIED_PRODUCT,HIGH,EXACT_MPN,MATCHES_DTB_MAP,All-Wall displayed MPN 07TT-C exactly matches DTB SKU 07TT-C after punctuation-only normalization. The All-Wall SKU field intentionally stores this MPN; retailer-internal SKU data is not extracted.,2026-09-17T01:42:21Z
TapeTech,"TapeTech EasyClean® Finishing Box - 7""",EZ07TT,EZ07TT,379.00,,379.00,"TapeTech 7"" EasyClean Flat Box EZ07TT",EZ07TT,https://www.all-wall.com/TapeTech-FlatBox-EZ07TT,,,379,PreOrder,VERIFIED_PRODUCT,HIGH,EXACT_MPN,MATCHES_DTB_MAP,All-Wall displayed MPN EZ07TT exactly matches DTB SKU EZ07TT after punctuation-only normalization. The All-Wall SKU field intentionally stores this MPN; retailer-internal SKU data is not extracted.,2026-09-17T01:42:21Z
TapeTech,"TapeTech EasyClean® Finishing Box - 10""",EZ10TT,EZ10TT,391.69,,389.00,"TapeTech 10"" EasyClean Flat Box EZ10TT",EZ10TT,https://www.all-wall.com/TapeTech-FlatBox-EZ10TT,,,389,OutOfStock,VERIFIED_PRODUCT,HIGH,EXACT_MPN,MATCHES_DTB_MAP,All-Wall displayed MPN EZ10TT exactly matches DTB SKU EZ10TT after punctuation-only normalization. The All-Wall SKU field intentionally stores this MPN; retailer-internal SKU data is not extracted.,2026-09-17T01:42:21Z
TapeTech,"TapeTech EasyClean® Finishing Box - 12""",EZ12TT,EZ12TT,405.72,,399.00,"TapeTech 12"" EasyClean Flat Box EZ12TT",EZ12TT,https://www.all-wall.com/TapeTech-FlatBox-EZ12TT,,,399,PreOrder,VERIFIED_PRODUCT,HIGH,EXACT_MPN,MATCHES_DTB_MAP,All-Wall displayed MPN EZ12TT exactly matches DTB SKU EZ12TT after punctuation-only normalization. The All-Wall SKU field intentionally stores this MPN; retailer-internal SKU data is not extracted.,2026-09-17T01:42:21Z
TapeTech,"TapeTech EasyClean® Finishing Box - 15""",EZ15TT,EZ15TT,429.00,,429.00,"TapeTech 15"" EasyClean Flat Box EZ15TT",EZ15TT,https://www.all-wall.com/TapeTech-Drywall-FlatBox-EZ15TT,,,429,PreOrder,VERIFIED_PRODUCT,HIGH,EXACT_MPN,MATCHES_DTB_MAP,All-Wall displayed MPN EZ15TT exactly matches DTB SKU EZ15TT after punctuation-only normalization. The All-Wall SKU field intentionally stores this MPN; retailer-internal SKU data is not extracted.,2026-09-17T01:42:21Z
TapeTech,TapeTech EasyClean® Pump - Standard,76TT,76TT,401.31,,,TapeTech EasyClean® Loading Pump 76TT,76TT,https://www.all-wall.com/TapeTech-Pump-EasyClean,,,399,InStock,VERIFIED_PRODUCT,HIGH,EXACT_MPN,DTB_MAP_UNKNOWN,All-Wall displayed MPN 76TT exactly matches DTB SKU 76TT after punctuation-only normalization. The All-Wall SKU field intentionally stores this MPN; retailer-internal SKU data is not extracted.,2026-09-17T01:42:21Z
TapeTech,TapeTech EasyClean® Pump - Canada,76TT-CA,76TT-CA,409.00,,409.00,TapeTech EasyClean® Loading Pump 76TT-CA,76TT-CA,https://www.all-wall.com/TapeTech-LoadingPump-76TTCA,,,409,InStock,VERIFIED_PRODUCT,HIGH,EXACT_MPN,MATCHES_DTB_MAP,All-Wall displayed MPN 76TT-CA exactly matches DTB SKU 76TT-CA after punctuation-only normalization. The All-Wall SKU field intentionally stores this MPN; retailer-internal SKU data is not extracted.,2026-09-17T01:42:21Z
TapeTech,TapeTech EasyClean® Pump - Extra Long,76XLTT,76XLTT,659.00,,659.00,TapeTech XL EasyClean Loading Pump 76XLTT,76XLTT,https://www.all-wall.com/TapeTech-Long-Loading-Pump,,,659,PreOrder,VERIFIED_PRODUCT,HIGH,EXACT_MPN,MATCHES_DTB_MAP,All-Wall displayed MPN 76XLTT exactly matches DTB SKU 76XLTT after punctuation-only normalization. The All-Wall SKU field intentionally stores this MPN; retailer-internal SKU data is not extracted.,2026-09-17T01:42:21Z
TapeTech,"TapeTech EasyFinish™ Box Handle - 34""",8134TT,8134TT,259.76,,259.00,"TapeTech 34"" Easy Finish Bent Flat Box Handle 8134TT",8134TT,https://www.all-wall.com/TapeTech-Bent-FlatBox-Handle-8134TT,,,259,PreOrder,VERIFIED_PRODUCT,HIGH,EXACT_MPN,MATCHES_DTB_MAP,All-Wall displayed MPN 8134TT exactly matches DTB SKU 8134TT after punctuation-only normalization. The All-Wall SKU field intentionally stores this MPN; retailer-internal SKU data is not extracted.,2026-09-17T01:42:21Z
TapeTech,"TapeTech EasyFinish™ Box Handle - 42""",8142TT,8142TT,269.00,,269.00,"TapeTech 42"" Easy Finish Bent Flat Box Handle 8142TT",8142TT,https://www.all-wall.com/TapeTech-Bent-FlatBox-Handle-8142TT,,,269,PreOrder,VERIFIED_PRODUCT,HIGH,EXACT_MPN,MATCHES_DTB_MAP,All-Wall displayed MPN 8142TT exactly matches DTB SKU 8142TT after punctuation-only normalization. The All-Wall SKU field intentionally stores this MPN; retailer-internal SKU data is not extracted.,2026-09-17T01:42:21Z
TapeTech,"TapeTech EasyFinish™ Box Handle - 54""",8154TT,8154TT,279.00,,279.00,"TapeTech 54"" Easy Finish Bent Flat Box Handle 8154TT",8154TT,https://www.all-wall.com/TapeTech-Bent-FlatBox-Handle-8154TT,,,279,PreOrder,VERIFIED_PRODUCT,HIGH,EXACT_MPN,MATCHES_DTB_MAP,All-Wall displayed MPN 8154TT exactly matches DTB SKU 8154TT after punctuation-only normalization. The All-Wall SKU field intentionally stores this MPN; retailer-internal SKU data is not extracted.,2026-09-17T01:42:21Z
TapeTech,"TapeTech EasyFinish™ Box Handle - 72""",8172TT,8172TT,291.28,,289.00,"TapeTech 72"" Easy Finish Bent Flat Box Handle 8172TT",8172TT,https://www.all-wall.com/TapeTech-Bent-FlatBox-Handle-8172TT,,,289,PreOrder,VERIFIED_PRODUCT,HIGH,EXACT_MPN,MATCHES_DTB_MAP,All-Wall displayed MPN 8172TT exactly matches DTB SKU 8172TT after punctuation-only normalization. The All-Wall SKU field intentionally stores this MPN; retailer-internal SKU data is not extracted.,2026-09-17T01:42:21Z
TapeTech,"TapeTech Flat Box Handle - 34""",8034TT,8034TT,229.00,,229.00,"TapeTech 34"" Flat Box Handle 8034TT",8034TT,https://www.all-wall.com/TapeTech-FlatBox-Handle-8034TT,,,229,PreOrder,VERIFIED_PRODUCT,HIGH,EXACT_MPN,MATCHES_DTB_MAP,All-Wall displayed MPN 8034TT exactly matches DTB SKU 8034TT after punctuation-only normalization. The All-Wall SKU field intentionally stores this MPN; retailer-internal SKU data is not extracted.,2026-09-17T01:42:21Z
TapeTech,"TapeTech Flat Box Handle - 42""",8042TT,8042TT,234.00,,234.00,"TapeTech 42"" Flat Box Handle 8042TT",8042TT,https://www.all-wall.com/TapeTech-FlatBox-Handle-8042TT,,,234,PreOrder,VERIFIED_PRODUCT,HIGH,EXACT_MPN,MATCHES_DTB_MAP,All-Wall displayed MPN 8042TT exactly matches DTB SKU 8042TT after punctuation-only normalization. The All-Wall SKU field intentionally stores this MPN; retailer-internal SKU data is not extracted.,2026-09-17T01:42:21Z
TapeTech,"TapeTech Flat Box Handle - 54""",8054TT,8054TT,239.00,,239.00,"TapeTech 54"" Flat Box Handle 8054TT",8054TT,https://www.all-wall.com/TapeTech-FlatBox-Handle-8054TT,,,239,PreOrder,VERIFIED_PRODUCT,HIGH,EXACT_MPN,MATCHES_DTB_MAP,All-Wall displayed MPN 8054TT exactly matches DTB SKU 8054TT after punctuation-only normalization. The All-Wall SKU field intentionally stores this MPN; retailer-internal SKU data is not extracted.,2026-09-17T01:42:21Z
TapeTech,"TapeTech Flat Box Handle - 72""",8072TT,8072TT,249.00,,249.00,"TapeTech 72"" Flat Box Handle 8072TT",8072TT,https://www.all-wall.com/TapeTech-FlatBox-Handle-8072TT,,,249,PreOrder,VERIFIED_PRODUCT,HIGH,EXACT_MPN,MATCHES_DTB_MAP,All-Wall displayed MPN 8072TT exactly matches DTB SKU 8072TT after punctuation-only normalization. The All-Wall SKU field intentionally stores this MPN; retailer-internal SKU data is not extracted.,2026-09-17T01:42:21Z
TapeTech,TapeTech XTender Finishing Box Handle,88TTE,88TTE,378.00,,378.00,TapeTech | Xtender Flat Box Handle 88TTE | All-Wall,88TTE,https://www.all-wall.com/TapeTech-Xtender-Box-Handle,,,378,InStock,VERIFIED_PRODUCT,HIGH,EXACT_MPN,MATCHES_DTB_MAP,All-Wall displayed MPN 88TTE exactly matches DTB SKU 88TTE after punctuation-only normalization. The All-Wall SKU field intentionally stores this MPN; retailer-internal SKU data is not extracted.,2026-09-17T01:42:21Z
TapeTech,TapeTech Gooseneck - Standard,85T,85T,105.00,,105.00,TapeTech Gooseneck 85T,85T,https://www.all-wall.com/TapeTech-Gooseneck,,,105,PreOrder,VERIFIED_PRODUCT,HIGH,EXACT_MPN,MATCHES_DTB_MAP,All-Wall displayed MPN 85T exactly matches DTB SKU 85T after punctuation-only normalization. The All-Wall SKU field intentionally stores this MPN; retailer-internal SKU data is not extracted.,2026-09-17T01:42:21Z
TapeTech,TapeTech Gooseneck - Extra Long,85XLTT,85XLTT,199.00,,,TapeTech XL Gooseneck for 76XLTT Pump,85XLTT,https://www.all-wall.com/TapeTech-Long-Gooseneck,,,199,PreOrder,VERIFIED_PRODUCT,HIGH,EXACT_MPN,DTB_MAP_UNKNOWN,All-Wall displayed MPN 85XLTT exactly matches DTB SKU 85XLTT after punctuation-only normalization. The All-Wall SKU field intentionally stores this MPN; retailer-internal SKU data is not extracted.,2026-09-17T01:42:21Z
TapeTech,"TapeTech MaxxBox® High Capacity Finishing Box - 7""",EHC07,EHC07,419.00,,419.00,"TapeTech 7"" MAXXBOX Flat Box EHC07",EHC07,https://www.all-wall.com/TapeTech-MaxxBox-FlatBox-EHC07,,,419,PreOrder,VERIFIED_PRODUCT,HIGH,EXACT_MPN,MATCHES_DTB_MAP,All-Wall displayed MPN EHC07 exactly matches DTB SKU EHC07 after punctuation-only normalization. The All-Wall SKU field intentionally stores this MPN; retailer-internal SKU data is not extracted.,2026-09-17T01:42:21Z
TapeTech,"TapeTech MaxxBox® High Capacity Finishing Box - 10""",EHC10,EHC10,419.00,,419.00,"TapeTech 10"" MAXXBOX Flat Box EHC10",EHC10,https://www.all-wall.com/TapeTech-MaxxBox-FlatBox-EHC10,,,419,PreOrder,VERIFIED_PRODUCT,HIGH,EXACT_MPN,MATCHES_DTB_MAP,All-Wall displayed MPN EHC10 exactly matches DTB SKU EHC10 after punctuation-only normalization. The All-Wall SKU field intentionally stores this MPN; retailer-internal SKU data is not extracted.,2026-09-17T01:42:21Z
TapeTech,"TapeTech MaxxBox® High Capacity Finishing Box - 12""",EHC12,EHC12,444.00,,444.00,"TapeTech 12"" MAXXBOX Flat Box EHC12",EHC12,https://www.all-wall.com/TapeTech-MaxxBox-FlatBox-EHC12,,,444,InStock,VERIFIED_PRODUCT,HIGH,EXACT_MPN,MATCHES_DTB_MAP,All-Wall displayed MPN EHC12 exactly matches DTB SKU EHC12 after punctuation-only normalization. The All-Wall SKU field intentionally stores this MPN; retailer-internal SKU data is not extracted.,2026-09-17T01:42:21Z
TapeTech,"TapeTech Nail Spotter - 2""",NS02TT,NS02TT,303.66,,278.00,"TapeTech 2"" EasyClean Nail Spotter NS02TT",NS02TT,https://www.all-wall.com/TapeTech-2in-Nail-Spotter-Head,,,278,InStock,VERIFIED_PRODUCT,HIGH,EXACT_MPN,MATCHES_DTB_MAP,All-Wall displayed MPN NS02TT exactly matches DTB SKU NS02TT after punctuation-only normalization. The All-Wall SKU field intentionally stores this MPN; retailer-internal SKU data is not extracted.,2026-09-17T01:42:21Z
TapeTech,"TapeTech Nail Spotter - 3""",NS03TT,NS03TT,313.10,,289.00,"TapeTech 3"" EasyClean Nail Spotter NS03TT",NS03TT,https://www.all-wall.com/TapeTech-3in-Nail-Spotter-Head,,,289,PreOrder,VERIFIED_PRODUCT,HIGH,EXACT_MPN,MATCHES_DTB_MAP,All-Wall displayed MPN NS03TT exactly matches DTB SKU NS03TT after punctuation-only normalization. The All-Wall SKU field intentionally stores this MPN; retailer-internal SKU data is not extracted.,2026-09-17T01:42:21Z
TapeTech,"TapeTech Power Assist® MaxxBox® Finishing Box - 7""",PAHC07,PAHC07,491.26,,459.00,"TapeTech 7"" Power Assist MAXXBOX PAHC07",PAHC07,https://www.all-wall.com/TapeTech-PowerAssist-MaxxBox-PAHC07,,,459,PreOrder,VERIFIED_PRODUCT,HIGH,EXACT_MPN,MATCHES_DTB_MAP,All-Wall displayed MPN PAHC07 exactly matches DTB SKU PAHC07 after punctuation-only normalization. The All-Wall SKU field intentionally stores this MPN; retailer-internal SKU data is not extracted.,2026-09-17T01:42:21Z
TapeTech,"TapeTech Power Assist® MaxxBox® Finishing Box - 10""",PAHC10,PAHC10,494.93,,469.00,"TapeTech 10"" PowerAssist MAXXBOX PAHC10",PAHC10,https://www.all-wall.com/TapeTech-PowerAssist-MaxxBox-PAHC10,,,469,PreOrder,VERIFIED_PRODUCT,HIGH,EXACT_MPN,MATCHES_DTB_MAP,All-Wall displayed MPN PAHC10 exactly matches DTB SKU PAHC10 after punctuation-only normalization. The All-Wall SKU field intentionally stores this MPN; retailer-internal SKU data is not extracted.,2026-09-17T01:42:21Z
TapeTech,"TapeTech Power Assist® MaxxBox® Finishing Box - 12""",PAHC12,PAHC12,520.16,,479.00,"TapeTech 12"" PowerAssist MAXXBOX PAHC12",PAHC12,https://www.all-wall.com/TapeTech-PowerAssist-MaxxBox-PAHC12,,,479,InStock,VERIFIED_PRODUCT,HIGH,EXACT_MPN,MATCHES_DTB_MAP,All-Wall displayed MPN PAHC12 exactly matches DTB SKU PAHC12 after punctuation-only normalization. The All-Wall SKU field intentionally stores this MPN; retailer-internal SKU data is not extracted.,2026-09-17T01:42:21Z
TapeTech,"TapeTech QuickBox® QSX Finishing Box - 6.5""",QB06-QSX,QB06-QSX,149.00,,149.00,"TapeTech 6.5"" QuickBox QSX Finishing Box",QB06-QSX,https://www.all-wall.com/TapeTech-QuickBox-QSX,,,149,PreOrder,VERIFIED_PRODUCT,HIGH,EXACT_MPN,MATCHES_DTB_MAP,All-Wall displayed MPN QB06-QSX exactly matches DTB SKU QB06-QSX after punctuation-only normalization. The All-Wall SKU field intentionally stores this MPN; retailer-internal SKU data is not extracted.,2026-09-17T01:42:21Z
TapeTech,"TapeTech QuickBox® QSX Finishing Box - 8.5""",QB08-QSX,QB08-QSX,180.19,,174.00,"TapeTech 8"" QuickBox QSX Finishing Box",QB08-QSX,https://www.all-wall.com/TapeTech-QuickBox-QB08-QSX,,,174,PreOrder,VERIFIED_PRODUCT,HIGH,EXACT_MPN,MATCHES_DTB_MAP,All-Wall displayed MPN QB08-QSX exactly matches DTB SKU QB08-QSX after punctuation-only normalization. The All-Wall SKU field intentionally stores this MPN; retailer-internal SKU data is not extracted.,2026-09-17T01:42:21Z
TapeTech,TapeTech Support Handle - Fiberglass,FHTT,FHTT,59.00,,59.00,TapeTech Interchangeable Fiberglass Support Handle FHTT,FHTT,https://www.all-wall.com/TapeTech-Fiberglass-Support-Handle-FHTT,,,59,PreOrder,VERIFIED_PRODUCT,HIGH,EXACT_MPN,MATCHES_DTB_MAP,All-Wall displayed MPN FHTT exactly matches DTB SKU FHTT after punctuation-only normalization. The All-Wall SKU field intentionally stores this MPN; retailer-internal SKU data is not extracted.,2026-09-17T01:42:21Z
TapeTech,TapeTech Support Handle - Closet Crusher Fiberglass,FHTT-CC,FHTT-CC,50.00,,50.00,"TapeTech Closet Crusher 18"" Support Handle FHTT-CC",FHTT-CC,https://www.all-wall.com/TapeTech-Handle-FHTTCC,,,50,PreOrder,VERIFIED_PRODUCT,HIGH,EXACT_MPN,MATCHES_DTB_MAP,All-Wall displayed MPN FHTT-CC exactly matches DTB SKU FHTT-CC after punctuation-only normalization. The All-Wall SKU field intentionally stores this MPN; retailer-internal SKU data is not extracted.,2026-09-17T01:42:21Z
TapeTech,TapeTech Support Handle - Extension,XHTT,XHTT,179.00,,179.00,TapeTech Interchangeable Extendable Support Handle XHTT,XHTT,https://www.all-wall.com/TapeTech-XHT-Extendable-Handle,,,179,PreOrder,VERIFIED_PRODUCT,HIGH,EXACT_MPN,MATCHES_DTB_MAP,All-Wall displayed MPN XHTT exactly matches DTB SKU XHTT after punctuation-only normalization. The All-Wall SKU field intentionally stores this MPN; retailer-internal SKU data is not extracted.,2026-09-17T01:42:21Z
TapeTech,TapeTech Support Handle Adapter - Corner Applicator,CAA-TT,CAA-TT,45.00,,45.00,TapeTech Angle Box Handle Adapter CAA-TT,CAA-TT,https://www.all-wall.com/TapeTech-CAATT-Corner-Applicator-Adapter,,,45,PreOrder,VERIFIED_PRODUCT,HIGH,EXACT_MPN,MATCHES_DTB_MAP,All-Wall displayed MPN CAA-TT exactly matches DTB SKU CAA-TT after punctuation-only normalization. The All-Wall SKU field intentionally stores this MPN; retailer-internal SKU data is not extracted.,2026-09-17T01:42:21Z
TapeTech,TapeTech Support Handle Adapter - Corner Finisher,CFA-TT,CFA-TT,49.00,,49.00,TapeTech Corner Finisher Handle Adapter CFA-TT,CFA-TT,https://www.all-wall.com/TapeTech-CFATT-Corner-Finisher-Adapter,,,49,PreOrder,VERIFIED_PRODUCT,HIGH,EXACT_MPN,MATCHES_DTB_MAP,All-Wall displayed MPN CFA-TT exactly matches DTB SKU CFA-TT after punctuation-only normalization. The All-Wall SKU field intentionally stores this MPN; retailer-internal SKU data is not extracted.,2026-09-17T01:42:21Z
TapeTech,TapeTech Support Handle Adapter - Nail Spotter,NSA-TT,NSA-TT,42.12,,,TapeTech Nail Spotter Handle Adapter NSA-TT,NSA-TT,https://www.all-wall.com/TapeTech-NSATT-Nail-Spotter-Adapter,,,40,PreOrder,VERIFIED_PRODUCT,HIGH,EXACT_MPN,DTB_MAP_UNKNOWN,All-Wall displayed MPN NSA-TT exactly matches DTB SKU NSA-TT after punctuation-only normalization. The All-Wall SKU field intentionally stores this MPN; retailer-internal SKU data is not extracted.,2026-09-17T01:42:21Z
TapeTech,TapeTech Wizard® Compact Finishing Box Handle - Standard,8000TT,8000TT,109.00,,,TapeTech Wizard Compact Flat Box Handle 8000TT,8000TT,https://www.all-wall.com/TapeTech-Wizard-Compact-Flat-Box-Handle,,,109,PreOrder,VERIFIED_PRODUCT,HIGH,EXACT_MPN,DTB_MAP_UNKNOWN,All-Wall displayed MPN 8000TT exactly matches DTB SKU 8000TT after punctuation-only normalization. The All-Wall SKU field intentionally stores this MPN; retailer-internal SKU data is not extracted.,2026-09-17T01:42:21Z
TapeTech,TapeTech Wizard® Compact Finishing Box Handle - Power Assist,8000TT-PA,8000TT-PA,109.00,,109.00,TapeTech Wizard Compact Flat Box Handle 8000TT-PA,8000TT-PA,https://www.all-wall.com/TT8000PA-TapeTech-Wizard-Compact-Flat-Box-Handle-for-Power-Assist-Boxes,,,109,PreOrder,VERIFIED_PRODUCT,HIGH,EXACT_MPN,MATCHES_DTB_MAP,All-Wall displayed MPN 8000TT-PA exactly matches DTB SKU 8000TT-PA after punctuation-only normalization. The All-Wall SKU field intentionally stores this MPN; retailer-internal SKU data is not extracted.,2026-09-17T01:42:21Z
TapeTech,TapeTech MudRunner® Compound Applicator - Standard,14TT,14TT,900.00,,,,,,,,,,NOT_FOUND,,,,No publicly extracted All-Wall displayed MPN exactly equals this DTB SKU after punctuation-only normalization.,2026-09-17T01:42:21Z
TapeTech,TapeTech MudRunner® Compound Applicator - Pro,MR01TT,MR01TT,1099.00,,1099.00,TapeTech MudRunner® Pro MR01TT,MR01TT,https://www.all-wall.com/TapeTech-MudRunner-Pro,,,1099,OutOfStock,VERIFIED_PRODUCT,HIGH,EXACT_MPN,MATCHES_DTB_MAP,All-Wall displayed MPN MR01TT exactly matches DTB SKU MR01TT after punctuation-only normalization. The All-Wall SKU field intentionally stores this MPN; retailer-internal SKU data is not extracted.,2026-09-17T01:42:21Z
TapeTech,TapeTech Compound Tube Filler Adapter,CTA01TT,CTA01TT,19.99,,19.99,TapeTech Compound Tube Filler Adapter CTA01TT,CTA01TT,https://www.all-wall.com/TapeTech-Compound-Tube-Filler-Adapter,,,19.99,PreOrder,VERIFIED_PRODUCT,HIGH,EXACT_MPN,MATCHES_DTB_MAP,All-Wall displayed MPN CTA01TT exactly matches DTB SKU CTA01TT after punctuation-only normalization. The All-Wall SKU field intentionally stores this MPN; retailer-internal SKU data is not extracted.,2026-09-17T01:42:21Z
TapeTech,TapeTech Extension,MRX01TT,MRX01TT,179.00,,179.00,TapeTech MudRunner® Pro Extension MRX01TT,MRX01TT,https://www.all-wall.com/TapeTech-Extension-MRX01TT,,,179,PreOrder,VERIFIED_PRODUCT,HIGH,EXACT_MPN,MATCHES_DTB_MAP,All-Wall displayed MPN MRX01TT exactly matches DTB SKU MRX01TT after punctuation-only normalization. The All-Wall SKU field intentionally stores this MPN; retailer-internal SKU data is not extracted.,2026-09-17T01:42:21Z
TapeTech,TapeTech Filler Adapter,90T,90T,79.00,,79.00,TapeTech Box Filler 90TT,90T,https://www.all-wall.com/TapeTech-Box-Filler,,,79,PreOrder,VERIFIED_PRODUCT,HIGH,EXACT_MPN,MATCHES_DTB_MAP,All-Wall displayed MPN 90T exactly matches DTB SKU 90T after punctuation-only normalization. The All-Wall SKU field intentionally stores this MPN; retailer-internal SKU data is not extracted.,2026-09-17T01:42:21Z
TapeTech,TapeTech Gooseneck Riser,GSR-TT,GSR-TT,13.99,,,TapeTech Gooseneck Riser GSR-TT,GSR-TT,https://www.all-wall.com/TapeTech-GooseneckRiser-GSRTT,,,13.99,PreOrder,VERIFIED_PRODUCT,HIGH,EXACT_MPN,DTB_MAP_UNKNOWN,All-Wall displayed MPN GSR-TT exactly matches DTB SKU GSR-TT after punctuation-only normalization. The All-Wall SKU field intentionally stores this MPN; retailer-internal SKU data is not extracted.,2026-09-17T01:42:21Z
TapeTech,TapeTech Grip Assembly For Box Handle,804003F,804003F,73.91,,,,,,,,,,NOT_FOUND,,,,No publicly extracted All-Wall displayed MPN exactly equals this DTB SKU after punctuation-only normalization.,2026-09-17T01:42:21Z
