match_status,match_basis,confidence,supplier_brand,supplier_sku,supplier_source_sku,supplier_name,supplier_category,supplier_weight,supplier_length,supplier_width,supplier_height,catalog_type,catalog_sku,catalog_name,catalog_brand,catalog_categories,catalog_parent,catalog_weight,catalog_length,catalog_width,catalog_height,matched_identifier,candidate_count,name_score,name_score_gap,numeric_tokens_match,category_compatible,dimension_score,review_notes
approved_manual_match,explicit reviewed mapping,confirmed,Columbia Tools,3CSF,CTT3CSF,"3"" COMBO FLUSHER COLUMBIA",AUTOMATIC TAPING TOOLS,0.6705,6,5,2,variation,3WTCSF,"Columbia Combo Flusher - 3"" Widetrack",Columbia Tools,,COL-COMBO-FLUSHER,,,,,3WTCSF,1,0.8000,,true,true,,"User-approved high-confidence match (Combo Flusher - 3"" Widetrack); supplier and catalog identifiers intentionally differ. Cost of goods populated from tsw-costs.csv: $120.69."
approved_manual_match,explicit reviewed mapping,confirmed,Columbia Tools,BH07,CTTBH07,CAM FOLLOWER COLUMBIA,AUTOMATIC TT PARTS,1,,,,simple,BH7,Cam Follower,Columbia Tools,Replacement Parts,,,,,,BH7,1,1.0000,,true,false,,User-approved exact product-name match; supplier and catalog identifiers intentionally differ.
approved_manual_match,explicit reviewed mapping,confirmed,Columbia Tools,CFB19,CTTCFB19,NYLATRON BUSHING COLUMBIA,AUTOMATIC TT PARTS,0.0055,0.5,0.5,0.2,simple,HFFB4D,Nylatron Bushing,Columbia Tools,Replacement Parts,,,,,,HFFB4D,1,1.0000,,true,false,,User-approved exact product-name match; supplier and catalog identifiers intentionally differ. Cost not populated: supplier SKU absent from tsw-costs.csv at time of review.
approved_manual_match,explicit reviewed mapping,confirmed,Columbia Tools,COBCR,CTTCOBCR,COLUMBIA OUTSIDE BEAD CORNER ROLLER,AUTOMATIC TAPING TOOLS,1.2165,9,4,5,variation,COBCRE,Columbia Outside Corner Roller - European,Columbia Tools,,COL-OUTSIDE-CORNER-ROLLER,,,,,COBCRE,1,0.7500,,true,true,,User-approved high-confidence match (Outside Corner Roller - European); supplier and catalog identifiers intentionally differ. Cost of goods populated from tsw-costs.csv: $52.97.
approved_manual_match,explicit reviewed mapping,confirmed,Columbia Tools,CT1,CTTCT1,TAPER HEAD - CLASSIC COLUMBIA,AUTOMATIC TT PARTS,0.5,,,,simple,CR1,Head Casting,Columbia Tools,Replacement Parts,,,,,,CR1,1,0.6000,,true,false,,User-approved match (Head Casting); adjacent/near-match SKU with slightly different descriptor between supplier and catalog — flagged as lower confidence than the CT71/76TT/8000TT/COBCR/3CSF matches. Cost of goods populated from tsw-costs.csv: $93.08.
approved_manual_match,explicit reviewed mapping,confirmed,Columbia Tools,CT71,CTTCT71,DRIVE SPROCKET SMALL COLUMBIA,AUTOMATIC TT PARTS,0.01,,,,variation,CT71,Drive Sprocket - Small,Columbia Tools,,CT-SPROCKET,,,,,CT71,1,1.0000,,true,true,,User-approved high-confidence match (exact SKU/name match: Drive Sprocket - Small). Cost of goods populated from tsw-costs.csv: $9.31.
approved_manual_match,explicit reviewed mapping,confirmed,Columbia Tools,CT82A,CTTCT82A,CLUTCH LEVER COLUMBIA,AUTOMATIC TT PARTS,0.01,,,,simple,CT82,Clutch Lever,Columbia Tools,Replacement Parts,,,,,,CT82,1,1.0000,,true,false,,User-approved exact product-name match; supplier and catalog identifiers intentionally differ. Cost not populated: supplier SKU absent from tsw-costs.csv at time of review.
approved_manual_match,explicit reviewed mapping,confirmed,Columbia Tools,CTA13,CTTCTA13,SUB ASSEMBLED DOG BASE BRACKET COLUMBIA,AUTOMATIC TT PARTS,0,,,,simple,CT13,Dog Base Bracket,Columbia Tools,Replacement Parts,,,,,,CT13,1,0.6957,,true,false,,User-approved match (Dog Base Bracket); adjacent/near-match SKU with slightly different descriptor between supplier and catalog — flagged as lower confidence than the CT71/76TT/8000TT/COBCR/3CSF matches. Cost of goods populated from tsw-costs.csv: $7.44.
approved_manual_match,explicit reviewed mapping,confirmed,Columbia Tools,FA234,CTTFA234,6-32 NYLOC JAM NUT COLUMBIA,AUTOMATIC TT PARTS,0.01,,,,simple,FA233,6-32 Nyloc Nut,Columbia Tools,Replacement Parts,,,,,,FA233,1,0.8750,,true,false,,User-approved match (6-32 Nyloc Nut); adjacent/near-match SKU with slightly different descriptor between supplier and catalog — flagged as lower confidence than the CT71/76TT/8000TT/COBCR/3CSF matches. Cost of goods populated from tsw-costs.csv: $0.79.
approved_manual_match,explicit reviewed mapping,confirmed,Columbia Tools,FFH3,CTTFFH3,LOWER MOUNTING BRACKET COLUMBIA,AUTOMATIC TT PARTS,0.01,,,,simple,BH3,Lower Mounting Bracket,Columbia Tools,Replacement Parts,,,,,,BH3,1,1.0000,,true,false,,User-approved exact product-name match; supplier and catalog identifiers intentionally differ. Cost not populated: supplier SKU absent from tsw-costs.csv at time of review.
approved_manual_match,explicit reviewed mapping,confirmed,Columbia Tools,HFFB510,CTTHFFB510,"10"" AXLE COLUMBIA",AUTOMATIC TT PARTS,0.01,,,,variation,FFB5-10,"Axle - 10""",Columbia Tools,,FFB5,,,,,FFB5-10,1,1.0000,,true,true,,User-approved exact product-name match; supplier and catalog identifiers intentionally differ. Cost not populated: supplier SKU absent from tsw-costs.csv at time of review.
approved_manual_match,explicit reviewed mapping,confirmed,Columbia Tools,HFFB514,CTTHFFB514,"14"" AXLE COLUMBIA",AUTOMATIC TT PARTS,0.01,,,,variation,FFB5-14,"Axle - 14""",Columbia Tools,,FFB5,,,,,FFB5-14,1,1.0000,,true,true,,User-approved exact product-name match; supplier and catalog identifiers intentionally differ. Cost not populated: supplier SKU absent from tsw-costs.csv at time of review.
approved_manual_match,explicit reviewed mapping,confirmed,Columbia Tools,HFFB57,CTTHFFB57,"7"" AXLE COLUMBIA",AUTOMATIC TT PARTS,0,,,,variation,FFB5-7,"Axle - 7""",Columbia Tools,,FFB5,,,,,FFB5-7,1,1.0000,,true,true,,User-approved exact product-name match; supplier and catalog identifiers intentionally differ. Cost not populated: supplier SKU absent from tsw-costs.csv at time of review.
approved_manual_match,explicit reviewed mapping,confirmed,Columbia Tools,HFFB58,CTTHFFB58,"8"" AXLE COLUMBIA",AUTOMATIC TT PARTS,0.01,,,,variation,FFB5-8,"Axle - 8""",Columbia Tools,,FFB5,,,,,FFB5-8,1,1.0000,,true,true,,User-approved exact product-name match; supplier and catalog identifiers intentionally differ. Cost not populated: supplier SKU absent from tsw-costs.csv at time of review.
approved_manual_match,explicit reviewed mapping,confirmed,TapeTech,76TT,TTT76TT,EASYCLEAN LOADING PUMP,AUTOMATIC TAPING TOOLS,9.175,23.5,7.5,6.5,variation,76TT,TapeTech EasyClean® Pump - Standard,TapeTech,,TT-EASYCLEAN-PUMP,9.6,23.5,7.5,6.5,76TT,1,0.6222,,true,true,1.0000,User-approved high-confidence match (exact SKU/name match: EasyClean Pump - Standard). Cost of goods populated from tsw-costs.csv: $284.93.
approved_manual_match,explicit reviewed mapping,confirmed,TapeTech,8000TT,TTT8000TT,WIZARD COMPACT FINISHING BOX HANDLE,AUTOMATIC TAPING TOOLS,2.03,13,10.25,6.5,variation,8000TT,TapeTech Wizard® Compact Finishing Box Handle - Standard,TapeTech,,TT-WIZARD-COMPACT-FINISHING-BOX-HANDLE,1.3,10,8,6,8000TT,1,0.8861,,true,true,0.7783,User-approved high-confidence match (exact SKU/name match: Wizard Compact Finishing Box Handle). Cost of goods populated from tsw-costs.csv: $55.47.
approved_manual_match,explicit reviewed mapping,confirmed,TapeTech,85TT,TTT85TT,GOOSENECK FITS TA72TT & TA76TT,AUTOMATIC TAPING TOOLS,2.786,18,8.25,4.5,variation,85T,TapeTech Gooseneck - Standard,TapeTech,,TT-GOOSENECK,1.75,17.5,6,3,85T,1,0.6087,,false,true,0.7555,User-approved exact product-name match; supplier and catalog identifiers intentionally differ.
approved_manual_match,explicit reviewed mapping,confirmed,TapeTech,90TT,TTT90TT,FILLER ADAPTER,AUTOMATIC TAPING TOOLS,0.3545,6,4,4,simple,90T,TapeTech Filler Adapter,TapeTech,"Box Fillers & Adapters, Taping & Finishing Tools > Goosenecks",,0.3545,6,4,4,90T,1,1.0000,,true,true,1.0000,User-approved exact product-name match; supplier and catalog identifiers intentionally differ.
matched_identifier,sku->SKU,confirmed,Columbia Tools,10FBB,CTT10FBB,"COLUMBIA 10"" FINISHER FAT BOY FLAT BOX",AUTOMATIC TAPING TOOLS,5,,,,variation,10FBB,"Columbia Fat Boy Flat Box - 10""",Columbia Tools,,COL-FAT-BOY-FLAT-BOX,5,,,,10FBB,1,0.8571,,true,true,1.0000,
matched_identifier,sku->SKU,confirmed,Columbia Tools,10FBBA,CTT10FBBA,"10"" FAT BOY AUTOMATIC FLAT BOX COLUMBIA",AUTOMATIC TAPING TOOLS,4.5275,14,9,8,variation,10FBBA,"Columbia Automatic Fat Boy Box - 10""",Columbia Tools,,COL-AUTOMATIC-FAT-BOY-BOX,4.5275,14,9,8,10FBBA,1,0.9153,,true,true,1.0000,
matched_identifier,sku->SKU,confirmed,Columbia Tools,10FFB,CTT10FFB,"COLUMBIA 10"" FINISHER FLAT BOX",AUTOMATIC TAPING TOOLS,3.313,5,13,7,variation,10FFB,"Columbia Flat Finisher Box - 10""",Columbia Tools,,COL-FLAT-FINISHER-BOX,3.313,5,13,7,10FFB,1,1.0000,,true,true,1.0000,
matched_identifier,sku->SKU,confirmed,Columbia Tools,10FFBA,CTT10FFBA,"10"" AUTOMATIC FLAT BOX COLUMBIA",AUTOMATIC TAPING TOOLS,4.3,,,,variation,10FFBA,"Columbia Automatic Flat Box - 10""",Columbia Tools,,COL-AUTOMATIC-FLAT-BOX,4.3,,,,10FFBA,1,1.0000,,true,true,1.0000,
matched_identifier,sku->SKU,confirmed,Columbia Tools,12FBB,CTT12FBB,"COLUMBIA 12"" FINISHER FAT BOY FLAT BOX",AUTOMATIC TAPING TOOLS,4.174,13,6,8,variation,12FBB,"Columbia Fat Boy Flat Box - 12""",Columbia Tools,,COL-FAT-BOY-FLAT-BOX,4.174,13,6,8,12FBB,1,0.8571,,true,true,1.0000,
matched_identifier,sku->SKU,confirmed,Columbia Tools,12FBBA,CTT12FBBA,"12"" FAT BOY AUTOMATIC FLAT BOX COLUMBIA",AUTOMATIC TAPING TOOLS,5.3705,14,8,9,variation,12FBBA,"Columbia Automatic Fat Boy Box - 12""",Columbia Tools,,COL-AUTOMATIC-FAT-BOY-BOX,5.3705,14,8,9,12FBBA,1,0.9153,,true,true,1.0000,
matched_identifier,sku->SKU,confirmed,Columbia Tools,12FFB,CTT12FFB,"COLUMBIA 12"" FINISHER FLAT BOX",AUTOMATIC TAPING TOOLS,3.814,13,5,7,variation,12FFB,"Columbia Flat Finisher Box - 12""",Columbia Tools,,COL-FLAT-FINISHER-BOX,3.814,13,5,7,12FFB,1,1.0000,,true,true,1.0000,
matched_identifier,sku->SKU,confirmed,Columbia Tools,12FFBA,CTT12FFBA,"12"" AUTOMATIC FLAT BOX COLUMBIA",AUTOMATIC TAPING TOOLS,4.9,,,,variation,12FFBA,"Columbia Automatic Flat Box - 12""",Columbia Tools,,COL-AUTOMATIC-FLAT-BOX,4.9,,,,12FFBA,1,1.0000,,true,true,1.0000,
matched_identifier,sku->SKU,confirmed,Columbia Tools,14FFB,CTT14FFB,"COLUMBIA 14"" FINISHER FLAT BOX",AUTOMATIC TAPING TOOLS,4.3685,16,5.25,8,variation,14FFB,"Columbia Flat Finisher Box - 14""",Columbia Tools,,COL-FLAT-FINISHER-BOX,4.3685,16,5.25,8,14FFB,1,1.0000,,true,true,1.0000,
matched_identifier,sku->SKU,confirmed,Columbia Tools,14FFBA,CTT14FFBA,"14"" AUTOMATIC FLAT BOX COLUMBIA",AUTOMATIC TAPING TOOLS,5.3,,,,variation,14FFBA,"Columbia Automatic Flat Box - 14""",Columbia Tools,,COL-AUTOMATIC-FLAT-BOX,5.3,,,,14FFBA,1,1.0000,,true,true,1.0000,
matched_identifier,sku->SKU,confirmed,Columbia Tools,25AH,CTT25AH,"COLUMBIA 2-1/2"" ANGLE HEAD WITH WHEELS",AUTOMATIC TAPING TOOLS,0.9125,4,4,4,variation,2.5AH,"Columbia Angle Head - 2.5""",Columbia Tools,,COL-ANGLE-HEAD,0.9125,4,4,4,2.5AH,1,0.3438,,false,true,1.0000,
matched_identifier,sku->SKU,confirmed,Columbia Tools,25CSF,CTT25CSF,"COLUMBIA 2.5"" COMBO FLUSHER",AUTOMATIC TAPING TOOLS,0.6415,5,4,3,variation,2.5CSF,"Columbia Combo Flusher - 2.5""",Columbia Tools,,COL-COMBO-FLUSHER,0.6415,5,4,3,2.5CSF,1,1.0000,,true,true,1.0000,
matched_identifier,sku->SKU,confirmed,Columbia Tools,2AH,CTT2AH,"COLUMBIA 2"" ANGLE HEAD WITH WHEELS",AUTOMATIC TAPING TOOLS,0.858,5,5,4,variation,2AH,"Columbia Angle Head - 2""",Columbia Tools,,COL-ANGLE-HEAD,0.858,5,5,4,2AH,1,0.7143,,true,true,1.0000,
matched_identifier,sku->SKU,confirmed,Columbia Tools,2NS,CTT2NS,"COLUMBIA 2"" NAIL SPOTTER",AUTOMATIC TT PARTS,1.4575,8,5,5,variation,2NS,"Columbia Nail Spotter - 2""",Columbia Tools,,COL-NAIL-SPOTTER,1.4575,8,5,5,2NS,1,1.0000,,true,true,1.0000,
matched_identifier,sku->SKU,confirmed,Columbia Tools,35AH,CTT35AH,"COLUMBIA 3-1/2"" ANGLE HEAD WITH WHEELS",AUTOMATIC TAPING TOOLS,1.1425,5.25,4.75,4,variation,3.5AH,"Columbia Angle Head - 3.5""",Columbia Tools,,COL-ANGLE-HEAD,1.1425,5.25,4.75,4,3.5AH,1,0.3438,,false,true,1.0000,
matched_identifier,sku->SKU,confirmed,Columbia Tools,35CSF,CTT35CSF,"COLUMBIA 3.5"" COMBO FLUSHER",AUTOMATIC TAPING TOOLS,5,,,,variation,3.5CSF,"Columbia Combo Flusher - 3.5""",Columbia Tools,,COL-COMBO-FLUSHER,5,,,,3.5CSF,1,1.0000,,true,true,1.0000,
matched_identifier,sku->SKU,confirmed,Columbia Tools,35SF,CTT35SF,"COLUMBIA 3-1/2"" STANDARD FLUSHER WITH WHEELS",AUTOMATIC TAPING TOOLS,1,,,,variation,3.5SF,"Columbia Standard Flusher - 3.5""",Columbia Tools,,COL-STANDARD-FLUSHER,1,,,,3.5SF,1,0.3850,,false,true,1.0000,
matched_identifier,sku->SKU,confirmed,Columbia Tools,3AH,CTT3AH,"COLUMBIA 3"" ANGLE HEAD WITH WHEELS",AUTOMATIC TAPING TOOLS,1.0565,4,5,5,variation,3AH,"Columbia Angle Head - 3""",Columbia Tools,,COL-ANGLE-HEAD,1.0565,4,5,5,3AH,1,0.7143,,true,true,1.0000,
matched_identifier,sku->SKU,confirmed,Columbia Tools,3BH,CTT3BH,3' 180-GRIP FLAT BOX HANDLE COLUMBIA,AUTOMATIC TAPING TOOLS,1.823,37.5,5.75,4,variation,3BH,Columbia 180° Grip Flat Box Handle - 3',Columbia Tools,,COL-180-GRIP-FLAT-BOX-HANDLE,1.823,37.5,5.75,4,3BH,1,0.5500,,false,true,1.0000,
matched_identifier,sku->SKU,confirmed,Columbia Tools,3NS,CTT3NS,"COLUMBIA 3"" NAIL SPOTTER",AUTOMATIC TT PARTS,1.731,8,5,5,variation,3NS,"Columbia Nail Spotter - 3""",Columbia Tools,,COL-NAIL-SPOTTER,1.731,8,5,5,3NS,1,1.0000,,true,true,1.0000,
matched_identifier,sku->SKU,confirmed,Columbia Tools,42BH,CTT42BH,"42"" FLAT BOX HANDLE 180 DEGREE COLUMBIA",AUTOMATIC TAPING TOOLS,1.86875,45,5.25,3.75,variation,42BH,"Columbia 180° Grip Flat Box Handle - 42""",Columbia Tools,,COL-180-GRIP-FLAT-BOX-HANDLE,1.86875,45,5.25,3.75,42BH,1,0.4435,,false,true,1.0000,
matched_identifier,sku->SKU,confirmed,Columbia Tools,4BH,CTT4BH,COLUMBIA 4' 180 DEG FLAT BOX HANDLE,AUTOMATIC TAPING TOOLS,2.0635,50.75,5.25,4,variation,4BH,Columbia 180° Grip Flat Box Handle - 4',Columbia Tools,,COL-180-GRIP-FLAT-BOX-HANDLE,2.0635,50.75,5.25,4,4BH,1,0.4529,,false,true,1.0000,
matched_identifier,sku->SKU,confirmed,Columbia Tools,55FBB,CTT55FBB,"5.5"" FAT BOY FLAT BOX COLUMBIA",AUTOMATIC TT PARTS,0,,,,variation,5.5FBB,"Columbia Fat Boy Flat Box - 5.5""",Columbia Tools,,COL-FAT-BOY-FLAT-BOX,,,,,5.5FBB,1,1.0000,,true,true,,
matched_identifier,sku->SKU,confirmed,Columbia Tools,55FFB,CTT55FFB,"5.5"" FLAT BOX COLUMBIA",AUTOMATIC TAPING TOOLS,2.455,8,6,5,variation,5.5FFB,"Columbia Flat Finisher Box - 5.5""",Columbia Tools,,COL-FLAT-FINISHER-BOX,2.455,8,6,5,5.5FFB,1,0.8000,,true,true,1.0000,
matched_identifier,sku->SKU,confirmed,Columbia Tools,5BH,CTT5BH,5' 180-GRIP FLAT BOX HANDLE COLUMBIA,AUTOMATIC TAPING TOOLS,8,,,,variation,5BH,Columbia 180° Grip Flat Box Handle - 5',Columbia Tools,,COL-180-GRIP-FLAT-BOX-HANDLE,8,,,,5BH,1,0.5500,,false,true,1.0000,
matched_identifier,sku->SKU,confirmed,Columbia Tools,6BH,CTT6BH,6' 180-GRIP FLAT BOX HANDLE COLUMBIA,AUTOMATIC TAPING TOOLS,10,,,,variation,6BH,Columbia 180° Grip Flat Box Handle - 6',Columbia Tools,,COL-180-GRIP-FLAT-BOX-HANDLE,10,,,,6BH,1,0.5500,,false,true,1.0000,
matched_identifier,sku->SKU,confirmed,Columbia Tools,7CFB,CTT7CFB,"COLUMBIA 7"" CORNER THROTTLE BOX",AUTOMATIC TAPING TOOLS,3.2875,10,10,4,variation,7CFB,"Columbia Throttle Corner Flusher Box - 7""",Columbia Tools,,COL-THROTTLE-CORNER-FLUSHER-BOX,3.2875,10,10,4,7CFB,1,0.8571,,true,true,1.0000,
matched_identifier,sku->SKU,confirmed,Columbia Tools,7FFB,CTT7FFB,"7"" FLAT FINISHING BOX COLUMBIA",AUTOMATIC TAPING TOOLS,2.8085,13,5,8,variation,7FFB,"Columbia Flat Finisher Box - 7""",Columbia Tools,,COL-FLAT-FINISHER-BOX,2.8085,13,5,8,7FFB,1,0.8889,,true,true,1.0000,
matched_identifier,sku->SKU,confirmed,Columbia Tools,8CFB,CTT8CFB,"COLUMBIA 8"" CORNER THROTTLE BOX",AUTOMATIC TAPING TOOLS,3.6385,10,5,10,variation,8CFB,"Columbia Throttle Corner Flusher Box - 8""",Columbia Tools,,COL-THROTTLE-CORNER-FLUSHER-BOX,3.6385,10,5,10,8CFB,1,0.8571,,true,true,1.0000,
matched_identifier,sku->SKU,confirmed,Columbia Tools,8FBB,CTT8FBB,"COLUMBIA 8"" FAT BOY BOX",AUTOMATIC TAPING TOOLS,1,,,,variation,8FBB,"Columbia Fat Boy Flat Box - 8""",Columbia Tools,,COL-FAT-BOY-FLAT-BOX,1,,,,8FBB,1,0.8649,,true,true,1.0000,
matched_identifier,sku->SKU,confirmed,Columbia Tools,8FBBA,CTT8FBBA,"8"" FAT BOY AUTOMATIC FLAT BOX COLUMBIA",AUTOMATIC TAPING TOOLS,4.1,,,,variation,8FBBA,"Columbia Automatic Fat Boy Box - 8""",Columbia Tools,,COL-AUTOMATIC-FAT-BOY-BOX,4.1,,,,8FBBA,1,0.9123,,true,true,1.0000,
matched_identifier,sku->SKU,confirmed,Columbia Tools,8FFB,CTT8FFB,"COLUMBIA 8"" FLAT FINISHER BOX",AUTOMATIC TAPING TOOLS,1,,,,variation,8FFB,"Columbia Flat Finisher Box - 8""",Columbia Tools,,COL-FLAT-FINISHER-BOX,1,,,,8FFB,1,1.0000,,true,true,1.0000,
matched_identifier,sku->SKU,confirmed,Columbia Tools,8FFBA,CTT8FFBA,"8"" AUTOMATIC FLAT BOX COLUMBIA",AUTOMATIC TAPING TOOLS,3.9,,,,variation,8FFBA,"Columbia Automatic Flat Box - 8""",Columbia Tools,,COL-AUTOMATIC-FLAT-BOX,3.9,,,,8FFBA,1,1.0000,,true,true,1.0000,
matched_identifier,sku->SKU,confirmed,Columbia Tools,AH18,CTTAH18,SOCKET WEAR CUP COLUMBIA,AUTOMATIC TT PARTS,0.01,,,,simple,AH18,Socket Wear Cap,Columbia Tools,Replacement Parts,,0.01,,,,AH18,1,0.9333,,true,false,1.0000,
matched_identifier,sku->SKU,confirmed,Columbia Tools,AH1A,CTTAH1A,SPRING HOUSING COLUMBIA,AUTOMATIC TT PARTS,0.01,,,,simple,AH1A,Spring Housing,Columbia Tools,Replacement Parts,,0.01,,,,AH1A,1,1.0000,,true,false,1.0000,
matched_identifier,sku->SKU,confirmed,Columbia Tools,AH4,CTTAH4,SIDE BLADE COLUMBIA,AUTOMATIC TT PARTS,0.01,,,,simple,AH4,Side Blade,Columbia Tools,Replacement Parts,,0.01,,,,AH4,1,1.0000,,true,false,1.0000,
matched_identifier,sku->SKU,confirmed,Columbia Tools,AH5,CTTAH5,FRAME RETAINER CLIP COLUMBIA,AUTOMATIC TT PARTS,0.01,,,,simple,AH5,Frame Retainer Clip,Columbia Tools,Replacement Parts,,0.01,,,,AH5,1,1.0000,,true,false,1.0000,
matched_identifier,sku->SKU,confirmed,Columbia Tools,AH6A,CTTAH6A,BALL HOLDER RELEASE CLIP COLUMBIA,AUTOMATIC TT PARTS,0.01,,,,simple,AH6A,Funnel Retainer Clip,Columbia Tools,Replacement Parts,,0.01,,,,AH6A,1,0.4545,,true,false,1.0000,
matched_identifier,sku->SKU,confirmed,Columbia Tools,AH8A,CTTAH8A,COLUMBIA TOP RETAINER CORNER CLIP,AUTOMATIC TT PARTS,0,,,,variation,AH8A,"Top Retainer Corner Clip - 3.5""",Columbia Tools,,AH8-CLIP,,,,,AH8A,1,0.8727,,false,true,,
matched_identifier,sku->SKU,confirmed,Columbia Tools,AH9A,CTTAH9A,COLUMBIA BOTTOM RETAINER CORNER CLIP,AUTOMATIC TT PARTS,0,,,,variation,AH9A,"Bottom Retainer Corner Clip - 3.5""",Columbia Tools,,AH9-CLIP,,,,,AH9A,1,0.8852,,false,true,,
matched_identifier,sku->SKU,confirmed,Columbia Tools,AHA,CTTAHA,COLUMBIA ANGLE HEAD ADAPTER,AUTOMATIC TAPING TOOLS,1,,,,simple,AHA,Angle Head Adapter,Columbia Tools,Replacement Parts,,1,,,,AHA,1,1.0000,,true,false,1.0000,
matched_identifier,sku->SKU,confirmed,Columbia Tools,BF,CTTBF,COLUMBIA BOX FILLER,AUTOMATIC TAPING TOOLS,0.31,5,4,2,variation,BF,Columbia Box Filler - Standard,Columbia Tools,,COL-BOX-FILLER,0.31,5,4,2,BF,1,0.6897,,true,true,1.0000,
matched_identifier,sku->SKU,confirmed,Columbia Tools,BH1,CTTBH1,MOUNTING PLATE (180 GRIP) COLUMBIA,AUTOMATIC TT PARTS,1,,,,simple,BH1,Mounting Plate,Columbia Tools,Replacement Parts,,1,,,,BH1,1,0.7568,,false,false,1.0000,
matched_identifier,sku->SKU,confirmed,Columbia Tools,BH11,CTTBH11,COLUMBIA STRAP CONNECTING PIN,AUTOMATIC TT PARTS,0,,,,simple,BH11,Strap Connecting Pin,Columbia Tools,Replacement Parts,,,,,,BH11,1,1.0000,,true,false,,
matched_identifier,sku->SKU,confirmed,Columbia Tools,BH2,CTTBH2,180 GRIP PLATE - COL HANDLES COLUMBIA,AUTOMATIC TT PARTS,0.01,,,,simple,BH2,Plate,Columbia Tools,Replacement Parts,,0.01,,,,BH2,1,0.3226,,false,false,1.0000,
matched_identifier,sku->SKU,confirmed,Columbia Tools,BH24A,CTTBH24A,COLUMBIA BEARING SLEEVE,AUTOMATIC TT PARTS,0,,,,simple,BH24A,Bearing Sleeve,Columbia Tools,Replacement Parts,,,,,,BH24A,1,1.0000,,true,false,,
matched_identifier,sku->SKU,confirmed,Columbia Tools,BH26,CTTBH26,CAM FOR 180 HANDLE COLUMBIA,AUTOMATIC TT PARTS,0.01,,,,simple,BH26,Cam,Columbia Tools,Replacement Parts,,0.01,,,,BH26,1,0.2857,,false,false,1.0000,
matched_identifier,sku->SKU,confirmed,Columbia Tools,BH4,CTTBH4,LOWER BRAKE LEVER COLUMBIA,AUTOMATIC TT PARTS,0,,,,simple,BH4,Lower Brake Lever,Columbia Tools,Replacement Parts,,,,,,BH4,1,1.0000,,true,false,,
matched_identifier,sku->SKU,confirmed,Columbia Tools,BH5,CTTBH5,UPPER MOUNTING BRACKET (180 GRIP) COLUMBIA,AUTOMATIC TT PARTS,0.01,,,,simple,BH5,Upper Mounting Bracket,Columbia Tools,Replacement Parts,,0.01,,,,BH5,1,0.8302,,false,false,1.0000,
matched_identifier,sku->SKU,confirmed,Columbia Tools,C1H,CTTC1H,COLUMBIA 4' ONE HANDLE,AUTOMATIC TAPING TOOLS,1.1325,48,2,2,variation,C1H,Columbia One Handle - Fixed,Columbia Tools,,COL-ONE-HANDLE,1.1325,48,2,2,C1H,1,0.7857,,false,true,1.0000,
matched_identifier,sku->SKU,confirmed,Columbia Tools,C1HEXT,CTTC1HEXT,COLUMBIA ONE ENTENDABLE 3'-5' HANDLE,AUTOMATIC TAPING TOOLS,1.135,38.25,2,1.75,variation,C1HEXT,Columbia One Handle - Extendable 3'-5',Columbia Tools,,COL-ONE-HANDLE,1.135,38.25,2,1.75,C1HEXT,1,0.9600,,true,true,1.0000,
matched_identifier,sku->SKU,confirmed,Columbia Tools,CBNCR,CTTCBNCR,OUTSIDE BULLNOSE CORNER ROLLER COLUMBIA,AUTOMATIC TAPING TOOLS,1.8,,,,variation,CBNCR,Columbia Outside Corner Roller - Bullnose,Columbia Tools,,COL-OUTSIDE-CORNER-ROLLER,1.8,,,,CBNCR,1,1.0000,,true,true,1.0000,
matched_identifier,sku->SKU,confirmed,Columbia Tools,CC,CTTCC,COLUMBIA CORNER COBRA ADJUST CORNER ROLLER,AUTOMATIC TAPING TOOLS,1.5525,5.5,6,6,simple,CC,Columbia Corner Cobra,Columbia Tools,Taping & Finishing Tools > Corner Rollers,,1.5525,5.5,6,6,CC,1,0.5333,,true,true,1.0000,
matched_identifier,sku->SKU,confirmed,Columbia Tools,CEXT90,CTTCEXT90,OUTSIDE 90 APPLICATOR HEAD COLUMBIA,AUTOMATIC TAPING TOOLS,0.833,4,3,3,variation,CEXT90,Columbia Billet Mud Applicator - External 90,Columbia Tools,,COL-BILLET-MUD-APPLICATOR,0.833,4,3,3,CEXT90,1,0.5763,,true,true,1.0000,
matched_identifier,sku->SKU,confirmed,Columbia Tools,CF1B,CTTCF1B,DIRECT PLATE - FLUSHER COLUMBIA,AUTOMATIC TT PARTS,0.01,,,,simple,CF1B,Columbia Direct Plate - Flusher,Columbia Tools,Replacement Parts,,,,,,CF1B,1,1.0000,,true,false,,
matched_identifier,sku->SKU,confirmed,Columbia Tools,CF4L,CTTCF4L,BALL SPRING LONG - FLUSHER COLUMBIA,AUTOMATIC TT PARTS,0.01,,,,simple,CF4L,Columbia Ball Spring Long Flusher,Columbia Tools,Replacement Parts,,,,,,CF4L,1,1.0000,,true,false,,
matched_identifier,sku->SKU,confirmed,Columbia Tools,CFB15A,CTTCFB15A,HINGE BUSHING COLUMBIA,AUTOMATIC TT PARTS,0.01,,,,simple,CFB15A,Hinge Bushing (Plastic Washer),Columbia Tools,Replacement Parts,,0.01,,,,CFB15A,1,0.6341,,true,false,1.0000,
matched_identifier,sku->SKU,confirmed,Columbia Tools,CFB16,CTTCFB16,BEARING SLEEVE - SS COLUMBIA,AUTOMATIC TT PARTS,0.011,0.2,0.2,0.2,simple,CFB16,Bearing Sleeve,Columbia Tools,Replacement Parts,,0.011,0.2,0.2,0.2,CFB16,1,0.9032,,true,false,1.0000,
matched_identifier,sku->SKU,confirmed,Columbia Tools,CFB1A,CTTCFB1A,HINGE SEAL COLUMBIA,AUTOMATIC TT PARTS,0.01,,,,simple,CFB1A,Columbia Hinge Seal,Columbia Tools,Replacement Parts,,,,,,CFB1A,1,1.0000,,true,false,,
matched_identifier,sku->SKU,confirmed,Columbia Tools,CFB28,CTTCFB28,"ROLL FACE 8"" COLUMBIA",AUTOMATIC TT PARTS,0,,,,simple,CFB28,"Columbia 8"" Roll Face",Columbia Tools,Replacement Parts,,,,,,CFB28,1,1.0000,,true,false,,
matched_identifier,sku->SKU,confirmed,Columbia Tools,CFB38,CTTCFB38,"RIGHT SIDE PLATE 8"" COLUMBIA",AUTOMATIC TT PARTS,0,,,,variation,CFB3-8,"Side Plate - 8""",Columbia Tools,,CFB3,,,,,CFB3-8,1,0.8333,,true,true,,
matched_identifier,sku->SKU,confirmed,Columbia Tools,CFB5B,CTTCFB5B,CONE BALL END COLUMBIA,AUTOMATIC TT PARTS,0.5,,,,simple,CFB5B,Cone Ball,Columbia Tools,Replacement Parts,,0.5,,,,CFB5B,1,0.8182,,true,false,1.0000,
matched_identifier,sku->SKU,confirmed,Columbia Tools,CFB6,CTTCFB6,MUD SUPPLY VALVE UNIT COLUMBIA,AUTOMATIC TT PARTS,0.01,,,,simple,CFB6,Mud Supply Valve Unit,Columbia Tools,Replacement Parts,,0.01,,,,CFB6,1,1.0000,,true,false,1.0000,
matched_identifier,sku->SKU,confirmed,Columbia Tools,CFB8,CTTCFB8,HANDLE MOUNT CASTING COLUMBIA,AUTOMATIC TT PARTS,0.01,,,,simple,CFB8,Box Mount,Columbia Tools,Replacement Parts,,0.01,,,,CFB8,1,0.4138,,true,false,1.0000,
matched_identifier,sku->SKU,confirmed,Columbia Tools,CFB8A,CTTCFB8A,ONE ANGLE BOX DOOR ADAPTOR COLUMBIA,AUTOMATIC TT PARTS,0.3,,,,simple,CFB8A,Columbia ONE Angle Box Door Adaptor,Columbia Tools,Replacement Parts,,,,,,CFB8A,1,1.0000,,true,false,,
matched_identifier,sku->SKU,confirmed,Columbia Tools,CFLT,CTTCFLT,FLAT APPLICATOR HEAD COLUMBIA,AUTOMATIC TAPING TOOLS,0.5505,4,3,1,variation,CFLT,Columbia Billet Mud Applicator - Flat,Columbia Tools,,COL-BILLET-MUD-APPLICATOR,0.5505,4,3,1,CFLT,1,0.7391,,true,true,1.0000,
matched_identifier,sku->SKU,confirmed,Columbia Tools,CHXL,CTTCHXL,COLUMBIA LONG EXTENDABLE HANDLE 4-8',AUTOMATIC TAPING TOOLS,2.4245,49.5,1.5,2.5,variation,CHXL,Columbia One Handle - Long Extendable 4'-8',Columbia Tools,,COL-ONE-HANDLE,2.4245,49.5,1.5,2.5,CHXL,1,0.9286,,true,true,1.0000,
matched_identifier,sku->SKU,confirmed,Columbia Tools,CLT24,CTTCLT24,"24"" CAM-LOCK COMPOUND MUD TUBE COLUMBIA",AUTOMATIC TAPING TOOLS,3,,,,variation,CLT24,"Columbia Cam Lock Tube - 24""",Columbia Tools,,COL-CAM-LOCK-TUBE,3,,,,CLT24,1,0.7451,,true,true,1.0000,
matched_identifier,sku->SKU,confirmed,Columbia Tools,CLT32,CTTCLT32,"32"" CAM-LOCK COMPOUND MUD TUBE COLUMBIA",AUTOMATIC TAPING TOOLS,4,,,,variation,CLT32,"Columbia Cam Lock Tube - 32""",Columbia Tools,,COL-CAM-LOCK-TUBE,4,,,,CLT32,1,0.7451,,true,true,1.0000,
matched_identifier,sku->SKU,confirmed,Columbia Tools,CLT42,CTTCLT42,"COLUMBIA 42"" CAM LOCK TUBE",AUTOMATIC TAPING TOOLS,3.09375,45.5,3.25,3.25,variation,CLT42,"Columbia Cam Lock Tube - 42""",Columbia Tools,,COL-CAM-LOCK-TUBE,3.09375,45.5,3.25,3.25,CLT42,1,1.0000,,true,true,1.0000,
matched_identifier,sku->SKU,confirmed,Columbia Tools,CLT55,CTTCLT55,"55"" CAM-LOCK COMPOUND MUD TUBE COLUMBIA",AUTOMATIC TAPING TOOLS,8,,,,variation,CLT55,"Columbia Cam Lock Tube - 55""",Columbia Tools,,COL-CAM-LOCK-TUBE,8,,,,CLT55,1,0.7451,,true,true,1.0000,
matched_identifier,sku->SKU,confirmed,Columbia Tools,CLTBF,CTTCLTBF,COMPOUND TUBE BOX FILLER ADAPTOR COLUMBIA,AUTOMATIC TAPING TOOLS,0,,,,simple,CLTBF,Columbia Compound Tube Box Filler,Columbia Tools,Replacement Parts,,,,,,CLTBF,1,0.8571,,true,false,,
matched_identifier,sku->SKU,confirmed,Columbia Tools,CMH,CTTCMH,"COLUMBIA 18"" CLOSET MONSTER HANDLE",AUTOMATIC TAPING TOOLS,2,,,,simple,CMH,Columbia Closet Monster Handle,Columbia Tools,Taping & Finishing Tools > Handles & Extensions,,2,,,,CMH,1,0.8750,,false,true,1.0000,
matched_identifier,sku->SKU,confirmed,Columbia Tools,CMT24,CTTCMT24,"COLUMBIA 24"" COMPOUND TUBE",AUTOMATIC TAPING TOOLS,2,,,,variation,CMT24,"Columbia Compound Tube - 24""",Columbia Tools,,COL-COMPOUND-TUBE,2,,,,CMT24,1,1.0000,,true,true,1.0000,
matched_identifier,sku->SKU,confirmed,Columbia Tools,CMT32,CTTCMT32,"32"" COMPOUND MUD TUBE COLUMBIA",AUTOMATIC TAPING TOOLS,4,,,,variation,CMT32,"Columbia Compound Tube - 32""",Columbia Tools,,COL-COMPOUND-TUBE,4,,,,CMT32,1,0.9048,,true,true,1.0000,
matched_identifier,sku->SKU,confirmed,Columbia Tools,CMT42,CTTCMT42,"42"" COMPOUND MUD TUBE COLUMBIA",AUTOMATIC TAPING TOOLS,2.887,48,4,3,variation,CMT42,"Columbia Compound Tube - 42""",Columbia Tools,,COL-COMPOUND-TUBE,2.887,48,4,3,CMT42,1,0.9048,,true,true,1.0000,
matched_identifier,sku->SKU,confirmed,Columbia Tools,CMT55,CTTCMT55,"COMPOUND MUD TUBE 55"" COLUMBIA",AUTOMATIC TAPING TOOLS,8,,,,variation,CMT55,"Columbia Compound Tube - 55""",Columbia Tools,,COL-COMPOUND-TUBE,8,,,,CMT55,1,0.9048,,true,true,1.0000,
matched_identifier,sku->SKU,confirmed,Columbia Tools,CPFGN,CTTCPFGN,COLUMBIA GRACO POWERFILL GOOSENECK,AUTOMATIC TAPING TOOLS,1,,,,simple,CPFGN,Columbia Powerfill 5 Gallon Taper Gooseneck Fill Tube,Columbia Tools,"Box Fillers & Adapters, Taping & Finishing Tools > Goosenecks",,1,,,,CPFGN,1,0.5507,,false,true,1.0000,
matched_identifier,sku->SKU,confirmed,Columbia Tools,CPFP,CTTCPFP,COLUMBIA GRACO POWERFILL 3.5 LOADING PUMP,AUTOMATIC TAPING TOOLS,0,,,,simple,CPFP,Columbia PowerFill 3.5 Pro Series Cordless Loading Pump,Columbia Tools,Taping & Finishing Tools > Loading & Compound Pumps,,,,,,CPFP,1,0.7436,,true,true,,
matched_identifier,sku->SKU,confirmed,Columbia Tools,CR,CTTCR,COLUMBIA INSIDE CORNER ROLLER,AUTOMATIC TAPING TOOLS,1.519,8,4,4,simple,CR,Columbia Corner Roller,Columbia Tools,Taping & Finishing Tools > Corner Rollers,,1.519,8,4,4,CR,1,0.7879,,true,true,1.0000,
matched_identifier,sku->SKU,confirmed,Columbia Tools,CR11,CTTCR11,HANDLE CONNECTING LINK COLUMBIA,AUTOMATIC TT PARTS,0.01,,,,simple,CR11,Handle Connecting Link,Columbia Tools,Replacement Parts,,0.01,,,,CR11,1,1.0000,,true,false,1.0000,
matched_identifier,sku->SKU,confirmed,Columbia Tools,CR12,CTTCR12,SWIVEL COUPLING PIN COLUMBIA,AUTOMATIC TT PARTS,0.01,,,,simple,CR12,Swivel Coupling Pin,Columbia Tools,Replacement Parts,,0.01,,,,CR12,1,1.0000,,true,false,1.0000,
matched_identifier,sku->SKU,confirmed,Columbia Tools,CR3,CTTCR3,BEARING SLEEVE COLUMBIA,AUTOMATIC TT PARTS,0.01,,,,simple,CR-3,Bearing Sleeve,Columbia Tools,Replacement Parts,,0.01,,,,CR-3,1,1.0000,,true,false,1.0000,
matched_identifier,sku->SKU,confirmed,Columbia Tools,CR6,CTTCR6,HANDLE MOUNTING SWIVEL COLUMBIA,AUTOMATIC TT PARTS,0.01,,,,simple,CR6,Handle Mounting Swivel,Columbia Tools,Replacement Parts,,0.01,,,,CR6,1,1.0000,,true,false,1.0000,
matched_identifier,sku->SKU,confirmed,Columbia Tools,CT101,CTTCT101,RETURN SPRING COLUMBIA,AUTOMATIC TT PARTS,0.0005,0.1,0.1,0.75,simple,CT101,Return Spring,Columbia Tools,Replacement Parts,,0.0005,0.1,0.1,0.75,CT101,1,1.0000,,true,false,1.0000,
matched_identifier,sku->SKU,confirmed,Columbia Tools,CT103,CTTCT103,BARREL MAIN BODY COLUMBIA,AUTOMATIC TT PARTS,1.6,,,,simple,CT103,Barrel- Main Body,Columbia Tools,Replacement Parts,,1.6,,,,CT103,1,1.0000,,true,false,1.0000,
matched_identifier,sku->SKU,confirmed,Columbia Tools,CT104,CTTCT104,COLUMBIA CONNECTION STRAP,AUTOMATIC TT PARTS,0.2,44,0.25,0.01,simple,CT104,Connection Strap,Columbia Tools,Replacement Parts,,0.2,44,0.25,0.01,CT104,1,1.0000,,true,false,1.0000,
matched_identifier,sku->SKU,confirmed,Columbia Tools,CT105,CTTCT105,CRIMPER LEVER COLUMBIA,AUTOMATIC TT PARTS,0.01,,,,simple,CT105,Crimper Lever,Columbia Tools,Replacement Parts,,0.01,,,,CT105,1,1.0000,,true,false,1.0000,
matched_identifier,sku->SKU,confirmed,Columbia Tools,CT107,CTTCT107,PISTON BODY COLUMBIA,AUTOMATIC TT PARTS,0.01,,,,simple,CT107,Piston Body,Columbia Tools,Replacement Parts,,0.01,,,,CT107,1,1.0000,,true,false,1.0000,
matched_identifier,sku->SKU,confirmed,Columbia Tools,CT109,CTTCT109,CABLE RETAINING NUT COLUMBIA,AUTOMATIC TT PARTS,0.01,,,,simple,CT109,1/4 - 20 Hex Nut,Columbia Tools,Replacement Parts,,0.01,,,,CT109,1,0.3030,,false,false,1.0000,
matched_identifier,sku->SKU,confirmed,Columbia Tools,CT10A,CTTCT10A,CRIMPING ARM BUSHING LEFT COLUMBIA,AUTOMATIC TT PARTS,0.01,,,,simple,CT10A,Crimping Arm Shaft Bushing - L,Columbia Tools,Replacement Parts,,0.01,,,,CT10A,1,0.9057,,true,false,1.0000,
matched_identifier,sku->SKU,confirmed,Columbia Tools,CT111,CTTCT111,PISTON CUP COLUMBIA,AUTOMATIC TT PARTS,0.01,,,,simple,CT111,Piston Cup,Columbia Tools,Replacement Parts,,0.01,,,,CT111,1,1.0000,,true,false,1.0000,
matched_identifier,sku->SKU,confirmed,Columbia Tools,CT112,CTTCT112,CONNECTING STUD COLUMBIA,AUTOMATIC TT PARTS,0.01,,,,simple,CT112,Connecting Stud,Columbia Tools,Replacement Parts,,0.01,,,,CT112,1,1.0000,,true,false,1.0000,
matched_identifier,sku->SKU,confirmed,Columbia Tools,CT115,CTTCT115,COLUMBIA GUARD RING,AUTOMATIC TT PARTS,0,,,,simple,CT115,Guard Ring,Columbia Tools,Replacement Parts,,,,,,CT115,1,1.0000,,true,false,,
matched_identifier,sku->SKU,confirmed,Columbia Tools,CT115A,CTTCT115A,GASKET NEW STYLE END RING COLUMBIA,AUTOMATIC TT PARTS,0.01,,,,simple,CT115A,Columbia Taper Gasket New Style End Ring,Columbia Tools,Replacement Parts,,,,,,CT115A,1,0.8929,,true,false,,
matched_identifier,sku->SKU,confirmed,Columbia Tools,CT116A,CTTCT116A,NEW STYLE STRAP FOR AUTO TAPER COLUMBIA,AUTOMATIC TT PARTS,0,,,,simple,CT116A,Strap,Columbia Tools,Replacement Parts,,,,,,CT116A,1,0.2857,,true,false,,
matched_identifier,sku->SKU,confirmed,Columbia Tools,CT118A,CTTCT118A,RETAINING SPRING CLIP QUICK REALEASE COLUMBIA,AUTOMATIC TT PARTS,0.01,,,,simple,CT118A,Columbia Retaining Quick Release Spring Clip,Columbia Tools,Replacement Parts,,,,,,CT118A,1,0.9859,,true,false,,
matched_identifier,sku->SKU,confirmed,Columbia Tools,CT119,CTTCT119,SPOOL RETAINING SPRING COLUMBIA,AUTOMATIC TT PARTS,0.01,,,,simple,CT119,Spool Retaining Spring,Columbia Tools,Replacement Parts,,0.01,,,,CT119,1,1.0000,,true,false,1.0000,
matched_identifier,sku->SKU,confirmed,Columbia Tools,CT12,CTTCT12,TAPE ADVANCE RELEASE BRACKET COLUMBIA,AUTOMATIC TT PARTS,0,,,,simple,CT12,Columbia Taper Tape Advance Release Bracket,Columbia Tools,Replacement Parts,,,,,,CT12,1,0.9032,,true,false,,
matched_identifier,sku->SKU,confirmed,Columbia Tools,CT120,CTTCT120,TAPE SPOOL W/ TENSION ADJUSTER COLUMBIA,AUTOMATIC TT PARTS,0.146,3,3,3,simple,CT120,Tape Spool,Columbia Tools,Replacement Parts,,0.146,3,3,3,CT120,1,0.5128,,true,false,1.0000,
matched_identifier,sku->SKU,confirmed,Columbia Tools,CT122A,CTTCT122A,COLUMBIA TAPER STRAP,AUTOMATIC TT PARTS,0,,,,simple,CT122A,Columbia Taper Strap,Columbia Tools,Replacement Parts,,,,,,CT122A,1,1.0000,,true,false,,
matched_identifier,sku->SKU,confirmed,Columbia Tools,CT123,CTTCT123,RETAINING SPRING SHAFT COLUMBIA,AUTOMATIC TT PARTS,0,,,,simple,CT123,Columbia Retaining Quick Release Spring Shaft,Columbia Tools,Replacement Parts,,,,,,CT123,1,0.7586,,true,false,,
matched_identifier,sku->SKU,confirmed,Columbia Tools,CT125,CTTCT125,ROLLER COLUMBIA,AUTOMATIC TT PARTS,0.01,,,,simple,CT125,Rollers,Columbia Tools,Replacement Parts,,0.01,,,,CT125,1,0.9231,,true,false,1.0000,
matched_identifier,sku->SKU,confirmed,Columbia Tools,CT125A,CTTCT125A,BEARING COLUMBIA,AUTOMATIC TT PARTS,0.01,,,,simple,CT125A,Bearing,Columbia Tools,Replacement Parts,,0.01,,,,CT125A,1,1.0000,,true,false,1.0000,
matched_identifier,sku->SKU,confirmed,Columbia Tools,CT126,CTTCT126,KNURLED HAND GRIP BODY COLUMBIA,AUTOMATIC TT PARTS,0,,,,simple,CT126,Hand Grip Body,Columbia Tools,Replacement Parts,,,,,,CT126,1,0.7778,,true,false,,
matched_identifier,sku->SKU,confirmed,Columbia Tools,CT127,CTTCT127,EXTENSION SHAFT BRACKET COLUMBIA,AUTOMATIC TT PARTS,0.01,,,,simple,CT127,Extension Shaft Bracket,Columbia Tools,Replacement Parts,,0.01,,,,CT127,1,1.0000,,true,false,1.0000,
matched_identifier,sku->SKU,confirmed,Columbia Tools,CT128A,CTTCT128A,SHAFT GUIDE STRAP COLUMBIA,AUTOMATIC TT PARTS,0,,,,simple,CT128A,Columbia Taper Shaft Guide Roller Bushing,Columbia Tools,Replacement Parts,,,,,,CT128A,1,0.6122,,true,false,,
matched_identifier,sku->SKU,confirmed,Columbia Tools,CT130,CTTCT130,EXTENSION SHAFT COLUMBIA,AUTOMATIC TT PARTS,0.01,,,,simple,CT130,Extension Shaft,Columbia Tools,Replacement Parts,,0.01,,,,CT130,1,1.0000,,true,false,1.0000,
matched_identifier,sku->SKU,confirmed,Columbia Tools,CT14A,CTTCT14A,ADJUSTABLE BRAKE COLUMBIA,AUTOMATIC TT PARTS,0.01,,,,simple,CT14A,Taper Adjustable Brake,Columbia Tools,Replacement Parts,,0.01,,,,CT14A,1,0.8421,,true,false,1.0000,
matched_identifier,sku->SKU,confirmed,Columbia Tools,CT15,CTTCT15,RATCHET ROD FOR ADJUST BRAKE COLUMBIA,AUTOMATIC TT PARTS,0,,,,simple,CT15,Ratchet Rod for Adjustable Brake,Columbia Tools,Replacement Parts,,,,,,CT15,1,0.9333,,true,false,,
matched_identifier,sku->SKU,confirmed,Columbia Tools,CT16,CTTCT16,BRAKE DOG COLUMBIA,AUTOMATIC TT PARTS,0,,,,simple,CT16,Brake Dog,Columbia Tools,Replacement Parts,,,,,,CT16,1,1.0000,,true,false,,
matched_identifier,sku->SKU,confirmed,Columbia Tools,CT17,CTTCT17,SEPARATION PLATE COLUMBIA,AUTOMATIC TT PARTS,0.01,,,,simple,CT17,Columbia Taper Separation Plate,Columbia Tools,Replacement Parts,,,,,,CT17,1,0.8421,,true,false,,
matched_identifier,sku->SKU,confirmed,Columbia Tools,CT19,CTTCT19,PAPER FEED GUIDE COLUMBIA,AUTOMATIC TT PARTS,0.01,,,,simple,CT19,Paper Feed Guide,Columbia Tools,Replacement Parts,,0.01,,,,CT19,1,1.0000,,true,false,1.0000,
matched_identifier,sku->SKU,confirmed,Columbia Tools,CT2,CTTCT2,INSERT BUSHING COLUMBIA,AUTOMATIC TT PARTS,0.01,,,,simple,CT2,Insert Bushing for CT#7A,Columbia Tools,Replacement Parts,,0.01,,,,CT2,1,0.7368,,false,false,1.0000,
matched_identifier,sku->SKU,confirmed,Columbia Tools,CT20,CTTCT20,HINGE BLOCK COLUMBIA,AUTOMATIC TT PARTS,0.01,,,,simple,CT20,Hinge Block,Columbia Tools,Replacement Parts,,0.01,,,,CT20,1,1.0000,,true,false,1.0000,
matched_identifier,sku->SKU,confirmed,Columbia Tools,CT22,CTTCT22,BRASS BRACKET COLUMBIA,AUTOMATIC TT PARTS,0.01,,,,simple,CT22,Columbia Taper Brass Bracket,Columbia Tools,Replacement Parts,,,,,,CT22,1,0.8125,,true,false,,
matched_identifier,sku->SKU,confirmed,Columbia Tools,CT23,CTTCT23,REINFORCING ROD COLUMBIA,AUTOMATIC TT PARTS,0.01,,,,simple,CT23,Columbia Taper Reinforcing Rod,Columbia Tools,Replacement Parts,,,,,,CT23,1,0.8333,,true,false,,
matched_identifier,sku->SKU,confirmed,Columbia Tools,CT28,CTTCT28,ROLLER BUSHING COLUMBIA,AUTOMATIC TT PARTS,0.01,,,,simple,CT28,Roller Bushing,Columbia Tools,Replacement Parts,,0.01,,,,CT28,1,1.0000,,true,false,1.0000,
matched_identifier,sku->SKU,confirmed,Columbia Tools,CT29,CTTCT29,RIGHT NYLATRON CHAIN ROLLER COLUMBIA,AUTOMATIC TT PARTS,0,,,,variation,CT29,Nylatron Chain Roller - Right (Small),Columbia Tools,,CT-NYLATRON-CHAIN-ROLLER,,,,,CT29,1,0.9000,,true,true,,
matched_identifier,sku->SKU,confirmed,Columbia Tools,CT29A,CTTCT29A,(LEFT) NYLATRON CHAIN ROLLER COLUMBIA,AUTOMATIC TT PARTS,0.007,0.6,0.75,0.75,variation,CT29A,Nylatron Chain Roller - Left (Large),Columbia Tools,,CT-NYLATRON-CHAIN-ROLLER,0.007,0.6,0.75,0.75,CT29A,1,0.8966,,true,true,1.0000,
matched_identifier,sku->SKU,confirmed,Columbia Tools,CT3,CTTCT3,RIGHT INSERT BUSHING COLUMBIA,AUTOMATIC TT PARTS,0.01,,,,variation,CT3,Insert Bushing - Right,Columbia Tools,,CT-INSERT-BUSHING,0.01,,,,CT3,1,1.0000,,true,true,1.0000,
matched_identifier,sku->SKU,confirmed,Columbia Tools,CT31,CTTCT31,CHAIN TENSION & GUIDE BRACKE COLUMBIA,AUTOMATIC TT PARTS,0.01,,,,simple,CT31,Chain Tension & Guide Bracket,Columbia Tools,Replacement Parts,,0.01,,,,CT31,1,0.9811,,true,false,1.0000,
matched_identifier,sku->SKU,confirmed,Columbia Tools,CT34R,CTTCT34R,REMOVABLE COVER PLATE ATTACHMENT BLK COLUMBIA,AUTOMATIC TT PARTS,0.3,,,,simple,CT34R,Columbia Removable Cover Plate Attachment Block,Columbia Tools,Replacement Parts,,,,,,CT34R,1,0.9730,,true,false,,
matched_identifier,sku->SKU,confirmed,Columbia Tools,CT35,CTTCT35,CAP REINFORCING TAB COLUMBIA,AUTOMATIC TT PARTS,0.01,,,,simple,CT35,Cap Reinforcing Tab,Columbia Tools,Replacement Parts,,0.01,,,,CT35,1,1.0000,,true,false,1.0000,
matched_identifier,sku->SKU,confirmed,Columbia Tools,CT36,CTTCT36,RETURN SPRING TUBE COLUMBIA,AUTOMATIC TT PARTS,0.01,,,,simple,CT36,Return Spring Tube,Columbia Tools,Replacement Parts,,0.01,,,,CT36,1,1.0000,,true,false,1.0000,
matched_identifier,sku->SKU,confirmed,Columbia Tools,CT3A,CTTCT3A,(LEFT) INSERT BUSHING COLUMBIA,AUTOMATIC TT PARTS,0.01,,,,variation,CT3A,Insert Bushing - Left,Columbia Tools,,CT-INSERT-BUSHING,0.01,,,,CT3A,1,1.0000,,true,true,1.0000,
matched_identifier,sku->SKU,confirmed,Columbia Tools,CT4,CTTCT4,LEFT WAFER BUSHING COLUMBIA,AUTOMATIC TT PARTS,0.0001,0.25,0.25,0.25,variation,CT4,Wafer Bushing - Left,Columbia Tools,,CT-WAFER-BUSHING,0.0001,0.25,0.25,0.25,CT4,1,1.0000,,true,true,1.0000,
matched_identifier,sku->SKU,confirmed,Columbia Tools,CT41,CTTCT41,CUTTER BLOCK COLUMBIA,AUTOMATIC TT PARTS,0.01,,,,simple,CT41,Columbia Taper Cutter Block,Columbia Tools,Replacement Parts,,,,,,CT41,1,0.8000,,true,false,,
matched_identifier,sku->SKU,confirmed,Columbia Tools,CT42A,CTTCT42A,COLUMBIA PYRAMID BLADE,AUTOMATIC TT PARTS,0,,,,simple,CT42A,Diamond Blade,Columbia Tools,Replacement Parts,,,,,,CT42A,1,0.6923,,true,false,,
matched_identifier,sku->SKU,confirmed,Columbia Tools,CT43,CTTCT43,MICRO CHAIN COLUMBIA,AUTOMATIC TT PARTS,0.01,,,,simple,CT43,Micro Chain,Columbia Tools,Replacement Parts,,0.01,,,,CT43,1,1.0000,,true,false,1.0000,
matched_identifier,sku->SKU,confirmed,Columbia Tools,CT45,CTTCT45,CONNECTING ROD (INCLD CT46 STOP) COLUMBIA,AUTOMATIC TT PARTS,0.01,,,,simple,CT45,Connecting Rod,Columbia Tools,Replacement Parts,,0.01,,,,CT45,1,0.6364,,false,false,1.0000,
matched_identifier,sku->SKU,confirmed,Columbia Tools,CT47,CTTCT47,CRIMPING WHEEL COLUMBIA,AUTOMATIC TT PARTS,0.01,,,,simple,CT47,Crimping Wheel,Columbia Tools,Replacement Parts,,0.01,,,,CT47,1,1.0000,,true,false,1.0000,
matched_identifier,sku->SKU,confirmed,Columbia Tools,CT49,CTTCT49,CRIMPING ARM RIGHT COLUMBIA,AUTOMATIC TT PARTS,0.01,,,,simple,CT49,Columbia Taper Crimping Arm Right,Columbia Tools,Replacement Parts,,,,,,CT49,1,0.8571,,true,false,,
matched_identifier,sku->SKU,confirmed,Columbia Tools,CT5,CTTCT5,RIGHT WAFER BUSHING COLUMBIA,AUTOMATIC TT PARTS,0.01,,,,variation,CT5,Wafer Bushing - Right,Columbia Tools,,CT-WAFER-BUSHING,0.01,,,,CT5,1,1.0000,,true,true,1.0000,
matched_identifier,sku->SKU,confirmed,Columbia Tools,CT50,CTTCT50,CRIMPING WHEEL BUSHING COLUMBIA,AUTOMATIC TT PARTS,0.01,,,,simple,CT50,Crimping Wheel Bushing,Columbia Tools,Replacement Parts,,0.01,,,,CT50,1,1.0000,,true,false,1.0000,
matched_identifier,sku->SKU,confirmed,Columbia Tools,CT53,CTTCT53,TOE KICKER COLUMBIA,AUTOMATIC TT PARTS,0,,,,simple,CT53,Toe Kicker,Columbia Tools,Replacement Parts,,,,,,CT53,1,1.0000,,true,false,,
matched_identifier,sku->SKU,confirmed,Columbia Tools,CT54,CTTCT54,RETURN SPRING COLUMBIA,AUTOMATIC TT PARTS,0.0025,1.3,0.2,0.2,simple,CT54,Return Spring,Columbia Tools,Replacement Parts,,0.0025,1.3,0.2,0.2,CT54,1,1.0000,,true,false,1.0000,
matched_identifier,sku->SKU,confirmed,Columbia Tools,CT55,CTTCT55,CARRIAGE GUIDE ROD COLUMBIA,AUTOMATIC TT PARTS,0.01,,,,simple,CT55,Carriage Guide Rod,Columbia Tools,Replacement Parts,,0.01,,,,CT55,1,1.0000,,true,false,1.0000,
matched_identifier,sku->SKU,confirmed,Columbia Tools,CT56,CTTCT56,CARRIAGE GUIDE ROD STOP COLUMBIA,AUTOMATIC TT PARTS,0.01,,,,simple,CT56,Carriage Guide Rod Stop,Columbia Tools,Replacement Parts,,0.01,,,,CT56,1,1.0000,,true,false,1.0000,
matched_identifier,sku->SKU,confirmed,Columbia Tools,CT57,CTTCT57,TAPE ADVANCE CARRIAGE COLUMBIA,AUTOMATIC TT PARTS,0.01,,,,simple,CT57,Tape Advance Carriage,Columbia Tools,Replacement Parts,,0.01,,,,CT57,1,1.0000,,true,false,1.0000,
matched_identifier,sku->SKU,confirmed,Columbia Tools,CT58,CTTCT58,GUIDE ROD BUSHING COLUMBIA,AUTOMATIC TT PARTS,0.01,,,,simple,CT58,Guide Rod Bushing,Columbia Tools,Replacement Parts,,0.01,,,,CT58,1,1.0000,,true,false,1.0000,
matched_identifier,sku->SKU,confirmed,Columbia Tools,CT6,CTTCT6,SIDE PLATE RIGHT COLUMBIA,AUTOMATIC TT PARTS,0.01,,,,simple,CT6,Columbia Taper Side Plate Right,Columbia Tools,Replacement Parts,,,,,,CT6,1,0.8421,,true,false,,
matched_identifier,sku->SKU,confirmed,Columbia Tools,CT62,CTTCT62,NEEDLE HOLDING SHAFT COLUMBIA,AUTOMATIC TT PARTS,0.01,0.75,0.2,0.2,simple,CT62,Needle Holding Shaft,Columbia Tools,Replacement Parts,,0.01,0.75,0.2,0.2,CT62,1,1.0000,,true,false,1.0000,
matched_identifier,sku->SKU,confirmed,Columbia Tools,CT63,CTTCT63,GOOSER NEEDLE - LONG COLUMBIA,AUTOMATIC TT PARTS,0.01,,,,simple,CT63,Needle,Columbia Tools,Replacement Parts,,0.01,,,,CT63,1,0.5000,,true,false,1.0000,
matched_identifier,sku->SKU,confirmed,Columbia Tools,CT64,CTTCT64,NEEDLE RETURN SHAFT COLUMBIA,AUTOMATIC TT PARTS,0.0045,,,,simple,CT64,Needle Return Shaft,Columbia Tools,Replacement Parts,,0.0045,,,,CT64,1,1.0000,,true,false,1.0000,
matched_identifier,sku->SKU,confirmed,Columbia Tools,CT65,CTTCT65,NEEDLE RETURN SPRING COLUMBIA,AUTOMATIC TT PARTS,0.01,,,,simple,CT65,Needle Return Spring,Columbia Tools,Replacement Parts,,0.01,,,,CT65,1,1.0000,,true,false,1.0000,
matched_identifier,sku->SKU,confirmed,Columbia Tools,CT67,CTTCT67,RATCHET GEAR COLUMBIA,AUTOMATIC TT PARTS,0.01,,,,simple,CT67,Ratchet Gear,Columbia Tools,Replacement Parts,,0.01,,,,CT67,1,1.0000,,true,false,1.0000,
matched_identifier,sku->SKU,confirmed,Columbia Tools,CT68,CTTCT68,HUB COLUMBIA,AUTOMATIC TT PARTS,0.01,,,,simple,CT68,Hub,Columbia Tools,Replacement Parts,,0.01,,,,CT68,1,1.0000,,true,false,1.0000,
matched_identifier,sku->SKU,confirmed,Columbia Tools,CT6A,CTTCT6A,SIDE PLATE LEFT COLUMBIA,AUTOMATIC TT PARTS,0.01,,,,simple,CT6A,Stainless Steel Side Plate - Left,Columbia Tools,Replacement Parts,,0.01,,,,CT6A,1,0.6522,,true,false,1.0000,
matched_identifier,sku->SKU,confirmed,Columbia Tools,CT7,CTTCT7,SIDE PLATE SUPPORT LEFT COLUMBIA,AUTOMATIC TT PARTS,0.01,,,,simple,CT7,Columbia Taper Side Plate Support Left,Columbia Tools,Replacement Parts,,,,,,CT7,1,0.8846,,true,false,,
matched_identifier,sku->SKU,confirmed,Columbia Tools,CT70,CTTCT70,DRIVE SHAFT COLUMBIA,AUTOMATIC TT PARTS,0.01,,,,simple,CT70,Drive Shaft,Columbia Tools,Replacement Parts,,0.01,,,,CT70,1,1.0000,,true,false,1.0000,
matched_identifier,sku->SKU,confirmed,Columbia Tools,CT73,CTTCT73,CABLE DRUM COLUMBIA,AUTOMATIC TT PARTS,0.01,,,,simple,CT73,Cable Drum,Columbia Tools,Replacement Parts,,0.01,,,,CT73,1,1.0000,,true,false,1.0000,
matched_identifier,sku->SKU,confirmed,Columbia Tools,CT76,CTTCT76,NYLATRON WASHER COLUMBIA,AUTOMATIC TT PARTS,0.01,,,,simple,CT76,Nylatron Washer,Columbia Tools,Replacement Parts,,0.01,,,,CT76,1,1.0000,,true,false,1.0000,
matched_identifier,sku->SKU,confirmed,Columbia Tools,CT77,CTTCT77,DRIVE SPROCKET LARGE COLUMBIA,AUTOMATIC TT PARTS,0.01,,,,variation,CT77,Drive Sprocket - Large,Columbia Tools,,CT-SPROCKET,0.01,,,,CT77,1,1.0000,,true,true,1.0000,
matched_identifier,sku->SKU,confirmed,Columbia Tools,CT78,CTTCT78,DRIVE CHAIN COLUMBIA,AUTOMATIC TT PARTS,0.01,,,,simple,CT78,Drive Chain,Columbia Tools,Replacement Parts,,0.01,,,,CT78,1,1.0000,,true,false,1.0000,
matched_identifier,sku->SKU,confirmed,Columbia Tools,CT79,CTTCT79,HOLLOW SHAFT COLUMBIA,AUTOMATIC TT PARTS,0.01,,,,simple,CT79,Hollow Shaft,Columbia Tools,Replacement Parts,,0.01,,,,CT79,1,1.0000,,true,false,1.0000,
matched_identifier,sku->SKU,confirmed,Columbia Tools,CT7A,CTTCT7A,SIDE PLATE HUB COLUMBIA,AUTOMATIC TT PARTS,0.01,,,,simple,CT7A,Side Plate Hub,Columbia Tools,Replacement Parts,,0.01,,,,CT7A,1,1.0000,,true,false,1.0000,
matched_identifier,sku->SKU,confirmed,Columbia Tools,CT8,CTTCT8,SIDE PLATE SUPPORT RIGHT COLUMBIA,AUTOMATIC TT PARTS,0.01,,,,simple,CT8,Columbia Taper Side Plate Support Right,Columbia Tools,Replacement Parts,,,,,,CT8,1,0.8889,,true,false,,
matched_identifier,sku->SKU,confirmed,Columbia Tools,CT80,CTTCT80,MANUAL DRIVE GRIP COLUMBIA,AUTOMATIC TT PARTS,0.01,,,,simple,CT80,Manual Drive Grip,Columbia Tools,Replacement Parts,,0.01,,,,CT80,1,1.0000,,true,false,1.0000,
matched_identifier,sku->SKU,confirmed,Columbia Tools,CT81,CTTCT81,CLUTCH RETURN SPRING COLUMBIA,AUTOMATIC TT PARTS,0.01,,,,simple,CT81,Clutch Return Spring,Columbia Tools,Replacement Parts,,0.01,,,,CT81,1,1.0000,,true,false,1.0000,
matched_identifier,sku->SKU,confirmed,Columbia Tools,CT83,CTTCT83,CLUTCH DOG COLUMBIA,AUTOMATIC TT PARTS,0.01,,,,simple,CT83,Clutch Dog,Columbia Tools,Replacement Parts,,0.01,,,,CT83,1,1.0000,,true,false,1.0000,
matched_identifier,sku->SKU,confirmed,Columbia Tools,CT85,CTTCT85,CLUTCH RELEASE SHAFT COLUMBIA,AUTOMATIC TT PARTS,0.01,,,,simple,CT85,Clutch Release Shaft,Columbia Tools,Replacement Parts,,0.01,,,,CT85,1,1.0000,,true,false,1.0000,
matched_identifier,sku->SKU,confirmed,Columbia Tools,CT86,CTTCT86,TOE KICKER CABLE COLUMBIA,AUTOMATIC TT PARTS,0.01,,,,simple,CT86,CT86 – Toe Kicker Cable,Columbia Tools,Replacement Parts,,0.01,,,,CT86,1,0.8649,,false,false,1.0000,
matched_identifier,sku->SKU,confirmed,Columbia Tools,CT87A,CTTCT87A,BRACKET BASE COLUMBIA,AUTOMATIC TT PARTS,0.01,,,,simple,CT87A,Bracket Brace,Columbia Tools,Replacement Parts,,0.01,,,,CT87A,1,0.8800,,true,false,1.0000,
matched_identifier,sku->SKU,confirmed,Columbia Tools,CT88,CTTCT88,CLUTCH RELEASE ROD COLUMBIA,AUTOMATIC TT PARTS,0.01,,,,simple,CT88,Clutch Release Rod,Columbia Tools,Replacement Parts,,0.01,,,,CT88,1,1.0000,,true,false,1.0000,
matched_identifier,sku->SKU,confirmed,Columbia Tools,CT89,CTTCT89,RELEASE ROD SLEEVE COLUMBIA,AUTOMATIC TT PARTS,0.01,,,,simple,CT89,Release Rod Sleeve,Columbia Tools,Replacement Parts,,0.01,,,,CT89,1,1.0000,,true,false,1.0000,
matched_identifier,sku->SKU,confirmed,Columbia Tools,CT90,CTTCT90,ROD SLEEVE HOUSING COLUMBIA,AUTOMATIC TT PARTS,0.01,,,,simple,CT90,Rod Sleeve Housing,Columbia Tools,Replacement Parts,,0.01,,,,CT90,1,1.0000,,true,false,1.0000,
matched_identifier,sku->SKU,confirmed,Columbia Tools,CT92,CTTCT92,RELEASE CLIP COLUMBIA,AUTOMATIC TT PARTS,0.01,,,,simple,CT92,Release Clip Bushing,Columbia Tools,Replacement Parts,,0.01,,,,CT92,1,0.7500,,true,false,1.0000,
matched_identifier,sku->SKU,confirmed,Columbia Tools,CT92A,CTTCT92A,L CLIP COLUMBIA,AUTOMATIC TT PARTS,0.01,,,,simple,CT92A,Toe Kicker Caple Retainer Clip,Columbia Tools,Replacement Parts,,0.01,,,,CT92A,1,0.3333,,true,false,1.0000,
matched_identifier,sku->SKU,confirmed,Columbia Tools,CT93,CTTCT93,MUD SHUT OFF LEVER ARM COLUMBIA,AUTOMATIC TT PARTS,0.01,,,,simple,CT93,Columbia Taper Mud Shut Off Lever Arm,Columbia Tools,Replacement Parts,,,,,,CT93,1,0.8800,,true,false,,
matched_identifier,sku->SKU,confirmed,Columbia Tools,CT94,CTTCT94,MUD SHUT OFF UPPER PLATE COLUMBIA,AUTOMATIC TT PARTS,0.01,,,,simple,CT94,Columbia Taper Mud Shut Off Upper Plate,Columbia Tools,Replacement Parts,,,,,,CT94,1,0.8889,,true,false,,
matched_identifier,sku->SKU,confirmed,Columbia Tools,CT95,CTTCT95,CONTROL VALVE COLUMBIA,AUTOMATIC TT PARTS,0.01,,,,simple,CT95,Columbia Taper Control Valve,Columbia Tools,Replacement Parts,,,,,,CT95,1,0.8125,,true,false,,
matched_identifier,sku->SKU,confirmed,Columbia Tools,CT96,CTTCT96,MUD SHUT OFF GASKET COLUMBIA,AUTOMATIC TT PARTS,0.01,,,,simple,CT96,Mud Shut-Off Gasket,Columbia Tools,Replacement Parts,,0.01,,,,CT96,1,1.0000,,true,false,1.0000,
matched_identifier,sku->SKU,confirmed,Columbia Tools,CT97,CTTCT97,MUD SUPPLY VALVE BODY COLUMBIA,AUTOMATIC TT PARTS,0.01,,,,simple,CT97,Mud Supply Valve Body,Columbia Tools,Replacement Parts,,0.01,,,,CT97,1,1.0000,,true,false,1.0000,
matched_identifier,sku->SKU,confirmed,Columbia Tools,CT98,CTTCT98,MUD SUPPLY SEAL PLATE COLUMBIA,AUTOMATIC TT PARTS,0.01,,,,simple,CT98,Mud Supply Seal Plate & Shaft,Columbia Tools,Replacement Parts,,0.01,,,,CT98,1,0.8750,,true,false,1.0000,
matched_identifier,sku->SKU,confirmed,Columbia Tools,CTA84,CTTCTA84,CABLE GUIDE AND PULLEY COLUMBIA,AUTOMATIC TT PARTS,0,,,,simple,CTA84,Columbia Cable Pulley Guide,Columbia Tools,Replacement Parts,,,,,,CTA84,1,0.9000,,true,false,,
matched_identifier,sku->SKU,confirmed,Columbia Tools,CTA87CL,CTTCTA87CL,CAM-LOCK COVER PLATE ASSEMBLY COLUMBIA,AUTOMATIC TT PARTS,0.1995,5,3,1,simple,CTA87CL,Columbia Cover Plate Assembly,Columbia Tools,Replacement Parts,,,,,,CTA87CL,1,0.8163,,true,false,,
matched_identifier,sku->SKU,confirmed,Columbia Tools,FA201,CTTFA201,"1/16"" X 3/8"" SPLIT PIN COLUMBIA",AUTOMATIC TT PARTS,0.01,,,,simple,FA201,"Columbia 1/16"" X 3/8"" Split Pin",Columbia Tools,Replacement Parts,,,,,,FA201,1,1.0000,,true,false,,
matched_identifier,sku->SKU,confirmed,Columbia Tools,FA203,CTTFA203,1/16 X 3/4 COTTER PIN COLUMBIA,AUTOMATIC TT PARTS,0.0001,1,0.5,0.5,simple,FA203,"1/16 x 3/4"" Cotter Pin",Columbia Tools,Replacement Parts,,0.0001,1,0.5,0.5,FA203,1,0.9333,,true,false,1.0000,
matched_identifier,sku->SKU,confirmed,Columbia Tools,FA207,CTTFA207,4-40 NYLOCK NUT COLUMBIA,AUTOMATIC TT PARTS,0.1,,,,simple,FA207,4-40 Nyloc Nut,Columbia Tools,Replacement Parts,,0.1,,,,FA207,1,0.9655,,true,false,1.0000,
matched_identifier,sku->SKU,confirmed,Columbia Tools,FA215,CTTFA215,COLUMBIA 4-40 X 5/16 BINDER SLOT,AUTOMATIC TT PARTS,0.0015,0.25,0.25,0.5,simple,FA215,"4-40 x 5/16"" Binder Slot",Columbia Tools,Replacement Parts,,0.0015,0.25,0.25,0.5,FA215,1,0.9388,,true,false,1.0000,
matched_identifier,sku->SKU,confirmed,Columbia Tools,FA218,CTTFA218,4/40 X 3/8 FLAT SLOT COLUMBIA,AUTOMATIC TT PARTS,0.5,0.3,0.1,0.1,simple,FA218,"4-40 x 3/8"" Flat Slot",Columbia Tools,Replacement Parts,,0.5,0.3,0.1,0.1,FA218,1,0.9302,,true,false,1.0000,
matched_identifier,sku->SKU,confirmed,Columbia Tools,FA219,CTTFA219,"4-40 X 1/2"" FILL. HEAD SCREW COLUMBIA",AUTOMATIC TT PARTS,0.01,,,,simple,FA219,"4-40 x 1/2"" Fillister Slot",Columbia Tools,Replacement Parts,,0.01,,,,FA219,1,0.7368,,true,false,1.0000,
matched_identifier,sku->SKU,confirmed,Columbia Tools,FA220,CTTFA220,"4-40 X 3/4"" BIND HEAD SCREW COLUMBIA",AUTOMATIC TT PARTS,0.01,,,,simple,FA220,"4-40 x 3/4"" Hex Bolt",Columbia Tools,Replacement Parts,,0.01,,,,FA220,1,0.7059,,true,false,1.0000,
matched_identifier,sku->SKU,confirmed,Columbia Tools,FA222,CTTFA222,"5-40 X 3/8"" PAN SLOT COLUMBIA",AUTOMATIC TT PARTS,0,,,,simple,FA222,"Columbia 5-40 X 3/8"" Bind Head Screw",Columbia Tools,Replacement Parts,,,,,,FA222,1,0.6667,,true,false,,
matched_identifier,sku->SKU,confirmed,Columbia Tools,FA224,CTTFA224,"1/8"" X 3/8"" SPLIT PIN COLUMBIA",AUTOMATIC TT PARTS,0.01,,,,simple,FA224,"1/8"" x 3/8"" Split Pin",Columbia Tools,Replacement Parts,,0.01,,,,FA224,1,1.0000,,true,false,1.0000,
matched_identifier,sku->SKU,confirmed,Columbia Tools,FA225,CTTFA225,1/8 X 3/8 SPECIAL WASHER #6010 COLUMBIA,AUTOMATIC TT PARTS,0,,,,simple,FA225,"1/8"" x 3/8"" Rivet Shoulder Washer",Columbia Tools,Replacement Parts,,,,,,FA225,1,0.3167,,false,false,,
matched_identifier,sku->SKU,confirmed,Columbia Tools,FA228,CTTFA228,WASHER COLUMBIA,AUTOMATIC TT PARTS,0.1,,,,simple,FA228,#6 Flat Washer,Columbia Tools,Replacement Parts,,0.1,,,,FA228,1,0.6316,,false,false,1.0000,
matched_identifier,sku->SKU,confirmed,Columbia Tools,FA230,CTTFA230,#6 STAR WASHER COLUMBIA,AUTOMATIC TT PARTS,0,,,,simple,FA230,#6 Star Washer,Columbia Tools,Replacement Parts,,,,,,FA230,1,1.0000,,true,false,,
matched_identifier,sku->SKU,confirmed,Columbia Tools,FA231,CTTFA231,"#6 X 3/8"" HEX BOLT FA231 COLUMBIA",AUTOMATIC TT PARTS,0.01,,,,simple,FA231,"6-32 x 3/8"" Hex Bolt",Columbia Tools,Replacement Parts,,0.01,,,,FA231,1,0.4447,,false,false,1.0000,
matched_identifier,sku->SKU,confirmed,Columbia Tools,FA232,CTTFA232,6-32 HEX NUT COLUMBIA,AUTOMATIC TT PARTS,0.01,0.05,0.3,0.3,simple,FA232,6-32 Hex Nut,Columbia Tools,Replacement Parts,,0.01,0.05,0.3,0.3,FA232,1,1.0000,,true,false,1.0000,
matched_identifier,sku->SKU,confirmed,Columbia Tools,FA239,CTTFA239,"COLUMBIA 6-32# X 1/4"" BINDER SLOT",AUTOMATIC TT PARTS,0.0095,0.3,0.3,0.3,simple,FA239,"6-32 X 1/4"" Binder Slot",Columbia Tools,Replacement Parts,,0.0095,0.3,0.3,0.3,FA239,1,1.0000,,true,false,1.0000,
matched_identifier,sku->SKU,confirmed,Columbia Tools,FA241,CTTFA241,"COLUMBIA 6-32# X 3/8"" BINDER SLOT",AUTOMATIC TT PARTS,0.002,0.5,0.25,0.5,simple,FA241,"6-32 X 3/8"" Binder Slot",Columbia Tools,Replacement Parts,,0.002,0.5,0.25,0.5,FA241,1,1.0000,,true,false,1.0000,
matched_identifier,sku->SKU,confirmed,Columbia Tools,FA243,CTTFA243,"6-32 X 3/8"" FLAT SLOT COLUMBIA",AUTOMATIC TT PARTS,0,,,,simple,FA243,"6-32 x 3/8"" Flat Slot",Columbia Tools,Replacement Parts,,,,,,FA243,1,1.0000,,true,false,,
matched_identifier,sku->SKU,confirmed,Columbia Tools,FA245,CTTFA245,"6-32 X 1/2"" FILL. HEAD SCREW COLUMBIA",AUTOMATIC TT PARTS,0.01,,,,simple,FA245,"6-32 x 1/2"" Fillister Slot",Columbia Tools,Replacement Parts,,0.01,,,,FA245,1,0.7368,,true,false,1.0000,
matched_identifier,sku->SKU,confirmed,Columbia Tools,FA247,CTTFA247,"6-32 X 5/8"" HEX BOLT COLUMBIA",AUTOMATIC TT PARTS,0.002,0.25,0.25,0.75,simple,FA247,"6-32 X 5/8"" Hex Bolt",Columbia Tools,Replacement Parts,,0.002,0.25,0.25,0.75,FA247,1,1.0000,,true,false,1.0000,
matched_identifier,sku->SKU,confirmed,Columbia Tools,FA252,CTTFA252,#8 STAR WASHER COLUMBIA,AUTOMATIC TT PARTS,0.01,,,,simple,FA252,#8 Star Washer,Columbia Tools,Replacement Parts,,0.01,,,,FA252,1,1.0000,,true,false,1.0000,
matched_identifier,sku->SKU,confirmed,Columbia Tools,FA253,CTTFA253,#8 FLAT WASHER COLUMBIA,AUTOMATIC TT PARTS,0.01,,,,simple,FA253,#8 Flat Washer,Columbia Tools,Replacement Parts,,0.01,,,,FA253,1,1.0000,,true,false,1.0000,
matched_identifier,sku->SKU,confirmed,Columbia Tools,FA256,CTTFA256,"8-32 X 3/16"" SET SCREW COLUMBIA",AUTOMATIC TT PARTS,0.0045,4,3,0.1,simple,FA256,"8-32 X 3/16"" Pan Slot",Columbia Tools,Replacement Parts,,0.0045,4,3,0.1,FA256,1,0.7660,,true,false,1.0000,
matched_identifier,sku->SKU,confirmed,Columbia Tools,FA259,CTTFA259,"8-32X3/8"" BINDER SLOT COLUMBIA",AUTOMATIC TT PARTS,0.1,,,,simple,FA259,"FA259 8-32 X 5/16"" Binder Slot",Columbia Tools,Replacement Parts,,0.1,,,,FA259,1,0.4200,,false,false,1.0000,
matched_identifier,sku->SKU,confirmed,Columbia Tools,FA261,CTTFA261,"8-32 X 3/8"" SOCKET COLUMBIA",AUTOMATIC TT PARTS,0,,,,simple,FA261,"8-32 X 3/8"" Socket Screw",Columbia Tools,Replacement Parts,,,,,,FA261,1,0.8696,,true,false,,
matched_identifier,sku->SKU,confirmed,Columbia Tools,FA262,CTTFA262,"8-32 X 1/2"" SOCKET HEAD COLUMBIA (2)",AUTOMATIC TT PARTS,0,,,,simple,FA262,"8-32 x 1/2"" Socket",Columbia Tools,Replacement Parts,,,,,,FA262,1,0.4813,,false,false,,
matched_identifier,sku->SKU,confirmed,Columbia Tools,FA265,CTTFA265,"8-32 X 3/4"" TRUSS SLOT COLUMBIA",AUTOMATIC TT PARTS,0.005,0.25,0.25,0.75,simple,FA265,"8-32 x 3/4"" Truss Slot",Columbia Tools,Replacement Parts,,0.005,0.25,0.25,0.75,FA265,1,1.0000,,true,false,1.0000,
matched_identifier,sku->SKU,confirmed,Columbia Tools,FA267,CTTFA267,"8-32 X 1-1/2"" PAN HEAD COLUMBIA",AUTOMATIC TT PARTS,0,,,,simple,FA267,"8-32 x 1 1/2"" Pan Slot",Columbia Tools,Replacement Parts,,,,,,FA267,1,0.8333,,true,false,,
matched_identifier,sku->SKU,confirmed,Columbia Tools,FA268,CTTFA268,COLUMBIA #10 FLAT WASHER,AUTOMATIC TT PARTS,0,,,,simple,FA268,#10 Flat Washer,Columbia Tools,Replacement Parts,,,,,,FA268,1,1.0000,,true,false,,
matched_identifier,sku->SKU,confirmed,Columbia Tools,FA270,CTTFA270,"#10 X 3/4"" FENDER WASHER COLUMBIA",AUTOMATIC TT PARTS,0.01,,,,simple,FA270,"#10 x 3/4"" Fender Washer",Columbia Tools,Replacement Parts,,0.01,,,,FA270,1,1.0000,,true,false,1.0000,
matched_identifier,sku->SKU,confirmed,Columbia Tools,FA271,CTTFA271,COLUMBIA 10-24 NYLOC NUT,AUTOMATIC TT PARTS,0,,,,simple,FA271,10-24 Nyloc Nut,Columbia Tools,Replacement Parts,,,,,,FA271,1,1.0000,,true,false,,
matched_identifier,sku->SKU,confirmed,Columbia Tools,FA273,CTTFA273,"10-24 X 1"" HEX BOLT COLUMBIA",AUTOMATIC TT PARTS,0.01,,,,simple,FA273,"10-24 x 1"" Hex Bolt",Columbia Tools,Replacement Parts,,0.01,,,,FA273,1,1.0000,,true,false,1.0000,
matched_identifier,sku->SKU,confirmed,Columbia Tools,FA274,CTTFA274,"10-24 X 3/8"" SOCKET HD SCREW COLUMBIA",AUTOMATIC TT PARTS,0.01,,,,simple,FA274,"10-24 x 3/8"" Socket",Columbia Tools,Replacement Parts,,0.01,,,,FA274,1,0.8235,,true,false,1.0000,
matched_identifier,sku->SKU,confirmed,Columbia Tools,FA275,CTTFA275,"10-24X7/8"" HEX BOLT COLUMBIA",AUTOMATIC TT PARTS,0,,,,simple,FA275,"10-24 x 7/8"" Hex Bolt",Columbia Tools,Replacement Parts,,,,,,FA275,1,0.5250,,false,false,,
matched_identifier,sku->SKU,confirmed,Columbia Tools,FA276,CTTFA276,10-24 X 7/8 PAN HEAD SCREW COLUMBIA,AUTOMATIC TT PARTS,0.01,,,,simple,FA276,"10-24 x 7/8"" Pan Slot",Columbia Tools,Replacement Parts,,0.01,,,,FA276,1,0.7347,,true,false,1.0000,
matched_identifier,sku->SKU,confirmed,Columbia Tools,FA278,CTTFA278,#8 BELLEVILLE WASHER COLUMBIA,AUTOMATIC TT PARTS,0.01,,,,simple,FA278,Columbia #8 Belleville Washer,Columbia Tools,Replacement Parts,,,,,,FA278,1,1.0000,,true,false,,
matched_identifier,sku->SKU,confirmed,Columbia Tools,FA279,CTTFA279,"10-24 X 1-1/4"" HEX BOLT COLUMBIA",AUTOMATIC TT PARTS,0.01,,,,simple,FA279,Columbia 10-24 X 1-1/4in Hex Bolt,Columbia Tools,Replacement Parts,,,,,,FA279,1,0.5388,,false,false,,
matched_identifier,sku->SKU,confirmed,Columbia Tools,FA280,CTTFA280,COLUMBIA #10 BELLEVILLE WASHER,AUTOMATIC TT PARTS,0.1,0.5,0.5,0.5,simple,FA280,#10 Belleville Washer,Columbia Tools,Replacement Parts,,0.1,0.5,0.5,0.5,FA280,1,1.0000,,true,false,1.0000,
matched_identifier,sku->SKU,confirmed,Columbia Tools,FA281,CTTFA281,10-32 NYLOC JAM NUT COLUMBIA (2),AUTOMATIC TT PARTS,0,,,,simple,FA281,Columbia 10-32 X Nyloc Jam Nut-2 per pack,Columbia Tools,Replacement Parts,,,,,,FA281,1,0.7925,,true,false,,
matched_identifier,sku->SKU,confirmed,Columbia Tools,FA285,CTTFA285,"1/4"" PLASTIC WASHER COLUMBIA",AUTOMATIC TT PARTS,0.01,,,,simple,FA285,"Columbia 1/4"" Plastic Washer",Columbia Tools,Replacement Parts,,,,,,FA285,1,1.0000,,true,false,,
matched_identifier,sku->SKU,confirmed,Columbia Tools,FA288,CTTFA288,COLUMBIA 1/4 X 3/4 SPLIT PIN,AUTOMATIC TT PARTS,0,,,,simple,FA288,"1/4"" X 3/4"" Split Pin",Columbia Tools,Replacement Parts,,,,,,FA288,1,0.8636,,true,false,,
matched_identifier,sku->SKU,confirmed,Columbia Tools,FA289,CTTFA289,"1/4"" X 2"" SPLIT PIN OLD STYLE COLUMBIA",AUTOMATIC TT PARTS,0,,,,simple,FA289,"Columbia Split Pin 1/4"" X 2""",Columbia Tools,Replacement Parts,,,,,,FA289,1,0.8214,,true,false,,
matched_identifier,sku->SKU,confirmed,Columbia Tools,FA290,CTTFA290,1/4-20 NYLOC NUT COLUMBIA,AUTOMATIC TT PARTS,0,,,,simple,FA290,Columbia 1/4-20 Nyloc Nut,Columbia Tools,Replacement Parts,,,,,,FA290,1,1.0000,,true,false,,
matched_identifier,sku->SKU,confirmed,Columbia Tools,FA292,CTTFA292,1/4-20 NYLOC JAM NUT COLUMBIA,AUTOMATIC TT PARTS,0.01,,,,simple,FA292,FA292 1/4-20 Nyloc Jam Nut,Columbia Tools,Replacement Parts,,0.01,,,,FA292,1,0.4783,,false,false,1.0000,
matched_identifier,sku->SKU,confirmed,Columbia Tools,FA294,CTTFA294,"1/4-20 X 3/8"" SOCKET COLUMBIA",AUTOMATIC TT PARTS,0,,,,simple,FA294,"1/4-20 x 38"" Socket",Columbia Tools,Replacement Parts,,,,,,FA294,1,0.5372,,false,false,,
matched_identifier,sku->SKU,confirmed,Columbia Tools,FA295,CTTFA295,"1/4-20 X 1/2"" FLAT HEAD SOCKET COLUMBIA",AUTOMATIC TT PARTS,0,,,,simple,FA295,"1/4 x 1/2"" Flathead Socket",Columbia Tools,Replacement Parts,,,,,,FA295,1,0.5133,,false,false,,
matched_identifier,sku->SKU,confirmed,Columbia Tools,FA296,CTTFA296,"1/4-20 X 1/2"" HEX BOLT COLUMBIA",AUTOMATIC TT PARTS,0,,,,simple,FA296,"1/4 -20 x 1/2"" Hex Bolt",Columbia Tools,Replacement Parts,,,,,,FA296,1,1.0000,,true,false,,
matched_identifier,sku->SKU,confirmed,Columbia Tools,FA298,CTTFA298,"FLAT SOCKET 1/4-20 X 7/8"" COLUMBIA",AUTOMATIC TT PARTS,0.01,,,,simple,FA298,"1/4-20 x 7/8"" Flat Socket",Columbia Tools,Replacement Parts,,0.01,,,,FA298,1,1.0000,,true,false,1.0000,
matched_identifier,sku->SKU,confirmed,Columbia Tools,FA300,CTTFA300,"COLUMBIA HEX BOLT 1/4-20 X 2""",AUTOMATIC TT PARTS,0,,,,simple,FA300,"1/4-20 x 2"" Hex Bolt",Columbia Tools,Replacement Parts,,,,,,FA300,1,1.0000,,true,false,,
matched_identifier,sku->SKU,confirmed,Columbia Tools,FA302,CTTFA302,1/4 -28-3/8 SOCKET SET SCREW HYDRA HDL COLUMBIA,AUTOMATIC TT PARTS,0.01,,,,simple,FA302,"1/4-28 x 1/4"" Set Screw",Columbia Tools,Replacement Parts,,0.01,,,,FA302,1,0.3371,,false,false,1.0000,
matched_identifier,sku->SKU,confirmed,Columbia Tools,FA305,CTTFA305,"5/16-18 X 3/4"" HEX BOLT COLUMBIA",AUTOMATIC TT PARTS,0,,,,simple,FA305,"5/16 -18 x 3/4"" Hex Bolt",Columbia Tools,Replacement Parts,,,,,,FA305,1,1.0000,,true,false,,
matched_identifier,sku->SKU,confirmed,Columbia Tools,FA306,CTTFA306,5/16-18 X 1-1/4 HEX BOLT COLUMBIA,AUTOMATIC TT PARTS,0,,,,simple,FA306,"5/16-18 x 1 1/4"" Hex Bolt",Columbia Tools,Replacement Parts,,,,,,FA306,1,0.9412,,true,false,,
matched_identifier,sku->SKU,confirmed,Columbia Tools,FA312,CTTFA312,"10-24 X 1/4"" SET SCREW COLUMBIA",AUTOMATIC TT PARTS,0.01,,,,simple,FA312,"10-24 X 1/4"" Socket Hand Set",Columbia Tools,Replacement Parts,,0.01,,,,FA312,1,0.7778,,true,false,1.0000,
matched_identifier,sku->SKU,confirmed,Columbia Tools,FA314,CTTFA314,COLUMBIA 10-24 X 1-1/2 PAN SLOT,AUTOMATIC TT PARTS,0,,,,simple,FA314,Columbia 10-24 X 1-1/2 Pan Slot,Columbia Tools,Replacement Parts,,,,,,FA314,1,1.0000,,true,false,,
matched_identifier,sku->SKU,confirmed,Columbia Tools,FA317,CTTFA317,"5/32"" X 7/8"" ROLL PIN COLUMBIA",AUTOMATIC TT PARTS,0.01,,,,simple,FA317,"5/32"" x 7/8"" Roll Pin",Columbia Tools,Replacement Parts,,0.01,,,,FA317,1,1.0000,,true,false,1.0000,
matched_identifier,sku->SKU,confirmed,Columbia Tools,FA379,CTTFA379,"COLUMBIA 1/4"" E-CLIP FOR MATRIX HANDLE",AUTOMATIC TT PARTS,0,,,,simple,FA379,"1/4"" SS E-Clip",Columbia Tools,Replacement Parts,,,,,,FA379,1,0.5957,,true,false,,
matched_identifier,sku->SKU,confirmed,Columbia Tools,FA380,CTTFA380,"COLUMBIA 1/8"" E-CLIP FOR MATRIX HANDLE",AUTOMATIC TT PARTS,0,,,,simple,FA380,"1/8"" SS E-Clip",Columbia Tools,Replacement Parts,,,,,,FA380,1,0.5957,,true,false,,
matched_identifier,sku->SKU,confirmed,Columbia Tools,FFB1112,CTTFFB1112,ADJUSTER SPRING 12 COLUMBIA,AUTOMATIC TT PARTS,0,,,,variation,FFB11-12,"Adjuster Spring - 12""",Columbia Tools,,FFB11,,,,,FFB11-12,1,0.9231,,true,true,,
matched_identifier,sku->SKU,confirmed,Columbia Tools,FFB16,CTTFFB16,DOOR SPRING NUT COLUMBIA,AUTOMATIC TT PARTS,0.01,,,,simple,FFB16,Door Spring Nut,Columbia Tools,Replacement Parts,,0.01,,,,FFB16,1,1.0000,,true,false,1.0000,
matched_identifier,sku->SKU,confirmed,Columbia Tools,FFB17,CTTFFB17,COLUMBIA DOOR SPRING,AUTOMATIC TT PARTS,0.1,3,1,1,simple,FFB17,Door Spring,Columbia Tools,Replacement Parts,,0.1,3,1,1,FFB17,1,1.0000,,true,false,1.0000,
matched_identifier,sku->SKU,confirmed,Columbia Tools,FFB2510,CTTFFB2510,"RUBBER GASKET RETAINER 10"" COLUMBIA",AUTOMATIC TT PARTS,0.01,,,,variation,FFB25-10,"Rubber Gasket Retainer - 10""",Columbia Tools,,FFB25,0.01,,,,FFB25-10,1,1.0000,,true,true,1.0000,
matched_identifier,sku->SKU,confirmed,Columbia Tools,FFB2512,CTTFFB2512,"12"" RUBBER GASKET RETAINER COLUMBIA",AUTOMATIC TT PARTS,0.01,,,,variation,FFB25-12,"Rubber Gasket Retainer - 12""",Columbia Tools,,FFB25,0.01,,,,FFB25-12,1,1.0000,,true,true,1.0000,
matched_identifier,sku->SKU,confirmed,Columbia Tools,FFB32,CTTFFB32,THUMB RELEASE CLIP COLUMBIA,AUTOMATIC TT PARTS,0.01,,,,simple,FFB32,Door Stop,Columbia Tools,Replacement Parts,,0.01,,,,FFB32,1,0.1481,,true,false,1.0000,
matched_identifier,sku->SKU,confirmed,Columbia Tools,FFB32A,CTTFFB32A,THUMB RELEASE CLIP SCREW COLUMBIA,AUTOMATIC TT PARTS,0.01,,,,simple,FFB32A,Thumb Release Clip Screw,Columbia Tools,Replacement Parts,,0.01,,,,FFB32A,1,1.0000,,true,false,1.0000,
matched_identifier,sku->SKU,confirmed,Columbia Tools,FFB38,CTTFFB38,AXEL WHEEL BUSHING COLUMBIA,AUTOMATIC TT PARTS,0,,,,simple,FFB38,Nyliner Bearing,Columbia Tools,Replacement Parts,,,,,,FFB38,1,0.3636,,true,false,,
matched_identifier,sku->SKU,confirmed,Columbia Tools,FFB43,CTTFFB43,COLUMBIA BEAD WHEEL BUSHING,AUTOMATIC TT PARTS,0,,,,simple,FFB43,Columbia Bead Wheel Bushing,Columbia Tools,Replacement Parts,,,,,,FFB43,1,1.0000,,true,false,,
matched_identifier,sku->SKU,confirmed,Columbia Tools,FFB4A,CTTFFB4A,STAINLESS STEEL WASHER COLUMBIA,AUTOMATIC TT PARTS,0.01,,,,simple,FFB4A,Stainless Steel Washer,Columbia Tools,Replacement Parts,,0.01,,,,FFB4A,1,1.0000,,true,false,1.0000,
matched_identifier,sku->SKU,confirmed,Columbia Tools,FFB4B,CTTFFB4B,STAINLESS STEEL BACKING WASHER COLUMBIA,AUTOMATIC TT PARTS,0.01,,,,simple,FFB4B,Stainless Steel Backing Washer,Columbia Tools,Replacement Parts,,0.01,,,,FFB4B,1,1.0000,,true,false,1.0000,
matched_identifier,sku->SKU,confirmed,Columbia Tools,FFB5A,CTTFFB5A,AXLE BUSHING COLUMBIA,AUTOMATIC TT PARTS,0.01,,,,simple,FFB5A,Axel Bushing,Columbia Tools,Replacement Parts,,0.01,,,,FFB5A,1,0.9167,,true,false,1.0000,
matched_identifier,sku->SKU,confirmed,Columbia Tools,FFB7A,CTTFFB7A,"SHOE, LEFT COLUMBIA",AUTOMATIC TT PARTS,0.01,,,,variation,FFB7A,Shoe - Left,Columbia Tools,,FFB7-SHOE,0.01,,,,FFB7A,1,1.0000,,true,true,1.0000,
matched_identifier,sku->SKU,confirmed,Columbia Tools,FFB8,CTTFFB8,BAR RETAINER CLIP COLUMBIA,AUTOMATIC TT PARTS,0.0075,2,0.5,0.001,simple,FFB8,Bar Retainer Clip,Columbia Tools,Replacement Parts,,0.0075,2,0.5,0.001,FFB8,1,1.0000,,true,false,1.0000,
matched_identifier,sku->SKU,confirmed,Columbia Tools,FFB910,CTTFFB910,"10"" BLADE COLUMBIA",AUTOMATIC TT PARTS,0.02,11,0.1,0.1,variation,FFB9-10,"Blade - 10""",Columbia Tools,,FFB9,0.02,11,0.1,0.1,FFB9-10,1,1.0000,,true,true,1.0000,
matched_identifier,sku->SKU,confirmed,Columbia Tools,FFB912,CTTFFB912,"12"" BLADE COLUMBIA",AUTOMATIC TT PARTS,0.027,12.5,0.001,0.001,variation,FFB9-12,"Blade - 12""",Columbia Tools,,FFB9,0.027,12.5,0.001,0.001,FFB9-12,1,1.0000,,true,true,1.0000,
matched_identifier,sku->SKU,confirmed,Columbia Tools,FFB914,CTTFFB914,"COLUMBIA 14"" FLAT BOX BLADE",AUTOMATIC TT PARTS,0,,,,variation,FFB9-14,"Blade - 14""",Columbia Tools,,FFB9,,,,,FFB9-14,1,0.7097,,true,true,,
matched_identifier,sku->SKU,confirmed,Columbia Tools,FFB955,CTTFFB955,"5.5"" BLADE COLUMBIA",AUTOMATIC TT PARTS,0.01,,,,variation,FFB9-5.5,"Blade - 5.5""",Columbia Tools,,FFB9,0.01,,,,FFB9-5.5,1,1.0000,,true,true,1.0000,
matched_identifier,sku->SKU,confirmed,Columbia Tools,FFB97,CTTFFB97,"7"" BLADE COLUMBIA",AUTOMATIC TT PARTS,0,,,,variation,FFB9-7,"Blade - 7""",Columbia Tools,,FFB9,,,,,FFB9-7,1,1.0000,,true,true,,
matched_identifier,sku->SKU,confirmed,Columbia Tools,FFB98,CTTFFB98,"COLUMBIA 8"" FLAT BOX BLADE",AUTOMATIC TT PARTS,1,,,,variation,FFB9-8,"Blade - 8""",Columbia Tools,,FFB9,1,,,,FFB9-8,1,0.6897,,true,true,1.0000,
matched_identifier,sku->SKU,confirmed,Columbia Tools,FMH,CTTFMH,L-TRIM MUD APPLICATOR HEAD COLUMBIA,AUTOMATIC TAPING TOOLS,0.3085,3,3,2,variation,FMH,Columbia UHMW Mud Applicator - L-Trim,Columbia Tools,,COL-UHMW-MUD-APPLICATOR,0.3085,3,3,2,FMH,1,0.8077,,true,true,1.0000,
matched_identifier,sku->SKU,confirmed,Columbia Tools,GN,CTTGN,COLUMBIA GOOSENECK,AUTOMATIC TAPING TOOLS,1.9595,17,6,3.5,variation,GN,Columbia Gooseneck - Standard,Columbia Tools,,COL-GOOSENECK,1.75,17.5,6,3,GN,1,0.6667,,true,true,0.9376,
matched_identifier,sku->SKU,confirmed,Columbia Tools,HFFB1410,CTTHFFB1410,"COLUMBIA 10"" DOOR GASKET",AUTOMATIC TT PARTS,0,,,,variation,HFFB14-10,"Flat Box Hinged Door Gasket - 10""",Columbia Tools,,HFFB14,,,,,HFFB14-10,1,0.6800,,true,true,,
matched_identifier,sku->SKU,confirmed,Columbia Tools,HFFB1412,CTTHFFB1412,"12"" DOOR GASKET STD HINGED FLAT BOX COLUMBIA",AUTOMATIC TT PARTS,0.01,,,,variation,HFFB14-12,"Flat Box Hinged Door Gasket - 12""",Columbia Tools,,HFFB14,0.01,,,,HFFB14-12,1,0.9429,,true,true,1.0000,
matched_identifier,sku->SKU,confirmed,Columbia Tools,HFFB1414,CTTHFFB1414,"14"" STD HINGED FLAT BOX DOOR GASKET COLUMBIA",AUTOMATIC TT PARTS,0.01,,,,variation,HFFB14-14,"Flat Box Hinged Door Gasket - 14""",Columbia Tools,,HFFB14,0.01,,,,HFFB14-14,1,0.9429,,true,true,1.0000,
matched_identifier,sku->SKU,confirmed,Columbia Tools,HFFB148,CTTHFFB148,"8"" STD HINGED FLAT BOX DOOR GASKET COLUMBIA",AUTOMATIC TT PARTS,0.01,,,,variation,HFFB14-8,"Flat Box Hinged Door Gasket - 8""",Columbia Tools,,HFFB14,0.01,,,,HFFB14-8,1,0.9412,,true,true,1.0000,
matched_identifier,sku->Meta: schema_mpn,confirmed,Columbia Tools,HFFB1A,CTTHFFB1A,MUD SEAL STRIP - TRIM TO FIT COLUMBIA,AUTOMATIC TT PARTS,0.0105,14,0.2,0.2,simple,HFFB1A-10,"Mud Seal Strip - 10""",Columbia Tools,Replacement Parts,,0.0105,14,0.2,0.2,HFFB1A,1,0.6957,,false,false,1.0000,
matched_identifier,sku->SKU,confirmed,Columbia Tools,HH10B,CTTHH10B,BOTTOM CAP COLUMBIA,AUTOMATIC TT PARTS,0,,,,simple,HH10B,Bottom Cap,Columbia Tools,Replacement Parts,,,,,,HH10B,1,1.0000,,true,false,,
matched_identifier,sku->SKU,confirmed,Columbia Tools,HH12,CTTHH12,BRAKE SPRING COLUMBIA,AUTOMATIC TT PARTS,0.01,,,,simple,HH12,Brake Spring,Columbia Tools,Replacement Parts,,0.01,,,,HH12,1,1.0000,,true,false,1.0000,
matched_identifier,sku->SKU,confirmed,Columbia Tools,HH13,CTTHH13,BRAKE PIN COLUMBIA,AUTOMATIC TT PARTS,0.01,,,,simple,HH13,Brake Pin,Columbia Tools,Replacement Parts,,0.01,,,,HH13,1,1.0000,,true,false,1.0000,
matched_identifier,sku->SKU,confirmed,Columbia Tools,HH14,CTTHH14,BRAKE PISTON COLUMBIA,AUTOMATIC TT PARTS,0.01,,,,simple,HH14,Brake Piston,Columbia Tools,Replacement Parts,,0.01,,,,HH14,1,1.0000,,true,false,1.0000,
matched_identifier,sku->SKU,confirmed,Columbia Tools,HH16,CTTHH16,PISTON HOUSING COLUMBIA,AUTOMATIC TT PARTS,0.01,,,,simple,HH16,Piston Housing,Columbia Tools,Replacement Parts,,0.01,,,,HH16,1,1.0000,,true,false,1.0000,
matched_identifier,sku->SKU,confirmed,Columbia Tools,HH16A,CTTHH16A,BRASS BLEEDER SCREW COLUMBIA,AUTOMATIC TT PARTS,0.01,,,,simple,HH16A,Bleeder Screw,Columbia Tools,Replacement Parts,,0.01,,,,HH16A,1,0.8125,,true,false,1.0000,
matched_identifier,sku->SKU,confirmed,Columbia Tools,HH17C,CTTHH17C,LINE PINCHER COLUMBIA,AUTOMATIC TT PARTS,0.01,,,,simple,HH17C,Line Pincher,Columbia Tools,Replacement Parts,,0.01,,,,HH17C,1,1.0000,,true,false,1.0000,
matched_identifier,sku->SKU,confirmed,Columbia Tools,HH2,CTTHH2,UPPER MOUNTING BRACKET COLUMBIA,AUTOMATIC TT PARTS,0.01,,,,simple,HH2,Upper Mounting Bracket,Columbia Tools,Replacement Parts,,0.01,,,,HH2,1,1.0000,,true,false,1.0000,
matched_identifier,sku->SKU,confirmed,Columbia Tools,HH23,CTTHH23,PISTON O-RING COLUMBIA,AUTOMATIC TT PARTS,0.01,,,,simple,HH23,Piston O-Ring,Columbia Tools,Replacement Parts,,0.01,,,,HH23,1,1.0000,,true,false,1.0000,
matched_identifier,sku->SKU,confirmed,Columbia Tools,HH30,CTTHH30,EXTENSION RELEASE CLIP COLUMBIA,AUTOMATIC TT PARTS,0.01,,,,simple,HH30,Extension Release Trigger,Columbia Tools,Replacement Parts,,0.01,,,,HH30,1,0.8085,,true,false,1.0000,
matched_identifier,sku->SKU,confirmed,Columbia Tools,HH31,CTTHH31,COLUMBIA RELEASE CLIP PIN,AUTOMATIC TT PARTS,0,,,,simple,HH31,Release Clip Pin,Columbia Tools,Replacement Parts,,,,,,HH31,1,1.0000,,true,false,,
matched_identifier,sku->SKU,confirmed,Columbia Tools,HH32,CTTHH32,PIN BUSHING COLUMBIA,AUTOMATIC TT PARTS,0,,,,simple,HH32,Release Clip Washer,Columbia Tools,Replacement Parts,,,,,,HH32,1,0.2667,,true,false,,
matched_identifier,sku->SKU,confirmed,Columbia Tools,HH33,CTTHH33,RELEASE TRIGGER SPRING COLUMBIA,AUTOMATIC TT PARTS,0,,,,simple,HH33,Rlease Trigger Spring,Columbia Tools,Replacement Parts,,,,,,HH33,1,0.9767,,true,false,,
matched_identifier,sku->SKU,confirmed,Columbia Tools,HH35,CTTHH35,GRIP (NO ENDS) COLUMBIA,AUTOMATIC TT PARTS,0,,,,simple,HH35,Handle Grip,Columbia Tools,Replacement Parts,,,,,,HH35,1,0.5217,,true,false,,
matched_identifier,sku->SKU,confirmed,Columbia Tools,HH5,CTTHH5,EXTENSION HOUSING FOR COL88 COLUMBIA,AUTOMATIC TT PARTS,0.01,,,,simple,HH5,Extension Housing,Columbia Tools,Replacement Parts,,0.01,,,,HH5,1,0.7727,,false,false,1.0000,
matched_identifier,sku->SKU,confirmed,Columbia Tools,HH7,CTTHH7,BRAKE COLUMBIA,AUTOMATIC TT PARTS,0.01,,,,simple,HH7,Brake,Columbia Tools,Replacement Parts,,0.01,,,,HH7,1,1.0000,,true,false,1.0000,
matched_identifier,sku->SKU,confirmed,Columbia Tools,HH9,CTTHH9,COILED HYDRAULIC HOSE COLUMBIA,AUTOMATIC TT PARTS,0,,,,simple,HH9,Coiled Hydraulic Line,Columbia Tools,Replacement Parts,,,,,,HH9,1,0.8571,,true,false,,
matched_identifier,sku->SKU,confirmed,Columbia Tools,HMP,CTTHMP,COLUMBIA MUD PUMP,AUTOMATIC TAPING TOOLS,8.678,21,8.25,7,variation,HMP,Columbia Hot Mud Pump - Standard,Columbia Tools,,COL-HOT-MUD-PUMP,8.678,21,8.25,7,HMP,1,0.5517,,true,true,1.0000,
matched_identifier,sku->SKU,confirmed,Columbia Tools,HNS10,CTTHNS10,DOOR SPRING LONG- LEFT COLUMBIA,AUTOMATIC TT PARTS,0.01,,,,variation,HNS10,Door Spring - Long,Columbia Tools,,HNS-DOOR-SPRING,0.01,,,,HNS10,1,0.8649,,true,true,1.0000,
matched_identifier,sku->SKU,confirmed,Columbia Tools,HNS10A,CTTHNS10A,DOOR SPRING SHORT- RIGHT COLUMBIA,AUTOMATIC TT PARTS,0.01,,,,variation,HNS10A,Door Spring - Short,Columbia Tools,,HNS-DOOR-SPRING,0.01,,,,HNS10A,1,0.8500,,true,true,1.0000,
matched_identifier,sku->SKU,confirmed,Columbia Tools,HNS12,CTTHNS12,HANDLE CLAMP COLUMBIA,AUTOMATIC TT PARTS,0.01,,,,simple,HNS12,Handle Clamp,Columbia Tools,Replacement Parts,,0.01,,,,HNS12,1,1.0000,,true,false,1.0000,
matched_identifier,sku->SKU,confirmed,Columbia Tools,HNS12A,CTTHNS12A,HANDLE ROLL PIN COLUMBIA,AUTOMATIC TT PARTS,0.01,,,,simple,HNS12A,Roll Pin,Columbia Tools,Replacement Parts,,0.01,,,,HNS12A,1,0.6957,,true,false,1.0000,
matched_identifier,sku->SKU,confirmed,Columbia Tools,HNS13,CTTHNS13,ROLL PIN BUSHING COLUMBIA,AUTOMATIC TT PARTS,0.01,,,,simple,HNS13,Roll Pin Bushing,Columbia Tools,Replacement Parts,,0.01,,,,HNS13,1,1.0000,,true,false,1.0000,
matched_identifier,sku->SKU,confirmed,Columbia Tools,HNS152,CTTHNS152,"2"" DOOR GASKET COLUMBIA",AUTOMATIC TT PARTS,0.01,,,,variation,HNS15-2,"Door Gasket - 2""",Columbia Tools,,HNS15,0.01,,,,HNS15-2,1,1.0000,,true,true,1.0000,
matched_identifier,sku->SKU,confirmed,Columbia Tools,HNS153,CTTHNS153,"COLUMBIA DOOR GASKET 3""",AUTOMATIC TT PARTS,0.1,5,4,1,variation,HNS15-3,"Door Gasket - 3""",Columbia Tools,,HNS15,0.1,5,4,1,HNS15-3,1,1.0000,,true,true,1.0000,
matched_identifier,sku->SKU,confirmed,Columbia Tools,HNS17A,CTTHNS17A,HANDLE TIGHTNESS SCREW COLUMBIA,AUTOMATIC TT PARTS,0.01,,,,simple,HNS17A,Nail Spotter Handle Tightness Screw,Columbia Tools,Replacement Parts,,0.01,,,,HNS17A,1,0.7719,,true,false,1.0000,
matched_identifier,sku->SKU,confirmed,Columbia Tools,HNS18,CTTHNS18,PIVOT COLUMBIA,AUTOMATIC TT PARTS,0.01,,,,simple,HNS18,Pivot,Columbia Tools,Replacement Parts,,0.01,,,,HNS18,1,1.0000,,true,false,1.0000,
matched_identifier,sku->SKU,confirmed,Columbia Tools,HNS20,CTTHNS20,WEDGE FOR SKID NAIL SPOTTER COLUMBIA,AUTOMATIC TT PARTS,0.01,,,,simple,HNS20,Wedge,Columbia Tools,Replacement Parts,,0.01,,,,HNS20,1,0.3125,,true,false,1.0000,
matched_identifier,sku->SKU,confirmed,Columbia Tools,HNS42,CTTHNS42,"2"" DOOR COLUMBIA",AUTOMATIC TT PARTS,0,,,,variation,HNS4-2,"Door - 2""",Columbia Tools,,HNS4,,,,,HNS4-2,1,1.0000,,true,true,,
matched_identifier,sku->SKU,confirmed,Columbia Tools,HNS43,CTTHNS43,"3"" DOOR COLUMBIA",AUTOMATIC TT PARTS,0,,,,variation,HNS4-3,"Door - 3""",Columbia Tools,,HNS4,,,,,HNS4-3,1,1.0000,,true,true,,
matched_identifier,sku->SKU,confirmed,Columbia Tools,HNS82,CTTHNS82,"2"" BLADE HOLDER COLUMBIA",AUTOMATIC TT PARTS,0,,,,variation,HNS8-2,"Blade Holder - 2""",Columbia Tools,,HNS8,,,,,HNS8-2,1,1.0000,,true,true,,
matched_identifier,sku->SKU,confirmed,Columbia Tools,HNS83,CTTHNS83,"3"" BLADE HOLDER COLUMBIA",AUTOMATIC TT PARTS,0,,,,variation,HNS8-3,"Blade Holder - 3""",Columbia Tools,,HNS8,,,,,HNS8-3,1,1.0000,,true,true,,
matched_identifier,sku->SKU,confirmed,Columbia Tools,HP1,CTTHP1,HOT MUD PUMP CYLINDER COLUMBIA,AUTOMATIC TT PARTS,1.4,,,,simple,HP1,Pump Cylinder,Columbia Tools,Replacement Parts,,1.4,,,,HP1,1,0.7647,,true,false,1.0000,
matched_identifier,sku->SKU,confirmed,Columbia Tools,HP44,CTTHP44,COLLAR O-RING COLUMBIA,AUTOMATIC TT PARTS,0.01,,,,simple,HP44,Collar O-Ring,Columbia Tools,Replacement Parts,,0.01,,,,HP44,1,1.0000,,true,false,1.0000,
matched_identifier,sku->SKU,confirmed,Columbia Tools,HP45,CTTHP45,O-RING ENCLOSURE COLUMBIA,AUTOMATIC TT PARTS,0.01,,,,simple,HP45,O Ring Enclosure,Columbia Tools,Replacement Parts,,0.01,,,,HP45,1,1.0000,,true,false,1.0000,
matched_identifier,sku->SKU,confirmed,Columbia Tools,HP46,CTTHP46,LATCH KEEPER COLUMBIA,AUTOMATIC TT PARTS,0.01,,,,simple,HP46,Latch Keeper,Columbia Tools,Replacement Parts,,0.01,,,,HP46,1,1.0000,,true,false,1.0000,
matched_identifier,sku->SKU,confirmed,Columbia Tools,HPA48,CTTHPA48,HANDLE PIN COLUMBIA,AUTOMATIC TT PARTS,0.01,,,,simple,HPA-48,Handle Pin Assembly,Columbia Tools,Replacement Parts,,0.01,,,,HPA-48,1,0.6897,,true,false,1.0000,
matched_identifier,sku->SKU,confirmed,Columbia Tools,IA90,CTTIA90,COLUMBIA INSIDE 90 DEG APPLICATOR PLASTIC,AUTOMATIC TAPING TOOLS,0,,,,variation,IA90,Columbia UHMW Mud Applicator - Inside 90°,Columbia Tools,,COL-UHMW-MUD-APPLICATOR,,,,,IA90,1,0.6885,,true,true,,
matched_identifier,sku->SKU,confirmed,Columbia Tools,ICA21,CTTICA21,COLUMBIA INSIDE CORNER APPLICATOR (2W),AUTOMATIC TAPING TOOLS,1,,,,variation,ICA2-1,"Columbia Billet Mud Applicator - Inside Corner - 2 Wheels - 1""",Columbia Tools,,COL-BILLET-MUD-APPLICATOR,1,,,,ICA2-1,1,0.3763,,false,true,1.0000,
matched_identifier,sku->SKU,confirmed,Columbia Tools,ICA41,CTTICA41,INS CORNER APPLICATOR (4 WHEELS) COLUMBIA,AUTOMATIC TAPING TOOLS,0.5,,,,variation,ICA4-1,"Columbia Billet Mud Applicator - Inside Corner - 4 Wheels - 1""",Columbia Tools,,COL-BILLET-MUD-APPLICATOR,0.5,,,,ICA4-1,1,0.4177,,false,true,1.0000,
matched_identifier,sku->SKU,confirmed,Columbia Tools,ICATW,CTTICATW,COLUMBIA INSIDE CORNER APPLICATOR,AUTOMATIC TAPING TOOLS,0.5,5,3,3,variation,ICATW,Columbia Billet Mud Applicator - Two-Way Internal Corner - 4 Wheels,Columbia Tools,,COL-BILLET-MUD-APPLICATOR,0.5,5,3,3,ICATW,1,0.5385,,false,true,1.0000,
matched_identifier,sku->SKU,confirmed,Columbia Tools,MH,CTTMH,COLUMBIA MATRIX FLAT BOX EXTENDABLE HANDLE,AUTOMATIC TAPING TOOLS,3.232,30,3,3,variation,MH,"Columbia Matrix Flat Box Handle - 40""-60""",Columbia Tools,,COL-MATRIX-FLAT-BOX-HANDLE,3.232,30,3,3,MH,1,0.6567,,false,true,1.0000,
matched_identifier,sku->SKU,confirmed,Columbia Tools,MH17,CTTMH17,COLUMBIA MATRIX PINCH BRAKE,AUTOMATIC TT PARTS,0,,,,simple,MH17,Pinch Brake,Columbia Tools,Replacement Parts,,,,,,MH17,1,0.7586,,true,false,,
matched_identifier,sku->SKU,confirmed,Columbia Tools,MH21,CTTMH21,COLUMBIA MATRIX GRIP ADJUSTER HOUSING,AUTOMATIC TT PARTS,0,,,,simple,MH21,Grip Adjuster Housing,Columbia Tools,Replacement Parts,,,,,,MH21,1,0.8571,,true,false,,
matched_identifier,sku->SKU,confirmed,Columbia Tools,MH23,CTTMH23,COLUMBIA MATRIX GRIP ADJUSTING FASTENER,AUTOMATIC TT PARTS,0,,,,simple,MH23,Grip Adjusting Fastener,Columbia Tools,Replacement Parts,,,,,,MH23,1,0.8679,,true,false,,
matched_identifier,sku->SKU,confirmed,Columbia Tools,MH24,CTTMH24,COLUMBIA MATRIX PINCH BRAKE BUSHING,AUTOMATIC TT PARTS,0,,,,simple,MH24,Pinch Brake Bushing,Columbia Tools,Replacement Parts,,,,,,MH24,1,0.8444,,true,false,,
matched_identifier,sku->SKU,confirmed,Columbia Tools,MH25,CTTMH25,COLUMBIA MATRIX PINCH BRAKE STEM,AUTOMATIC TT PARTS,0,,,,simple,MH25,Pinch Brake Stem,Columbia Tools,Replacement Parts,,,,,,MH25,1,0.8205,,true,false,,
matched_identifier,sku->SKU,confirmed,Columbia Tools,MH4,CTTMH4,MATRIX HANDLE GRIP COLUMBIA,AUTOMATIC TT PARTS,0,,,,simple,MH4,Handle Grip,Columbia Tools,Replacement Parts,,,,,,MH4,1,0.7586,,true,false,,
matched_identifier,sku->SKU,confirmed,Columbia Tools,MH9,CTTMH9,COLUMBIA MATRIX PINCH BRAKE ROD,AUTOMATIC TT PARTS,0,,,,simple,MH9,CTTMH9,Columbia Tools,Replacement Parts,,,,,,MH9,1,0.1429,,false,false,,
matched_identifier,sku->SKU,confirmed,Columbia Tools,MHL,CTTMHL,COLUMBIA MATRIX FLAT BOX XL EXTENDABLE HANDLE,AUTOMATIC TAPING TOOLS,3.98,56,5.25,3.75,variation,MHL,"Columbia Matrix Flat Box Handle - 56""-76""",Columbia Tools,,COL-MATRIX-FLAT-BOX-HANDLE,3.98,56,5.25,3.75,MHL,1,0.6286,,false,true,1.0000,
matched_identifier,sku->SKU,confirmed,Columbia Tools,MHS,CTTMHS,"29-39"" MATRIX EXT FLAT BOX HNDL SHORT COLUMBIA",AUTOMATIC TAPING TOOLS,3,,,,variation,MHS,"Columbia Matrix Flat Box Handle - 29""-39""",Columbia Tools,,COL-MATRIX-FLAT-BOX-HANDLE,3,,,,MHS,1,0.7945,,true,true,1.0000,
matched_identifier,sku->SKU,confirmed,Columbia Tools,MP11,CTTMP11,PISTON SHAFT COLUMBIA,AUTOMATIC TT PARTS,0,,,,simple,MP11,Piston Shaft,Columbia Tools,Replacement Parts,,,,,,MP11,1,1.0000,,true,false,,
matched_identifier,sku->SKU,confirmed,Columbia Tools,MP13,CTTMP13,(LARGE) PISTON BACKING WASHER COLUMBIA,AUTOMATIC TT PARTS,0.01,,,,variation,MP13,Piston Backing Washer - Large,Columbia Tools,,MP-PISTON-BACKING-WASHER,0.01,,,,MP13,1,1.0000,,true,true,1.0000,
matched_identifier,sku->SKU,confirmed,Columbia Tools,MP13A,CTTMP13A,(SMALL) PISTON BACKING WASHER COLUMBIA,AUTOMATIC TT PARTS,0.01,,,,variation,MP13A,Piston Backing Washer - Small,Columbia Tools,,MP-PISTON-BACKING-WASHER,0.01,,,,MP13A,1,1.0000,,true,true,1.0000,
matched_identifier,sku->SKU,confirmed,Columbia Tools,MP14,CTTMP14,PISTON CUP COLUMBIA,AUTOMATIC TT PARTS,0.01,,,,simple,MP14,Piston Cup,Columbia Tools,Replacement Parts,,0.01,,,,MP14,1,1.0000,,true,false,1.0000,
matched_identifier,sku->SKU,confirmed,Columbia Tools,MP2,CTTMP2,FOOT VALVE CASTING COLUMBIA,AUTOMATIC TT PARTS,0.01,,,,simple,MP2,Foot Valve Casting,Columbia Tools,Replacement Parts,,0.01,,,,MP2,1,1.0000,,true,false,1.0000,
matched_identifier,sku->SKU,confirmed,Columbia Tools,MP23,CTTMP23,COLUMBIA MUD PUMP SEAL,AUTOMATIC TT PARTS,3,,,,simple,MP23,Mud Pump Seal,Columbia Tools,Replacement Parts,,3,,,,MP23,1,1.0000,,true,false,1.0000,
matched_identifier,sku->SKU,confirmed,Columbia Tools,MP23A,CTTMP23A,O RING COLUMBIA,AUTOMATIC TT PARTS,0,,,,simple,MP23A,O-Ring,Columbia Tools,Replacement Parts,,,,,,MP23A,1,1.0000,,true,false,,
matched_identifier,sku->SKU,confirmed,Columbia Tools,MP24,CTTMP24,MUD PUMP SCREEN (COARSE) COLUMBIA,AUTOMATIC TT PARTS,0.01,,,,simple,MP24,Mud Pump Screen,Columbia Tools,Replacement Parts,,0.01,,,,MP24,1,0.8108,,true,false,1.0000,
matched_identifier,sku->SKU,confirmed,Columbia Tools,MP25,CTTMP25,FILLER STUD COLUMBIA,AUTOMATIC TT PARTS,0.01,,,,simple,MP25,Filler Studs,Columbia Tools,Replacement Parts,,0.01,,,,MP25,1,0.9565,,true,false,1.0000,
matched_identifier,sku->SKU,confirmed,Columbia Tools,MP28,CTTMP28,FILLER NUT COLUMBIA,AUTOMATIC TT PARTS,0.01,,,,simple,MP28,Filler Nut,Columbia Tools,Replacement Parts,,0.01,,,,MP28,1,1.0000,,true,false,1.0000,
matched_identifier,sku->SKU,confirmed,Columbia Tools,MP3,CTTMP3,PUMP FLAPPER VALVE COLUMBIA,AUTOMATIC TT PARTS,0.01,,,,simple,MP3,Pump Flapper Valve,Columbia Tools,Replacement Parts,,0.01,,,,MP3,1,1.0000,,true,false,1.0000,
matched_identifier,sku->SKU,confirmed,Columbia Tools,MP32,CTTMP32,BACKING WASHER LOCATOR COLUMBIA,AUTOMATIC TT PARTS,0.01,,,,simple,MP32,Backing Washer Locator,Columbia Tools,Replacement Parts,,0.01,,,,MP32,1,1.0000,,true,false,1.0000,
matched_identifier,sku->SKU,confirmed,Columbia Tools,MP33,CTTMP33,FILLER GASKET COLUMBIA,AUTOMATIC TT PARTS,0.006,0.1,1.75,3,simple,MP33,Filler Gasket,Columbia Tools,Replacement Parts,,0.006,0.1,1.75,3,MP33,1,1.0000,,true,false,1.0000,
matched_identifier,sku->SKU,confirmed,Columbia Tools,MP36,CTTMP36,NYLATRON BUSHING COLUMBIA,AUTOMATIC TT PARTS,0.01,,,,simple,MP36,Nylatron Bushing,Columbia Tools,Replacement Parts,,0.01,,,,MP36,1,1.0000,,true,false,1.0000,
matched_identifier,sku->SKU,confirmed,Columbia Tools,MP39,CTTMP39,SLEEVE COLUMBIA,AUTOMATIC TT PARTS,0.01,,,,simple,MP39,Sleeve,Columbia Tools,Replacement Parts,,0.01,,,,MP39,1,1.0000,,true,false,1.0000,
matched_identifier,sku->SKU,confirmed,Columbia Tools,MP5,CTTMP5,HEAD BUSHING COLUMBIA,AUTOMATIC TT PARTS,0.01,,,,simple,MP5,Head Bushing,Columbia Tools,Replacement Parts,,0.01,,,,MP5,1,1.0000,,true,false,1.0000,
matched_identifier,sku->SKU,confirmed,Columbia Tools,MP6,CTTMP6,HANDLE LINK COLUMBIA,AUTOMATIC TT PARTS,0.01,,,,simple,MP6,Handle Link,Columbia Tools,Replacement Parts,,0.01,,,,MP6,1,1.0000,,true,false,1.0000,
matched_identifier,sku->SKU,confirmed,Columbia Tools,MP7,CTTMP7,MUD PUMP HANDLE COLUMBIA,AUTOMATIC TT PARTS,0,,,,simple,MP7,Pump Handle,Columbia Tools,Replacement Parts,,,,,,MP7,1,0.8462,,true,false,,
matched_identifier,sku->SKU,confirmed,Columbia Tools,OA90,CTTOA90,OUTSIDE 90 MUD APPLICATOR HEAD COLUMBIA,AUTOMATIC TAPING TOOLS,0.466,3,3.5,2.5,variation,OA90,Columbia UHMW Mud Applicator - Outside 90°,Columbia Tools,,COL-UHMW-MUD-APPLICATOR,0.466,3,3.5,2.5,OA90,1,0.8333,,true,true,1.0000,
matched_identifier,sku->SKU,confirmed,Columbia Tools,PC1H,CTTPC1H,COLUMBIA PREDATOR ONE HANDLE,AUTOMATIC TAPING TOOLS,0.798,47,1.5,1.5,variation,PC1H,Columbia Predator One Handle - 4' Fixed,Columbia Tools,,COL-PREDATOR-ONE-HANDLE,0.798,47,1.5,1.5,PC1H,1,0.8261,,false,true,1.0000,
matched_identifier,sku->SKU,confirmed,Columbia Tools,PC1HEXT,CTTPC1HEXT,COLUMBIA 3-5' PREDATOR ONE EXTENDABLE HANDLE,AUTOMATIC TAPING TOOLS,1.659,38,1.5,2,variation,PC1HEXT,Columbia Predator One Handle - Extendable 3'-5',Columbia Tools,,COL-PREDATOR-ONE-HANDLE,1.659,38,1.5,2,PC1HEXT,1,1.0000,,true,true,1.0000,
matched_identifier,sku->SKU,confirmed,Columbia Tools,PCHXL,CTTPCHXL,COLUMBIA 4-8' PREDATOR LONG EXTENDABLE HANDLE,AUTOMATIC TAPING TOOLS,2.081,49.5,1.5,2,variation,PCHXL,Columbia Predator One Handle - Long Extendable 4'-8',Columbia Tools,,COL-PREDATOR-ONE-HANDLE,2.081,49.5,1.5,2,PCHXL,1,0.9459,,true,true,1.0000,
matched_identifier,sku->SKU,confirmed,Columbia Tools,PCLT42,CTTPCLT42,"COLUMBIA 42"" CAM LOCK TUBER FOR PREDATOR",AUTOMATIC TAPING TOOLS,2.6125,47,2.5,3,simple,PCLT42,Columbia Predator Camlock Tube,Columbia Tools,Taping & Finishing Tools > Compound Tubes,,2.6125,47,2.5,3,PCLT42,1,0.7778,,false,true,1.0000,
matched_identifier,sku->SKU,confirmed,Columbia Tools,PCMT42,CTTPCMT42,"COLUMBIA 42"" COMPOUND TUBE FOR PREDATOR",AUTOMATIC TAPING TOOLS,2.327,44.25,2.5,2.5,simple,PCMT42,"Columbia Predator Compound Tube 42""",Columbia Tools,Taping & Finishing Tools > Compound Tubes,,2.327,44.25,2.5,2.5,PCMT42,1,0.9333,,true,true,1.0000,
matched_identifier,sku->SKU,confirmed,Columbia Tools,PHMP,CTTPHMP,COLUMBIA PREDATOR HOT MUD PUMP,AUTOMATIC TAPING TOOLS,6.05,,,,simple,PHMP,Columbia Predator Mud Pump,Columbia Tools,Taping & Finishing Tools > Loading & Compound Pumps,,6.05,,,,PHMP,1,0.8947,,true,true,1.0000,
matched_identifier,sku->SKU,confirmed,Columbia Tools,PMH,CTTPMH,"COLUMBIA 40""-58 PREDATOR MATRIX HANDLE",AUTOMATIC TAPING TOOLS,2.9885,40,5,6,variation,PMH,"Columbia Predator Matrix Handle - 40""-60""",Columbia Tools,,COL-PREDATOR-MATRIX-HANDLE,2.9885,40,5,6,PMH,1,0.4908,,false,true,1.0000,
matched_identifier,sku->SKU,confirmed,Columbia Tools,PMHL,CTTPMHL,"COLUMBIA 56""-76 PREDATOR MATRIX HANDLE LONG",AUTOMATIC TAPING TOOLS,3.359,55,5.25,4,variation,PMHL,"Columbia Predator Matrix Handle - Long 56""-76""",Columbia Tools,,COL-PREDATOR-MATRIX-HANDLE,3.359,55,5.25,4,PMHL,1,1.0000,,true,true,1.0000,
matched_identifier,sku->SKU,confirmed,Columbia Tools,PMHS,CTTPMHS,"COLUMBIA 29""-39""PREDATOR MATRIX HANDLE SHORT",AUTOMATIC TAPING TOOLS,2.385,28,2,2,variation,PMHS,"Columbia Predator Matrix Handle - Short 29""-39""",Columbia Tools,,COL-PREDATOR-MATRIX-HANDLE,2.385,28,2,2,PMHS,1,1.0000,,true,true,1.0000,
matched_identifier,sku->SKU,confirmed,Columbia Tools,PTAPER,CTTPTAPER,COLUMBIA PREDATOR AUTO TAPER C.FIBER,AUTOMATIC TAPING TOOLS,8.0115,55,6.5,6.5,simple,PTAPER,Columbia One Predator Taper,Columbia Tools,Taping & Finishing Tools > Automatic Tapers,,8.0115,55,6.5,6.5,PTAPER,1,0.7556,,true,true,1.0000,
matched_identifier,sku->SKU,confirmed,Columbia Tools,SACS,CTTSACS,COLUMBIA SEMI AUTOMATIC COMMANDO SET,AUTOMATIC TAPING TOOLS,3,,,,simple,SACS,Columbia Commando Set,Columbia Tools,Taping & Finishing Tools > Tool Sets & Kits,,3,,,,SACS,1,0.6154,,true,true,1.0000,
matched_identifier,sku->SKU,confirmed,Columbia Tools,SAT,CTTSAT,COLUMBIA SEMI AUTOMATIC TAPER,AUTOMATIC TAPING TOOLS,0,,,,simple,SAT,Columbia Semi Automatic Taper,Columbia Tools,Taping & Finishing Tools > Semi-Automatic Tapers & Banjos,,,,,,SAT,1,1.0000,,true,true,,
matched_identifier,sku->SKU,confirmed,Columbia Tools,SB212,CTTSB212,"COLUMBIA 12"" TOMAHAWK SMOOTHING REPL. BLADE",KNOCKDOWN KNIFE,0.75,,,,simple,SB212,"Columbia Replacement 12"" Blade for Tomahawk",Columbia Tools,Replacement Parts,,,,,,SB212,1,0.6780,,true,false,,
matched_identifier,sku->SKU,confirmed,Columbia Tools,STAPER,CTTSTAPER,SAWED OFF MINI AUTOMATIC TAPER COLUMBIA,AUTOMATIC TAPING TOOLS,8,,,,variation,STAPER,"Columbia Automatic Taper - Sawed Off 39""",Columbia Tools,,COL-AUTOMATIC-TAPER,8,,,,STAPER,1,0.9180,,false,true,1.0000,
matched_identifier,sku->SKU,confirmed,Columbia Tools,TAPER,CTTTAPER,COLUMBIA AUTO TAPER,AUTOMATIC TAPING TOOLS,8.506,54.75,6.75,6.5,variation,TAPER,"Columbia Automatic Taper - Standard 53""",Columbia Tools,,COL-AUTOMATIC-TAPER,8.506,54.75,6.75,6.5,TAPER,1,0.5000,,false,true,1.0000,
matched_identifier,sku->SKU,confirmed,Columbia Tools,TBBF,CTTTBBF,COLUMBIA TALL BOX FILLER,AUTOMATIC TAPING TOOLS,5,,,,variation,TBBF,Columbia Box Filler - Tall Boy,Columbia Tools,,COL-BOX-FILLER,5,,,,TBBF,1,0.8824,,true,true,1.0000,
matched_identifier,sku->SKU,confirmed,Columbia Tools,TBGN,CTTTBGN,COLUMBIA TALL GOOSENECK,AUTOMATIC TAPING TOOLS,3.332,33,7,3,variation,TBGN,Columbia Gooseneck - Tall Boy,Columbia Tools,,COL-GOOSENECK,3.332,33,7,3,TBGN,1,0.8750,,true,true,1.0000,
matched_identifier,sku->SKU,confirmed,Columbia Tools,TBMP,CTTTBMP,COLUMBIA TALL LOADING PUMP,AUTOMATIC TAPING TOOLS,5,,,,variation,TBMP,Columbia Hot Mud Pump - Tall Boy,Columbia Tools,,COL-HOT-MUD-PUMP,5,,,,TBMP,1,0.6316,,true,true,1.0000,
matched_identifier,supplier_sku->SKU,confirmed,Dura-Stilts,1422US,DSS1422US,"UNI-STRUT- 14""- 22 STILT 225LB CAPACITY",STILT Dura-Stilts,13.28125,30,12,7,variation,DSS1422US,Dura-III Adjustable - 14”-22”,Dura-Stilts,,DS-DURA-III,,,,,DSS1422US,1,0.2075,,false,true,,
matched_identifier,supplier_sku->SKU,confirmed,Dura-Stilts,1830US,DSS1830US,"UNI-STRUT- 18""- 30 STILT 225LB CAPACITY",STILT Dura-Stilts,14.07,30,12,7,variation,DSS1830US,Dura-III Adjustable - 18”-30”,Dura-Stilts,,DS-DURA-III,,,,,DSS1830US,1,0.2283,,false,true,,
matched_identifier,supplier_sku->SKU,confirmed,Dura-Stilts,2440US,DSS2440US,"UNI-STRUT- 24""- 40 STILT 225LB CAPACITY",STILT Dura-Stilts,15.62,30,12,7,variation,DSS2440US,Dura-III Adjustable - 24”-40”,Dura-Stilts,,DS-DURA-III,,,,,DSS2440US,1,0.2283,,false,true,,
matched_identifier,supplier_sku->SKU,confirmed,Dura-Stilts,3864US,DSS3864US,"UNI-STRUT 38""-64"" STILT 225LB CAPACITY",STILT Dura-Stilts,18.3,44,13,7,variation,DSS3864US,Dura-III Adjustable - 38”-64”,Dura-Stilts,,DS-DURA-III,,,,,DSS3864US,1,0.2357,,false,true,,
matched_identifier,sku->SKU,confirmed,TapeTech,03TT,TTT03TT,TAPETECH EZ CLEAN MINI TAPER BAZOOKA,AUTOMATIC TT PARTS,9.58,55,7,7,variation,03TT,"TapeTech EasyClean® Automatic Taper - Mini-Taper 40.5""",TapeTech,,TT-EASYCLEAN-AUTOMATIC-TAPER,9.58,55,7,7,03TT,1,0.5915,,false,true,1.0000,
matched_identifier,sku->SKU,confirmed,TapeTech,050019,TTT050019,DISENGAGING CAM,AUTOMATIC TT PARTS,0.015,0.75,1.5,0.25,simple,050019,TapeTech Disengaging Cam,TapeTech,Replacement Parts,,,,,,050019,1,1.0000,,true,false,,
matched_identifier,sku->SKU,confirmed,TapeTech,050023F,TTT050023F,SPACER BAR,AUTOMATIC TT PARTS,0.0025,2.5,0.2,0.2,simple,050023F,Spacer Bar,TapeTech,Replacement Parts,,,,,,050023F,1,1.0000,,true,false,,
matched_identifier,sku->SKU,confirmed,TapeTech,050027,TTT050027,NEEDLE HOLDER LOCK,AUTOMATIC TT PARTS,0.01,0.8,0.1,0.1,simple,050027,TapeTech 04TT Automatic Taper Replacement Needle Holder Lock,TapeTech,Replacement Parts,,,,,,050027,1,0.6316,,false,false,,
matched_identifier,sku->SKU,confirmed,TapeTech,050034F,TTT050034F,DISENGAGING ROD,AUTOMATIC TT PARTS,0.01,2.5,0.2,0.2,simple,050034F,Disengaging Rod,TapeTech,Replacement Parts,,,,,,050034F,1,1.0000,,true,false,,
matched_identifier,sku->SKU,confirmed,TapeTech,050041F,TTT050041F,DISENGAGING ROD BEARING,AUTOMATIC TT PARTS,0.01,,,,simple,050041F,Disengaging Rod Bearing,TapeTech,Replacement Parts,,,,,,050041F,1,1.0000,,true,false,,
matched_identifier,sku->SKU,confirmed,TapeTech,050043F,TTT050043F,ANVIL,AUTOMATIC TT PARTS,0.01,0.1,0.75,0.1,simple,050043F,Anvil,TapeTech,Replacement Parts,,,,,,050043F,1,1.0000,,true,false,,
matched_identifier,sku->SKU,confirmed,TapeTech,050058,TTT050058,CONTROL VALVE,AUTOMATIC TT PARTS,0.0175,2.25,1,0.01,simple,050058,TapeTech Control Valve,TapeTech,Replacement Parts,,,,,,050058,1,1.0000,,true,false,,
matched_identifier,sku->SKU,confirmed,TapeTech,050063,TTT050063,CUT OFF COVER,AUTOMATIC TT PARTS,0.0915,9,1,1,simple,050063,Cut Off Cover,TapeTech,Replacement Parts,,,,,,050063,1,1.0000,,true,false,,
matched_identifier,sku->SKU,confirmed,TapeTech,050064F,TTT050064F,AUTOMATIC TAPER VALVE,AUTOMATIC TT PARTS,0.01,1.5,1,1,simple,050064F,Automatic Taper Valve,TapeTech,Replacement Parts,,,,,,050064F,1,1.0000,,true,false,,
matched_identifier,sku->SKU,confirmed,TapeTech,050070F,TTT050070F,AXLE CREASER WHEEL,AUTOMATIC TT PARTS,0.007,0.25,0.25,1,simple,050070F,Axle Creaser Wheel,TapeTech,Replacement Parts,,,,,,050070F,1,1.0000,,true,false,,
matched_identifier,sku->SKU,confirmed,TapeTech,050083F,TTT050083F,CABLE DRUM,AUTOMATIC TT PARTS,0.0335,2,1,1,simple,050083F,Cable Drum,TapeTech,Replacement Parts,,,,,,050083F,1,1.0000,,true,false,,
matched_identifier,sku->SKU,confirmed,TapeTech,050086F,TTT050086F,BUSHING HEAD,AUTOMATIC TT PARTS,0.01,,,,simple,050086F,Bushing Head,TapeTech,Replacement Parts,,,,,,050086F,1,1.0000,,true,false,,
matched_identifier,sku->SKU,confirmed,TapeTech,050110F,TTT050110F,DRIVER SHAFT CHROME PLATED,AUTOMATIC TT PARTS,0.0355,2.5,0.3,0.3,simple,050110F,Driver Shaft,TapeTech,Replacement Parts,,,,,,050110F,1,0.6316,,true,false,,
matched_identifier,sku->SKU,confirmed,TapeTech,050113F,TTT050113F,CUTTER BLOCK TUBE,AUTOMATIC TT PARTS,0.022,0.25,0.25,3.75,simple,050113F,Cutter Block Tube,TapeTech,Replacement Parts,,,,,,050113F,1,1.0000,,true,false,,
matched_identifier,sku->SKU,confirmed,TapeTech,050123,TTT050123,CAM,AUTOMATIC TT PARTS,1,,,,simple,050123,CAM,TapeTech,Replacement Parts,,,,,,050123,1,1.0000,,true,false,,
matched_identifier,sku->SKU,confirmed,TapeTech,050128F,TTT050128F,CHAIN ROLLER BUSHING,AUTOMATIC TT PARTS,0.0015,0.2,0.25,0.2,simple,050128F,Chain Roller Bushing,TapeTech,Replacement Parts,,,,,,050128F,1,1.0000,,true,false,,
matched_identifier,sku->SKU,confirmed,TapeTech,050132F,TTT050132F,CUT-OFF SPRING,AUTOMATIC TT PARTS,0.0585,5.5,0.5,0.5,simple,050132F,TapeTech Cut-Off Spring,TapeTech,Replacement Parts,,,,,,050132F,1,1.0000,,true,false,,
matched_identifier,sku->SKU,confirmed,TapeTech,050141,TTT050141,CHAIN ROLLER SUPPORT (LEFT),AUTOMATIC TT PARTS,0.01,0.3,1,1,simple,050141,Left Chain Support,TapeTech,Replacement Parts,,,,,,050141,1,0.8372,,true,false,,
matched_identifier,sku->SKU,confirmed,TapeTech,050145,TTT050145,CREASER CHAIN,AUTOMATIC TT PARTS,0.01,6,0.2,0.1,simple,050145,TapeTech Creaser Chain,TapeTech,Replacement Parts,,,,,,050145,1,1.0000,,true,false,,
matched_identifier,sku->SKU,confirmed,TapeTech,050150F,TTT050150F,HUB,AUTOMATIC TT PARTS,0.005,0.25,0.5,0.75,simple,050150F,TapeTech Hub,TapeTech,Replacement Parts,,,,,,050150F,1,1.0000,,true,false,,
matched_identifier,sku->SKU,confirmed,TapeTech,050152F,TTT050152F,SPACER ROD,AUTOMATIC TT PARTS,0.053,0.75,0.75,1.75,simple,050152F,Spacer Rod,TapeTech,Replacement Parts,,,,,,050152F,1,1.0000,,true,false,,
matched_identifier,sku->SKU,confirmed,TapeTech,050154,TTT050154,Bearing Bracket,AUTOMATIC TT PARTS,0.001,0.05,1.2,1.4,simple,050154,Bearing Bracket,TapeTech,Replacement Parts,,,,,,050154,1,1.0000,,true,false,,
matched_identifier,sku->SKU,confirmed,TapeTech,050163,TTT050163,MAIN CHAIN GUARD,AUTOMATIC TT PARTS,0.013,0.75,1.75,0.25,simple,050163,TapeTech Main Chain Guide,TapeTech,Replacement Parts,,,,,,050163,1,0.8750,,true,false,,
matched_identifier,sku->SKU,confirmed,TapeTech,050200,TTT050200,PLASTIC PLUNGER,AUTOMATIC TT PARTS,0.01,1,2,1,simple,050200,TapeTech Plastic Piston,TapeTech,Replacement Parts,,,,,,050200,1,0.6897,,true,false,,
matched_identifier,sku->SKU,confirmed,TapeTech,050204,TTT050204,PLUNGER CUP WASHER,AUTOMATIC TT PARTS,0.01,2,2,0.01,simple,050204,Cup Washer,TapeTech,Replacement Parts,,,,,,050204,1,0.7143,,true,false,,
matched_identifier,sku->SKU,confirmed,TapeTech,050205,TTT050205,HED HD CUP BOLT 1/4-20X3 /4,AUTOMATIC TT PARTS,0.01,0.75,0.5,0.5,simple,050205,"Hex Head Cup Bolt 1/4-20X3 /4""",TapeTech,Replacement Parts,,,,,,050205,1,0.8772,,true,false,,
matched_identifier,sku->SKU,confirmed,TapeTech,050212F,TTT050212F,NUT TAPETECH,AUTOMATIC TT PARTS,0.0085,1,0.2,0.2,simple,050212F,TapeTech Lock Block for 07TT,TapeTech,Replacement Parts,,,,,,050212F,1,0.0909,,false,false,,
matched_identifier,sku->SKU,confirmed,TapeTech,050249,TTT050249,CREASER CONNECTOR,AUTOMATIC TT PARTS,0.0125,44,0.5,0.5,simple,050249,TapeTech Creaser Connector,TapeTech,Replacement Parts,,,,,,050249,1,1.0000,,true,false,,
matched_identifier,sku->SKU,confirmed,TapeTech,050405B,TTT050405B,KEEPER AXLE BLACK,AUTOMATIC TT PARTS,0.009,0.96,0.48,0.48,simple,050405B,Keeper Axle - Black,TapeTech,Replacement Parts,,,,,,050405B,1,1.0000,,true,false,,
matched_identifier,sku->SKU,confirmed,TapeTech,050410B,TTT050410B,CONTROL TUBE FLANGE BLACK,AUTOMATIC TT PARTS,0.01,,,,simple,050410B,TapeTech Control Tube Flange - Black,TapeTech,Replacement Parts,,,,,,050410B,1,1.0000,,true,false,,
matched_identifier,sku->SKU,confirmed,TapeTech,050413,TTT050413,CONTROL TUBE WHEEL,AUTOMATIC TT PARTS,0.001,0.5,0.5,0.5,simple,050413,TapeTech Control Tube Wheel,TapeTech,Replacement Parts,,,,,,050413,1,1.0000,,true,false,,
matched_identifier,sku->SKU,confirmed,TapeTech,050500,TTT050500,BRAKE ROLLER - 07TT/07TT-C TAPETECH,AUTOMATIC TT PARTS,0.01,0.1,0.1,0.1,simple,050500,TapeTech Brake Roller,TapeTech,Replacement Parts,,,,,,050500,1,0.6667,,false,false,,
matched_identifier,sku->SKU,confirmed,TapeTech,051105,TTT051105,TAPER SIDE PLATE SPROCKET SIDE,AUTOMATIC TT PARTS,0.13,,,,simple,051105,Side Plate- Stainless Steel,TapeTech,Replacement Parts,,,,,,051105,1,0.6429,,true,false,,
matched_identifier,sku->SKU,confirmed,TapeTech,052052,TTT052052,LOCK TAPETECH,AUTOMATIC TT PARTS,0.0055,0.5,1,0.02,simple,052052,TapeTech Lock for 07TT,TapeTech,Replacement Parts,,,,,,052052,1,0.4706,,false,false,,
matched_identifier,sku->SKU,confirmed,TapeTech,052121F,TTT052121F,SHAFT,AUTOMATIC TT PARTS,0.025,3,0.2,0.2,simple,052121F,Driver Shaft,TapeTech,Replacement Parts,,,,,,052121F,1,0.5882,,true,false,,
matched_identifier,sku->SKU,confirmed,TapeTech,052125,TTT052125,SPROCKET DRIVER,AUTOMATIC TT PARTS,0.0025,0.5,0.5,0.2,simple,052125,Sprocket Driver,TapeTech,Replacement Parts,,,,,,052125,1,1.0000,,true,false,,
matched_identifier,sku->SKU,confirmed,TapeTech,0521496,TTT0521496,SPROCKET BUSHING,AUTOMATIC TT PARTS,0.0001,0.5,0.5,0.5,simple,0521496,Sprocket Bushing [6],TapeTech,Replacement Parts,,,,,,0521496,1,0.9412,,false,false,,
matched_identifier,sku->SKU,confirmed,TapeTech,052150,TTT052150,BRAKE ADJUSTER,AUTOMATIC TT PARTS,0.0075,1.25,0.1,0.49,simple,052150,Brake Adjuster,TapeTech,Replacement Parts,,,,,,052150,1,1.0000,,true,false,,
matched_identifier,sku->SKU,confirmed,TapeTech,052214,TTT052214,WHEEL ENCLOSURE,AUTOMATIC TT PARTS,0.0225,0.25,0.75,1,simple,052214,WHEEL ENCLOSURE,TapeTech,Replacement Parts,,,,,,052214,1,1.0000,,true,false,,
matched_identifier,sku->SKU,confirmed,TapeTech,052403,TTT052403,PLUNGER STOP LOCKING STRAP,AUTOMATIC TT PARTS,0.009,0.5,0.4,0.3,simple,052403,PLUNGER STOP LOCKING STRAP,TapeTech,Replacement Parts,,,,,,052403,1,1.0000,,true,false,,
matched_identifier,sku->SKU,confirmed,TapeTech,052404B,TTT052404B,KEEPER YOKE,AUTOMATIC TT PARTS,0.029,1.2,1,1,simple,052404B,Keeper Yoke,TapeTech,Replacement Parts,,,,,,052404B,1,1.0000,,true,false,,
matched_identifier,sku->SKU,confirmed,TapeTech,052407B,TTT052407B,Keeper Tube Cradle,AUTOMATIC TT PARTS,0.0125,1,1,2.5,simple,052407B,TapeTech Keeper Tube Cradle,TapeTech,Replacement Parts,,,,,,052407B,1,1.0000,,true,false,,
matched_identifier,sku->SKU,confirmed,TapeTech,052576,TTT052576,BRAKE SPRING MOUNT,AUTOMATIC TT PARTS,0.0065,0.5,0.2,0.2,simple,052576,Brake Spring Mount,TapeTech,Replacement Parts,,,,,,052576,1,1.0000,,true,false,,
matched_identifier,sku->SKU,confirmed,TapeTech,054028,TTT054028,GOOSER ASSEMBLY,AUTOMATIC TT PARTS,0.028,0.75,1,1.5,simple,054028,Gooser Assembly,TapeTech,Replacement Parts,,,,,,054028,1,1.0000,,true,false,,
matched_identifier,sku->SKU,confirmed,TapeTech,054032F,TTT054032F,PUSH ROD ASSEMBLY,AUTOMATIC TT PARTS,0.034,2,2,4,simple,054032F,Push Rod Assembly,TapeTech,Replacement Parts,,,,,,054032F,1,1.0000,,true,false,,
matched_identifier,sku->SKU,confirmed,TapeTech,054059F,TTT054059F,AUTOMATIC TAPER FILLER VALVE ASSEMBLY,AUTOMATIC TT PARTS,0.06,0.6,0.6,1.5,simple,054059F,Filler Tube Assembly,TapeTech,Replacement Parts,,,,,,054059F,1,0.6316,,true,false,,
matched_identifier,sku->SKU,confirmed,TapeTech,054075,TTT054075,TAPE RUNNER ASSEMBLY RIGHT,AUTOMATIC TT PARTS,0.03,0.3,1.5,2,simple,054075,Tape Runner Assembly,TapeTech,Replacement Parts,,,,,,054075,1,0.8696,,true,false,,
matched_identifier,sku->SKU,confirmed,TapeTech,054095F,TTT054095F,LONG CREASER ASSEMBLY,AUTOMATIC TT PARTS,0.025,1,0.5,3.75,simple,054095F,Long Creaser Assembly,TapeTech,Replacement Parts,,,,,,054095F,1,1.0000,,true,false,,
matched_identifier,sku->SKU,confirmed,TapeTech,054096F,TTT054096F,SHORT CREASER ASSEMBLY,AUTOMATIC TT PARTS,0.0225,4,0.5,0.5,simple,054096F,Short Creaser Assembly,TapeTech,Replacement Parts,,,,,,054096F,1,1.0000,,true,false,,
matched_identifier,sku->SKU,confirmed,TapeTech,054101,TTT054101,TAPE GUIDE ASSEMBLY,AUTOMATIC TT PARTS,0.14,7,2,0.3,simple,054101,TapeTech Tape Guide Assembly,TapeTech,Replacement Parts,,,,,,054101,1,1.0000,,true,false,,
matched_identifier,sku->SKU,confirmed,TapeTech,054104,TTT054104,TAPE RUNNER ASSEMBLY LEFT,AUTOMATIC TT PARTS,0.0225,0.25,1.75,2.25,simple,054104,Tape Runner Assembly,TapeTech,Replacement Parts,,,,,,054104,1,0.8889,,true,false,,
matched_identifier,sku->SKU,confirmed,TapeTech,054110F,TTT054110F,SHAFT DRIVE ASSEMBLY (INCLUDES SPROCKET),AUTOMATIC TT PARTS,0.05,,,,simple,054110F,Shaft Drive Assembly - Includes Sprocket,TapeTech,Replacement Parts,,,,,,054110F,1,1.0000,,true,false,,
matched_identifier,sku->SKU,confirmed,TapeTech,054111F,TTT054111F,GOOSER GUIDE BUSHING,AUTOMATIC TT PARTS,0.02,5,0.3,0.3,simple,054111F,TapeTech Gooser Guide Bushing,TapeTech,Replacement Parts,,,,,,054111F,1,1.0000,,true,false,,
matched_identifier,sku->SKU,confirmed,TapeTech,054116F,TTT054116F,TAPETECH DRIVE DOG ASSEMBLY,AUTOMATIC TT PARTS,0.01,0.1,0.2,1.5,simple,054116F,Drive Dog Assembly,TapeTech,Replacement Parts,,,,,,054116F,1,1.0000,,true,false,,
matched_identifier,sku->SKU,confirmed,TapeTech,054118F,TTT054118F,DRIVE DOG HOLDER ASSEMBLY,AUTOMATIC TT PARTS,0.02,2,1,0.5,simple,054118F,Drive Dog Holder Assembly,TapeTech,Replacement Parts,,,,,,054118F,1,1.0000,,true,false,,
matched_identifier,sku->SKU,confirmed,TapeTech,055007,TTT055007,AUTOMATIC TAPER LOCKING ROLLER ASSY (ASGARD),AUTOMATIC TT PARTS,0.006,0.25,0.25,0.45,simple,055007,Tape Tech Automatic Taper Locking Roller Assembly Brake Part #055007,TapeTech,Replacement Parts,,,,,,055007,1,0.7156,,false,false,,
matched_identifier,sku->SKU,confirmed,TapeTech,056135,TTT056135,CUTTER CHAIN ASSEMBLY STAINLESS STEEL,AUTOMATIC TT PARTS,0.064,0.25,0.25,9,simple,056135,TapeTech Stainless Steel Cutter Chain Assembly,TapeTech,Replacement Parts,,,,,,056135,1,1.0000,,true,false,,
matched_identifier,sku->SKU,confirmed,TapeTech,056142F,TTT056142F,CUTTER CHAIN #056142,AUTOMATIC TT PARTS,0.0225,4,0.15,0.15,simple,056142F,Cutter Chain,TapeTech,Replacement Parts,,,,,,056142F,1,0.7742,,false,false,,
matched_identifier,sku->SKU,confirmed,TapeTech,059005,TTT059005,40-4 HEX SST NUT,AUTOMATIC TT PARTS,0.002,0.5,0.5,0.5,simple,059005,4-40 Hex S.S. Nut,TapeTech,Replacement Parts,,,,,,059005,1,0.5156,,false,false,,
matched_identifier,sku->SKU,confirmed,TapeTech,059013,TTT059013,6-32 x 5/16 ROUND HEAD SST SCREW +,AUTOMATIC TT PARTS,0.001,0.25,0.25,0.35,simple,059013,Screw 6-32 X 5/16 Rd.,TapeTech,Replacement Parts,,,,,,059013,1,0.7692,,true,false,,
matched_identifier,sku->SKU,confirmed,TapeTech,059024,TTT059024,CHAIN KEEPER WASHER,AUTOMATIC TT PARTS,0.01,0.01,0.5,0.5,simple,059024,.15 Chain Keeper,TapeTech,Replacement Parts,,,,,,059024,1,0.7059,,false,false,,
matched_identifier,sku->SKU,confirmed,TapeTech,059029,TTT059029,6-32x5/8 Flat head Screw,AUTOMATIC TT PARTS,0.0036,0.25,0.25,0.6,simple,059029,Screw 6-32 X 5/8 Fl.,TapeTech,Replacement Parts,,,,,,059029,1,0.4093,,false,false,,
matched_identifier,sku->SKU,confirmed,TapeTech,059038,TTT059038,#4 MEDIUM SPRING LOCKWASHER +,AUTOMATIC TT PARTS,0.00058,0.01,0.2,0.2,simple,059038,#4 TapeTech Medium Spring Lockwasher,TapeTech,Replacement Parts,,,,,,059038,1,1.0000,,true,false,,
matched_identifier,sku->SKU,confirmed,TapeTech,059040,TTT059040,O RING,AUTOMATIC TT PARTS,0.0002,0.1,0.25,0.25,simple,059040,O Ring 568-006 Buna,TapeTech,Replacement Parts,,,,,,059040,1,0.4800,,false,false,,
matched_identifier,sku->SKU,confirmed,TapeTech,059044,TTT059044,Insert,AUTOMATIC TT PARTS,0.0015,0.25,0.5,0.5,simple,059044,Insert,TapeTech,Replacement Parts,,,,,,059044,1,1.0000,,true,false,,
matched_identifier,sku->SKU,confirmed,TapeTech,059060,TTT059060,AUTOMATIC TAPER 3-48 STOP NUT +,AUTOMATIC TT PARTS,0.01,,,,simple,059060,"Stopnut 3-48 Hex., Nyloc SST",TapeTech,Replacement Parts,,,,,,059060,1,0.5455,,true,false,,
matched_identifier,sku->SKU,confirmed,TapeTech,059061F,TTT059061F,VALVE SPRING,AUTOMATIC TT PARTS,0.0006,0.1,0.1,0.5,simple,059061F,Valve Spring,TapeTech,Replacement Parts,,,,,,059061F,1,1.0000,,true,false,,
matched_identifier,sku->SKU,confirmed,TapeTech,059067,TTT059067,KEY RING,AUTOMATIC TT PARTS,0.005,0.1,1,1,simple,059067,Key Ring,TapeTech,Replacement Parts,,,,,,059067,1,1.0000,,true,false,,
matched_identifier,sku->SKU,confirmed,TapeTech,059091,TTT059091,"6-32 x 1/2"" FILLISTER HEAD SST SCREW +",AUTOMATIC TT PARTS,0.01,0.1,0.1,0.6,simple,059091,"6-32 X 1/2"" Fillister Head Sst Screw",TapeTech,Replacement Parts,,,,,,059091,1,1.0000,,true,false,,
matched_identifier,sku->SKU,confirmed,TapeTech,059092,TTT059092,8-32 X 1-1/2 ROUND HEAD SCREW SST,AUTOMATIC TT PARTS,0.008,0.2,0.2,1.75,simple,059092,"8-32"" x 1-1/2"" Round Head Screw SST",TapeTech,Replacement Parts,,,,,,059092,1,0.9167,,true,false,,
matched_identifier,sku->SKU,confirmed,TapeTech,059107,TTT059107,6-32x1/4 Flat Head Screw,AUTOMATIC TT PARTS,0.01,0.3,0.1,0.1,simple,059107,1/4 in x 6-32 TapeTech Stainless Steel Flat Head Screw,TapeTech,Replacement Parts,,,,,,059107,1,0.3507,,false,false,,
matched_identifier,sku->SKU,confirmed,TapeTech,059117,TTT059117,SCREW SELF TAP #8 x 5/16,AUTOMATIC TT PARTS,0.002,0.49,0.25,0.25,simple,059117,"Screw Self Tap #8 x5/16""",TapeTech,Replacement Parts,,,,,,059117,1,0.5042,,false,false,,
matched_identifier,sku->SKU,confirmed,TapeTech,059119,TTT059119,DRIVE DOG HOLDER PIN,AUTOMATIC TT PARTS,0.01,0.3,0.01,0.01,simple,059119,Drive Dog Holder Pin,TapeTech,Replacement Parts,,,,,,059119,1,1.0000,,true,false,,
matched_identifier,sku->SKU,confirmed,TapeTech,059120,TTT059120,DRIVE DOG AXLE,AUTOMATIC TT PARTS,0.01,0.5,0.05,0.05,simple,059120,"Axle, Drive Dog",TapeTech,Replacement Parts,,,,,,059120,1,1.0000,,true,false,,
matched_identifier,sku->SKU,confirmed,TapeTech,059129,TTT059129,CUTTER BLOCK PIN,AUTOMATIC TT PARTS,0.01,0.3,0.05,0.05,simple,059129,Cutter Block Pin,TapeTech,Replacement Parts,,,,,,059129,1,1.0000,,true,false,,
matched_identifier,sku->SKU,confirmed,TapeTech,059161,TTT059161,"4-40 x 3/8"" FILLISTER HEAD SST SCREW +",AUTOMATIC TT PARTS,0.01,,,,simple,059161,"4-40 X 3/8"" Fillister Head Sst Screw +",TapeTech,Replacement Parts,,,,,,059161,1,1.0000,,true,false,,
matched_identifier,sku->SKU,confirmed,TapeTech,059201,TTT059201,SCREW 5-40 X 3/4 RD HEAD SST,AUTOMATIC TT PARTS,0.0065,0.5,0.3,0.5,simple,059201,Screw 5-40 X 3/4 RD Head SST,TapeTech,Replacement Parts,,,,,,059201,1,1.0000,,true,false,,
matched_identifier,sku->SKU,confirmed,TapeTech,059217,TTT059217,"4-40 X 3/8"" BIND HEAD SST SCREW",AUTOMATIC TT PARTS,0.002,0.49,0.25,0.24,simple,059217,"4-40 X 3/8"" BIND HEADSST SCREW",TapeTech,Replacement Parts,,,,,,059217,1,0.9846,,true,false,,
matched_identifier,sku->SKU,confirmed,TapeTech,07TT,TTT07TT,EASYCLEAN AUTOMATIC TAPER,AUTOMATIC TAPING TOOLS,10.043,55,7,7,variation,07TT,TapeTech EasyClean® Automatic Taper - Standard,TapeTech,,TT-EASYCLEAN-AUTOMATIC-TAPER,10.043,55,7,7,07TT,1,0.8475,,true,true,1.0000,
matched_identifier,sku->SKU,confirmed,TapeTech,07TTC,TTT07TTC,BLACK CARBON FIBER AUTO TAPER,AUTOMATIC TAPING TOOLS,9.058,55.5,7,7,variation,07TT-C,TapeTech EasyClean® Automatic Taper - Carbon Fiber,TapeTech,,TT-EASYCLEAN-AUTOMATIC-TAPER,9.058,55.5,7,7,07TT-C,1,0.7463,,true,true,1.0000,
matched_identifier,sku->SKU,confirmed,TapeTech,142001,TTT142001,TUBE ONLY FOR MUDRUNNER,AUTOMATIC TT PARTS,0.57,,,,simple,142001,Tube Only for Mudrunner,TapeTech,Replacement Parts,,,,,,142001,1,1.0000,,true,false,,
matched_identifier,sku->SKU,confirmed,TapeTech,149021,TTT149021,ROUND LIP U-CUP,AUTOMATIC TT PARTS,0.02,,,,simple,149021,TapeTech Round Lip U-Cup,TapeTech,Replacement Parts,,,,,,149021,1,1.0000,,true,false,,
matched_identifier,sku->SKU,confirmed,TapeTech,149028,TTT149028,NYLON BUSHING #6,AUTOMATIC TT PARTS,1,,,,simple,149028,Nylon Bushing #6,TapeTech,Replacement Parts,,,,,,149028,1,1.0000,,true,false,,
matched_identifier,sku->SKU,confirmed,TapeTech,149032,TTT149032,O RING BUNA 2-230,AUTOMATIC TT PARTS,0.006,3,3,0.15,simple,149032,"O-Ring, Buna, 2-230",TapeTech,Replacement Parts,,,,,,149032,1,1.0000,,true,false,,
matched_identifier,sku->SKU,confirmed,TapeTech,149120,TTT149120,THREADED GAS SPRING TAPETECH,AUTOMATIC TT PARTS,0.1,,,,simple,149120,Tapetech Threaded Gas Spring,TapeTech,Replacement Parts,,,,,,149120,1,1.0000,,true,false,,
matched_identifier,sku->SKU,confirmed,TapeTech,151011,TTT151011,Inner Roller,AUTOMATIC TT PARTS,0.006,0.25,0.25,0.75,simple,151011,Inner Roller,TapeTech,Replacement Parts,,,,,,151011,1,1.0000,,true,false,,
matched_identifier,sku->SKU,confirmed,TapeTech,159023,TTT159023,Nylon Washer,AUTOMATIC TT PARTS,0.01,,,,simple,159023,Nylon Washer,TapeTech,Replacement Parts,,,,,,159023,1,1.0000,,true,false,,
matched_identifier,sku->SKU,confirmed,TapeTech,159024,TTT159024,External Retaining Ring 25 Dia Shaft,AUTOMATIC TT PARTS,9E-05,0.01,0.25,0.25,simple,159024,External Retaining Ring,TapeTech,Replacement Parts,,,,,,159024,1,0.7797,,false,false,,
matched_identifier,sku->SKU,confirmed,TapeTech,159026,TTT159026,LONG NUT,AUTOMATIC TT PARTS,0.01,,,,simple,159026,Long Nut,TapeTech,Replacement Parts,,,,,,159026,1,1.0000,,true,false,,
matched_identifier,sku->SKU,confirmed,TapeTech,159027,TTT159027,"WASHER 3/8"" OD 3/16"" ID SST",AUTOMATIC TT PARTS,0.2,12,0.01,0.2,simple,159027,"Washer 3/8"" OD 3/16"" IDSST",TapeTech,Replacement Parts,,,,,,159027,1,0.9836,,true,false,,
matched_identifier,sku->SKU,confirmed,TapeTech,16TT,TTT16TT,MUD HEAD FOR OUTSIDE CORNER (90 DEGREES),AUTOMATIC TAPING TOOLS,0.7025,7,5,5,variation,16TT,TapeTech Applicator Head - Outside Corner,TapeTech,,TT-APPLICATOR-HEAD,0.7025,7,5,5,16TT,1,0.5882,,false,true,1.0000,
matched_identifier,sku->SKU,confirmed,TapeTech,16TT90,TTT16TT90,MUD HEAD FOR INSIDE CORNER (90 DEGREES),AUTOMATIC TAPING TOOLS,0.681,7,5.5,5,variation,16TT90,TapeTech Applicator Head - Inside Corner,TapeTech,,TT-APPLICATOR-HEAD,0.681,7,5.5,5,16TT90,1,0.5758,,false,true,1.0000,
matched_identifier,sku->SKU,confirmed,TapeTech,179009,TTT179009,NYLINER TYPE 6,AUTOMATIC TT PARTS,0.005,0.5,0.5,0.5,simple,179009,Nyliner Type 6,TapeTech,Replacement Parts,,,,,,179009,1,1.0000,,true,false,,
matched_identifier,sku->SKU,confirmed,TapeTech,17TT,TTT17TT,OUTSIDE CORNER ROLLER,AUTOMATIC TAPING TOOLS,1.22,,,,variation,17TT,TapeTech Corner Roller - Outside Corner,TapeTech,,TT-CORNER-ROLLER,1.22,6.5,4.5,4.5,17TT,1,1.0000,,true,true,1.0000,
matched_identifier,sku->SKU,confirmed,TapeTech,17TTE,TTT17TTE,OUTSIDE CORNER ROLLER (EUR) TAPETECH,AUTOMATIC TAPING TOOLS,1.086,7,5.5,4.5,variation,17TTE,TapeTech Corner Roller - Flex Tape Outside Corner,TapeTech,,TT-CORNER-ROLLER,1.086,7,5.5,4.5,17TTE,1,0.7619,,true,true,1.0000,
matched_identifier,sku->SKU,confirmed,TapeTech,190002,TTT190002,BLOCK,AUTOMATIC TT PARTS,0.02,0.4,0.45,1.3,simple,190002,Block,TapeTech,Replacement Parts,,,,,,190002,1,1.0000,,true,false,,
matched_identifier,sku->SKU,confirmed,TapeTech,190034,TTT190034,Coupler,AUTOMATIC TT PARTS,0.01,12,0.2,0.2,simple,190034,Coupler,TapeTech,Replacement Parts,,,,,,190034,1,1.0000,,true,false,,
matched_identifier,sku->SKU,confirmed,TapeTech,196003,TTT196003,HINGE CASTING ASSEMBLY,AUTOMATIC TT PARTS,0.5,,,,simple,196003,TapeTech Hinge Casting Assembly,TapeTech,Replacement Parts,,,,,,196003,1,1.0000,,true,false,,
matched_identifier,sku->SKU,confirmed,TapeTech,200052F,TTT200052F,FLAT BOX SHOULDER SCREW,AUTOMATIC TT PARTS,0.0125,4,4,1,simple,200052F,Finishing Box Shoulder Screw,TapeTech,Replacement Parts,,,,,,200052F,1,0.7843,,true,false,,
matched_identifier,sku->SKU,confirmed,TapeTech,202020,TTT202020,SPRING ANCHOR,AUTOMATIC TT PARTS,0.003,0.25,0.2,0.25,simple,202020,Spring Anchor,TapeTech,Replacement Parts,,,,,,202020,1,1.0000,,true,false,,
matched_identifier,sku->SKU,confirmed,TapeTech,202028,TTT202028,FLAT BOX THREADED WASHER,AUTOMATIC TT PARTS,0.0035,0.25,0.5,0.5,simple,202028,TapeTech Flat Box Threaded Washer,TapeTech,Replacement Parts,,,,,,202028,1,1.0000,,true,false,,
matched_identifier,sku->SKU,confirmed,TapeTech,202036,TTT202036,FLAT BOX SHOULDER SCREW,AUTOMATIC TT PARTS,0.01,0.2,0.2,0.6,simple,202036,Shoulder Screw,TapeTech,Replacement Parts,,,,,,202036,1,0.7568,,true,false,,
matched_identifier,sku->SKU,confirmed,TapeTech,203010,TTT203010,7 AND 10 INCH CROWN SPRING,AUTOMATIC TT PARTS,0.012,0.05,0.5,4.25,simple,203010,7 & 10 Inch Crown Spring,TapeTech,Replacement Parts,,,,,,203010,1,0.9167,,true,false,,
matched_identifier,sku->SKU,confirmed,TapeTech,209046,TTT209046,FLAT BOX WASHER,AUTOMATIC TT PARTS,0.0045,0.15,0.5,0.5,simple,209046,TapeTech Flat Box Washer,TapeTech,Replacement Parts,,,,,,209046,1,1.0000,,true,false,,
matched_identifier,sku->SKU,confirmed,TapeTech,209047,TTT209047,FLAT BOX NYLINER BEARING,AUTOMATIC TT PARTS,7E-05,0.25,0.4,0.4,simple,209047,Flat Box Nyliner Bearing,TapeTech,Replacement Parts,,,,,,209047,1,1.0000,,true,false,,
matched_identifier,sku->SKU,confirmed,TapeTech,209050,TTT209050,4-40 X 7/16 SLOTTED FL. HEAD SS,AUTOMATIC TT PARTS,0.001,0.2,0.1,0.1,simple,209050,Box Screw 209050,TapeTech,Replacement Parts,,,,,,209050,1,0.1196,,false,false,,
matched_identifier,sku->SKU,confirmed,TapeTech,209058,TTT209058,6-32 Brass Nut,AUTOMATIC TT PARTS,0.002,0.15,0.3,0.3,simple,209058,6-32 Brass Nut,TapeTech,Replacement Parts,,,,,,209058,1,1.0000,,true,false,,
matched_identifier,sku->SKU,confirmed,TapeTech,210058F,TTT210058F,LATCH,AUTOMATIC TT PARTS,0.005,0.25,0.5,1,simple,210058F,TapeTech Latch,TapeTech,Replacement Parts,,,,,,210058F,1,1.0000,,true,false,,
matched_identifier,sku->SKU,confirmed,TapeTech,210059,TTT210059,SHOULDER SCREW,AUTOMATIC TT PARTS,0.01,,,,simple,210059,Shoulder Screw,TapeTech,Replacement Parts,,,,,,210059,1,1.0000,,true,false,,
matched_identifier,sku->SKU,confirmed,TapeTech,212086,TTT212086,POWER ASSIST HOOK,AUTOMATIC TT PARTS,0.01,,,,simple,212086,Power Assist Hook,TapeTech,Replacement Parts,,,,,,212086,1,1.0000,,true,false,,
matched_identifier,sku->SKU,confirmed,TapeTech,213051,TTT213051,BOX WHEEL SIDE GUIDE TAPETECH,AUTOMATIC TT PARTS,0.0315,,,,simple,213051,"Box Wheel, side guide",TapeTech,Replacement Parts,,,,,,213051,1,1.0000,,true,false,,
matched_identifier,sku->SKU,confirmed,TapeTech,219091,TTT219091,SPRING,AUTOMATIC TT PARTS,0.01,,,,simple,219091,Spring,TapeTech,Replacement Parts,,,,,,219091,1,1.0000,,true,false,,
matched_identifier,sku->SKU,confirmed,TapeTech,219092,TTT219092,"4-40 X 1""BIND HEAD SCREW",AUTOMATIC TT PARTS,0.00133,1,0.15,0.15,simple,219092,"4-40 X 1"" Bind Head Screw",TapeTech,Replacement Parts,,,,,,219092,1,1.0000,,true,false,,
matched_identifier,sku->SKU,confirmed,TapeTech,219095,TTT219095,#4 NYLON FLAT WASHER,AUTOMATIC TT PARTS,0.00075,0.49,0.1,0.49,simple,219095,#4 NYLON FLAT WASHER,TapeTech,Replacement Parts,,,,,,219095,1,1.0000,,true,false,,
matched_identifier,sku->SKU,confirmed,TapeTech,250009,TTT250009,SHIM 10 SHIM 10,AUTOMATIC TT PARTS,0.05,,,,simple,250009,"10"" Shim",TapeTech,Replacement Parts,,,,,,250009,1,0.3667,,false,false,,
matched_identifier,sku->SKU,confirmed,TapeTech,250026F,TTT250026F,"NEW WIPER ONE PIECE FOR 10"" FLAT BOX",AUTOMATIC TT PARTS,0.09,12,4,1,simple,250026F,"New Wiper One Piece For 10"" Flat Box",TapeTech,Replacement Parts,,,,,,250026F,1,1.0000,,true,false,,
matched_identifier,sku->SKU,confirmed,TapeTech,250040F,TTT250040F,"10"" TIE ROD",AUTOMATIC TT PARTS,0.01,0.2,0.2,11,simple,250040F,"10"" Tie Rod",TapeTech,Replacement Parts,,,,,,250040F,1,1.0000,,true,false,,
matched_identifier,sku->SKU,confirmed,TapeTech,251023G,TTT251023G,SIDE PLATE UNIVERSAL TAPETECH,AUTOMATIC TT PARTS,0.156,0.1,3.5,6,simple,251023G,Side Plate,TapeTech,Replacement Parts,,,,,,251023G,1,0.6667,,true,false,,
matched_identifier,sku->SKU,confirmed,TapeTech,251025G,TTT251025G,SIDE PLATE TT TAPETECH,AUTOMATIC TT PARTS,0.1605,0.25,3.25,5.5,simple,251025G,Side Plate,TapeTech,Replacement Parts,,,,,,251025G,1,0.8696,,true,false,,
matched_identifier,sku->SKU,confirmed,TapeTech,254005,TTT254005,CLAMP ASSEMBLY TAPETECH,AUTOMATIC TT PARTS,0.0665,10,1,1,simple,254005,"TapeTech 10"" Clamp Assembly",TapeTech,Replacement Parts,,,,,,254005,1,0.8235,,false,false,,
matched_identifier,sku->SKU,confirmed,TapeTech,260024F,TTT260024F,"10"" Wiper",AUTOMATIC TT PARTS,1,,,,simple,260024F,"10"" Wiper",TapeTech,Replacement Parts,,,,,,260024F,1,1.0000,,true,false,,
matched_identifier,sku->SKU,confirmed,TapeTech,300026F,TTT300026F,"NEW WIPER ONE PIECE FOR 12"" FLAT BOX",AUTOMATIC TT PARTS,0.13,,,,simple,300026F,12 in TapeTech Flat Box Wiper,TapeTech,Replacement Parts,,,,,,300026F,1,0.6897,,true,false,,
matched_identifier,sku->SKU,confirmed,TapeTech,300040F,TTT300040F,"12"" TIE ROD",AUTOMATIC TT PARTS,0.0315,0.1,0.1,12.25,simple,300040F,"12"" Tie Rod",TapeTech,Replacement Parts,,,,,,300040F,1,1.0000,,true,false,,
matched_identifier,sku->SKU,confirmed,TapeTech,306027G,TTT306027G,"12"" PRESSURE PLATE",AUTOMATIC TT PARTS,1.36,,,,simple,306027G,"TapeTech 12"" Pressure Plate (Gold)",TapeTech,Replacement Parts,,,,,,306027G,1,0.8889,,true,false,,
matched_identifier,sku->SKU,confirmed,TapeTech,310024F,TTT310024F,"12"" WIPER",AUTOMATIC TT PARTS,0.17,11.5,5.5,0.5,simple,310024F,"12"" Viton Wiper",TapeTech,Replacement Parts,,,,,,310024F,1,0.7857,,true,false,,
matched_identifier,sku->SKU,confirmed,TapeTech,310051F,TTT310051F,FLAT BOX WHEEL,AUTOMATIC TT PARTS,0.0085,0.75,0.75,0.5,simple,310051F,TapeTech Flat Box Wheel,TapeTech,Replacement Parts,,,,,,310051F,1,1.0000,,true,false,,
matched_identifier,sku->SKU,confirmed,TapeTech,310071,TTT310071,"12"" SPACER ROD TAPETECH",AUTOMATIC TT PARTS,0,,,,simple,310071,"TapeTech 12"" Spacer Rod",TapeTech,Replacement Parts,,,,,,310071,1,1.0000,,true,false,,
matched_identifier,sku->SKU,confirmed,TapeTech,350033F,TTT350033F,SEAL BLOCK 8,AUTOMATIC TT PARTS,0.05,3,0.5,0.5,simple,350033F,Seal Block,TapeTech,Replacement Parts,,,,,,350033F,1,0.9091,,false,false,,
matched_identifier,sku->SKU,confirmed,TapeTech,402002F,TTT402002F,SPRING RETAINER STOP,AUTOMATIC TT PARTS,0.0035,0.25,0.5,0.75,simple,402002F,4800 Spring Retainer,TapeTech,Replacement Parts,,,,,,402002F,1,0.7500,,false,false,,
matched_identifier,sku->SKU,confirmed,TapeTech,402012,TTT402012,BALL RETAINER,AUTOMATIC TT PARTS,0.018,0.1,1,2,simple,402012,Ball Retainer,TapeTech,Replacement Parts,,,,,,402012,1,1.0000,,true,false,,
matched_identifier,sku->SKU,confirmed,TapeTech,402017F,TTT402017F,CENTER CLIP (SHORT),AUTOMATIC TT PARTS,0.0035,0.1,1,0.2,simple,402017F,Center Clip (Short),TapeTech,Replacement Parts,,,,,,402017F,1,1.0000,,true,false,,
matched_identifier,sku->SKU,confirmed,TapeTech,40XTT,TTT40XTT,"2"" CORNER FINISHER",AUTOMATIC TAPING TOOLS,0.9025,7,6,5,variation,40XTT,"TapeTech Corner Finisher - 2""",TapeTech,,TT-CORNER-FINISHER,0.9025,7,6,5,40XTT,1,1.0000,,true,true,1.0000,
matched_identifier,sku->SKU,confirmed,TapeTech,42TT,TTT42TT,CORNER FINISHER 2.5,AUTOMATIC TAPING TOOLS,0.979,7.25,5.5,4.5,variation,42TT,"TapeTech Corner Finisher - 2.5""",TapeTech,,TT-CORNER-FINISHER,0.979,7.25,5.5,4.5,42TT,1,0.9268,,true,true,1.0000,
matched_identifier,sku->SKU,confirmed,TapeTech,480002F,TTT480002F,WEAR PAD,AUTOMATIC TT PARTS,0.007,0.15,0.3,2,simple,480002F,4040 Wear Pad,TapeTech,Replacement Parts,,,,,,480002F,1,0.7619,,false,false,,
matched_identifier,sku->SKU,confirmed,TapeTech,480005,TTT480005,OUTSIDE TENSION SPRING TAPETECH,AUTOMATIC TT PARTS,0.01,4,1,0.25,simple,480005,Outside Tension Spring,TapeTech,Replacement Parts,,,,,,480005,1,1.0000,,true,false,,
matched_identifier,sku->SKU,confirmed,TapeTech,480021,TTT480021,INSIDE TENSION SPRING TAPETECH,AUTOMATIC TT PARTS,0.0075,0.25,0.5,3.25,simple,480021,Inside Tension Spring,TapeTech,Replacement Parts,,,,,,480021,1,1.0000,,true,false,,
matched_identifier,sku->SKU,confirmed,TapeTech,480027,TTT480027,WHEEL BUSHING,AUTOMATIC TT PARTS,0.01,0.3,0.2,0.2,simple,480027,Wheel Bushing,TapeTech,Replacement Parts,,,,,,480027,1,1.0000,,true,false,,
matched_identifier,sku->SKU,confirmed,TapeTech,486001F,TTT486001F,"3"" EASYROLL CORNER FINISHER HEAD",AUTOMATIC TT PARTS,0.29,,,,simple,486001F,"3"" Easy Roll Head Casting",TapeTech,Replacement Parts,,,,,,486001F,1,0.5902,,true,false,,
matched_identifier,sku->SKU,confirmed,TapeTech,48TT,TTT48TT,"3"" EASY ROLL ADJUSTABLE ANGLE HEAD",AUTOMATIC TAPING TOOLS,1.137,6,4,4,variation,48TT,"TapeTech Corner Finisher - 3"" EasyRoll® Adjustable",TapeTech,,TT-CORNER-FINISHER,1.137,6,4,4,48TT,1,0.6316,,true,true,1.0000,
matched_identifier,sku->SKU,confirmed,TapeTech,48XTT,TTT48XTT,"3.5"" CORNER FINISHER",AUTOMATIC TAPING TOOLS,1.383,6,4,5,variation,48XTT,"TapeTech Corner Finisher - 3.5"" EasyRoll® Adjustable",TapeTech,,TT-CORNER-FINISHER,1.383,6,4,5,48XTT,1,0.6875,,true,true,1.0000,
matched_identifier,sku->SKU,confirmed,TapeTech,499024,TTT499024,Washer - .188Id X,AUTOMATIC TT PARTS,0.00075,0.1,0.4,0.4,simple,499024,Washer - .188Id X,TapeTech,Replacement Parts,,,,,,499024,1,1.0000,,true,false,,
matched_identifier,sku->SKU,confirmed,TapeTech,500028,TTT500028,"7"" WIPER",AUTOMATIC TT PARTS,0.01,,,,simple,500028,7 in TapeTech Wiper,TapeTech,Replacement Parts,,,,,,500028,1,1.0000,,true,false,,
matched_identifier,sku->SKU,confirmed,TapeTech,502005F,TTT502005F,"7"" PIVOT PRESSURE PLATE",AUTOMATIC TT PARTS,0.075,0.75,0.75,2.75,simple,502005F,"7"" Pivot Pressure Plate",TapeTech,Replacement Parts,,,,,,502005F,1,1.0000,,true,false,,
matched_identifier,sku->SKU,confirmed,TapeTech,502006,TTT502006,PIVOT BEARING,AUTOMATIC TT PARTS,0.0055,0.5,0.75,0.75,simple,502006,PIVOTBEARING,TapeTech,Replacement Parts,,,,,,502006,1,0.9600,,true,false,,
matched_identifier,sku->SKU,confirmed,TapeTech,502007,TTT502007,5L7D-Type 4 Nyliner,AUTOMATIC TT PARTS,0.00033,0.4,0.4,0.4,simple,502007,Bearing,TapeTech,Replacement Parts,,,,,,502007,1,0.2308,,false,false,,
matched_identifier,sku->SKU,confirmed,TapeTech,509008,TTT509008,10-32 x 1/2 BIND HEAD SCREW TAPETECH,AUTOMATIC TT PARTS,0.006,0.3,0.3,0.75,simple,509008,"10-32 X 1/2"" Bind Head Screw +",TapeTech,Replacement Parts,,,,,,509008,1,0.9474,,true,false,,
matched_identifier,sku->SKU,confirmed,TapeTech,632026,TTT632026,"SPRING, NAIL SPOTTERS LOW FORCE",AUTOMATIC TT PARTS,0.0195,12,0.5,0.5,simple,632026,"Spring, Nail Spotter",TapeTech,Replacement Parts,,,,,,632026,1,0.7755,,true,false,,
matched_identifier,sku->SKU,confirmed,TapeTech,634028,TTT634028,"TAPETECH 2"" PRESS PLATE ASSY W/NEW STYLE TAB",AUTOMATIC TT PARTS,1,,,,simple,634028,"TapeTech 2"" Pressure Plate Assembly w/ New Style Tab",TapeTech,Replacement Parts,,,,,,634028,1,0.9136,,true,false,,
matched_identifier,sku->SKU,confirmed,TapeTech,650007,TTT650007,"3"" SKID FOR NS03TT TAPETECH",AUTOMATIC TT PARTS,1,,,,simple,650007,TapeTech Skid for NS03TT,TapeTech,Replacement Parts,,,,,,650007,1,0.4714,,false,false,,
matched_identifier,sku->SKU,confirmed,TapeTech,650040,TTT650040,SPECIAL WASHER TAPETECH,AUTOMATIC TT PARTS,0.0345,0.5,1,0.1,simple,650040,TapeTech Special Washer,TapeTech,Replacement Parts,,,,,,650040,1,1.0000,,true,false,,
matched_identifier,sku->SKU,confirmed,TapeTech,681015,TTT681015,"3"" NAIL SPOTTER WIPER",AUTOMATIC TT PARTS,0.0875,4.75,3.25,0.5,simple,681015,"3"" Wiper For EZ Clean Nailspotter",TapeTech,Replacement Parts,,,,,,681015,1,0.7586,,true,false,,
matched_identifier,sku->SKU,confirmed,TapeTech,700004F,TTT700004F,GLAND,AUTOMATIC TT PARTS,0.23,1.5,1.5,0.75,simple,700004F,Gland,TapeTech,Replacement Parts,,,,,,700004F,1,1.0000,,true,false,,
matched_identifier,sku->SKU,confirmed,TapeTech,700010F,TTT700010F,VALVE DISK,AUTOMATIC TT PARTS,0.01,2.5,2.5,0.1,simple,700010F,TapeTechï¿1⁄2ï¿1⁄2 700010F Valve Seal,TapeTech,Replacement Parts,,,,,,700010F,1,0.3256,,false,false,,
matched_identifier,sku->SKU,confirmed,TapeTech,700036,TTT700036,5/16-24 x 1-7/16 STUD,AUTOMATIC TT PARTS,0.027,1.25,0.2,0.2,simple,700036,5/16-24 X 1-7/16 Stud,TapeTech,Replacement Parts,,,,,,700036,1,1.0000,,true,false,,
matched_identifier,sku->SKU,confirmed,TapeTech,704040,TTT704040,FILLER TUBE ASSEMBLY,AUTOMATIC TT PARTS,0.082,2.5,2.5,0.5,simple,704040,TapeTech Filler Tube Assembly,TapeTech,Replacement Parts,,,,,,704040,1,1.0000,,true,false,,
matched_identifier,sku->SKU,confirmed,TapeTech,709007,TTT709007,HEX HEAD NUT - 5/16-24 TAPETECH,AUTOMATIC TT PARTS,0.046,0.2,0.3,0.3,simple,709007,"Hex Head Nut - 5/16"" X 24 - 6 Pack",TapeTech,Replacement Parts,,,,,,709007,1,0.4231,,false,false,,
matched_identifier,sku->SKU,confirmed,TapeTech,709046,TTT709046,LOCK CLIP,AUTOMATIC TT PARTS,0.01,,,,simple,709046,Lock Clip,TapeTech,Replacement Parts,,,,,,709046,1,1.0000,,true,false,,
matched_identifier,sku->SKU,confirmed,TapeTech,720009,TTT720009,PISTON CUP AKA WIPER FOR 76TT,AUTOMATIC TT PARTS,0.01,,,,simple,720009,Piston Cup,TapeTech,Replacement Parts,,,,,,720009,1,0.5128,,false,false,,
matched_identifier,sku->SKU,confirmed,TapeTech,729009,TTT729009,"Wiper, U-Cup",AUTOMATIC TT PARTS,0.0225,3,3,1,simple,729009,"Wiper, U-Cup",TapeTech,Replacement Parts,,,,,,729009,1,1.0000,,true,false,,
matched_identifier,sku->SKU,confirmed,TapeTech,729060,TTT729060,O'RING (LARGE),AUTOMATIC TT PARTS,0.0035,2.5,2.5,0.001,simple,729060,TapeTech O-Ring Gasket - Large,TapeTech,Replacement Parts,,,,,,729060,1,0.7742,,true,false,,
matched_identifier,sku->SKU,confirmed,TapeTech,729072,TTT729072,O RING HEAD,AUTOMATIC TT PARTS,0.01,0.1,3,3,simple,729072,TapeTech Head O-Ring,TapeTech,Replacement Parts,,,,,,729072,1,1.0000,,true,false,,
matched_identifier,sku->SKU,confirmed,TapeTech,762011,TTT762011,"FOOT VALVE, UNIVERSAL",AUTOMATIC TT PARTS,0.2,,,,simple,762011,"Foot Valve, Universal",TapeTech,Replacement Parts,,,,,,762011,1,1.0000,,true,false,,
matched_identifier,sku->SKU,confirmed,TapeTech,76XLTT,TTT76XLTT,EXTRA LONG EASYCLEAN LOADING PUMP,AUTOMATIC TT PARTS,13.3875,40.5,8.25,8,variation,76XLTT,TapeTech EasyClean® Pump - Extra Long,TapeTech,,TT-EASYCLEAN-PUMP,13.3875,40.5,8.25,8,76XLTT,1,0.8621,,true,true,1.0000,
matched_identifier,sku->SKU,confirmed,TapeTech,800018F,TTT800018F,CONNECTOR PLATE FOR BOX HANDLE,AUTOMATIC TT PARTS,0.208,6,3,1,simple,800018F,TapeTech Box Handle Notched Connector Plate,TapeTech,Replacement Parts,,,,,,800018F,1,0.8125,,true,false,,
matched_identifier,sku->SKU,confirmed,TapeTech,800021F,TTT800021F,PIN,AUTOMATIC TT PARTS,0.01,,,,simple,800021F,TapeTech Pin,TapeTech,Replacement Parts,,,,,,800021F,1,1.0000,,true,false,,
matched_identifier,sku->SKU,confirmed,TapeTech,800027,TTT800027,SHORT CONNECTOR,AUTOMATIC TT PARTS,0.02,0.01,6.5,0.3,simple,800027,TapeTech Short Connector,TapeTech,Replacement Parts,,,,,,800027,1,1.0000,,true,false,,
matched_identifier,sku->SKU,confirmed,TapeTech,801009,TTT801009,COUPLING PIN (REPAIR ONLY BOX HANDLES),AUTOMATIC TT PARTS,0.006,,,,simple,801009,Coupling Pin (Repair Only Box Handles),TapeTech,Replacement Parts,,,,,,801009,1,1.0000,,true,false,,
matched_identifier,sku->SKU,confirmed,TapeTech,8034TT,TTT8034TT,"34"" BOX HANDLE",AUTOMATIC TAPING TOOLS,3.0785,37,5.75,3,variation,8034TT,"TapeTech Flat Box Handle - 34""",TapeTech,,TT-FLAT-BOX-HANDLE,3.0785,37,5.75,3,8034TT,1,0.8649,,true,true,1.0000,
matched_identifier,sku->SKU,confirmed,TapeTech,804003F,TTT804003F,GRIP ASSEMBLY FOR BOX HANDLE,AUTOMATIC TT PARTS,0.242,2,4.5,1,simple,804003F,TapeTech Grip Assembly For Box Handle,TapeTech,Replacement Parts,,0.242,2,4.5,1,804003F,1,1.0000,,true,false,1.0000,
matched_identifier,sku->SKU,confirmed,TapeTech,8042TT,TTT8042TT,"42"" BOX HANDLE",AUTOMATIC TAPING TOOLS,3.5475,44.5,5.75,6,variation,8042TT,"TapeTech Flat Box Handle - 42""",TapeTech,,TT-FLAT-BOX-HANDLE,3.5475,44.5,5.75,6,8042TT,1,0.8649,,true,true,1.0000,
matched_identifier,sku->SKU,confirmed,TapeTech,8054TT,TTT8054TT,"54"" BOX HANDLE",AUTOMATIC TAPING TOOLS,4.125,56,5.75,3,variation,8054TT,"TapeTech Flat Box Handle - 54""",TapeTech,,TT-FLAT-BOX-HANDLE,4.125,56,5.75,3,8054TT,1,0.8649,,true,true,1.0000,
matched_identifier,sku->SKU,confirmed,TapeTech,8072TT,TTT8072TT,"72"" BOX HANDLE",AUTOMATIC TAPING TOOLS,3.28,74,5.75,3,variation,8072TT,"TapeTech Flat Box Handle - 72""",TapeTech,,TT-FLAT-BOX-HANDLE,3.28,74,5.75,3,8072TT,1,0.8649,,true,true,1.0000,
matched_identifier,sku->SKU,confirmed,TapeTech,808015F,TTT808015F,HING ASSY. UNIVERSAL WITH SERIAL NUMBER,AUTOMATIC TT PARTS,0.61,5.5,2.75,1.25,simple,808015F,"Hing Assy., Universal With Serial Number",TapeTech,Replacement Parts,,,,,,808015F,1,1.0000,,true,false,,
matched_identifier,sku->SKU,confirmed,TapeTech,809011,TTT809011,"5/16-18 x 3/4"" DOG POINT SCREW",AUTOMATIC TT PARTS,0.027,0.15,0.9,1.3,simple,809011,3/4 in x 5/16-18 TapeTech Dog Point Thumbscrew,TapeTech,Replacement Parts,,,,,,809011,1,0.5101,,false,false,,
matched_identifier,sku->SKU,confirmed,TapeTech,811018,TTT811018,CONNECTOR PLATE NOTCHED,AUTOMATIC TT PARTS,1,,,,simple,811018,"Connector Plate, Notched",TapeTech,Replacement Parts,,,,,,811018,1,1.0000,,true,false,,
matched_identifier,sku->SKU,confirmed,TapeTech,8134TT,TTT8134TT,"34"" EASYFINISH BENT BOX HANDLE",AUTOMATIC TAPING TOOLS,3.15,40.5,6.25,6.25,variation,8134TT,"TapeTech EasyFinishTM Box Handle - 34""",TapeTech,,TT-EASYFINISH-BOX-HANDLE,3.15,40.5,6.25,6.25,8134TT,1,0.8852,,true,true,1.0000,
matched_identifier,sku->SKU,confirmed,TapeTech,8142TT,TTT8142TT,"42"" EASYFINISH BENT BOX HANDLE",AUTOMATIC TAPING TOOLS,3.717,48.5,6.25,6,variation,8142TT,"TapeTech EasyFinishTM Box Handle - 42""",TapeTech,,TT-EASYFINISH-BOX-HANDLE,3.717,48.5,6.25,6,8142TT,1,0.8852,,true,true,1.0000,
matched_identifier,sku->SKU,confirmed,TapeTech,8154TT,TTT8154TT,"54"" EASY FINISH BENT BOX HANDLE",AUTOMATIC TAPING TOOLS,4.309,60.5,6,6,variation,8154TT,"TapeTech EasyFinishTM Box Handle - 54""",TapeTech,,TT-EASYFINISH-BOX-HANDLE,4.309,60.5,6,6,8154TT,1,0.8710,,true,true,1.0000,
matched_identifier,sku->SKU,confirmed,TapeTech,8172TT,TTT8172TT,"72"" EASYFINISH BENT BOX HANDLE",AUTOMATIC TAPING TOOLS,3.09,74,5.5,3,variation,8172TT,"TapeTech EasyFinishTM Box Handle - 72""",TapeTech,,TT-EASYFINISH-BOX-HANDLE,3.09,74,5.5,3,8172TT,1,0.8852,,true,true,1.0000,
matched_identifier,sku->SKU,confirmed,TapeTech,819038,TTT819038,Grip Adjuster Spring,AUTOMATIC TT PARTS,0.01,,,,simple,819038,Grip Adjuster Spring,TapeTech,Replacement Parts,,,,,,819038,1,1.0000,,true,false,,
matched_identifier,sku->SKU,confirmed,TapeTech,859016,TTT859016,"RND VINYL CAP BLK 315 ID 2"" TAPETECH",AUTOMATIC TT PARTS,0.01,,,,simple,859016,"TapeTech Round Vinyl Black Cap, .315- ID, 2"" DP",TapeTech,Replacement Parts,,,,,,859016,1,0.8923,,true,false,,
matched_identifier,sku->SKU,confirmed,TapeTech,85XLTT,TTT85XLTT,EXTRA LONG GOOSENECK,AUTOMATIC TT PARTS,1,,,,variation,85XLTT,TapeTech Gooseneck - Extra Long,TapeTech,,TT-GOOSENECK,1,25,6,3,85XLTT,1,1.0000,,true,true,1.0000,
matched_identifier,sku->SKU,confirmed,TapeTech,861014,TTT861014,GOOSENECK SPACER,AUTOMATIC TT PARTS,0.002,0.2,0.6,0.6,simple,861014,Gooseneck Spacer,TapeTech,Replacement Parts,,,,,,861014,1,1.0000,,true,false,,
matched_identifier,sku->SKU,confirmed,TapeTech,880028,TTT880028,Compression Spring,AUTOMATIC TT PARTS,0.01,,,,simple,880028,Compression Spring,TapeTech,Replacement Parts,,,,,,880028,1,1.0000,,true,false,,
matched_identifier,sku->SKU,confirmed,TapeTech,880053,TTT880053,Lock Block,AUTOMATIC TT PARTS,0.006,1,0.02,0.2,simple,880053,Lock Block,TapeTech,Replacement Parts,,,,,,880053,1,1.0000,,true,false,,
matched_identifier,sku->SKU,confirmed,TapeTech,882013,TTT882013,LOCKING PIN,AUTOMATIC TT PARTS,0.003,0.5,0.25,0.25,simple,882013,Locking Pin,TapeTech,Replacement Parts,,,,,,882013,1,1.0000,,true,false,,
matched_identifier,sku->SKU,confirmed,TapeTech,882014,TTT882014,LOCKING CLIP TAPETECH,AUTOMATIC TT PARTS,0.035,0.5,1.25,2,simple,882014,TapeTech Locking Clip,TapeTech,Replacement Parts,,,,,,882014,1,1.0000,,true,false,,
matched_identifier,sku->SKU,confirmed,TapeTech,883020,TTT883020,EXTRUSION INSERT TAPETECH,AUTOMATIC TT PARTS,1,,,,simple,883020,TapeTech Extrusion Insert for XH-TT,TapeTech,Replacement Parts,,,,,,883020,1,0.7619,,true,false,,
matched_identifier,sku->SKU,confirmed,TapeTech,889017,TTT889017,CONICAL SPRING,AUTOMATIC TT PARTS,0.002,0.5,0.1,0.5,simple,889017,Conical Spring,TapeTech,Replacement Parts,,,,,,889017,1,1.0000,,true,false,,
matched_identifier,sku->SKU,confirmed,TapeTech,889035,TTT889035,6-32 x 1/4 PAN HEAD SCREW,AUTOMATIC TT PARTS,0.002,0.5,0.25,0.25,simple,889035,6-32 x 1/4 Pan Head Screw,TapeTech,Replacement Parts,,,,,,889035,1,1.0000,,true,false,,
matched_identifier,sku->SKU,confirmed,TapeTech,889055,TTT889055,Nylon Spacer,AUTOMATIC TT PARTS,0.01,,,,simple,889055,Nylon Spacer,TapeTech,Replacement Parts,,,,,,889055,1,1.0000,,true,false,,
matched_identifier,sku->SKU,confirmed,TapeTech,88TTE,TTT88TTE,FLAT BOX EXTENDER HANDLE,AUTOMATIC TAPING TOOLS,4.144,49,6.5,6,simple,88TTE,TapeTech XTender Finishing Box Handle,TapeTech,Taping & Finishing Tools > Handles & Extensions,,5,40,6,7,88TTE,1,0.5385,,true,true,0.8563,
matched_identifier,sku->SKU,confirmed,TapeTech,BH,TTTBH,BRAKELESS FINISHING BOX HANDLE TAPETECH,AUTOMATIC TAPING TOOLS,2.7455,40.5,6.25,6,variation,BH,"TapeTech Brakeless Box Handle - Fixed 34""",TapeTech,,TT-BRAKELESS-BOX-HANDLE,2.7455,40.5,6.25,6,BH,1,0.7419,,false,true,1.0000,
matched_identifier,sku->SKU,confirmed,TapeTech,BHE,TTTBHE,BRAKELESS FINISHING BOX HDL EXTENDABLE TAPETECH,AUTOMATIC TAPING TOOLS,2.629,40,4,3,variation,BHE,"TapeTech Brakeless Box Handle - Extendable 34""-60""",TapeTech,,TT-BRAKELESS-BOX-HANDLE,2.629,40,4,3,BHE,1,0.7160,,false,true,1.0000,
matched_identifier,sku->SKU,confirmed,TapeTech,BHESW,TTTBHESW,TAPETECH SIDEWINDER BRAKELESS HANDLE,AUTOMATIC TAPING TOOLS,3.147,40.5,6.25,6,variation,BHE-SW,"TapeTech Brakeless Box Handle - Rotational Extendable 34""-60""",TapeTech,,TT-BRAKELESS-BOX-HANDLE,3.147,40.5,6.25,6,BHE-SW,1,0.4938,,false,true,1.0000,
matched_identifier,sku->SKU,confirmed,TapeTech,CA07TT,TTTCA07TT,"7"" CORNER APPLICATOR WITH ADAPTER",AUTOMATIC TAPING TOOLS,3.47,13,10.25,6.5,variation,CA07TT,"TapeTech Corner Applicator - 7""",TapeTech,,TT-CORNER-APPLICATOR,3.47,13,10.25,6.5,CA07TT,1,0.7719,,true,true,1.0000,
matched_identifier,sku->SKU,confirmed,TapeTech,CA08TT,TTTCA08TT,"8"" CORNER APPLICATOR WITH ADAPTER",AUTOMATIC TAPING TOOLS,3.5245,13.25,10.5,6.5,variation,CA08TT,"TapeTech Corner Applicator - 8""",TapeTech,,TT-CORNER-APPLICATOR,3.5245,13.25,10.5,6.5,CA08TT,1,0.7719,,true,true,1.0000,
matched_identifier,sku->SKU,confirmed,TapeTech,CAATT,TTTCAATT,CORNER APPLICATOR ADAPT ER FOR NEW HANDLES,AUTOMATIC TAPING TOOLS,0.6455,10,4,2,variation,CAA-TT,TapeTech Support Handle Adapter - Corner Applicator,TapeTech,,TT-SUPPORT-HANDLE-ADAPTER,0.6455,10,4,2,CAA-TT,1,0.7561,,true,true,1.0000,
matched_identifier,sku->SKU,confirmed,TapeTech,CF25TT,TTTCF25TT,CORNER FLUSHER 2.5 SEMI AUTOMATIC,AUTOMATIC TAPING TOOLS,0.606,7,5,6,variation,CF25TT,"TapeTech Direct Corner Flusher - 2.5""",TapeTech,,TT-DIRECT-CORNER-FLUSHER,0.606,7,5,6,CF25TT,1,0.6557,,true,true,1.0000,
matched_identifier,sku->SKU,confirmed,TapeTech,CF30TT,TTTCF30TT,CORNER FLUSHER 3 SEMI AUTOMATIC,AUTOMATIC TAPING TOOLS,0.6365,10,7,6,variation,CF30TT,"TapeTech Direct Corner Flusher - 3""",TapeTech,,TT-DIRECT-CORNER-FLUSHER,0.6365,10,7,6,CF30TT,1,0.6316,,true,true,1.0000,
matched_identifier,sku->SKU,confirmed,TapeTech,CF35TT,TTTCF35TT,"CORNER FLUSHER 3.5"" SEMI AUTOMATIC TAPETECH",AUTOMATIC TAPING TOOLS,0.55,,,,variation,CF35TT,"TapeTech Direct Corner Flusher - 3.5""",TapeTech,,TT-DIRECT-CORNER-FLUSHER,0.55,7.25,4.25,4.5,CF35TT,1,0.6562,,true,true,1.0000,
matched_identifier,sku->SKU,confirmed,TapeTech,CF40TT,TTTCF40TT,CORNER FLUSHER 4 SEMI AUTOMATIC,AUTOMATIC TAPING TOOLS,0.675,7,6,5,variation,CF40TT,"TapeTech Direct Corner Flusher - 4""",TapeTech,,TT-DIRECT-CORNER-FLUSHER,0.675,7,6,5,CF40TT,1,0.6316,,true,true,1.0000,
matched_identifier,sku->SKU,confirmed,TapeTech,CFATT,TTTCFATT,CORNER FINISHER ADAPTER FOR FHTT/XHTT HANDLES,AUTOMATIC TAPING TOOLS,0.313,9.5,4,1,variation,CFA-TT,TapeTech Support Handle Adapter - Corner Finisher,TapeTech,,TT-SUPPORT-HANDLE-ADAPTER,0.313,9.5,4,1,CFA-TT,1,0.7711,,true,true,1.0000,
matched_identifier,sku->SKU,confirmed,TapeTech,CH55TT,TTTCH55TT,CORNICE HEAD 55MM TAPETECH,AUTOMATIC TT PARTS,0.6025,7,6,5,variation,CH55TT,TapeTech Cove Applicator Head - 55 mm,TapeTech,,TT-COVE-APPLICATOR-HEAD,0.6025,7,6,5,CH55TT,1,0.3581,,false,true,1.0000,
matched_identifier,sku->SKU,confirmed,TapeTech,CH75TT,TTTCH75TT,CORNICE HEAD 75MM TAPETECH,AUTOMATIC TT PARTS,1.04,10,7,6,variation,CH75TT,TapeTech Cove Applicator Head - 75 mm,TapeTech,,TT-COVE-APPLICATOR-HEAD,1.04,10,7,6,CH75TT,1,0.3581,,false,true,1.0000,
matched_identifier,sku->SKU,confirmed,TapeTech,CH83TT,TTTCH83TT,CORNICE HEAD 83MM TAPETECH,AUTOMATIC TT PARTS,0.767,6,5,5,variation,CH83TT,TapeTech Cove Applicator Head - 83 mm,TapeTech,,TT-COVE-APPLICATOR-HEAD,0.767,6,5,5,CH83TT,1,0.3581,,false,true,1.0000,
matched_identifier,sku->SKU,confirmed,TapeTech,CH90TT,TTTCH90TT,CORNICE HEAD 90MM TAPETECH,AUTOMATIC TT PARTS,0.818,5,7,5.5,variation,CH90TT,TapeTech Cove Applicator Head - 90 mm,TapeTech,,TT-COVE-APPLICATOR-HEAD,0.818,5,7,5.5,CH90TT,1,0.3581,,false,true,1.0000,
matched_identifier,sku->SKU,confirmed,TapeTech,CT24TT,TTTCT24TT,COMPOUND TUBE 24 FOR CORNER FLUSHERS,AUTOMATIC TAPING TOOLS,2.3545,33,4.5,4.5,variation,CT24TT,"TapeTech Compound Tube - 24""",TapeTech,,TT-COMPOUND-TUBE,2.3545,33,4.5,4.5,CT24TT,1,0.6545,,true,true,1.0000,
matched_identifier,sku->SKU,confirmed,TapeTech,CT36TT,TTTCT36TT,COMPOUND TUBE 36 FOR CORNER FLUSHERS,AUTOMATIC TAPING TOOLS,3.016,48.5,4.25,4,variation,CT36TT,"TapeTech Compound Tube - 36""",TapeTech,,TT-COMPOUND-TUBE,3.016,48.5,4.25,4,CT36TT,1,0.6545,,true,true,1.0000,
matched_identifier,sku->SKU,confirmed,TapeTech,CT42TT,TTTCT42TT,"COMPOUND TUBE 42"" FOR CORNER FLUSHERS",AUTOMATIC TAPING TOOLS,3.6845,50.5,5.25,5.25,variation,CT42TT,"TapeTech Compound Tube - 42""",TapeTech,,TT-COMPOUND-TUBE,3.6845,50.5,5.25,5.25,CT42TT,1,0.6552,,true,true,1.0000,
matched_identifier,sku->SKU,confirmed,TapeTech,CTA01TT,TTTCTA01TT,COMPOUND TUBE FILLER ADAPTER,AUTOMATIC TT PARTS,1,,,,simple,CTA01TT,TapeTech Compound Tube Filler Adapter,TapeTech,"Box Fillers & Adapters, Taping & Finishing Tools > Goosenecks",,1,5,6.7,34.25,CTA01TT,1,1.0000,,true,false,1.0000,
matched_identifier,sku->SKU,confirmed,TapeTech,EALFED48,TTTEALFED48,TAPETECH 4' ALUMINUM FEATHEREDGE,"DARBIES, FEATHEREDGES",2.748,48,5,1.5,simple,EALFED48,TapeTech 4′ Aluminum Featheredge,TapeTech,Replacement Parts,,,,,,EALFED48,1,1.0000,,true,false,,
matched_identifier,sku->SKU,confirmed,TapeTech,EALFED60,TTTEALFED60,TAPETECH 5' ALUMINUM FEATHEREDGE,"DARBIES, FEATHEREDGES",3.4825,59.25,4.5,1,simple,EALFED60,TapeTech 5′ Aluminum Featheredge,TapeTech,Replacement Parts,,,,,,EALFED60,1,1.0000,,true,false,,
matched_identifier,sku->SKU,confirmed,TapeTech,EALFED72,TTTEALFED72,TAPETECH 6' ALUMINUM FEATHEREDGE,"DARBIES, FEATHEREDGES",4.0985,71,4.5,1,simple,EALFED72,TapeTech 6′ Aluminum Featheredge,TapeTech,Replacement Parts,,,,,,EALFED72,1,1.0000,,true,false,,
matched_identifier,sku->SKU,confirmed,TapeTech,EZ07TT,TTTEZ07TT,"7"" EASYCLEAN FINISHING BOX W/EASY ROLL WHEELS",AUTOMATIC TAPING TOOLS,3.1695,12,8.25,5.75,variation,EZ07TT,"TapeTech EasyClean® Finishing Box - 7""",TapeTech,,TT-EASYCLEAN-FINISHING-BOX,3.1695,12,8.25,5.75,EZ07TT,1,0.7467,,true,true,1.0000,
matched_identifier,sku->SKU,confirmed,TapeTech,EZ10TT,TTTEZ10TT,"10"" EASYCLEAN FINISHING BOX W/EASY ROLL WHEELS",AUTOMATIC TAPING TOOLS,3.6485,12,8.25,5.5,variation,EZ10TT,"TapeTech EasyClean® Finishing Box - 10""",TapeTech,,TT-EASYCLEAN-FINISHING-BOX,3.6485,12,8.25,5.5,EZ10TT,1,0.7532,,true,true,1.0000,
matched_identifier,sku->SKU,confirmed,TapeTech,EZ12TT,TTTEZ12TT,"12"" EASYCLEAN FINISHING BOX W/EASY ROLL WHEELS",AUTOMATIC TAPING TOOLS,4.6315,15,10.5,6.5,variation,EZ12TT,"TapeTech EasyClean® Finishing Box - 12""",TapeTech,,TT-EASYCLEAN-FINISHING-BOX,4.6315,15,10.5,6.5,EZ12TT,1,0.7532,,true,true,1.0000,
matched_identifier,sku->SKU,confirmed,TapeTech,EZ15TT,TTTEZ15TT,"15"" EASYCLEAN FINISHING BOX W/EASY ROLL WHEELS",AUTOMATIC TAPING TOOLS,5.153,18,8.25,6.5,variation,EZ15TT,"TapeTech EasyClean® Finishing Box - 15""",TapeTech,,TT-EASYCLEAN-FINISHING-BOX,5.153,18,8.25,6.5,EZ15TT,1,0.7532,,true,true,1.0000,
matched_identifier,sku->SKU,confirmed,TapeTech,FHTT,TTTFHTT,HANDLE FIBERGLASS SUPPORT INTERCHANGEABLE,AUTOMATIC TAPING TOOLS,1.5485,46,2,2,variation,FHTT,TapeTech Support Handle - Fiberglass,TapeTech,,TT-SUPPORT-HANDLE,1.5485,46,2,2,FHTT,1,0.7576,,true,true,1.0000,
matched_identifier,sku->SKU,confirmed,TapeTech,FHTTCC,TTTFHTTCC,CLOSET CRUSHER SUPPORT HANDLE TAPETECH,AUTOMATIC TAPING TOOLS,0.99,,,,variation,FHTT-CC,TapeTech Support Handle - Closet Crusher Fiberglass,TapeTech,,TT-SUPPORT-HANDLE,0.99,30,2.25,2.25,FHTT-CC,1,0.8406,,true,true,1.0000,
matched_identifier,sku->SKU,confirmed,TapeTech,MR01TT,TTTMR01TT,TAPETECH MUDRUNNER PRO,AUTOMATIC TAPING TOOLS,7.6625,57,6.5,6.25,variation,MR01TT,TapeTech MudRunner® Compound Applicator - Pro,TapeTech,,TT-MUDRUNNER,7.6625,57,6.5,6.25,MR01TT,1,0.5652,,true,true,1.0000,
matched_identifier,sku->SKU,confirmed,TapeTech,MRX01TT,TTTMRX01TT,TAPETECH MUDRUNNER PRO EXTENSION,AUTOMATIC TAPING TOOLS,1.2385,2.5,3.5,13,simple,MRX01TT,TapeTech Extension,TapeTech,Taping & Finishing Tools > Handles & Extensions,,1.2385,2.5,3.5,13,MRX01TT,1,0.5625,,true,true,1.0000,
matched_identifier,sku->SKU,confirmed,TapeTech,NS02TT,TTTNS02TT,"2"" EASYCLEAN NAIL SPOTTER W/ADAPTER",AUTOMATIC TAPING TOOLS,1.416,7,5.5,4.5,variation,NS02TT,"TapeTech Nail Spotter - 2""",TapeTech,,TT-NAIL-SPOTTER,1.416,7,5.5,4.5,NS02TT,1,0.6296,,true,true,1.0000,
matched_identifier,sku->SKU,confirmed,TapeTech,NS03TT,TTTNS03TT,"3"" EASYCLEAN NAIL SPOTTER W/ADAPTER",AUTOMATIC TAPING TOOLS,2.092,10,6.25,5.5,variation,NS03TT,"TapeTech Nail Spotter - 3""",TapeTech,,TT-NAIL-SPOTTER,2.092,10,6.25,5.5,NS03TT,1,0.6296,,true,true,1.0000,
matched_identifier,sku->SKU,confirmed,TapeTech,NSATT,TTTNSATT,NAIL SPOTTER ADAPTER FOR NEW HANDLES,AUTOMATIC TAPING TOOLS,0.125,4,3,1,variation,NSA-TT,TapeTech Support Handle Adapter - Nail Spotter,TapeTech,,TT-SUPPORT-HANDLE-ADAPTER,0.125,4,3,1,NSA-TT,1,0.7606,,true,true,1.0000,
matched_identifier,sku->SKU,confirmed,TapeTech,PAHC07,TTTPAHC07,POWER ASSIST MAXXBOX 7 FINISHING BOX,AUTOMATIC TAPING TOOLS,4.383,13,10,6,variation,PAHC07,"TapeTech Power Assist® MaxxBox® Finishing Box - 7""",TapeTech,,TT-POWER-ASSIST-MAXXBOX-FINISHING-BOX,4.383,13,10,6,PAHC07,1,0.9600,,true,true,1.0000,
matched_identifier,sku->SKU,confirmed,TapeTech,PAHC10,TTTPAHC10,POWER ASSIST MAXXBOX 10 FINISHING BOX,AUTOMATIC TAPING TOOLS,4.66,,,,variation,PAHC10,"TapeTech Power Assist® MaxxBox® Finishing Box - 10""",TapeTech,,TT-POWER-ASSIST-MAXXBOX-FINISHING-BOX,4.66,12,8,6,PAHC10,1,0.9610,,true,true,1.0000,
matched_identifier,sku->SKU,confirmed,TapeTech,PAHC12,TTTPAHC12,POWER ASSIST MAXXBOX 12 FINISHING BOX,AUTOMATIC TAPING TOOLS,5.4325,10,15,7,variation,PAHC12,"TapeTech Power Assist® MaxxBox® Finishing Box - 12""",TapeTech,,TT-POWER-ASSIST-MAXXBOX-FINISHING-BOX,5.4325,10,15,7,PAHC12,1,0.9610,,true,true,1.0000,
matched_identifier,sku->SKU,confirmed,TapeTech,QB06QSX,TTTQB06QSX,QUICKBOX QSX 6.5#,AUTOMATIC TAPING TOOLS,2.094,9.24,8.5,6.48,variation,QB06-QSX,"TapeTech QuickBox® QSX Finishing Box - 6.5""",TapeTech,,TT-QUICKBOX-QSX-FINISHING-BOX,2.094,9.24,8.5,6.48,QB06-QSX,1,0.6531,,true,true,1.0000,
matched_identifier,sku->SKU,confirmed,TapeTech,QB08QSX,TTTQB08QSX,QUICKBOX 8.5 FINISHING BOX,AUTOMATIC TAPING TOOLS,2.3805,12,9,6,variation,QB08-QSX,"TapeTech QuickBox® QSX Finishing Box - 8.5""",TapeTech,,TT-QUICKBOX-QSX-FINISHING-BOX,2.3805,12,9,6,QB08-QSX,1,0.8814,,true,true,1.0000,
matched_identifier,sku->SKU,confirmed,TapeTech,QCATT,TTTQCATT,QUICK CONNECT ADAPTER,AUTOMATIC TT PARTS,1,,,,simple,QCATT,Quick-Connect Adapter,TapeTech,Replacement Parts,,,,,,QCATT,1,1.0000,,true,false,,
matched_identifier,sku->SKU,confirmed,TapeTech,SCP001WD,TTTSCP001WD,"TAPETECH 7""X13"" GALVANIZ STEEL BUCKET SCOOP",HAWKS,1.51,14,7.25,4,simple,SCP001WD,"TapeTech 7""X13"" Galvaniz Steel Bucket Scoop",TapeTech,Replacement Parts,,,,,,SCP001WD,1,1.0000,,true,false,,
matched_identifier,sku->SKU,confirmed,TapeTech,XHTT,TTTXHTT,HANDLE EXTENDABLE SUPPORT INTERCHANGEABLE,AUTOMATIC TAPING TOOLS,2.553,46,2,2,variation,XHTT,TapeTech Support Handle - Extension,TapeTech,,TT-SUPPORT-HANDLE,2.553,46,2,2,XHTT,1,0.6154,,true,true,1.0000,
matched_identifier,sku->SKU,confirmed,USG Sheetrock Tools,030250,USG030250,USG ACOUSTICAL SEALANT 29 OZ.,CAULKING,3.16,3,3,16,simple,030250,USG Sheetrock Acoustical Sealant,USG Sheetrock Tools,,,3.16,3,3,16,030250,1,0.7333,,false,true,1.0000,
matched_identifier,sku->SKU,confirmed,USG Sheetrock Tools,114CDWS5,USG114CDWS5,"#6 X 1-1/4"" COARSE DRYWALL W/ TENZ [5LB]",SCREWS,5.404,4.5,6.89,6.3,simple,114CDWS5,"USG Sheetrock Tools #6 X 1-1/4"" Textured Head, Coarse Thread Drywall Screw w/ TENZ [5LB]",USG Sheetrock Tools,,,5.404,4.5,6.89,6.3,114CDWS5,1,0.6000,,true,true,1.0000,
matched_identifier,sku->SKU,confirmed,USG Sheetrock Tools,114CDWS8M,USG114CDWS8M,"#6 X 1-1/4"" COARSE DRYWALL W/ TENZ [BULK]",SCREWS,29.32,9.84,10.51,5.51,simple,114CDWS8M,"USG Sheetrock Tools #6 X 1-1/4"" Textured Head, Coarse Thread Drywall Screw w/ TENZ [Bulk]",USG Sheetrock Tools,,,29.32,9.84,10.51,5.51,114CDWS8M,1,0.6019,,true,true,1.0000,
matched_identifier,sku->SKU,confirmed,USG Sheetrock Tools,114FDWS5,USG114FDWS5,"#6 X 1-1/4"" FINE THREAD DRYWALL SCREW [5LB]",SCREWS,5.39,7.5,6,5,simple,114FDWS5,"USG Sheetrock Tools 6 X 1-1/4"" Textured Head, Fine Thread Drywall Screw [5LB]",USG Sheetrock Tools,,,5.39,7.5,6,5,114FDWS5,1,0.7083,,true,true,1.0000,
matched_identifier,sku->SKU,confirmed,USG Sheetrock Tools,114FDWS8M,USG114FDWS8M,"#6 X 1-1/4"" FINE THREAD DRYWALL SCREW [BULK]",SCREWS,29.24,9.84,10.51,5.51,simple,114FDWS8M,"6 X 1-1/4"" Textured Head, Fine Thread Drywall Screw [Bulk]",USG Sheetrock Tools,,,29.24,9.84,10.51,5.51,114FDWS8M,1,0.8333,,true,true,1.0000,
matched_identifier,sku->SKU,confirmed,USG Sheetrock Tools,114SDSZ5,USG114SDSZ5,"#6 X 1-1/4"" BUGLE HEAD SELF DRILL DRYWALL [5LB]",SCREWS,5.3935,4.5,6.89,6.3,simple,114SDSZ5,"USG Sheetrock Tools #6 X 1-1/4"" Textured Bugle Head, Self Drill Drywall Screw [5LB]",USG Sheetrock Tools,,,5.3935,4.5,6.89,6.3,114SDSZ5,1,0.7238,,true,true,1.0000,
matched_identifier,sku->SKU,confirmed,USG Sheetrock Tools,114SDSZ8M,USG114SDSZ8M,"#6 X 1-1/4"" BUGLE HEAD SELF DRILL DW [BULK]",SCREWS,32.94,9.84,10.51,5.51,simple,114SDSZ8M,"USG Sheetrock Tools #6 X 1-1/4"" Textured Bugle Head, Self Drill Drywall Screw [Bulk]",USG Sheetrock Tools,,,32.94,9.84,10.51,5.51,114SDSZ8M,1,0.7455,,true,true,1.0000,
matched_identifier,sku->SKU,confirmed,USG Sheetrock Tools,118SDSZ5,USG118SDSZ5,"#6 X 1-1/8"" BUGLE HEAD SELF DRILL DRYWALL [5LB]",SCREWS,5.2,4.5,6.89,6.3,simple,118SDSZ5,"USG Sheetrock Tools #6 X 1-1/8"" Textured Bugle Head, Self Drill Drywall Screw [5LB]",USG Sheetrock Tools,,,5.2,4.5,6.89,6.3,118SDSZ5,1,0.7238,,true,true,1.0000,
matched_identifier,sku->SKU,confirmed,USG Sheetrock Tools,158CDWS5,USG158CDWS5,"#6 X 1-5/8"" COARSE DRYWALL W/ TENZ [5LB]",SCREWS,5.4215,4.5,6.89,6.3,simple,158CDWS5,"USG Sheetrock Tools #6 X 1-5/8"" Textured Head, Coarse Thread Drywall Screw w/ TENZ [5LB]",USG Sheetrock Tools,,,5.4215,4.5,6.89,6.3,158CDWS5,1,0.6250,,true,true,1.0000,
matched_identifier,sku->SKU,confirmed,USG Sheetrock Tools,158CDWS5M,USG158CDWS5M,"#6 X 1-5/8"" COARSE DRYWALL W/ TENZ [BULK]",SCREWS,22.8,9.84,10.51,5.51,simple,158CDWS5M,"USG Sheetrock Tools #6 X 1-5/8"" Textured Head, Coarse Thread Drywall Screw w/ TENZ [Bulk]",USG Sheetrock Tools,,,22.8,9.84,10.51,5.51,158CDWS5M,1,0.6250,,true,true,1.0000,
matched_identifier,sku->SKU,confirmed,USG Sheetrock Tools,158FDWS5,USG158FDWS5,"#6 X 1-5/8"" FINE THREAD DRYWALL SCREW [5LB]",SCREWS,5.2,4.5,6.89,6.3,simple,158FDWS5,"6 X 1-5/8"" Textured Head, Fine Thread Drywall Screw [5LB]",USG Sheetrock Tools,,,5.2,4.5,6.89,6.3,158FDWS5,1,0.8333,,true,true,1.0000,
matched_identifier,sku->SKU,confirmed,USG Sheetrock Tools,158FDWS5M,USG158FDWS5M,"#6 X 1-5/8"" FINE THREAD DRYWALL SCREW [BULK]",SCREWS,23.05,9.84,10.51,5.51,simple,158FDWS5M,"6 X 1-5/8"" Textured Head, Fine Thread Drywall Screw [Bulk]",USG Sheetrock Tools,,,23.05,9.84,10.51,5.51,158FDWS5M,1,0.8333,,true,true,1.0000,
matched_identifier,sku->SKU,confirmed,USG Sheetrock Tools,158SDSZ5,USG158SDSZ5,"#6 X 1-5/8"" BUGLE HEAD SELF DRILL DRYWALL [5LB]",SCREWS,5.3895,7,5.5,5,simple,158SDSZ5,"USG Sheetrock Tools #6 X 1-5/8"" Textured Bugle Head, Self Drill Drywall Screw [5LB]",USG Sheetrock Tools,,,5.3895,7,5.5,5,158SDSZ5,1,0.7333,,true,true,1.0000,
matched_identifier,sku->SKU,confirmed,USG Sheetrock Tools,158SDSZ5M,USG158SDSZ5M,"#6 X 1-5/8"" BUGLE HEAD SELF DRILL DW [BULK]",SCREWS,25,9.84,10.51,5.51,simple,158SDSZ5M,"USG Sheetrock Tools #6 X 1-5/8"" Textured Bugle Head, Self Drill Drywall Screw [Bulk]",USG Sheetrock Tools,,,25,9.84,10.51,5.51,158SDSZ5M,1,0.7455,,true,true,1.0000,
matched_identifier,sku->SKU,confirmed,USG Sheetrock Tools,178SDSZ4M,USG178SDSZ4M,"#6 X 1-7/8"" BUGLE HEAD SELF DRILL DW [BULK]",SCREWS,23,9.84,10.51,5.51,simple,178SDSZ4M,"USG Sheetrock Tools #6 X 1-7/8"" Textured Bugle Head, Self Drill Drywall Screw [Bulk]",USG Sheetrock Tools,,,23,9.84,10.51,5.51,178SDSZ4M,1,0.7455,,true,true,1.0000,
matched_identifier,sku->SKU,confirmed,USG Sheetrock Tools,178SDSZ5,USG178SDSZ5,"#6 X 1-7/8"" BUGLE HEAD SELF DRILL DRYWALL [5LB]",SCREWS,5.2,4.5,6.89,6.3,simple,178SDSZ5,"USG Sheetrock Tools #6 X 1-7/8"" Textured Bugle Head, Self Drill Drywall Screw [5LB]",USG Sheetrock Tools,,,5.2,4.5,6.89,6.3,178SDSZ5,1,0.7333,,true,true,1.0000,
matched_identifier,sku->SKU,confirmed,USG Sheetrock Tools,1CDWS5,USG1CDWS5,"#6 X 1"" COARSE DRYWALL W/ TENZ [5LB]",SCREWS,5.2,4.5,6.89,6.3,simple,1CDWS5,"USG Sheetrock Tools #6 X 1"" Textured Head, Coarse Thread Drywall Screw w/ TENZ [5LB]",USG Sheetrock Tools,,,5.2,4.5,6.89,6.3,1CDWS5,1,0.5714,,true,true,1.0000,
matched_identifier,sku->SKU,confirmed,USG Sheetrock Tools,1FDWS10M,USG1FDWS10M,"#6 X 1"" FINE THREAD DRYWALL SCREW [BULK]",SCREWS,31.4,9.84,10.51,5.51,simple,1FDWS10M,"USG Sheetrock Tools 6 X 1"" Textured Head, Fine Thread Drywall Screw [Bulk]",USG Sheetrock Tools,,,31.4,9.84,10.51,5.51,1FDWS10M,1,0.6889,,true,true,1.0000,
matched_identifier,sku->SKU,confirmed,USG Sheetrock Tools,212CDWS25M,USG212CDWS25M,"#8 X 2-1/2"" COARSE DRYWALL W/ TENZ [BULK]",SCREWS,18.64,9.84,10.51,5.51,simple,212CDWS25M,"USG Sheetrock Tools 8 X 2-1/2"" Textured Head, Coarse Thread Drywall Screw w/ TENZ [Bulk]",USG Sheetrock Tools,,,18.64,9.84,10.51,5.51,212CDWS25M,1,0.6019,,true,true,1.0000,
matched_identifier,sku->SKU,confirmed,USG Sheetrock Tools,212CDWS5,USG212CDWS5,"#8 X 2-1/2"" COARSE DRYWALL W/ TENZ [5LB]",SCREWS,5.2,4.5,6.89,6.3,simple,212CDWS5,"USG Sheetrock 8 X 2-1/2"" Textured Head, Coarse Thread Drywall Screw w/ TENZ [5lbs.]",USG Sheetrock Tools,,,5.2,4.5,6.89,6.3,212CDWS5,1,0.3235,,false,true,1.0000,
matched_identifier,sku->SKU,confirmed,USG Sheetrock Tools,212FDWS25M,USG212FDWS25M,"#8 X 2-1/2"" FINE THREAD DRYWALL SCREW [BULK]",SCREWS,22.25,9.84,10.51,5.51,simple,212FDWS25M,"USG Sheetrock Tools 8 X 2-1/2"" Textured Head, Fine Thread Drywall Screw [Bulk]",USG Sheetrock Tools,,,22.25,9.84,10.51,5.51,212FDWS25M,1,0.7143,,true,true,1.0000,
matched_identifier,sku->SKU,confirmed,USG Sheetrock Tools,212FDWS5,USG212FDWS5,"#8 X 2-1/2"" FINE THREAD DRYWALL SCREW [5LB]",SCREWS,5.2,4.5,6.89,6.3,simple,212FDWS5,"USG Sheetrock Tools 8 X 2-1/2"" Textured Head, Fine Thread Drywall Screw [5LB]",USG Sheetrock Tools,,,5.2,4.5,6.89,6.3,212FDWS5,1,0.7083,,true,true,1.0000,
matched_identifier,sku->SKU,confirmed,USG Sheetrock Tools,238SDSZ3M,USG238SDSZ3M,"#8 X 2-3/8"" BUGLE HEAD SELF DRILL DW [BULK]",SCREWS,29.1,9.84,10.51,5.51,simple,238SDSZ3M,"USG Sheetrock Tools #8 X 2-3/8"" Textured Bugle Head, Self Drill Drywall Screw [Bulk]",USG Sheetrock Tools,,,29.1,9.84,10.51,5.51,238SDSZ3M,1,0.7455,,true,true,1.0000,
matched_identifier,sku->SKU,confirmed,USG Sheetrock Tools,238SDSZ5,USG238SDSZ5,"#8 X 2-3/8"" BUGLE HEAD SELF DRILL DRYWALL [5LB]",SCREWS,5.2,4.5,6.89,6.3,simple,238SDSZ5,"USG Sheetrock Tools #8 X 2-3/8"" Textured Bugle Head, Self Drill Drywall Screw [5LB]",USG Sheetrock Tools,,,5.2,4.5,6.89,6.3,238SDSZ5,1,0.7238,,true,true,1.0000,
matched_identifier,sku->SKU,confirmed,USG Sheetrock Tools,258SDSZ2M,USG258SDSZ2M,"#8 X 2-5/8"" BUGLE HEAD SELF DRILL DW [BULK]",SCREWS,21.8,9.84,10.51,5.51,simple,258SDSZ2M,"USG Sheetrock Tools #8 X 2-5/8"" Textured Bugle Head, Self Drill Drywall Screw [Bulk]",USG Sheetrock Tools,,,21.8,9.84,10.51,5.51,258SDSZ2M,1,0.7455,,true,true,1.0000,
matched_identifier,sku->SKU,confirmed,USG Sheetrock Tools,258SDSZ5,USG258SDSZ5,"#8 X 2-5/8"" BUGLE HEAD SELF DRILL DRYWALL [5LB]",SCREWS,5.2,4.5,6.89,6.3,simple,258SDSZ5,"USG Sheetrock Tools #8 X 2-5/8"" Textured Bugle Head, Self Drill Drywall Screw [5LB]",USG Sheetrock Tools,,,5.2,4.5,6.89,6.3,258SDSZ5,1,0.7238,,true,true,1.0000,
matched_identifier,sku->SKU,confirmed,USG Sheetrock Tools,2CDWS5,USG2CDWS5,"#6 X 2"" COARSE DRYWALL W/ TENZ [5LB]",SCREWS,5.389,4.5,6.89,6.3,simple,2CDWS5,"USG Sheetrock Tools #6 X 2"" Textured Head, Coarse Thread Drywall Screw w/ TENZ [5LB]",USG Sheetrock Tools,,,5.389,4.5,6.89,6.3,2CDWS5,1,0.5714,,true,true,1.0000,
matched_identifier,sku->SKU,confirmed,USG Sheetrock Tools,2FDWS35M,USG2FDWS35M,"#6 X 2"" FINE THREAD DRYWALL SCREW [BULK]",SCREWS,18.125,10.5,10.25,6,simple,2FDWS35M,"USG Sheetrock Tools #6 X 2"" Textured Head, Fine Thread Drywall Screw [Bulk]",USG Sheetrock Tools,,,18.125,10.5,10.25,6,2FDWS35M,1,0.6889,,true,true,1.0000,
matched_identifier,sku->SKU,confirmed,USG Sheetrock Tools,2FDWS5,USG2FDWS5,"#6 X 2"" FINE THREAD DRYWALL SCREW [5LB]",SCREWS,5.2,4.5,6.89,6.3,simple,2FDWS5,"USG Sheetrock Tools #6 X 2"" Textured Head, Fine Thread Drywall Screw [5LB]",USG Sheetrock Tools,,,5.2,4.5,6.89,6.3,2FDWS5,1,0.6818,,true,true,1.0000,
matched_identifier,sku->SKU,confirmed,USG Sheetrock Tools,340310,USG340310,PAPER FACE BEAD CORNER ROLLER 90 DEGREE,CORNER ROLLERS,2.356,56,4.5,5,simple,340310,USG Sheetrock Tools 90 Degree Outside Corner Paper Face Bead Roller,USG Sheetrock Tools,,,2.356,56,4.5,5,340310,1,0.7800,,true,true,1.0000,
matched_identifier,sku->SKU,confirmed,USG Sheetrock Tools,340311,USG340311,PAPER FACE BEAD HOPPER,"SPRAYER, GUN & HOPPER",9.21875,16,16,19,simple,340311,USG Sheetrock Tools Paper Face Bead Hopper,USG Sheetrock Tools,,,9.21875,16,16,19,340311,1,0.7586,,true,true,1.0000,
matched_identifier,sku->SKU,confirmed,USG Sheetrock Tools,340316,USG340316,HOPPER GATE OUTSIDE BULLNOSE,"SPRAYER, GUN & HOPPER",0.05,,,,simple,340316,USG Sheetrock Tools Paper Face Bead Hopper Gate - Outside Bullnose,USG Sheetrock Tools,,,0.05,,,,340316,1,0.6512,,true,true,1.0000,
matched_identifier,sku->SKU,confirmed,USG Sheetrock Tools,340317,USG340317,HOPPER GATE INSIDE 90,"SPRAYER, GUN & HOPPER",0.066,4,4,1,simple,340317,USG Sheetrock Tools Paper Face Bead Hopper Gate - Inside 90 Degree,USG Sheetrock Tools,,,0.066,4,4,1,340317,1,0.5316,,true,true,1.0000,
matched_identifier,sku->SKU,confirmed,USG Sheetrock Tools,340318,USG340318,HOPPER GATE OUTSIDE 90,"SPRAYER, GUN & HOPPER",0.074,3.5,3.5,0.5,simple,340318,USG Sheetrock Tools Paper Face Bead Hopper Gate - Outside 90 Degree,USG Sheetrock Tools,,,0.074,3.5,3.5,0.5,340318,1,0.5432,,true,true,1.0000,
matched_identifier,sku->SKU,confirmed,USG Sheetrock Tools,340401,USG340401,"10"" MATRIX SS MUD PAN W/ REINFORCED BAND","MUD PANS, STEEL",1.3525,4.25,12,4,simple,340401,10 in USG Sheetrock Tools MATRIX Stainless Steel Mud Pan,USG Sheetrock Tools,,,1.3525,4.25,12,4,340401,1,0.6154,,true,true,1.0000,
matched_identifier,sku->SKU,confirmed,USG Sheetrock Tools,340402,USG340402,"12"" MATRIX SS MUD PAN W/ REINFORCED BAND","MUD PANS, STEEL",1.4955,14,4.5,3.5,simple,340402,12 in USG Sheetrock Tools MATRIX Stainless Steel Mud Pan,USG Sheetrock Tools,,,1.4955,14,4.5,3.5,340402,1,0.6154,,true,true,1.0000,
matched_identifier,sku->SKU,confirmed,USG Sheetrock Tools,340403,USG340403,"14"" MATRIX SS MUD PAN W/ REINFORCED BAND","MUD PANS, STEEL",1.677,16,5,3.5,simple,340403,14 in USG Sheetrock Tools MATRIX Stainless Steel Mud Pan,USG Sheetrock Tools,,,1.677,16,5,3.5,340403,1,0.6154,,true,true,1.0000,
matched_identifier,sku->SKU,confirmed,USG Sheetrock Tools,340404,USG340404,"8"" MUD PAN GRIP","MUD PANS, STEEL",0.276,7,8,0.1,simple,340404,8 in USG Sheetrock Tools Mud Pan Grip,USG Sheetrock Tools,,,0.276,7,8,0.1,340404,1,0.7143,,true,true,1.0000,
matched_identifier,sku->SKU,confirmed,USG Sheetrock Tools,340405,USG340405,"10"" CLASSIC SS MUD PAN","MUD PANS, STEEL",1.114,4,12,3,simple,340405,10 in USG Sheetrock Tools Classic Stainless Steel Drywall Mud Pan,USG Sheetrock Tools,,,1.114,4,12,3,340405,1,0.6400,,true,true,1.0000,
matched_identifier,sku->SKU,confirmed,USG Sheetrock Tools,340406,USG340406,"12"" CLASSIC SS MUD PAN","MUD PANS, STEEL",1.249,14,4,3.5,simple,340406,12 in USG Sheetrock Tools Classic Stainless Steel Drywall Mud Pan,USG Sheetrock Tools,,,1.249,14,4,3.5,340406,1,0.6400,,true,true,1.0000,
matched_identifier,sku->SKU,confirmed,USG Sheetrock Tools,340407,USG340407,"14"" CLASSIC SS MUD PAN","MUD PANS, STEEL",1.418,16,4.25,3.5,simple,340407,14 in USG Sheetrock Tools Classic Stainless Steel Drywall Mud Pan,USG Sheetrock Tools,,,1.418,16,4.25,3.5,340407,1,0.6400,,true,true,1.0000,
matched_identifier,sku->SKU,confirmed,USG Sheetrock Tools,340413,USG340413,"30"" MUD MIXER","MIXERS, POWER",2.9325,36,7.5,7.5,simple,340413,30 in USG Sheetrock Tools Mud Mixer,USG Sheetrock Tools,,,2.9325,36,7.5,7.5,340413,1,0.6818,,true,true,1.0000,
matched_identifier,sku->SKU,confirmed,USG Sheetrock Tools,340414,USG340414,"6"" JAB SAW",SAW UTILITY,0.229,13.5,2.75,1,simple,340414,6 in USG Sheetrock Tools Jab Saw,USG Sheetrock Tools,,,0.229,13.5,2.75,1,340414,1,0.6667,,true,true,1.0000,
matched_identifier,sku->SKU,confirmed,USG Sheetrock Tools,340416,USG340416,"48"" T-SQUARE",T-SQUARES,2.40625,49.5,22,1,simple,340416,48 in USG Sheetrock Tools Heavy Duty T-Square,USG Sheetrock Tools,,,2.40625,49.5,22,1,340416,1,0.5283,,true,true,1.0000,
matched_identifier,sku->SKU,confirmed,USG Sheetrock Tools,340417,USG340417,"54"" T-SQUARE",T-SQUARES,3,59,23,1.5,simple,340417,54 in USG Sheetrock Tools Heavy Duty T-Square,USG Sheetrock Tools,,,3,59,23,1.5,340417,1,0.5283,,true,true,1.0000,
matched_identifier,sku->SKU,confirmed,USG Sheetrock Tools,340800,USG340800,THE DIMPLER,POWER TOOL TIPS HOLDERS,0.146,4,3,1,simple,340800,USG Sheetrock Tools The Dimpler Screw Setting Tool [Box of 10],USG Sheetrock Tools,,,0.146,4,3,1,340800,1,0.3667,,false,true,1.0000,
matched_identifier,sku->SKU,confirmed,USG Sheetrock Tools,340925,USG340925,"18""-30"" MAGNESIUM STILTS SHEETROCK TOOLS",STILTS GENERAL,16.96875,12.25,9.5,25.75,variation,340925,"USG Sheetrock Tools 18""-30"" Professional Magnesium Drywall Stilts",USG Sheetrock Tools,,USG-MAGNESIUM-STILTS,16.96875,12.25,9.5,25.75,340925,1,0.7848,,true,true,1.0000,
matched_identifier,sku->SKU,confirmed,USG Sheetrock Tools,340926,USG340926,"24""-40"" MAGNESIUM STILTS SHEETROCK TOOLS",STILTS GENERAL,18.7625,31,12,9.5,variation,340926,"USG Sheetrock Tools 24""-40"" Professional Magnesium Drywall Stilts",USG Sheetrock Tools,,USG-MAGNESIUM-STILTS,18.7625,31,12,9.5,340926,1,0.7848,,true,true,1.0000,
matched_identifier,sku->SKU,confirmed,USG Sheetrock Tools,3CDWS2M,USG3CDWS2M,"#8 X 3"" COARSE DRYWALL W/ TENZ [BULK]",SCREWS,22.42,9.84,10.51,5.51,simple,3CDWS2M,"USG Sheetrock Tools #8 X 3"" Textured Head, Coarse Thread Drywall Screw w/ TENZ [Bulk]",USG Sheetrock Tools,,,22.42,9.84,10.51,5.51,3CDWS2M,1,0.5714,,true,true,1.0000,
matched_identifier,sku->SKU,confirmed,USG Sheetrock Tools,3CDWS5,USG3CDWS5,"#8 X 3"" COARSE DRYWALL W/ TENZ [5LB]",SCREWS,5.2,4.5,6.89,6.3,simple,3CDWS5,"USG Sheetrock 8 X 3"" Textured Head, Coarse Thread Drywall Screw w/ TENZ [5lbs]",USG Sheetrock Tools,,,5.2,4.5,6.89,6.3,3CDWS5,1,0.3043,,false,true,1.0000,
matched_identifier,sku->SKU,confirmed,USG Sheetrock Tools,3FDWS2M,USG3FDWS2M,"#8 X 3"" FINE THREAD DRYWALL SCREW [BULK]",SCREWS,22.1,9.84,10.51,5.51,simple,3FDWS2M,"USG Sheetrock Tools 8 X 3"" Textured Head, Fine Thread Drywall Screw [Bulk]",USG Sheetrock Tools,,,22.1,9.84,10.51,5.51,3FDWS2M,1,0.6889,,true,true,1.0000,
matched_identifier,sku->SKU,confirmed,USG Sheetrock Tools,3FDWS5,USG3FDWS5,"#8 X 3"" FINE THREAD DRYWALL SCREW [5LB]",SCREWS,5.2,4.5,6.89,6.3,simple,3FDWS5,"USG Sheetrock Tools #8 X 3"" Textured Head, Fine Thread Drywall Screw [5LB]",USG Sheetrock Tools,,,5.2,4.5,6.89,6.3,3FDWS5,1,0.6818,,true,true,1.0000,
matched_identifier,sku->SKU,confirmed,USG Sheetrock Tools,3SDSZ2M,USG3SDSZ2M,"#8 X 3"" BUGLE HEAD SELF DRILL DW [BULK]",SCREWS,24.69,9.84,10.51,5.51,simple,3SDSZ2M,"USG Sheetrock Tools #8 X 3"" Textured Bugle Head, Self Drill Drywall Screw [Bulk]",USG Sheetrock Tools,,,24.69,9.84,10.51,5.51,3SDSZ2M,1,0.7255,,true,true,1.0000,
matched_identifier,sku->SKU,confirmed,USG Sheetrock Tools,SRS1,USGSRS1,USG LEG BAND WITH PAD,STILT PART/ACC TOOLSOURC,0.424,,,,simple,SRS1,USG Leg Band w/ Pad,USG Sheetrock Tools,,,0.424,,,,SRS1,1,0.9231,,true,true,1.0000,
matched_identifier,sku->SKU,confirmed,USG Sheetrock Tools,SRS10,USGSRS10,ADJUSTABLE HEEL BRACKET WITH SCREWS USG,STILT PART/ACC TOOLSOURC,0.139,2.75,3.5,2.25,simple,SRS10,USG Adjustable Heel Bracket w/ Screws,USG Sheetrock Tools,,,0.139,2.75,3.5,2.25,SRS10,1,0.9600,,true,true,1.0000,
matched_identifier,sku->SKU,confirmed,USG Sheetrock Tools,SRS231830,USGSRS231830,USG LOWER STRUT TUBE FOR MODEL 1830,STILT PART/ACC TOOLSOURC,0.5295,,,,simple,SRS231830,USG Lower Strut Tube for Model 1830,USG Sheetrock Tools,,,0.5295,,,,SRS231830,1,1.0000,,true,true,1.0000,
matched_identifier,sku->SKU,confirmed,USG Sheetrock Tools,SRS232440,USGSRS232440,USG LOWER STRUT TUBE FOR MOD 2440,STILT PART/ACC TOOLSOURC,0.687,30,1,1,simple,SRS232440,USG Lower Strut Tube for Model 2440,USG Sheetrock Tools,,,0.687,30,1,1,SRS232440,1,0.9706,,true,true,1.0000,
matched_identifier,sku->SKU,confirmed,USG Sheetrock Tools,SRS24,USGSRS24,"USG 1/2-20 X 1-5/8"" CAP SCREWS W/ NUTS & WASHER",STILT PART/ACC TOOLSOURC,0.96,,,,simple,SRS24,"USG 1/2-20 X 1-5/8"" Cap Screws w/ Nuts &amp; Washer",USG Sheetrock Tools,,,0.96,,,,SRS24,1,0.9583,,true,true,1.0000,
matched_identifier,sku->SKU,confirmed,USG Sheetrock Tools,SRS26,USGSRS26,USG LOWER FOOT PLATE,STILT PART/ACC TOOLSOURC,0.301,,,,simple,SRS26,USG Lower Foot Plate,USG Sheetrock Tools,,,0.301,,,,SRS26,1,1.0000,,true,true,1.0000,
matched_identifier,sku->SKU,confirmed,USG Sheetrock Tools,SRS27,USGSRS27,"USG 1/4-20 X 3-1/8"" CAP SCREW W/ NUT & BUSHING W",STILT PART/ACC TOOLSOURC,0.132,6,3,3,simple,SRS27,"USG 1/4-20 X 3-1/8"" Cap Screw w/ Nut &amp; Bushing Washers",USG Sheetrock Tools,,,0.132,6,3,3,SRS27,1,0.9038,,true,true,1.0000,
matched_identifier,sku->SKU,confirmed,USG Sheetrock Tools,SRS28,USGSRS28,USG QUICK RELEASE CLAMP W/ NUT BOLT AND WASHERS,STILT PART/ACC TOOLSOURC,0.335,,,,simple,SRS28,USG Sheetrock Tools Quick Release Clamp w/ Nut Bolt and Washers,USG Sheetrock Tools,,,0.335,,,,SRS28,1,0.9020,,true,true,1.0000,
matched_identifier,sku->SKU,confirmed,USG Sheetrock Tools,SRS3,USGSRS3,LEG BAND SPACER W/ NUT BOLT & WASHERS,STILT PART/ACC TOOLSOURC,0.14,,,,simple,SRS3,USG Leg Band Spacer w/ Nut Bolt &amp; Washers,USG Sheetrock Tools,,,0.14,,,,SRS3,1,0.8947,,true,true,1.0000,
matched_identifier,sku->SKU,confirmed,USG Sheetrock Tools,SRS31,USGSRS31,USG CLAMP BRACKET W/ NUT BOLT AND WASHERS,STILT PART/ACC TOOLSOURC,0.2275,8,4,2,simple,SRS31,USG Clamp Bracket w/ Nut Bolt and Washers,USG Sheetrock Tools,,,0.2275,8,4,2,SRS31,1,1.0000,,true,true,1.0000,
matched_identifier,sku->SKU,confirmed,USG Sheetrock Tools,SRS33,USGSRS33,STRUT TUBE PLUG CAP USG,STILT PART/ACC TOOLSOURC,0.028,3,3,3,simple,SRS33,USG Sheetrock Tools Strut Tube Plug Cap,USG Sheetrock Tools,,,0.028,3,3,3,SRS33,1,0.8333,,true,true,1.0000,
matched_identifier,sku->SKU,confirmed,USG Sheetrock Tools,SRS42,USGSRS42,ADJUSTABLE HEIGHT KNOB BOLT WASHER USG,STILT PART/ACC TOOLSOURC,0.111,,,,simple,SRS42,USG Adjustable Height Knob Bolt w/ Washer,USG Sheetrock Tools,,,0.111,,,,SRS42,1,0.9744,,true,true,1.0000,
matched_identifier,sku->SKU,confirmed,USG Sheetrock Tools,SRS47L1830,USGSRS47L1830,USG LEFT REAR UPPER LEG MOD 1830,STILT PART/ACC TOOLSOURC,0.6215,15,3,3,simple,SRS47L1830,USG Left Rear Upper Leg Model 1830,USG Sheetrock Tools,,,0.6215,15,3,3,SRS47L1830,1,0.9697,,true,true,1.0000,
matched_identifier,sku->SKU,confirmed,USG Sheetrock Tools,SRS47L2440,USGSRS47L2440,LEFT REAR UPPER LEG (FOR MOD 2440) USG,STILT PART/ACC TOOLSOURC,0.744,20,3,3,simple,SRS47L2440,USG Left Rear Upper Leg for Model 2440,USG Sheetrock Tools,,,0.744,20,3,3,SRS47L2440,1,0.9730,,true,true,1.0000,
matched_identifier,sku->SKU,confirmed,USG Sheetrock Tools,SRS47R1830,USGSRS47R1830,RIGHT REAR UPPER LEG (FOR MOD 1830) USG,STILT PART/ACC TOOLSOURC,0.626,,,,simple,SRS47R1830,USG Right Rear Upper Leg for Model 1830,USG Sheetrock Tools,,,0.626,,,,SRS47R1830,1,0.9737,,true,true,1.0000,
matched_identifier,sku->SKU,confirmed,USG Sheetrock Tools,SRS47R2440,USGSRS47R2440,RIGHT REAR UPPER LEG (FOR MOD 2440) USG,STILT PART/ACC TOOLSOURC,0.7605,,,,simple,SRS47R2440,USG Right Rear Upper Leg for Model 2440,USG Sheetrock Tools,,,0.7605,,,,SRS47R2440,1,0.9737,,true,true,1.0000,
matched_identifier,sku->SKU,confirmed,USG Sheetrock Tools,SRS48,USGSRS48,UPPER & LOWER NYLON TUBE SLEEVE SET USG,STILT PART/ACC TOOLSOURC,0.077,9,3.5,2.5,simple,SRS48,USG Upper &amp; Lower Nylon Tube Sleeve Set,USG Sheetrock Tools,,,0.077,9,3.5,2.5,SRS48,1,0.9487,,true,true,1.0000,
matched_identifier,sku->SKU,confirmed,USG Sheetrock Tools,SRS501830,USGSRS501830,FRONT UPPER LEG (FOR MOD 1830) USG,STILT PART/ACC TOOLSOURC,0.648,15,4,2,simple,SRS501830,USG Front Upper Leg for Model 1830,USG Sheetrock Tools,,,0.648,15,4,2,SRS501830,1,0.9697,,true,true,1.0000,
matched_identifier,sku->SKU,confirmed,USG Sheetrock Tools,SRS502440,USGSRS502440,FRONT UPPER LEG (FOR MOD 2440) USG,STILT PART/ACC TOOLSOURC,0.771,,,,simple,SRS502440,USG Front Upper Leg Model 2440,USG Sheetrock Tools,,,0.771,,,,SRS502440,1,0.9032,,true,true,1.0000,
matched_identifier,sku->SKU,confirmed,USG Sheetrock Tools,SRS511830,USGSRS511830,LOWER LEG FOR MODEL 1830 USG,STILT PART/ACC TOOLSOURC,0.401,,,,simple,SRS511830,USG Lower Leg for Model 1830,USG Sheetrock Tools,,,0.401,,,,SRS511830,1,1.0000,,true,true,1.0000,
matched_identifier,sku->SKU,confirmed,USG Sheetrock Tools,SRS512440,USGSRS512440,LOWER LEG (FOR MOD 2440) USG,STILT PART/ACC TOOLSOURC,0.4715,22,3,2,simple,SRS512440,USG Lower Leg Model 2440,USG Sheetrock Tools,,,0.4715,22,3,2,SRS512440,1,0.8800,,true,true,1.0000,
matched_identifier,sku->SKU,confirmed,USG Sheetrock Tools,SRS9,USGSRS9,UPPER FOOT PLATE SCREWS WASHERS & STRAP PLATES,STILT PART/ACC TOOLSOURC,0.412,,,,simple,SRS9,"USG Sheetrock Tools Upper Foot Plate (Screws, Washers, and Strap Plates)",USG Sheetrock Tools,,,0.412,,,,SRS9,1,0.8302,,true,true,1.0000,
matched_identifier,sku->SKU,confirmed,USG Sheetrock Tools,SRSKIT1,USGSRSKIT1,SPRING ASSEMBLY W/ BRCKT NUTS BOLTS & WASHERS USG,STILT PART/ACC TOOLSOURC,0.413,,,,simple,SRSKIT1,USG Spring Assembly w/ Bracket Nut Bolts &amp; Washers,USG Sheetrock Tools,,,0.413,,,,SRSKIT1,1,0.9278,,true,true,1.0000,
matched_identifier,sku->SKU,confirmed,USG Sheetrock Tools,SRSKIT21830,USGSRSKIT21830,COMPLETE LEG STRUT ASSEMBLY FOR 1830 USG,STILT PART/ACC TOOLSOURC,1.82,,,,simple,SRSKIT21830,USG Complete Leg Strut Assembly for Model 1830,USG Sheetrock Tools,,,1.82,,,,SRSKIT21830,1,0.9302,,true,true,1.0000,
matched_identifier,sku->SKU,confirmed,USG Sheetrock Tools,SRSKIT22440,USGSRSKIT22440,COMPLETE LEG STRUT ASSEMBLY FOR 2440 USG,STILT PART/ACC TOOLSOURC,2.07,,,,simple,SRSKIT22440,USG Complete Leg Strut for Model 2440,USG Sheetrock Tools,,,2.07,,,,SRSKIT22440,1,0.8052,,true,true,1.0000,
matched_identifier,sku->SKU,confirmed,USG Sheetrock Tools,SRSSA,USGSRSSA,"USG ADJUSTABLE ARCH STRAP BUCKLE 1"" USG",STILT PART/ACC TOOLSOURC,0.1845,9,3.5,2,simple,SRSSA,"USG 1""Arch Foot Strap for Stilt",USG Sheetrock Tools,,,0.1845,9,3.5,2,SRSSA,1,0.5797,,true,true,1.0000,
matched_identifier,sku->SKU,confirmed,USG Sheetrock Tools,SRSSL,USGSRSSL,"1-1/2"" ADJUST LEG STRAP W/ BUCKLE",STILT PART/ACC TOOLSOURC,0.2375,9,4,1,simple,SRSSL,"1-1/2"" Leg Strap w/ Buckle for Stilt",USG Sheetrock Tools,,,0.2375,9,4,1,SRSSL,1,0.8308,,true,true,1.0000,
matched_identifier,sku->SKU,confirmed,USG Sheetrock Tools,SRSST,USGSRSST,"1"" ADJUSTABLE TOE STRAP W/BUCKLE",STILT PART/ACC TOOLSOURC,0.182,9,4,2,simple,SRSST,"USG 1"" Adjustable Toe Strap w/ Buckle",USG Sheetrock Tools,,,0.182,9,4,2,SRSST,1,0.9444,,true,true,1.0000,
