Brand,Product Name,SKU,Product Price,Product Description
,"8 in. High Performance Caster, Swivel - Sold as Each (AIE-48199559)",WHSE-AIE4819959,48,"8 in. High Performance Caster, Swivel"
,"Advance 10"" Slimline Textured Handle Taping Knife - Stainless Steel",ADVA-35510,7.68,"The Advance 10"" Slimline Textured Handle Taping Knife - Stainless Steel features a stainless steel blade held in a durable aluminum rib. Sturdy textured black handle is molded directly to blade."
,"Advance 12"" Slimline Textured Handle Taping Knife - Stainless Steel",ADVA-35512,8.07,"The Advance 12"" Slimline Textured Handle Taping Knife - Stainless Steel features a stainless steel blade held in a durable aluminum rib. Sturdy textured black handle is molded directly to blade."
,"Advance 14"" Slimline Textured Handle Taping Knife - Stainless Steel",ADVA-35514,9.2,"The Advance 14"" Slimline Textured Handle Taping Knife - Stainless Steel features a stainless steel blade held in a durable aluminum rib. Sturdy textured black handle is molded directly to blade."
,"Advance 8"" Slimline Textured Handle Taping Knife - Stainless Steel",ADVA-35508,6.95,"The Advance 8"" Slimline Textured Handle Taping Knife - Stainless Steel features a stainless steel blade held in a durable aluminum rib. Sturdy textured black handle is molded directly to blade."
,Advance Clear Jam Tool (ADVA-34991),ADVA-34991,13.7,Advance Clear Jam Tool (ADVA-34991)
,Advance Nut (ADVA-A16),ADVA-A16,0.5,"WallTools a leading supplier of professional tools for drywall hanging and drywall finishing, wallpaper, wallcovering, and ceiling grid. Major brands including automatic taping tools by Columbia Taping Tools, Blue Line & Tapepro, TapeTech, Level-5; Advance Paste machines; DeWalt Power tools; USG Sheetrock taping knives, Kraft, Trim-Tex, Porter Cable, and many more."
,Arrow JT21CM Staple Gun (ARRO-JT21CM),ARRO-JT21CM,21.93,Arrow JT21CM Staple Gun (ARRO-JT21CM)
,Arrow T50 Staple Gun (ARRO-T50),ARRO-T50,33.75,Arrow T50 Staple Gun (ARRO-T50)
,Blue Line USA Blue Tool Lubricant (BLUE-LU031),BLUE-LU031,4.95,Blue Line USA Blue Tool Lubricant (BLUE-LU031)
,CLC Steel Loop Hammer Holder,CLC-439,4.95,Steel Loop Hammer Holder
,Colorado Left Hand Web Banjo,COLO-WBL,179.67,Colorado Left Hand Web Banjo is the perfect tool for simultaneously applying tape and joint compound to flat and internal joints.
,Colorado Right Banjo Hand Replacement Blade,COLO-RBR,18.5,Colorado Right Banjo Hand Replacement Blade
,Colorado Right Hand Web Banjo,COLO-WBR,179.87,Colorado Right Hand Web Banjo is the perfect tool for simultaneously applying tape and joint compound to flat and internal joints.
,"Columbia 10"" Bead Wheel Conversion Kit",FFBR40-10,55.61,"WallTools a leading supplier of professional tools for drywall hanging and drywall finishing, wallpaper, wallcovering, and ceiling grid. Major brands including automatic taping tools by Columbia Taping Tools, Blue Line & Tapepro, TapeTech, Level-5; Advance Paste machines; DeWalt Power tools; USG Sheetrock taping knives, Kraft, Trim-Tex, Porter Cable, and many more."
,"Columbia 12"" Bead Wheel Conversion Kit",FFBR40-12,55.61,"WallTools a leading supplier of professional tools for drywall hanging and drywall finishing, wallpaper, wallcovering, and ceiling grid. Major brands including automatic taping tools by Columbia Taping Tools, Blue Line & Tapepro, TapeTech, Level-5; Advance Paste machines; DeWalt Power tools; USG Sheetrock taping knives, Kraft, Trim-Tex, Porter Cable, and many more."
,Columbia Nylatron Bushing (COLM-HFFB4D),HFFB4D,2.04,Columbia Nylatron Bushing
,EZ Tape Flame Fighter Tape - 250 ft. Roll (WHSE-99251),WHSE-99251,29.99,EZ Tape Flame Fighter Tape - 250 ft. Roll
,Heritage 2 Pocket Nail Bag (HERI-483SP),HERI-483SP,26.25,Heritage 2 Pocket Nail Bag (HERI-483SP)
,KN95 Face Mask 2 Pack,WHSE-KN95-2,2.5,KN95 Face Mask 2 Pack
,KN95 Face Mask 20-2 Packs,WHSE-KN95-20-2,40,KN95 Face Mask 20-2 Packs
,KN95 Face Mask 5 Pack,WHSE-KN95-5,17.5,KN95 Face Mask 5 Pack
,PC54BS Adapter for Step-Up (Manufactured prior to 2016),PERR-SU456,12,PC54BS Adapter for Step-Up (Manufactured prior to 2016) and other replacement parts to keep your favorite Perry tools running at peak performance.
,"Spray Force 1"" Y-Strainer (SPFO-400042)",SPFO-400042,198.75,"Spray Force 1"" Y-Strainer (SPFO-400042)"
,"TapeTech Corner Roller and Handles (TAPE-15TTE, FHTT, XHTT)",CR,248,"WallTools a leading supplier of professional tools for drywall hanging and drywall finishing, wallpaper, wallcovering, and ceiling grid. Major brands including automatic taping tools by Columbia Taping Tools, Blue Line & Tapepro, TapeTech, Level-5; Advance Paste machines; DeWalt Power tools; USG Sheetrock taping knives, Kraft, Trim-Tex, Porter Cable, and many more."
,"TapeTech Easy Roll Adjustable Angle Head / Corner Finisher (TAPE-48TT, 48XTT)",48X,429,"WallTools a leading supplier of professional tools for drywall hanging and drywall finishing, wallpaper, wallcovering, and ceiling grid. Major brands including automatic taping tools by Columbia Taping Tools, Blue Line & Tapepro, TapeTech, Level-5; Advance Paste machines; DeWalt Power tools; USG Sheetrock taping knives, Kraft, Trim-Tex, Porter Cable, and many more."
,Twister Plate Hinge,TPRO-FH019,33.75,Twister Plate Hinge (TPRO-FH019)
3M,3M 1 1/2 in. General Purpose Masking Tape 2020 (3M-2020-15A),3M-2020-1.5A-BK,2.87,3M 1 1/2 in. General Purpose Masking Tape 2020
3M,3M 1 in. General Purpose Masking Tape 2020 (3M-2020-1A),3M-2020-1A-BK,1.79,3M 1 in. General Purpose Masking Tape 2020
3M,3M 2 in. General Purpose Masking Tape 2020 (3M-2020-2A),3M-2020-2A-BK,3.9,3M 2 in. General Purpose Masking Tape 2020
3M,3M 3/4 in. General Purpose Masking Tape 2020 (3M-2020-75A),3M-2020-.75A-BK,1.22,3M 3/4 in. General Purpose Masking Tape 2020
3M,3M 8511 N95 Particulate Respirator Dust Masks - 10 Pack,3M-8511PB1-A,30.75,3M 8511 n95 Dust Masks Particulate Sanding Respirator - 10 Pack
3M,3M Drywall Corner Bead 61 Spray Adhesive,3M-61-CC,8.04,3M Drywall Corner Bead 61 Spray Adhesive
3M,3M Hand Masker Paper Blades - 12 in.,3M-PB12,15.11,3M Hand Masker Paper Blades - 12 in.
3M,3M Hand Masker Paper Blades - 9 in.,3M-PB9,13.5,3M Hand Masker Paper Blades - 9 in.
3M,3M M3000 Hand Masker Dispenser (3M-M3000),3M-M3000,61.97,3M M3000 Hand Masker Dispenser
Adapa,"Adapa 8 in. Hi-Performa Caster, Swivel - Sold as Each (ADAP-AD85CRD)",ADAP-AD85CRD,92.51,Adapa 8 inch High Performance Swivel Caster for Drywall Carts
Adapa,Adapa Ceiling Wire Twister (ADAP-CWT),ADAP-CWT,28.8,Adapa Ceiling Wire Twister
Adapa,Adapa Plastic Slide For Residential Dolly (ADAP-ADAPP),ADAP-ADAPP,85.1,"WallTools a leading supplier of professional tools for drywall hanging and drywall finishing, wallpaper, wallcovering, and ceiling grid. Major brands including automatic taping tools by Columbia Taping Tools, Blue Line & Tapepro, TapeTech, Level-5; Advance Paste machines; DeWalt Power tools; USG Sheetrock taping knives, Kraft, Trim-Tex, Porter Cable, and many more."
Adapa,"Adapa Residential Drywall Dolly w/ Non-Marking Casters, 4 swivel (ADAP-DOLLY)",ADAP-DOLLY,495,"adapa drywall dolly, drywall dolly, drywall cart, adapa cart, dry wall cart, dry wall dolly"
Advance,Adjustable Roller for Paste Mate B562-HD Pasting Machine,ADVA-A1633,418.15,"The Adjustable Roller for Paste Mate B562-HD Pasting Machine will extend the life of your pasting machine by keeping it at peak performance. Made from anodized aluminum and stainless-steel components, this adjustable roller is designed for long-lasting durability."
Advance,Advance  502 Pan Head Screw,ADVA-A502,0.5,Advance 502 Pan Head Screw and other replacement parts available to keep your pasting machine running at peak performance.
Advance,Advance #1 Washer,ADVA-A1,0.25,Advance #1 Washer and other replacement parts available to keep your pasting machine running at peak performance.
Advance,Advance #2 Washer,ADVA-A2,0.25,Advance #2 Washer and other replacement parts available to keep your favorite pasting machine running at peak performance.
Advance,Advance 1 in. Bevel Side Arm Corner Roller,ADVA-93B,10.35,"The Advance 1 in. Bevel Side Arm Corner Roller features a heavy-duty, smooth contoured hardwood handle with 1 in. bevel plastic roller, mounted with heavy nickel plated frame."
Advance,Advance 1 oz. Paste Syringe,ADVA-20743,10.82,The Advance 1 oz. Paste Syringe injects paste into loose spots or bubbles without damaging or removing applied paper. Reduces waste and call-backs of materials.
Advance,Advance 1.5 in. Flat Seam Roller,ADVA-693,10.12,"The Advance 1.5 in. Flat Seam Roller features a heavy-duty, smooth contoured hardwood handle with a 1.5 in. flat plastic roller, mounted with heavy nickel plated frame."
Advance,"Advance 1.5"" Side Arm Stainless Steel Seam Roller with Nylon Bearings",ADVA-686,24.28,"The Advance 1.5” Side Arm Stainless Steel with Nylon Bearings is heavy-duty, smooth with contoured hardwood handles and flat stainless-steel rollers. Mounted with heavy nickel-plated frames. Side arm design allows for rolling near corners."
Advance,"Advance 1.5"" Stainless Steel Seam Roller with Nylon Bearings",ADVA-685,24.28,"The Advance 1.5” Stainless Steel Seam Roller with Nylon Bearings is heavy-duty, smooth with contoured hardwood handle and flat stainless-steel rollers, mounted with heavy nickel-plated frames."
Advance,Advance 1/4 x 2.5 in. Thumbscrew for B562-HD Paste Machine,ADVA-A775R,1.9,Advance 1/4 x 2.5 in. Thumbscrew for B562-HD Paste Machine and other replacement parts to keep your favorite tools running at peak performance.
Advance,Advance 1/8 in. Inside Stainless Steel Radius Tool - 2 x 2 x 4 in.,ADVA-210SS1/8,9.25,The Advance 1/8 in. Inside Plastic Radius Tool - 2 x 2 x 4 in. features a comfortable easy-grip molded plastic handle.
Advance,"Advance 10"" Blue Steel Cool Grip II Taping Knife (ADVA-36610)",ADVA-36610,8.62,The Advance Blue Steel Cool Grip II Taping Knives feature fine ergonomic balance and American craftsmanship.
Advance,"Advance 10"" Blue Steel Slimline Textured Handle Taping Knife (ADVA-34410)",ADVA-34410,6.9,"The Advance Blue Steel Slimline Textured Handle Taping Knives are the new, lightweight, slim version with flexible blue spring steel blades held in aluminum rib. Sturdy textured black handles are molded directly to the blades."
Advance,"Advance 10"" Box Trail Knife (ADVA-OST-10SS)",ADVA-OST-10SS,31.72,"The Advance 10"" Box Trail Knife is skillfully designed to run behind mud boxes to smooth out edges and eliminate ripples and bubbles. This creates a flawless finish every time!"
Advance,"Advance 10"" Contoured Bottom Stainless Steel Heliarc Mud Pan",ADVA-10HR,17.17,"The Advance 10"" Contoured Bottom Stainless Steel Heliarc Mud Pan features smooth tapered ends and sides. Heliarc weld prevents leaking."
Advance,"Advance 10"" Contoured Bottom Stainless Steel Heliarc Mud Pan with No Slip Grip",ADVA-10HRG,22.53,"The Advance 10"" Contoured Bottom Stainless Steel Heliarc Mud Pan with No Slip Grip features smooth tapered ends and sides. Heliarc weld prevents leaking."
Advance,"Advance 10"" Cool Grip II Offset Blue Steel Taping Knife",ADVA-OSG-10,23.68,"The Advance 10"" Cool Grip II Offset Blue Steel Taping Knife features an innovative offset design, allowing for better control and pressure. Made from stainless steel with stainless steel blades and counter sunk rivets."
Advance,"Advance 10"" Cool Grip II Offset Stainless Steel Taping Knife",ADVA-OSG-10SS,30.78,"The Advance 10"" Cool Grip II Offset Stainless Steel Taping Knife features an innovative offset design, allowing for better control and pressure. Made from stainless steel with stainless steel blades and counter sunk rivets."
Advance,"Advance 10"" Heliarc Stainless Steel Mud Pan",ADVA-10H,15.32,"The Advance 10"" Heliarc Stainless Steel Mud Pan features smooth tapered ends and sides. Heliarc weld prevents leaking."
Advance,Advance 11 in. Wide Stainless Steel Vinyl Smoother/Trimmer,ADVA-51108,22.5,The Advance 11 in. Wide Stainless Steel Vinyl Smoother/Trimmer is made from hardened stainless steel with a plastic grip. The perfect companion for working with vinyl wallcovering.
Advance,"Advance 11"" Adjustable Stainless Steel Wipedown Knife",ADVA-38011,18.23,"The Advance 11"" Adjustable Stainless Steel Wipedown Knife features an adjustable angle blade attached to an 18 in. plastic handle threaded for an extension pole. Easy, Adjustable Angle Blade Lock Hardened Stainless Steel."
Advance,Advance 12 in. Lexan Knockdown Knife,ADVA-K12,21.37,"The Advance 12 in. Lexan Knockdown Knife features clear polycarbonate blades that are flexible and durable. Ideal for drywall, EIFS, acoustical work and a wide variety of textures. Plastic handles with threated ends for an extension pole."
Advance,Advance 12 in. Mud Pan Mixer,ADVA-EMP12,5.05,The Advance 12 in. Mud Pan Mixer is perfect for mixing in the mud pan. 3/8 in. hex shaft fits any standard drill.
Advance,"Advance 12"" Blue Steel Cool Grip II Taping Knife (ADVA-36612)",ADVA-36612,9.22,The Advance Blue Steel Cool Grip II Taping Knives feature fine ergonomic balance and American craftsmanship.
Advance,"Advance 12"" Blue Steel Slimline Textured Handle Taping Knife (ADVA-34412)",ADVA-34412,7.33,"The Advance Blue Steel Slimline Textured Handle Taping Knives are the new, lightweight, slim version with flexible blue spring steel blades held in aluminum rib. Sturdy textured black handles are molded directly to the blades."
Advance,"Advance 12"" Box Trail Knife (ADVA-OST-12SS)",ADVA-OST-12SS,33.42,"The Advance 12"" Box Trail Knife is skillfully designed to run behind mud boxes to smooth out edges and eliminate ripples and bubbles. This creates a flawless finish every time!"
Advance,"Advance 12"" Contoured Bottom Stainless Steel Heliarc Mud Pan",ADVA-12HR,17.62,"The Advance 12"" Contoured Bottom Stainless Steel Heliarc Mud Pan features smooth tapered ends and sides. Heliarc weld prevents leaking."
Advance,"Advance 12"" Contoured Bottom Stainless Steel Heliarc Mud Pan with No Slip Grip",ADVA-12HRG,22.98,"The Advance 12"" Contoured Bottom Stainless Steel Heliarc Mud Pan with No Slip Grip features smooth tapered ends and sides. Heliarc weld prevents leaking."
Advance,"Advance 12"" Cool Grip II Offset Blue Steel Taping Knife",ADVA-OSG-12,24.87,"The Advance 12"" Cool Grip II Offset Blue Steel Taping Knife features an innovative offset design, allowing for better control and pressure. Made from stainless steel with stainless steel blades and counter sunk rivets."
Advance,"Advance 12"" Cool Grip II Offset Stainless Steel Taping Knife",ADVA-OSG-12SS,32.32,"The Advance 12"" Cool Grip II Offset Stainless Steel Taping Knife features an innovative offset design, allowing for better control and pressure. Made from stainless steel with stainless steel blades and counter sunk rivets."
Advance,"Advance 12"" Heavy Duty Plastic Bladed Mud Pan",ADVA-12P,5.38,"The Advance 12"" Heavy Duty Plastic Bladed Mud Pan is economical, lightweight, and textured to prevent slippage. Heavy duty design features two steel blades on edge of pan to clean your blade."
Advance,"Advance 12"" Heliarc Stainless Steel Mud Pan",ADVA-12H,15.75,"The Advance 12"" Heliarc Stainless Steel Mud Pan features smooth tapered ends and sides. Heliarc weld prevents leaking."
Advance,Advance 12-Piece Stainless Steel Graining Comb Set,ADVA-134,38.15,"The Advance 12-Piece Stainless Steel Graining Comb Set is made from durable blue steel and features Fine, Medium, and Coarse Combs for a wide range of textures. Sizes include 1”, 2”, 3”, and 4” widths. Set is packed in individual box."
Advance,Advance 1301 1/4 x 2 1/4 Machine Screw,ADVA-A1301,0.75,Advance 1301 1/4 x 2 1/4 Machine Screw and other replacement parts available to keep your favorite pasting machine running at peak performance.
Advance,Advance 1304 1/4-20 x 3/4 Screw,ADVA-1304,0.75,Advance 1304 Nut 1/4-20 Nylon Insert and other replacement parts available to keep your favorite Advance tools running at peak performance.
Advance,Advance 1307 Nut 1/4 20 Nylon Insert,ADVA-1307,0.5,Advance 1307 Nut 1/4 20 Nylon Insert and other replacement parts available to keep your pasting machine running at peak performance.
Advance,"Advance 1309 1"" Locking Pin",ADVA-1309,3.75,"Advance 1309 1"" Locking Pin and other replacement parts available to keep your pasting machine running at peak performance."
Advance,"Advance 1311 1.5"" Locking Pin",ADVA-A1311,3.75,"Advance 1311 1.5"" Locking Pin and other replacement parts available to keep your favorite Advance Tools running at peak performance."
Advance,Advance 1312 Nut,ADVA-A1312,3.1,Advance 1312 Nut and other replacement parts to keep your favorite pasting machine running at peak performance.
Advance,Advance 1313 Roller Stand Leg,ADVA-1313,76.5,Advance 1313 Rolling Stand Leg and other replacement parts to repair your favorite pasting machine. Shop our wide inventory of parts and accessories to keep your pasting machine running at peak performance.
Advance,Advance 1314 Roller Stand Brace,ADVA-A1314,28.75,Advance 1314 Roller Stand Brace and other replacement parts available to keep your pasting machine running at peak performance.
Advance,"Advance 14"" Blue Steel Cool Grip II Taping Knife (ADVA-36614)",ADVA-36614,9.83,The Advance Blue Steel Cool Grip II Taping Knives feature fine ergonomic balance and American craftsmanship.
Advance,"Advance 14"" Blue Steel Slimline Textured Handle Taping Knife (ADVA-34414)",ADVA-34414,8.42,"The Advance Blue Steel Slimline Textured Handle Taping Knives are the new, lightweight, slim version with flexible blue spring steel blades held in aluminum rib. Sturdy textured black handles are molded directly to the blades."
Advance,"Advance 14"" Box Trail Knife (ADVA-OST-14SS)",ADVA-OST-14SS,36.78,"The Advance 14"" Box Trail Knife is skillfully designed to run behind mud boxes to smooth out edges and eliminate ripples and bubbles. This creates a flawless finish every time!"
Advance,"Advance 14"" Contoured Bottom Stainless Steel Heliarc Mud Pan",ADVA-14HR,18.95,"The Advance 14"" Contoured Bottom Stainless Steel Heliarc Mud Pan features smooth tapered ends and sides. Heliarc weld prevents leaking."
Advance,"Advance 14"" Contoured Bottom Stainless Steel Heliarc Mud Pan with No Slip Grip",ADVA-14HRG,24.4,"The Advance 14"" Contoured Bottom Stainless Steel Heliarc Mud Pan with No Slip Grip features smooth tapered ends and sides. Heliarc weld prevents leaking."
Advance,"Advance 14"" Cool Grip II Offset Blue Steel Taping Knife",ADVA-OSG-14,26.1,"The Advance 14"" Cool Grip II Offset Blue Steel Taping Knife features an innovative offset design, allowing for better control and pressure. Made from stainless steel with stainless steel blades and counter sunk rivets."
Advance,"Advance 14"" Cool Grip II Offset Stainless Steel Taping Knife",ADVA-OSG-14SS,33.92,"The Advance 14"" Cool Grip II Offset Stainless Steel Taping Knife features an innovative offset design, allowing for better control and pressure. Made from stainless steel with stainless steel blades and counter sunk rivets."
Advance,"Advance 14"" Heavy Duty Plastic Bladed Mud Pan",ADVA-14P,7.3,"The Advance 14"" Heavy Duty Plastic Bladed Mud Pan is economical, lightweight, and textured to prevent slippage. Heavy duty design features two steel blades on edge of pan to clean your blade."
Advance,"Advance 14"" Heliarc Stainless Steel Mud Pan",ADVA-14H,16.92,"The Advance 14"" Heliarc Stainless Steel Mud Pan features smooth tapered ends and sides. Heliarc weld prevents leaking."
Advance,Advance 14” Blue Steel Long Handle Drywall Knife,ADVA-AL14-4LH,19.7,"The Advance 14” Blue Steel Long Handle Drywall Knife features a durable wooden handle, flexible blue spring steel blades, and aluminum mountings. Designed for the professional contractor."
Advance,"Advance 16"" Box Trail Knife (ADVA-OST-16SS)",ADVA-OST-16SS,38.87,"The Advance 16"" Box Trail Knife is skillfully designed to run behind mud boxes to smooth out edges and eliminate ripples and bubbles. This creates a flawless finish every time!"
Advance,"Advance 16"" Heliarc Stainless Steel Mud Pan",ADVA-16H,20.93,"The Advance 16"" Heliarc Stainless Steel Mud Pan features smooth tapered ends and sides. Heliarc weld prevents leaking."
Advance,"Advance 16"" Radius Box Trail Knife (ADVA-OSTR-16SS)",ADVA-OSTR-16SS,40.4,"The Advance 16"" Radius Box Trail Knife is ideal for skim coating and features radius edges to prevent lines from edge of knife. Create smoother walls by floating into butt joints while still wet."
Advance,Advance 18 in. Curved Blade Blue Steel Long Handle Drywall Knife,ADVA-018-CB,28.83,The Advance 18 in. Curved Blade Blue Steel Long Handle Drywall Knife provides additional leverage and accessibility. Features curved aluminum blade and sturdy 16 in. Wooden Handle.
Advance,Advance 18 in. Curved Blade Blue Steel Short Handle Drywall Knife,ADVA-018-CB6P,28.88,The Advance 18 in. Curved Blade Blue Steel Short Handle Drywall Knife provides additional leverage and accessibility. Features curved aluminum blade and sturdy 6 in. Wooden Handle with broom thread.
Advance,Advance 18 in. Lexan Knockdown Knife,ADVA-K18,24.13,"The Advance 18 in. Lexan Knockdown Knife features clear polycarbonate blades that are flexible and durable. Ideal for drywall, EIFS, acoustical work and a wide variety of textures. Plastic handles with threated ends for an extension pole."
Advance,Advance 18 Nut,ADVA-18,0.75,Advance 18 Nut and other replacement parts available to keep your favorite pasting machine running at peak performance.
Advance,"Advance 18"" Heliarc Stainless Steel Mud Pan",ADVA-18H,22.63,"The Advance 18"" Heliarc Stainless Steel Mud Pan features smooth tapered ends and sides. Heliarc weld prevents leaking."
Advance,Advance 18” Blue Steel Long Handle Drywall Knife,ADVA-AL18-4LH,24.42,"The Advance 18” Blue Steel Long Handle Drywall Knife features a durable wooden handle, flexible blue spring steel blades, and aluminum mountings. Designed for the professional contractor."
Advance,Advance 18” Blue Steel Short Handle Drywall Knife,ADVA-AL18-46P,25.22,"The Advance 18” Blue Steel Short Handle Drywall Knife features a plastic broom threaded handle, flexible blue spring steel blades, and durable aluminum mountings. This Drywall Knife is designed with the professional contractor."
Advance,Advance 2 in. Flat Seam Roller,ADVA-694,10.12,"The Advance 2 in. Flat Seam Roller features a heavy-duty, smooth contoured hardwood handle with 2 in. flat plastic roller, mounted with heavy nickel plated frame."
Advance,Advance 2 in. Oval Seam Roller,ADVA-695,10.53,"The Advance 2 in. Oval Seam Roller features a smooth, comfortable wooden handle. Heavy-duty 2 in. oval shaped plastic roller with heavy nickel plated frame."
Advance,"Advance 2"" Stainless Steel Seam Roller with Nylon Bearings",ADVA-684,24.28,"The Advance 2” Stainless Steel Seam Roller with Nylon Bearings is heavy-duty, smooth with contoured hardwood handle and flat stainless-steel rollers, mounted with heavy nickel-plated frames."
Advance,"Advance 2"" Wood Graining Check Rollers",ADVA-135,19.13,"The Advance 2” Wood Graining Check Rollers are used to create realistic pores in the grain. Features smooth, durable wooden handles."
Advance,Advance 20 in. Curved Blade Blue Steel Long Handle Drywall Knife,ADVA-024-CB,33.52,"WallTools a leading supplier of professional tools for drywall hanging and drywall finishing, wallpaper, wallcovering, and ceiling grid. Major brands including automatic taping tools by Columbia Taping Tools, Blue Line & Tapepro, TapeTech, Level-5; Advance Paste machines; DeWalt Power tools; USG Sheetrock taping knives, Kraft, Trim-Tex, Porter Cable, and many more."
Advance,Advance 20” Blue Steel Short Handle Drywall Knife,ADVA-AL20-46P,30.7,"The Advance 20” Blue Steel Short Handle Drywall Knife features a plastic broom threaded handle, flexible blue spring steel blades, and durable aluminum mountings. This Drywall Knife is designed with the professional contractor."
Advance,"Advance 24"" Heliarc Stainless Steel Mud Pan",ADVA-24H,31.2,"The Advance 24"" Heliarc Stainless Steel Mud Pan features smooth tapered ends and sides. Heliarc weld prevents leaking."
Advance,"Advance 24"" Lexan Knockdown Knife",ADVA-K24,28.38,"Advance 24"" Lexan Knockdown Knife"
Advance,Advance 24” Blue Steel Long Handle Drywall Knife,ADVA-AL24-4LH,31.88,"The Advance 24” Blue Steel Long Handle Drywall Knife features a durable wooden handle, flexible blue spring steel blades, and aluminum mountings. Designed for the professional contractor."
Advance,Advance 24” Blue Steel Short Handle Drywall Knife,ADVA-AL24-46P,32.75,"The Advance 24” Blue Steel Short Handle Drywall Knife features a plastic broom threaded handle, flexible blue spring steel blades, and durable aluminum mountings. This Drywall Knife is designed with the professional contractor."
Advance,Advance 26 in. Curved Blade Blue Steel Short Handle Drywall Knife,ADVA-026-CB6P,34.7,The Advance 26 in. Curved Blade Blue Steel Short Handle Drywall Knife provides additional leverage and accessibility. Features curved aluminum blade and sturdy 16 in. Wooden Handle.
Advance,Advance 28 in. Cyclone Power Mixer,ADVA-EC28,13.7,"The Advance 28 in. Cyclone Power Mixer is the latest in Drywall Mud and Texture Mixing Technology. More wall time, less mixing and cleaning downtime! Mixing is about 20% faster. Cleaning is about 10-15 seconds faster."
Advance,Advance 3 Spring Washer,ADVA-3,0.5,Advance 3 Spring Washer and other replacement parts available to keep your pasting machien running at peak performance.
Advance,"Advance 3"" Wood Graining Check Rollers",ADVA-136,21.1,"The Advance 3” Wood Graining Check Rollers are used to create realistic pores in the grain. Features smooth, durable wooden handles."
Advance,"Advance 3"" Wood Ring Graining Tool",ADVA-104,6.9,"The Advance 3” Wood Ring Graining Tool is a valuable and handy tool which produces a natural wood grain effect. Rubber corrugation mounted on quarter round blocks. Durable, smooth wood handles."
Advance,Advance 3-in-1 Gray Graining Comb,ADVA-102,10.87,"The Advance 3-in-1 Gray Graining Comb is a solid triangular rubber comb featuring fine, medium, and coarse teeth."
Advance,Advance 3-in-1 Orange Graining Comb,ADVA-106,12.08,"The Advance 3-in-1 Orange Graining Comb is a solid triangular rubber comb featuring fine, medium, and coarse teeth."
Advance,Advance 3-Piece 5” Graining Roller Kit,ADVA-303,28.17,"The Advance 3-Piece 5” Graining Roller Kit includes three designs to create different graining effects. This kit includes a Fine Ring Roller, a Coarse Ring Roller, and a Porous Design Roller."
Advance,Advance 30 in. Qwikpaster Pasting Machine,ADVA-51130,985,The Advance 30 in. Qwikpaster Pasting Machine is precision turned with a premium anodized aluminum paste roller and stainless-steel tank which holds 1.5 gallons of paste and has plastic drain plug for easy cleanup.
Advance,Advance 30 in. Qwikpaster Pasting Machine with Measuring Counter,ADVA-51131,1290,The Advance 30 in. Qwikpaster Pasting Machine with Measuring Counter is precision turned with a premium anodized aluminum paste roller and stainless-steel tank which holds 1.5 gallons of paste and has plastic drain plug for easy cleanup.
Advance,Advance 36 in. Cyclone Power Mixer,ADVA-EC36,15.07,"The Advance 36 in. Cyclone Power Mixer is the latest in Drywall Mud and Texture Mixing Technology. More wall time, less mixing and cleaning downtime! Mixing is about 20% faster. Cleaning is about 10-15 seconds faster."
Advance,Advance 36 in. Lexan Knockdown Knife,ADVA-K36,37.83,"The Advance 36 in. Lexan Knockdown Knife features clear polycarbonate blades that are flexible and durable. Ideal for drywall, EIFS, acoustical work and a wide variety of textures. Plastic handles with threated ends for an extension pole."
Advance,Advance 37 Pan Head Screw,ADVA-A37,0.25,Advance 37 Pan Head Screw and other replacement parts available to keep your pasting machine running at peak performance.
Advance,Advance 37 Pan Head Screw (ADVA-37),ADVA-37,0.25,Advance 37 Pan Head Screw (ADVA-37) and other replacement parts available to keep your favorite pasting machine running at peak performance.
Advance,Advance 38 Pan Head Screw,ADVA-A38,0.5,Advance 38 Pan Head Screw and other replacement parts available to keep your pasting machine running at peak performance.
Advance,Advance 4 ft. Aluminum Straightedge with Track,ADVA-300-4,51.22,"The Advance 4 ft. Magnesium Straightedge with Track is always true, accurate, and will not warp. Use with razor blade or razor knife for trimming vinyl and fabric backed wallcoverings."
Advance,Advance 4 in. Caster for B562 Pasting Machine,ADVA-A1317,32.15,"The Advance 4 in. Caster for B562 Pasting Machine (Advance Part #1317) will keep your favorite Paste Mate mobile, easing operator fatigue at any job site."
Advance,"Advance 4"" Wood Graining Check Rollers",ADVA-137,23.22,"The Advance 4” Wood Graining Check Rollers are used to create realistic pores in the grain. Features smooth, durable wooden handles."
Advance,Advance 40 in. Paste Mate Heavy Duty Pasting Machine ***SPECIAL ORDER***,ADVA-50401,4140,"Advance 40 in. Paste Mate Heavy Duty Pasting Machine (Model B540-HD) comes with Rolling Stand and Two-Wheel Measuring Counter. This Pasting Machine is capable of handling Type I, Type II, and Type III Commercial Wallcoverings."
Advance,Advance 432 Nylon Bushing,ADVA-432,28.95,Nylon Bushing 432 for Advance Pasting Machine and other replacement parts available to keep your favorite Advance Tools running at peak performance.
Advance,Advance 433 Spur Gear 44T,ADVA-433,40.4,The Advance 433 Spur Gear 44T and other parts available to keep your favorite Advance tools running at peak performance. Shop our wide inventory of replacement parts for easy and fast tool repairs.
Advance,Advance 434 Spur Gear 21T,ADVA-434,41.35,The Advance 434 Spur Gear 21T and other parts available to keep your favorite Advance tools running at peak performance. Shop our wide inventory of replacement parts for easy and fast tool repairs.
Advance,Advance 439 Set Screw Brass,ADVA-A439,5.1,Advance 439 Set Screw Brass and other replacement parts available to keep your favorite Advance Tools running at peak performance.
Advance,Advance 440 Spur Gear 34T,ADVA-440,41.35,The Advance 440 Spur Gear 34T and other parts available to keep your favorite Advance tools running at peak performance. Shop our wide inventory of replacement parts for easy and fast tool repairs.
Advance,Advance 5 ft. Professional Paperhanging Outfit Set,ADVA-315-5,485.15,"The Advance 5 ft. Professional Paperhanging Outfit Set includes: ¾ in. 5 ft. Paste Boards, Non-Skid Trestles, Aluminum Straightedge, Wood Yardstick, and Paste Board Clamps. Everything you need for professional installation!"
Advance,Advance 5 in. Graduated Graining Comb (Fine to Coarse),ADVA-105,14.88,"The Advance 5 in. Graining Comb Set (Fine to Coarse) is made from solid rubber, featuring graduated teeth for a variety of applications."
Advance,Advance 5 in. Graining Roller,ADVA-315,13.15,"Advance 5 in. Graining Roller features a 1.5 in. diameter with a wooden core and wire handle. Durable, lightweight, and yields even texture."
Advance,"Advance 5"" Wood Ring Graining Tool",ADVA-107,8.67,"The Advance 5” Wood Ring Graining Tool is a valuable and handy tool which produces a natural wood grain effect. Rubber corrugation mounted on quarter round blocks. Durable, smooth wood handles."
Advance,Advance 500 ft. Roll Capacity Tape Holder,ADVA-TH50,13.67,The Advance 500 ft. Roll Capacity Tape Holder is made from solid steel and features a belt hook. Steel tape holder plated to resist rust. Durable construction for jobsite usage. Holds up to 500 ft. roll tape.
Advance,Advance 6 ft. Aluminum Straightedge with Track,ADVA-300-6,79.17,"The Advance 6 ft. Magnesium Straightedge with Track is always true, accurate, and will not warp. Use with razor blade or razor knife for trimming vinyl and fabric backed wallcoverings."
Advance,Advance 6 ft. Professional Paperhanging Outfit Set,ADVA-316-6,524.8,"The Advance 6 ft. Professional Paperhanging Outfit Set includes: ¾ in. 6 ft. Paste Boards, Non-Skid Trestles, Aluminum Straightedge, Wood Yardstick, and Paste Board Clamps. Everything you need for professional installation!"
Advance,"Advance 6"" Blue Steel Cool Grip II Taping Knife (ADVA-36606)",ADVA-36606,7.9,The Advance Blue Steel Cool Grip II Taping Knives feature fine ergonomic balance and American craftsmanship.
Advance,"Advance 6"" Blue Steel Slimline Textured Handle Taping Knife (ADVA-34406)",ADVA-34406,6.15,"The Advance Blue Steel Slimline Textured Handle Taping Knives are the new, lightweight, slim version with flexible blue spring steel blades held in aluminum rib. Sturdy textured black handles are molded directly to the blades."
Advance,"Advance 6"" Patch Pan (ADVA-6PR)",ADVA-6PR,5,"The Advance 6"" Patch Pan is ultra-lightweight, made from 100% recycled material, and is ideal for all compounds. For use with 1″- 6″ knives."
Advance,"Advance 6"" Stainless Steel Slimline Textured Handle Taping Knife",ADVA-35506,6.85,"The Advance 6"" Stainless Steel Slimline Textured Handle Taping Knife is the new, lightweight, slim version of the textured handle series knives. Flexible stainless steel blade held in aluminum rib."
Advance,"Advance 6' x 3"" Aluminum Plate",ADVA-ZP-6,49,"The Advance 6’ x 3” Aluminum Plate is ideal for a cutting/trimming surface for wallcovering installation. The aluminum plate protects wood table top. Softer than wood, extends blade sharpness."
Advance,"Advance 6'x 32"" Folding Paste Table with Aluminum Plate - 16"" Closed, 32"" Open",ADVA-36Z-6,499.5,"The Advance 6’X32” Folding Paste Table with Aluminum Plate – 16” Closed, 32” Open is made from clear basswood which has been securely glued and stapled together for durability."
Advance,"Advance 6'x24"" Folding Paste Table - 12"" Closed, 24"" Open",ADVA-30-6,381.65,"The Advance 6’x24” Folding Paste Table – 16” Closed, 24” Open is made from clear basswood which has been securely glued and stapled together for durability."
Advance,"Advance 6'x24"" Folding Paste Table with Aluminum Plate - 12"" Closed, 24"" Open",ADVA-30Z-6,454.1,"The Advance 6’X24” Folding Paste Table with Aluminum Plate – 12” Closed, 24” Open is made from clear basswood which has been securely glued and stapled together for durability."
Advance,"Advance 6'x32"" Folding Paste Table - 16"" Closed, 32"" Open",ADVA-36-6,427.2,"The Advance 6’x32” Folding Paste Table – 16” Closed, 32” Open is made from clear basswood which has been securely glued and stapled together for durability."
Advance,Advance 62 in. Paste Mate Heavy Duty Complete Pasting Machine,ADVA-50621CX,5060,"Advance 62 in. Paste Mate Heavy Duty Complete Pasting Machine comes with Rolling Stand, Two-Wheel Measuring Counter, Booking Table, and Transportation Shelf. Capable of handling Type I, Type II, and Type III Commercial Grade Wallcoverings."
Advance,Advance 62 in. Paste Mate Heavy Duty Pasting Machine (Model B562-HD),ADVA-50621X,4590,"Advance 62 in. Paste Mate Heavy Duty Pasting Machine (Model B562-HD) comes with Rolling Stand and Two-Wheel Measuring Counter. This Pasting Machine is capable of handling Type I, Type II, and Type III Commercial Wallcoverings."
Advance,Advance 62 in. Paste Mate Rolling Stand,ADVA-562RS,555,The Advance 62 in. Paste Mate Rolling Stand attaches effortlessly and comes with 4 in. locking casters. This rolling stand is made from durable stainless-steel and is height adjustable. Legs fold under machine for easy transport.
Advance,Advance 62 in. Paste Mate Storage Case,ADVA-51628X,820,"Keep your pasting machine safe by investing in the Advance 62 in. Paste Mate Storage Case. Made from Fiberboard Core and ¼ in. Top-Coat Melamine Panel, fits Pasting Machine, Rolling Stand, and Booking Table."
Advance,"Advance 7"" Adjustable Stainless Steel Wipedown Knife",ADVA-38007,17.45,"WallTools a leading supplier of professional tools for drywall hanging and drywall finishing, wallpaper, wallcovering, and ceiling grid. Major brands including automatic taping tools by Columbia Taping Tools, Blue Line & Tapepro, TapeTech, Level-5; Advance Paste machines; DeWalt Power tools; USG Sheetrock taping knives, Kraft, Trim-Tex, Porter Cable, and many more."
Advance,Advance 70 Hex Bolt,ADVA-A70,0.75,Advance 70 Hex Bolt and other replacement parts available to keep your favorite pasting machine running at peak performance.
Advance,Advance 710 Spur Gear 33T,ADVA-710,39.25,The Advance 710 Spur Gear 33T and other parts available to keep your favorite Advance tools running at peak performance. Shop our wide inventory of replacement parts for easy and fast tool repairs.
Advance,Advance 759 Nut,ADVA-A759,1.7,Advance 759 Nut and other replacement parts available to keep your favorite pasting machine running at peak performance.
Advance,"Advance 8"" Blue Steel Cool Grip II Taping Knife (ADVA-36608)",ADVA-36608,8,The Advance Blue Steel Cool Grip II Taping Knives feature fine ergonomic balance and American craftsmanship.
Advance,"Advance 8"" Blue Steel Slimline Textured Handle Taping Knife (ADVA-34408)",ADVA-34408,6.45,"The Advance Blue Steel Slimline Textured Handle Taping Knives are the new, lightweight, slim version with flexible blue spring steel blades held in aluminum rib. Sturdy textured black handles are molded directly to the blades."
Advance,"Advance 8"" Cool Grip II Offset Blue Steel Taping Knife",ADVA-OSG-8,23.3,"The Advance 8"" Cool Grip II Offset Blue Steel Taping Knife features an innovative offset design, allowing for better control and pressure. Made from stainless steel with stainless steel blades and counter sunk rivets."
Advance,"Advance 8"" Cool Grip II Offset Stainless Steel Taping Knife",ADVA-OSG-8SS,30.3,"The Advance 8"" Cool Grip II Offset Stainless Steel Taping Knife features an innovative offset design, allowing for better control and pressure. Made from stainless steel with stainless steel blades and counter sunk rivets."
Advance,Advance 816 Stopper-Left,ADVA-A816,18.2,Advance 816 Stopper-Left and other replacement parts available to keep your Advance Tools running at peak performance.
Advance,Advance 817 Stopper-Right,ADVA-A817,18.2,Advance 817 Stopper-Right and other replacement parts available to keep your Advance Tools running at peak performance.
Advance,Advance 820 Spur Gear 28T,ADVA-820,38.5,The Advance 820 Spur Gear 28T and other parts available to keep your favorite Advance tools running at peak performance. Shop our wide inventory of replacement parts for easy and fast tool repairs.
Advance,Advance 823 Quick Release Latch,ADVA-A823,11.5,Advance 823 Quick Release Latch and other replacement parts available to keep your favorite pasting machine running at peak performance.
Advance,Advance 827 Drain Plug,ADVA-827,11.62,Advance 827 Drain Plug and other replacement parts available to keep your favorite pasting machine running at peak performance.
Advance,Advance 832 Adjusting Lever Bushing,ADVA-A832,18.35,Advance 832 Adjusting Lever Bushing and other replacement parts available to keep your Advance Tools running at peak performance.
Advance,Advance 834 Adjusting Lever,ADVA-A834,29.15,Advance 834 Adjusting Lever and other replacement parts available for fast and easy repair on your favorite Advance tools.
Advance,Advance 860 Spur Gear 40T,ADVA-860,37.25,The Advance 860 Spur Gear 40T and other parts available to keep your favorite Advance tools running at peak performance. Shop our wide inventory of replacement parts for easy and fast tool repairs.
Advance,Advance 862 Leaf Spring,ADVA-862,7.1,Advance 862 Leaf Spring and other replacement parts to keep your Advance tools running at peak performance.
Advance,Advance 876 Swing Bar,ADVA-876,14.15,Advance 876 Swing Bar and other replacement parts available to keep your pasting machine running at peak performance.
Advance,Advance 878 Spring,ADVA-A878,5.55,Advance 878 Spring and other replacement parts available to keep your favorite pasting machine running at peak performance.
Advance,Advance 879 Bolt,ADVA-A879,2.95,Advance 879 Bolt and other replacement parts available to keep your favorite pasting machine running at peak performance.
Advance,Advance 886 Roller Bushing,ADVA-886,11.55,Advance 886 Roller Bushing and other replacement parts available to keep your favorite pasting machine running at peak performance.
Advance,Advance 887 Roller Bushing,ADVA-887,13.75,Advance 887 Roller Bushing and other replacement parts to keep your Advance tools running at peak performance.
Advance,Advance 93 Socket Head Screw,ADVA-93,0.75,Advance 93 Socket Head Screw and other replacement parts available to keep your favorite pasting machine running at peak performance.
Advance,"Advance 9” Graining Comb Set (Fine, Med, Coarse)",ADVA-903,33.92,"The Advance 9” Graining Comb Set (Fine, Med, Coarse) features soft rubber teeth and 9” wood strips."
Advance,Advance A1303 1/4-20 x 1 1/2 Machine Screw,ADVA-A1303,0.75,Advance A1303 1/4-20 x 1 1/2 Machine Screw and other replacement parts available to keep your favorite Advance tools running at peak performance.
Advance,Advance A1305 1/4-20 Nut,ADVA-A1305,0.75,Advance A1305 1/4-20 Nut and other replacement parts available to keep your favorite Advance tools running at peak performance.
Advance,"Advance A1306 1/4"" Flat Washer",ADVA-A1306,0.25,"Advance A1306 1/4"" Flat Washer and other replacement parts available to keep your favorite pasting machine running at peak performance."
Advance,Advance A1308 1/4-20 x 3/8 Lock Screw,ADVA-A1308,1.95,Advance A1308 Nut 1/4-20 x 3/8 Lock Screw and other replacement parts available to keep your favorite Advance tools running at peak performance.
Advance,Advance A1321 Plastic End Cap,ADVA-A1321,1,Advance A1321 Plastic End Cap and other replacement parts to keep your favorite pasting machine running at peak performance.
Advance,Advance A1701L Quikpaster Paste Tank Left Side,ADVA-A1701L,37.3,Advance A1701L Quikpaster Paste Tank Left Side is essential for keeping your Quikpaster running at peak performance.
Advance,Advance A1701R Quikpaster Paste Tank Right Side,ADVA-A1701R,37.3,The Advance A1701R Quikpaster Paste Tank Right Side is essential for keeping your Quikpaster running at peak performance.
Advance,Advance A1710 Quikpaster Drain Plug,ADVA-A1710,2,Advance A1710 Quikpaster Drain Plug and other replacement parts available to keep your favorite pasting machine running at peak performance.
Advance,Advance A1713 Quikpaster Material Support Shaft,ADVA-A1713,12,Advance A1713 Quikpaster Material Support Shaft and other replacement parts to keep your pasting machine running at peak performance.
Advance,Advance A1714 Quikpaster Material Disc,ADVA-A1714,8,Advance A1714 Quikpaster Material Disc and other replacement parts to keep your pasting machine running at peak performance.
Advance,Advance A1715 Quikpaster Left Material Support Bracket,ADVA-A1715,9.2,Advance A1715 Quikpaster Left Material Support Bracket and other replacement parts available to keep your pasting machine running at peak performance.
Advance,Advance A1716 Quikpaster Right Material Support Bracket,ADVA-A1716,9.2,Advance A1716 Quikpaster Right Material Support Bracket and other replacement parts available to keep your pasting machine running at peak performance.
Advance,"Advance A1720 Quikpaster Lid 30""",ADVA-A1720,77.15,"Advance A1720 Quikpaster Lid 30"" and other replacement parts available to keep your pasting machine running at peak performance."
Advance,Advance A1721 Quikpaster Left Lid Bracket,ADVA-A1721,10.9,Advance A1722 Quikpaster Left Lid Bracket and other replacement parts available to keep your favorite pasting machine running at peak performance.
Advance,Advance A1722 Quikpaster Right Lid Bracket,ADVA-A1722,10.7,Advance A1722 Quikpaster Right Lid Bracket and other replacement parts available to keep your favorite pasting machine running at peak performance.
Advance,Advance A1723 Quikpaster Lid Roller,ADVA-A1723,26.95,Advance A1723 Quikpaster Lid Roller and other replacement parts available to keep your pasting machine running at peak performance.
Advance,Advance A1741 Qwikpaster Counter Hinge,ADVA-A1741,80.85,The Advance A1741 Qwikpaster Counter Hinge and other replacement parts to service or repair your favorite pasting machines. Shop our inventory of parts and accessories for Wallcovering Pasting Machines.
Advance,Advance A36 Pan Head Screw (ADVA-A36),ADVA-A36,0.75,Advance A36 Pan Head Screw and other replacement parts available to keep your favorite Advance tools running at peak performance.
Advance,Advance A441 Snap Ring,ADVA-A441,2.7,Advance 441 Snap Ring and other replacement parts available to keep your favorite pasting machine running at peak performance.
Advance,Advance A459 Spacer,ADVA-A459,6.4,Advance A459 Spacer and other replacement parts available to keep your favorite Advance tools running at peak performance.
Advance,Advance A815 Bushing,ADVA-A815,5.25,Advance A815 Bushing and other replacement parts available to keep your favorite Advance Tools running at peak performance.
Advance,Advance A877 Pin,ADVA-A877,1,Advance A877 Pin and other replacement parts available to keep your favorite Advance Tools running at peak performance.
Advance,"Advance Adjustable Circle Cutter (cuts 1"" hole to 16"" hole)",ADVA-AC31,14.48,"The Advance Adjustable Circle Cutter cuts 1 in. to 16 in. holes. Calibrated steel shaft gives sharp, clean cuts up to 16 inches in diameter. Cutting blade and center point are hardened for long life."
Advance,Advance Adjustable Paste Board Clamps,ADVA-124,54.43,"The Advance Adjustable Paste Board Clamps feature plated steel, holds 2 paste boards, straightedge, trestles, and a yardstick."
Advance,Advance Blue Steel Cool Grip II Taping Knives,ADVA-366-X,7.9,The Advance Blue Steel Cool Grip II Taping Knives feature fine ergonomic balance and American craftsmanship.
Advance,Advance Booking Table for 40 in. Heavy Duty Pasting Machine,ADVA-540BT,335,Advance Booking Table for 40 in. Heavy Duty Pasting Machine is the perfect accessory for maximizing the pasting and booking process. Sized for the 40 in. Heavy Pasting Machine (Models 540-HD).
Advance,Advance Booking Table for 62 in. Heavy Duty Pasting Machine,ADVA-562BT,335,The Advance Booking Table for 62 in. Heavy Duty Pasting Machine is the perfect accessory for maximizing the pasting and booking process. This booking table is sized for the 62 in. Heavy Duty Pasting Machine (Model B562-HD).
Advance,"Advance Boomerang Mixer with 28"" Shaft",ADVA-BR716,24.92,"The Advance Boomerang Mixer with 28” Shaft features vortex action, mixing inward from top to bottom to prevent splashing. Radius on leading edge helps prevent pail gouging."
Advance,Advance Box Filling Station (ADVA-C1644),ADVA-C1644,40.78,Advance Box Filling Station (ADVA-C1644)
Advance,Advance Caster Frame for B562-HD Pasting Machines,ADVA-A1320,85.2,The Advance Caster Frame for B562-HD Pasting Machines is the lower most bracket. Casters attach to this bracket. 2 are required.
Advance,Advance Cornerbead Applicator,ADVA-6CBA,12.5,"The Advance Cornerbead Applicator coats corner bead with precise amount of joint compound, works with all mud types on paper-faced corner beads, and is ideal for 90-degree inside and outside corners."
Advance,Advance Cornerbead Hopper Applicator Combo,ADVA-6CBA2,36.95,"The Advance Cornerbead Applicator Combo is the latest innovation in cornerbead installation, featuring a galvanized steel nest which can hook onto a 5-gallon bucket or belt. Coat paper-faced corner bead with extreme ease."
Advance,Advance Cyclone Power Mixer and Pail Scoop Combo,ADVA-CYC-38406,25.98,The Advance Cyclone Power Mixer and Pail Scoop Combo is the latest in Drywall Mud and Texture Mixing Technology. The S.S. Pail Scoop is designed to prevent pail gouging.
Advance,Advance Double-Cut Blades for All Cutters 200-Pack,ADVA-51102,167.78,Keep your favorite wallpaper cutter sharp with our Advance Double-Cut Blades for All Double Cutters 200-Pack. These blades deliver the perfect double-cut seams every time. Fits the Seam Buster Knife.
Advance,Advance Double-Cut Blades for All Double-Cutters 25-Pack,ADVA-51102-25,27.96,Keep your favorite wallpaper knife sharp with our Advance Double-Cut Blades for All Double Cutters 25-Pack. These blades deliver the perfect double-cut seams every time. Fits the Seam Buster Knife.
Advance,Advance Drywall Finishing Station,ADVA-IR37,525,"Advance Drywall Finishing Station is the perfect solution for greater mobility and flexibility. Functions as a tool box, wash station, mud filling station, and tool holder. One-piece fold up design for easy transportation."
Advance,Advance Eagle Wings Flexible Corner Trowel,ADVA-228SS,13.45,"The Advance Eagle Wings Flexible Corner Trowel creates clean inside corners by reducing the amount of mud used, embedding tape, and finishing coat, as well as feathering edges for a professional quality finish."
Advance,"Advance Easy Mixer with 28"" Shaft",ADVA-EM94,13.68,"The Advance Easy Mixer with 28” Shaft is great for mixing paint, joint compound, texture, cement, and so much more."
Advance,Advance Eggbeater Mixer,ADVA-EB28,13.63,"The Advance Eggbeater Mixer features yellow zinc plated solid steel and a heavy-duty 28 in. hex shaft most ideal for slow mixing drills. This mixer can tackle thin set, grout, and concrete."
Advance,Advance Guide Plate for 40 in. Paste Mate Heavy Duty Pasting Machine (ADVA-A1512),ADVA-A1512,83.22,The Advance Guide Plate for 40 in. Paste Mate Heavy Duty Pasting Machine is part of the paste reservoir tank assembly that keeps wallcovering material secure as it is pulled through the rollers.
Advance,Advance Guide Plate for 62 in. Paste Mate Heavy Duty Pasting Machine,ADVA-1682,102.55,The Advance Guide Plate for 62 in. Paste Mate Heavy Duty Pasting Machine is part of the paste reservoir tank assembly that keeps wallcovering material secure as it is pulled through the rollers.
Advance,Advance Guide Plate for B556-HD Paste Machine,ADVA-882,85.95,The Advance Guide Plate for B556-HD Paste Machine is part of the paste reservoir tank assembly that keeps wallcovering material secure as it is pulled through the rollers.
Advance,Advance Heavy Duty Measuring Counter,ADVA-51114,519,"The Advance Heavy Duty Measuring Counter is the essential Paste Mate Accessory. This Two-Wheel Measuring Counter keeps track of wallcovering lengths in inches, allowing you to speed up the pasting and booking process."
Advance,Advance Heavy-Duty Roll Lifter,ADVA-RL93,21.8,Advance Heavy-Duty Roll Lifter and other replacement parts available to keep your pasting machine running at peak performance.
Advance,Advance Inside 90 Degree Stainless Drywall Corner Trowel with Cool Grip II Handle,ADVA-222SS,12.97,Advance Inside 90 Degree Stainless Drywall Corner Trowel with Cool Grip II Handle. This Trowel is ideal for finishing Inside corners. Dimensions are 4” x 4”. Stainless Steel Construction.
Advance,Advance Inside 90° Corner Hand Flusher,ADVA-224SS,29.35,"The Advance Inside 90° Corner Hand Flusher features skids and wings evenly distribute and control excess mud for less wiping and faster finishing. Embeds the joint tape into internal corners, creating a perfect angle even with bad framing."
Advance,Advance Left Hand Booking Table Bracket for Heavy Duty Pasting Machines,ADVA-A1322,82.3,The Advance Left Hand Booking Table Bracket for Paste Mate Heavy Duty Pasting Machines will keep your favorite pasting machine running at peak performance.
Advance,Advance Material Guide Cone for B562-HD Paste Machine,ADVA-A866R,15.55,Advance Material Guide Cone for B562-HD Paste Machine and other replacement parts available to keep your pasting machine running at peak performance.
Advance,Advance Material Shaft for B562-HD Paste Machine,ADVA-A1681,84.35,The Advance Material Shaft for B562-HD Paste Machine and other replacement parts are available to repair your favorite pasting machines. Shop our inventory of parts and accessories for Wallcovering Pasting Machines.
Advance,Advance Material Shaft Support Bracket L.H. for Heavy Duty Pasting Machines,ADVA-A1316,43.45,The Advance Material Shaft Support Bracket L.H. for Heavy Duty Pasting Machines is essential for ensuring your pasting machine runs at peak performance.
Advance,Advance Material Shaft Support Bracket R.H. for Heavy Duty Pasting Machines,ADVA-A1315,43.45,The Advance Material Shaft Support Bracket R.H. for Heavy Duty Pasting Machines is essential for ensuring your pasting machine runs at peak performance.
Advance,Advance Measuring Counter Base Measuring Counter (ADVA-A774),ADVA-A774,25.92,Advance Measuring Counter Base Measuring Counter (ADVA-A774)
Advance,Advance Measuring Counter Body w/out Bracket for B562-HD Pasting Machine,ADVA-A114,434.15,"The Advance Measuring Counter Body w/out Bracket for B562-HD Pasting Machine is the essential Accessory. This Two-Wheel Measuring Counter keeps track of wallcovering lengths in inches, allowing you to speed up the pasting and booking process."
Advance,Advance Measuring Counter for Pull Box Pasting Machines,ADVA-51126,240,The Advance Measuring Counter for Pull Box Pasting Machines is the essential accessory for maximizing the performance of your favorite Pull Box Paster. This measuring counter keeps track of wallpaper lengths in inches.
Advance,Advance Measuring Counter for Qwikpaster Pasting Machines,ADVA-51125,240,"The Advance Measuring Counter for Qwikpaster Pasting Machines is the essential accessory for maximizing the performance of your favorite paste machine. This measuring counter keeps track of wallcovering length in inches, allowing you to make precise cuts every time!"
Advance,Advance Measuring Counter Wheel for 51114 Measuring Counter,ADVA-A416,34.7,The Advance Measuring Counter Wheel for 51114 Measuring Counter is an essential part that keeps your favorite pasting machine running at peak performance. 2 Measuring Counter Wheels are required for Measuring Counter ADVA-51114
Advance,Advance Mini Lifter with Toe Kick,ADVA-ML95,11.05,"The Advance Mini Lifter with Toe Kick features a powder coat finish and is designed to lift and hold drywall sheets in place while nailing or using a screw gun. Welded steel construction, plated for durability."
Advance,Advance Mud Bucket Scoop (Drywall Pail Scoop),ADVA-38406,10.92,"The Advance Mud Bucket Scoop (Drywall Pail Scoop) is made with aluminum mount stainless steel blade and riveted Cool Grip handle. Bucket radius on blade allows total removal of drywall mud, mortar, grout, stucco, and cement from pail."
Advance,Advance Mud Pan & Tape Holder,ADVA-PH12,19.53,"The Advance Mud Pan & Tape Holder is made from all aluminum, light-weight construction, and hooks to belt where you can easily scoop mud from the pan and hands stay free to work. Hook below pan will hold a roll of tape."
Advance,Advance Nylon Lanyard,ADVA-1310,3.55,Advance Nylon Lanyard and other replacement parts available to keep your Advance Tools running at peak performance.
Advance,Advance Outside 90 Degree Stainless Drywall Corner Trowel with Cool Grip II Handle,ADVA-223SS,12.97,Advance Outside 90 Degree Stainless Drywall Corner Trowel with Cool Grip II Handle. This Trowel is ideal for finishing outside corners. Dimensions are 4” x 4”. Stainless Steel Construction.
Advance,"Advance Paste Boards, 5' L x 33"" W x 3/4"" H, (3) doweled 11"" strips",ADVA-34-3-5,292,"The Advance Paste Boards, 5' L x 33"" W x 5/8"" H, (3) doweled 11"" strips are made of clear basswood, which over the years, has proved to be the finest wood for this purpose."
Advance,"Advance Paste Boards, 6' L x 33"" W x 3/4"" H, (3) doweled 11"" strips",ADVA-34-3-6,315,"The Advance Paste Boards, 6' L x 33"" W x 3/4"" H, (3) doweled 11"" strips are made of clear basswood, which over the years, has proved to be the finest wood for this purpose."
Advance,"Advance Paste Boards, 6' L x 33"" W x 5/8"" H, (3) doweled 11"" strips",ADVA-58-3-6,356,"The Advance Paste Boards, 6' L x 33"" W x 5/8"" H, (3) doweled 11"" strips are made of clear basswood, which over the years, has proved to be the finest wood for this purpose."
Advance,"Advance Paste Boards, 6' L x 40""W x 3/4"" H, (4) doweled 10"" strips",ADVA-34-4-6,386,"The Advance Paste Boards, 6' L x 40""W x 3/4"" H, (4) doweled 10"" strips are made of clear basswood, which over the years, has proved to be the finest wood for this purpose."
Advance,"Advance Paste Boards, 7' L x 33"" W x 3/4"" H, (3) doweled 11"" strips",ADVA-34-3-7,385,"The Advance Paste Boards, 7' L x 33"" W x 3/4"" H, (3) doweled 11"" strips are made of clear basswood, which over the years, has proved to be the finest wood for this purpose."
Advance,Advance Paste Mate Left Side Plate Assembly,ADVA-A872L,77.15,Advance PasteMate Left Side Plate Assembly and other replacement parts available to repair your favorite pasting machine. Shop our wide selection of parts and accessories for Paste Mate Heavy Duty Pasting Machines.
Advance,Advance Paste Mate Right Side Plate Assembly,ADVA-A873R,77.15,Advance Paste Mate Right Side Plate Assembly and other replacement parts available to repair your favorite pasting machine. Shop our wide selection of parts and accessories for Paste Mate Heavy Duty Pasting Machines.
Advance,"Advance PasteMate 1"" Pan Head Screw",ADVA-A44,2.5,"Advance PasteMate 1"" Pan Head Screw and other replacement parts available to keep your favorite pasting machine running at peak performance."
Advance,Advance PasteMate Aluminum Bracket,ADVA-A875,6.35,Advance PasteMate Aluminum Bracket and other replacement parts available to keep your favorite pasting machine running at peak performance.
Advance,Advance PasteMate Left Side Cover,ADVA-A740P,60.55,Advance PasteMate Left Side Cover A740P
Advance,Advance PasteMate Left Side Plate,ADVA-A872,27.4,Advance PasteMate Left Side Plate and other replacement parts available to keep your pasting machine running at peak performance.
Advance,Advance PasteMate Right Side Cover,ADVA-A741P,59.4,Advance PasteMate Right Side Cover A741P
Advance,Advance PasteMate Right Side Plate,ADVA-A873,27.4,Advance PasteMate Right Side Plate and other replacement parts available to keep your pasting machine running at peak performance.
Advance,Advance PasteMate Spring Washer SS,ADVA-A4,0.5,Advance PasteMate Spring Washer SS A4 and other replacement parts available to keep your pasting machine running at peak performance.
Advance,Advance Quicktruss Door Painting Stands (4-Pack),ADVA-Q-300,15.38,The Advance Quicktruss Door Painting Stands 4-Pack makes door painting fast and easy! These stands are easy to set up – stand doors up securely so both faces and ends can be prepped and painted at one time.
Advance,Advance Quicktruss Door Painting Stands 20-Pack Bulk,ADVA-Q-300-20,72,The Advance Quicktruss Door Painting Stands 20-Pack Bulk makes door painting fast and easy! Easy to set up – stand doors up securely so both faces and ends can be prepped and painted at one time. Simply hammer into place!
Advance,Advance Quicktruss Door Painting Stands 50-Pack Bulk,ADVA-Q-300-50,180,The Advance Quicktruss Door Painting Stands 50-Pack Bulk makes door painting fast and easy! Easy to set up – stand doors up securely so both faces and ends can be prepped and painted at one time. Simply hammer into place!
Advance,Advance Quikpaster Counter Wheel (ADVA-1742),ADVA-1742,44.52,Advance Quikpaster Counter Wheel (ADVA-A1742)
Advance,Advance Qwikpaster Counter Only (ADVA-A1740),ADVA-A1740,81.1,Advance Qwikpaster Counter Only (ADVA-A1740)
Advance,"Advance Replacement Paste Board, 6' L x 11"" W x 3/4""",ADVA-34-1-6,220,"Advance Replacement Paste Board, 6' L x 11"" W x 3/4"" strips are made of clear basswood, which over the years, has proved to be the finest wood for this purpose."
Advance,Advance Ridged Lifter,ADVA-RL94,15.42,Advance Ridged Lifter and other replacement parts available to keep your Advance Tools running at peak performance.
Advance,Advance Right Hand Booking Table Bracket for Heavy Duty Pasting Machines,ADVA-A1323,82.3,The Advance Right Hand Booking Table Bracket for Paste Mate Heavy Duty Pasting Machines will keep your favorite pasting machine running at peak performance.
Advance,Advance Seam Buster Wallpaper Knife,ADVA-51101,15.13,The Advance Seam Buster Wallpaper Knife is the industry’s most popular cutter for achieving professional quality double-cut seams. This knife is ideal for working with vinyl and fabric wallcovering without cutting into drywall.
Advance,Advance Semi-Automatic Even Flow Banjo,ADVA-4620,202.8,"The Advance Semi-Automatic Even Flow Banjo features a curved belly design, eliminating dry spots on tape, holds up to 500 ft. of paper tape, and has a 0.5-gallon mud capacity."
Advance,Advance Speed Wheel Stainless Steel Drywall Banjo,ADVA-4617,108.67,"The Advance Speed Wheel Stainless Steel Drywall Banjo makes the taping process effortless. Tape fits securely on adjustable tension roll. Tension Control with Locking Wingnut adjusts flow without backspin, allowing tape to flow smoothly."
Advance,Advance Stainless Steel Cool Grip II Taping Knive,ADVA-377-X,9.95,"The Advance Stainless Steel Cool Grip II Taping Knives feature an innovative design, allowing for better control and pressure. Made from stainless steel with durable blades and counter sunk rivets, these taping knives are guaranteed to last you a long time."
Advance,Advance Stainless Steel Slimline Textured Handle Taping Knives,ADVA-355-X,6.85,"The Advance Stainless Steel Slimline Textured Handle Taping Knives are the new, lightweight, slim version of the textured handle series knives. Flexible stainless steel blade held in aluminum rib."
Advance,Advance Tension Roller for 62 in. Paste Mate Heavy Duty Pasting Machine (ADVA-A1675),ADVA-A1675,280,The Advance Tension Roller for 62 in. Paste Mate Heavy Duty Pasting Machine is designed to prolong the life of your favorite Paste Mate. Made from reinforced stainless steel. Shop our large inventory of Advance Pasting Machine Parts today!
Advance,Advance Top Cover for 62 in. Paste Mate B562HD,ADVA-1601,129.85,"The Advance Top Cover for 62 in. Paste Mate B562HD is the essential part that covers the paste reservoir tank, preventing outside substances from contaminating wallpaper paste and keeping rollers safe from harm."
Advance,Advance Transportation Shelf for 40 in. Heavy Duty Pasting Machine,ADVA-540TS,86,The Advance Transportation Shelf for 40 in. Heavy Duty Pasting Machine is the perfect accessory for maximizing the performance of your favorite Paste Mate. This transportation shelf fits the Paste Mate B540-HD.
Advance,Advance Transportation Shelf for 62 in. Heavy Duty Pasting Machine,ADVA-562TS,98,The Advance Transportation Shelf for 62 in. Heavy Duty Pasting Machine is the perfect accessory for maximizing the performance of your favorite Paste Mate. This transportation shelf fits the Paste Mate B562-HD.
Advance,Advance Trestles 36 in. Non-Skid Top Set,ADVA-15NS,87.92,"The Advance Trestles 36 in. Non-Skid Top Set is our most popular set. Made from maple with corrugated rubber embedded into the wood to ensure a Non-Skid Top, this trestle set is extra durable."
Advance,Advance Trestles 40 in. Non-Skid Top Set,ADVA-15NS40,94.93,"The Advance Trestles 40 in. Non-Skid Top Set is our most popular set. Made from maple with corrugated rubber embedded into the wood to ensure a Non-Skid Top, this trestle set is extra durable."
Advance,Advance Utility Saw with Wood Handle,ADVA-US21,12.13,The Advance Utility Saw with Wood Handle features a 6 in. steel blade with durable wooden handle. The hardened and tempered steel blade with bevel filed teeth prevents clogging.
Advance,Advance Vinyl Trimmer,ADVA-V30/30,37.98,The Advance Vinyl Trimmer is made from cast aluminum and is compatible with standard single edged razor blades. Designed for professional use on vinyl wallcovering material. Will give a virtually invisible seam.
Advance,Advance Wallpaper Shears,ADVA-108S/11,10.43,The Advance Wallpaper Shears are 11 in. in length with a durable plastic handle. Stainless steel cutting blades are extra wear-resistant.
Advance,Paste Roller for Paste Mate B562-HD Pasting Machine,ADVA-A1659,683.48,Paste Roller for Paste Mate B562-HD Pasting Machine and other replacement parts available to keep your Pasting Machine running at peak performance. Shop our inventory of Advance Pasting Machine Parts today!
Advance,"Paste Roller for Quick Paster 30"" Pasting Machine (ADVA-A1703)",ADVA-A1703,355.6,"Paste Roller for Quick Paster 30"" Pasting Machine (ADVA-A1703) Pasting Machine and other replacement parts available to keep your Pasting Machine running at peak performance. Shop our inventory of Advance Pasting Machine Parts today!"
Advance,Pickup Roller for Paste Mate B562-HD Pasting Machine,ADVA-A1661,398.25,Pickup Roller for Paste Mate B562-HD Pasting Machine and other replacement parts available to service your Advance Pasting Machine. Shop our selection of Advance Pasting Machine Parts to keep your Paste Mate running at peak performance.
Advance,"Ramco 32 Table Top Bracket , Left (ADVA-PM-136L)",ADVA-PM-136L,46.75,"Ramco 32 Table Top Bracket , Left (ADVA-PM-136L)"
Advance,"Ramco 32 Table Top Bracket , Right (ADVA-PM-136R)",ADVA-PM-136R,46.75,"Ramco 32 Table Top Bracket , Right (ADVA-PM-136R)"
Advance,Ramco 62 in. Paste Master Deluxe Gear with Shaft #0210,ADVA-PM-0210,99.43,"The Ramco 62 in. Paste Master Deluxe Gear with Shaft #0210 will extend the life of your favorite pasting machine, preserving its peak performance."
Advance,Ramco 62 in. Paste Master Deluxe Gear with Shaft #0220,ADVA-PM-0220,65.4,"The Ramco 62 in. Paste Master Deluxe Gear with Shaft #0220 will extend the life of your favorite pasting machine, preserving its peak performance."
Advance,Ramco 9 in. Lexan Smoothing Blade,ADVA-HT211,25.22,"The Ramco 9 in. Lexan Smoothing Blade is ideal for heavy vinyl wallcovering and wallpaper. Features a durable wooden handle and 9 in. width for smooth, fluid range of motion. Rigid Lexan Blade for maximum longevity."
Advance,Ramco Brass Thumb Screw (ADVA-PM-0423),ADVA-PM-0423,2.25,Ramco Brass Thumb Screw (ADVA-PM0423)
Advance,Ramco Cone 2 in. Thumb Screw,ADVA-FS020,1.36,The Ramco Cone 2 in. Thumb Screw is an essential part that will keep your favorite pasting machine running at peak performance.
Advance,Ramco DX Material Bar,ADVA-FS166,52.32,The Ramco DX Material Bar is an essential part that will keep your favorite pasting machine running at peak performance.
Advance,Reverse Feed Roller for Paste Mate B562-HD Pasting Machine,ADVA-A1613,378.95,"WallTools a leading supplier of professional tools for drywall hanging and drywall finishing, wallpaper, wallcovering, and ceiling grid. Major brands including automatic taping tools by Columbia Taping Tools, Blue Line & Tapepro, TapeTech, Level-5; Advance Paste machines; DeWalt Power tools; USG Sheetrock taping knives, Kraft, Trim-Tex, Porter Cable, and many more."
Apla-Tech,Apla-Tech  3 ft. Air-Cannon - Tube Only (APLA-CT30),APLA-CT30,142,"WallTools a leading supplier of professional tools for drywall hanging and drywall finishing, wallpaper, wallcovering, and ceiling grid. Major brands including automatic taping tools by Columbia Taping Tools, Blue Line & Tapepro, TapeTech, Level-5; Advance Paste machines; DeWalt Power tools; USG Sheetrock taping knives, Kraft, Trim-Tex, Porter Cable, and many more."
Apla-Tech,Apla-Tech  4 ft. Air-Box Cannon - Tube Only (APLA-BCT40),APLA-BCT40,281,"WallTools a leading supplier of professional tools for drywall hanging and drywall finishing, wallpaper, wallcovering, and ceiling grid. Major brands including automatic taping tools by Columbia Taping Tools, Blue Line & Tapepro, TapeTech, Level-5; Advance Paste machines; DeWalt Power tools; USG Sheetrock taping knives, Kraft, Trim-Tex, Porter Cable, and many more."
Apla-Tech,Apla-Tech  4 ft. Air-Cannon - Tube Only (APLA-CT40),APLA-CT40,167,"WallTools a leading supplier of professional tools for drywall hanging and drywall finishing, wallpaper, wallcovering, and ceiling grid. Major brands including automatic taping tools by Columbia Taping Tools, Blue Line & Tapepro, TapeTech, Level-5; Advance Paste machines; DeWalt Power tools; USG Sheetrock taping knives, Kraft, Trim-Tex, Porter Cable, and many more."
Apla-Tech,Apla-Tech  5 ft. Air-Cannon - Tube Only (APLA-CT50),APLA-CT50,195,"Apla-Tech 5ft. Air-Cannon, 5 ft. tube, Bare tube with plunger"
Apla-Tech,Apla-Tech 10 in. Slim Line Box - for AIR & CFS,APLA-SL10,537,Apla-Tech 10 in. Slim Line CFS/AIR Automatic Flat Finishing Box for use with the Apla-Tech Air Cannon or the Continuous Flow System. Designed for the professional drywall contractor by drywall professionals.
Apla-Tech,Apla-Tech 100 ft. x 3/16 in. Air-Cannon Hose (APLA-CH100),APLA-CH100,219,"WallTools a leading supplier of professional tools for drywall hanging and drywall finishing, wallpaper, wallcovering, and ceiling grid. Major brands including automatic taping tools by Columbia Taping Tools, Blue Line & Tapepro, TapeTech, Level-5; Advance Paste machines; DeWalt Power tools; USG Sheetrock taping knives, Kraft, Trim-Tex, Porter Cable, and many more."
Apla-Tech,Apla-Tech 12 in. Slim Line Box - for AIR & CFS (APLA-SL12),APLA-SL12,547,Apla-Tech 12 in. Slim Line CFS/AIR Automatic Flat Finishing Box for use with the Apla-Tech Air Cannon or the Continuous Flow System. Designed for the professional drywall contractor by drywall professionals.
Apla-Tech,Apla-Tech 2 ft. Air-Box Cannon - Tube Only (APLA-BCT20),APLA-BCT20,224,"WallTools a leading supplier of professional tools for drywall hanging and drywall finishing, wallpaper, wallcovering, and ceiling grid. Major brands including automatic taping tools by Columbia Taping Tools, Blue Line & Tapepro, TapeTech, Level-5; Advance Paste machines; DeWalt Power tools; USG Sheetrock taping knives, Kraft, Trim-Tex, Porter Cable, and many more."
Apla-Tech,Apla-Tech 2 ft. Air-Tape Apla-Cator - Tube Only (APLA-TA20),APLA-TA20,675,"WallTools a leading supplier of professional tools for drywall hanging and drywall finishing, wallpaper, wallcovering, and ceiling grid. Major brands including automatic taping tools by Columbia Taping Tools, Blue Line & Tapepro, TapeTech, Level-5; Advance Paste machines; DeWalt Power tools; USG Sheetrock taping knives, Kraft, Trim-Tex, Porter Cable, and many more."
Apla-Tech,Apla-Tech 2 ft. CFS-Finishing Pole (APLA-2CFSP),APLA-2CFSP,247,"WallTools a leading supplier of professional tools for drywall hanging and drywall finishing, wallpaper, wallcovering, and ceiling grid. Major brands including automatic taping tools by Columbia Taping Tools, Blue Line & Tapepro, TapeTech, Level-5; Advance Paste machines; DeWalt Power tools; USG Sheetrock taping knives, Kraft, Trim-Tex, Porter Cable, and many more."
Apla-Tech,Apla-Tech 2.5 ft. CFS-Finishing Pole (APLA-25CFSP),APLA-25CFSP,266,"WallTools a leading supplier of professional tools for drywall hanging and drywall finishing, wallpaper, wallcovering, and ceiling grid. Major brands including automatic taping tools by Columbia Taping Tools, Blue Line & Tapepro, TapeTech, Level-5; Advance Paste machines; DeWalt Power tools; USG Sheetrock taping knives, Kraft, Trim-Tex, Porter Cable, and many more."
Apla-Tech,Apla-Tech 25 ft. Texture Hose (APLA-TH25),APLA-TH25,304,"WallTools a leading supplier of professional tools for drywall hanging and drywall finishing, wallpaper, wallcovering, and ceiling grid. Major brands including automatic taping tools by Columbia Taping Tools, Blue Line & Tapepro, TapeTech, Level-5; Advance Paste machines; DeWalt Power tools; USG Sheetrock taping knives, Kraft, Trim-Tex, Porter Cable, and many more."
Apla-Tech,"Apla-Tech 25 ft. x 1/4 in. Pump Hose for Air-Pump Jr., Apla-Pump, & T-Series Pump (APLA-PH25)",APLA-PH25,91,"WallTools a leading supplier of professional tools for drywall hanging and drywall finishing, wallpaper, wallcovering, and ceiling grid. Major brands including automatic taping tools by Columbia Taping Tools, Blue Line & Tapepro, TapeTech, Level-5; Advance Paste machines; DeWalt Power tools; USG Sheetrock taping knives, Kraft, Trim-Tex, Porter Cable, and many more."
Apla-Tech,Apla-Tech 28 in. CFS-Tape Apla-Cator Tube with Insert (APLA-28CFSTTWI),APLA-28CFSTTWI,993,"WallTools a leading supplier of professional tools for drywall hanging and drywall finishing, wallpaper, wallcovering, and ceiling grid. Major brands including automatic taping tools by Columbia Taping Tools, Blue Line & Tapepro, TapeTech, Level-5; Advance Paste machines; DeWalt Power tools; USG Sheetrock taping knives, Kraft, Trim-Tex, Porter Cable, and many more."
Apla-Tech,Apla-Tech 3 ft. Air-Box Cannon - Tube Only (APLA-BCT30),APLA-BCT30,247,"WallTools a leading supplier of professional tools for drywall hanging and drywall finishing, wallpaper, wallcovering, and ceiling grid. Major brands including automatic taping tools by Columbia Taping Tools, Blue Line & Tapepro, TapeTech, Level-5; Advance Paste machines; DeWalt Power tools; USG Sheetrock taping knives, Kraft, Trim-Tex, Porter Cable, and many more."
Apla-Tech,Apla-Tech 3 ft. Air-Tape Apla-Cator - Tube Only (APLA-TA30),APLA-TA30,699,"WallTools a leading supplier of professional tools for drywall hanging and drywall finishing, wallpaper, wallcovering, and ceiling grid. Major brands including automatic taping tools by Columbia Taping Tools, Blue Line & Tapepro, TapeTech, Level-5; Advance Paste machines; DeWalt Power tools; USG Sheetrock taping knives, Kraft, Trim-Tex, Porter Cable, and many more."
Apla-Tech,Apla-Tech 3 ft. Angle Air-Cannon Complete w/50' Hose (APLA-ACC30),APLA-ACC30,998,"WallTools a leading supplier of professional tools for drywall hanging and drywall finishing, wallpaper, wallcovering, and ceiling grid. Major brands including automatic taping tools by Columbia Taping Tools, Blue Line & Tapepro, TapeTech, Level-5; Advance Paste machines; DeWalt Power tools; USG Sheetrock taping knives, Kraft, Trim-Tex, Porter Cable, and many more."
Apla-Tech,Apla-Tech 3 ft. Box Air-Cannon Complete w/50' Hose (APLA-BCC30),APLA-BCC30,1197,"WallTools a leading supplier of professional tools for drywall hanging and drywall finishing, wallpaper, wallcovering, and ceiling grid. Major brands including automatic taping tools by Columbia Taping Tools, Blue Line & Tapepro, TapeTech, Level-5; Advance Paste machines; DeWalt Power tools; USG Sheetrock taping knives, Kraft, Trim-Tex, Porter Cable, and many more."
Apla-Tech,Apla-Tech 3 ft. CFS-Box Handle (APLA-3BH),APLA-3BH,442,Apla-Tech 3 ft. CFS-Box Handle
Apla-Tech,Apla-Tech 3 ft. CFS-Finishing Pole (APLA-3CFSP),APLA-3CFSP,266,Apla-Tech 3 ft. CFS-Finishing Pole
Apla-Tech,Apla-Tech 3 ft. CFS-Tape Apla-Cator Tube with Insert (APLA-3CFSTTWI),APLA-3CFSTTWI,979,"WallTools a leading supplier of professional tools for drywall hanging and drywall finishing, wallpaper, wallcovering, and ceiling grid. Major brands including automatic taping tools by Columbia Taping Tools, Blue Line & Tapepro, TapeTech, Level-5; Advance Paste machines; DeWalt Power tools; USG Sheetrock taping knives, Kraft, Trim-Tex, Porter Cable, and many more."
Apla-Tech,Apla-Tech 3 in. Nail Spotter/Coater AIR/CFS (APLA-CO03),APLA-CO03,442,"WallTools a leading supplier of professional tools for drywall hanging and drywall finishing, wallpaper, wallcovering, and ceiling grid. Major brands including automatic taping tools by Columbia Taping Tools, Blue Line & Tapepro, TapeTech, Level-5; Advance Paste machines; DeWalt Power tools; USG Sheetrock taping knives, Kraft, Trim-Tex, Porter Cable, and many more."
Apla-Tech,Apla-Tech 3.5 ft. CFS-Box Handle (APLA-35BH),APLA-35BH,452,"WallTools a leading supplier of professional tools for drywall hanging and drywall finishing, wallpaper, wallcovering, and ceiling grid. Major brands including automatic taping tools by Columbia Taping Tools, Blue Line & Tapepro, TapeTech, Level-5; Advance Paste machines; DeWalt Power tools; USG Sheetrock taping knives, Kraft, Trim-Tex, Porter Cable, and many more."
Apla-Tech,Apla-Tech 4 ft. Air-Tape Apla-Cator - Tube Only (APLA-TA40),APLA-TA40,718,"WallTools a leading supplier of professional tools for drywall hanging and drywall finishing, wallpaper, wallcovering, and ceiling grid. Major brands including automatic taping tools by Columbia Taping Tools, Blue Line & Tapepro, TapeTech, Level-5; Advance Paste machines; DeWalt Power tools; USG Sheetrock taping knives, Kraft, Trim-Tex, Porter Cable, and many more."
Apla-Tech,Apla-Tech 4 ft. Angle Air-Cannon Complete w/50' Hose (APLA-ACC40),APLA-ACC40,1012,"WallTools a leading supplier of professional tools for drywall hanging and drywall finishing, wallpaper, wallcovering, and ceiling grid. Major brands including automatic taping tools by Columbia Taping Tools, Blue Line & Tapepro, TapeTech, Level-5; Advance Paste machines; DeWalt Power tools; USG Sheetrock taping knives, Kraft, Trim-Tex, Porter Cable, and many more."
Apla-Tech,Apla-Tech 4 ft. Box Air-Cannon Complete w/50' Hose (APLA-BCC40),APLA-BCC40,1226,"WallTools a leading supplier of professional tools for drywall hanging and drywall finishing, wallpaper, wallcovering, and ceiling grid. Major brands including automatic taping tools by Columbia Taping Tools, Blue Line & Tapepro, TapeTech, Level-5; Advance Paste machines; DeWalt Power tools; USG Sheetrock taping knives, Kraft, Trim-Tex, Porter Cable, and many more."
Apla-Tech,Apla-Tech 4 ft. CFS-Finishing Pole (APLA-4CFSP),APLA-4CFSP,276,"WallTools a leading supplier of professional tools for drywall hanging and drywall finishing, wallpaper, wallcovering, and ceiling grid. Major brands including automatic taping tools by Columbia Taping Tools, Blue Line & Tapepro, TapeTech, Level-5; Advance Paste machines; DeWalt Power tools; USG Sheetrock taping knives, Kraft, Trim-Tex, Porter Cable, and many more."
Apla-Tech,Apla-Tech 4 ft. CFS-Finishing Pole Complete (APLA-4CFSPC),APLA-4CFSPC,936,"WallTools a leading supplier of professional tools for drywall hanging and drywall finishing, wallpaper, wallcovering, and ceiling grid. Major brands including automatic taping tools by Columbia Taping Tools, Blue Line & Tapepro, TapeTech, Level-5; Advance Paste machines; DeWalt Power tools; USG Sheetrock taping knives, Kraft, Trim-Tex, Porter Cable, and many more."
Apla-Tech,Apla-Tech 4 ft. CFS-Tape Apla-Cator Tube with Insert (APLA-4CFSTTWI),APLA-4CFSTTWI,993,"WallTools a leading supplier of professional tools for drywall hanging and drywall finishing, wallpaper, wallcovering, and ceiling grid. Major brands including automatic taping tools by Columbia Taping Tools, Blue Line & Tapepro, TapeTech, Level-5; Advance Paste machines; DeWalt Power tools; USG Sheetrock taping knives, Kraft, Trim-Tex, Porter Cable, and many more."
Apla-Tech,Apla-Tech 4.5 ft. CFS-Box Handle (APLA-45BH),APLA-45BH,509,"WallTools a leading supplier of professional tools for drywall hanging and drywall finishing, wallpaper, wallcovering, and ceiling grid. Major brands including automatic taping tools by Columbia Taping Tools, Blue Line & Tapepro, TapeTech, Level-5; Advance Paste machines; DeWalt Power tools; USG Sheetrock taping knives, Kraft, Trim-Tex, Porter Cable, and many more."
Apla-Tech,Apla-Tech 4.5 in. Nail Spotter/Coater AIR/CFS (APLA-CO45),APLA-CO45,452,"WallTools a leading supplier of professional tools for drywall hanging and drywall finishing, wallpaper, wallcovering, and ceiling grid. Major brands including automatic taping tools by Columbia Taping Tools, Blue Line & Tapepro, TapeTech, Level-5; Advance Paste machines; DeWalt Power tools; USG Sheetrock taping knives, Kraft, Trim-Tex, Porter Cable, and many more."
Apla-Tech,Apla-Tech 5 ft. Air-Box Cannon - Tube Only (APLA-BCT50),APLA-BCT50,304,"WallTools a leading supplier of professional tools for drywall hanging and drywall finishing, wallpaper, wallcovering, and ceiling grid. Major brands including automatic taping tools by Columbia Taping Tools, Blue Line & Tapepro, TapeTech, Level-5; Advance Paste machines; DeWalt Power tools; USG Sheetrock taping knives, Kraft, Trim-Tex, Porter Cable, and many more."
Apla-Tech,Apla-Tech 5 ft. Air-Tape Apla-Cator - Tube Only (APLA-TA50),APLA-TA50,737,"WallTools a leading supplier of professional tools for drywall hanging and drywall finishing, wallpaper, wallcovering, and ceiling grid. Major brands including automatic taping tools by Columbia Taping Tools, Blue Line & Tapepro, TapeTech, Level-5; Advance Paste machines; DeWalt Power tools; USG Sheetrock taping knives, Kraft, Trim-Tex, Porter Cable, and many more."
Apla-Tech,Apla-Tech 5 ft. Box Air-Cannon Complete w/50' Hose,APLA-BCC50,1250,"The Apla-Tech 5 ft. Box Air-Cannon Complete w/50' Hose is used to deliver compressed air to the spray gun, which helps to atomize the texture material and create a smooth, even finish."
Apla-Tech,Apla-Tech 5 ft. CFS-Finishing Pole (APLA-5CFSP),APLA-5CFSP,399,"WallTools a leading supplier of professional tools for drywall hanging and drywall finishing, wallpaper, wallcovering, and ceiling grid. Major brands including automatic taping tools by Columbia Taping Tools, Blue Line & Tapepro, TapeTech, Level-5; Advance Paste machines; DeWalt Power tools; USG Sheetrock taping knives, Kraft, Trim-Tex, Porter Cable, and many more."
Apla-Tech,Apla-Tech 5 ft. CFS-Tape Apla-Cator Tube with Insert (APLA-5CFSTTWI),APLA-5CFSTTWI,1022,"WallTools a leading supplier of professional tools for drywall hanging and drywall finishing, wallpaper, wallcovering, and ceiling grid. Major brands including automatic taping tools by Columbia Taping Tools, Blue Line & Tapepro, TapeTech, Level-5; Advance Paste machines; DeWalt Power tools; USG Sheetrock taping knives, Kraft, Trim-Tex, Porter Cable, and many more."
Apla-Tech,Apla-Tech 5.5 in. Nail Spotter/Coater AIR/CFS (APLA-CO55),APLA-CO55,461,"WallTools a leading supplier of professional tools for drywall hanging and drywall finishing, wallpaper, wallcovering, and ceiling grid. Major brands including automatic taping tools by Columbia Taping Tools, Blue Line & Tapepro, TapeTech, Level-5; Advance Paste machines; DeWalt Power tools; USG Sheetrock taping knives, Kraft, Trim-Tex, Porter Cable, and many more."
Apla-Tech,Apla-Tech 50 ft. Texture Hose (APLA-TH50),APLA-TH50,456,"WallTools a leading supplier of professional tools for drywall hanging and drywall finishing, wallpaper, wallcovering, and ceiling grid. Major brands including automatic taping tools by Columbia Taping Tools, Blue Line & Tapepro, TapeTech, Level-5; Advance Paste machines; DeWalt Power tools; USG Sheetrock taping knives, Kraft, Trim-Tex, Porter Cable, and many more."
Apla-Tech,Apla-Tech 50 ft. x 3/16 in. Air-Cannon Hose (APLA-CH50),APLA-CH50,148,"WallTools a leading supplier of professional tools for drywall hanging and drywall finishing, wallpaper, wallcovering, and ceiling grid. Major brands including automatic taping tools by Columbia Taping Tools, Blue Line & Tapepro, TapeTech, Level-5; Advance Paste machines; DeWalt Power tools; USG Sheetrock taping knives, Kraft, Trim-Tex, Porter Cable, and many more."
Apla-Tech,Apla-Tech 6 ft. CFS-Box Handle (APLA-6BH),APLA-6BH,547,"WallTools a leading supplier of professional tools for drywall hanging and drywall finishing, wallpaper, wallcovering, and ceiling grid. Major brands including automatic taping tools by Columbia Taping Tools, Blue Line & Tapepro, TapeTech, Level-5; Advance Paste machines; DeWalt Power tools; USG Sheetrock taping knives, Kraft, Trim-Tex, Porter Cable, and many more."
Apla-Tech,Apla-Tech 6 ft. CFS-Finishing Pole (APLA-6CFSP),APLA-6CFSP,409,"WallTools a leading supplier of professional tools for drywall hanging and drywall finishing, wallpaper, wallcovering, and ceiling grid. Major brands including automatic taping tools by Columbia Taping Tools, Blue Line & Tapepro, TapeTech, Level-5; Advance Paste machines; DeWalt Power tools; USG Sheetrock taping knives, Kraft, Trim-Tex, Porter Cable, and many more."
Apla-Tech,Apla-Tech 7 in. Slim Line Box - for AIR & CFS (APLA-SL7),APLA-SL7,528,"WallTools a leading supplier of professional tools for drywall hanging and drywall finishing, wallpaper, wallcovering, and ceiling grid. Major brands including automatic taping tools by Columbia Taping Tools, Blue Line & Tapepro, TapeTech, Level-5; Advance Paste machines; DeWalt Power tools; USG Sheetrock taping knives, Kraft, Trim-Tex, Porter Cable, and many more."
Apla-Tech,Apla-Tech Air Box Attachment (APLA-ABA),APLA-ABA,250,Apla-Tech Air-Cannon Filler
Apla-Tech,Apla-Tech Air Mud End (APLA-ME),APLA-ME,300,Apla-Tech Air Mud End
Apla-Tech,Apla-Tech Air Mud End Complete (APLA-MEC),APLA-MEC,689,Apla-Tech Air-Cannon Filler
Apla-Tech,Apla-Tech Air Mud End W/Gooseneck (APLA-MEG),APLA-MEG,404,Apla-Tech Air Mud End W/Gooseneck
Apla-Tech,Apla-Tech Air-Cannon Filler (APLA-CF),APLA-CF,33.76,"WallTools a leading supplier of professional tools for drywall hanging and drywall finishing, wallpaper, wallcovering, and ceiling grid. Major brands including automatic taping tools by Columbia Taping Tools, Blue Line & Tapepro, TapeTech, Level-5; Advance Paste machines; DeWalt Power tools; USG Sheetrock taping knives, Kraft, Trim-Tex, Porter Cable, and many more."
Apla-Tech,Apla-Tech Air-Cannon Flat Box Adaptor (APLA-BA),APLA-BA,292.95,Apla-Tech Air-Cannon Flat Box Adaptor
Apla-Tech,Apla-Tech Air-Cannon Texture Attachment (APLA-CTA),APLA-CTA,199.5,"WallTools a leading supplier of professional tools for drywall hanging and drywall finishing, wallpaper, wallcovering, and ceiling grid. Major brands including automatic taping tools by Columbia Taping Tools, Blue Line & Tapepro, TapeTech, Level-5; Advance Paste machines; DeWalt Power tools; USG Sheetrock taping knives, Kraft, Trim-Tex, Porter Cable, and many more."
Apla-Tech,Apla-Tech Air-Pump Jr. Flat Box Filler (APLA-JRBF),APLA-JRBF,57,"WallTools a leading supplier of professional tools for drywall hanging and drywall finishing, wallpaper, wallcovering, and ceiling grid. Major brands including automatic taping tools by Columbia Taping Tools, Blue Line & Tapepro, TapeTech, Level-5; Advance Paste machines; DeWalt Power tools; USG Sheetrock taping knives, Kraft, Trim-Tex, Porter Cable, and many more."
Apla-Tech,Apla-Tech Air-Pump Jr. Taper Filler (APLA-JRMTF),APLA-JRMTF,141.75,"WallTools a leading supplier of professional tools for drywall hanging and drywall finishing, wallpaper, wallcovering, and ceiling grid. Major brands including automatic taping tools by Columbia Taping Tools, Blue Line & Tapepro, TapeTech, Level-5; Advance Paste machines; DeWalt Power tools; USG Sheetrock taping knives, Kraft, Trim-Tex, Porter Cable, and many more."
Apla-Tech,Apla-Tech Air-Tape Apla-Cator Head (APLA-TAHO),APLA-TAHO,1378,"WallTools a leading supplier of professional tools for drywall hanging and drywall finishing, wallpaper, wallcovering, and ceiling grid. Major brands including automatic taping tools by Columbia Taping Tools, Blue Line & Tapepro, TapeTech, Level-5; Advance Paste machines; DeWalt Power tools; USG Sheetrock taping knives, Kraft, Trim-Tex, Porter Cable, and many more."
Apla-Tech,Apla-Tech Air-Trigger Valve (APLA-ATV),APLA-ATV,373.05,"WallTools a leading supplier of professional tools for drywall hanging and drywall finishing, wallpaper, wallcovering, and ceiling grid. Major brands including automatic taping tools by Columbia Taping Tools, Blue Line & Tapepro, TapeTech, Level-5; Advance Paste machines; DeWalt Power tools; USG Sheetrock taping knives, Kraft, Trim-Tex, Porter Cable, and many more."
Apla-Tech,Apla-Tech Air-Trigger Valve with Brake (APLA-ATVB),APLA-ATVB,409,"WallTools a leading supplier of professional tools for drywall hanging and drywall finishing, wallpaper, wallcovering, and ceiling grid. Major brands including automatic taping tools by Columbia Taping Tools, Blue Line & Tapepro, TapeTech, Level-5; Advance Paste machines; DeWalt Power tools; USG Sheetrock taping knives, Kraft, Trim-Tex, Porter Cable, and many more."
Apla-Tech,Apla-Tech AIR/CFS Gooseneck (APLA-GN),APLA-GN,105,Apla-Tech AIR/CFS Gooseneck
Apla-Tech,Apla-Tech Apla-Pump,APLA-AP-PUMP,3600,"The Apla-Tech Apla-Pump is a texture pump that is used for applying texture materials, such as joint compound or stucco, to walls and ceilings. Weighs 54 lbs., Rolls easily on pneumatic tires."
Apla-Tech,Apla-Tech Apla-Pump Texture Pump W/Out Hose & Gun,APLA-APTO-PUMP,3600,The Apla-Tech Apla-Pump Texture Pump W/Out Hose & Gun is a standalone pump that is used in conjunction with a texture spray gun and hose to apply texture to walls and ceilings.
Apla-Tech,Apla-Tech Apla-Taper II Kit w/ Mesh Master Banjo (APLA-AT-II),APLA-AT-II,258.3,"WallTools a leading supplier of professional tools for drywall hanging and drywall finishing, wallpaper, wallcovering, and ceiling grid. Major brands including automatic taping tools by Columbia Taping Tools, Blue Line & Tapepro, TapeTech, Level-5; Advance Paste machines; DeWalt Power tools; USG Sheetrock taping knives, Kraft, Trim-Tex, Porter Cable, and many more."
Apla-Tech,Apla-Tech Box Filler Kit - for Apla-Pump and T-Series Pump (APLA-TTFO),APLA-TTFO,76,"WallTools a leading supplier of professional tools for drywall hanging and drywall finishing, wallpaper, wallcovering, and ceiling grid. Major brands including automatic taping tools by Columbia Taping Tools, Blue Line & Tapepro, TapeTech, Level-5; Advance Paste machines; DeWalt Power tools; USG Sheetrock taping knives, Kraft, Trim-Tex, Porter Cable, and many more."
Apla-Tech,Apla-Tech CFS Finishing Pole Only (APLA-CFSP),APLA-CFSP,266,Apla-Tech CFS Finishing Pole Only
Apla-Tech,Apla-Tech CFS Flat Box Handle Complete (APLA-BHC),APLA-BHC,1221,Apla-Tech CFS Flat Box Handle
Apla-Tech,Apla-Tech CFS Flat Box Handle Complete 3',APLA-3BHC,1207,"WallTools a leading supplier of professional tools for drywall hanging and drywall finishing, wallpaper, wallcovering, and ceiling grid. Major brands including automatic taping tools by Columbia Taping Tools, Blue Line & Tapepro, TapeTech, Level-5; Advance Paste machines; DeWalt Power tools; USG Sheetrock taping knives, Kraft, Trim-Tex, Porter Cable, and many more."
Apla-Tech,Apla-Tech CFS Flat Box Handle Complete 3.5',APLA-35BHC,1221,"WallTools a leading supplier of professional tools for drywall hanging and drywall finishing, wallpaper, wallcovering, and ceiling grid. Major brands including automatic taping tools by Columbia Taping Tools, Blue Line & Tapepro, TapeTech, Level-5; Advance Paste machines; DeWalt Power tools; USG Sheetrock taping knives, Kraft, Trim-Tex, Porter Cable, and many more."
Apla-Tech,Apla-Tech CFS Flat Box Handle Complete 4.5',APLA-45BHC,1278,"WallTools a leading supplier of professional tools for drywall hanging and drywall finishing, wallpaper, wallcovering, and ceiling grid. Major brands including automatic taping tools by Columbia Taping Tools, Blue Line & Tapepro, TapeTech, Level-5; Advance Paste machines; DeWalt Power tools; USG Sheetrock taping knives, Kraft, Trim-Tex, Porter Cable, and many more."
Apla-Tech,Apla-Tech CFS Flat Box Handle Complete 6',APLA-6BHC,1316,"WallTools a leading supplier of professional tools for drywall hanging and drywall finishing, wallpaper, wallcovering, and ceiling grid. Major brands including automatic taping tools by Columbia Taping Tools, Blue Line & Tapepro, TapeTech, Level-5; Advance Paste machines; DeWalt Power tools; USG Sheetrock taping knives, Kraft, Trim-Tex, Porter Cable, and many more."
Apla-Tech,Apla-Tech CFS-Connector Only (APLA-CFSCO),APLA-CFSCO,220.5,"WallTools a leading supplier of professional tools for drywall hanging and drywall finishing, wallpaper, wallcovering, and ceiling grid. Major brands including automatic taping tools by Columbia Taping Tools, Blue Line & Tapepro, TapeTech, Level-5; Advance Paste machines; DeWalt Power tools; USG Sheetrock taping knives, Kraft, Trim-Tex, Porter Cable, and many more."
Apla-Tech,Apla-Tech CFS-Flow Valve (APLA-FVO),APLA-FVO,233,"WallTools a leading supplier of professional tools for drywall hanging and drywall finishing, wallpaper, wallcovering, and ceiling grid. Major brands including automatic taping tools by Columbia Taping Tools, Blue Line & Tapepro, TapeTech, Level-5; Advance Paste machines; DeWalt Power tools; USG Sheetrock taping knives, Kraft, Trim-Tex, Porter Cable, and many more."
Apla-Tech,Apla-Tech CFS-Graco In-line Trigger (APLA-GINTO),APLA-GINTO,370,"WallTools a leading supplier of professional tools for drywall hanging and drywall finishing, wallpaper, wallcovering, and ceiling grid. Major brands including automatic taping tools by Columbia Taping Tools, Blue Line & Tapepro, TapeTech, Level-5; Advance Paste machines; DeWalt Power tools; USG Sheetrock taping knives, Kraft, Trim-Tex, Porter Cable, and many more."
Apla-Tech,Apla-Tech CFS-Tape Apla-Cator Head (APLA-CFSTAHO),APLA-CFSTAHO,1378,"WallTools a leading supplier of professional tools for drywall hanging and drywall finishing, wallpaper, wallcovering, and ceiling grid. Major brands including automatic taping tools by Columbia Taping Tools, Blue Line & Tapepro, TapeTech, Level-5; Advance Paste machines; DeWalt Power tools; USG Sheetrock taping knives, Kraft, Trim-Tex, Porter Cable, and many more."
Apla-Tech,"Apla-Tech CFS-Tape Apla-Cator Tube with Insert (APLA-28CFSTTWI, 3CFSTTWI, 4CFSTTWI, 5CFSTTWI)",APLA-CFSTTWI,979,"WallTools a leading supplier of professional tools for drywall hanging and drywall finishing, wallpaper, wallcovering, and ceiling grid. Major brands including automatic taping tools by Columbia Taping Tools, Blue Line & Tapepro, TapeTech, Level-5; Advance Paste machines; DeWalt Power tools; USG Sheetrock taping knives, Kraft, Trim-Tex, Porter Cable, and many more."
Apla-Tech,Apla-Tech CFS-Trigger Guard with Brake (APLA-TGWB),APLA-TGWB,205,"WallTools a leading supplier of professional tools for drywall hanging and drywall finishing, wallpaper, wallcovering, and ceiling grid. Major brands including automatic taping tools by Columbia Taping Tools, Blue Line & Tapepro, TapeTech, Level-5; Advance Paste machines; DeWalt Power tools; USG Sheetrock taping knives, Kraft, Trim-Tex, Porter Cable, and many more."
Apla-Tech,Apla-Tech Continuous Flow System Full Set,APLA-CFSSET,5315,"Continuous flow taping and finishing tools supply a constant even flow of compound, eliminating trips back to a manual pump to reload. Saving time and strain."
Apla-Tech,Apla-Tech Fan Spray Texture Tip  (APLA-FSTP),APLA-FSTP,129,"WallTools a leading supplier of professional tools for drywall hanging and drywall finishing, wallpaper, wallcovering, and ceiling grid. Major brands including automatic taping tools by Columbia Taping Tools, Blue Line & Tapepro, TapeTech, Level-5; Advance Paste machines; DeWalt Power tools; USG Sheetrock taping knives, Kraft, Trim-Tex, Porter Cable, and many more."
Apla-Tech,Apla-Tech Flat Mud Head - for AIR & CFS (APLA-FMH),APLA-FMH,262,"WallTools a leading supplier of professional tools for drywall hanging and drywall finishing, wallpaper, wallcovering, and ceiling grid. Major brands including automatic taping tools by Columbia Taping Tools, Blue Line & Tapepro, TapeTech, Level-5; Advance Paste machines; DeWalt Power tools; USG Sheetrock taping knives, Kraft, Trim-Tex, Porter Cable, and many more."
Apla-Tech,Apla-Tech Inside 90 Mud Head - for AIR & CFS (APLA-I90MH),APLA-I90MH,271,"WallTools a leading supplier of professional tools for drywall hanging and drywall finishing, wallpaper, wallcovering, and ceiling grid. Major brands including automatic taping tools by Columbia Taping Tools, Blue Line & Tapepro, TapeTech, Level-5; Advance Paste machines; DeWalt Power tools; USG Sheetrock taping knives, Kraft, Trim-Tex, Porter Cable, and many more."
Apla-Tech,Apla-Tech Jr. Cannon Filler Tube (APLA-CFT),APLA-CFT,42.5,Apla-Tech Jr. Cannon Filler Tube
Apla-Tech,Apla-Tech Outside 90 Mud Head - for AIR & CFS (APLA-O90MH),APLA-O90MH,347,"WallTools a leading supplier of professional tools for drywall hanging and drywall finishing, wallpaper, wallcovering, and ceiling grid. Major brands including automatic taping tools by Columbia Taping Tools, Blue Line & Tapepro, TapeTech, Level-5; Advance Paste machines; DeWalt Power tools; USG Sheetrock taping knives, Kraft, Trim-Tex, Porter Cable, and many more."
Apla-Tech,Apla-Tech Swivel Inlet for Apla-Tech CFS-Graco In-line Trigger Gun APLA-GINTO (APLA-238817),APLA-238817,77,Apla-Tech Swivel Inlet for Apla-Tech CFS-Graco In-line Trigger Gun APLA-GINTO (APLA-238817)
Apla-Tech,Apla-Tech T-Series Pump,APLA-TS-PUMP,3800,"Apla-Tech T-Series Pump is the key component of the Apla-Tech’s Continuous Flow System and is responsible for supplying the hopper with material and maintaining a consistent flow rate. Weighs 66 lbs., Rolls easily on pneumatic tires."
Apla-Tech,Apla-Tech T-Series Pump Floating Lid (APLA-FLC),APLA-FLC,35.1,"WallTools a leading supplier of professional tools for drywall hanging and drywall finishing, wallpaper, wallcovering, and ceiling grid. Major brands including automatic taping tools by Columbia Taping Tools, Blue Line & Tapepro, TapeTech, Level-5; Advance Paste machines; DeWalt Power tools; USG Sheetrock taping knives, Kraft, Trim-Tex, Porter Cable, and many more."
Apla-Tech,Apla-Tech T-Series Pump J-Tube (APLA-JTC),APLA-JTC,168,"WallTools a leading supplier of professional tools for drywall hanging and drywall finishing, wallpaper, wallcovering, and ceiling grid. Major brands including automatic taping tools by Columbia Taping Tools, Blue Line & Tapepro, TapeTech, Level-5; Advance Paste machines; DeWalt Power tools; USG Sheetrock taping knives, Kraft, Trim-Tex, Porter Cable, and many more."
Apla-Tech,Apla-Tech T-Series Pump Spray Hose  (APLA-SHC),APLA-SHC,56.05,"WallTools a leading supplier of professional tools for drywall hanging and drywall finishing, wallpaper, wallcovering, and ceiling grid. Major brands including automatic taping tools by Columbia Taping Tools, Blue Line & Tapepro, TapeTech, Level-5; Advance Paste machines; DeWalt Power tools; USG Sheetrock taping knives, Kraft, Trim-Tex, Porter Cable, and many more."
Apla-Tech,Apla-Tech T-Series Texture Pump W/Out Hose & Gun,APLA-TSTO-PUMP,3800,"The Apla-Tech T-Series Texture Pump W/Out Hose & Gun is a standalone version of the T-Series Pump, which is designed to be used with Apla-Tech’s Continuous Flow System for drywall finishing and texturing."
Apla-Tech Parts,"Apla-Tech Coater 10"" Blade Kit (APLA-17-10)",APLA-17-10,16.55,"Apla-Tech Coater 10"" Blade Kit"
Apla-Tech Parts,"Apla-Tech Coater 12"" Blade Kit (APLA-17-12)",APLA-17-12,17.64,"Apla-Tech Coater 12"" Blade Kit"
Apla-Tech Parts,"Apla-Tech Coater 7"" Blade Kit (APLA-17-7)",APLA-17-7,15.5,"Apla-Tech Coater 7"" Blade Kit"
Apla-Tech Parts,Apla-Tech Coater Skid Plate (APLA-FB-004),APLA-FB-004,18.9,Apla-Tech Coater Skid Plate
AST,AST 1/2 in. Hardened Steel Pole Gun Tip (AMER-00143),AMER-00143,80.99,AST 1/2 in. Hardened Steel Pole Gun Tip
AST,AST 1/4 in. Hardened Steel Pole Gun Tip (AMER-00124),AMER-00124,80.99,AST 1/4 in. Hardened Steel Pole Gun Tip
AST,AST 1L3 Stator Shaft for Kodiak M2 (AMER-00556),AMER-00556,370,AST 1L3 Stator Shaft for Kodiak M2
AST,AST 3/16 in. Hardened Steel Pole Gun Tip (AMER-00123),AMER-00123,80.99,AST 3/16 in. Hardened Steel Pole Gun Tip
AST,AST 3/8 in. Hardened Steel Pole Gun Tip (AMER-00126),AMER-00126,80.99,AST 3/8 in. Hardened Steel Pole Gun Tip
AST,AST 5/16 in. Hardened Steel Pole Gun Tip (AMER-00125),AMER-00125,80.99,AST 5/16 in. Hardened Steel Pole Gun Tip
AST,AST 7/16 in. Hardened Steel Pole Gun Tip (AMER-00127),AMER-00127,80.99,AST 7/16 in. Hardened Steel Pole Gun Tip
AST,AST Kodiak M2 Texture Sprayer Package for USG Ensemble (AMER-USGKODIAK),AMER-USGKODIAK,9458,AST Kodiak M2 Texture Sprayer for USG Ensemble
AST,AST Kodiak M2 Texture Sprayer Package for USG Ensemble (AMER-USGKODIAK2),AMER-USGKODIAK2,7895,AST Kodiak M2 Texture Sprayer for USG Ensemble
AST,AST Kodiak M2 Texture Sprayer with 70' of Hose (AMER-KODIAK),AMER-KODIAKX,5600,AST Kodiak M2 Texture Sprayer
AST,AST Pump Drive Shaft (Con Rod) Square Drive (AMER-00103),AMER-00103,150.99,AST Pump Drive Shaft (Con Rod) Square Drive
AST,Kodiak 1L3 Stator Tube,AMER-00486,249,Kodiak 1L3 Stator Tube
Bead Boxers,Bead Boxers Flat Box Cornerbead Kit (WHSE-BDX),WHSE-BDX,49.99,Finish cornerbead with your flatbox using the Bead Boxers Flat Box Cornerbead Kit
Better-than-Ever Tools,Better-than-Ever Compound Tube Replacement Handle Grip (BETT-CT-08),BETT-CT08,3.95,Better-than-Ever Compound Tube Replacement Handle Grip
Better-than-Ever Tools,Better-than-Ever Corner Flusher Ball End for Corner Flusher Handle (BETT-EP-CF-11),BETT-EP-CF11,24.95,Better-than-Ever Corner Flusher Ball End for Corner Flusher Handle
Blue Line Parts,Blue Line USA #10 Brass Washer (BLUE-B004),BLUE-B004,1.16,Blue Line USA #10 Brass Washer (BLUE-B004)
Blue Line Parts,Blue Line USA #14 Brass Washer (BLUE-B183),BLUE-B183,0.87,Blue Line USA #14 Brass Washer (BLUE-B183)
Blue Line Parts,Blue Line USA #4 Medium Spring Lock Washer (BLUE-B032),BLUE-B032,0.59,Blue Line USA #4 Medium Spring Lock Washer (BLUE-B032)
Blue Line Parts,Blue Line USA #6 Ext Washer (BLUE-B103),BLUE-B103,0.87,Blue Line USA #6 Ext Washer (BLUE-B103)
Blue Line Parts,Blue Line USA 1/4 in. Washer Standard (BLUE-B181),BLUE-B181,0.87,Blue Line USA 1/4 in. Washer Standard (BLUE-B181)
Blue Line Parts,Blue Line USA 1/4-20 x 1/2 in. Flat Hd Screw (BLUE-B165),BLUE-B165,0.87,Blue Line USA 1/4-20 x 1/2 in. Flat Hd Screw (BLUE-B165)
Blue Line Parts,Blue Line USA 10-32 Special Nut (BLUE-B152),BLUE-B152,2.9,Blue Line USA 10-32 Special Nut (BLUE-B152)
Blue Line Parts,Blue Line USA 10-32 Thin Pattern Stopnut (BLUE-B154),BLUE-B154,0.87,Blue Line USA 10-32 Thin Pattern Stopnut (BLUE-B154)
Blue Line Parts,Blue Line USA 10-32 x 1 in. Flat Hd Screw (BLUE-B195),BLUE-B195,0.87,Blue Line USA 10-32 x 1 in. Flat Hd Screw (BLUE-B195)
Blue Line Parts,Blue Line USA 2-56 x 1/8 in. BH Screw (BLUE-B101),BLUE-B101,0.87,Blue Line USA 2-56 x 1/8 in. BH Screw (BLUE-B101)
Blue Line Parts,Blue Line USA 3 in. Spring (BLUE-CF005-3),BLUE-CF005-3,6.37,Blue Line USA 3 in. Spring (BLUE-CF005-3)
Blue Line Parts,Blue Line USA 3-48 Miniature Hex Nut (BLUE-B075),BLUE-B075,0.87,Blue Line USA 3-48 Miniature Hex Nut (BLUE-B075)
Blue Line Parts,Blue Line USA 3-48 Spec. Tie Rod (BLUE-B138),BLUE-B138,28.37,Blue Line USA 3-48 Spec. Tie Rod (BLUE-B138)
Blue Line Parts,Blue Line USA 4-40 Hex Nut (BLUE-B120),BLUE-B120,0.87,Blue Line USA 4-40 Hex Nut (BLUE-B120)
Blue Line Parts,Blue Line USA 4-40 X 3/16 Set Screw (Black) (BLUE-CF009),BLUE-CF009,0.87,Blue Line USA 4-40 X 3/16 Set Screw (Black) (BLUE-CF009)
Blue Line Parts,Blue Line USA 4-40 x 3/16 Truss Hd Screw (BLUE-B106),BLUE-B106,0.87,Blue Line USA 4-40 x 3/16 Truss Hd Screw (BLUE-B106)
Blue Line Parts,Blue Line USA 4-40 x 3/8 in. BH Screw (BLUE-B194),BLUE-B194,0.87,Blue Line USA 4-40 x 3/8 in. BH Screw (BLUE-B194)
Blue Line Parts,Blue Line USA 4-40 x 3/8 in. Filstr Hd Screw (BLUE-B025),BLUE-B025,1.16,Blue Line USA 4-40 x 3/8 in. Filstr Hd Screw (BLUE-B025)
Blue Line Parts,Blue Line USA 5-40 x 13/32 in. BH Screw (BLUE-B164),BLUE-B164,0.87,Blue Line USA 5-40 x 13/32 in. BH Screw (BLUE-B164)
Blue Line Parts,Blue Line USA 5-40 x 3/4 in. RD Hd Screw (BLUE-B158),BLUE-B158,0.87,Blue Line USA 5-40 x 3/4 in. RD Hd Screw (BLUE-B158)
Blue Line Parts,Blue Line USA 6 x 5/16 in. BH Type Z Self Tap Screw (BLUE-B134),BLUE-B134,0.87,Blue Line USA 6 x 5/16 in. BH Type Z Self Tap Screw (BLUE-B134)
Blue Line Parts,Blue Line USA 6-32 x 1/4 Filstr Hd Screw (BLUE-B105),BLUE-B105,0.87,Blue Line USA 6-32 x 1/4 Filstr Hd Screw (BLUE-B105)
Blue Line Parts,Blue Line USA 6-32 x 1/4 in. Flat Hd Screw (BLUE-B136),BLUE-B136,0.87,Blue Line USA 6-32 x 1/4 in. Flat Hd Screw (BLUE-B136)
Blue Line Parts,Blue Line USA 6-32 x 3/16 in. RD Hd Screw (BLUE-B174),BLUE-B174,0.87,Blue Line USA 6-32 x 3/16 in. RD Hd Screw (BLUE-B174)
Blue Line Parts,Blue Line USA 6-32 x 3/8 in. Filstr Hd Screw (BLUE-B086),BLUE-B086,0.87,Blue Line USA 6-32 x 3/8 in. Filstr Hd Screw (BLUE-B086)
Blue Line Parts,Blue Line USA 6-32 x 5/16 in. RD Screw (BLUE-B050),BLUE-B050,0.87,Blue Line USA 6-32 x 5/16 in. RD Screw (BLUE-B050)
Blue Line Parts,Blue Line USA 6-32 x 5/8 in. Flat Hd Screw (BLUE-B139),BLUE-B139,0.87,Blue Line USA 6-32 x 5/8 in. Flat Hd Screw (BLUE-B139)
Blue Line Parts,"Blue Line USA 8-32 x 1-1/2"" RD Hd Screw (BLUE-B006)",BLUE-B006,1.16,"Blue Line USA 8-32 x 1-1/2"" RD Hd Screw (BLUE-B006)"
Blue Line Parts,Blue Line USA 8-32 x 1/4 in. Filstr Hd Screw (BLUE-B130),BLUE-B130,0.87,Blue Line USA 8-32 x 1/4 in. Filstr Hd Screw (BLUE-B130)
Blue Line Parts,Blue Line USA 8-32 x 5/16 in. Set Screw Cup Pt (BLUE-B157),BLUE-B157,0.87,Blue Line USA 8-32 x 5/16 in. Set Screw Cup Pt (BLUE-B157)
Blue Line Parts,Blue Line USA 8-32 x 5/8 in. Truss Hd Screw (BLUE-B080),BLUE-B080,0.87,Blue Line USA 8-32 x 5/8 in. Truss Hd Screw (BLUE-B080)
Blue Line Parts,Blue Line USA Anvil (BLUE-B042),BLUE-B042,18.65,Blue Line USA Anvil (BLUE-B042)
Blue Line Parts,Blue Line USA Axle (Drive) (BLUE-B024),BLUE-B024,7.58,Blue Line USA Axle (Drive) (BLUE-B024)
Blue Line Parts,Blue Line USA Axle Creaser Wheel (BLUE-B002),BLUE-B002,8.05,Blue Line USA Axle Creaser Wheel (BLUE-B002)
Blue Line Parts,Blue Line USA Baffle Plate Assembly (BLUE-BA096),BLUE-BA096,32.41,Blue Line USA Baffle Plate Assembly (BLUE-BA096)
Blue Line Parts,Blue Line USA Band (BLUE-B238),BLUE-B238,19.62,Blue Line USA Band (BLUE-B238)
Blue Line Parts,Blue Line USA Band (BLUE-B240),BLUE-B240,19.62,Blue Line USA Band (BLUE-B240)
Blue Line Parts,Blue Line USA Bearing Bracket (BLUE-B033),BLUE-B033,6.54,Blue Line USA Bearing Bracket (BLUE-B033)
Blue Line Parts,Blue Line USA Bracket Base (BLUE-B113),BLUE-B113,13.84,Blue Line USA Bracket Base (BLUE-B113)
Blue Line Parts,Blue Line USA Bushing Head (BLUE-B057),BLUE-B057,18.38,Blue Line USA Bushing Head (BLUE-B057)
Blue Line Parts,Blue Line USA Bushing Head (BLUE-B091),BLUE-B091,12.68,Blue Line USA Bushing Head (BLUE-B091)
Blue Line Parts,Blue Line USA Cable Drum Shaft (BLUE-B035),BLUE-B035,53.83,Blue Line USA Cable Drum Shaft (BLUE-B035)
Blue Line Parts,Blue Line USA Cam (BLUE-B123),BLUE-B123,16.84,Blue Line USA Cam (BLUE-B123)
Blue Line Parts,Blue Line USA Chain Keeper (BLUE-B141),BLUE-B141,3.42,Blue Line USA Chain Keeper (BLUE-B141)
Blue Line Parts,Blue Line USA Chain Roller Bushing (BLUE-B066),BLUE-B066,6.31,Blue Line USA Chain Roller Bushing (BLUE-B066)
Blue Line Parts,Blue Line USA Chain Roller Support (Left) (BLUE-B027),BLUE-B027,18.47,Blue Line USA Chain Roller Support (Left) (BLUE-B027)
Blue Line Parts,Blue Line USA Chain Roller Support (Right) (BLUE-B058),BLUE-B058,27.73,Blue Line USA Chain Roller Support (Right) (BLUE-B058)
Blue Line Parts,Blue Line USA Collar Bushing (BLUE-B115),BLUE-B115,7.81,Blue Line USA Collar Bushing (BLUE-B115)
Blue Line Parts,Blue Line USA Control Ext. Support (BLUE-B155),BLUE-B155,9.85,Blue Line USA Control Ext. Support (BLUE-B155)
Blue Line Parts,Blue Line USA Control Tube Bracket (BLUE-B224),BLUE-B224,56.15,Blue Line USA Control Tube Bracket (BLUE-B224)
Blue Line Parts,Blue Line USA Control Valve (BLUE-B125),BLUE-B125,11.87,Blue Line USA Control Valve (BLUE-B125)
Blue Line Parts,Blue Line USA Creaser Chain (BLUE-B048),BLUE-B048,9.9,Blue Line USA Creaser Chain (BLUE-B048)
Blue Line Parts,Blue Line USA Creaser Crank (BLUE-B053),BLUE-B053,23.1,Blue Line USA Creaser Crank (BLUE-B053)
Blue Line Parts,Blue Line USA Cutoff Spring Cover (BLUE-B064),BLUE-B064,48.22,Blue Line USA Cutoff Spring Cover (BLUE-B064)
Blue Line Parts,Blue Line USA Cutter Block Tube (BLUE-B063),BLUE-B063,62.11,Blue Line USA Cutter Block Tube (BLUE-B063)
Blue Line Parts,Blue Line USA Disengaging Cam (BLUE-B114),BLUE-B114,17.88,Blue Line USA Disengaging Cam (BLUE-B114)
Blue Line Parts,Blue Line USA Disengaging Rod (BLUE-B104),BLUE-B104,21.95,Blue Line USA Disengaging Rod (BLUE-B104)
Blue Line Parts,Blue Line USA Disengaging Rod Bearing (BLUE-B116),BLUE-B116,22.28,Blue Line USA Disengaging Rod Bearing (BLUE-B116)
Blue Line Parts,Blue Line USA Drip Guard (BLUE-B039),BLUE-B039,8.28,Blue Line USA Drip Guard (BLUE-B039)
Blue Line Parts,Blue Line USA Drive Dog (BLUE-B016),BLUE-B016,51.52,Blue Line USA Drive Dog Assy (BLUE-B016)
Blue Line Parts,Blue Line USA Drive Dog Holder Assembly (BLUE-B026),BLUE-B026,53.83,Blue Line USA Drive Dog Holder Assembly (BLUE-B026)
Blue Line Parts,Blue Line USA Drive Dog Holder Pin (BLUE-B020),BLUE-B020,1.16,Blue Line USA Drive Dog Holder Pin (BLUE-B020)
Blue Line Parts,Blue Line USA Drive Hub (BLUE-B011),BLUE-B011,21.47,Blue Line USA Drive Hub (BLUE-B011)
Blue Line Parts,Blue Line USA Drum Washer (BLUE-B094),BLUE-B094,1.74,Blue Line USA Drum Washer (BLUE-B094)
Blue Line Parts,Blue Line USA Front Support (BLUE-B071),BLUE-B071,35.25,Blue Line USA Front Support (BLUE-B071)
Blue Line Parts,Blue Line USA Gooser & Cutter Chain Stop (BLUE-B107),BLUE-B107,7.99,Blue Line USA Gooser & Cutter Chain Stop (BLUE-B107)
Blue Line Parts,Blue Line USA Gooser Body Assembly (BLUE-BA090),BLUE-BA090,104.19,Blue Line USA Gooser Body Assembly (BLUE-BA090)
Blue Line Parts,Blue Line USA Gooser Guide & Bushing (BLUE-BA092),BLUE-BA092,16.5,Blue Line USA Gooser Guide & Bushing (BLUE-BA092)
Blue Line Parts,Blue Line USA Gooser Release Cam (BLUE-B093),BLUE-B093,19.11,Blue Line USA Gooser Release Cam (BLUE-B093)
Blue Line Parts,Blue Line USA Guide Roller (BLUE-B153),BLUE-B153,4.12,Blue Line USA Guide Roller (BLUE-B153)
Blue Line Parts,Blue Line USA Handle Outlet Valve (BLUE-B111),BLUE-B111,69.41,Blue Line USA Handle Outlet Valve (BLUE-B111)
Blue Line Parts,Blue Line USA Hub (BLUE-B007),BLUE-B007,14.18,Blue Line USA Hub (BLUE-B007)
Blue Line Parts,Blue Line USA Key Ring (BLUE-B069),BLUE-B069,0.87,Blue Line USA Key Ring (BLUE-B069)
Blue Line Parts,Blue Line USA Light Spring for 3 & 3.5 in. Corner Finishers (BLUE-CF028),BLUE-CF028,5.96,Blue Line USA Light Spring for 3 & 3.5 in. Corner Finishers (BLUE-CF028)
Blue Line Parts,Blue Line USA Long Creaser Assembly (BLUE-BA014),BLUE-BA014,64.42,Blue Line USA Long Creaser Assembly (BLUE-BA014)
Blue Line Parts,Blue Line USA Main Chain Guard (BLUE-B028),BLUE-B028,16.15,Blue Line USA Main Chain Guard (BLUE-B028)
Blue Line Parts,Blue Line USA Needle Holder (BLUE-B072),BLUE-B072,26.05,Blue Line USA Needle Holder (BLUE-B072)
Blue Line Parts,Blue Line USA Needle Holder Lock (BLUE-B070),BLUE-B070,6.66,Blue Line USA Needle Holder Lock (BLUE-B070)
Blue Line Parts,Blue Line USA Needle Spring (BLUE-B081),BLUE-B081,10.36,Blue Line USA Needle Spring (BLUE-B081)
Blue Line Parts,Blue Line USA O-Ring (BLUE-B117),BLUE-B117,0.87,Blue Line USA O-Ring (BLUE-B117)
Blue Line Parts,Blue Line USA O-Ring Housing (BLUE-B118),BLUE-B118,37.63,Blue Line USA O-Ring Housing (BLUE-B118)
Blue Line Parts,Blue Line USA Rear Support (BLUE-B076),BLUE-B076,43.59,Blue Line USA Rear Support (BLUE-B076)
Blue Line Parts,Blue Line USA Roller Bushing (BLUE-B230),BLUE-B230,5.5,Blue Line USA Roller Bushing (BLUE-B230)
Blue Line Parts,"Blue Line USA Roller, Drive Dog (BLUE-B145)",BLUE-B145,4.12,"Blue Line USA Roller, Drive Dog (BLUE-B145)"
Blue Line Parts,Blue Line USA Screw Block (BLUE-B040),BLUE-B040,10.71,Blue Line USA Screw Block (BLUE-B040)
Blue Line Parts,"Blue Line USA Shim, Side Plate (BLUE-B046)",BLUE-B046,5.04,"Blue Line USA Shim, Side Plate (BLUE-B046)"
Blue Line Parts,Blue Line USA Short Creaser Assembly (BLUE-BA015),BLUE-BA015,52.62,Blue Line USA Short Creaser Assembly (BLUE-BA015)
Blue Line Parts,Blue Line USA Spacer (BLUE-B009),BLUE-B009,7.58,Blue Line USA Spacer (BLUE-B009)
Blue Line Parts,Blue Line USA Spacer Bar (BLUE-B049),BLUE-B049,33.52,Blue Line USA Spacer Bar (BLUE-B049)
Blue Line Parts,Blue Line USA Special Washer (BLUE-B229),BLUE-B229,1.16,Blue Line USA Special Washer (BLUE-B229)
Blue Line Parts,Blue Line USA Spring Holder (BLUE-B084),BLUE-B084,20.09,Blue Line USA Spring Holder (BLUE-B084)
Blue Line Parts,Blue Line USA Spring Pin 3/32 X 1/4 in. (BLUE-B021),BLUE-B021,1.16,Blue Line USA Spring Pin 3/32 X 1/4 in. (BLUE-B021)
Blue Line Parts,Blue Line USA Stub Shaft (BLUE-B179),BLUE-B179,20.55,Blue Line USA Stub Shaft (BLUE-B179)
Blue Line Parts,Blue Line USA Tape Guide Assembly (BLUE-BA089),BLUE-BA089,63.67,Blue Line USA Tape Guide Assembly (BLUE-BA089)
Blue Line Parts,Blue Line USA Tape Runner Assembly (BLUE-B036),BLUE-B036,66.28,Blue Line USA Tape Runner Assembly (BLUE-B036)
Blue Line Parts,Blue Line USA Tape Runner Assembly (BLUE-B047),BLUE-B047,69.41,Blue Line USA Tape Runner Assembly (BLUE-B047)
Blue Line Parts,Blue Line USA Taper Wheel Spool (BLUE-B013),BLUE-B013,68.01,Blue Line USA Taper Wheel Spool (BLUE-B013)
Blue Line Parts,Blue Line USA Valve (BLUE-B099),BLUE-B099,13.55,Blue Line USA Valve (BLUE-B099)
Blue Line Parts,Blue Line USA Wiper Retainer (BLUE-B122),BLUE-B122,5.96,Blue Line USA Wiper Retainer (BLUE-B122)
Blue Line Parts,"Blue Line USA Wiper, Control Valve (BLUE-B124)",BLUE-B124,3.53,"Blue Line USA Wiper, Control Valve (BLUE-B124)"
CertainTeed,CertainTeed ProRoc Marco Spark-Perf Joint Tape 250 ft. x 2-1/6 in. Roll (MARC-M250),MARC-M250,4.05,CertainTeed ProRoc Marco Spark-Perf Joint Tape 250 ft. x 2-1/6 in. Roll
CertainTeed,CertainTeed ProRoc Marco Spark-Perf Joint Tape 500 ft. x 2-1/6 in. Roll (MARC-M500),MARC-M500,5.88,CertainTeed ProRoc Marco Spark-Perf Joint Tape 500 ft. x 2-1/6 in. Roll
Columbia Parts,Columbia  x  in. Flat Washer (COLM-FA286),FA286,0.55,Columbia x in. Flat Washer
Columbia Parts,Columbia  x  in. Split Pin (COLM-FA288),FA288,2.03,Columbia x in. Split Pin
Columbia Parts,"Columbia ""S"" Hook (COLM-MP9C)",MP9C,3.87,"Columbia Taping Tool Parts, Columbia Tool Parts, Taping Tool Parts, Taping Tool Repair"
Columbia Parts,Columbia #10 Belleville Washer (COLM-FA280),FA280,0.55,"WallTools a leading supplier of professional tools for drywall hanging and drywall finishing, wallpaper, wallcovering, and ceiling grid. Major brands including automatic taping tools by Columbia Taping Tools, Blue Line & Tapepro, TapeTech, Level-5; Advance Paste machines; DeWalt Power tools; USG Sheetrock taping knives, Kraft, Trim-Tex, Porter Cable, and many more."
Columbia Parts,Columbia #10 Flat Washer (COLM-FA268),FA268,0.55,"Columbia Taping Tool Parts, Columbia Tool Parts, Taping Tool Parts, Taping Tool Repair"
Columbia Parts,Columbia #10 Lock Washer (COLM-FA269),FA269,0.55,Columbia #10 Lock Washer
Columbia Parts,Columbia #10 x ¾” Fender Washer (COLM-FA270),FA270,1.48,Columbia #10 x ¾” Fender Washer
Columbia Parts,Columbia #6 Bellevile Washer (COLM-FA221),FA221,0.55,"Columbia Taping Tool Parts, Columbia Tool Parts, Taping Tool Parts, Taping Tool Repair"
Columbia Parts,Columbia #6 Belleville Washer (COLM-FA277),FA277,1.48,"Columbia Taping Tool Parts, Columbia Tool Parts, Taping Tool Parts, Taping Tool Repair"
Columbia Parts,Columbia #6 Flat Washer (COLM-FA228),FA228,0.55,"Columbia Taping Tool Parts, Columbia Tool Parts, Taping Tool Parts, Taping Tool Repair"
Columbia Parts,Columbia #6 Lock Washer (COLM-FA229),FA229,0.55,"Columbia Taping Tool Parts, Columbia Tool Parts, Taping Tool Parts, Taping Tool Repair"
Columbia Parts,Columbia #6 Star Washer (COLM-FA230),FA230,0.55,"Columbia Taping Tool Parts, Columbia Tool Parts, Taping Tool Parts, Taping Tool Repair"
Columbia Parts,Columbia #8 Belleville Washer (COLM-FA278),FA278,0.55,Columbia #8 Belleville Washer
Columbia Parts,Columbia #8 Flat Washer (COLM-FA253),FA253,0.55,"Columbia Taping Tool Parts, Columbia Tool Parts, Taping Tool Parts, Taping Tool Repair"
Columbia Parts,Columbia #8 Lock Washer (COLM-FA251),FA251,0.55,Columbia #8 Lock Washer
Columbia Parts,Columbia #8 Star Washer (COLM-FA252),FA252,0.55,Columbia #8 Star Washer
Columbia Parts,Columbia -20 Nyloc Jam Nut (COLM-FA292),FA292,1.36,Columbia -20 Nyloc Jam Nut
Columbia Parts,Columbia -20 x  in. Flat Head Socket Screw (COLM-FA295),FA295,0.55,Columbia -20 x in. Flat Head Socket Screw
Columbia Parts,Columbia -20 x 7/8 in. Flat Socket Screw (COLM-FA298),FA298,0.55,Columbia -20 x 7/8 in. Flat Socket Screw
Columbia Parts,Columbia -28 x  in. Socket Head Screw (COLM-FA311),FA311,1.53,Columbia -28 x in. Socket Head Screw
Columbia Parts,Columbia 1/16 x 1/2 in. Cotter Pin (COLM-FA202),FA202,0.55,Columbia 1/16 x 1/2 in. Cotter Pin
Columbia Parts,Columbia 1/16 x 1/4 Split Pin (COLM-FA200),FA200,0.55,"Columbia Taping Tool Parts, Columbia Tool Parts, Taping Tool Parts, Taping Tool Repair"
Columbia Parts,Columbia 1/16 x 3/4 Cotter Pin (COLM-FA203),FA203,0.55,"Columbia Taping Tool Parts, Columbia Tool Parts, Taping Tool Parts, Taping Tool Repair"
Columbia Parts,Columbia 1/16 x 3/8 Split Pin (COLM-FA201),FA201,0.55,"Columbia Taping Tool Parts, Columbia Tool Parts, Taping Tool Parts, Taping Tool Repair"
Columbia Parts,Columbia 1/2 x 7/8 Flat Washer (COLM-FA308),FA308,1.48,"Columbia Taping Tool Parts, Columbia Tool Parts, Taping Tool Parts, Taping Tool Repair"
Columbia Parts,Columbia 1/4 - 20 Hex Nut (COLM-CT109),CT109,4.53,"Columbia Taping Tool Parts, Columbia Tool Parts, Taping Tool Parts, Taping Tool Repair"
Columbia Parts,Columbia 1/4 x 1/2 Flat Washer (COLM-CR10),CR10,4.85,"Columbia Taping Tool Parts, Columbia Tool Parts, Taping Tool Parts, Taping Tool Repair"
Columbia Parts,Columbia 1/4 x 1/8 Plastic Washer (COLM-FA285),FA285,1.16,"Columbia Taping Tool Parts, Columbia Tool Parts, Taping Tool Parts, Taping Tool Repair"
Columbia Parts,Columbia 1/4-20 Hex Nut (COLM-FA291),FA291,1.16,"Columbia Taping Tool Parts, Columbia Tool Parts, Taping Tool Parts, Taping Tool Repair"
Columbia Parts,Columbia 1/4-20 x 1-1/2 Hex Bolt (COLM-FA299),FA299,2.71,"Columbia Taping Tool Parts, Columbia Tool Parts, Taping Tool Parts, Taping Tool Repair"
Columbia Parts,Columbia 1/4-20 x 1/2 Hex Bolt (COLM-FA296),FA296,0.69,"Columbia Taping Tool Parts, Columbia Tool Parts, Taping Tool Parts, Taping Tool Repair"
Columbia Parts,Columbia 1/4-20 x 2 Hex Bolt (COLM-FA300),FA300,2.71,"Columbia Taping Tool Parts, Columbia Tool Parts, Taping Tool Parts, Taping Tool Repair"
Columbia Parts,Columbia 1/4-20 x 3/8 Socket Screw (COLM-FA294),FA294,2.03,"Columbia Taping Tool Parts, Columbia Tool Parts, Taping Tool Parts, Taping Tool Repair"
Columbia Parts,Columbia 1/4-20 x 5/8 Socket Screw (COLM-FA297),FA297,2.03,"Columbia Taping Tool Parts, Columbia Tool Parts, Taping Tool Parts, Taping Tool Repair"
Columbia Parts,Columbia 1/4-28 x 1/4 Set Screw (COLM-FA302),FA302,1.53,"Columbia Taping Tool Parts, Columbia Tool Parts, Taping Tool Parts, Taping Tool Repair"
Columbia Parts,Columbia 1/8 x 3/8 in. Rivet Shoulder Washer (COLM-FA225),FA225,1.48,Columbia 1/8 x 3/8 in. Rivet Shoulder Washer
Columbia Parts,Columbia 1/8 x 3/8 Split Pin (COLM-FA224),FA224,0.81,"Columbia Taping Tool Parts, Columbia Tool Parts, Taping Tool Parts, Taping Tool Repair"
Columbia Parts,Columbia 10 in. Flat Box Hinge Seal (COLM-HFFB1A-10),HFFB1A-10,12.67,Columbia 10 in. Flat Box Hinge Seal
Columbia Parts,Columbia 10 in. Flat Box Rubber Gasket Retainer (COLM-FFB25-10),FFB25-10,5.15,"Columbia Taping Tool Parts, Columbia Tool Parts, Taping Tool Parts, Taping Tool Repair"
Columbia Parts,Columbia 10 in. Hinged FatBoy Flat Box Door (COLM-HFBB4-10),HFBB4-10,49.23,Columbia 10 in. Hinged FatBoy Flat Box Door
Columbia Parts,Columbia 10 in. Replacement Blade for Tomahawk Smoothing Blade,SB2-10,25.49,"Columbia 10 in. Tomahawk Smoothing Blade is made from solid billet aluminum with an interchangeable blade system for quick and easy tune ups. Paired with a Columbia Flat Box Handle, this smoothing blade is plastic free and highly durable."
Columbia Parts,"Columbia 10"" Fat Boy Flat Box Door (Pre-2006 Non-Hinged) (COLM-FBB4-10)",FBB4-10,50.71,"Columbia Taping Tool Parts, Columbia Tool Parts, Taping Tool Parts, Taping Tool Repair"
Columbia Parts,"Columbia 10"" Flat Box Axle (COLM-HFFB5-10)",HFFB5-10,45.25,"Columbia Taping Tool Parts, Columbia Tool Parts, Taping Tool Parts, Taping Tool Repair"
Columbia Parts,"Columbia 10"" Flat Finisher Flat Box Door (Pre-2006 Non-Hinged) (COLM-FFB4-10)",FFB4-10,46.61,"Columbia Taping Tool Parts, Columbia Tool Parts, Taping Tool Parts, Taping Tool Repair"
Columbia Parts,Columbia 10-24 Nyloc Nut (COLM-FA271),FA271,1.48,Columbia 10-24 Nyloc Nut
Columbia Parts,Columbia 10-24 Wing Nut (COLM-FA272),FA272,1.48,"Columbia 10-24 Wing Nut, COLM-fa272, fa272"
Columbia Parts,Columbia 10-24 x  Hex Bolt (COLM-FA275),FA275,1.53,"Columbia Taping Tool Parts, Columbia Tool Parts, Taping Tool Parts, Taping Tool Repair"
Columbia Parts,Columbia 10-24 x 1 in. Hex Bolt (COLM-FA273),FA273,1.48,Columbia 10-24 x 1 in. Hex Bolt
Columbia Parts,Columbia 10-24 x 1 ¼” Hex Bolt (COLM-FA279),FA279,1.34,Columbia 10-24 x 1 ¼” Hex Bolt
Columbia Parts,Columbia 10-24 x 1-1/2 in. Pan Slot Screw (COLM-FA314),FA314,0.55,Columbia 10-24 x 1 1/2 in. Pan Slot Screw
Columbia Parts,Columbia 10-24 x 3/8 in. Socket Screw (COLM-FA274),FA274,2.03,Columbia 10-24 x 3/8 in. Socket Screw
Columbia Parts,Columbia 10-24 x 7/8 in. Binder Slot Screw (COLM-FA276),FA276,0.55,Columbia 10-24 x 7/8 in. Binder Slot Screw
Columbia Parts,Columbia 10-24 x ¼” Socket Head Set Screw (COLM-FA312),FA312,1.48,Columbia 10-24 x ¼” Socket Head Set Screw
Columbia Parts,Columbia 10-32 Nyloc Jam Nut (COLM-FA281),FA281,1.48,Columbia 10-32 Nyloc Jam Nut
Columbia Parts,Columbia 10-32 x 1 in. Flat Slot Screw (COLM-FA282),FA282,1.34,Columbia 10-32 x 1 in. Flat Slot Screw
Columbia Parts,Columbia 12 in. Flat Box Hinge Seal (COLM-HFFB1A-12),HFFB1A-12,12.67,Columbia 12 in. Flat Box Hinge Seal
Columbia Parts,Columbia 12 in. Flat Box Rubber Gasket Retainer (COLM-FFB25-12),FFB25-12,5.15,"Columbia Taping Tool Parts, Columbia Tool Parts, Taping Tool Parts, Taping Tool Repair"
Columbia Parts,Columbia 12 in. Hinged FatBoy Flat Box Door (COLM-HFBB4-12),HFBB4-12,49.23,Columbia 12 in. Hinged FatBoy Flat Box Door
Columbia Parts,Columbia 12 in. Replacement Blade for Tomahawk Smoothing Blade,SB2-12,32.78,"Columbia 12 in. Tomahawk Smoothing Blade is made from solid billet aluminum with an interchangeable blade system for quick and easy tune ups. Paired with a Columbia Flat Box Handle, this smoothing blade is plastic free and highly durable."
Columbia Parts,"Columbia 12"" Fat Boy Flat Box Door (Pre-2006 Non-Hinged) (COLM-FBB4-12)",FBB4-12,50.71,"Columbia Taping Tool Parts, Columbia Tool Parts, Taping Tool Parts, Taping Tool Repair"
Columbia Parts,"Columbia 12"" Flat Box Axle (COLM-HFFB5-12)",HFFB5-12,45.25,"Columbia Taping Tool Parts, Columbia Tool Parts, Taping Tool Parts, Taping Tool Repair"
Columbia Parts,"Columbia 12"" Flat Finisher Flat Box Door (Pre-2006 Non-Hinged) (COLM-FFB4-12)",FFB4-12,46.61,"Columbia Taping Tool Parts, Columbia Tool Parts, Taping Tool Parts, Taping Tool Repair"
Columbia Parts,Columbia 14 in. Replacement Blade for Tomahawk Smoothing Blade,SB2-14,40.07,"Columbia 14 in. Tomahawk Smoothing Blade is made from solid billet aluminum with an interchangeable blade system for quick and easy tune ups. Paired with a Columbia Flat Box Handle, this smoothing blade is plastic free and highly durable."
Columbia Parts,Columbia 18 in. Replacement Blade for Tomahawk Smoothing Blade,SB2-18,47.35,"Columbia 18 in. Tomahawk Smoothing Blade is made from solid billet aluminum with an interchangeable blade system for quick and easy tune ups. Paired with a Columbia Flat Box Handle, this smoothing blade is plastic free and highly durable."
Columbia Parts,Columbia 180 Grip Plate for Flat Box Handle (COLM-BH2),BH2,38.2,Columbia 180 Grip Plate for Flat Box Handle
Columbia Parts,Columbia 2 in. Hinged Nail Spotter Wheel Conversion Kit (COLM-HNSA-5-2),HNSA5-2,46.73,Columbia 2 in. Hinged Nail Spotter Wheel Conversion Kit
Columbia Parts,"Columbia 2, 2.5, & 3 in. Bottom Retainer Clip (COLM-AH9)",AH9,9.71,"Columbia Taping Tool Parts, Columbia Tool Parts, Taping Tool Parts, Taping Tool Repair"
Columbia Parts,Columbia 2-56 X 3/16 Binder Slot (COLM-FA199),FA199,0.55,"Columbia Taping Tool Parts, Columbia Tool Parts, Taping Tool Parts, Taping Tool Repair"
Columbia Parts,Columbia 24 in. Replacement Blade for Tomahawk Smoothing Blade,SB2-24,54.64,"Columbia 24 in. Tomahawk Smoothing Blade is made from solid billet aluminum with an interchangeable blade system for quick and easy tune ups. Paired with a Columbia Flat Box Handle, this smoothing blade is plastic free and highly durable."
Columbia Parts,Columbia 3 ft. Brake Connecting Strap for 180 Grip Flat Box Handle (COLM-BH9-3),BH9-3,24.79,Columbia 3 ft. Brake Connecting Strap for 180 Grip Flat Box Handle
Columbia Parts,Columbia 3 in. Hinged Nail Spotter Wheel Conversion Kit (COLM-HNSA-5-3),HNSA5-3,46.73,Columbia 3 in. Hinged Nail Spotter Wheel Conversion Kit
Columbia Parts,Columbia 3.5 ft. Brake Connecting Strap for 180 Grip Flat Box Handle (COLM-BH9-42),BH9-42,26.84,Columbia 3.5 ft. Brake Connecting Strap for 180 Grip Flat Box Handle
Columbia Parts,Columbia 3.5 in. Bottom Retainer Clip (COLM-AH9A),AH9A,9.71,"Columbia Taping Tool Parts, Columbia Tool Parts, Taping Tool Parts, Taping Tool Repair"
Columbia Parts,Columbia 32 in. Replacement Blade for Tomahawk Smoothing Blade,SB2-32,61.92,"Columbia 32 in. Tomahawk Smoothing Blade is made from solid billet aluminum with an interchangeable blade system for quick and easy tune ups. Paired with a Columbia Flat Box Handle, this smoothing blade is plastic free and highly durable."
Columbia Parts,Columbia 4 ft. Brake Connecting Strap for 180 Grip Flat Box Handle (COLM-BH9-4),BH9-4,28.9,Columbia 4 ft. Brake Connecting Strap for 180 Grip Flat Box Handle
Columbia Parts,Columbia 4-40 Hex Nut (COLM-FA206),FA206,1.48,"Columbia Taping Tool Parts, Columbia Tool Parts, Taping Tool Parts, Taping Tool Repair"
Columbia Parts,Columbia 4-40 Nyloc Nut (COLM-FA207),FA207,1.48,"Columbia Taping Tool Parts, Columbia Tool Parts, Taping Tool Parts, Taping Tool Repair"
Columbia Parts,Columbia 4-40 x  in. Binder Slot Screw (COLM-FA293),FA293,0.55,Columbia 4-40 x in. Binder Slot Screw
Columbia Parts,Columbia 4-40 x 1/2 Fillister Slot (COLM-FA219),FA219,0.55,"Columbia Taping Tool Parts, Columbia Tool Parts, Taping Tool Parts, Taping Tool Repair"
Columbia Parts,Columbia 4-40 x 1/4 Flat Slot (COLM-FA214),FA214,0.55,"Columbia Taping Tool Parts, Columbia Tool Parts, Taping Tool Parts, Taping Tool Repair"
Columbia Parts,"Columbia 4-40 x 1/4"" Binder Slot (Pan Head Screw) (COLM-FA213)",FA213,0.55,"Columbia Taping Tool Parts, Columbia Tool Parts, Taping Tool Parts, Taping Tool Repair"
Columbia Parts,Columbia 4-40 x 1/8 Binder Slot (COLM-FA208),FA208,0.55,"Columbia Taping Tool Parts, Columbia Tool Parts, Taping Tool Parts, Taping Tool Repair"
Columbia Parts,Columbia 4-40 x 1/8 Flat Slot (COLM-FA209),FA209,0.55,"Columbia Taping Tool Parts, Columbia Tool Parts, Taping Tool Parts, Taping Tool Repair"
Columbia Parts,Columbia 4-40 x 3/16 Binder Slot (Pan Head Screw) (COLM-FA210),FA210,0.55,"Columbia Taping Tool Parts, Columbia Tool Parts, Taping Tool Parts, Taping Tool Repair"
Columbia Parts,Columbia 4-40 x 3/16 Truss Slot (COLM-FA212),FA212,0.55,"Columbia Taping Tool Parts, Columbia Tool Parts, Taping Tool Parts, Taping Tool Repair"
Columbia Parts,Columbia 4-40 x 3/4 Binder Slot (COLM-FA220),FA220,0.55,"Columbia Taping Tool Parts, Columbia Tool Parts, Taping Tool Parts, Taping Tool Repair"
Columbia Parts,Columbia 4-40 x 3/8 Flat Slot (COLM-FA218),FA218,0.55,"Columbia Taping Tool Parts, Columbia Tool Parts, Taping Tool Parts, Taping Tool Repair"
Columbia Parts,Columbia 4-40 x 3/8” Fillister Slot (COLM-FA216),FA216,0.55,"Columbia Taping Tool Parts, Columbia Tool Parts, Taping Tool Parts, Taping Tool Repair"
Columbia Parts,Columbia 4-40 x 5/16 Binder Slot (Pan Head Screw) (COLM-FA215),FA215,0.55,"Columbia Taping Tool Parts, Columbia Tool Parts, Taping Tool Parts, Taping Tool Repair"
Columbia Parts,Columbia 40 in. Replacement Blade for Tomahawk Smoothing Blade,SB2-40,76.49,"Columbia 40 in. Tomahawk Smoothing Blade is made from solid billet aluminum with an interchangeable blade system for quick and easy tune ups. Paired with a Columbia Flat Box Handle, this smoothing blade is plastic free and highly durable."
Columbia Parts,Columbia 5 ft. Brake Connecting Strap for 180 Grip Flat Box Handle (COLM-BH9-5),BH9-5,30.96,Columbia 5 ft. Brake Connecting Strap for 180 Grip Flat Box Handle
Columbia Parts,Columbia 5-40 x 3/8 in. Pan Slot Screw (COLM-FA222),FA222,0.55,Columbia 5-40 x 3/8 in. Pan Slot Screw
Columbia Parts,Columbia 5/16 Flat Washer (COLM-FA303),FA303,2.71,"Columbia Taping Tool Parts, Columbia Tool Parts, Taping Tool Parts, Taping Tool Repair"
Columbia Parts,Columbia 5/16 x 24 Jam Nut (COLM-FA307),FA307,1.48,"Columbia Taping Tool Parts, Columbia Tool Parts, Taping Tool Parts, Taping Tool Repair"
Columbia Parts,"Columbia 5/16""-18"" x 3/4"" Thumb Screw (COLM-CFB10)",CFB10,5.16,"Columbia Taping Tool Parts, Columbia Tool Parts, Taping Tool Parts, Taping Tool Repair"
Columbia Parts,Columbia 5/16-18 x 1-1/4 Hex Bolt (COLM-FA306),FA306,2.71,"Columbia Taping Tool Parts, Columbia Tool Parts, Taping Tool Parts, Taping Tool Repair"
Columbia Parts,Columbia 5/16-18 x 3/4 Hex Bolt (COLM-FA305),FA305,2.71,"Columbia Taping Tool Parts, Columbia Tool Parts, Taping Tool Parts, Taping Tool Repair"
Columbia Parts,Columbia 6 ft. Brake Connecting Strap for 180 Grip Flat Box Handle (COLM-BH9-6),BH9-6,33.02,Columbia 6 ft. Brake Connecting Strap for 180 Grip Flat Box Handle
Columbia Parts,Columbia 6-32 Hex Nut (COLM-FA232),FA232,1.48,"Columbia Taping Tool Parts, Columbia Tool Parts, Taping Tool Parts, Taping Tool Repair"
Columbia Parts,Columbia 6-32 Nyloc Jam Nut (COLM-FA234),FA234,1.32,"Columbia Taping Tool Parts, Columbia Tool Parts, Taping Tool Parts, Taping Tool Repair"
Columbia Parts,Columbia 6-32 Nyloc Nut (COLM-FA233),FA233,1.48,"Columbia Taping Tool Parts, Columbia Tool Parts, Taping Tool Parts, Taping Tool Repair"
Columbia Parts,Columbia 6-32 x  1/2 Binder Slot (COLM-FA244),FA244,0.55,"Columbia Taping Tool Parts, Columbia Tool Parts, Taping Tool Parts, Taping Tool Repair"
Columbia Parts,Columbia 6-32 x 1/2 Fillister Slot (COLM-FA245),FA245,0.71,"Columbia Taping Tool Parts, Columbia Tool Parts, Taping Tool Parts, Taping Tool Repair"
Columbia Parts,Columbia 6-32 x 1/4 Binder Slot (Pan Head Screw) (COLM-FA239),FA239,0.55,"Columbia Taping Tool Parts, Columbia Tool Parts, Taping Tool Parts, Taping Tool Repair"
Columbia Parts,Columbia 6-32 x 3/16 Fillister Slot (COLM-FA238),FA238,1.16,"Columbia Taping Tool Parts, Columbia Tool Parts, Taping Tool Parts, Taping Tool Repair"
Columbia Parts,Columbia 6-32 x 3/16 in. Flat Slot Screw (COLM-FA226),FA226,0.55,Columbia 6-32 x 3/16 in. Flat Slot Screw
Columbia Parts,Columbia 6-32 x 3/8 Binder Slot (Pan Head Screw) (COLM-FA241),FA241,0.55,"Columbia Taping Tool Parts, Columbia Tool Parts, Taping Tool Parts, Taping Tool Repair"
Columbia Parts,Columbia 6-32 x 3/8 in. Hex Bolt (COLM-FA231),FA231,1.06,Columbia 6-32 x 3/8 in. Hex Bolt
Columbia Parts,Columbia 6-32 x 3/8 in. Set Screw (COLM-FA310),FA310,1.48,Columbia 6-32 x 3/8 in. Set Screw
Columbia Parts,Columbia 6-32 x 3/8 Pan Slot (COLM-FA243),FA243,0.55,"Columbia Taping Tool Parts, Columbia Tool Parts, Taping Tool Parts, Taping Tool Repair"
Columbia Parts,Columbia 6-32 x 5/16 Binder Slot (COLM-FA240),FA240,0.55,"Columbia Taping Tool Parts, Columbia Tool Parts, Taping Tool Parts, Taping Tool Repair"
Columbia Parts,Columbia 6-32 x 5/8 Flat Slot (COLM-FA248),FA248,0.55,"Columbia Taping Tool Parts, Columbia Tool Parts, Taping Tool Parts, Taping Tool Repair"
Columbia Parts,Columbia 6-32 x 5/8 in. Hex Bolt (COLM-FA247),FA247,1.34,Columbia 6-32 x 5/8 in. Hex Bolt
Columbia Parts,Columbia 6-32 x ¼” Flat Slot Screw (COLM-FA227),FA227,1.48,Columbia 6-32 x ¼” Flat Slot Screw
Columbia Parts,Columbia 6/32 x 1/8” Set Screw (COLM-FA235),FA235,1.11,"Columbia Taping Tool Parts, Columbia Tool Parts, Taping Tool Parts, Taping Tool Repair"
Columbia Parts,Columbia 6/32 x 3/16” Binder Slot (COLM-FA237),FA237,0.55,"Columbia Taping Tool Parts, Columbia Tool Parts, Taping Tool Parts, Taping Tool Repair"
Columbia Parts,Columbia 7 in. Corner Box Door (COLM-CFB4-7),CFB4-7,12.93,Columbia 7 in. Corner Box Door
Columbia Parts,Columbia 7 in. Flat Box Hinge Seal (COLM-HFFB1A-7),HFFB1A-7,12.67,Columbia 7 in. Flat Box Hinge Seal
Columbia Parts,Columbia 7 in. Flat Box Rubber Gasket Retainer (COLM-FFB25-7),FFB25-7,5.15,"Columbia Taping Tool Parts, Columbia Tool Parts, Taping Tool Parts, Taping Tool Repair"
Columbia Parts,Columbia 7 in. Replacement Blade for Tomahawk Smoothing Blade,SB2-7,18.22,"Columbia 7 in. Tomahawk Smoothing Blade is made from solid billet aluminum with an interchangeable blade system for quick and easy tune ups. Paired with a Columbia Flat Box Handle, this smoothing blade is plastic free and highly durable."
Columbia Parts,"Columbia 7"" Flat Finisher Flat Box Door (Pre-2006 Non-Hinged) (COLM-FFB4-7)",FFB4-7,46.61,"Columbia Taping Tool Parts, Columbia Tool Parts, Taping Tool Parts, Taping Tool Repair"
Columbia Parts,Columbia 8 in. Corner Box Door (COLM-CFB4-8),CFB4-8,12.93,Columbia 8 in. Corner Box Door
Columbia Parts,Columbia 8 in. Flat Box Hinge Seal (COLM-HFFB1A-8),HFFB1A-8,12.67,Columbia 8 in. Flat Box Hinge Seal
Columbia Parts,Columbia 8 in. Flat Box Rubber Gasket Retainer (COLM-FFB25-8),FFB25-8,5.15,"Columbia Taping Tool Parts, Columbia Tool Parts, Taping Tool Parts, Taping Tool Repair"
Columbia Parts,Columbia 8 in. Hinged FatBoy Flat Box Door (COLM-HFBB4-8),HFBB4-8,49.23,Columbia 8 in. Hinged FatBoy Flat Box Door
Columbia Parts,"Columbia 8"" Bead Wheel Conversion Kit",FFBR40-8,55.61,"WallTools a leading supplier of professional tools for drywall hanging and drywall finishing, wallpaper, wallcovering, and ceiling grid. Major brands including automatic taping tools by Columbia Taping Tools, Blue Line & Tapepro, TapeTech, Level-5; Advance Paste machines; DeWalt Power tools; USG Sheetrock taping knives, Kraft, Trim-Tex, Porter Cable, and many more."
Columbia Parts,"Columbia 8"" Fat Boy Flat Box Door (Pre-2006 Non-Hinged) (COLM-FBB4-8)",FBB4-8,50.71,"Columbia Taping Tool Parts, Columbia Tool Parts, Taping Tool Parts, Taping Tool Repair"
Columbia Parts,"Columbia 8"" Flat Finisher Flat Box Door (Pre-2006 Non-Hinged) (COLM-FFB4-8)",FFB4-8,46.61,"Columbia Taping Tool Parts, Columbia Tool Parts, Taping Tool Parts, Taping Tool Repair"
Columbia Parts,Columbia 8-32 Nyloc Jam Nut (COLM-FA255),FA255,1.34,Columbia 8-32 Nyloc Jam Nut
Columbia Parts,Columbia 8-32 Nyloc Nut (COLM-FA254),FA254,1.48,"Columbia Taping Tool Parts, Columbia Tool Parts, Taping Tool Parts, Taping Tool Repair"
Columbia Parts,Columbia 8-32 x 1 Flat Slot (COLM-FA266),FA266,0.55,"Columbia Taping Tool Parts, Columbia Tool Parts, Taping Tool Parts, Taping Tool Repair"
Columbia Parts,Columbia 8-32 x 1-1/2 Pan Head (COLM-FA267),FA267,0.69,"Columbia Taping Tool Parts, Columbia Tool Parts, Taping Tool Parts, Taping Tool Repair"
Columbia Parts,Columbia 8-32 x 1/4 Fillister Slot (COLM-FA257),FA257,0.55,"Columbia Taping Tool Parts, Columbia Tool Parts, Taping Tool Parts, Taping Tool Repair"
Columbia Parts,Columbia 8-32 x 1/4 Half Dog Set (COLM-FA258),FA258,1.48,"Columbia Taping Tool Parts, Columbia Tool Parts, Taping Tool Parts, Taping Tool Repair"
Columbia Parts,Columbia 8-32 x 3/16 in. Set Screw (COLM-FA249),FA249,1.48,Columbia 8-32 x 3/16 in. Set Screw
Columbia Parts,Columbia 8-32 x 3/4 Brake Stop (COLM-FFH26),FFH26,1.75,"Columbia Taping Tool Parts, Columbia Tool Parts, Taping Tool Parts, Taping Tool Repair"
Columbia Parts,Columbia 8-32 x 3/4 Truss Slot (COLM-FA265),FA265,0.55,"Columbia Taping Tool Parts, Columbia Tool Parts, Taping Tool Parts, Taping Tool Repair"
Columbia Parts,Columbia 8-32 x 3/8 in. Binder Slot Screw (COLM-FA260),FA260,0.55,Columbia 8-32 x 3/8 in. Binder Slot Screw
Columbia Parts,Columbia 8-32 x 3/8 in. Socket Screw (COLM-FA261),FA261,0.69,Columbia 8-32 x 3/8 in. Socket Screw
Columbia Parts,Columbia 8-32 x 5/16 in. Binder Slot Screw (COLM-FA259),FA259,0.55,Columbia 8-32 x 5/16 in. Binder Slot Screw
Columbia Parts,Columbia 8-32 x 5/8 Truss Slot (COLM-FA264),FA264,0.69,"Columbia Taping Tool Parts, Columbia Tool Parts, Taping Tool Parts, Taping Tool Repair"
Columbia Parts,Columbia 8-32 x 7/8 Truss Slot Screw (COLM-FA250),FA250,1.48,Columbia 8-32 x 7/8 Truss Slot Screw
Columbia Parts,Columbia 8-32 x ½ in. Socket (COLM-FA262),FA262,1.85,Columbia 8-32 x ½ in. Socket
Columbia Parts,Columbia 8/32 x 3/16 in. Pan Slot Screw (COLM-FA256),FA256,0.55,Columbia 8/32 x 3/16 in. Pan Slot Screw
Columbia Parts,Columbia Adjustable Brake (COLM-CT14A),CT14A,6.16,"Columbia Taping Tool Parts, Columbia Tool Parts, Taping Tool Parts, Taping Tool Repair"
Columbia Parts,Columbia Adjustable Brake Assembly (Taper) (COLM-CTA14),CTA14,39.4,"Columbia Taping Tool Parts, Columbia Tool Parts, Taping Tool Parts, Taping Tool Repair"
Columbia Parts,Columbia Adjustable Brake Holder (COLM-CT14),CT14,6.16,"Columbia Taping Tool Parts, Columbia Tool Parts, Taping Tool Parts, Taping Tool Repair"
Columbia Parts,Columbia Adjustable Brake Ratchet Rod (COLM-CT15),CT15,5.82,"Columbia Taping Tool Parts, Columbia Tool Parts, Taping Tool Parts, Taping Tool Repair"
Columbia Parts,Columbia Adjuster Pin (6/32 x 1-1/2 Brass Hex Head) (COLM-FFB19),FFB19,10,"Columbia Taping Tool Parts, Columbia Tool Parts, Taping Tool Parts, Taping Tool Repair"
Columbia Parts,Columbia Aluminum Box Wheel (COLM-HFFB36),HFFB36,6.44,"Columbia Taping Tool Parts, Columbia Tool Parts, Taping Tool Parts, Taping Tool Repair"
Columbia Parts,Columbia Aluminum Hex Extension Tube for Hydra Reach Flat Box Handle (COLM-HH10),HH10,53.54,Columbia Aluminum Hex Extension Tube for Hydra Reach Flat Box Handle
Columbia Parts,"Columbia Angle Head Carbide Blade for 2, 2.5, 3 and 3.5 in. Angle Heads (COLM-AH3, AH3-2, AH3-2.5, AH3-3, AH3-3.5)",AH3,31.19,"WallTools a leading supplier of professional tools for drywall hanging and drywall finishing, wallpaper, wallcovering, and ceiling grid. Major brands including automatic taping tools by Columbia Taping Tools, Blue Line & Tapepro, TapeTech, Level-5; Advance Paste machines; DeWalt Power tools; USG Sheetrock taping knives, Kraft, Trim-Tex, Porter Cable, and many more."
Columbia Parts,Columbia Angle Head Retaining Spring Backer (COLM-AH16),AH16,2.85,Columbia Angle Head Retaining Spring Backer (to prolong life of AH6)
Columbia Parts,Columbia Automatic Taper Repair Kit - Blades & Cable Kit (COLM-CTR1),CTR1,26.51,"Columbia Taping Tool Parts, Columbia Tool Parts, Taping Tool Parts, Taping Tool Repair"
Columbia Parts,Columbia Automatic Taper Repair Kit - Braking System Kit (COLM-CTR2),CTR2,53,"Columbia Taping Tool Parts, Columbia Tool Parts, Taping Tool Parts, Taping Tool Repair"
Columbia Parts,Columbia Axle Bushing (COLM-FFB5A),FFB5A,2.67,"Columbia Taping Tool Parts, Columbia Tool Parts, Taping Tool Parts, Taping Tool Repair"
Columbia Parts,Columbia Axle Roller (Box Wheel) (COLM-FFB6),FFB6,6.67,"Columbia Taping Tool Parts, Columbia Tool Parts, Taping Tool Parts, Taping Tool Repair"
Columbia Parts,Columbia Axle Roller Bearing (COLM-FFB20A),FFB20A,3.33,"Columbia Taping Tool Parts, Columbia Tool Parts, Taping Tool Parts, Taping Tool Repair"
Columbia Parts,Columbia Axle Wheel Bushing (COLM-HFFB38),HFFB38,2.04,"Columbia Taping Tool Parts, Columbia Tool Parts, Taping Tool Parts, Taping Tool Repair"
Columbia Parts,Columbia Axle Wheel Screw (COLM-HFFB39),HFFB39,3.51,"Columbia Taping Tool Parts, Columbia Tool Parts, Taping Tool Parts, Taping Tool Repair"
Columbia Parts,Columbia Backing Washer Locator (COLM-MP32),MP32,1.96,Columbia Backing Washer Locator
Columbia Parts,Columbia Ball Holder Release Clip (COLM-AH6A),AH6A,20.05,"Columbia Taping Tool Parts, Columbia Tool Parts, Taping Tool Parts, Taping Tool Repair"
Columbia Parts,Columbia Bar Retainer Clip (COLM-FFB8),FFB8,1.96,"Columbia Taping Tool Parts, Columbia Tool Parts, Taping Tool Parts, Taping Tool Repair"
Columbia Parts,Columbia Barrel (Main Aluminium Tube Body) (COLM-CT103),CT103,129.3,"Columbia Taping Tool Parts, Columbia Tool Parts, Taping Tool Parts, Taping Tool Repair"
Columbia Parts,Columbia Barrel Guard Ring (COLM-CT115),CT115,19.41,"Columbia Taping Tool Parts, Columbia Tool Parts, Taping Tool Parts, Taping Tool Repair"
Columbia Parts,Columbia Bearing Sleeve (COLM-CFB16),CFB16,5.15,"Columbia Taping Tool Parts, Columbia Tool Parts, Taping Tool Parts, Taping Tool Repair"
Columbia Parts,Columbia Bearing Sleeve (COLM-CR3),CR3,6.48,"Columbia Taping Tool Parts, Columbia Tool Parts, Taping Tool Parts, Taping Tool Repair"
Columbia Parts,Columbia Bearing Sleeve for 180 Grip Flat Box Handle (COLM-BH24A),BH24A,3.83,Columbia Bearing Sleeve for 180 Grip Flat Box Handle
Columbia Parts,Columbia Blade Holder for 2 in. Hinged Nail Spotter (COLM-HNS8-2),HNS8-2,32.99,Columbia Blade Holder for 2 in. Hinged Nail Spotter
Columbia Parts,Columbia Blade Holder for 3 in. Hinged Nail Spotter (COLM-HNS8-3),HNS8-3,32.99,Columbia Blade Holder for 3 in. Hinged Nail Spotter
Columbia Parts,Columbia Bleeder Screw for Hydra Reach Flat Box Handle (COLM-HH16A),HH16A,4.82,Columbia Bleeder Screw for Hydra Reach Flat Box Handle
Columbia Parts,Columbia Box Filler Adaptor Body (COLM-MP34),MP34,64.19,"Columbia Taping Tool Parts, Columbia Tool Parts, Taping Tool Parts, Taping Tool Repair"
Columbia Parts,Columbia Box Filler Nozzle (COLM-MP9),MP9,15.52,"Columbia Taping Tool Parts, Columbia Tool Parts, Taping Tool Parts, Taping Tool Repair"
Columbia Parts,"Columbia Box Wheel ""O"" Ring (Tire) (COLM-FFB6A)",FFB6A,1.33,"Columbia Taping Tool Parts, Columbia Tool Parts, Taping Tool Parts, Taping Tool Repair"
Columbia Parts,Columbia Bracket Base (COLM-CT87A),CT87A,7.77,"Columbia Taping Tool Parts, Columbia Tool Parts, Taping Tool Parts, Taping Tool Repair"
Columbia Parts,Columbia Brake Connecting Strap 3' (COLM-FFH9-3),FFH9-3,26.62,"Columbia Taping Tool Parts, Columbia Tool Parts, Taping Tool Parts, Taping Tool Repair"
Columbia Parts,Columbia Brake Connecting Strap 4' (COLM-FFH9-4),FFH9-4,31.98,"Columbia Taping Tool Parts, Columbia Tool Parts, Taping Tool Parts, Taping Tool Repair"
Columbia Parts,"Columbia Brake Connecting Strap 42"" (COLM-FFH9-42)",FFH9-42,29.29,"Columbia Taping Tool Parts, Columbia Tool Parts, Taping Tool Parts, Taping Tool Repair"
Columbia Parts,Columbia Brake Connecting Strap 5' (COLM-FFH9-5),FFH9-5,34.62,"Columbia Taping Tool Parts, Columbia Tool Parts, Taping Tool Parts, Taping Tool Repair"
Columbia Parts,Columbia Brake Connecting Strap 6' (COLM-FFH9-6),FFH9-6,37.29,"Columbia Taping Tool Parts, Columbia Tool Parts, Taping Tool Parts, Taping Tool Repair"
Columbia Parts,Columbia Brake Cylinder for Hydra Reach Flat Box Handle (COLM-HH16),HH16,27.71,Columbia Brake Cylinder for Hydra Reach Flat Box Handle
Columbia Parts,Columbia Brake Cylinder Piston for Hydra Reach Flat Box Handle (COLM-HH14),HH14,17.42,Columbia Brake Cylinder Piston for Hydra Reach Flat Box Handle
Columbia Parts,Columbia Brake Dog (COLM-CT16),CT16,16.16,"Columbia Taping Tool Parts, Columbia Tool Parts, Taping Tool Parts, Taping Tool Repair"
Columbia Parts,Columbia Brass Bracket (COLM-CT22),CT22,20.69,"Columbia Taping Tool Parts, Columbia Tool Parts, Taping Tool Parts, Taping Tool Repair"
Columbia Parts,Columbia Brass Connector #2 for Hydra Reach Flat Box Handle (COLM-HH17B),HH17B,4.76,Columbia Brass Connector #2 for Hydra Reach Flat Box Handle
Columbia Parts,Columbia Cable Drum - Stainless Steel (COLM-CT73),CT73,38.77,"Columbia Taping Tool Parts, Columbia Tool Parts, Taping Tool Parts, Taping Tool Repair"
Columbia Parts,Columbia Cable Guide Pulley (COLM-CT84A),CT84A,12.93,"Columbia Taping Tool Parts, Columbia Tool Parts, Taping Tool Parts, Taping Tool Repair"
Columbia Parts,Columbia Cam Follower for 180 Grip Flat Box Handle (COLM-BH7),BH7,13.43,Columbia Cam Follower for 180 Grip Flat Box Handle
Columbia Parts,Columbia Cam for 180 Grip Flat Box Handle (COLM-BH26),BH26,8.25,Columbia Cam for 180 Grip Flat Box Handle
Columbia Parts,Columbia Cap Reinforcing Tab (COLM-CT35),CT35,3.23,"Columbia Taping Tool Parts, Columbia Tool Parts, Taping Tool Parts, Taping Tool Repair"
Columbia Parts,Columbia Carriage Cam (COLM-CT32),CT32,9.71,"Columbia Taping Tool Parts, Columbia Tool Parts, Taping Tool Parts, Taping Tool Repair"
Columbia Parts,Columbia Carriage Guide Rod (COLM-CT55),CT55,12.93,"Columbia Taping Tool Parts, Columbia Tool Parts, Taping Tool Parts, Taping Tool Repair"
Columbia Parts,Columbia Carriage Guide Rod Stop (COLM-CT56),CT56,6.48,"Columbia Taping Tool Parts, Columbia Tool Parts, Taping Tool Parts, Taping Tool Repair"
Columbia Parts,Columbia Chain Tension & Guide Bracke (COLM-CT31),CT31,5.82,"Columbia Taping Tool Parts, Columbia Tool Parts, Taping Tool Parts, Taping Tool Repair"
Columbia Parts,Columbia Clutch Dog (COLM-CT83),CT83,3.23,"Columbia Taping Tool Parts, Columbia Tool Parts, Taping Tool Parts, Taping Tool Repair"
Columbia Parts,Columbia Clutch Lever (COLM-CT82),CT82,25.84,"Columbia Taping Tool Parts, Columbia Tool Parts, Taping Tool Parts, Taping Tool Repair"
Columbia Parts,Columbia Clutch Release Cam (COLM-CT92),CT92,10.36,"Columbia Taping Tool Parts, Columbia Tool Parts, Taping Tool Parts, Taping Tool Repair"
Columbia Parts,Columbia Clutch Release Cam Bushing (COLM-CT91),CT91,3.87,"Columbia Taping Tool Parts, Columbia Tool Parts, Taping Tool Parts, Taping Tool Repair"
Columbia Parts,Columbia Clutch Release Rod (COLM-CT88),CT88,15.52,"Columbia Taping Tool Parts, Columbia Tool Parts, Taping Tool Parts, Taping Tool Repair"
Columbia Parts,Columbia Clutch Release Rod Sleeve (COLM-CT89),CT89,15.52,"Columbia Taping Tool Parts, Columbia Tool Parts, Taping Tool Parts, Taping Tool Repair"
Columbia Parts,Columbia Clutch Release Rod Sleeve Housing (COLM-CT90),CT90,25.84,"Columbia Taping Tool Parts, Columbia Tool Parts, Taping Tool Parts, Taping Tool Repair"
Columbia Parts,Columbia Clutch Release Shaft (COLM-CT85),CT85,38.77,"Columbia Taping Tool Parts, Columbia Tool Parts, Taping Tool Parts, Taping Tool Repair"
Columbia Parts,Columbia Clutch Return Spring (COLM-CT81),CT81,2.6,"Columbia Taping Tool Parts, Columbia Tool Parts, Taping Tool Parts, Taping Tool Repair"
Columbia Parts,Columbia Coiled Hydraulic Line for Hydra Reach Flat Box Handle (COLM-HH9),HH9,44.2,Columbia Coiled Hydraulic Line for Hydra Reach Flat Box Handle
Columbia Parts,"Columbia Collar ""O"" Ring (COLM-HP44)",HP44,1.62,"Columbia Taping Tool Parts, Columbia Tool Parts, Taping Tool Parts, Taping Tool Repair"
Columbia Parts,Columbia Connecting Chain (COLM-MP9A),MP9A,1.76,"Columbia Taping Tool Parts, Columbia Tool Parts, Taping Tool Parts, Taping Tool Repair"
Columbia Parts,Columbia Connecting Link (S-Hook)  (COLM-CT132),CT132,3.87,"Columbia Taping Tool Parts, Columbia Tool Parts, Taping Tool Parts, Taping Tool Repair"
Columbia Parts,Columbia Connecting Rod (Now one piece Includes CT46 Rod Stop) 2005+ (COLM-CT45),CT45,17.46,"Columbia Taping Tool Parts, Columbia Tool Parts, Taping Tool Parts, Taping Tool Repair"
Columbia Parts,"Columbia Corner Box Door Gasket 7"" (COLM-CFB7-7)",CFB7-7,38.77,"Columbia Taping Tool Parts, Columbia Tool Parts, Taping Tool Parts, Taping Tool Repair"
Columbia Parts,"Columbia Corner Box Door Gasket 8"" (COLM-CFB7-8)",CFB7-8,38.77,"Columbia Taping Tool Parts, Columbia Tool Parts, Taping Tool Parts, Taping Tool Repair"
Columbia Parts,Columbia Corner Finisher / Angle Head Frames (COLM-AHA2),AHA2,103.4,"Columbia Taping Tool Parts, Columbia Tool Parts, Taping Tool Parts, Taping Tool Repair"
Columbia Parts,"Columbia Corner Finisher Blade Repair Kit (COLM-AHR-BK-2, AHR-BK-2.5, AHR-BK-3, AHR-BK-3.5)",AHR-BK,92.35,"Columbia Corner Finisher Blade Repair Kit (AHR-1-2, AHR-1-2.5, AHR-1-3, AHR-1-3.5)"
Columbia Parts,"Columbia Corner Roller Repair Kit, (COLM-CRA2)",CRA2,114.81,"Columbia Taping Tool Parts, Columbia Tool Parts, Taping Tool Parts, Taping Tool Repair"
Columbia Parts,Columbia Cover Plate Attachment Block (COLM-CT34),CT34,5.82,"Columbia Taping Tool Parts, Columbia Tool Parts, Taping Tool Parts, Taping Tool Repair"
Columbia Parts,Columbia Cover Plate Attachment Block (COLM-CT34CL),CT34CL,5.82,"Columbia Taping Tool Parts, Columbia Tool Parts, Taping Tool Parts, Taping Tool Repair"
Columbia Parts,Columbia Cover Plate Gasket (COLM-CT87CS),CT87CS,7.08,"Columbia Taping Tool Parts, Columbia Tool Parts, Taping Tool Parts, Taping Tool Repair"
Columbia Parts,Columbia Crimper Lever (COLM-CT105),CT105,29.72,"Columbia Taping Tool Parts, Columbia Tool Parts, Taping Tool Parts, Taping Tool Repair"
Columbia Parts,Columbia Crimper Lever Bearing Shaft (COLM-CT106),CT106,10.36,"Columbia Taping Tool Parts, Columbia Tool Parts, Taping Tool Parts, Taping Tool Repair"
Columbia Parts,Columbia Crimper lever Connection Strap (COLM-CT104),CT104,11.64,"Columbia Taping Tool Parts, Columbia Tool Parts, Taping Tool Parts, Taping Tool Repair"
Columbia Parts,Columbia Crimping Arm Assembly (Taper) (COLM-CTA48),CTA48,156.98,"Columbia Taping Tool Parts, Columbia Tool Parts, Taping Tool Parts, Taping Tool Repair"
Columbia Parts,Columbia Crimping Arm Bushing - Left (COLM-CT10A),CT10A,4.85,"Columbia Taping Tool Parts, Columbia Tool Parts, Taping Tool Parts, Taping Tool Repair"
Columbia Parts,Columbia Crimping Arm Bushing - Right (COLM-CT10),CT10,4.85,"Columbia Taping Tool Parts, Columbia Tool Parts, Taping Tool Parts, Taping Tool Repair"
Columbia Parts,Columbia Crimping Arm Left - Stainless Steel (COLM-CT48),CT48,58.14,"Columbia Taping Tool Parts, Columbia Tool Parts, Taping Tool Parts, Taping Tool Repair"
Columbia Parts,Columbia Crimping Arm Right - Stainless Steel (COLM-CT49),CT49,58.14,"Columbia Taping Tool Parts, Columbia Tool Parts, Taping Tool Parts, Taping Tool Repair"
Columbia Parts,Columbia Crimping Wheel (COLM-CT47),CT47,12.93,"Columbia Taping Tool Parts, Columbia Tool Parts, Taping Tool Parts, Taping Tool Repair"
Columbia Parts,Columbia Crimping Wheel Bushing (COLM-CT50),CT50,5.82,"Columbia Taping Tool Parts, Columbia Tool Parts, Taping Tool Parts, Taping Tool Repair"
Columbia Parts,Columbia Cut Washer (COLM-CR4),CR4,3.8,"Columbia Taping Tool Parts, Columbia Tool Parts, Taping Tool Parts, Taping Tool Repair"
Columbia Parts,Columbia Cutter Block Assembly (Taper) (COLM-CTA41),CTA41,116.97,"Columbia Taping Tool Parts, Columbia Tool Parts, Taping Tool Parts, Taping Tool Repair"
Columbia Parts,Columbia Cutter Block Guide Tube (COLM-CT25),CT25,42.64,"Columbia Taping Tool Parts, Columbia Tool Parts, Taping Tool Parts, Taping Tool Repair"
Columbia Parts,Columbia Dog Base Bracket (COLM-CT13),CT13,12.41,"Columbia Taping Tool Parts, Columbia Tool Parts, Taping Tool Parts, Taping Tool Repair"
Columbia Parts,Columbia Door Gasket for 2 in. Hinged Nail Spotter (COLM-HNS15-2),HNS15-2,37.54,Columbia Door Gasket for 2 in. Hinged Nail Spotter
Columbia Parts,Columbia Door Gasket for 3 in. Hinged Nail Spotter (COLM-HNS15-3),HNS15-3,37.54,Columbia Door Gasket for 3 in. Hinged Nail Spotter
Columbia Parts,Columbia Door Hinge (COLM-CFB15),CFB15,25.84,"Columbia Taping Tool Parts, Columbia Tool Parts, Taping Tool Parts, Taping Tool Repair"
Columbia Parts,Columbia Door Mount Bushing (COLM-HFFB4C),HFFB4C,6.13,Columbia Door Mount Bushing
Columbia Parts,Columbia Door Spring (a.k.a. Pressure Plate Spring) (COLM-FFB17),FFB17,4.53,"Columbia Taping Tool Parts, Columbia Tool Parts, Taping Tool Parts, Taping Tool Repair"
Columbia Parts,Columbia Door Spring Clip (COLM-FFB15),FFB15,1.67,"Columbia Taping Tool Parts, Columbia Tool Parts, Taping Tool Parts, Taping Tool Repair"
Columbia Parts,Columbia Door Spring Nut (a.k.a. Spring Anchor) (COLM-FFB16),FFB16,5.2,"Columbia Taping Tool Parts, Columbia Tool Parts, Taping Tool Parts, Taping Tool Repair"
Columbia Parts,Columbia Door Spring Short for Hinged Nail Spotter (COLM-HNS10A),HNS10A,4.16,Columbia Door Spring Short for Hinged Nail Spotter
Columbia Parts,Columbia Drive Chain (COLM-CT78),CT78,85.33,"Columbia Taping Tool Parts, Columbia Tool Parts, Taping Tool Parts, Taping Tool Repair"
Columbia Parts,Columbia Drive Drum (COLM-CT66),CT66,51.72,"Columbia Taping Tool Parts, Columbia Tool Parts, Taping Tool Parts, Taping Tool Repair"
Columbia Parts,Columbia Drive Drum Plug (COLM-CT66A),CT66A,5.41,"Columbia Taping Tool Parts, Columbia Tool Parts, Taping Tool Parts, Taping Tool Repair"
Columbia Parts,Columbia Drive Shaft (COLM-CT70),CT70,32.32,"Columbia Taping Tool Parts, Columbia Tool Parts, Taping Tool Parts, Taping Tool Repair"
Columbia Parts,Columbia Drive Sprocket - Large (COLM-CT77),CT77,64.63,"Columbia Taping Tool Parts, Columbia Tool Parts, Taping Tool Parts, Taping Tool Repair"
Columbia Parts,Columbia Drive Sprocket - Small (COLM-CT71),CT71,15.52,"Columbia Taping Tool Parts, Columbia Tool Parts, Taping Tool Parts, Taping Tool Repair"
Columbia Parts,Columbia Extension Release Clip for Hydra Reach Flat Box Handle (COLM-HH30),HH30,18.08,Columbia Extension Release Clip for Hydra Reach Flat Box Handle
Columbia Parts,Columbia Extension Shaft (COLM-CT130),CT130,23.29,"Columbia Taping Tool Parts, Columbia Tool Parts, Taping Tool Parts, Taping Tool Repair"
Columbia Parts,Columbia Extension Shaft Bracket (COLM-CT127),CT127,32.32,"Columbia Taping Tool Parts, Columbia Tool Parts, Taping Tool Parts, Taping Tool Repair"
Columbia Parts,Columbia Extention Shaft Guide Strap (COLM-CT128),CT128,25.84,"Columbia Taping Tool Parts, Columbia Tool Parts, Taping Tool Parts, Taping Tool Repair"
Columbia Parts,"Columbia Fat Boy Flat Box Door Gasket (Pre-2006 Non-Hinged) (COLM-FBB14, FBB14-8, FBB14-10, FBB14-12)",FBB14,41.84,Columbia Fat Boy Flat Box Door Gasket (Pre-2006 Non-Hinged)
Columbia Parts,"Columbia FatBoy Flat Box End Plate (Left) (COLM-HFBB3A-8, HFBB3A-10, HFBB3A-12)",HFBB3A,38.17,Columbia FatBoy End Plate (Left)
Columbia Parts,"Columbia FatBoy Flat Box End Plate (Right) (COLM-HFBB3-8, HFBB3-10, HFBB3-12)",HFBB3,38.17,Columbia FatBoy End Plate (Right)
Columbia Parts,Columbia Filler Gasket (COLM-MP33),MP33,1.48,"Columbia Taping Tool Parts, Columbia Tool Parts, Taping Tool Parts, Taping Tool Repair"
Columbia Parts,Columbia Filler Nut (COLM-MP28),MP28,8.42,"Columbia Taping Tool Parts, Columbia Tool Parts, Taping Tool Parts, Taping Tool Repair"
Columbia Parts,Columbia Filler Stud (COLM-MP25),MP25,9.71,"Columbia Taping Tool Parts, Columbia Tool Parts, Taping Tool Parts, Taping Tool Repair"
Columbia Parts,"Columbia Flat Box Adjuster Dial Assembly (COLM-FFBA-12, FFBA-12-7, FFBA-12-8, FFBA-12-10, FFBA-12-12)",FFBA-12,24.5,"Columbia Taping Tool Parts, Columbia Tool Parts, Taping Tool Parts, Taping Tool Repair"
Columbia Parts,Columbia Flat Box Adjuster Pin Sleeve (COLM-FFB2A),FFB2A,3.19,Columbia Flat Box Adjuster Pin Sleeve
Columbia Parts,"Columbia Flat Box Adjuster Spring 12"" (COLM-FFB11-12)",FFB11-12,7.11,"Columbia Taping Tool Parts, Columbia Tool Parts, Taping Tool Parts, Taping Tool Repair"
Columbia Parts,"Columbia Flat Box Adjuster Spring 7"" (COLM-FFB11-7)",FFB11-7,7.11,"Columbia Taping Tool Parts, Columbia Tool Parts, Taping Tool Parts, Taping Tool Repair"
Columbia Parts,"Columbia Flat Box Adjuster Spring 7"",8"", or 10"" (COLM-FFB11-10)",FFB11-10,7.11,"Columbia Taping Tool Parts, Columbia Tool Parts, Taping Tool Parts, Taping Tool Repair"
Columbia Parts,"Columbia Flat Box Adjuster Spring 8"" (COLM-FFB11-8)",FFB11-8,7.11,"Columbia Taping Tool Parts, Columbia Tool Parts, Taping Tool Parts, Taping Tool Repair"
Columbia Parts,"Columbia Flat Box Blade (COLM-FFB9-55, COLM-FFB9-7, FFB9-8, FFB9-10, FFB9-12, COLM-FFB9-14)",FFB9,3.23,Columbia Flat Box Blade
Columbia Parts,Columbia Flat Box Blade Bar Assembly (COLM-FFBA-10),FFBA10,103.4,"Columbia Flat Box Blade Bar Assembly, Columbia Flat Box Parts, Columbia Parts, Columbia Taping Tools, Taping Tool Parts, drywall tools, drywall taping tools"
Columbia Parts,Columbia Flat Box Handle Upper Mounting Bracket for Hydra Reach Flat Box Handle (COLM-HH2),HH2,68.5,Columbia Flat Box Handle Upper Mounting Bracket for Hydra Reach Flat Box Handle
Columbia Parts,"Columbia Flat Finisher Flat Box Door Gasket (Pre-2006 Non-Hinged) (COLM-FFB14, FFB14-8, FFB14-7, FFB14-10, FFB14-12)",FFB14,39.93,Columbia Flat Finisher Flat Box Door Gasket (Pre-2006 Non-Hinged)
Columbia Parts,"Columbia Flat Finisher Flat Box End Plate (Left) (COLM-HFFB3A-7, HFFB3A-8, HFFB3A-10, HFFB3A-12)",HFFB3A,38.17,Columbia Flat Finisher End Plate (Left)
Columbia Parts,"Columbia Flat Finisher Flat Box End Plate (Right) (COLM-HFFB3-7, HFFB3-8, HFFB3-10, HFFB3-12)",HFFB3,38.17,Columbia Flat Finisher End Plate (Right)
Columbia Parts,Columbia Foot Valve Casting (COLM-MP2),MP2,29.1,"Columbia Taping Tool Parts, Columbia Tool Parts, Taping Tool Parts, Taping Tool Repair"
Columbia Parts,Columbia Frame Retainer Clip / Blade Holder Stop (COLM-AH5),AH5,1.62,"Columbia Taping Tool Parts, Columbia Tool Parts, Taping Tool Parts, Taping Tool Repair"
Columbia Parts,Columbia Frame Tension Spring for 2 and 2.5 in. Angle Heads (COLM-AH7-2),AH7-2,1.31,"Columbia Taping Tool Parts, Columbia Tool Parts, Taping Tool Parts, Taping Tool Repair"
Columbia Parts,Columbia Frame Tension Spring for 2.5 and 3 in. Angle Heads (COLM-AH7-2.5),AH7-25,1.31,"Columbia Taping Tool Parts, Columbia Tool Parts, Taping Tool Parts, Taping Tool Repair"
Columbia Parts,Columbia Frame Tension Spring for 3 and 3.5 in. Angle Heads (COLM-AH7-3),AH7-3,1.31,"Columbia Taping Tool Parts, Columbia Tool Parts, Taping Tool Parts, Taping Tool Repair"
Columbia Parts,Columbia Frame Tension Spring for 3.5 in. Angle Heads Only (COLM-AH7-3.5),AH7-35,1.31,"Columbia Taping Tool Parts, Columbia Tool Parts, Taping Tool Parts, Taping Tool Repair"
Columbia Parts,Columbia Friction Brake Disc (COLM-FFH5),FFH5,9.33,"Columbia Taping Tool Parts, Columbia Tool Parts, Taping Tool Parts, Taping Tool Repair"
Columbia Parts,Columbia Funnel Retainer Spring (COLM-AH6),AH6,2.75,"Columbia Taping Tool Parts, Columbia Tool Parts, Taping Tool Parts, Taping Tool Repair"
Columbia Parts,Columbia Grenade Pin Assembly (Taper) (COLM-CTA99),CTA99,14.11,"Columbia Taping Tool Parts, Columbia Tool Parts, Taping Tool Parts, Taping Tool Repair"
Columbia Parts,Columbia Grenade Pin O-Ring(Taper) (COLM-CT99A),CT99A,2,"Columbia Taping Tool Parts, Columbia Tool Parts, Taping Tool Parts, Taping Tool Repair"
Columbia Parts,Columbia Grip Lever for Matrix Flat Box Handle (COLM-MH4),MH4,30.19,Columbia Grip Lever for Matrix Flat Box Handle (COLM-MH4)
Columbia Parts,Columbia Guide Rod Bushing (COLM-CT58),CT58,7.77,"Columbia Taping Tool Parts, Columbia Tool Parts, Taping Tool Parts, Taping Tool Repair"
Columbia Parts,Columbia Hand Grip Roller (COLM-CT125),CT125,3.23,"Columbia Taping Tool Parts, Columbia Tool Parts, Taping Tool Parts, Taping Tool Repair"
Columbia Parts,Columbia Hand Grip Roller Sleeve (COLM-CT125A),CT125A,3.23,"Columbia Taping Tool Parts, Columbia Tool Parts, Taping Tool Parts, Taping Tool Repair"
Columbia Parts,Columbia Handle (COLM-MP7),MP7,90.49,"Columbia Taping Tool Parts, Columbia Tool Parts, Taping Tool Parts, Taping Tool Repair"
Columbia Parts,Columbia Handle Clamp for Hinged Nail Spotter (COLM-HNS12),HNS12,16.49,Columbia Handle Clamp for Hinged Nail Spotter
Columbia Parts,Columbia Handle Connecting Link (COLM-CR11),CR11,25.84,"Columbia Taping Tool Parts, Columbia Tool Parts, Taping Tool Parts, Taping Tool Repair"
Columbia Parts,Columbia Handle Connecting Link Ball (COLM-AH15),AH15,25.44,"Columbia Taping Tool Parts, Columbia Tool Parts, Taping Tool Parts, Taping Tool Repair"
Columbia Parts,Columbia Handle Connecting Link for Corner Roller (COLM-CR12),CR12,3.99,Columbia Handle Connecting Link for Corner Roller
Columbia Parts,Columbia Handle Link (One Piece) (COLM-MP6),MP6,32.32,"Columbia Taping Tool Parts, Columbia Tool Parts, Taping Tool Parts, Taping Tool Repair"
Columbia Parts,Columbia Handle Link Assembly for Hinged Nail Spotter (COLM-HNSA14),HNSA14,26.46,Columbia Handle Link Assembly for Hinged Nail Spotter
Columbia Parts,Columbia Handle Link Connector for Hinged Nail Spotter (COLM-HNS14C),HNS14C,18.61,"Columbia Handle Link Connector for Hinged Nail Spotter Part, Columbia Tool Part, Nail Spotter Parts, Spotter Parts, columbia part HNS14C"
Columbia Parts,Columbia Handle Link for Hinged Nail Spotter (COLM-HNS14A),HNS14A,17.65,"Columbia Handle Link for Hinged Nail Spotter Part, Columbia Tool Part, Nail Spotter Parts, Spotter Parts, columbia part HNS14A"
Columbia Parts,Columbia Handle Mounting Base (COLM-FFH1),FFH1,58.59,"Columbia Taping Tool Parts, Columbia Tool Parts, Taping Tool Parts, Taping Tool Repair"
Columbia Parts,Columbia Handle Mounting Base for 180 Grip Flat Box Handle (COLM-BH1),BH1,63.76,Columbia Handle Mounting Base for 180 Grip Flat Box Handle
Columbia Parts,Columbia Handle Mounting Swivel (COLM-CR6),CR6,15.18,"Columbia Taping Tool Parts, Columbia Tool Parts, Taping Tool Parts, Taping Tool Repair"
Columbia Parts,Columbia Handle Pin (COLM-HPA48),HPA48,5.06,"Columbia Taping Tool Parts, Columbia Tool Parts, Taping Tool Parts, Taping Tool Repair"
Columbia Parts,Columbia Handle Rivet for Hinged Nail Spotter (COLM-HNS14B),HNS14B,1.04,Columbia Handle Rivet for Hinged Nail Spotter
Columbia Parts,Columbia Handle Roll Pin for Hinged Nail Spotter (COLM-HNS12A),HNS12A,5.5,"Columbia Handle Roll Pin for Hinged Nail Spotter, Nail Spotter Parts, Spotter Parts, Taping Tool Parts, Taping Tool Repair"
Columbia Parts,Columbia Handle Spring for Hinged Nail Spotter (COLM-HNS14),HNS14,8.81,Columbia Handle Spring for Hinged Nail Spotter
Columbia Parts,Columbia Head Billet Assembly (Pump) (COLM-HPA-4),HPA4,126.5,"Columbia Taping Tool Parts, Columbia Tool Parts, Taping Tool Parts, Taping Tool Repair"
Columbia Parts,Columbia Head Bushing (COLM-MP5),MP5,22.64,"Columbia Taping Tool Parts, Columbia Tool Parts, Taping Tool Parts, Taping Tool Repair"
Columbia Parts,Columbia Hinge Block (COLM-CT20),CT20,10.36,"Columbia Taping Tool Parts, Columbia Tool Parts, Taping Tool Parts, Taping Tool Repair"
Columbia Parts,Columbia Hinge Bushing for Corner Box (COLM-CFB15A),CFB15A,1.96,Columbia Hinge Bushing for Corner Box
Columbia Parts,Columbia Hinge Pin (COLM-FFH6),FFH6,10,"Columbia Taping Tool Parts, Columbia Tool Parts, Taping Tool Parts, Taping Tool Repair"
Columbia Parts,Columbia Hinge Pin for 180 Grip Flat Box Handle (COLM-BH6),BH6,9.33,Columbia Hinge Pin for 180 Grip Flat Box Handle
Columbia Parts,Columbia Hinge Seal for Corner Box (COLM-CFB1A),CFB1A,3.87,Columbia Hinge Seal for Corner Box
Columbia Parts,Columbia Hinged 10 in. Flat Box Door (COLM-HFFB4-10),HFFB4-10,49.72,Columbia Hinged 10 in. Flat Box Door
Columbia Parts,Columbia Hinged 12 in. Flat Box Door (COLM-HFFB4-12),HFFB4-12,49.72,Columbia Hinged 12 in. Flat Box Door
Columbia Parts,Columbia Hinged 7 in. Flat Box Door (COLM-HFFB4-7),HFFB4-7,49.72,Columbia Hinged 7 in. Flat Box Door
Columbia Parts,Columbia Hinged 8 in. Flat Box Door (COLM-HFFB4-8),HFFB4-8,49.72,Columbia Hinged 8 in. Flat Box Door
Columbia Parts,"Columbia Hinged Fat Boy Flat Box Door Gasket (COLM-HFBB14, HFBB14-8, HFBB14-10, HFBB14-12)",HFBB14,43.97,Columbia Hinged Fat Boy Flat Box Door Gasket
Columbia Parts,"Columbia Hinged Flat Box Door Gasket (COLM-HFFB14, HFFB14-7, HFFB14-8, HFFB14-10, HFFB14-12)",HFFB14,38.79,Columbia Hinged Flat Box Door Gasket
Columbia Parts,Columbia Hollow Shaft (COLM-CT79),CT79,38.77,"Columbia Taping Tool Parts, Columbia Tool Parts, Taping Tool Parts, Taping Tool Repair"
Columbia Parts,Columbia Hub (COLM-CT68),CT68,15.52,"Columbia Taping Tool Parts, Columbia Tool Parts, Taping Tool Parts, Taping Tool Repair"
Columbia Parts,COLUMBIA HYDRA HANDLE REPAIR KIT (COLM-HHR-1),HHR1,34.43,"Columbia Taping Tool Parts, Columbia Tool Parts, Taping Tool Parts, Taping Tool Repair"
Columbia Parts,Columbia Knife Guide Bracket  - Left (COLM-CT27),CT27,12.93,"Columbia Taping Tool Parts, Columbia Tool Parts, Taping Tool Parts, Taping Tool Repair"
Columbia Parts,Columbia Knife Guide Bracket  - Right (COLM-CT26),CT26,16.16,"Columbia Taping Tool Parts, Columbia Tool Parts, Taping Tool Parts, Taping Tool Repair"
Columbia Parts,Columbia Knife Retainer Block (COLM-CT41),CT41,1.62,"Columbia Taping Tool Parts, Columbia Tool Parts, Taping Tool Parts, Taping Tool Repair"
Columbia Parts,Columbia Knife Retainer Cap (COLM-CT41A),CT41A,6.16,"Columbia Taping Tool Parts, Columbia Tool Parts, Taping Tool Parts, Taping Tool Repair"
Columbia Parts,Columbia Knife Return Spring (COLM-CT39),CT39,9.48,"Columbia Taping Tool Parts, Columbia Tool Parts, Taping Tool Parts, Taping Tool Repair"
Columbia Parts,Columbia Knurled Hand Grip Body (COLM-CT126),CT126,64.64,"Columbia Taping Tool Parts, Columbia Tool Parts, Taping Tool Parts, Taping Tool Repair"
Columbia Parts,Columbia Latch Keeper (COLM-HP46),HP46,3.87,"Columbia Taping Tool Parts, Columbia Tool Parts, Taping Tool Parts, Taping Tool Repair"
Columbia Parts,Columbia Left Insert Bushing (Includes CT4) (COLM-CT3A),CT3A,11.64,"Columbia Taping Tool Parts, Columbia Tool Parts, Taping Tool Parts, Taping Tool Repair"
Columbia Parts,Columbia Left Wafer Bushing (COLM-CT4),CT4,1.29,"Columbia Taping Tool Parts, Columbia Tool Parts, Taping Tool Parts, Taping Tool Repair"
Columbia Parts,Columbia Leg (COLM-MP8),MP8,74.34,"Columbia Taping Tool Parts, Columbia Tool Parts, Taping Tool Parts, Taping Tool Repair"
Columbia Parts,Columbia Line Pincher for Hydra Reach Flat Box Handle (COLM-HH17C),HH17C,3.62,Columbia Line Pincher for Hydra Reach Flat Box Handle
Columbia Parts,Columbia Lock Block for Automatic Taper (COLM-CT113),CT113,3.23,Columbia Lock Block for Automatic Taper
Columbia Parts,Columbia Lower Brake Lever for 180 Grip Flat Box Handle (COLM-BH4),BH4,24.79,Columbia Lower Brake Lever for 180 Grip Flat Box Handle
Columbia Parts,Columbia Lower Mounting Bracket (COLM-FFH3),FFH3,33.29,"Columbia Taping Tool Parts, Columbia Tool Parts, Taping Tool Parts, Taping Tool Repair"
Columbia Parts,Columbia Lower Mounting Bracket for 180 Grip Flat Box Handle (COLM-BH3),BH3,29.95,Columbia Lower Mounting Bracket for 180 Grip Flat Box Handle
Columbia Parts,Columbia Magnet (COLM-CT59),CT59,19.41,"Columbia Taping Tool Parts, Columbia Tool Parts, Taping Tool Parts, Taping Tool Repair"
Columbia Parts,Columbia Manual Drive Grip (COLM-CT80),CT80,38.77,"Columbia Taping Tool Parts, Columbia Tool Parts, Taping Tool Parts, Taping Tool Repair"
Columbia Parts,Columbia Manual Drive Grip Assembly (Taper) (COLM-CTA80),CTA80,115.74,"Columbia Taping Tool Parts, Columbia Tool Parts, Taping Tool Parts, Taping Tool Repair"
Columbia Parts,COLUMBIA MATRIX HANDLE REPAIR KIT (COLM-MHRK),MHRK,85.4,"Columbia Taping Tool Parts, Columbia Tool Parts, Taping Tool Parts, Taping Tool Repair"
Columbia Parts,Columbia Micro Chain (Cutting System) (COLM-CT43),CT43,32.32,"Columbia Taping Tool Parts, Columbia Tool Parts, Taping Tool Parts, Taping Tool Repair"
Columbia Parts,Columbia Mud Gate Assembly (Taper) (COLM-CTA93),CTA93,72.63,"Columbia Taping Tool Parts, Columbia Tool Parts, Taping Tool Parts, Taping Tool Repair"
Columbia Parts,Columbia Mud Gate Control Valve Plate (COLM-CT95),CT95,7.77,"Columbia Taping Tool Parts, Columbia Tool Parts, Taping Tool Parts, Taping Tool Repair"
Columbia Parts,Columbia Mud Gate Gasket (COLM-CT96),CT96,2.26,"Columbia Taping Tool Parts, Columbia Tool Parts, Taping Tool Parts, Taping Tool Repair"
Columbia Parts,Columbia Mud Gate Lever Arm (COLM-CT93),CT93,51.72,"Columbia Taping Tool Parts, Columbia Tool Parts, Taping Tool Parts, Taping Tool Repair"
Columbia Parts,Columbia Mud Gate Upper Plate (COLM-CT94),CT94,4.53,"Columbia Taping Tool Parts, Columbia Tool Parts, Taping Tool Parts, Taping Tool Repair"
Columbia Parts,Columbia Mud Guard Plate (COLM-CT11),CT11,9.05,"Columbia Taping Tool Parts, Columbia Tool Parts, Taping Tool Parts, Taping Tool Repair"
Columbia Parts,Columbia Mud Pump Screen (COLM-MP24C),MP24C,3.87,"Columbia Taping Tool Parts, Columbia Tool Parts, Taping Tool Parts, Taping Tool Repair"
Columbia Parts,Columbia Mud Pump Seal (a.k.a U-cup) (COLM-MP23),MP23,3.87,"Columbia Taping Tool Parts, Columbia Tool Parts, Taping Tool Parts, Taping Tool Repair"
Columbia Parts,Columbia Mud Supply Seal Plate & Shaft (COLM-CT98),CT98,5.16,"Columbia Taping Tool Parts, Columbia Tool Parts, Taping Tool Parts, Taping Tool Repair"
Columbia Parts,Columbia Mud Supply Valve Assembly (Taper) (COLM-CTA97),CTA97,34.77,"Columbia Taping Tool Parts, Columbia Tool Parts, Taping Tool Parts, Taping Tool Repair"
Columbia Parts,Columbia Mud Supply Valve Body (COLM-CT97),CT97,25.86,"Columbia Taping Tool Parts, Columbia Tool Parts, Taping Tool Parts, Taping Tool Repair"
Columbia Parts,Columbia Mud Supply Valve for Corner Box (COLM-CFB6),CFB6,38.44,Columbia Mud Supply Valve for Corner Box
Columbia Parts,Columbia Mud Supply Valve Return Spring (COLM-CT101),CT101,2.85,"Columbia Taping Tool Parts, Columbia Tool Parts, Taping Tool Parts, Taping Tool Repair"
Columbia Parts,Columbia Mud Supply Valve Seal Plate & Shaft (COLM-CFB25),CFB25,5.16,"Columbia Taping Tool Parts, Columbia Tool Parts, Taping Tool Parts, Taping Tool Repair"
Columbia Parts,Columbia Mud Supply Valve Sub-Assembly (Corner Box) (COLM-CFBA6),CFBA6,34.45,"Columbia Taping Tool Parts, Columbia Tool Parts, Taping Tool Parts, Taping Tool Repair"
Columbia Parts,"Columbia Nail Spotter Carbide Blade (COLM-HNS7-2, HNS7-3)",HNS7,23.08,Columbia Nail Spotter Carbide Blade
Columbia Parts,Columbia Nail Spotter Door Spring (COLM-HNS10),HNS10,4.51,"Columbia Taping Tool Parts, Columbia Tool Parts, Taping Tool Parts, Taping Tool Repair"
Columbia Parts,Columbia Needle Holding Shaft (COLM-CT62),CT62,16.79,"Columbia Taping Tool Parts, Columbia Tool Parts, Taping Tool Parts, Taping Tool Repair"
Columbia Parts,Columbia Needle Return Shaft (COLM-CT64),CT64,5.16,"Columbia Taping Tool Parts, Columbia Tool Parts, Taping Tool Parts, Taping Tool Repair"
Columbia Parts,Columbia Needle Return Spring (COLM-CT65),CT65,3.56,"Columbia Taping Tool Parts, Columbia Tool Parts, Taping Tool Parts, Taping Tool Repair"
Columbia Parts,"Columbia New Style ""O"" Ring (COLM-HFFB37)",HFFB37,1.29,"Columbia Taping Tool Parts, Columbia Tool Parts, Taping Tool Parts, Taping Tool Repair"
Columbia Parts,Columbia Nylatron Bushing (COLM-CFB19),CFB19,3.87,"Columbia Taping Tool Parts, Columbia Tool Parts, Taping Tool Parts, Taping Tool Repair"
Columbia Parts,Columbia Nylatron Bushing (COLM-MP36),MP36,5.16,"Columbia Taping Tool Parts, Columbia Tool Parts, Taping Tool Parts, Taping Tool Repair"
Columbia Parts,Columbia Nylatron Insert Bushing (COLM-CT2),CT2,3.87,"Columbia Taping Tool Parts, Columbia Tool Parts, Taping Tool Parts, Taping Tool Repair"
Columbia Parts,Columbia Nylatron Washer (COLM-CT76),CT76,0.98,"Columbia Taping Tool Parts, Columbia Tool Parts, Taping Tool Parts, Taping Tool Repair"
Columbia Parts,Columbia O Ring (a.k.a. Filler O-ring) (COLM-MP23A),MP23A,1.29,"Columbia Taping Tool Parts, Columbia Tool Parts, Taping Tool Parts, Taping Tool Repair"
Columbia Parts,Columbia Old Style Connecting Rod Stop (pre 2005) (COLM-CT46),CT46,4.53,"Columbia Taping Tool Parts, Columbia Tool Parts, Taping Tool Parts, Taping Tool Repair"
Columbia Parts,Columbia Old Style Door Stop (Screw Type) (COLM-FFB32),FFB32,2.6,"Columbia Taping Tool Parts, Columbia Tool Parts, Taping Tool Parts, Taping Tool Repair"
Columbia Parts,Columbia Paper Feed Guide (COLM-CT19),CT19,34.93,"Columbia Taping Tool Parts, Columbia Tool Parts, Taping Tool Parts, Taping Tool Repair"
Columbia Parts,Columbia Piston Assembly for Automatic Taper (COLM-CTA107),CTA107,65.25,"Columbia Taping Tool Parts, Columbia Tool Parts, Taping Tool Parts, Taping Tool Repair"
Columbia Parts,Columbia Piston Body (COLM-CT107),CT107,25.84,"Columbia Taping Tool Parts, Columbia Tool Parts, Taping Tool Parts, Taping Tool Repair"
Columbia Parts,Columbia Piston Cup (COLM-MP14),MP14,11.64,"Columbia Taping Tool Parts, Columbia Tool Parts, Taping Tool Parts, Taping Tool Repair"
Columbia Parts,Columbia Piston Cup Backing Washer (a.k.a. Large Retainer) (COLM-MP13),MP13,7.77,"Columbia Taping Tool Parts, Columbia Tool Parts, Taping Tool Parts, Taping Tool Repair"
Columbia Parts,Columbia Piston Cup Backing Washer (a.k.a. Small Retainer) (includes MP32) (COLM-MP13A),MP13A,11.64,"Columbia Taping Tool Parts, Columbia Tool Parts, Taping Tool Parts, Taping Tool Repair"
Columbia Parts,Columbia Piston Cup Sleeve (COLM-MP39),MP39,2.26,"Columbia Taping Tool Parts, Columbia Tool Parts, Taping Tool Parts, Taping Tool Repair"
Columbia Parts,Columbia Piston Driver for Hydra Reach Flat Box Handle (COLM-HH24),HH24,18.08,Columbia Piston Driver for Hydra Reach Flat Box Handle
Columbia Parts,Columbia Piston O-Ring for Hydra Reach Flat Box Handle (COLM-HH23),HH23,1.26,Columbia Piston O-Ring for Hydra Reach Flat Box Handle
Columbia Parts,Columbia Piston Shaft (COLM-MP11),MP11,51.72,"Columbia Taping Tool Parts, Columbia Tool Parts, Taping Tool Parts, Taping Tool Repair"
Columbia Parts,Columbia Plunger Cable (COLM-CT72),CT72,7.77,"Columbia Taping Tool Parts, Columbia Tool Parts, Taping Tool Parts, Taping Tool Repair"
Columbia Parts,Columbia Plunger Cup (COLM-CT111),CT111,15.52,"Columbia Taping Tool Parts, Columbia Tool Parts, Taping Tool Parts, Taping Tool Repair"
Columbia Parts,Columbia Predator Extension Shaft (COLM-CPT130),CPT130,68,"Columbia Taping Tool Parts, Columbia Tool Parts, Taping Tool Parts, Taping Tool Repair"
Columbia Parts,Columbia Pressure Adjuster for Hydra Reach Flat Box Handle (COLM-HH27),HH27,13.96,Columbia Pressure Adjuster for Hydra Reach Flat Box Handle
Columbia Parts,Columbia Pull Ring (COLM-CT124),CT124,19.41,"Columbia Taping Tool Parts, Columbia Tool Parts, Taping Tool Parts, Taping Tool Repair"
Columbia Parts,Columbia Pump Cylinder (COLM-HP1),HP1,51.72,"Columbia Taping Tool Parts, Columbia Tool Parts, Taping Tool Parts, Taping Tool Repair"
Columbia Parts,Columbia Pump Flapper Valve (COLM-MP3),MP3,3.23,"Columbia Taping Tool Parts, Columbia Tool Parts, Taping Tool Parts, Taping Tool Repair"
Columbia Parts,Columbia Pump Latch Clamp Assembly (COLM-HP47),HP47,28.44,Columbia Pump Latch Clamp Assembly
Columbia Parts,Columbia Pump O-Ring Enclosure (COLM-HP45),HP45,19.41,Columbia Pump O-Ring Enclosure
Columbia Parts,Columbia Pump Repair Kit (COLM-MPR-1),MPR1,29.93,"Columbia Taping Tool Parts, Columbia Tool Parts, Taping Tool Parts, Taping Tool Repair"
Columbia Parts,"Columbia Pyramid/Diamond Blades, Commercial Grade (COLM-CT42A)",CT42A,1.96,"Columbia Taping Tool Parts, Columbia Tool Parts, Taping Tool Parts, Taping Tool Repair"
Columbia Parts,Columbia Ratchet Gear (COLM-CT67),CT67,5.16,"Columbia Taping Tool Parts, Columbia Tool Parts, Taping Tool Parts, Taping Tool Repair"
Columbia Parts,Columbia Ratchet Rod (COLM-CT15A),CT15A,5.82,"Columbia Taping Tool Parts, Columbia Tool Parts, Taping Tool Parts, Taping Tool Repair"
Columbia Parts,Columbia Reinforcing Rod / Spacer Rod (COLM-CT23),CT23,7.77,"Columbia Taping Tool Parts, Columbia Tool Parts, Taping Tool Parts, Taping Tool Repair"
Columbia Parts,Columbia Release Clip Pin for Hydra Reach Flat Box Handle (COLM-HH31),HH31,14.46,Columbia Release Clip Pin for Hydra Reach Flat Box Handle
Columbia Parts,Columbia Release Clip Washer for Hydra Reach Flat Box Handle (COLM-HH32),HH32,24.09,Columbia Release Clip Washer for Hydra Reach Flat Box Handle
Columbia Parts,Columbia Reservoir for Hydra Reach Flat Box Handle (COLM-HH3A),HH3A,208.67,Columbia Reservoir for Hydra Reach Flat Box Handle
Columbia Parts,Columbia Reservoir Piston for Hydra Reach Flat Box Handle (COLM-HH22),HH22,25.29,Columbia Reservoir Piston for Hydra Reach Flat Box Handle
Columbia Parts,Columbia Return Spring (COLM-AH1B),AH1B,2.85,"Columbia Taping Tool Parts, Columbia Tool Parts, Taping Tool Parts, Taping Tool Repair"
Columbia Parts,Columbia Return Spring (COLM-CT54),CT54,3.23,"Columbia Taping Tool Parts, Columbia Tool Parts, Taping Tool Parts, Taping Tool Repair"
Columbia Parts,Columbia Return Spring Holder (COLM-AH1A),AH1A,8.36,"Columbia Taping Tool Parts, Columbia Tool Parts, Taping Tool Parts, Taping Tool Repair"
Columbia Parts,Columbia Return Spring Ring (COLM-CT40),CT40,1.29,"Columbia Taping Tool Parts, Columbia Tool Parts, Taping Tool Parts, Taping Tool Repair"
Columbia Parts,Columbia Return Spring Tube (COLM-CT36),CT36,33.61,"Columbia Taping Tool Parts, Columbia Tool Parts, Taping Tool Parts, Taping Tool Repair"
Columbia Parts,Columbia Right Insert Bushing (Includes CT5)  (COLM-CT3),CT3,11.64,"Columbia Taping Tool Parts, Columbia Tool Parts, Taping Tool Parts, Taping Tool Repair"
Columbia Parts,Columbia Right Nylatron Chain Roller (Small) (COLM-CT29),CT29,3.23,"Columbia Taping Tool Parts, Columbia Tool Parts, Taping Tool Parts, Taping Tool Repair"
Columbia Parts,Columbia Right Wafer Bushing (COLM-CT5),CT5,1.29,"Columbia Taping Tool Parts, Columbia Tool Parts, Taping Tool Parts, Taping Tool Repair"
Columbia Parts,Columbia Roll Pin Bushing for Hinged Nail Spotter (COLM-HNS13),HNS13,3.29,"Columbia Roll Pin Bushing for Hinged Nail Spotter, Roll Pin Bushing, Hinged Nail Spotter Roll Pin Bushing, Columbia tools part HNS13"
Columbia Parts,Columbia Roller Bushing (COLM-CT28),CT28,3.87,"Columbia Taping Tool Parts, Columbia Tool Parts, Taping Tool Parts, Taping Tool Repair"
Columbia Parts,"Columbia Roller, 2 piece - Nylatron/Steel (COLM-CR2)",CR2,15.52,"Columbia Taping Tool Parts, Columbia Tool Parts, Taping Tool Parts, Taping Tool Repair"
Columbia Parts,Columbia Separation Plate (COLM-CT17),CT17,18.08,"Columbia Taping Tool Parts, Columbia Tool Parts, Taping Tool Parts, Taping Tool Repair"
Columbia Parts,Columbia Shaft Guide Bracket/Control Extension Support (COLM-CT129A),CT129A,4.53,"Columbia Taping Tool Parts, Columbia Tool Parts, Taping Tool Parts, Taping Tool Repair"
Columbia Parts,Columbia Shaft Guide Roller  (COLM-CT129B),CT129B,5.16,"Columbia Taping Tool Parts, Columbia Tool Parts, Taping Tool Parts, Taping Tool Repair"
Columbia Parts,Columbia Shaft Guide Roller Sleeve (COLM-CT129),CT129,2.89,"Columbia Taping Tool Parts, Columbia Tool Parts, Taping Tool Parts, Taping Tool Repair"
Columbia Parts,Columbia Shim for Automatic Taper (COLM-CT13A),CT13A,12.41,Columbia Shim for Automatic Taper
Columbia Parts,Columbia Shoe - left (COLM-FFB7A),FFB7A,2.67,"Columbia Taping Tool Parts, Columbia Tool Parts, Taping Tool Parts, Taping Tool Repair"
Columbia Parts,Columbia Shoe - right (COLM-FFB7),FFB7,2.67,"Columbia Taping Tool Parts, Columbia Tool Parts, Taping Tool Parts, Taping Tool Repair"
Columbia Parts,Columbia Shoe Pivot (COLM-NS18),NS18,3.33,"Columbia Taping Tool Parts, Columbia Tool Parts, Taping Tool Parts, Taping Tool Repair"
Columbia Parts,"Columbia Side Blade Skid, Stainless Steel (COLM-AH4)",AH4,3.56,"Columbia Taping Tool Parts, Columbia Tool Parts, Taping Tool Parts, Taping Tool Repair"
Columbia Parts,Columbia Side Plate Hub (COLM-CT7A),CT7A,12.93,"Columbia Taping Tool Parts, Columbia Tool Parts, Taping Tool Parts, Taping Tool Repair"
Columbia Parts,Columbia Side Plate Support - Left (COLM-CT7),CT7,58.83,"Columbia Taping Tool Parts, Columbia Tool Parts, Taping Tool Parts, Taping Tool Repair"
Columbia Parts,Columbia Side Plate Support - Right (COLM-CT8),CT8,58.83,"Columbia Taping Tool Parts, Columbia Tool Parts, Taping Tool Parts, Taping Tool Repair"
Columbia Parts,Columbia Slotted Piston Connecting Stud (COLM-CT112),CT112,10.85,"Columbia Taping Tool Parts, Columbia Tool Parts, Taping Tool Parts, Taping Tool Repair"
Columbia Parts,Columbia Small Right Side Nylatron Chain Roller for Automatic Taper (COLM-CT29A),CT29A,3.23,Columbia Small Right Side Nylatron Chain Roller for Automatic Taper
Columbia Parts,Columbia Socket Wear Cup (COLM-AH18),AH18,8.72,"Columbia Taping Tool Parts, Columbia Tool Parts, Taping Tool Parts, Taping Tool Repair"
Columbia Parts,Columbia Spacer Bar (COLM-CT51),CT51,3.87,"Columbia Taping Tool Parts, Columbia Tool Parts, Taping Tool Parts, Taping Tool Repair"
Columbia Parts,Columbia Spring for Hydra Reach Flat Box Handle (COLM-HH33),HH33,5.16,Columbia Spring for Hydra Reach Flat Box Handle
Columbia Parts,Columbia Stainless Steel Backing Washer (COLM-FFB4B),FFB4B,3.68,Columbia Stainless Steel Backing Washer
Columbia Parts,Columbia Stainless Steel Side Plate - Left (COLM-CT6A),CT6A,37.2,"Columbia Taping Tool Parts, Columbia Tool Parts, Taping Tool Parts, Taping Tool Repair"
Columbia Parts,Columbia Stainless Steel Side Plate - Right (COLM-CT6),CT6,31.04,"Columbia Taping Tool Parts, Columbia Tool Parts, Taping Tool Parts, Taping Tool Repair"
Columbia Parts,Columbia Stainless Steel Washer (COLM-FFB4A),FFB4A,4.31,"Columbia Stainless Steel Washer, COLM-FFB4A"
Columbia Parts,Columbia Standard Strap (COLM-CT116),CT116,19.41,"Columbia Taping Tool Parts, Columbia Tool Parts, Taping Tool Parts, Taping Tool Repair"
Columbia Parts,Columbia Standard Strap Base (COLM-CT117),CT117,8.19,"Columbia Taping Tool Parts, Columbia Tool Parts, Taping Tool Parts, Taping Tool Repair"
Columbia Parts,Columbia Strap Connecting Pin for 180 Grip Flat Box Handle (COLM-BH11),BH11,2.36,Columbia Strap Connecting Pin for 180 Grip Flat Box Handle
Columbia Parts,Columbia Strap Link for 180 Grip Bent Box Handle (COLM-BBH10),BBH10,9.35,Columbia Strap Link for 180 Grip Bent Box Handle
Columbia Parts,Columbia Tape Advance Carriage (Includes CT58)  (COLM-CT57),CT57,87.9,"Columbia Taping Tool Parts, Columbia Tool Parts, Taping Tool Parts, Taping Tool Repair"
Columbia Parts,"Columbia Tape Advance Carriage Assembly, incl. COLM-CT58 (COLM-CTA57)",CTA57,144.04,"Columbia Taping Tool Parts, Columbia Tool Parts, Taping Tool Parts, Taping Tool Repair"
Columbia Parts,Columbia Tape Advance Needle (COLM-CT63),CT63,1.29,"Columbia Taping Tool Parts, Columbia Tool Parts, Taping Tool Parts, Taping Tool Repair"
Columbia Parts,Columbia Tape Advance Release Bracket (COLM-CT12),CT12,7.11,"Columbia Taping Tool Parts, Columbia Tool Parts, Taping Tool Parts, Taping Tool Repair"
Columbia Parts,Columbia Tape Spool (COLM-CT120),CT120,25.84,"Columbia Taping Tool Parts, Columbia Tool Parts, Taping Tool Parts, Taping Tool Repair"
Columbia Parts,Columbia Tape Spool Retaining Spring (COLM-CT119),CT119,5.82,"Columbia Taping Tool Parts, Columbia Tool Parts, Taping Tool Parts, Taping Tool Repair"
Columbia Parts,Columbia Tape Spool Retaining Spring Insert (COLM-CT118),CT118,5.82,"Columbia Taping Tool Parts, Columbia Tool Parts, Taping Tool Parts, Taping Tool Repair"
Columbia Parts,Columbia Tape Spool Retaining Spring Shaft (COLM-CT123),CT123,10.36,"Columbia Taping Tool Parts, Columbia Tool Parts, Taping Tool Parts, Taping Tool Repair"
Columbia Parts,Columbia Tape Spool Retaining Spring Shaft Strap (Band) (COLM-CT122),CT122,19.41,"Columbia Taping Tool Parts, Columbia Tool Parts, Taping Tool Parts, Taping Tool Repair"
Columbia Parts,"Columbia Tape Spool Shaft ""O"" Ring (COLM-CT121A)",CT121A,1.29,"Columbia Taping Tool Parts, Columbia Tool Parts, Taping Tool Parts, Taping Tool Repair"
Columbia Parts,Columbia Tape Spool Shaft (COLM-CT121),CT121,12.93,"Columbia Taping Tool Parts, Columbia Tool Parts, Taping Tool Parts, Taping Tool Repair"
Columbia Parts,Columbia Taper Cam Lock Cap Pin Assembly(COLM-CTA99CL),CTA99CL,14.11,"Columbia Taping Tool Parts, Columbia Tool Parts, Taping Tool Parts, Taping Tool Repair"
Columbia Parts,Columbia Taper Head (COLM-CT1),CT1,155.14,"Columbia Taping Tool Parts, Columbia Tool Parts, Taping Tool Parts, Taping Tool Repair"
Columbia Parts,Columbia Thumb Clip Door Release/Stop (COLM-FFB31),FFB31,2.52,"WallTools a leading supplier of professional tools for drywall hanging and drywall finishing, wallpaper, wallcovering, and ceiling grid. Major brands including automatic taping tools by Columbia Taping Tools, Blue Line & Tapepro, TapeTech, Level-5; Advance Paste machines; DeWalt Power tools; USG Sheetrock taping knives, Kraft, Trim-Tex, Porter Cable, and many more."
Columbia Parts,Columbia Thumb Clip Door Release/Stop Bolt (COLM-FFB32A),FFB32A,1.16,"columbia taping tools, columbia parts, taping tool parts, columbia taping tool parts"
Columbia Parts,Columbia Thumb Release Clip Screw for Corner Box (COLM-CFB32A),CFB32A,1.16,Columbia Thumb Release Clip Screw for Corner Box
Columbia Parts,Columbia Toe Kicker (COLM-CT53),CT53,22.64,"Columbia Taping Tool Parts, Columbia Tool Parts, Taping Tool Parts, Taping Tool Repair"
Columbia Parts,Columbia Toe Kicker Cable (COLM-CT86),CT86,19.41,"Columbia Taping Tool Parts, Columbia Tool Parts, Taping Tool Parts, Taping Tool Repair"
Columbia Parts,"Columbia Toe Kicker Cable Retainer Clip ""L"" Clip (COLM-CT92A)",CT92A,2.6,"Columbia Taping Tool Parts, Columbia Tool Parts, Taping Tool Parts, Taping Tool Repair"
Columbia Parts,"Columbia Top Retainer Clip, fits 2"", 2.5"", and 3"" (COLM-AH8)",AH8,5.82,"Columbia Taping Tool Parts, Columbia Tool Parts, Taping Tool Parts, Taping Tool Repair"
Columbia Parts,"Columbia Top Retainer Clip, fits 3.5"" (COLM-AH8A)",AH8A,5.82,"Columbia Taping Tool Parts, Columbia Tool Parts, Taping Tool Parts, Taping Tool Repair"
Columbia Parts,Columbia Tube Holding Bracket  - Upper (COLM-CT37),CT37,25.84,"Columbia Taping Tool Parts, Columbia Tool Parts, Taping Tool Parts, Taping Tool Repair"
Columbia Parts,Columbia Tube Holding Bracket - Lower (COLM-CT38),CT38,21.97,"Columbia Taping Tool Parts, Columbia Tool Parts, Taping Tool Parts, Taping Tool Repair"
Columbia Parts,Columbia Upper Brake Lever (COLM-FFH7),FFH7,30.6,"Columbia Taping Tool Parts, Columbia Tool Parts, Taping Tool Parts, Taping Tool Repair"
Columbia Parts,Columbia Upper Brake Lever Pin (COLM-FFH19),FFH19,2.67,"Columbia Taping Tool Parts, Columbia Tool Parts, Taping Tool Parts, Taping Tool Repair"
Columbia Parts,Columbia Upper Mounting Bracket (COLM-FFH2),FFH2,42.61,"Columbia Taping Tool Parts, Columbia Tool Parts, Taping Tool Parts, Taping Tool Repair"
Columbia Parts,Columbia Upper Mounting Bracket for 180 Grip Flat Box Handle (COLM-BH5),BH5,9.33,Columbia Upper Mounting Bracket for 180 Grip Flat Box Handle
Columbia Parts,Columbia ¼-20 Nyloc Nut (COLM-FA290),FA290,1.48,Columbia ¼-20 Nyloc Nut
Columbia Parts,Columbia ¼-20 x 2 ¼ in. Hex Bolt (COLM-FA301),FA301,2.71,Columbia ¼-20 x 2 ¼ in. Hex Bolt
Columbia Taping Tools,"Columbia ""Bent"" Flat Box Handle with 180 Grip",BBH,221.71,Columbia “Bent” Flat Box Handle with 180 Grip features an innovative 180-degree braking system that goes beyond traditional handles. This braking system allows for greater range of motion while eliminating slippage in hard-to-reach areas such as closets and low ceilings.
Columbia Taping Tools,Columbia 10 in. Automatic Assist Flat Box,10FFBA,427.19,"The Columbia 10 in. Automatic Assist Flat Box reduces the need to push the compound onto the wall, further simplifying the finishing process. During engagement, the box springs put pressure on the compound chamber, requiring only a light push to operate the box. Great for finishing vertical joints."
Columbia Taping Tools,Columbia 10 in. Automatic Fat Boy Flat Box,10FBBA,492.08,"Columbia 10 in. Automatic Fat Boy Flat Box reduces the need to push the compound onto the wall, further simplifying the finishing process. Box springs put pressure on the compound chamber, requiring only a light push to operate."
Columbia Taping Tools,Columbia 10 in. Inside Track Fat Boy Flat Box,10ITFB,448.82,"The Columbia 10 in. Inside Track Fat Boy Flat Box is best used on hard to finish areas such as bead, butt joints that haven’t fully dried, or ceiling pot lights."
Columbia Taping Tools,Columbia 10 in. Quick Clean Flat Box,10FFB,400.16,"Columbia 10 in. Quick Clean Flat Box offers the smoothest finish to flat joints. Adjustable stainless-steel blade provides the precise amount of compound, allowing greater control and accuracy. Lightweight, easy to clean, and made from anodized aluminum."
Columbia Taping Tools,Columbia 10 in. Tomahawk Smoothing Blade,TSB10,56.24,"The Columbia 10 in. Tomahawk Smoothing Blade is made from solid billet aluminum with an interchangeable blade design for easy blade replacements. Used in conjunction with a Columbia Flat Box Handle, this smoothing blade is plastic free and premium quality."
Columbia Taping Tools,Columbia 12 in. Automatic Assist Flat Box,12FFBA,432.6,"Columbia 12 in. Automatic Assist Flat Box reduces the need to push the compound onto the wall, further simplifying the finishing process. Box springs put pressure on the compound chamber, requiring only a light push to operate."
Columbia Taping Tools,Columbia 12 in. Inside Track Fat Boy Flat Box,12ITFB,459.64,"The Columbia 12 in. Inside Track Fat Boy Flat Box is best used on hard to finish areas such as bead, butt joints that haven’t fully dried, or ceiling pot lights."
Columbia Taping Tools,Columbia 12 in. Quick Clean Flat Box,12FFB,410.97,"Columbia 12 in. Quick Clean Flat Box offers the smoothest finish to flat joints. Adjustable stainless-steel blade provides the precise amount of compound, allowing greater control and accuracy. Lightweight, easy to clean, and made from anodized aluminum."
Columbia Taping Tools,Columbia 12 in. Tomahawk Smoothing Blade,TSB12,63.81,"The Columbia 12 in. Tomahawk Smoothing Blade is made from a solid billet aluminum body with an interchangeable blade design for easy blade replacement. Paired with a Columbia Flat Box Handle, this smoothing blade is plastic free and premium quality."
Columbia Taping Tools,Columbia 14 in. Automatic Assist Flat Box,14FFBA,438.01,"Columbia 14 in. Automatic Assist Flat Box reduces the need to push the compound onto the wall, further simplifying the finishing process. Box springs put pressure on the compound chamber, requiring only a light push to operate."
Columbia Taping Tools,Columbia 14 in. Tomahawk Smoothing Blade,TSB14,75.72,"Columbia 14 in. Tomahawk Smoothing Blade is made from solid billet aluminum with an interchangeable blade system for easy replacement. Paired with a Columbia Flat Box Handle, this smoothing blade is plastic free and highly durable."
Columbia Taping Tools,Columbia 18 in. Tomahawk Smoothing Blade,TSB18,86.52,"The Columbia 18 in. Tomahawk Smoothing Blade is made from a solid billet aluminum body with an interchangeable blade design for easy blade replacement. Used in conjunction with a Columbia Flat Box Handle, this smoothing blade is plastic free and premium quality."
Columbia Taping Tools,Columbia 180 Grip Flat Box Handle,BH,189.27,The Columbia 180 Grip Flat Box Handle features an innovative 180-degree braking system for greater range of motion while accessing those tight spaces and low ceilings without slipping or losing your grip.
Columbia Taping Tools,Columbia 24 in. Tomahawk Smoothing Blade,TSB24,103.83,"The Columbia 24 in. Tomahawk Smoothing Blade is made from a solid billet aluminum body with an interchangeable blade design for easy blade replacement. Used in conjunction with a Columbia Flat Box Handle, this smoothing blade is plastic free and premium quality."
Columbia Taping Tools,Columbia 3-5 ft. Extendable Columbia One Handle,C1HEXT,135.18,"The Columbia 3-5 ft. One Extension Handle is perfectly designed to work with Columbia products universally. From the Nail Spotters and Angle Heads to the Corner Rollers and Corner Boxes, this One System Handle allows you to lighten your load while utilizing all your favorite finishing tools."
Columbia Taping Tools,Columbia 32 in. Cam Lock Compound Mud Tube,CLT32,268.22,"The Columbia 32 in. Cam Lock Compound Mud Tube is the perfect semi-automatic tool that applies compound to joints and corners with Mud Heads, Angle Heads, Corner Finishers, Glazers, and Flushers. Brass cams easily find and lock to the stainless-steel ring using the same technology as a firehose."
Columbia Taping Tools,Columbia 32 in. Tomahawk Smoothing Blade,TSB32,122.21,"The Columbia 32 in. Tomahawk Smoothing Blade is made from a solid billet aluminum body with an interchangeable blade design for easy blade replacement. Used in conjunction with a Columbia Flat Box Handle, this smoothing blade is plastic free and premium quality."
Columbia Taping Tools,Columbia 4 ft. Columbia One Handle,C1H,64.88,"The Columbia One Handle is designed for a seamless transition from nail spotters and angle heads to corner rollers and corner boxes, lightening your load while allowing you to use your favorite finishing tools. This handle does not work with flat boxes and requires the AHA Adaptor for Angle Heads."
Columbia Taping Tools,Columbia 4 in. Flat Applicator,CFLT,91.94,"The Columbia 4 in. Flat Applicator is paired with the Columbia Compound Tube to apply joint compound to all flat and butt joints. This tool glides along the wall, leaving the perfect amount of compound on flat surfaces. Unlike the flat grooved head, the flat applicator leaves a smooth finish."
Columbia Taping Tools,Columbia 4-8 ft. Extendable Handle,CHXL,173.03,"Columbia 4-8 ft. Extendable Handle allows greater versatility for reaching those high ceiling spaces or tight corner areas. Made from solid US billet aluminum and steel components, this handle is lightweight and withstands long-term professional use."
Columbia Taping Tools,Columbia 40 in. Tomahawk Smoothing Blade,TSB40,154.36,"The Columbia 40 in. Tomahawk Smoothing Blade is made from a solid billet aluminum body with an interchangeable blade design for easy blade replacement. Used in conjunction with a Columbia Flat Box Handle, this smoothing blade is plastic free and premium quality."
Columbia Taping Tools,Columbia 42 in. Cam Lock Compound Mud Tube,CLT42,280.1,"The Columbia 42 in. Cam Lock Compound Mud Tube is the perfect semi-automatic tool that applies compound to joints and corners with Mud Heads, Angle Heads, Corner Finishers, Glazers, and Flushers. Brass cams easily find and lock to the stainless-steel ring using the same technology as a firehose."
Columbia Taping Tools,Columbia 48 in. Tomahawk Smoothing Blade,TSB48,200.07,"The Columbia 48 in. Tomahawk Smoothing Blade is made from a solid billet aluminum body with an interchangeable blade design for easy blade replacement. Used in conjunction with a Columbia Flat Box Handle, this smoothing blade is plastic free and premium quality."
Columbia Taping Tools,Columbia 7 in. Non-Hinged Old Style Flat Finisher Box,7FFBO,235,"The 7 in. Columbia Non-Hinge Old Style Flat Finisher Box features a rubber gasket bar system and rubber roller wheels to stay flexible while providing a soft ride even when dirty. Its pivoting axle helps keep the box on the wall with less effort, providing you better control and accuracy."
Columbia Taping Tools,Columbia 7 in. Tomahawk Smoothing Blade,TSB7,44.35,"Columbia 7 in. Tomahawk Smoothing Blade is made from solid billet aluminum with an interchangeable blade design for easy blade replacement. Paired with a Columbia Flat Box Handle, this smoothing blade is plastic free and highly durable for long-lasting peak performance."
Columbia Taping Tools,Columbia 8 in. Automatic Assist Flat Box,8FFBA,431.93,"Columbia 8 in. Automatic Assist Flat Box reduces the need to push the compound onto the wall, further simplifying the finishing process. Box springs put pressure on the compound chamber, requiring only a light push to operate."
Columbia Taping Tools,Columbia 8 in. Inside Track Fat Boy Flat Box,8ITFB,443.41,"The Columbia 8 in. Inside Track Fat Boy Flat Box is best used on hard to finish areas such as bead, butt joints that haven’t fully dried, or ceiling pot lights."
Columbia Taping Tools,Columbia Angle Head,CF,410.98,"The Columbia Angle Head finishes angles professionally with the correct, consistent amount of mud and the proper feathering of edges. Precision machining of hard-chromed wings ensures longer wear and superior performance."
Columbia Taping Tools,Columbia Angle Head Adaptor,AHA,24.88,The Columbia Angle Head Adaptor is used on the Columbia One Handle System to seamlessly adjust from a Corner Roller and Nail Spotter to an Angle Head. Made from solid US billet aluminum and steel components to ensure long-lasting durability.
Columbia Taping Tools,Columbia Automatic Taper,TAPER,1649.29,"The Columbia Automatic Taper offers seamless mudding and taping capabilities. Made from solid billet aluminum with stainless-steel plates, creaser arms, and cable drum. Provides exceptional quality and performance, featuring the smoothest cutting sleeve on the market."
Columbia Taping Tools,Columbia Box Filler,BF,75.71,"The Columbia Box Filler makes filling your Flat Boxes, Nail Spotters, and Corner Boxes easy and effective. Made from solid US billet aluminum and steel components, this Box Filler is design to withstand daily professional use without showing wear or tear. Fit all Columbia compound pumps."
Columbia Taping Tools,Columbia Cam Lock Box Filler,CLTBF,81.88,"The Cam Lock Tube Box Filler is a simple attachment to the Cam Lock Compound Tube, that allows you to easily fill your Flat Finishing Boxes without the use of a Hot Mud Pump. This is a great addition to any finisher’s tool collection."
Columbia Taping Tools,Columbia Closet Monster Flat Box Handle,CMH,113.56,"The Columbia Closet Monster Flat Box Handle gets its name from being able to fit in tight areas. This handle is approximately 19 inches long with a 180 grip adjustable head to fit all Columbia Flat Boxes. Lightweight, durable, and ready for daily professional use!"
Columbia Taping Tools,Columbia Compound Mud Tube,CMT,197.91,"The Columbia Compound Mud Tube is the perfect Semi-Automatic Taping Tool. Apply mud to your corners and flat joints with the addition of Grooved Mud Heads, Corner Finishers, Glazers, and Flushers."
Columbia Taping Tools,Columbia Corner Cobra,CC,367.7,"The Corner Cobra is an amazing tool. It allows you to roll out No-Coat and other structural corner beads at almost all inside and outside angles. 85 to 180 degree angles, sets No-Coat 350 and 425, lightweight, durable."
Columbia Taping Tools,Columbia Corner Flusher Box,CFB,313.64,The Columbia Corner Flusher Box is used with an attached Angle Head/Corner Finisher on the second and third coats. This box is specially angled to access tight corners and the stainless-steel cone dispenses proper amount of drywall compound smoothly.
Columbia Taping Tools,Columbia Corner Roller and Handles,CR-X,167.63,"Columbia Corner Roller with Handles Combo includes the Columbia Corner Roller with your choice of the 4 ft. ONE Handle, the 3-5 ft. Extendable ONE Handle, or the 4-8 ft. Extendable Handle (does not work with Corner Boxes)."
Columbia Taping Tools,Columbia Direct Flushers,DF-X,127.62,Columbia Direct Flushers pair best with the Columbia Compound Tube and are used for second coats of corners that have not been pre-filled. Made from solid aluminum and steel components. Highly durable and capable of withstanding daily professional use.
Columbia Taping Tools,"Columbia Fat Boy Flat Box (8FBB, 10FBB, 12FBB)",FBB,443.41,"The Columbia Fat Boy Flat Box is a high-capacity finishing box that’s perfect for the drywall who wants a larger, stronger box for loading joints fast with less trips to the pump. The Fat Boy Flat Box hold approximately 40% more mud than the Standard Flat Box."
Columbia Taping Tools,Columbia Finishing Set,FINISHING2,2395,"The Columbia Finishing Set includes everything you need for consistent, professional grade drywall finishing. This set is designed for the professional drywaller and is customizable according to the way you prefer to work. Commercial Grade, Lightweight, Durable."
Columbia Taping Tools,Columbia Flat Box Bead Wheel Kit (COLM-FFBA41),FFBA41,40.67,"Columbia Flat Box Wheel Kit includes everything to replace both wheel and axle assemblies for any size flat box. Kit includes 2 New Style Box Wheels, 2 New Style O Ring, 2 Axle Wheel Bushings, 2 Axle Wheel Screws, and 2 Flat Washers."
Columbia Taping Tools,Columbia Flat Box Set,FLAT,1345,"The Columbia Flat Box Set includes 2 of your preferred Flat Boxes, a Flat Box Handle, Compound Pump and Box Filler. Streamline your finishing process with this customizable set today!"
Columbia Taping Tools,Columbia Flat Box Wheel Kit,FFBA36,28.33,"Columbia Flat Box Wheel Kit includes everything to replace both wheel and axle assemblies for any size flat box. Kit includes 2 New Style Box Wheels, 2 New Style O Ring, 2 Axle Wheel Bushings, 2 Axle Wheel Screws, and 2 Flat Washers."
Columbia Taping Tools,Columbia Gooseneck,GN,108.15,"Fill your automatic tapers and corner applicators with this strong, durable Columbia Gooseneck attachment for your favorite compound pump. Made from solid billet aluminum with a rubber-coated horseshoe to protect your automatic taper while filling."
Columbia Taping Tools,Columbia Inside 90 Corner Applicator 2 Wheels,ICA2-1,68.13,The Columbia Inside 90 Corner Applicator 2 Wheels is designed for applying joint compound to inside angles. This applicator pairs with the Columbia Compound Tube and features solid US billet aluminum construction.
Columbia Taping Tools,Columbia Inside 90 Corner Applicator 4 Wheels,ICA4-1,85.43,The Columbia Inside 90 Corner Applicator 4 Wheels is design for applying joint compound to inside angles. This applicator pairs with the Columbia Compound Tube and features solid US billet aluminum construction.
Columbia Taping Tools,Columbia Inside 90 Mud Head,IA90,91.93,"The Columbia Inside 90 Grooved Mud Head has proportionate grooves which give you a consistent mud distribution on the 90-degree inside angle. This features also speeds up the pre-filling process. Made from high-abrasion and wear-resistant UHMW, this mud head is fit for daily professional use."
Columbia Taping Tools,Columbia Inside Track Conversion Kit,ITCK,50.47,Columbia Inside Track Conversion Kit includes everything need to convert a standard box to an inside track flat box.
Columbia Taping Tools,Columbia Matrix Flat Box Handle,MH,351.49,"The Columbia Matrix Flat Box Handle gives you increased control of your box. Designed with a 90-degree grip, this handle is lightweight and all mechanical, with an extension of 40 to 60 inches. Made from solid US billet aluminum."
Columbia Taping Tools,Columbia Matrix Long Flat Box Handle,MHL,373.12,"The Columbia Matrix Long Flat Box Handle gives you increased control of your box. Designed with a 90-degree grip, this handle is lightweight and all mechanical. Made from solid US billet aluminum and steel components, this handle is durable and extremely long-lasting."
Columbia Taping Tools,Columbia Matrix Short Flat Box Handle,MHS,340.67,"The Columbia Matrix Short Flat Box Handle gives you increased control of your box. Designed with a 90-degree grip, this handle is lightweight and all mechanical. Made from solid US billet aluminum and steel components, this handle is durable and extremely long-lasting."
Columbia Taping Tools,Columbia Max Set,MAX2,5615,The Columbia Max Set is the most popular set for drywall contractors and includes everything you need to deliver consistent professional finishing while greatly reducing physical strain. This set is customizable. Choose your favorite combo today!
Columbia Taping Tools,Columbia Nail Spotter,NS,297.42,"The Columbia Nail Spotter effectively eliminates the need for drywall stilts, making it safer and easier to coat nail spots in half the time it takes with hand tools. This nail spotter comes in different sizes and is made from solid aluminum."
Columbia Taping Tools,Columbia Outside 90 Degree Bead Roller,COBCR,86.52,"The Columbia Outside 90 Degree Corner Roller squares up tape on cornerbead and applies even pressure as you roll the bead in place. This roller is designed for smooth, effortless application. Made from solid US billet aluminum and steel components with a 1.75-inch thickness."
Columbia Taping Tools,Columbia Outside 90 Degree Mud Applicator,CEXT90,127.62,"The Columbia Outside 90 Degree Mud Applicator works on all sizes of outside bead, applying three strips of mud (one in the middle, and one on each side)."
Columbia Taping Tools,Columbia Outside 90 Mud Head,OA90,91.93,"The Columbia Outside 90 Mud Head features proportionate grooves to give you a consistent mud distribution on the 90-degree outside angles which speeds up the pre-filling process. Made from durable, long-lasting UHMW, this mud head is design for professional daily use."
Columbia Taping Tools,Columbia Outside Bullnose Bead Roller,CBNCR,90.06,"The Columbia Outside Bullnose Bead Roller squares up tape on cornerbead and applies even pressure as you roll the bead in place. This bead roller is designed for smooth, effortless application. Made from solid US billet aluminum and steel components, the bullnose has a 1.75-inch thickness."
Columbia Taping Tools,Columbia Phantom Dustless Drywall Sander,PDDM,565.46,Commercial drywall companies demand the Columbia Phantom Dustless Drywall Sander because of its performance and quality. The only drywall sander of its kind.
Columbia Taping Tools,Columbia Predator Automatic Taper,PREDATOR,1838.54,"The Columbia Predator Automatic Taper is one of the most ergonomically superior tapers on the market. Perfect over 38 years by experts in the industry, this taper is the world’s first Carbon Fiber Taper, making it indestructible."
Columbia Taping Tools,Columbia Predator Tactical Set,PTS,5962.61,"The NEW Columbia Predator Tactical Set makes moving to Automatic Taping Tools easy! Every taping tool you will need to completely finish a house comes packaged inside this durable, rugged Road Case. This set takes the guess work out of choosing the perfect drywall taping tools kit."
Columbia Taping Tools,Columbia Quick Clean Flat Box,FFB,367.71,"Columbia Quick Clean Flat Box offers the smoothest finish to flat joints with its durable, ergonomic design. The adjustable stainless-steel blade provides the precise amount of compound, allowing you greater control and accuracy."
Columbia Taping Tools,Columbia Quick Clean Mud Pump,HMP,410.97,"The Columbia Quick Clean Mud Pump fills your favorite automatic tools with compound while reducing work fatigue. This mud pump features a smooth solid leg for easy cleaning, a 20-degree angled handle for enhanced leverage, and an increased gooseneck diameter for faster filling."
Columbia Taping Tools,Columbia Sander,CS,38.93,"The Columbia Sander features quick release clamps for fast and easy changing of drywall sanding abrasives. No more battling with wing nuts! Features anti-flip design to reduce damaged to your drywall finish, better angle range, works with paint handle thread, and made from premium billet aluminum."
Columbia Taping Tools,Columbia Sander Handle,CSH,13.9,"The Columbia Sander Handle is designed for optimum reach and comfort. Made from solid US billet aluminum, this handle is designed to withstand long-term professional use."
Columbia Taping Tools,Columbia Sawed-Off Automatic Taper,STAPER,1649.29,"The Columbia Sawed Off Automatic Taper offers seamless mudding and taping capabilities. Made from solid billet aluminum with stainless-steel plates, creaser arms, and cable drum. Provides exceptional quality and performance, featuring the smoothest cutting sleeve on the market."
Columbia Taping Tools,Columbia Sawed-Off Predator Automatic Taper,SPTAPER,1838.55,"The Columbia Sawed-Off Predator Automatic Taper is the ideal taper for production drywall in small, compact spaces or for the finisher who wants something lighter and more compact to carry. Premium Quality, Lightweight, Durable."
Columbia Taping Tools,Columbia Semi Automatic Commando Set,SACS,1157.93,"The Columbia Commando Set includes the Semi-Automatic Case, 2.5 in. Standard Flusher, 3 in. Standard Flusher, 42 in. Mud Tube, One Fixed + Extendible Handle, Angle Head Adaptor, Two-Way Internal Applicator, and Corner Roller Head."
Columbia Taping Tools,Columbia Semi Automatic Taper,SAT,243.32,The Columbia Semi Automatic Taper (also known as the “Bucket Taper”) allows you to apply a specific amount of compound to a large volume of tape. This Semi-Automatic Taper allows you to pre-mud your tape before applying to wall joints.
Columbia Taping Tools,Columbia Standard Flushers,SF-X,116.8,"The Columbia Standard Flusher is used to flush pre-filled internal 90-degree corners to a feathered edge. Made from solid US billet aluminum and steel components, this standard flusher is hand-ground and checked on a granite plate for perfection."
Columbia Taping Tools,Columbia Tactical Set,TS,5746.32,"The NEW Columbia Tactical Set makes moving to Automatic Taping Tools easy! Every taping tool you will need to completely finish a house comes packaged inside this durable, rugged Road Case. This set takes the guess work out of choosing the perfect drywall taping tools kit."
Columbia Taping Tools,Columbia Tall Boy Box Filler,TBBF,75.71,"The Columbia Box Filler makes filling your Flat Boxes, Nail Spotters, and Corner Boxes easy and effective. Made from solid US billet aluminum and steel components, this Box Filler is design to withstand daily professional use without showing wear or tear. Fit all Columbia compound pumps."
Columbia Taping Tools,Columbia Tall Boy Gooseneck,TBGN,146,"Fill your automatic tapers and corner applicators with this strong, durable Columbia Tall Boy Gooseneck attachment for your favorite Tall Boy Mud Pump. Made from solid billet aluminum with a rubber-coated horseshoe to protect your automatic taper while filling."
Columbia Taping Tools,Columbia Tall Boy Mud Pump,TBMP,492.07,The Columbia Tall Boy Mud Pump allows you to remain upright while filling your favorite tools. Reduces physical strain on the back. Extra height can accommodate a 30-gallon compound bucket to cut down on mixing time. Made from solid billet aluminum and steel components.
Columbia Taping Tools,Columbia Taping Set,TAPING2,2675,"The Columbia Taping Set includes everything you need for consistent, professional grade drywall taping. This set is designed for the professional drywaller and is customizable according to the way you prefer to work. Commercial Grade, Lightweight, Durable."
Columbia Taping Tools,Columbia Taping Tools 4 ft. 180 Grip Flat Box Handle,4BH,210.89,Columbia 4 ft. 180 Grip Flat Box Handle features an innovative 180-degree braking system for greater range of motion while accessing those tight spaces and low ceilings without slipping or losing your grip
Columbia Taping Tools,Columbia Taping Tools Full Set,FULL2,3980,"The Columbia Taping Tools Full Set includes everything you need for professional taping and finishing. This set is highly customizable, allowing you to choose options and upgrades according to the way you work."
Columbia Taping Tools,Columbia Tomalock Adaptor,CLTHA,86.52,The Columbia Tomalock is a handle adaptor used in conjunction with the Tomahawk Smoothing Blades and Columbia One Handle for optimum strength and stability. Quick release to adjust angle of attack.
Columbia Taping Tools,Columbia Twist Lock Handle 3-8 ft.,TL38,75.7,"The Columbia Twist Lock Handle is a three-stage pole with a brass thread that allows users to easily adjust where the seam falls, creating a more comfortable grip. This handle extends from 3 – 8 ft. and can be used with Columbia Nail Spotters, Rollers, and the Angle Head Adaptor."
Columbia Taping Tools,Columbia Two-Way Inside Corner Applicator,ICATW,116.8,"The Columbia Two-Way Inside Corner Applicator works with the Columbia Compound Tube to apply mud smoothly and evenly to interior corners. Made from solid billet aluminum with Delrin wheels, lightweight, smooth application of mud."
Comfort Strap,Comfort Strap Drywall Stilts Leg Band Kit,WHSE-STRAP,45.99,The Comfort Strap Drywall Stilts Leg Band Kit features extra-long padded Nylon straps with heavy-duty Velcro backing. This 4 in. wide strap eliminates discomfort with increased leg circulation technology.
Corner Pro,Corner Pro Drywall Corner/Coving Knife,WHSE-CPRO,13.99,"The Corner Pro Drywall Corner/Coving Knife is used for coving drywall, wiping outside bullnose, wiping inside angles, splay and wide angles, and even cleaning your drywall mud bucket."
Delko Tools,Delko Plastic Taping Tool & Internal Applicator Package,DELK-AH1,89.99,"The Delko Taping Tool & Internal Corner Attachment Package enables contractors to finish flat joints, internal corners, and square set with one taping tool. The package includes the Delko Plastic Taping Tool and the Delko Internal Applicator Attachment."
Delko Tools,Delko Zunder Drywall Banjo,DELK-ZUNDER,139.99,The Delko Zunder Drywall Banjo features a double ended Delko applicator. The applicator allows for simultaneous application of compound and joint tape on flats and inside corners in minutes.
DeWalt,DeWalt 1/2 in. Spade Handle Drywall Mud Mixing Drill (DW130V),DEWA-DW130V,209,"DW130V DeWalt Spade Handle Drill, drywall mixing drill, DW130V, DeWalt compound mixing drill, DeWalt DW130V, drywall mud mixing drill"
DeWalt,Dewalt 10 Gallon Wet/Dry HEPA Dust Extractor,DEWA-DWV012,799,The DeWalt 10 Gallon Wet/Dry HEPA Dust Extractor features an Automatic Filter Clean which pulses every 30 seconds for continuous operations without stopping to clean filter. Powerful 15 Amp motor delivers 140 CFM of airflow for maximum suction.
DeWalt,"DeWalt 4,000 RPM Lightweight VSR Drywall Screwgun (DEWA-DW252)",DEWA-DW252,118.99,"DeWalt 4,000 RPM Lightweight VSR Drywall Screwgun"
DeWalt,"DeWalt 4,000 RPM VSR Drywall Screwgun (DEWA-DW272)",DEWA-DW272,160,"DeWalt 4,000 RPM VSR Drywall Screwgun"
DeWalt,"DeWalt 4,000 RPM VSR Drywall Screwgun with 50 ft. Cord (DEWA-DW272W)",DEWA-DW272W,209,"DeWalt 4,000 RPM VSR Drywall Screwgun with 50 ft. Cord"
DeWalt,Dewalt 7800 Drywall Sander & DWV010 Vacuum with Norton Sanding System,DEWA-7800-SC,1199,The DeWalt 7800 Drywall Sander & DWV010 Vacuum with Norton Sanding System.
DeWalt,Dewalt 8 Gallon Wet/Dry HEPA Dust Extractor,DEWA-DWV010,449,The DeWalt 8 Gallon Wet/Dry HEPA Dust Extractor features an automatic filter cleaner which pulses every 30 seconds for continuous operations without stopping to clean filter. Powerful 15 Amp motor delivers 150 CFM of airflow for maximum suction.
DeWalt,DeWalt Control Module Sa for Dewalt 7800 Drywall Sander (DEWA-N713478),DEWA-N713478,23.15,DeWalt Control Module Sa for Dewalt 7800 Drywall Sander (DEWA-N713478)
DeWalt,DeWalt Drywall Sander,DEWA-DWE7800,550,"With the DeWalt Drywall Sander Model 7800, achieve a smooth, polished finish every time. The variable speed dial and dual-action trigger provides control and versatility in a variety of applications."
DeWalt,DeWalt Dust Extractor 15 ft. Anti-Static Hose,DEWA-DWV9316,107.55,The DeWalt Dust Extractor 15 ft. Anti-Static Hose prevents accidental shocking from static electricity build up and includes a universal quick connector for fact tool connection.
DeWalt,DeWalt DW0730 Laser Target Card (DEWA-DW0730),DEWA-DW0730,8.99,DeWalt DW0730 Laser Target Card
DeWalt,DeWalt DWV9401 5-Pack Filter Bags for DWV012 10-Gallon Dust Extractor,DEWA-DWV9401,22.75,The DeWalt DWV9401 5-Pack Filter Bags for DWV012 10-Gallon Dust Extractor features five bags per package. For Dust pickup applications.
DeWalt,DeWalt DWV9402 5-Pack Fleece Filter Bags for DWV012 10-Gallon Dust Extractor,DEWA-DWV9402,34.95,The DeWalt DWV9402 5-Pack Fleece Filter Bags for DWV012 10-Gallon Dust Extractor comes in five bags per package. Fleece filter bag for dust pickup applications.
DeWalt,DeWalt Heavy-Duty Cut-Out Tool / Drywall Router (DEWA-DW660),DEWA-DW660,69.89,DeWalt Heavy-Duty Cut-Out Tool / Drywall Router
Drywall Master,"Drywall Master 10"" High Capacity Flat Finishing Box",DMT-FB10,410,"Drywall Master 10"" High Capacity Flat Finishing Box (DMT-FB10)"
Drywall Master,"Drywall Master 10"" Standard Axle Flat Finishing Box (DMT-10DMFF)",DMT-10DMFF,350,"Drywall Master 10"" Standard Axle Flat Finishing Box (DMT-10DMFF)"
Drywall Master,"Drywall Master 12"" High Capacity Flat Finishing Box",DMT-FB12,420,"Drywall Master 12"" High Capacity Flat Finishing Box (DMT-FB12)"
Drywall Master,"Drywall Master 12"" Standard Axle Flat Finishing Box (DMT-12DMFF)",DMT-12DMFF,360,"Drywall Master 12"" Standard Axle Flat Finishing Box (DMT-10DMFF)"
Drywall Master,"Drywall Master 14"" Standard Axle Flat Finishing Box (DMT-14DMFF)",DMT-14DMFF,370,"Drywall Master 14"" Standard Axle Flat Finishing Box (DMT-14DMFF)"
Drywall Master,"Drywall Master 2"" BoneHead Corner Finisher (DMT-20DMCFW)",DMT-20DMCF,390,"Drywall Master 2"" BoneHead Corner Finisher (DMT-20DMCFW)"
Drywall Master,"Drywall Master 2"" Nail Spotter (DMT-22DMNSH)",DMT-22DMNSH,275,"Drywall Master 2"" Nail Spotter (DMT-22DMNSH)"
Drywall Master,"Drywall Master 2.5"" BoneHead Corner Finisher (DMT-25DMCFW)",DMT-25DMCFW,400,"Drywall Master 2.5"" BoneHead Corner Finsiher (DMT-25DMCFW)"
Drywall Master,"Drywall Master 3"" BoneHead Corner Finisher (DMT-30DMCFW)",DMT-30DMCFW,410,"Drywall Master 3"" BoneHead Corner Finsiher (DMT-30DMCFW)"
Drywall Master,"Drywall Master 3"" Nail Spotter (DMT-33DMNSH)",DMT-33DMNSH,285,"Drywall Master 3"" Nail Spotter (DMT-33DMNSH)"
Drywall Master,"Drywall Master 3.5"" BoneHead Corner Finisher (DMT-305DMCFW)",DMT-305DMCFW,430,"Drywall Master 3.5"" BoneHead Corner Finsiher (DMT-305DMCFW)"
Drywall Master,"Drywall Master 34"" 180° Flat Finishing Handle (DMT-34DMFH-180)",DMT-34DMFH-180,180,"Drywall Master 34"" 180° Flat Finishing Handle (DMT-34DMFH-180)"
Drywall Master,"Drywall Master 42"" 180° Flat Finishing Handle (DMT-42DMFH-180)",DMT-42DMFH-180,190,"Drywall Master 42"" 180° Flat Finishing Handle (DMT-42DMFH-180)"
Drywall Master,"Drywall Master 5.5"" Standard Axle Flat Finishing Box (DMT-05DMFF)",DMT-05DMFF,340,"Drywall Master 5.5"" Standard Axle Flat Finishing Box (DMT-05DMFF)"
Drywall Master,"Drywall Master 60"" 180° Flat Finishing Handle (DMT-60DMFH-180)",DMT-60DMFH-180,210,"Drywall Master 60"" 180° Flat Finishing Handle (DMT-60DMFH-180)"
Drywall Master,"Drywall Master 7"" Corner Applicator (DMT-17DMCAH)",DMT-17DMCAH,289,"Drywall Master 7"" Corner Applicator (DMT-17DMCAH)"
Drywall Master,"Drywall Master 7"" Standard Axle Flat Finishing Box (DMT-07DMFF)",DMT-07DMFF,340,"Drywall Master 7"" Standard Axle Flat Finishing Box (DMT-07DMFF)"
Drywall Master,"Drywall Master 72"" 180° Flat Finishing Handle (DMT-72DMFH-180)",DMT-72DMFH-180,215,"Drywall Master 72"" 180° Flat Finishing Handle (DMT-72DMFH-180)"
Drywall Master,"Drywall Master 8"" Corner Applicator (DMT-18DMCAH)",DMT-18DMCAH,305,"Drywall Master 8"" Corner Applicator (DMT-18DMCAH)"
Drywall Master,"Drywall Master 8"" High Capacity Flat Finishing Box (DMT-FB08)",DMT-FB08,400,"Drywall Master 8"" High Capacity Flat Finishing Box (DMT-FB08)"
Drywall Master,Drywall Master Automatic Taper Case,DMT-CDMT1,300,"King Automatic Taper is a high-quality automatic taping gun that consistently and accurately applies the right amount of tape and mud to butt joints, ceiling joints, and corner joints."
Drywall Master,Drywall Master Automatic Taper Oil - 10oz can,DMT-ATOIL,11,Drywall Master Taper Oil - 10oz can (DMT-ATOIL)
Drywall Master,Drywall Master Commander Carbon Fiber Auto Taper,DMT-01DMCFT,1750,"Commander Carbon Fiber Automatic Taper is a high-quality automatic taping gun that consistently and accurately applies the right amount of tape and mud to butt joints, ceiling joints, and corner joints."
Drywall Master,Drywall Master Commander Taper and Case Combo,DMT-01DMCFT-CC,1835,"Commander Carbon Fiber Automatic Taper is a high-quality automatic taping gun that consistently and accurately applies the right amount of tape and mud to butt joints, ceiling joints, and corner joints."
Drywall Master,Drywall Master Corner Applicator Fiberglass Handle (DMT-19DMCA),DMT-19DMCA,70,Drywall Master Corner Applicator Fiberglass Handle (DMT-19DMCA)
Drywall Master,"Drywall Master Corner Box Extension Handle 47""-69"" (DMT-X-DMCA)",DMT-X-DMCA,180,"Drywall Master Hero Corner Applicator Extension Handle 47""-69"" (DMT-X-DMCA)"
Drywall Master,Drywall Master Corner Finisher Extendable Handle (DMT-X-DMCF),DMT-X-DMCF,180,Drywall Master Corner Roller (DMT-06DMCRH)
Drywall Master,Drywall Master Corner Finisher Fiberglass Handle (DMT-35DMCH),DMT-35DMCH,70,Drywall Master Corner Finisher Fiberglass Handle (DMT-35DMCH)
Drywall Master,Drywall Master Corner Roller (DMT-06DMCRH),DMT-06DMCRH,140,Drywall Master Corner Roller (DMT-06DMCRH)
Drywall Master,Drywall Master Corner Roller Extendable Handle (DMT-X-DMCR),DMT-X-DMCR,180,Drywall Master Corner Roller (DMT-06DMCRH)
Drywall Master,Drywall Master Corner Roller Fiberglass Handle (DMT-20DMCRH),DMT-20DMCA,70,Drywall Master Corner Roller Fiberglass Handle (DMT-20DMCRH)
Drywall Master,Drywall Master Finishing Set (DMT-FINISHING),DMT-FINISHING,2285,"Drywall Master Finishing Set has everything a professional finisher needs to create a Level 4 finish - fast! 2 Flat Boxes, Mud Pump, Corner Roller, Corner Box, Corner Finisher - and there's so many options!"
Drywall Master,Drywall Master Full Set (DMT-FULL),DMT-FULL,4015,"Drywall Master Full Drywall Taping & Finishing Set is the newest, most durable, and most versatile taping set available! Wall Tools now carries a full selection of the Drywall Master taping & finishing sets for the professional drywall finisher!"
Drywall Master,Drywall Master King Auto Taper,DMT-01DMTT,1575,"King Automatic Taper is a high-quality automatic taping gun that consistently and accurately applies the right amount of tape and mud to butt joints, ceiling joints, and corner joints."
Drywall Master,Drywall Master King Taper and Case Combo,DMT-01DMTT-CC,1660,"King Automatic Taper is a high-quality automatic taping gun that consistently and accurately applies the right amount of tape and mud to butt joints, ceiling joints, and corner joints."
Drywall Master,Drywall Master Loading Pump (DMT-02DMPP),DMT-02DMPP,375,Drywall Master Loading Pump (DMT-02DMPP)
Drywall Master,Drywall Master Loading Pump Filler Adapter (DMT-03DMPA),DMT-03DMPA,60,Drywall Master Loading Pump Filler Adapter (DMT-03DMPA)
Drywall Master,Drywall Master Loading Pump Gooseneck (DMT-04DMPG),DMT-04DMPG,80,Drywall Master Loading Pump Gooseneck (DMT-04DMPG)
Drywall Master,Drywall Master Nail Spotter Fiberglass Handle (DMT-DM63H),DMT-DM63H,65,Drywall Master Nail Spotter Fiberglass Handle (DMT-DM63H)
Drywall Master,Drywall Master Super Finish Mini Handle (DMT-13DM-MBH),DMT-13DMMBH,115,Drywall Master Super Finish Mini Handle (DMT-13DM-MBH)
Drywall Master,Drywall Master Taping Set (DMT-TAPING),DMT-TAPING,2685,"Drywall Master included every tool you need to finish your taping jobs - and fast! From the loading pump to the corner finisher and extension poles, this kit contains every taping tool a professional could need! Shop a full selection of taping tool sets at Wall Tools today!"
Drywall Master,"Drywall Master Warrior Flat Finish Extension Handle 23""-32"" (DMT-XS-DMFH)",DMT-XS-DMFH,280,"Drywall Master Warrior Flat Finish Extension Handle 23""-32"" (DMT-XS-DMFH)"
Drywall Master,"Drywall Master Warrior Flat Finish Extension Handle 38""-60"" (DMT-X-DMFH)",DMT-X-DMFH,330,"Drywall Master Warrior Flat Finish Extension Handle 38""-60"" (DMT-X-DMFH)"
Drywall Master,"Drywall Master Warrior Flat Finish Extension Handle 47""-72"" (DMT-XL-DMFH)",DMT-XL-DMFH,355,"Drywall Master Warrior Flat Finish Extension Handle 47""-72"" (DMT-XL-DMFH)"
Dura-Stilts,"Dura-Stilt III 14-22"" Adjustable Aluminum Drywall Stilts",D14-22,400,"Dura-Stilt III 14-22"" Adjustable Aluminum Drywall Stilts"
Dura-Stilts,"Dura-Stilt III 18-30"" Adjustable Aluminum Drywall Stilts",D18-30,415,"Dura-Stilt III 18-30"" Adjustable Aluminum Drywall Stilts"
Dura-Stilts,"Dura-Stilt III 24-40"" Adjustable Aluminum Drywall Stilts",D24-40,435,"Dura-Stilt III 24-40"" Adjustable Aluminum Drywall Stilts"
Dura-Stilts,"Dura-Stilt III Extension Tube 18""- 30"" 7 - Holes",51.2,32.42,"Dura-Stilt III Extension Tube 18”- 30” 7 – Holes. Extension tube for Dura-Stilts 18""-30"". Fits front or back, left or right."
Dura-Stilts,Dura-Stilt III Right Rear Leg Assy. 24”- 40”,50.224,40.27,Dura-Stilt III Right Rear Leg Assy. 24”- 40” - Genuine Dura-Stilts Replacement Part - Made in the U.S.A.
Dura-Stilts,"Dura-Stilt IV 14-22"" Adjustable Aluminum Drywall Stilts",14-22,415,"Dura-Stilt IV 14-22"" Adjustable Aluminum Drywall Stilts"
Dura-Stilts,"Dura-Stilt IV 18-30"" Adjustable Aluminum Drywall Stilts",18-30,435,"Dura-Stilt IV 18-30"" Adjustable Aluminum Drywall Stilts"
Dura-Stilts,"Dura-Stilt IV 24-40"" Adjustable Aluminum Drywall Stilts",24-40,460,"Dura-Stilt IV 24-40"" Adjustable Aluminum Drywall Stilts"
Dura-Stilts,Dura-Stilts III #10 Truse Head Screw & Nut,6,0.4,Dura-Stilts III #10 Truse Head Screw & Nut (DURA-6) - Genuine Dura-Stilts Replacement Part - Made in the U.S.A.
Dura-Stilts,Dura-Stilts III #8 Self Threading Screw,19,0.4,Dura-Stilts III #8 Self Threading Screw - Genuine Dura-Stilts Replacement Part - Made in the U.S.A.
Dura-Stilts,"Dura-Stilts III 1 1/8"" O.D. Upper Strut Tube",5.2,12.57,"Dura-Stilts III 1 1/8"" O.D. Upper Strut Tube (DURA-5.2) - Genuine Dura-Stilts Replacement Part - Made in the U.S.A."
Dura-Stilts,"Dura-Stilts III 1 1/8"" O.D. Upper Strut Tube (DURA-5.1)",5.1,11.63,"Dura-Stilts III 1 1/8"" O.D. Upper Strut Tube (DURA-5.1) - Genuine Dura-Stilts Replacement Part - Made in the U.S.A."
Dura-Stilts,"Dura-Stilts III 1"" O.D. Lower Strut Tube",23.2,13.07,"Dura-Stilts III 1"" O.D. Lower Strut Tube (DURA-23.2) - Genuine Dura-Stilts Replacement Part - Made in the U.S.A."
Dura-Stilts,"Dura-Stilts III 1"" O.D. Lower Strut Tube (DURA-23.1)",23.1,11.62,"Dura-Stilts III 1"" O.D. Lower Strut Tube (DURA-23.1) - Genuine Dura-Stilts Replacement Part - Made in the U.S.A."
Dura-Stilts,"Dura-Stilts III 1"" O.D. Lower Strut Tube (DURA-23.3)",23.3,13.32,"Dura-Stilts III 1"" O.D. Lower Strut Tube (DURA-23.3) - Genuine Dura-Stilts Replacement Part - Made in the U.S.A."
Dura-Stilts,Dura-Stilts III 1/4 Flat Washer,12,0.3,Dura-Stilts III 1/4 Flat Washer - Genuine Dura-Stilts Replacement Part - Made in the U.S.A.
Dura-Stilts,Dura-Stilts III 1/4 Standard Nut,14,0.3,Dura-Stilts III 1/4 Standard Nut (DURA-14) - Genuine Dura-Stilts Replacement Part - Made in the U.S.A.
Dura-Stilts,Dura-Stilts III 1/4-20 Locknut,13,0.55,Dura-Stilts III 1/4-20 Locknut - Genuine Dura-Stilts Replacement Part - Made in the U.S.A.
Dura-Stilts,"Dura-Stilts III 1/4-20""x3 1/8 Cap Screw",27,1.07,"Dura-Stilts III 1/4-20""x3 1/8 Cap Screw - Genuine Dura-Stilts Replacement Part - Made in the U.S.A."
Dura-Stilts,Dura-Stilts III 1/4-20x1 1/2 Cap Screw W/Hex Nut,32,0.79,Dura-Stilts III 1/4-20x1 1/2 Cap Screw W/Hex Nut (DURA-32) - Genuine Dura-Stilts Replacement Part - Made in the U.S.A.
Dura-Stilts,Dura-Stilts III 1/4-20x1 1/2 Cap Screw w/Sq Nut,28,0.79,Dura-Stilts III 1/4-20x1 1/2 Cap Screw w/Sq Nut - Genuine Dura-Stilts Replacement Part - Made in the U.S.A.
Dura-Stilts,"Dura-Stilts III 1/4-20x1/2"" Mach Bolt",24,0.75,"Dura-Stilts III 1/4-20x1/2"" Mach Bolt - Genuine Dura-Stilts Replacement Part - Made in the U.S.A."
Dura-Stilts,"Dura-Stilts III 1/4-20x2"" Flat Head Mach Screw w/Nut",3,0.55,"Dura-Stilts III 1/4-20x2"" Flat Head Mach Screw w/Nut - Genuine Dura-Stilts Replacement Part - Made in the U.S.A."
Dura-Stilts,Dura-Stilts III 1/4x7 1/8 Stud Bolt Threaded Both Ends,22,3.1,Dura-Stilts III 1/4x7 1/8 Stud Bolt Threaded Both Ends - Genuine Dura-Stilts Replacement Part - Made in the U.S.A.
Dura-Stilts,"Dura-Stilts III 14"" - 22"" Extension Tube (5 Holes)",51.1,30.5,"Dura-Stilts III 14” – 12” Extension Tube (5 Holes) fits front or back, left or right. Extend the reach of your favorite drywall stilts with this sturdy extension tube, featuring 5 holes for adjustable height."
Dura-Stilts,Dura-Stilts III 24” – 40” Extension Tube (9 Holes),51.3,34.45,"Dura-Stilts III 24” – 40” Extension Tube (9 Holes) fits front or back, left or right. Extend the reach of your favorite drywall stilts with this sturdy extension tube, featuring nine holes for adjustable height."
Dura-Stilts,Dura-Stilts III Adjustable Heel Bracket Kit,210,15.55,Dura-Stilts III Adjustable Heel Bracket Kit (DURA- 210) - Genuine Dura-Stilts Replacement Part - Made in the U.S.A.
Dura-Stilts,Dura-Stilts III Adjustable Heel Piece,10,7.43,Dura-Stilts III Adjustable Heel Piece (DURA-10) - Genuine Dura-Stilts Replacement Part - Made in the U.S.A.
Dura-Stilts,Dura-Stilts III Arch Strap W/Buckle,7,9.05,Dura-Stilts III Arch Strap W/Buckle (DURA-7) - Genuine Dura-Stilts Replacement Part - Made in the U.S.A.
Dura-Stilts,Dura-Stilts III Clamp Bracket,31,3.28,Dura-Stilts III Clamp Bracket (DURA-31) - Genuine Dura-Stilts Replacement Part - Made in the U.S.A.
Dura-Stilts,Dura-Stilts III D14 Fwd Leg,47.1,29.53,Dura-Stilts III D14 Fwd Leg - Genuine Dura-Stilts Replacement Part - Made in the U.S.A.
Dura-Stilts,Dura-Stilts III D18 Fwd Leg,47.2,33.28,Dura-Stilts III D18 Fwd Leg - Genuine Dura-Stilts Replacement Part - Made in the U.S.A.
Dura-Stilts,Dura-Stilts III D24 Fwd Leg,47.3,37.5,Dura-Stilts III D24 Fwd Leg - Genuine Dura-Stilts Replacement Part - Made in the U.S.A.
Dura-Stilts,Dura-Stilts III Entire Spring Assembly,45,19.72,Dura-Stilts III Entire Spring Assembly - Genuine Dura-Stilts Replacement Part - Made in the U.S.A.
Dura-Stilts,Dura-Stilts III Entire Spring Assembly Pair,245,37.47,Dura-Stilts III Entire Spring Assembly Pair (DURA-245) - Genuine Dura-Stilts Replacement Part - Made in the U.S.A.
Dura-Stilts,Dura-Stilts III Floor Plate,26.1,17.72,Dura-Stilts III Floor Plate - Genuine Dura-Stilts Replacement Part - Made in the U.S.A.
Dura-Stilts,Dura-Stilts III Floor Plate w/ Soles,26.2,29.63,Dura-Stilts III Floor Plate w/ Soles - Genuine Dura-Stilts Replacement Part - Made in the U.S.A.
Dura-Stilts,Dura-Stilts III Foot Plate,9,17.72,Dura-Stilts III Foot Plate (DURA-9) - Genuine Dura-Stilts Replacement Part - Made in the U.S.A.
Dura-Stilts,Dura-Stilts III Foot Strap Pack,278,36.43,Dura-Stilts III Foot Strap Pack (DURA-278) - Genuine Dura-Stilts Replacement Part - Made in the U.S.A.
Dura-Stilts,Dura-Stilts III Large Leg Band Support Washer,21,0.55,Dura-Stilts III Large Leg Band Support Washer - Genuine Dura-Stilts Replacement Part - Made in the U.S.A.
Dura-Stilts,Dura-Stilts III Large Nylon Extension Tube Sleeve,48,6.67,Dura-Stilts III Large Nylon Extension Tube Sleeve (DURA-48) - Genuine Dura-Stilts Replacement Part - Made in the U.S.A.
Dura-Stilts,Dura-Stilts III Leg Band Spacer,2,2.1,Dura-Stilts III Leg Band Spacer - Genuine Dura-Stilts Replacement Part - Made in the U.S.A.
Dura-Stilts,Dura-Stilts III Leg Band with Pads,1,9.53,Dura-Stilts III Leg Band with Pads - Genuine Dura-Stilts Replacement Part - Made in the U.S.A.
Dura-Stilts,Dura-Stilts III Leg Strap & Buckle,4,9.48,Dura-Stilts III Leg Strap & Buckle (DURA-4) - Genuine Dura-Stilts Replacement Part - Made in the U.S.A.
Dura-Stilts,Dura-Stilts III Lower Coil Spring (Lt Brown),44,2.98,Dura-Stilts III Lower Coil Spring (Lt Brown) (DURA-44) - Genuine Dura-Stilts Replacement Part - Made in the U.S.A.
Dura-Stilts,Dura-Stilts III No. 8 Strap Washer,36,0.25,Dura-Stilts III No. 8 Strap Washer (DURA-36) - Genuine Dura-Stilts Replacement Part - Made in the U.S.A.
Dura-Stilts,"Dura-Stilts III No. 8 x 3/8"" Screws for Soles",37,0.35,"Dura-Stilts III No. 8 x 3/8"" Screws For Soles - Genuine Dura-Stilts Replacement Part - Made in the U.S.A."
Dura-Stilts,Dura-Stilts III Nylon Leg Bearing,11,0.55,Dura-Stilts III Nylon Leg Bearing (DURA-11) - Genuine Dura-Stilts Replacement Part - Made in the U.S.A.
Dura-Stilts,Dura-Stilts III Nylon Spring Bearing,18,0.6,Dura-Stilts III Nylon Spring Bearing - Genuine Dura-Stilts Replacement Part - Made in the U.S.A.
Dura-Stilts,Dura-Stilts III Replaceable Sole w/ Screws,46,7.12,Dura-Stilts III Replaceable Sole w/ Screws - Genuine Dura-Stilts Replacement Part - Made in the U.S.A.
Dura-Stilts,Dura-Stilts III Replacement Sole set W/Screws,446,27,Dura-Stilts III Replacement Sole set W/Screws (DURA-446) - Genuine Dura-Stilts Replacement Part - Made in the U.S.A.
Dura-Stilts,Dura-Stilts III Small Nylon Extension Tube Sleeve,49,4.58,Dura-Stilts III Small Nylon Extension Tube Sleeve (DURA-49) - Genuine Dura-Stilts Replacement Part - Made in the U.S.A.
Dura-Stilts,Dura-Stilts III Spring Adjuster,15,3.57,Dura-Stilts III Spring Adjuster - Genuine Dura-Stilts Replacement Part - Made in the U.S.A.
Dura-Stilts,Dura-Stilts III Spring Divider,20,3.53,Dura-Stilts III Spring Divider (DURA-20) - Genuine Dura-Stilts Replacement Part - Made in the U.S.A.
Dura-Stilts,Dura-Stilts III Strap Mounting Screw W/Washer (Nylon),35,0.35,Dura-Stilts III Strap Mounting Screw W/Washer (Nylon) (DURA-35) - Genuine Dura-Stilts Replacement Part - Made in the U.S.A.
Dura-Stilts,Dura-Stilts III Strut Tube Cap/Plug,33,1.73,Dura-Stilts III Strut Tube Cap/Plug - Genuine Dura-Stilts Replacement Part - Made in the U.S.A.
Dura-Stilts,Dura-Stilts III Toe Strap W/Buckle,8,8.92,Dura-Stilts III Toe Strap W/Buckle (DURA-8)
Dura-Stilts,Dura-Stilts III Tube Clamp (A),29,3.23,Dura-Stilts III Tube Clamp (A) (DURA-29) - Genuine Dura-Stilts Replacement Part - Made in the U.S.A.
Dura-Stilts,Dura-Stilts III Tube Clamp (B),30,3.68,Dura-Stilts III Tube Clamp (B) (DURA-30) - Genuine Dura-Stilts Replacement Part - Made in the U.S.A.
Dura-Stilts,Dura-Stilts III Upper Coil Spring (Dark Brown),16,3.45,Dura-Stilts III Upper Coil Spring (Dark Brown) - Genuine Dura-Stilts Replacement Part - Made in the U.S.A.
Dura-Stilts,Dura-Stilts III Wing Bolt,42,2.55,Dura-Stilts III Wing Bolt - Genuine Dura-Stilts Replacement Part - Made in the U.S.A.
Dura-Stilts,Dura-Stilts III Wing Bolt Kit,442,9.65,Dura-Stilts III Wing Bolt Kit (DURA-442) - Genuine Dura-Stilts Replacement Part - Made in the U.S.A.
EZ-PRO Texture,EZ-PRO 10 Pack Ready Mix Texture Bags - 20 oz Bags (EZPR-2173-10),EZPR-2173-10,59.99,EZ-PRO 10 Pack Ready Mix Texture Bags - 20 oz Bags
EZ-PRO Texture,EZ-PRO Drywall Texture Gun (EZPR-2180),EZPR-2180,69.99,EZ-PRO Drywall Texture Gun
EZ-PRO Texture,EZ-PRO Drywall Texture Patch Kit Promo (EZPR-2180-2173),EZPR-2180-2173,126.99,EZ-PRO Drywall Texture Patch Kit Promo
EZ-PRO Texture,EZ-PRO Ready Mix Texture Bag - 20 oz Bag (EZPR-2173),EZPR-2173,6.49,EZ-PRO Ready Mix Texture Bag - 20 oz Bag
Festool,Festool Brilliant Abrasives Drywall Sanding Discs - 100 Grit,FEST-495930,29,The Festool Brilliant Abrasives Drywall Sanding Discs - 100 Grit is a general purpose drywall sanding abrasive designed specifically for the Festool Planex Drywall Sander. Designed to allow dust control through center of disc and/or around perimeter.
Festool,Festool CT AutoClean Blast Gate,FEST-497926,65,The Festool CT AutoClean Blast Gate gives your filter a deeper cleaning and contain all the dust with a simple flick of the sliding closure.
Festool,Festool CT36 E AC Dust Extractor Filter Element,FEST-496172,59,The Festool CT36 E AC Dust Extractor Filter Element captures 99.9% of particles down to 1 micron in size. Designed for the CT36 E AC Dust Extractor.
Festool,Festool Disposable Dust Liners (5 Pack),FEST-496215,46,The Festool Disposable Dust Liners (5 Pack) will keep your favorite Festool sanding tools running at peak performance.
Festool,Festool Granat Abrasives Drywall Sanding Discs - 100 Grit,FEST-499637,42,The Festool Granat Abrasives Drywall Sanding Discs - 100 Grit is a premium general purpose drywall sanding abrasion designed specifically for the Festool Planex Drywall Sander. Allows dust control through center of the disc and/or around perimeter.
Festool,Festool Granat Abrasives Drywall Sanding Discs - 80 Grit,FEST-499636,42,The Festool Granat Abrasives Drywall Sanding Discs - 80 Grit is a premium general purpose drywall sanding abrasion designed specifically for the Festool Planex Drywall Sander. Allows dust control through center of the disc and/or around perimeter.
Festool,Festool Planex Drywall Sander Extension,FEST-495169,235,The Festool Planex Drywall Sander Extension extends the length of your Planex Drywall Sander by 20 ft. (0.5 meters) with this extension section. Joins to other sections quickly and easily with two locking latches.
Festool,Festool Planex Drywall Sander LHS-E 225 EQ,FEST-571935,775,Festool Planex Drywall Sander - The Sander for Drywall - is now available online at WallTools.com
Festool,Festool Planex Replacement Pad 202546,FEST-495168,130,The Festool Planex Replacement Pad 202546 is the same pad that comes standard with the Planex unit. Intended as a replacement pad for the Planex Drywall Sander.
FibaFuse,FibaFuse MAX Reinforced Drywall Joint Tape - 250 ft. Roll (SAIN-FDW9146-U),SAIN-9146,8.49,FibaFuse Max is a paperless drywall joint tape that is mold resistant and dries faster in high humidity and moisture prone applications. This 250' Roll is available at WallTools.com.
FibaFuse,FibaFuse Paperless Drywall Joint Tape - 250 ft. Roll,SAIN-8201,6.99,FibaFuse is a paperless drywall joint tape that is mold resistant and dries faster in high humidity and moisture prone applications. This 250' Roll is available at WallTools.com.
FibaFuse,FibaFuse Paperless Drywall Joint Tape - 500 ft. Roll (SAIN-FDW8203-U),SAIN-8203,8.97,FibaFuse is a paperless drywall joint tape that is mold resistant and dries faster in high humidity and moisture prone applications. This 500' Roll is available at WallTools.com.
FibaFuse,FibaFuse Paperless Wall Reinforcement Fabric - 36 in. x 150 ft. (SAIN-FDW8443-U),SAIN-8443,69.99,FibaFuse 36 in. x 150 ft. Paperless Wall Reinforcement Fabric - FDW8443-U
FibaTape,FibaTape Drywall Mesh Tape Applicator,SAIN-6725,39,"The FibaTape Drywall Mesh Tape Applicator is a faster, easier way to apply self-adhesive fiberglass mesh drywall tape. Triggered blade cuts tape cleanly."
FibaTape,FibaTape Mold-X10 Mold Resistant Mesh Tape (SAIN-FDW8209-U),SAIN-8209,6.88,FibaTape Mold-X10 Mold Resistant Mesh Tape is ideal for use with mold resistant and paperless drywall and includes anti-microbial coating for increased mold protection. Self Adhesive for easy application. Eliminates blisters & bubbles.
FibaTape,FibaTape Super Crackstop Wall Repair Fabric (SAIN-FDW6846-U),SAIN-6846,62.97,"FibaTape Super Crackstop Wall Repair Fabric has a 36"" width for reinforcing plaster walls against recurring spider web or alligator cracking & saves labor involved in tearing out old plaster."
Full Circle,Full Circle 100 Grit Level180 Trigon Sanding Sheets (5 Pack),FULL-TG100,5.95,"Full Circle 100 Grit Level180 Trigon Sanding Sheets (5 Pack) features serrated aluminum oxide paper which stays sharp longer, providing a flawless finish. Great for drywall or paint and polyurethane sanding."
Full Circle,Full Circle 150 Grit Flex Air Stearated Sheets (10 Pack),FULL-FLEXAIR150,9.3,The Full Circle 150 Grit Flex Air Stearated Sheets (10 Pack) features a durable abrasive for the finest finishes.
Full Circle,Full Circle 150 Grit Level180 Trigon Sanding Sheets (5 Pack),FULL-TG150,5.95,"Full Circle 150 Grit Level180 Trigon Sanding Sheets (5 Pack) features serrated aluminum oxide paper which stays sharp longer, providing a flawless finish. Great for drywall or paint and polyurethane sanding."
Full Circle,Full Circle 180 Grit Flex Air Stearated Sheet (10 Pack),FULL-FLEXAIR180,9.3,The Full Circle 180 Grit Flex Air Stearated Sheet (10 Pack) is a durable abrasive perfect for the finest finishes. A very economical solution to sanding consumables.
Full Circle,Full Circle 220 Grit Flex Air Stearated Sheet (10 Pack),FULL-FLEXAIR220,9.3,The Full Circle 220 Grit Flex Air Stearated Sheet (10 Pack) is a durable abrasive perfect for the finest finishes. A very economical solution to sanding consumables.
Full Circle,Full Circle 220 Grit Level 180 Sandpaper Triangles/Trigon Sandpaper 5-Pack,FULL-TG220,5.95,"Full Circle 220 Grit Level 180 Sandpaper Triangles/Trigon Sandpaper 5-Pack features serrated aluminum oxide paper which stays sharp longer, providing a flawless finish. Great for drywall or paint and polyurethane sanding."
Full Circle,Full Circle A2 Dual Angle Drywall Fine Grit Sanding Sponge,FULL-A2F100,1.99,The Full Circle A2 Dual Angle Drywall Fine Grit Sanding Sponge is a sturdy; washable sanding sponge handles tight corners and other close quarters without scuffing nearby surfaces.
Full Circle,Full Circle AIR Complete Dustless Sanding System,FULL-DUSTLESS,189,"Sanding 360, Radius 360, Rad-360, Full Circle, Full circle Radius 360, 360, Drywall Sanding Tools, Drywall Tool, 360 Sanding, New Radius 360 Sander, Full Circle Dustless"
Full Circle,Full Circle Fine Grit Flex Air Foam Sanding Pad for Flex Air,FULL-FLEXAIR-F,8.45,"The Full Circle Fine Grit Flex Air Foam Sanding Pad for Flex Air features a super fine texture with a resilient 1/4 inch foam abrasive, providing a fine finish without bridging over low areas."
Full Circle,Full Circle Flex Edge 2.0 100 Grit Sandpaper Sheet for Flex Edge 2.0 (10 Pack),FULL-FE2.0-100,8.95,The Full Circle Flex Edge 2.0 100 Grit Sandpaper Sheet for Flex Edge 2.0 (10 Pack) is a durable abrasive for the finest finishes.
Full Circle,Full Circle Flex Edge 2.0 150 Grit Sandpaper Sheet for Flex Edge 2.0 (10 Pack),FULL-FE2.0-150,8.95,The Full Circle Flex Edge 2.0 150 Grit Sandpaper Sheet for Flex Edge 2.0 (10 Pack) is a durable abrasive for the finest finishes.
Full Circle,Full Circle Flex Edge 2.0 220 Grit Sanding Sheets (10 Pack),FULL-FE2.0-220,8.95,The Full Circle Flex Edge 2.0 220 Grit Sanding Sheets (10 Pack) is a durable abrasive for the finest finishes. Designed for the Full Circle Flex Edge 2.0 Sander.
Full Circle,Full Circle Flex Edge 2.0 Drywall Sanding Tool,FULL-FLEX2.0,28.95,"The Full Circle Flex Edge 2.0 Drywall Sanding Tool is designed to complement the Radius360. Easily handles a variety of sanding challenges with everything you need to take on the corners, tight angles, outlets, bumps, and more."
Full Circle,Full Circle Level 360 Sanding Discs for Radius 360 & Porter Cable 7800 Drywall Sander with PowerPad (25 Pack),FULL-360-SD-25,26.85,Full Circle Level 360 Sanding Discs for Radius 360 & Porter Cable 7800 Drywall Sander with PowerPad (25 Pack) are made of aluminum oxide paper which is clog resistant and self-sharpening for longer life.
Full Circle,Full Circle Medium Grit Flex Air Foam Sanding Pad for Flex Air,FULL-FLEXAIR-M,8.45,"The Full Circle Medium Grit Flex Air Foam Sanding Pad for Flex Air features a fine grit, resilient 1/4 inch foam abrasive which provides a fine finish without bridging over low areas."
Full Circle,Full Circle Porter Cable 7800 Drywall Sander Pad,FULL-PWRPAD,14.95,"The Full Circle Porter Cable 7800 Drywall Sander Pad attaches your Full Circle Level 360 Sanding Disc to the power sander with a firm, seamless adhesion using hook-and-loop technology."
Full Circle,Full Circle Radius 360 Drywall Sanding Tool with Quick-Change Hub,FULL-R360,44.99,"Full Circle Radius 360 Drywall Sanding Tool with Quick-Change Hub is revolutionary with unique side-to-side, up and down, and circular mobility. Full 9 in. diameter, die-cast aluminum head that makes fast work of large surface areas."
Full Circle,Full Circle Radius 360 Foam Replacement Pad - Standard Density,FULL-RP-STD,16.5,"The Full Circle Radius 360 Foam Replacement Pad - Standard Density is a detachable foam disc that forms to the wall, providing a smooth, even finish. Comes in standard density, high density, and the new foam pad."
Full Circle,Full Circle Radius 360 Sanding Discs (5 Pack),FULL-360-SD,5.85,"Full Circle Radius 360 Sanding Discs (5 Pack) are clog-resistant and self-sharpening for longer life. Loop backed sandpaper firmly attaches to the foam disc, preventing debris from collecting behind the sandpaper."
Full Circle,Full Circle Radius 360/Flex Edge 4 ft. Pole,FULL-FX4,14.5,The Full Circle Radius 360/Flex Edge 4 ft. Pole features a 1-1/4 inch diameter for less stress on your hands. Rubber hand grip for comfort and safety. Standard threaded end.
Full Circle,Full Circle Sander Pro Handle Adapter,FULL-PRO-H,15.95,Full Circle Sander Pro Handle Adapter transforms your new Radius360 and Trigon180 pole sanders into ergonomic hand sanders. Features quick and easy cam lock changeability and better control for detail sanding.
Full Circle,Full Circle Trigon 180 Adapter Plate,FULL-T180,29.95,"The Full Circle Trigon 180 Adapter Plate is ready to snap into the center hub of your Radius 360 sanding tool, instantly creating a corner and detail sander. The Trigon180 Adapter Plate can also be used with the Pro Handle Adapter."
Full Circle,Full Circle Trigon 180 Drywall Sanding Tool,FULL-TRI180,44.95,The Full Circle Trigon 180 Drywall Sanding Tool is 56% larger than standard rectangle sanders and has a special pivot mechanism that sands without flipping. Great for sanding corners. The replaceable all in one pad make corner sanding stutter free.
Full Circle,Full Circle Trigon 180 Replacement Pad,FULL-TRI-RP,16.5,"The Full Circle Trigon 180 Replacement Pad has 2 layers: 1. A rubber layer provides shock absorption, and 2. A foam layer provides the perfect cushion for streak-free sanding. No damage to the adjacent surface with the built in bumper!"
Graco,Graco 1 x 25 ft. Clear Braided Hose with Threaded Connections (GRAC-17J420),GRAC-17J420,385,Graco 1 x 25 ft. Clear Braided Hose with Threaded Connections
Graco,Graco 10MM Spray Texture Nozzle for RTX 1500 (GRAC-15C887),GRAC-15C887,41,Graco 10MM Spray Texture Nozzle for RTX 1500
Graco,Graco 115099 Hose Washer (GRAC-115099),GRAC-115099,0.5,Graco 115099 Hose Washer
Graco,Graco 115244 Nut Regulator (GRAC-115244),GRAC-115244,5.35,Graco 115244 Nut Regulator for RTX 1500
Graco,Graco 115999 Retaining Ring (GRAC-115999),GRAC-115999,10.7,Graco 115999 Retaining Ring (GRAC-115999)
Graco,Graco 119064 Switch  (GRAC-119064),GRAC-119064,13.6,Graco Switch for RTX 1500 #119064
Graco,Graco 12MM Spray Texture Nozzle for RTX 1500 (GRAC-15C888),GRAC-15C888,41,Graco 12MM Spray Texture Nozzle for RTX 1500
Graco,Graco 15B565 Ball Valve (GRAC-15B565),GRAC-15B565,20.8,Graco 15B565 Swivel Adapter (GRAC-15B565)
Graco,Graco 24Z003 Swivel Adapter (GRAC-24Z003),GRAC-24Z003,55.75,Graco 24Z003 Swivel Adapter (GRAC-24Z003)
Graco,Graco 3/4 in x 25 ft. Clear Braided Hose with Threaded Connections (GRAC-17J454),GRAC-17J454,277.5,Graco 3/4 in x 25 ft. Clear Braided Hose with Threaded Connections
Graco,Graco 3MM Spray Texture Nozzle for RTX 1500 (GRAC-15C883),GRAC-15C883,41,Graco 3MM Spray Texture Nozzle for RTX 1500
Graco,Graco 4MM Spray Texture Nozzle for RTX 1500 (GRAC-15C884),GRAC-15C884,41,Graco 4MM Spray Texture Nozzle for RTX 1500
Graco,Graco 6MM Spray Texture Nozzle for RTX 1500 (GRAC-15C885),GRAC-15C885,41,Graco 6MM Spray Texture Nozzle for RTX 1500
Graco,Graco 8MM Spray Texture Nozzle for RTX 1500 (GRAC-15C886),GRAC-15C886,41,Graco 8MM Spray Texture Nozzle for RTX 1500
Graco,"Graco Kit,Repair,Motor,Universal,120V (GRAC-17K879)",GRAC-17K879,298.5,"Graco Kit,Repair,Motor,Universal,120V (GRAC-17K879)"
Graco,Graco RotoFlex Pump Kit for Magnum 1000 TexFinish and RTX 1000 TexSpray (GRAC-234156),GRAC-234156,64.5,Graco RotoFlex Pump Kit for Magnum TexFinish
Graco,Graco RotoFlex Pump Roller Kit for RTX1400 (GRAC-288616),GRAC-288616,181.5,Graco RotoFlex Pump Roller Kit for RTX1400 (GRAC-288616)
Graco,Graco RotoFlex Pump Roller Kit for RTX1500 (GRAC-287321),GRAC-287321,128.5,Graco RotoFlex Pump Roller Kit for RTX1500
Graco,Graco RotoFlex Pump Roller Kit for RTX750/1000 (GRAC-234214),GRAC-234214,61,Graco RotoFlex Pump Roller Kit for RTX750/1000
Graco,Graco Rotoflex Pump U-Hose for RTX1250 (GRAC-288623),GRAC-288623,98.5,Graco Rotoflex Pump U-Hose for RTX1250
Graco,Graco Rotoflex Pump U-Hose for RTX1500 (GRAC-287314),GRAC-287314,118,Graco Rotoflex Pump U-Hose for RTX1500
Graco,Graco Sponge Ball Kit for 1 inch Hose (GRAC-248515),GRAC-248515,55.75,"248515, sponge ball"
Graco,"Graco TexSpray AirSpray Heavy-Duty Trigger Gun, Silver (GRAC-24A452)",GRAC-24A452,701,Graco Air Spray Texture Gun for RTX 1500 - Can also be used with Kodiak Sprayer
Graco,"Graco TexSpray AirSpray Heavy-Duty Trigger Gun, Silver (GRAC-24S155)",GRAC-24S155,664,Graco Air Spray Texture Gun for RTX 1500 - Can also be used with Kodiak Sprayer
Graco,Graco TexSpray Mark V Pro Contractor Electric Airless/Texture Sprayer (GRAC-17E606),GRAC-17E606,11179,"Graco TexSpray Mark V ProContractor Electric Airless Texture Sprayer, Mark V, Graco, smooth wall sprayer, texture sprayer, drywall texture sprayer, electric texture sprayer, portable texture sprayer, drywall texture"
Graco,Graco TexSpray RTX 5000PI Texture Sprayer (GRAC-17H575),GRAC-17H575,7300,Graco TexSpray RTX 5000PI Texture Sprayer
Graco,Graco TexSpray Texture Gun (GRAC-288628),GRAC-288628,160,Graco TexSpray Texture Gun (GRAC-288628)
Graco,Graco TexSpray Texture Gun (GRAC-288629),GRAC-288629,142,Graco TexSpray Texture Gun (GRAC-288629)
Graco,Graco TexSpray Texture Gun Nozzels (GRAC-234153),GRAC-234153,40.9,Graco TexSpray Texture Gun Nozzels (GRAC-234153)
Graco,Graco TexSpray Texture Gun Repair Kit (GRAC-258000),GRAC-258000,29.5,Graco TexSpray Texture Gun Repair Kit (GRAC-258000)
Graco,Graco TexSpray Texture Gun Repair Kit (GRAC-287228),GRAC-287228,82,Graco TexSpray Texture Gun Repair Kit (GRAC-287228)
Graco,Graco TexSpray Texture Gun Repair Kit (GRAC-287229),GRAC-287229,44.2,Graco TexSpray Texture Gun Repair Kit (GRAC-287229)
Graco,Graco Texture Thickness Gauge (GRAC-15C090),GRAC-15C090,11.6,Graco Texture Thickness Gauge (GRAC-15C090)
Graco,Texture Hopper fits Graco RTX2000 (GRAC-17P498),GRAC-17P498,346,Texture Hopper fits Graco RTX2000 (GRAC-117P498)
Graco,"VALVE, ASSY, 120V (GRAC-15D559)",GRAC-15D559,432,"VALVE, ASSY, 120V (GRAC-15D559)"
Hardman,HSI 3-Point Creaser Wheel for Blue Line USA/Premier (WHSE-3PCW-038),WHSE-3PCW-38,15.99,HSI 3-Point Creaser Wheel for Blue Line USA/Premier
Hardman,"HSI 3-Point Creaser Wheel for Columbia, TapeTech & G2 (WHSE-3PCW-025)",WHSE-3PCW-25,15.99,"HSI 3-Point Creaser Wheel for Columbia, TapeTech & G2"
Hawkmate,Hawkmate Drywall/Plaster Trowel Tool Holder,MARS-HM4949,24.47,"Hawkmate Drywall/Plaster Trowel Tool attachment for your Hawk. Holds taping knives, trowels, and joint knives securely to the bottom of your drywall and plaster hawk."
Homax,Homax 6500 Drywall Taping Tool Banjo,HOMA-6500,43,The Homax 6500 Drywall Taping Tool Banjo simultaneously applies joint compound and tape in one step. A time saver that also helps prevent future blistering by maintaining consistent mud thickness.
Homax,Homax Knockdown Spray Texture - Water Based 20oz Can (HOMA-4065),HOMA-4065,14.25,Homax Knockdown Spray Texture - Water Based 20-Ounce Can
Homax,Homax Orange Peel & Splatter Spray Texture - Oil-Based 20oz Can (HOMA-4055),HOMA-4055,14.25,Homax Orange Peel & Splatter Spray Texture
Homax,Homax Orange Peel & Splatter Spray Texture - Water-Based 20oz Can (HOMA-4092),HOMA-4092,14.25,Homax Orange Peel & Splatter Spray Texture
Homax,Texture Tek Orange Peel & Splatter Spray Texture - Water-Based 20oz Can (TEXT-9085),TEXT-9085,16.45,Texture Tek Orange Peel & Splatter Spray Texture
Hyde,Hyde 09165 Vac-Hand Sander Kit with 6 ft Hose,HYDE-09165,32.36,"The Hyde 09165 Vac-Hand Sander Kit with 6 ft Hose allows drywall sanding without dust. Fits all shop-type vacuum cleaners. Features Easyclamp system for faster, convenient loading."
Hyde,"Hyde 1-1/4"" Flexible Black & Silver Putty Knife",HYDE-02000,6.45,"The Hyde 1-1/4"" Flexible Black & Silver Putty Knife is ideal for applying compounds, smoothing, and scraping."
Hyde,"Hyde 10"" Blue Steel Taping Tiger Taping Knife",HYDE-09213,9.62,"The Hyde 10” Blue Steel Taping Tiger Taping Knife is ideal for joint taping, finishing, and patching. Can also be used as smoothing tool and wallpaper trim tool."
Hyde,"Hyde 12"" Blue Steel Taping Tiger Taping Knife",HYDE-09214,10.44,"The Hyde 12” Blue Steel Taping Tiger Taping Knife is ideal for joint taping, finishing, and patching. Can also be used as smoothing tool and wallpaper trim tool."
Hyde,Hyde 2 in. Flexible Black & Silver Putty Knife,HYDE-02250,7.19,"The Hyde 2 in. Flexible Black & Silver Putty Knife is ideal for applying compounds, smoothing, and scraping."
Hyde,Hyde 3 in. Flexible Hammer Head Black & Silver Joint Knife,HYDE-02350,13.14,"The Hyde 3"" Flexible Hammer Head Black & Silver Joint Knife features a high carbon steel blade that has been individually ground, polished, mirror finished, and clear coated for long-lasting durability."
Hyde,Hyde 3-1/2 in. Flexible Drywall Pointing Knife,HYDE-02700,13.59,"The Hyde 3-1/2 in. Flexible Drywall Pointing Knife features a high carbon steel blade which is individually ground, polished, mirror finished, and clear coated for long-lasting durability."
Hyde,"Hyde 4"" Flexible Hammer Head Black & Silver Joint Knife",HYDE-02570,12.32,"The Hyde 4"" Flexible Hammer Head Black & Silver Joint Knife features a high carbon steel blade that has been individually ground, polished, mirror finished, and clear coated for long-lasting durability."
Hyde,"Hyde 5"" Flexible Hammer Head Black & Silver Joint Knife",HYDE-02770,14.12,"The Hyde 5"" Flexible Hammer Head Black & Silver Joint Knife features a high carbon steel blade that has been individually ground, polished, mirror finished, and clear coated for long-lasting durability."
Hyde,Hyde 5-Way Smoothing Tool (HYDE-09510),HYDE-09510,4.71,Hyde 5-Way Smoothing Tool
Hyde,Hyde 6 in. Flexible Clipped Drywall Pointing Knife,HYDE-02701,15.37,"The Hyde 6 in. Flexible Clipped Drywall Pointing Knife features a high carbon steel blade that has been individually ground, polished, mirror finished, and clear coated for long-lasting durability."
Hyde,Hyde 6 in. MaxxGrip Pro Jab Saw,HYDE-09016,10.07,"The Hyde 6 in. MaxxGrip Pro Jab Saw cuts quickly through drywall, wood, Masonite ®, and plywood."
Hyde,"Hyde 6"" Flexible Hammer Head Black & Silver Joint Knife",HYDE-02870,14.17,"The Hyde 6"" Flexible Hammer Head Black & Silver Joint Knife features a high carbon steel blade that has been individually ground, polished, mirror finished, and clear coated for long-lasting durability."
Hyde,"Hyde 8"" Blue Steel Taping Tiger Taping Knife",HYDE-09212,9.19,"The Hyde 8” Blue Steel Taping Tiger Taping Knife is ideal for joint taping, finishing, and patching. Can also be used as smoothing tool and wallpaper trim tool."
Hyde,Hyde Corner Ease Replacement Wool,HYDE-45850,21.91,"The Hyde Corner Ease Replacement Wool is made from 100% Lambswool, perfect for Latex and Oil-Based Paints. Designed for the Hyde Corner Ease Roller."
Hyde,Hyde Corner Ease Roller and Tray,HYDE-45820,42.97,"The Hyde Corner Ease Roller and Tray has a multitude of applications. Apply paint or drywall to room corners quickly and easily or tackle awkward jobs like painting gutters, soffits, eaves, or corrugated roofing."
Hyde,Hyde Drywall Hand Sander,HYDE-09057,19.04,"Hyde Drywall Hand Sander is the perfect tool for sanding drywall joints. Featuring the Easyclamp™ System for faster, easier abrasive loading and MaxxGrip handle style for added grip and comfort."
Hyde,Hyde PRO Stainless 1-1/2 in. Joint Knife,HYDE-06108,7.98,The Hyde PRO Stainless 1-1/2 in. Joint Knife features everything pros love the most.
Hyde,Hyde PRO Stainless 10 in. Joint Knife,HYDE-06882,28.99,The Hyde PRO Stainless 10 in. Joint Knife features everything pros love the most.
Hyde,Hyde PRO Stainless 2 in. Joint Knife,HYDE-06228,8.6,The Hyde PRO Stainless 2 in. Joint Knife features everything pros love the most.
Hyde,Hyde PRO Stainless 3 in. Joint Knife,HYDE-06358,10.85,The Hyde PRO Stainless 3 in. Joint Knife features everything pros love the most.
Hyde,Hyde PRO Stainless 4 in. Joint Knife,HYDE-06578,14.88,The Hyde PRO Stainless 4 in. Joint Knife features everything pros love the most.
Hyde,Hyde PRO Stainless 5 in. Joint Knife,HYDE-06778,16.23,The Hyde PRO Stainless 5 in. Joint Knife features everything pros love the most.
Hyde,Hyde PRO Stainless 6 in. Joint Knife,HYDE-06878,17.22,The Hyde PRO Stainless 6 in. Joint Knife features everything pros love the most.
Hyde,Hyde PRO Stainless 8 in. Joint Knife,HYDE-06881,24.85,The Hyde PRO Stainless 8 in. Joint Knife features everything pros love the most.
Hyde,Hyde PRO Stainless Painter's 8 in 1 Tool,HYDE-06988,13.04,"The Hyde Pro Stainless Painter's 8 in 1 Tool features a soft grip handle, scraper blade, putty remover, and spreader. Made from electrocoated steel blade with 1/2 round cut removes paint from rollers."
Hyde,Hyde Vac-Pole Sanding Kit (with Pole),HYDE-09175,116.36,"Hyde Vac-Pole Sanding Kit (with Pole) fits all shop-type vacuum cleaners, eliminating harmful dust while sanding drywall. Features Easyclamp™ System for faster, easier abrasive loading."
Hyde,Hyde Vac-Pole Sanding Kit (without Pole),HYDE-09170,47.19,"Hyde Vac-Pole Sanding Kit (without Pole) fits all shop-type vacuum cleaners, eliminating harmful dust while sanding drywall. Features Easyclamp™ System for faster, easier abrasive loading."
Irwin,Irwin 100' Plastic High Speed Chalk Box,MARS-64310,45.43,"The Irwin 100' Plastic High Speed Chalk Box features an easy-to-hold, easy-to-grip shape with self-locking handle and plated anchor ring."
Irwin,Irwin Blue 8 oz. Chalk Refill,MARS-64901,6.35,The Irwin Blue 8 oz. Chalk Refill is perfect for refilling chalk boxes. Made in the USA.
Irwin,Irwin Red 8 oz. Chalk Refill,MARS-64902,6.35,Irwin Red 8 oz. Chalk Refill is perfect for refilling chalk boxes. Made in the USA.
Joest,Joest All Grits Use-It Superpad Sanding Discs for Porter Cable 7800 Sander/Radius 360 Sander (15 Pack),JOES-SUPERPAD-15,0,"Joest useit Superpad Drywall Sanding Discs for Porter Cable 7800 Drywall Sander - 80, 100, 210, 150, 180, 220, 240, and 320 grits. The ultimate smooth wall, level 4 and level 5 sanding discs."
Johnson Abrasives,Johnson Wet-Kut Sanding Cloth - 100 Grit (25 Pack),JOHN-B0905-25,14.99,Johnson Wet-Kut Sanding Cloth - 100 Grit (25 Pack) features the Wet-Knut™ effectively sands all types of drywall compounds and plaster walls.
Johnson Abrasives,Johnson Wet-Kut Sanding Cloth - 120 Grit (25 Pack),JOHN-B0904-25,14.99,Johnson Wet-Kut Sanding Cloth - 120 Grit (25 Pack) features the Wet-Knut™ effectively sands all types of drywall compounds and plaster walls.
Johnson Abrasives,Johnson Wet-Kut Sanding Cloth - 150 Grit (25 Pack),JOHN-B0903-25,14.99,Johnson Wet-Kut Sanding Cloth - 150 Grit (25 Pack) features the Wet-Knut™ effectively sands all types of drywall compounds and plaster walls.
Johnson Abrasives,Johnson Wet-Kut Sanding Cloth - 180 Grit (25 Pack),JOHN-B0902-25,14.99,Johnson Wet-Kut Sanding Cloth - 180 Grit (25 Pack) features the Wet-Knut™ effectively sands all types of drywall compounds and plaster walls.
Johnson Abrasives,Johnson Wet-Kut Sanding Cloth - 240 Grit (25 Pack),JOHN-B0901-25,14.99,The Johnson Screen-Kut Sanding Cloth - 240 Grit (25 Pack) is the perfect sanding abrasive for all your drywall finishing needs.
Johnson Level,Johnson Level RockRipper Drywall Scoring T-Square,WHSE-RTS24,31.16,The Johnson Level RockRipper Drywall Scoring T-Square is a unique drywall T-square that has perforated holes in the rule portion of the square that allow you to insert a utility blade at your desired rip length.
Kraft,Kraft 1-1/2 in. One-Piece Flex All Stainless Steel Joint Knife w/ Sure Grip Handle,KRAF-DW727PF,13.5,"The Kraft 1-1/2"" One-Piece Flex All Stainless Steel Joint Knife w/ Sure Grip Handle features a blade that has been ground for a comfortable “broken-in” feel for maximum comfort and performance."
Kraft,Kraft 10 in. Deluxe Stainless Steel Taping Knife w/ ProForm Handle,KRAF-DW910PFSS,14.92,"The Kraft 10 in. Deluxe Stainless Steel Taping Knife w/ ProForm Handle features a wide flexible spring steel blade in lightweight, rust-proof aluminum. Ergonomic handle design for maximum comfort and performance."
Kraft,Kraft 10 in. One-Piece All Stainless Steel Joint Knife,KRAF-DW736,21.5,The Kraft 10 in. One-Piece All Stainless Steel Joint Knife features a specially ground blade for that signature “broken-in” feel for maximum comfort and performance.
Kraft,Kraft 10 in. One-Piece All Stainless Steel Joint Knife w/ Sure Grip Handle,KRAF-DW736PF,23.92,The Kraft 10 in. One-Piece All Stainless Steel Joint Knife w/ Sure Grip Handle features a specially ground blade for that signature “broken-in” feel for maximum comfort and performance.
Kraft,Kraft 11-1/2 x 4-3/4 in. Elite Series Five Star Golden Stainless Trowel with Leather Handle,KRAF-PLE457L,75,The Kraft 11-1/2 x 4-3/4 in. Elite Series Five Star Golden Stainless Trowel with Leather Handle offers greater flexibility & durability to reduce fatigue.
Kraft,Kraft 12 in. Deluxe Stainless Steel Taping Knife w/ ProForm Handle,KRAF-DW912PFSS,16,"The Kraft 12 in. Deluxe Stainless Steel Taping Knife w/ ProForm Handle features a wide flexible spring steel blade in lightweight, rust-proof aluminum. Ergonomic handle design for maximum comfort and performance."
Kraft,Kraft 14 in. Deluxe Stainless Steel Taping Knife w/ ProForm Handle,KRAF-DW914PFSS,17.09,"The Kraft 14 in. Deluxe Stainless Steel Taping Knife w/ ProForm Handle features a wide, flexible spring-steel blade in lightweight rust proof aluminum mounting. Handle designed for maximum comfort and durability."
Kraft,Kraft 2 in. One-Piece Flex All Stainless Steel Joint Knife w/ Sure Grip Handle,KRAF-DW728PF,13.92,"The Kraft 2"" One-Piece Flex All Stainless Steel Joint Knife w/ Sure Grip Handle features a blade that has been ground for a comfortable “broken-in” feel for maximum comfort and performance."
Kraft,Kraft 4 in. One-Piece All Stainless Steel Flex Joint Knife,KRAF-DW729,13.92,The Kraft 4 in. One-Piece All Stainless Steel Flex Joint Knife feature a blade that has been ground for that signature “broken-in” feel for maximum comfort and performance.
Kraft,Kraft 4 in. One-Piece Flex All Stainless Steel Joint Knife w/ Sure Grip Handle,KRAF-DW729PF,15.92,"The Kraft 4"" One-Piece Flex All Stainless Steel Joint Knife w/ Sure Grip Handle features a blade that has been ground for a comfortable “broken-in” feel for maximum comfort and performance."
Kraft,Kraft 5 in. One-Piece All Stainless Steel Flex Joint Knife,KRAF-DW730,14.75,The Kraft 5 in. One-Piece All Stainless Steel Flex Joint Knife features a blade that has been ground for a comfortable “broken-in” feel for maximum comfort and performance.
Kraft,Kraft 5 in. One-Piece Flex All Stainless Steel Joint Knife w/ Sure Grip Handle,KRAF-DW730PF,17,"The Kraft 5"" One-Piece Flex All Stainless Steel Joint Knife w/ Sure Grip Handle features a blade that has been ground for a comfortable “broken-in” feel for maximum comfort and performance."
Kraft,Kraft 6 in. One-Piece All Stainless Steel Flex Joint Knife,KRAF-DW733,15.92,The Kraft 6 in. One-Piece All Stainless Steel Flex Joint Knife features a special ground blade for that signature “broken-in” feel for maximum comfort and performance.
Kraft,Kraft 6 in. One-Piece Flex All Stainless Steel Joint Knife w/ Sure Grip Handle,KRAF-DW733PF,18.17,"The Kraft 6"" One-Piece Flex All Stainless Steel Joint Knife w/ Sure Grip Handle features a blade that has been ground for a comfortable “broken-in” feel for maximum comfort and performance."
Kraft,Kraft 8 in. Deluxe Stainless Steel Taping Knife w/ ProForm Handle,KRAF-DW908PFSS,13.83,"The Kraft 8 in. Deluxe Stainless Steel Taping Knife w/ ProForm Handle features a wide, flexible spring-steel blade in lightweight rust proof aluminum mounting. Handle designed for maximum comfort and durability."
Kraft,Kraft Blue Steel Standard Wide Handle Taping Knife,KRAF-DW6-X,10,The Kraft Blue Steel Standard Wide Handle Taping Knife features a flexible lightweight blade with a high strength yellow plastic handle.
Kraft,Kraft Compressor Filter Assembly (KRAF-PC524),KRAF-PC524,75,Kraft Compressor Filter Assembly
Kraft,Kraft Compressor Filter Element (KRAF-PC525),KRAF-PC525,29.2,Kraft Compressor Filter Element
Kraft,Kraft Compressor Pressure Gauge (KRAF-PC526),KRAF-PC526,43.7,Kraft Compressor Pressure Relief Valve
Kraft,Kraft Compressor Pressure Relief Valve (KRAF-PC530),KRAF-PC530,53.35,Kraft Compressor Pressure Relief Valve
Kraft,Kraft Compressor Repair Kit (KRAF-PC532),KRAF-PC532,310,Kraft Compressor Repair Kit
Kraft,Kraft KC Banjo w/Side Web Handle - Right Hand,KRAF-DC402,198.57,The Kraft KC Banjo w/Side Web Handle - Right Hand is made from lightweight aluminum and can hold up to 500 ft. of paper tape.
Kraft,Kraft PC507 Texture Hopper Rebuild Kit (KRAF-PC507),KRAF-PC507,62.5,Kraft PC507 Texture Hopper Rebuild Kit
Kraft,Kraft Super-Pro Texture Gun & Hopper (KRAF-PC301),KRAF-PC301,156.67,"Kraft Super-Pro Texture Gun & Hopper PC301, Kraft Super Pro Hopper Gun, Kraft Super Pro Hopper, Kraft Hopper Gun, Kraft Texture Gun, Super Pro Hopper"
Laco,Laco 50oz. Polypropylene Jar for MA1000 (LACO-L103),LACO-L103,11,Laco 50oz. Plastic Jar for MA1000
Laco,Laco MA1000 Air Gun Texture Sprayer / Texture Patch Gun (LACO-MA1000),LACO-MA1000,349,Laco MA1000 Air gun Texture Sprayer / Patch Gun
Laco,Laco TG600 Hand Pump Texture Patch Gun,LACO-TG600,205,"The Laco TG600 Hand Pump Texture Patch Gun comes with 3 spray tips and disassembles for fast clean-ups. Fully adjustable spray tips match original Orange Peel, Knockdown and Acoustic textures."
Laco,Laco TG950 Hand Pump Texture Patch Gun (LACO-TG950),LACO-TG950,329,Laco TG950 Hand Pump Texture Gun
Level 5,Level 5 10 in. Classic Flat Box (LEV5-4765),4765,411.74,"This Level 5 10"" Classic Flat Box has an adjustable crown dial that ensures the precise amount of mud. The variety of adjustment settings allows you to set your desired crown whether running flats, split butts or vertical. You can even run wide open."
Level 5,Level 5 10 in. Classic MEGA Flat Box (LEV5-4768),4768,431.99,Level 5 10 in. Classic MEGA Flat Box
Level 5,Level 5 12 in. Classic Flat Box (LEV5-4766),4766,422.09,"This Level 5 12"" Flat Box has an adjustable crown dial that ensures the precise amount of mud. Deeper back spine allows for easier operation. Hard coat anodized for durability. Lid opens extra wide for easy clean-up. Built for performance and value."
Level 5,Level 5 12 in. Classic MEGA Flat Box (LEV5-4769),4769,446.84,Level 5 12 in. Classic MEGA Flat Box
Level 5,Level 5 2 in. Nail Spotter,4754,287.09,"The Level 5 2 in. Nail Spotter is easy to use and the perfect tool for quickly filling in those nail holes and blemishes. Made from high-quality stainless steel, this nail spotter speeds up the finishing process by filling spots with one application."
Level 5,Level 5 2.5 in. Corner Finisher (LEV5-4732),4732,420.74,Level 5 Angle Heads offer superior quality and design. Over-sized tungsten-carbide blades are precision ground and interchangeable from side to top. Adjustable blade tension lever for quick changes from corner to corner.
Level 5,Level 5 3 in. Nail Spotter,4755,306.89,"The Level 5 3 in. Nail Spotter is perfect for quickly filling nail holes and blemishes. Made from high-quality stainless steel and featuring a robust design for easy operation and cleaning, this nail spotter is a great addition to your drywall finishing process."
Level 5,Level 5 30-42 in. Flat Box Extendable Handle (LEV5-4781),4781,311.84,Level 5 52 in. Flat Box Extendable Handle
Level 5,Level 5 42 in. Flat Box Handle (LEV5-4712),4712,194.84,The Level 5 Flat Box Handle is a light weight anodized aluminum handle with one-piece cast aluminum head. Adjustable aluminum grip ball for added comfort and control.
Level 5,Level 5 7 in. Classic Flat Box (LEV5-4764),4764,401.84,"This Level 5 7"" Flat Box has an adjustable crown dial that ensures the precise amount of mud. Deeper back spine allows for easier operation. Hard coat anodized for durability. Lid opens extra wide for easy clean-up. Built for performance and value."
Level 5,Level 5 7 in. Classic MEGA Flat Box (LEV5-4767),4767,422.09,Level 5 7 in. Classic MEGA Flat Box
Level 5,Level 5 Box Filler,4715,71.54,"The Level 5 Box Filler is compatible with the Level 5 Pump and other brand mud pumps. This attachment fills flat boxes, nail spotters, compound tubes, and corner applicator boxes. Features a durable aluminum construction for easy cleaning and durability."
Level 5,Level 5 Classic Flat Box,FB,401.84,"The Level 5 Classic Flat Box comes in three sizes (7-inch, 10-inch, and 12-inch) with an adjustable crown dial that ensures the precise amount of mud. Made from anodized aluminum with a corrosion-resistant red finish, this flat box is durable enough for daily use + a wide lid opening for cleaning."
Level 5,Level 5 Classic MEGA Flat Box,MFB,422.09,Level 5 Classic MEGA Flat Box offers the same features as the Standard Box but carries 50% more compound which means fewer trips to the pump! Features 10 different settings with a wide-open lid for easy cleaning.
Level 5,Level 5 Corner Roller (LEV5-4707),4707,161.09,The Level 5 Corner Roller is made of high grade aluminum that will not corrode or pit. Use after the Automatic Taper to bed tape perfectly in corners and inside 90 degree angles Aluminum-reinforced stainless steel wheels eliminate wheel edge damage.
Level 5,Level 5 Gooseneck,4714,107.09,"The Level 5 Gooseneck is a curved tube made from high-quality stainless steel for lasting durability. Used to fill automatic tapers and corner applicators, this gooseneck attachment is also compatible with compound pumps made by other leading brands."
Level 5,Level 5 Red Aluminum Corner Roller Handle,4777,97.64,"The Level 5 Red Aluminum Corner Roller Handle is made from long-lasting anodized aluminum for regular use at any jobsite. Crafted with you in mind, this lightweight handle is chemically treated with a corrosion-resistant finish for easy cleaning and daily use."
Level 5,Level 5 Red Aluminum Nail Spotter Handle,4756,97.64,"The Level 5 Nail Spotter Handle is lightweight, durable, and easy to clean. This handle is made from anodized aluminum with a corrosion-resistant red finish for increased longevity."
Level 5 Parts,Level 5 1/16 x 1/2 in. Cotter Pin,7116,1,Level 5 1/16 x 1/2 in. Cotter Pin and other replacement parts available to service Level 5 Automatic Taping & Finishing Tools. Are you in need of a quick refresh? Check out our selection of popular Maintenance and Rebuild Kits for quick and easy repairs!
Level 5 Parts,Level 5 10 in. Brass Flat Box Repair Kit,4834,34.93,Does your Flat Box need repair? The Level 5 10 in. Brass Flat Box Repair Kit includes everything you need to keep your Standard and MEGA Capacity Flat Boxes at peak performance. This kit includes common wear parts for easy and fast repairs.
Level 5 Parts,Level 5 12 in. Brass Flat Box Repair Kit,4835,39.43,Does your Flat Box need repair? The Level 5 12 in. Brass Flat Box Repair Kit includes everything you need to keep your Standard and MEGA Capacity Flat Boxes at peak performance. This kit includes common wear parts for easy and fast repairs.
Level 5 Parts,Level 5 7 in. Brass Flat Box Repair Kit,4833,29.93,Does your Flat Box need repair? The Level 5 7 in. Brass Flat Box Repair Kit includes everything you need to keep your Standard and MEGA Capacity Flat Boxes at peak performance. This kit includes common wear parts for easy and fast repairs.
Level 5 Parts,Level 5 Bearing (LEV5-7322),7322,2,Level 5 Bearing (LEV5-7322)
Level 5 Parts,Level 5 Cable,7137,7.99,Level 5 Cable and other replacement parts available to service your favorite Level 5 Tools. Is your automatic taping or finishing tool in need of repair? Shop our selection of Maintenance and Rebuilt Kits to give your favorite tools a quick refresh!
Level 5 Parts,Level 5 Drive Dog Assembly,7097,100,Level 5 Drive Dog Assembly and other replacement parts available to service your favorite Level 5 Automatic Taping & Finishing Tools. Is your tool in need of some repair? Shop our selection of Maintenance and Rebuild Kits for quick and easy tool repairs!
Level 5 Parts,Level 5 Flat Box Wheel Repair Kit,4808,58.9,Does your Flat Box need repair? This Level 5 Flat Box Wheel Repair Kit contains everything you need to fix wheels on both Standard and MEGA flat boxes. Keep all your favorite Level 5 tools running at peak performance by shopping our selection of Maintenance and Rebuild Kits!
Level 5 Parts,Level 5 Gooser Assembly,4817,173.99,Level 5 Gooser Assembly and other replacements parts available to repair your favorite Level 5 professional drywall tools. Check out our selection of popular maintenance kits for quick and easy tool repair.
Level 5 Parts,Level 5 Main Chain,7104,50,Level 5 Main Chain and other replacement parts available to service your favorite Level 5 Tools. Is your automatic taping or finishing tool in need of repair? Shop our selection of Maintenance and Rebuilt Kits to give your favorite tools a quick refresh!
Level 5 Parts,Level 5 Plunger Cup,7132,29,Level 5 Plunger Cup and other replacement parts available to service your favorite Level 5 Automatic Taping & Finishing Tools. Is your tool in need of some repair? Shop our selection of popular Maintenance Kits and Rebuild Kits for a quick and easy tune up!
Level 5 Parts,Level 5 Plunger Cup Assembly,4825,137.43,Level 5 Plunger Cup Assembly and other replacement parts available to service your Level 5 Automatic Taping and Finishing Tools. Need a tune up? Shop our Level 5 Maintenance and Rebuild Kits for easy and quick repairs!
Level 5 Parts,Level 5 Pyramid Blade,7111,2,Level 5 Pyramid Blade and other replacement parts available to keep your automatic taping and finishing tools at peak performance. Is your tool in need of a tune up? Shop our selection of Maintenance and Rebuilt Kits for a quick and easy refresh.
Level 5 Parts,Level 5 Pyramid Blades (Pack of 10),4821,34.9,Level 5 Pyramid Blades (Pack of 10) and other replacement parts available for quick and easy repairs on all your favorite Level 5 Automatic Taping & Finishing Tools. We also carry a selection of popular Maintenance and Rebuild Kits for quick and easy tool repairs!
Level 5 Parts,Level 5 Special Nut,7353,8,Level 5 Special Nut and other replacement parts available for quick and easy repairs on all your favorite Level 5 Automatic Taping & Finishing Tools. We also carry a selection of popular Maintenance and Rebuild Kits for quick and easy tool repairs!
Level 5 Parts,Level 5 Spring Drive Dog,7094,2,Level 5 Spring Drive Dog and other replacement parts available for quick and easy repairs on all your favorite Level 5 Automatic Taping & Finishing Tools. We also carry a selection of popular Maintenance and Rebuild Kits for quick and easy tool repairs!
Level 5 Parts,Level 5 Taper Rebuild Kit,4816,95.39,Does your Automatic Taper need repair? The Level 5 Taper Rebuild Kit includes everything you need to keep your favorite taper running at peak performance. Check out our selection of Maintenance and Rebuild Kits on all your favorite Level 5 Tools!
Level 5 Parts,Level 5 Valve Disc,7329,6,Level 5 Valve Disc and other replacement parts available to service Level 5 Automatic Taping & Finishing Tools. Are you in need of a quick refresh? Check out our selection of popular Maintenance and Rebuild Kits for quick and easy repairs!
Levelline,Levelline Drywall Corner Tape 2.75 in. x 100 ft. Roll,GRAB-LL100,35.95,"Levelline Drywall Corner Tape 2.75 in. x 100 ft. Roll is great for outside/inside drywall corners, off angles, tray ceilings, and bay windows."
Magnum Tool,Magnum Tool (formerly Surpro)  1/8 in. Acoustic Ceiling Grid Punch Pliers Repair Kit for PLP01 (SURP-REP01),REP01,6.2,Magnum Tool (formerly Surpro) 1/8 in. Acoustic Ceiling Grid Punch Pliers Repair Kit for PLP01
Magnum Tool,"Magnum Tool (formerly SurPro) 1,400 ft. Acoustic Ceiling Grid Alignment Line / Jet Line (SURP-LIJ1400)",LIJ1400,7,"Magnum Tool (formerly SurPro) 1,400' Acoustic Ceiling Grid Alignment Line / Jet Line"
Magnum Tool,"Magnum Tool (formerly SurPro) 1/4"" x 1-3/4"" Shank Magnetic Nutsetter (SURP-SEN14S)",SEN14S,1.55,"Magnum Tool (formerly SurPro) 1/4"" x 1-3/4"" Shank Magnetic Nutsetter"
Magnum Tool,"Magnum Tool (formerly SurPro) 1/4"" x 6"" Shank Magnetic Nutsetter (SURP-SEN146)",SEN146,3.5,"Magnum Tool (formerly SurPro) 1/4"" x 6"" Shank Magnetic Nutsetter (SURP-SEN146)"
Magnum Tool,"Magnum Tool (formerly SurPro) 1/8"" Suspended Ceiling Grid Punch Pliers (SURP-PLP01)",PLP01,27.2,"Magnum Tool (formerly SurPro) 1/8"" Acoustic Ceiling Grid Punch Pliers"
Magnum Tool,"Magnum Tool (formerly Surpro) 2"", 3/4"" threaded eye-lag self drilling point (4.4mm dia. point) - 1000 Pack (SURP-SCSD2T34S)",SCSD2T34S,159,"Magnum Tool (formerly Surpro) 2"", 3/4"" threaded eye-lag self drilling point (4.4mm dia. point)"
Magnum Tool,"Magnum Tool (formerly SurPro) 2-7/8"" Z-Purlin Clip - 100 Pack (SURP-CLZ3)",CLZ3,40.35,"Magnum Tool (formerly SurPro) 2-7/8"" Z-Purlin Clip - 1,000 Pack"
Magnum Tool,"Magnum Tool (formerly SurPro) 3"" Magnetic Bit Tip Holder (SURP-HOB3)",HOB3,3.75,"Magnum Tool (formerly SurPro) 3"" Magnetic Bit Tip Holder"
Magnum Tool,"Magnum Tool (formerly SurPro) 3/8"" x 6"" Shank Magnetic Nutsetter (SURP-SEN386)",SEN386,2.8,"Magnum Tool (formerly SurPro) 3/8"" x 6"" Shank Magnetic Nutsetter"
Magnum Tool,"Magnum Tool (formerly SurPro) 4-1/4"" Vertical Bar Joist Clip - 100 Pack (SURP-CLV4)",CLV4,42.35,"Magnum Tool (formerly SurPro) 4-1/4"" Vertical Bar Joist Clip for Acoustic/Suspened/Drop Ceiling Installations - 1,000 Pack"
Magnum Tool,Magnum Tool (formerly SurPro) 450 ft. Acoustic Ceiling Grid Alignment Line / Jet Line (SURP-LIJ450),LIJ450,2.66,"Magnum Tool (formerly SurPro) 450' Acoustic Ceiling Grid Alignment Line for Drop Ceiling, Suspended Ceiling, and Acoustic Ceiling Installations"
Magnum Tool,Magnum Tool (formerly SurPro) 5-1/2'' Drywall Rasp,PLF512,12.8,"The Magnum Tool (formerly SurPro) 5-1/2'' Drywall Rasp is one-hand operation tool ideal for smoothing drywall and laminates. Fine cut blade. Quick blade replacement. Fitted with replaceable 5-1/2"" fine cut blades. Metallic grey metal body."
Magnum Tool,Magnum Tool (formerly SurPro) 5-1/2'' Rasp Replacement Blade - 2 Pack,BLF02,7.5,The Magnum Tool (formerly SurPro) 5-1/2'' Rasp Replacement Blade - 2 Pack are fine cut and designed to keep your rasp running at peak performance.
Magnum Tool,"Magnum Tool (formerly Surpro) 5/16"" x 1-3/4"" Shank Magnetic Nutsetter (SURP-SEN516S)",SEN516S,1.75,"Magnum Tool (formerly Surpro) 5/16"" x 1-3/4"" Shank Magnetic Nutsetter"
Magnum Tool,"Magnum Tool (formerly SurPro) 5/16"" x 2-9/16"" Shank Magnetic Nutsetter (SURP-SEN516L)",SEN516L,2.05,"Magnum Tool (formerly SurPro) 5/16"" x 2-9/16"" Shank Magnetic Nutsetter"
Magnum Tool,Magnum Tool (formerly SurPro) 6 in. Magnetic Bit Tip Holder (SURP-HOB6),HOB6,4.5,Magnum Tool (formerly SurPro) 6 in. Magnetic Bit Tip Holder
Magnum Tool,Magnum Tool (formerly SurPro) 6mm Hex Head with Washer for Lag Poles (SURP-TOPP7),TOPP7,1.15,"Magnum Tool (formerly SurPro) Lag Pole Screws, lag pole screws, lag pole, acoustic ceiling grid, ceiling tools"
Magnum Tool,Magnum Tool (formerly SurPro) Accessory for TOPP5A (SURP-TOPP5A-A),TOPP5A-A,9,Magnum Tool (formerly SurPro) Accessory for TOPP5A (SURP-TOPP5A-A) Acoustic Suspended Ceiling Installation Tools Accessories
Magnum Tool,"Magnum Tool (formerly SurPro) Acoustic Ceiling Grid Clamp, Lever Action, Rubber Tipped (SURP-CLR01)",CLR01,1.8,Magnum Tool (formerly SurPro) Acoustic Ceiling Grid Clamp
Magnum Tool,"Magnum Tool (formerly SurPro) Acoustic Ceiling Grid Clamps, Lever Action, Rubber Tipped - Box of 48 (SURP-CLR01)",CLR01-48,76.8,Magnum Tool (formerly SurPro) Acoustic Ceiling Grid Clamp
Magnum Tool,Magnum Tool (formerly SurPro) Adapter for TOPP5A (SURP-TOPP5),TOPP5,34,"Magnum Tool (formerly SurPro) Adapter for TOPP5A Lag Pole for Suspended Ceiling, Acoustic Ceiling, and Drop Ceiling Installation. Find all the Tools and Supplies you need at Wall Tools!"
Magnum Tool,Magnum Tool (formerly SurPro) Adjustment Clip for Lag Poles (SURP-TOPP3),TOPP3,7,"Magnum Tool (formerly SurPro) Lag Pole Adjustment Clip, acoustic ceiling grid tools, ceiling tools, acoustic ceiling grid accessories"
Magnum Tool,Magnum Tool (formerly SurPro) Cornerbead Crimper Repair Kit,RECB01,11.25,The Magnum Tool (formerly SurPro) Cornerbead Tool Repair Kit is designed for the cornerbead tool (Models BEC114 and BEC118).
Magnum Tool,Magnum Tool (formerly SurPro) Hex Head Attachment for Lag Poles (SURP-TOPP8),TOPP8,29,Magnum Tool (formerly SurPro) Hex Head Attachment for Lag Poles (SURP-TOPP8)
Magnum Tool,Magnum Tool (formerly SurPro) Installation Head for Pre-Tied Lags (SURP-TOPP4),TOPP4,47,"Magnum Tool (formerly SurPro) Wire Tying Head (fits all SurPro Lag Poles), lag poles, ceiling grid tools, acoustic ceiling grid tools"
Magnum Tool,Magnum Tool (formerly SurPro) Installation Tool for Bar Joist Clip (SURP-TOPP5A),TOPP5A,45,Magnum Tool (formerly SurPro) Installation Tool for Bar Joist Clip
Magnum Tool,Magnum Tool (formerly SurPro) Lag Pole Drill Attachment for TOP123 & TOP18 (SURP-TOPP218),TOPP218,29,Magnum Tool (formerly SurPro) Lag Pole Drill Attachment for TOP123 & TOP18 (SURP-TOPP218)
Magnum Tool,Magnum Tool (formerly SurPro) Lag Pole Drill Attachment for TOP6 & TOP12 (SURP-TOPP212),TOPP212,29,Magnum Tool (formerly SurPro) Lag Pole Drill Attachment for TOP6 & TOP12 (SURP-TOPP212) Suspended Ceiling and Acoustic Ceiling Installation Tools
Magnum Tool,Magnum Tool (formerly SurPro) Lag Screw Driver (SURP-DRL01),DRL01,4.6,Magnum Tool (formerly SurPro) Lag Screw Driver
Magnum Tool,Magnum Tool (formerly SurPro) One-Way Hand Rivet Tool (SURP-RIH1-T),RIH1T,12.99,Magnum Tool (formerly SurPro) One-Way Hand Rivet Tool Includes a variety of rivets. Comfortable PVC handle. Total length is 10 inches.
Magnum Tool,Magnum Tool (formerly SurPro) Replacement Head for Lag Poles (SURP-TOPP1),TOPP1,29,Magnum Tool (formerly SurPro) Lag Pole Replacement Head
Magnum Tool,Magnum Tool (formerly SurPro) Replacement Plate for DOR02 (SURP-DOR02-P),DOR02-P,60,Magnum Tool (formerly SurPro) Replacement Plate for DOR02 Drywall Cart
Magnum Tool,"Magnum Tool (formerly SurPro) Residential Drywall Dolly w/ Skid Plate & Non-Marking Casters, 2 swivel, 2 locking (SURP-DOR04)",DOR03,565,"Magnum Tool (formerly SurPro) Residential Drywall Dolly w/ Skid Plate & Non-Marking Casters, 2 swivel, 2 locking (SURP-DOR04) Residential Drywall Dolly w Skid Plate & Non-Marking Casters, 2 swivel, 2 locking"
Magnum Tool,Magnum Tool (formerly Surpro) Telescopic Lag Pole Drill Adaptor Head (SURP-TOV2H),TOV2H,42,Surpro Telescopic Lag Pole Drill Adaptor Head
Magnum Tool,"Magnum Tool (formerly SurPro) Telescopic Lag Pole, 3' - 6' (SURP-TOP6)",TOP6,140.5,Magnum Tool (formerly SurPro) Telescopic Lag Pole 3' - 6' for Acoustic/Suspended/Drop Ceiling Installations
Magnum Tool,"Magnum Tool (formerly SurPro) Telescopic Lag Pole, 4' - 8' - 12' (SURP-TOP123)",TOP123,175,Magnum Tool (formerly SurPro) Telescopic Lag Pole 4' - 8' - 12'
Magnum Tool,"Magnum Tool (formerly SurPro) Telescopic Lag Pole, 6' - 12' (SURP-TOP12)",TOP12,157,Magnum Tool (formerly SurPro) Telescopic Lag Pole 6' - 12'
Magnum Tool,"Magnum Tool (formerly SurPro) XL Commercial Drywall Cart w/ Non-Marking Casters, 2 swivel, 2 locking (SURP-DOA3200)",DOA3200,565,"Magnum Tool (formerly SurPro) XL Commercial Drywall Cart w/ Non-Marking Casters, 2 swivel, 2 locking (SURP-DOA3200) XL Commercial Drywall Cart w/ Non-Marking Casters, 2 swivel, 2 locking"
Magnum Tool,"Magnum Tool (SurPro) 1/4"" x 2-9/16"" Shank Magnetic Nutsetter (SURP-SEN14L)",SEN14L,2.05,"Magnum Tool is now the place to find all your former SurPro tool favorites, like the Magnetic Nutsetter!"
Magnum Tool,"Magnum Tool 3-1/4"", 2"" Threaded Eye-Lag Screw with Self Drilling Point - 1,000 Pack (SURP-SCSD2)",SCSD2,158,"Magnum Tool (formerly Surpro) 3-1/4"", 2"" threaded eye-lag self drilling point"
Magnum Tool,Magnum Tool Rotary 80 Grit Sanding Discs for Porter Cable 7800 Drywall Sander (5 Pack),DIS080,18.95,Keep your favorite Porter Cable Drywall Sander running at peak performance with Magnum Tool (formerly SurPro) Rotary 80 Grit Sanding Discs for Porter Cable 7800 Drywall Sander (5 Pack).
Magnum Tool,"Magnum Tool Telescopic Lag Pole,  6' - 12' - 18' (SURP-TOP18)",TOP18,195,Magnum Tool (formerly Surpro) Telescopic Lag Pole 6' - 12' - 18'
Marshalltown,Marshalltown  11 X 4 1/2 Nu-Pride Carbon Steel Drywall Trowel,MARS-90S,12,"The Marshalltown 11 X 4 1/2 Nu-Pride Drywall Trowel features aluminum mounting with a tempered, carbon steel blade and durable plastic handle."
Marshalltown,"Marshalltown 1 1/2"" Chisel Knife w/Rosewood Handle",MARS-M7152,14.25,"The Marshalltown 1 1/2"" Chisel Knife w/Rosewood Handle features blade that has been heat treated, hardened, tempered, and annealed for an even hardness and durability."
Marshalltown,"Marshalltown 1 1/2"" Sidearm Flat Commercial Grade Stainless Steel Seam Roller-DuraSoft Handle (MARS-E226D)",MARS-E226D,27.23,"Marshalltown 1 1/2"" Sidearm Flat Commercial Grade Stainless Steel Seam Roller-DuraSoft Handle"
Marshalltown,Marshalltown 1 1/4 in. Cornerbead Tool,MARS-CB370,63.53,"The Marshalltown 1 1/4 in. Cornerbead Tool will crimp the cornerbead tightly and accurately into place, as well as help to center the cornerbead for best mud distribution."
Marshalltown,"Marshalltown 1"" Flat Professional Solid Maple Seam Roller-DuraSoft Handle (MARS-E98D)",MARS-E98D,8.47,"Marshalltown 1"" Flat Professional Solid Maple Seam Roller-DuraSoft Handle"
Marshalltown,Marshalltown 10 X 10 Aluminum Hawk - DuraSoft Handle,MARS-3D,29.07,"The Marshalltown 10 X 10 Aluminum Hawk - DuraSoft Handle is made from lightweight, durable aluminum with handle and sponge callus preventer for optimum comfort."
Marshalltown,Marshalltown 10 X 10 Magnesium Hawk - DuraSoft Handle,MARS-5207D,42.75,"The Marshalltown 10 X 10 Magnesium Hawk - DuraSoft Handle is made from lightweight, durable magnesium with handle and sponge callus preventer for optimum comfort."
Marshalltown,"Marshalltown 10"" Blue Steel Taping Knife w/DuraSoft Handle",MARS-3510D,14.85,"Marshalltown 10"" Blue Steel Taping Knife w/DuraSoft Handle features tempered, premium Blue Steel blade with aluminum backing plate. Also features a tapered blade for corner work."
Marshalltown,"Marshalltown 10"" Blue Steel Taping Knife w/DuraSoft II Handle",MARS-4510D,10,"The Marshalltown 10"" Blue Steel Taping Knife w/DuraSoft II Handle features premium tempered Blue Steel blade with rigid alloy backer for maximum durability."
Marshalltown,"Marshalltown 10"" Stainless Steel Taping Knife w/DuraSoft Handle",MARS-3510SD,19.82,"Marshalltown 10"" Stainless Steel Taping Knife w/DuraSoft Handle features tempered, premium stainless steel blade with aluminum backing plate. Also features a tapered blade for corner work."
Marshalltown,"Marshalltown 10"" Stainless Steel Taping Knife w/DuraSoft Handle (MARS-4510SD)",MARS-4510SD,14.72,"Marshalltown 10"" Stainless Steel Taping Knife w/DuraSoft Handle (MARS-4510SD) features tempered, premium stainless steel blade with aluminum backing plate. Also features a tapered blade for corner work."
Marshalltown,Marshalltown 100 Grit Die-Cut Sandpaper (10 Pack),MARS-919,5.27,The Marshalltown 100 Grit Die-Cut Sandpaper (10 Pack) is designed to fit all Marshalltown sanders and similar sanders. Made in the USA.
Marshalltown,Marshalltown 100 Grit Die-Cut Sandpaper (100 Pack),MARS-811,34.23,The Marshalltown 100 Grit Die-Cut Sandpaper (100 Pack) is designed to fit all Marshalltown sanders and similar sanders. Made in the USA.
Marshalltown,"Marshalltown 11 1/2 X 4 3/4 PermaShape ""Flat"" Golden Stainless Finishing Trowel w/ DuraSoft Handle",MARS-4GSFPD,62.37,"The Marshalltown 11 1/2 in. X 4 3/4 in. PermaShape ""Flat"" Golden Stainless Finishing Trowel w/ DuraSoft Handle is guaranteed to maintain its shape while ensuring a professional quality finish to any drywall project."
Marshalltown,"Marshalltown 11 1/2 X 4 3/4 PermaShape ""Flat"" Stainless Steel Finishing Trowel w/ DuraSoft Handle",MARS-4SSFPD,61.23,"The Marshalltown 11 1/2 in. X 4 3/4 in. PermaShape ""Flat"" Stainless Steel Finishing Trowel w/ DuraSoft Handle is guaranteed to maintain its shape while ensuring a professional quality finish to any drywall project."
Marshalltown,Marshalltown 11 3/4 X 3 3/4 Venetian Plastering Trowel-DuraSoft Handle  (MARS-MXS11SSD),MARS-MXS11SSD,57.97,Marshalltown 11 3/4 X 3 3/4 Venetian Plastering Trowel-DuraSoft Handle
Marshalltown,Marshalltown 11 3/4 X 3 3/4 Venetian Plastering Trowel-Wood Handle  (MARS-MXS11SS),MARS-MXS11SS,53.62,Marshalltown 11 3/4 X 3 3/4 Venetian Plastering Trowel-Wood Handle
Marshalltown,Marshalltown 11 X 4 1/2 Drywall Trowel w/Curved DuraSoft Handle,MARS-12SD,45.1,The Marshalltown 11 in. X 4 1/2 in. Drywall Trowel with Curved DuraSoft Handle promises a professional finish to any drywall project.
Marshalltown,Marshalltown 11 X 4 1/2 Drywall Trowel w/Straight Wood Handle,MARS-12,40.38,The Marshalltown 11 X 4 1/2 Drywall Trowel w/Straight Wood Handle features a high carbon steel blade that is slightly concave for feathering mud joints.
Marshalltown,"Marshalltown 11 X 4 1/2 PermaShape ""Flat"" Golden Stainless Finishing Trowel w/ DuraSoft Handle",MARS-1GSFPD,62.27,"The Marshalltown 11 in. X 4 1/2 in. PermaShape ""Flat"" Golden Stainless Finishing Trowel w/ DuraSoft Handle is guaranteed to maintain its shape while ensuring a professional quality finish to any drywall project."
Marshalltown,"Marshalltown 11 X 4 1/2 PermaShape ""Flat"" Stainless Steel Finishing Trowel w/ DuraSoft Handle",MARS-1SSFPD,64.13,"The Marshalltown 11 in. X 4 1/2 in. PermaShape ""Flat"" Stainless Steel Finishing Trowel w/ DuraSoft Handle is guaranteed to maintain its shape while ensuring a professional quality finish to any drywall project."
Marshalltown,Marshalltown 11 X 4 1/2 SS Drywall Trowel w/DuraSoft Handle,MARS-12SSD,58.13,The Marshalltown 11 in. X 4 1/2 in. Stainless Steel Drywall Trowel with DuraSoft Handle allows you to easily feather mud for perfectly smooth drywall joints and repair jobs.
Marshalltown,Marshalltown 11 X 4 1/2 SS Drywall Trowel w/Straight Wood Handle,MARS-12SS,53.18,The Marshalltown 11 in. X 4 1/2 in. Stainless Steel Drywall Trowel with Straight Wood Handle promises a professional finish to any drywall project.
Marshalltown,"Marshalltown 11"" Soft Grip Shears (MARS-E119)",MARS-E119,12.33,"Marshalltown 11"" Soft Grip Shears"
Marshalltown,Marshalltown 12 oz. Drywall Hammer,MARS-DH764,36.42,The Marshalltown 12 oz. Drywall Hammer features a drop forged head with fully polished milled face. Wedge shaped steel blade is notched underneath and doubles as a nail puller.
Marshalltown,Marshalltown 12 X 12 Aluminum Hawk - DuraSoft Handle,MARS-5D,31.88,"The Marshalltown 12 X 12 Aluminum Hawk - DuraSoft Handle is made from lightweight, durable aluminum with handle and sponge callus preventer for optimum comfort."
Marshalltown,Marshalltown 12 X 12 Aluminum Hawk - Wooden Handle,MARS-5W,31.88,"The Marshalltown 12 X 12 Aluminum Hawk - Wooden Handle is made from lightweight, durable aluminum with handle and sponge callus preventer for optimum comfort."
Marshalltown,Marshalltown 12 X 12 Magnesium Hawk - DuraSoft Handle,MARS-5209D,54.53,The Marshalltown 12 X 12 Magnesium Hawk - DuraSoft Handle offers a convenient way to hold material for application with a unique handle to prevent calluses.
Marshalltown,Marshalltown 12 X 4 1/2 Drywall Trowel w/Curved DuraSoft Handle,MARS-12BSD,44.58,The Marshalltown 12 in. X 4 1/2 in. Drywall Trowel with Curved DuraSoft Handle promises a professional finish to any drywall project.
Marshalltown,Marshalltown 12 X 4 1/2 Drywall Trowel w/Curved Wood Handle,MARS-12B,39.95,The Marshalltown 12 X 4 1/2 Drywall Trowel w/Curved Wood Handle features a high carbon steel blade which has a slightly concaved bow for feathering mud joints.
Marshalltown,Marshalltown 12 X 4 1/2 QLT Scratcher Trowel (MARS-SC553),MARS-SC553,12.35,Marshalltown 12 X 4 1/2 QLT Scratcher Trowel
Marshalltown,Marshalltown 12 X 4 1/2 SS Drywall Trowel w/Curved Wood Handle,MARS-12BSS,53.88,The Marshalltown 12 in. X 4 1/2 in. Stainless Steel Drywall Trowel with Curved Wood Handle promises a professional finish to any drywall project.
Marshalltown,Marshalltown 12 X 4 1/2 SS Drywall Trowel w/DuraSoft Handle,MARS-12BSSD,58.87,The Marshalltown 12 in. X 4 1/2 in. Stainless Steel Drywall Trowel with DuraSoft Handle allows you to easily feather mud for perfectly smooth drywall joints and repair jobs.
Marshalltown,"Marshalltown 12 X 4 PermaShape ""Flat"" Golden Stainless Finishing Trowel w/ DuraSoft Handle",MARS-62GSFPD,64.17,"The Marshalltown 12 in. X 4 in. PermaShape ""Flat"" Golden Stainless Finishing Trowel w/ DuraSoft Handle is guaranteed to maintain its shape while ensuring a professional quality finish to any drywall project."
Marshalltown,"Marshalltown 12 X 4 PermaShape ""Flat"" Golden Stainless Finishing Trowel w/ Wooden Handle",MARS-62GSFP,59.15,"The Marshalltown 12 in. X 4 in. PermaShape ""Flat"" Golden Stainless Finishing Trowel w/ Wooden Handle is guaranteed to maintain its shape while ensuring a professional quality finish to any drywall project."
Marshalltown,Marshalltown 12 X 4 PermaShape Carbon Steel Finishing Trowel w/Curved DuraSoft Handle (MARS-PB62D),MARS-PB62D,49.78,Marshalltown 12 X 4 PermaShape Carbon Steel Finishing Trowel w/Curved DuraSoft Handle (MARS-PB62D)
Marshalltown,Marshalltown 12 X 5 GS DuraFlex Finishing Trowel w/DuraSoft Handle,MARS-4467DFD,57.45,The Marshalltown 12 in. X 5 in. Golden Steel DuraFlex Finishing Trowel with DuraSoft Handle promises a professional finish to any drywall project.
Marshalltown,"Marshalltown 12 X 5 PermaShape ""Flat"" Golden Stainless Finishing Trowel w/ DuraSoft Handle",MARS-7GSFPD,64.33,"The Marshalltown 12 in. X 5 in. PermaShape ""Flat"" Golden Stainless Finishing Trowel w/ DuraSoft Handle is guaranteed to maintain its shape while ensuring a professional quality finish to any drywall project."
Marshalltown,"Marshalltown 12 X 5 PermaShape ""Flat"" Golden Stainless Finishing Trowel w/ Wooden Handle",MARS-7GSFP,59.32,"The Marshalltown 12 in. X 5 in. PermaShape ""Flat"" Golden Stainless Finishing Trowel w/ Wooden Handle is guaranteed to maintain its shape while ensuring a professional quality finish to any drywall project."
Marshalltown,"Marshalltown 12"" Adjustable Squeegee Trowel (MARS-AKD12)",MARS-AKD12,33.42,"Marshalltown 12"" Adjustable Squeegee Trowel"
Marshalltown,"Marshalltown 12"" Blue Steel Taping Knife w/DuraSoft Handle",MARS-3512D,16.23,"Marshalltown 12"" Blue Steel Taping Knife w/DuraSoft Handle features tempered, premium Blue Steel blade with aluminum backing plate. Also features a tapered blade for corner work."
Marshalltown,"Marshalltown 12"" Blue Steel Taping Knife w/DuraSoft II Handle",MARS-4512D,14.48,"The Marshalltown 12"" Blue Steel Taping Knife w/DuraSoft II Handle features premium tempered Blue Steel blade with rigid alloy backer for maximum durability."
Marshalltown,"Marshalltown 12"" Bucket Dipper",MARS-BD863,14.88,The Marshalltown 13 Bucket Dipper scoops drywall mud directly from bucket onto a trowel or hawk and features a comfortable grip handle.
Marshalltown,"Marshalltown 12"" Knockdown Knife (MARS-KD12)",MARS-KD12,26.22,"Marshalltown 12"" Knockdown Knife"
Marshalltown,"Marshalltown 12"" Replacement Blade for ADK12 (MARS-AKD12RB)",MARS-AKD12RB,25.87,"Marshalltown 12"" Replacement Blade for ADK12"
Marshalltown,"Marshalltown 12"" Stainless Steel Taping Knife w/DuraSoft Handle",MARS-3512SD,21.2,"Marshalltown 12"" Stainless Steel Taping Knife w/DuraSoft Handle features tempered, premium stainless steel blade with aluminum backing plate. Also features a tapered blade for corner work."
Marshalltown,"Marshalltown 12"" Stainless Steel Taping Knife w/DuraSoft II Handle",MARS-4512SD,16.05,"The Marshalltown 12"" Stainless Steel Taping Knife w/DuraSoft II Handle features premium tempered stainless steel blade with rigid alloy backer for maximum durability."
Marshalltown,"Marshalltown 12"" X 12"" EIFS Composite Hawk",MARS-2166D,44.5,"The Marshalltown 12"" X 12"" EIFS Composite Hawk is made of unique composite material that wont warp and wont react with caustic materials. DuraSoft Handle and sponge rubber callus preventer included."
Marshalltown,Marshalltown 120 Grit Sandscreen (25 Pack),MARS-816,44.07,The Marshalltown 120 Grit Sandscreen (25 Pack) can be used wet or dry and will outlast sandpaper 6 to 1. Made in the USA.
Marshalltown,Marshalltown 120 Grit Sandscreen (5 Pack),MARS-918,10.23,The Marshalltown 120 Grit Sandscreen (5 Pack) can be used wet or dry and will outlast sandpaper 6 to 1. Made in the USA.
Marshalltown,Marshalltown 13 1/2  X 13 1/2 Aluminum Hawk - DuraSoft Handle,MARS-2D,36.43,"The Marshalltown 13 1/2 X 13 1/2 Magnesium Hawk - DuraSoft Handle is made from lightweight, durable magnesium with handle and sponge callus preventer for optimum comfort."
Marshalltown,Marshalltown 13 X 13 Aluminum Hawk - DuraSoft Handle,MARS-1D,34.95,"The Marshalltown 13 X 13 Aluminum Hawk - DuraSoft Handle is made from lightweight, durable aluminum with handle and sponge callus preventer for optimum comfort."
Marshalltown,Marshalltown 13 X 13 Magnesium Hawk - DuraSoft Handle,MARS-5206D,78.33,The Marshalltown 13 X 13 Magnesium Hawk - DuraSoft Handle offers a convenient way to hold material for application with a unique handle to prevent calluses.
Marshalltown,Marshalltown 13 X 13 Magnesium Hawk - Wooden Handle,MARS-5206W,77.73,The Marshalltown 13 X 13 Magnesium Hawk - Wooden Handle offers a convenient way to hold material for application with a unique handle to prevent calluses.
Marshalltown,"Marshalltown 13 X 5 PermaShape ""Flat"" Golden Stainless Finishing Trowel w/ DuraSoft Handle (MARS-13GSFPD)",MARS-13GSFPD,66.18,"The Marshalltown 13 in. X 5 in. PermaShape ""Flat"" Golden Stainless Finishing Trowel w/ DuraSoft Handle is guaranteed to maintain its shape while ensuring a professional quality finish to any drywall project."
Marshalltown,"Marshalltown 13 X 5 PermaShape ""Flat"" Golden Stainless Finishing Trowel w/ Wood Handle (MARS-13GSFP)",MARS-13GSFP,61.25,"The Marshalltown 13 in. X 5 in. PermaShape ""Flat"" Golden Stainless Finishing Trowel w/ Wood Handle is guaranteed to maintain its shape while ensuring a professional quality finish to any drywall project."
Marshalltown,"Marshalltown 13 X 5 PermaShape ""Flat"" Stainless Steel Finishing Trowel w/ DuraSoft Handle",MARS-13SSFPD,64.95,"The Marshalltown 13 in. X 5 in. PermaShape ""Flat"" Stainless Steel Finishing Trowel w/ DuraSoft Handle is guaranteed to maintain its shape while ensuring a professional quality finish to any drywall project."
Marshalltown,"Marshalltown 13"" Bucket Dipper",MARS-BD862,18.1,The Marshalltown 13 Bucket Dipper scoops drywall mud directly from bucket onto a trowel or hawk and features a comfortable grip handle.
Marshalltown,"Marshalltown 13"" X 9"" Single Crows Foot Brush (MARS-846)",MARS-846,13.37,"Marshalltown 13"" X 9"" Single Crows Foot Brush"
Marshalltown,Marshalltown 14 X 14 Aluminum Hawk - DuraSoft Handle,MARS-6D,37.95,"The Marshalltown 14 X 14 Magnesium Hawk - DuraSoft Handle is made from lightweight, durable magnesium with handle and sponge callus preventer for optimum comfort."
Marshalltown,Marshalltown 14 X 14 Magnesium Hawk - DuraSoft Handle,MARS-5208D,88.55,The Marshalltown 14 in. X 14 in. Magnesium Hawk - DuraSoft Handle offers a convenient way to hold material for application with a unique handle to prevent calluses. Marshalltown Hawks provided quality and professional results to every job.
Marshalltown,Marshalltown 14 X 4 1/2 Drywall Trowel w/Curved DuraSoft Handle,MARS-12ASD,48.83,The Marshalltown 14 in. X 4 1/2 in. Drywall Trowel with Curved DuraSoft Handle promises a professional finish to any drywall project.
Marshalltown,Marshalltown 14 X 4 1/2 Drywall Trowel w/Straight DuraSoft Handle,MARS-12AD,48.83,The Marshalltown 14 in. X 4 1/2 in. Drywall Trowel with Straight DuraSoft Handle promises a professional finish to any drywall project.
Marshalltown,Marshalltown 14 X 4 1/2 Drywall Trowel w/Straight Wood Handle,MARS-12A,44.15,The Marshalltown 14 in. X 4 1/2 in. Drywall Trowel with Straight Wood Handle promises a professional finish to any drywall project.
Marshalltown,Marshalltown 14 X 4 1/2 SS Drywall Trowel w/DuraSoft Handle,MARS-12ASSD,63.65,The Marshalltown 14 in. X 4 1/2 in. Stainless Steel Drywall Trowel with DuraSoft Handle allows you to easily feather mud for perfectly smooth drywall joints and repair jobs.
Marshalltown,Marshalltown 14 X 5 GS DuraFlex Finishing Trowel w/DuraSoft Handle,MARS-4471DFD,62.82,The Marshalltown 14 in. X 5 in. Golden Steel DuraFlex Finishing Trowel with DuraSoft Handle promises a professional finish to any drywall project.
Marshalltown,"Marshalltown 14 X 5 PermaShape ""Flat"" Golden Stainless Finishing Trowel w/ DuraSoft Handle",MARS-145GSFPD,69.87,"The Marshalltown 14 in. X 5 in. PermaShape ""Flat"" Golden Stainless Finishing Trowel w/ DuraSoft Handle is guaranteed to maintain its shape while ensuring a professional quality finish to any drywall project."
Marshalltown,"Marshalltown 14 X 5 PermaShape ""Flat"" Golden Stainless Finishing Trowel w/ Wooden Handle",MARS-145GSFP,64.87,"The Marshalltown 14 in. X 5 in. PermaShape ""Flat"" Golden Stainless Finishing Trowel w/ Wooden Handle is guaranteed to maintain its shape while ensuring a professional quality finish to any drywall project."
Marshalltown,"Marshalltown 14"" Blue Steel Taping Knife w/DuraSoft Handle",MARS-3514D,18,"Marshalltown 14"" Blue Steel Taping Knife w/DuraSoft Handle features tempered, premium Blue Steel blade with aluminum backing plate. Also features a tapered blade for corner work."
Marshalltown,"Marshalltown 14"" Blue Steel Taping Knife w/DuraSoft II Handle",MARS-4514D,11.57,"Marshalltown 14"" Blue Steel Taping Knife w/DuraSoft II Handle features tempered, premium Blue Steel blade with aluminum backing plate. Also features a tapered blade for corner work."
Marshalltown,"Marshalltown 14"" Stainless Steel Taping Knife w/DuraSoft Handle",MARS-3514SD,23.9,"Marshalltown 14"" Stainless Steel Taping Knife w/DuraSoft Handle features tempered, premium stainless steel blade with aluminum backing plate. Also features a tapered blade for corner work."
Marshalltown,"Marshalltown 14"" Stainless Steel Taping Knife w/DuraSoft II Handle",MARS-4514SD,18.37,"The Marshalltown 14"" Stainless Steel Taping Knife w/DuraSoft II Handle features premium tempered stainless steel blade with rigid alloy backer for maximum durability."
Marshalltown,Marshalltown 150 Grit Die-Cut Sandpaper (10 Pack),MARS-936,5.27,The Marshalltown 150 Grit Die-Cut Sandpaper (10 Pack) is designed to fit all Marshalltown sanders and similar sanders. Made in the USA.
Marshalltown,Marshalltown 150 Grit Die-Cut Sandpaper (100 Pack),MARS-815,36.2,The Marshalltown 150 Grit Die-Cut Sandpaper (100 Pack) is designed to fit all Marshalltown sanders and similar sanders. Made in the USA.
Marshalltown,Marshalltown 16 X 4 1/2 Drywall Trowel w/Curved DuraSoft Handle,MARS-12CSD,53.2,The Marshalltown 16 in. X 4 1/2 in. Drywall Trowel with Curved DuraSoft Handle promises a professional finish to any drywall project.
Marshalltown,Marshalltown 16 X 4 1/2 Drywall Trowel w/Curved Wood Handle,MARS-12C,48.52,The Marshalltown 16 in. X 4 1/2 in. Drywall Trowel with Curved DuraSoft Handle promises a professional finish to any drywall project.
Marshalltown,Marshalltown 16 X 4 1/2 SS Drywall Trowel w/Curved Wood Handle,MARS-12CSS,65.17,The Marshalltown 16 in. X 4 1/2 in. Stainless Steel Drywall Trowel with Curved Wood Handle allows you to easily feather mud for perfectly smooth drywall joints and repair jobs.
Marshalltown,Marshalltown 16 X 4 1/2 SS Drywall Trowel w/DuraSoft Handle,MARS-12CSSD,70.12,The Marshalltown 16 in. X 4 ½ in. SS Drywall Trowel with DuraSoft Handle features a premium stainless steel blade with a slight concave bow for feathering mud joints.
Marshalltown,Marshalltown 16 X 4 PermaShape Carbon Steel Finishing Trowel w/Curved DuraSoft Handle (MARS-PB66D),MARS-PB66D,58.63,Marshalltown 16 X 4 PermaShape Carbon Steel Finishing Trowel w/Curved DuraSoft Handle (MARS-PB66D)
Marshalltown,Marshalltown 16 X 5 GS DuraFlex Finishing Trowel w/DuraSoft Handle,MARS-4473DFD,65.53,The Marshalltown 16 in. X 5 in. Golden Steel DuraFlex Finishing Trowel with DuraSoft Handle promises a professional finish to any drywall project.
Marshalltown,"Marshalltown 16 X 5 PermaShape ""Flat"" Golden Stainless Finishing Trowel w/ DuraSoft Handle",MARS-165GSFPD,74.6,"The Marshalltown 16 in. X 5 in. PermaShape ""Flat"" Golden Stainless Finishing Trowel w/ DuraSoft Handle is guaranteed to maintain its shape while ensuring a professional quality finish to any drywall project."
Marshalltown,"Marshalltown 16"" Stainless Steel Taping Knife w/DuraSoft Handle",MARS-3516SD,25.67,"Marshalltown 16"" Stainless Steel Taping Knife w/DuraSoft Handle features tempered, premium stainless steel blade with aluminum backing plate. Also features a tapered blade for corner work."
Marshalltown,"Marshalltown 18"" Adjustable Squeegee Trowel (MARS-AKD18)",MARS-AKD18,33.42,"Marshalltown 18"" Adjustable Squeegee Trowel"
Marshalltown,"Marshalltown 18"" Curved Blade Knockdown Knife - DuraSoft Handle (MARS-KD18CD)",MARS-KD18CD,31.72,"Marshalltown 18"" Curved Blade Knockdown Knife - DuraSoft Handle"
Marshalltown,"Marshalltown 18"" Knockdown Knife (MARS-KD18)",MARS-KD18,29.17,"Marshalltown 18"" Knockdown Knife"
Marshalltown,"Marshalltown 18"" Replacement Blade for ADK18 (MARS-AKD18RB)",MARS-AKD18RB,19.62,"Marshalltown 18"" Replacement Blade for ADK18"
Marshalltown,"Marshalltown 2 1/2"" X 11"" Fan Blade Mixer",MARS-FM774,20.48,"The Marshalltown 2 1/2"" X 11"" Fan Blade Mixer features a unique mixing action in which the lower wheel cuts upward and the upper wheel cuts downward to create a counter flow."
Marshalltown,"Marshalltown 2 1/2"" x 4 3/4"" Single Texture Brush (MARS-849)",MARS-849,20,"Marshalltown 2 1/2"" x 4 3/4"" Single Texture Brush"
Marshalltown,"Marshalltown 2"" Flat Commercial Grade Solid Rubber Seam Roller-DuraSoft Handle (MARS-E54D)",MARS-E54D,15.4,"Marshalltown 2"" Flat Commercial Grade Solid Rubber Seam Roller-DuraSoft Handle"
Marshalltown,"Marshalltown 2"" Flat Commercial Grade Stainless Steel Seam Roller-DuraSoft Handle (MARS-E225D)",MARS-E225D,31.82,"Marshalltown 2"" Flat Commercial Grade Stainless Steel Seam Roller-DuraSoft Handle"
Marshalltown,"Marshalltown 2"" Flat Professional Gemstone Plastic Seam Roller-DuraSoft Handle (MARS-E216D)",MARS-E216D,16.22,"Marshalltown 2"" Flat Professional Gemstone Plastic Seam Roller-DuraSoft Handle"
Marshalltown,"Marshalltown 2"" Flat Professional Solid Maple Seam Roller-DuraSoft Handle (MARS-E83D)",MARS-E83D,10.77,"Marshalltown 2"" Flat Professional Solid Maple Seam Roller-DuraSoft Handle"
Marshalltown,"Marshalltown 2"" Flex Putty Knife",MARS-PK878D,7.05,"The Marshalltown 2"" Flex Putty Knife features a blade that has been heat treated, hardened, tempered, and annealed blade for maximum durability."
Marshalltown,Marshalltown 20 in. Nylon Drywall Tool Bag,MARS-NB202,56.27,"The Marshalltown 20 in. Nylon Drywall Tool Bag features 6 multi-purpose inside pockets, 6 outside pockets, and 6 outside web pockets for maximum versatility."
Marshalltown,Marshalltown 20 X 4 PermaShape Carbon Steel Finishing Trowel w/Curved DuraSoft Handle (MARS-PB20D),MARS-PB20D,66.3,Marshalltown 20 X 4 PermaShape Carbon Steel Finishing Trowel w/Curved DuraSoft Handle (MARS-PB20D)
Marshalltown,"Marshalltown 20"" Stainless Steel Taping Knife w/DuraSoft Handle",MARS-3520SD,28.25,"Marshalltown 20"" Stainless Steel Taping Knife w/DuraSoft Handle features tempered, premium stainless steel blade with aluminum backing plate. Also features a tapered blade for corner work."
Marshalltown,"Marshalltown 22"" Adjustable Squeegee Trowel (MARS-AKD22)",MARS-AKD22,32.42,"Marshalltown 22"" Adjustable Squeegee Trowel"
Marshalltown,"Marshalltown 22"" Replacement Blade for ADK22 (MARS-AKD22RB)",MARS-AKD22RB,24.15,"Marshalltown 22"" Replacement Blade for ADK22"
Marshalltown,Marshalltown 220 Grit Sandscreen (25 Pack),MARS-817,44.07,The Marshalltown 220 Grit Sandscreen (25 Pack) can be used wet or dry and will outlast sandpaper 6 to 1. Made in the USA.
Marshalltown,Marshalltown 220 Grit Sandscreen (5 Pack),MARS-935,10.23,The Marshalltown 220 Grit Sandscreen (5 Pack) can be used wet or dry and will outlast sandpaper 6 to 1. Made in the USA.
Marshalltown,"Marshalltown 24"" Aluminum Spray Shield with Plastic Handle (MARS-2633)",MARS-2633,14.5,"Marshalltown 24"" Aluminum Spray Shield with Plastic Handle"
Marshalltown,"Marshalltown 24"" Curved Blade Knockdown Knife - DuraSoft Handle (MARS-KD24CD)",MARS-KD24CD,35.22,"Marshalltown 24"" Curved Blade Knockdown Knife - DuraSoft Handle"
Marshalltown,"Marshalltown 24"" Knockdown Knife (MARS-KD24)",MARS-KD24,35.05,"Marshalltown 24"" Knockdown Knife"
Marshalltown,"Marshalltown 3 1/2"" x 5"" Single Texture Brush (MARS-832)",MARS-832,29.47,"Marshalltown 3 1/2"" x 5"" Single Texture Brush"
Marshalltown,"Marshalltown 3"" Corner Roller",MARS-CR3,17.5,The Marshalltown 3 Corner Roller is the ideal tool for applying joint compound to corners. Replaceable acrylic cover with lambs wool texture and threaded handle can be used with threaded extension poles.
Marshalltown,"Marshalltown 36"" Knockdown Knife (MARS-KD36)",MARS-KD36,49.88,"Marshalltown 36"" Knockdown Knife"
Marshalltown,"Marshalltown 36"" Quik-Mix Mixer",MARS-819L,24.48,"The Marshalltown 36 Quik-Mix Mixer is ideal for mixing paint, drywall mud, and acoustic. Fits any 3/8 or larger slow speed drill and works best at 500 RPM."
Marshalltown,Marshalltown 4 X 5 Inside Drywall Corner Trowel w/DuraSoft Handle,MARS-23D,19.97,The Marshalltown 4 X 5 Inside Drywall Corner Trowel w/DuraSoft Handle features flexible stainless steel construction with aluminum mounting and a resilient DuraSoft handle for maximum comfort.
Marshalltown,"Marshalltown 4"" Flex Scraper Knife w/ DuraSoft EMPACT Handle",MARS-SK882D,12.05,"The Marshalltown 4"" Flex Scraper Knife w/ DuraSoft EMPACT Handle features an oversized steel handle end for hammering & setting nails."
Marshalltown,"Marshalltown 4"" Ribbon Mixer",MARS-RM772,11,"The Marshalltown 4"" Ribbon Mixer ensures an even mix and is ideal for a range of applications such as drywall mud, paint, and EIFS adhesives, and coatings. Works best at 400-900 RPM."
Marshalltown,"Marshalltown 42"" Double Serrated Magnesium Plaster Darby-Double Knob",MARS-14881,47.68,"The Marshalltown 42"" Double Serrated Magnesium Plaster Darby-Double Knob features a double knob handle configuration with a double serrated blade."
Marshalltown,Marshalltown 45 Elbow (MARS-12118),MARS-12118,17.93,Marshalltown 45 Elbow
Marshalltown,Marshalltown 45 Hopper Gun Elbow (MARS-RK299),MARS-RK299,13.43,Marshalltown 45 Hopper Gun Elbow
Marshalltown,"Marshalltown 48"" Plain Magnesium Plaster Darby-Double Knob (MARS-14886)",MARS-14886,48.07,"Marshalltown 48"" Plain Magnesium Plaster Darby-Double Knob"
Marshalltown,"Marshalltown 48"" Wood Pole Sander Handle",MARS-28,10.93,"The Marshalltown 48” Wood Pole Sander Handle is made from hardwood with a steel end cap for setting nails. For use with pole sanders #14428, #14426, and #14660."
Marshalltown,"Marshalltown 48-96"" Adjustable Fiberglass Pole",MARS-FP48,35.6,The Marshalltown 48-96” Adjustable Fiberglass Pole features a fiberglass outer tube with an aluminum inner tube. Broom threaded end. Heavy Duty. Made in the USA.
Marshalltown,Marshalltown 5 in 1 Combination Tool w/ Polyethylene Handle,MARS-M5221,10.27,"The Marshalltown 5 in 1 Combination Tool w/ Polyethylene Handle features a blade that has been heat treated, hardened, tempered, and annealed for maximum strength and durability."
Marshalltown,Marshalltown 5 X 3 3/4 Outside Corner Trowel w/DuraSoft Handle,MARS-25D,19.8,The Marshalltown 5 X 3 3/4 Outside Corner Trowel w/DuraSoft Handle features lightweight tool made from one piece of flexible stainless steel and a resilient DuraSoft handle for maximum comfort.
Marshalltown,Marshalltown 5 X 3 3/4 Thin Coat Inside Corner Trowel w/DuraSoft Handle,MARS-24D,17.18,The Marshalltown 5 X 3 3/4 Thin Coat Inside Corner Trowel w/DuraSoft Handle is used to embed tape and smooth out the final layer of mud to taped corners.
Marshalltown,"Marshalltown 5"" Corner Roller",MARS-CR5,45.77,The Marshalltown 5 Corner Roller is the ideal tool for applying joint compound to corners. Replaceable acrylic cover with lambs wool texture and threaded handle can be used with threaded extension poles.
Marshalltown,"Marshalltown 5"" DuraSoft EMPACT Handle Joint Knife w/ Flex Blade",MARS-JK884D,11.65,The Marshalltown 5 DuraSoft EMPACT Handle Joint Knife w/ Flex Blade features an oversized steel handle end for hammering and setting nails.
Marshalltown,"Marshalltown 5"" Fan Blade Mixer with 3 Adjustable Blades",MARS-FM629,42.78,"The Marshalltown 5"" Fan Blade Mixer with 3 Adjustable Blades provides seamless mixing to prep all drywall mud for best application."
Marshalltown,Marshalltown 6 in 1 Combination Tool w/ DuraSoft Handle,MARS-GT872D,10.55,"The Marshalltown 6 in 1 Combination Tool w/ DuraSoft Handle features a blade that has been heat treated, hardened, tempered, and annealed for an even hardness and durability."
Marshalltown,"Marshalltown 6"" Blue Steel Taping Knife w/DuraSoft Handle",MARS-3506D,13.5,"Marshalltown 6"" Blue Steel Taping Knife w/DuraSoft Handle features tempered, premium Blue Steel blade with aluminum backing plate. Also features a tapered blade for corner work."
Marshalltown,"Marshalltown 6"" Blue Steel Taping Knife w/DuraSoft II Handle",MARS-4506D,9.32,"The Marshalltown 6"" Blue Steel Taping Knife w/DuraSoft II Handle features premium tempered Blue Steel blade with rigid alloy backer for maximum durability."
Marshalltown,"Marshalltown 6"" DuraSoft  EMPACT Handle Joint Knife w/ Flex Blade",MARS-JK886D,14,"The Marshalltown 6"" DuraSoft EMPACT Handle Joint Knife w/ Flex Blade features an ergonomic handle design for comfortable grip while hammering and setting nails."
Marshalltown,"Marshalltown 6"" Stainless Steel Taping Knife w/DuraSoft Handle",MARS-3506SD,17.23,"Marshalltown 6"" Stainless Steel Taping Knife w/DuraSoft Handle features tempered, premium stainless steel blade with aluminum backing plate. Also features a tapered blade for corner work."
Marshalltown,"Marshalltown 6"" Stainless Steel Taping Knife w/DuraSoft II Handle",MARS-4506SD,12.25,"The Marshalltown 6"" Stainless Steel Taping Knife w/DuraSoft II Handle features premium tempered stainless steel blade with rigid alloy backer for maximum durability."
Marshalltown,"Marshalltown 7""  Broad Knife - 32"" Handle",MARS-BK387,35.63,"The Marshalltown 7 Broad Knife  32 Handle features a blue spring steel blade, lightweight aluminum handle, and rubber cap with loop for hanging storage."
Marshalltown,"Marshalltown 7"" Broad Knife - 18"" long",MARS-BK385,21.28,"The Marshalltown 7 Broad Knife  18 long handle features a blue spring steel blade, lightweight aluminum handle, and rubber cap with loop for hanging storage."
Marshalltown,Marshalltown 8 3/4 X 3 3/4 Venetian Plastering Trowel-DuraSoft Handle  (MARS-MXS875SSD),MARS-MXS875SSD,55.9,Marshalltown 8 3/4 X 3 3/4 Venetian Plastering Trowel-DuraSoft Handle
Marshalltown,Marshalltown 8 3/4 X 3 3/4 Venetian Plastering Trowel-Wood Handle  (MARS-MXS875SS),MARS-MXS875SS,51.28,Marshalltown 8 3/4 X 3 3/4 Venetian Plastering Trowel-Wood Handle
Marshalltown,Marshalltown 8 X 9 1/2 Drywall Pouch,MARS-805,41.9,"The Marshalltown 8 X 9 ½ Drywall Pouch features heavy top grain saddle leather and a U loop hammer holder, rule pocket, and wide tunnel belt loop."
Marshalltown,"Marshalltown 8"" Blue Steel Taping Knife w/DuraSoft Handle",MARS-3508D,13.93,"Marshalltown 8"" Blue Steel Taping Knife w/DuraSoft Handle features tempered, premium Blue Steel blade with aluminum backing plate. Also features a tapered blade for corner work."
Marshalltown,"Marshalltown 8"" Blue Steel Taping Knife w/DuraSoft II Handle",MARS-4508D,9.67,"The Marshalltown 8"" Blue Steel Taping Knife w/DuraSoft II Handle features premium tempered Blue Steel blade with rigid alloy backer for maximum durability."
Marshalltown,"Marshalltown 8"" Stainless Steel Taping Knife w/DuraSoft Handle",MARS-3508SD,18.38,"Marshalltown 8"" Stainless Steel Taping Knife w/DuraSoft Handle features tempered, premium stainless steel blade with aluminum backing plate. Also features a tapered blade for corner work."
Marshalltown,"Marshalltown 8"" Stainless Steel Taping Knife w/DuraSoft II Handle",MARS-4508SD,13.57,"The Marshalltown 8"" Stainless Steel Taping Knife w/DuraSoft II Handle features premium tempered stainless steel blade with rigid alloy backer for maximum durability."
Marshalltown,Marshalltown 80 Grit Die-Cut Sandpaper (10 Pack),MARS-916,5.27,The Marshalltown 80 Grit Die-Cut Sandpaper (10 Pack) is designed to fit all Marshalltown sanders and similar sanders. Made in the USA.
Marshalltown,Marshalltown 80 Grit Die-Cut Sandpaper (100 Pack),MARS-809,36.95,The Marshalltown 80 Grit Die-Cut Sandpaper (100 Pack) is designed to fit all Marshalltown sanders and similar sanders. Made in the USA.
Marshalltown,Marshalltown 9 X 4 Rubber Float - Fine Pad (MARS-38),MARS-38,12.48,Marshalltown 9 X 4 Rubber Float - Fine Pad
Marshalltown,"Marshalltown 9""  Broad Knife - 28"" Handle",MARS-BK388,33.68,"The Marshalltown 9 Broad Knife  28 Handle features a blue spring steel blade, lightweight aluminum handle, and rubber cap with loop for hanging storage."
Marshalltown,"Marshalltown 9"" Broad Knife - 18"" long",MARS-BK386,23.32,"The Marshalltown 9 Broad Knife  18 long handle features a blue spring steel blade, lightweight aluminum handle, and rubber cap with loop for hanging storage."
Marshalltown,Marshalltown Callus Preventer,MARS-0,2.02,The Marshalltown Callus Preventer can be used with any Marshalltown Hawk and is made of sponge rubber.
Marshalltown,Marshalltown Carbide Scoring Cutter Replacement Blade,MARS-SC68RB,4.2,The Marshalltown Carbide Scoring Cutter Replacement Blade will keep your favorite Marshalltown Cutter sharp and ready for the next job.
Marshalltown,Marshalltown Compressor Hose and Coupling (MARS-HOS308),MARS-HOS308,105.73,Marshalltown Compressor Hose and Coupling
Marshalltown,Marshalltown Cornerbead Tool with Mallet,MARS-CB429,56.45,The Marshalltown Cornerbead Tool with Mallet comes as a set and one blow of the rubber mallet will crimp the cornerbead tightly and accurately into place.
Marshalltown,Marshalltown Drywall Cart Replacement Locking Swivel Caster (MARS-DC344LSC),MARS-DC344LSC,54.35,Marshalltown Drywall Cart Replacement Locking Swivel Caster
Marshalltown,Marshalltown Drywall Kit with Sponge,MARS-DK298,12.33,"The Marshalltown Drywall Kit with Sponge includes a Drywall Sanding Sponge, Plastic Joint Knife, Corner Tool, Triple Edge Knife, and a durable 10 Mud Pan."
Marshalltown,Marshalltown Drywall Panel Carrier,MARS-DPC930,16.4,The Marshalltown Drywall Panel Carrier is sold in pairs and makes lifting and transporting drywall easy and safe with two people.
Marshalltown,Marshalltown Drywall Pouch-Flat,MARS-896,48.65,"The Marshalltown Drywall Pouch-Flat is made from genuine top grain russet leather. Features a drill pocket, belt loop, molded tape holder, and metal hammer/hatchet holder. Rivet reinforced on key areas."
Marshalltown,Marshalltown Drywall Sanding Sponge,MARS-DWS467,5.42,The Marshalltown Drywall Sanding Sponge features an abrasive side for wet sanding and an abrasive side for removing residue. Cleans easily and is reusable.
Marshalltown,Marshalltown Drywall Tape Reel,MARS-31,23.02,The Marshalltown Drywall Tape Reel is made of durable steel and plated to prevent rust. Holds all standard tape rolls up to 500 feet. This tape reel hangs onto belt for easy dispensing.
Marshalltown,Marshalltown Drywall Utility Saw - Contoured Handle,MARS-18,9.75,The Marshalltown Drywall Utility Saw - Contoured Handle features contoured handle and a sharp point to penetrate wallboard easily without drilling.
Marshalltown,Marshalltown Drywall Utility Saw - Wooden Handle,MARS-22,8.88,"The Marshalltown Drywall Utility Saw - Wooden Handle has a sharp point that can cut wallboard, Masonite, plywood, and wood."
Marshalltown,Marshalltown Drywall Vacuum Sander,MARS-VS733,33.43,The Marshalltown Drywall Vacuum Sander features an ergonomic DuraSoft handle design with a 360 degree pivoting elbow to keep hose out of the way. Uses standard sanding screen.
Marshalltown,Marshalltown DuoFlex Compressor Piston and Cylinder Assembly Repair Kit (MARS-PC299),MARS-PC299,292.8,Marshalltown DuoFlex Compressor Piston and Cylinder Assembly Repair Kit
Marshalltown,Marshalltown DuoFlex Compressor with QuickShooter Gun (MARS-HC129A),MARS-HC129A,1297.95,Marshalltown DuoFlex Compressor with QuickShooter Gun
Marshalltown,Marshalltown DuoFlex Compressor without Air Hose (MARS-HC125A),MARS-HC125A,1035,"Marshalltown DuoFlex Compressor, HC125A, DuoFlex Compressor, Marshalltown DuoFlex, Duoflex, Duoflex Texture Sprayer"
Marshalltown,Marshalltown DuraSoft Drywall Rasp,MARS-DR390,12.75,The Marshalltown DuraSoft Drywall Rasp removes 45% more material per stroke than other popular rasps on the market. This tool will not clog or collect dust.
Marshalltown,Marshalltown DuraSoft Drywall Rasp with Rails,MARS-DR389,13.78,The Marshalltown DuraSoft Drywall Rasp with Rails removes 45% more material per stroke than other popular rasps on the market. This tool will not clog or collect dust.
Marshalltown,Marshalltown DuraSoft Hand Sander,MARS-20D,19.65,The Marshalltown DuraSoft Hand Sander is made with a lightweight aluminum backing plate which is bonded to a foam pad. DuraSoft handle provides soft feel. Designed for die-cut or a half sheet sandpaper.
Marshalltown,Marshalltown DuraSoft Utility Knife - Butterfly Storage,MARS-9059,16.28,The Marshalltown DuraSoft Utility Knife - Butterfly Storage features a push button blade release and a Durasoft handle for maximum comfort.
Marshalltown,Marshalltown DuraSoft Utility Knife - Sliding Storage,MARS-9058,13.32,The Marshalltown DuraSoft Utility Knife - Sliding Storage features a DuraSoft handle for increased comfort and a push button for blade release.
Marshalltown,Marshalltown Eggbeater Mixer,MARS-897,32.88,"The Marshalltown Eggbeater Mixer can be attached to any ½ or larger variable speed drill to mix paint, mortar, joint compound, and so much more! Welded all-steel construction for long lasting durability."
Marshalltown,Marshalltown Exact Angle Inside Corner Trowel,MARS-EA917,18.53,The Marshalltown Exact Angle Inside Corner Trowel features an easy to clean nylon blade with adjustable angle from 90 to 154 degrees. Resilient DuraSoft handle for maximum comfort.
Marshalltown,Marshalltown Felt Brush (MARS-FB865),MARS-FB865,44.52,Marshalltown Felt Brush
Marshalltown,Marshalltown Felt Brush - Replacement Pads (MARS-FB865RP),MARS-FB865RP,16.92,Marshalltown Felt Brush - Replacement Pads
Marshalltown,Marshalltown Fixed Blade Utility Knife,MARS-998,7.5,"The Marshalltown Fixed Blade Utility Knife features a magnet which holds blade in place during replacement, a large knob for easy opening, a zinc alloy body, and three blades stored in handle for easy replacements."
Marshalltown,Marshalltown Gun Only for SprayMate  (MARS-G725),MARS-G725,96.75,Marshalltown Gun Only for SprayMate
Marshalltown,Marshalltown Hawk Replacement Handle-DuraSoft,MARS-412D,6.88,"The Marshalltown Hawk Replacement Handle-DuraSoft fits all Marshalltown Hawks except for 951 (#16149), PH694 (#14588), and AH659 (#14659)."
Marshalltown,Marshalltown Heavy Duty Drywall Stripper,MARS-DS628,55.55,The Marshalltown Heavy Duty Drywall Stripper features an auxiliary handle which allows more control and more pressure while cutting. Cuts strips up to 5 wide.
Marshalltown,Marshalltown Heavy Duty Roll Panel Lifter,MARS-RL801,34,"Marshalltown Heavy Duty Roll Panel Lifter features rigid steel construction, ribbed back, weighted nose, and roller-wheel all combine for moving ease. Permits one-man handling and nailing."
Marshalltown,Marshalltown Hook Style Blade - Package of 5 Blades,MARS-E2410,2.8,The Marshalltown Hook Style Blades  Package of 5 Blades will keep your favorite Marshalltown cutters sharp and ready for any project.
Marshalltown,Marshalltown Hopper Flex Connector (MARS-FC244),MARS-FC244,10.02,Marshalltown Hopper Flex Connector
Marshalltown,Marshalltown Hopper for QuickShooter (MARS-H608),MARS-H608,43.63,Marshalltown Hopper Only for QuickShooter
Marshalltown,Marshalltown Hopper for SharpShooter   (MARS-797),MARS-797,52.83,Marshalltown Hopper for SharpShooter
Marshalltown,Marshalltown Hopper Gun Cleaning Kit (MARS-14285),MARS-14285,37.4,Marshalltown Hopper Gun Cleaning Kit
Marshalltown,Marshalltown Hopper Gun Stand (MARS-HS634),MARS-HS634,14.3,Marshalltown Hopper Gun Stand
Marshalltown,Marshalltown Mesh Taper,MARS-MT72,35.98,The Marshalltown Mesh Taper quickly applies mesh tape to flat seams. The roller extends for easy application into corners while the trigger operated blade cuts the mesh tape.
Marshalltown,Marshalltown Molding Scraper with 7 Interchangeable Blades (MARS-E9483),MARS-E9483,41.22,Marshalltown Molding Scraper with 7 Interchangeable Blades
Marshalltown,Marshalltown Mud Pan & Tape Holder,MARS-MP228,23.47,The Marshalltown Mud Pan & Tape Holder combo hooks to users belt to hold mud pan and up to 500 ft. roll of drywall tape.
Marshalltown,Marshalltown Nu-Pride Hand Sander,MARS-6158,4,The Marshalltown Nu-Pride Hand Sander features molded plastic construction for maximum durability. Can be used with die-cut or half sheet of standard sandpaper. Made in the USA.
Marshalltown,Marshalltown Oblong Double Crows Foot Brush (MARS-844),MARS-844,30.25,Marshalltown Oblong Double Crows Foot Brush
Marshalltown,Marshalltown Outside Corner Trowel,MARS-OS751,18.28,The Marshalltown Outside Corner Trowel is lightweight and made from flexible stainless steel. This blade is set at an 80-degree angle that flexes during use to 90-degrees to form a clean square corner on the outside.
Marshalltown,Marshalltown Panel Lifter,MARS-790,31.22,"The Marshalltown Panel Lifter features a tapered front end which slides easily under the drywall board for lifting while nailing. This lifter has a non-slip surface, and its self-righting feature makes it always ready to use."
Marshalltown,Marshalltown Panel Lifter/Rasp/Bottle Opener,MARS-PL589,16.42,"The Marshalltown Panel Lifter/Rasp/Bottle Opener is a versatile tool that can lift all standard sizes of drywall sheets, has a non-clogging rasp with protective guides, and a handy bottle opener."
Marshalltown,Marshalltown Paste Brush (MARS-E2002),MARS-E2002,7.22,Marshalltown Paste Brush
Marshalltown,Marshalltown QLT Banjo Replacement Blade,MARS-RB6025,25.53,Marshalltown QLT Banjo Replacement Blade and other replacement parts available to keep your favorite Marshalltown Tools running at peak performance.
Marshalltown,Marshalltown QLT Drywall Saw - Soft Grip Handle,MARS-SGDS32,16.3,"The Marshalltown QLT Drywall Saw - Soft Grip Handle features a hardened and tempered blade, five teeth per inch, and cuts quickly through wallboard, gypsum, lath, and thin coat backing board."
Marshalltown,Marshalltown QuickShooter Fluid Control Kit (MARS-12114),MARS-12114,25.8,Marshalltown Fluid Control Kit
Marshalltown,Marshalltown QuickShooter Hopper Gun (MARS-HG577),MARS-HG577,179.4,Marshalltown QuickShooter Hopper Gun
Marshalltown,Marshalltown QuickShooter Needle Kit (MARS-12119),MARS-12119,59.82,Marshalltown Needle Kit
Marshalltown,Marshalltown QuickShooter Nozzle Kit (MARS-12107),MARS-12107,40.5,Marshalltown Nozzle Kit
Marshalltown,Marshalltown Relief Valve for DuoFlex Compressor (MARS-RV569),MARS-RV569,154.23,Marshalltown Relief Valve for DuoFlex Compressor
Marshalltown,Marshalltown Repair Kit for SharpShooter I (MARS-RK696),MARS-RK696,19.13,Marshalltown Repair Kit for SharpShooter I
Marshalltown,Marshalltown Repair Kit for SprayMate  (MARS-794A),MARS-794A,12.15,Marshalltown Repair Kit for SprayMate
Marshalltown,Marshalltown Replacement Blade - Tapeshooter Banjo - Right Handed,MARS-RB798,44.33,Marshalltown Replacement Blade - Tapeshooter Banjo - Right Handed and other replacement parts available to keep your favorite Marshalltown tools running at peak performance.
Marshalltown,Marshalltown Replacement Pad for CR3,MARS-CR3RP,4.37,The Marshalltown Replacement Pad for CR3 (Corner Roller #19046) features an acrylic cover with lambs wool texture.
Marshalltown,Marshalltown Replacement Pad for CR5,MARS-CR5RP,12.78,The Marshalltown Replacement Pad for CR5 Corner Roller #19048 features an acrylic cover with lambs wool texture.
Marshalltown,Marshalltown Roll Panel Lifter,MARS-4591,20.93,"The Marshalltown Roll Panel Lifter features rigid steel construction, ribbed back, weighted nose, and roller-wheel to promote ease of movement on any jobsite. Permits one-man handling and nailing."
Marshalltown,Marshalltown Rubber Coving Knife,MARS-30,24.03,"The Marshalltown Rubber Coving Knife features a sturdy, flexible blade for taping and cleaning excess mud from joints and angles wider than 90 degrees."
Marshalltown,Marshalltown Sanding Sponge - Large - Fine,MARS-SB491F,2.53,"The Marshalltown Sanding Sponge - Large – Fine can be used wet or dry, on wood, drywall, plaster and metal surfaces. Simply rinse and reuse. Fine Grit."
Marshalltown,Marshalltown Sanding Sponge - Large - Medium/Fine,MARS-SB491MF,2.53,"The Marshalltown Sanding Sponge - Large - Medium/Fine can be used wet or dry, on wood, drywall, plaster and metal surfaces. Simply rinse and reuse. Medium to Fine Grit. Made in the USA."
Marshalltown,Marshalltown Sanding Sponge - Single Angle - Fine,MARS-SB486F,3,"The Marshalltown Sanding Sponge - Single Angle – Fine can be used wet or dry, on wood, drywall, and metal surfaces. Simply rinse and reuse. Fine Grit Sanding Sponge."
Marshalltown,Marshalltown Sanding Sponge - Single Angle - Medium,MARS-SB486M,3,"The Marshalltown Sanding Sponge - Single Angle – Medium can be used wet or dry, on wood, drywall, and metal surfaces. Simply rinse and reuse. Medium Grit Sanding Sponge."
Marshalltown,Marshalltown Sanding Sponge Pad - Medium Grit (5 Pack),MARS-SP496M,13.07,Marshalltown Sanding Sponge Pad - Medium Grit (5 Pack) lasts 6-10 times longer than sandpaper and sandscreen. Sponge allows for a smoother finish when using a heavier grit.
Marshalltown,Marshalltown SeamSlammer Banjo - Handle Pack,MARS-5301HP,15.45,The Marshalltown SeamSlammer Banjo - Handle Pack and other replacement parts to keep your favorite Banjo running at peak performance.
Marshalltown,Marshalltown SeamSlammer Banjo - Replacement Blade,MARS-5301BP,21.15,The Marshalltown SeamSlammer Banjo - Replacement Blade and other replacement parts available to keep your favorite Marshalltown Tools running at peak performance.
Marshalltown,Marshalltown SeamSlammer Banjo - Seal Kit,MARS-5301SK,3.17,The Marshalltown SeamSlammer Banjo - Seal Kit and other replacement part to keep your favorite Marshalltown Tools running at peak performance.
Marshalltown,Marshalltown SeamSlammer Drywall Banjo,MARS-5301,182.25,The Marshalltown SeamSlammer Drywall Banjo is made from lightweight aluminum and holds 500 ft. rolls of tape. Bulkhead separates tape from mud & keeping the roll dry.
Marshalltown,Marshalltown Sharpshooter 2.0 Replacement Plug (MARS-10412),MARS-10412,14.93,Marshalltown Sharpshooter 2.0 Replacement Plug
Marshalltown,Marshalltown Sharpshooter 2.0/2.1 Repair Kit (MARS-SS20RK),MARS-SS20RK,25.15,Marshalltown Sharpshooter 2.0 Repair Kit
Marshalltown,Marshalltown SharpShooter 2.1 Gun Only (MARS-SS21G),MARS-SS21G,162.78,Marshalltown SharpShooter 2.1 Gun
Marshalltown,Marshalltown SharpShooter 2.1 Hopper Gun (MARS-SS21),MARS-SS21,183.93,Marshalltown SharpShooter 2.1 Hopper Gun
Marshalltown,Marshalltown SharpShooter I Gun Only (MARS-G695),MARS-G695,123.75,Marshalltown SharpShooter I Gun
Marshalltown,Marshalltown Single Edge Replacement Razor Blades-100 Blades (MARS-E397),MARS-E397,12.67,Marshalltown Single Edge Replacement Razor Blades-100 Blades
Marshalltown,Marshalltown Tapeshooter Drywall Banjo (Left Hand),MARS-799D,255.97,The Marshalltown Tapeshooter Drywall Banjo (Left Hand) is made from lightweight aluminum and comes in both right and left-handed styles.
Marshalltown,Marshalltown Tapeshooter Drywall Banjo (Right Hand),MARS-798D,234.45,Marshalltown Tapeshooter Drywall Banjo - Right Hand
Marshalltown,Marshalltown The Paper Taper,MARS-PT76,15.97,The Marshalltown The Paper Taper dispenses flat and folded drywall tape; can hold all standard tape rolls up to 500 feet and includes belt clip and metal cutting blade.
Marshalltown,Marshalltown Water Bucket Heater (MARS-742G),MARS-742G,123.45,Marshalltown Water Bucket Heater
Marshalltown,Marshalltown Wood Hawk Replacement Handle,MARS-412W,9.58,"The Marshalltown Wood Hawk Replacement Handle features a bolt for secure fastening and fits all Marshalltown hawks except 951, PH694, and AH659."
Mudmaster Inc.,Washmaster Juice by Mudmaster - Bottle (WASH-JUICE),WASH-JUICE,15.9,"Washmaster Juice by Mudmaster, Wash juice, juice, washmaster juice, tool cleaning juice, cleaning juice, bottle"
Mudmaster Inc.,Washmaster Juice by Mudmaster - Case of 24 Bottles (WASH-JUICE-24),WASH-JUICE-24,342.5,Washmaster Juice by Mudmaster
No-Coat,No-Coat Ultra Flex 325 3.25 in. x 100 ft. Roll (GRAB-ULT325),GRAB-ULT325,58.99,"No-Coat Ultra Flex 325 100ft. Roll Built-in flexible hinge fits any inside or outside corner angle and creates crisp, straight lines. Also excellent to keep on hand for repairing damaged drywall corners."
No-Coat,No-Coat Ultra Flex 450 4.5 in.  x 100 ft. Roll (GRAB-ULT450),GRAB-ULT450,99.99,"No-Coat Ultra Flex 450 100ft. Roll, Built-in flexible hinge fits any inside or outside corner angle and creates crisp, straight lines. Also excellent to keep on hand for repairing damaged drywall corners."
Norton Abrasives,"Norton 100 Grit 9"" Hook & Loop Drywall Sanding Discs for Porter Cable Drywall Sander (15 Discs)",NORN-02465,17.6,"The Norton 100 Grit 9"" Hook & Loop Drywall Sanding Discs for Porter Cable Drywall Sander (15 Discs) will keep you running at peak performance."
Norton Abrasives,"Norton 120 Grit 9"" Hook & Loop Drywall Sanding Discs for Porter Cable Drywall Sander (15 Discs)",NORN-02464,17.6,"The Norton 120 Grit 9"" Hook & Loop Drywall Sanding Discs for Porter Cable Drywall Sander (15 Discs) will keep you running at peak performance."
Norton Abrasives,"Norton 150 Grit 9"" Hook & Loop Drywall Sanding Discs for Porter Cable Drywall Sander (15 Discs)",NORN-02463,17.6,"The Norton 150 Grit 9"" Hook & Loop Drywall Sanding Discs for Porter Cable Drywall Sander (15 Discs) will keep you running at peak performance."
Norton Abrasives,"Norton 180 Grit 9"" Hook & Loop Drywall Sanding Discs for Porter Cable Drywall Sander (15 Discs)",NORN-58171,17.6,"The Norton 180 Grit 9"" Hook & Loop Drywall Sanding Discs for Porter Cable Drywall Sander (15 Discs) will keep you running at peak performance."
Norton Abrasives,"Norton 220 Grit 9""  Hook & Loop Drywall Sanding Discs for Porter Cable Drywall Sander (15 Discs)",NORN-56659,17.6,"The Norton 220 Grit 9"" Hook & Loop Drywall Sanding Discs for Porter Cable Drywall Sander (15 Discs) will keep you running at peak performance."
Norton Abrasives,"Norton 80 Grit 9"" Hook & Loop Drywall Sanding Discs for Porter Cable Drywall Sander (15 Discs)",NORN-02466,18.55,"The Norton 80 Grit 9"" Hook & Loop Drywall Sanding Discs for Porter Cable Drywall Sander (15 Discs) will keep you running at peak performance."
Norton Abrasives,Norton Abrasives Back-up Pad for Porter Cable 7800 Drywall Sander,NORN-03292,9,The Norton Abrasives Back-up Pad for Porter Cable 7800 Drywall Sander is required when using Norton Hook & Loop Sanding Discs on Porter Cable 7800 Drywall Sander.
Nu-Way,Nu-Way LongNeck Gooseneck for the Pump-er-Up Cart (NUWA-NU61),NUWA-NU61,129.99,Fits directly on your pump while it’s mounted on the Pump-er-Up. Allows you to fill your taper and move it about the job site. Beautiful aluminum and stainless construction makes it light and tough.
Nu-Way,Nu-Way NoDry Caps - Set of 5 (NUWA-NU68),NUWA-NU68,4.99,"Fits the end of the Gooseneck, LongNeck and Box Filler to keep out air and contaminating insects. Packaged of 5 white vinyl caps."
Nu-Way,Nu-Way NoDry Caps Combo Pack (NUWA-NU71),NUWA-NU71,5.99,Set of 2 NoDry Gooseneck & Box Filler Caps and 2 No Dry Pump End Caps
Nu-Way,Nu-Way NoDry Pump End Caps - 2 Pack (NUWA-NU70),NUWA-NU70,4.29,Covers the end of the pump to keep mud rom drying out. Locks out air and protects your pump.
Nu-Way,Nu-Way ToolKit WrapUp (NUWA-NU62),NUWA-NU62,7.5,Set of 3 quality tools - Slot screwdriver / blunt tip pliers / adjustable wrench. Easy Carry Kit in a velcro tabbed wrapup pouch.
Perry by Nu-Wave,"Perry 5"" Locking Caster by Nu-Wave (PERR-PC5B-S)",PERR-PC5B-S,45,"Perry 5"" Locking Caster by Nu-Wave (PERR-PC5B-S) Will not work on Step-Up Scaffolds. 1-1/32"" Stem"
Perry by Nu-Wave,"Perry 5"" Locking Caster by Nu-Wave (PERR-PIC-5)",PERR-PIC-5,60,"Perry 5"" Locking Caster by Nu-Wave"
Perry by Nu-Wave,"Perry 5"" Locking Caster by Nu-Wave (PERR-PIC-54)",PERR-PIC-54,45,Perry 5” Locking Caster by Nu-Wave for Step-Up Scaffolds Only – Perry by Nu-Wave Scaffolds and Platforms – 5/8 in. Stem
Perry by Nu-Wave,Perry 6' Guardrail Kit Complete with Toe Boards by Nu-Wave,PERR-GKC-6,400,"Perry 6' Guardrail Kit Complete with Toeboards by Nu-Wave Includes: 2 Siderails, 1 End Frame with Mid Rail, 1 End Frame with Chain, 2 Toe Boards, 4 Toe Board Brackets, 2 Toe Board End Panels, 2 Toe Board Side Panels."
Perry by Nu-Wave,"Perry 660CL Classic Scaffold 69 1/2"" Ladder x 6' Platform and Trusses by NuWave",PERR-660CL,725,"Perry 660CL Classic Scaffold 69 1/2"" Ladder x 6' Platform and Trusses by NuWave has a load capacity of 1000 lbs., solid steel stack pins, and can be stacked to a maximum of 18 ft."
Perry by Nu-Wave,Perry Portable 4 ft. Step-Up Mini Work Platform by Nu-Wave,PERR-SU-4,360,"Perry Portable 4 ft. Step-Up Mini Work Platform by Nu-Wave Quality built in U.S.A. Small, lightweight, sturdy and collapsible. Folds down to just 5-1/4"" Wide - easily lay flat in seconds."
Perry by Nu-Wave,Perry Replacement Positive Engagement Locking Pin,PERR-PSNK,15,Perry Replacement Positive Engagement Locking Pin – Perry Replacement Parts
Perry by Nu-Wave,Perry Work Platform Plank for 4 ft. Step-up Mini Work Platform by Nu-Wave,PERR-P-2,61,"48"" x 8 1/2"" x 1 1/2"" Platform Replacement Work Platform Plank for 4 ft. Step-up Mini Work Platform by Nu-Wave"
PLA-COR,PLAC-COR Multi-Use Plastic Gate Set,PLAC-CH-RG9P,14,"The PLAC-COR Multi-Use Plastic Gate Set is made for the PLAC-COR CH-B Convertible Hopper. Works with 3/4"", 90 degree and L trim."
PLA-COR,PLAC-COR Multi-Use Rubber Gate Set,PLAC-CH-RG9R,14,"The PLAC-COR Multi-Use Rubber Gate Set is made for the PLAC-COR CH-B Convertible Hopper. Works with 3/4 inch, 90 degree and L trim."
PLA-COR,PLAC-COR STD Convertible Hopper,PLAC-CH-B,126,"The PLAC-COR STD Convertible Hopper is the Standard Multi-Use Hopper (STD HOPPER) that works with 3/4"", L & 90 Outside Tape-On Bead."
PLA-COR,PLAC-COR STD Replacement Base,PLAC-CH-RBAS,29.98,The PLAC-COR STD Replacement Base is made for the PLAC-COR CH-B Convertible Hopper.
Porter Cable,Porter Cable 78114 3-Pack Filter Bags for 7810 5-Gallon Vac,PORT-78114,28.7,"The Porter Cable 78114 3-Pack Filter Bags for 7810 5-Gallon Vac are 2 ply, 5 gallon paper filter bags for dust pick up applications. For use with Porter Cable model No. 7810 vacuum. 3 bags per package."
Porter Cable Parts,330003-17 - Bearing - for Porter Cable 7800 Drywall Sander,PORT-330003-17,15.75,330003-17 - Bearing - for Porter Cable 7800 Drywall Sander and other repair parts available to keep your favorite Porter Cable tools running at peak performance.
Porter Cable Parts,330003-64 - Ball Bearing (6001DW) - for Porter Cable 7800 Drywall Sander,PORT-330003-64,15.92,330003-64 - Ball Bearing (6001DW) - for Porter Cable 7800 Drywall Sander and other repair parts available to keep your favorite Porter Cable tools running at peak performance.
Porter Cable Parts,645825-00 - Support Tube - for Porter Cable 7800 Drywall Sander,PORT-645825,33.5,645825-00 - Support Tube - for Porter Cable 7800 Drywall Sander and other repair parts available to keep your favorite Porter Cable tools running at peak performance.
Porter Cable Parts,652775-00 - Cord Assembly - for Porter Cable 7800 Drywall Sander,PORT-652775,44.97,652775-00 - Cord Assembly - for Porter Cable 7800 Drywall Sander and other repair parts available to keep your favorite Porter Cable tools running at peak performance.
Porter Cable Parts,659372-00 - Drive Shaft - for Porter Cable 7800 Drywall Sander,PORT-659372-00,46.17,659372-00 - Drive Shaft - for Porter Cable 7800 Drywall Sander and other repair parts available to keep your favorite Porter Cable tools running at peak performance.
Porter Cable Parts,659373-00 - Casing - for Porter Cable 7800 Drywall Sander,PORT-659373-00,88.45,659373-00 - Casing - for Porter Cable 7800 Drywall Sander and other repair parts available to keep your favorite Porter Cable tools running at peak performance.
Porter Cable Parts,696667 - Retaining-Ring - for Porter Cable 7800 Drywall Sander,PORT-696667,2.07,696667 - Retaining-Ring - for Porter Cable 7800 Drywall Sander and other repair parts available to keep your favorite Porter Cable tools running at peak performance.
Porter Cable Parts,698609 - Gasket - for Porter Cable 7800 Drywall Sander,PORT-698609,2.86,698609 - Gasket - for Porter Cable 7800 Drywall Sander and other repair parts available to keep your favorite Porter Cable tools running at peak performance.
Porter Cable Parts,859384 - Screw - for Porter Cable 7800 Drywall Sander,PORT-859384,1.9,859384 - Screw - for Porter Cable 7800 Drywall Sander and other repair parts available to keep your favorite Porter Cable tools running at peak performance.
Porter Cable Parts,869734-N119739 - Brush (2 Required) - for Porter Cable 7800 Drywall Sander,PORT-869734,6.48,869734-N119739 - Brush (2 Required) - for Porter Cable 7800 Drywall Sander and other repair parts available to keep your favorite Porter Cable tools running at peak performance.
Porter Cable Parts,877702 - Brush/Skirt - for Porter Cable 7800 Drywall Sander,PORT-877702,43.1,877702 - Brush/Skirt - for Porter Cable 7800 Drywall Sander and other repair parts available to keep your favorite Porter Cable tools running at peak performance.
Porter Cable Parts,877725 - Right Support Arm - for Porter Cable 7800 Drywall Sander,PORT-877725,22.19,877725 - Right Support Arm - for Porter Cable 7800 Drywall Sander and other repair parts available to keep your favorite Porter Cable tools running at peak performance.
Porter Cable Parts,877730 - N097916 - Nylon Bushing - for Porter Cable 7800 Drywall Sander,PORT-877730,5.73,877730 - N097916 - Nylon Bushing - for Porter Cable 7800 Drywall Sander and other repair parts available to keep your favorite Porter Cable tools running at peak performance.
Porter Cable Parts,877733 - Tube Clamp Plate - for Porter Cable 7800 Drywall Sander,PORT-877733,11.95,877733 - Tube Clamp Plate - for Porter Cable 7800 Drywall Sander and other repair parts available to keep your favorite Porter Cable tools running at peak performance.
Porter Cable Parts,877751 - Hose - for Porter Cable 7800 Drywall Sander,PORT-877751,87.06,877751 - Hose - for Porter Cable 7800 Drywall Sander and other repair parts available to keep your favorite Porter Cable tools running at peak performance.
Porter Cable Parts,877752 - Dust Bag - for Porter Cable 7800 Drywall Sander,PORT-877752,78.37,877752 - Dust Bag - for Porter Cable 7800 Drywall Sander and other repair parts available to keep your favorite Porter Cable tools running at peak performance.
Porter Cable Parts,877755 - Spring - for Porter Cable 7800 Drywall Sander,PORT-877755,2.05,877755 - Spring - for Porter Cable 7800 Drywall Sander and other repair parts available to keep your favorite Porter Cable tools running at peak performance.
Porter Cable Parts,877757 - Nut - for Porter Cable 7800 Drywall Sander,PORT-877757,8.25,877757 - Nut - for Porter Cable 7800 Drywall Sander and other repair parts available to keep your favorite Porter Cable tools running at peak performance.
Porter Cable Parts,877772 - Hose Clamp Nut - for Porter Cable 7800 Drywall Sander,PORT-877772,9.13,877772 - Hose Clamp Nut - for Porter Cable 7800 Drywall Sander and other repair parts available to keep your favorite Porter Cable tools running at peak performance.
Porter Cable Parts,877778 - Pivot Plate - for Porter Cable 7800 Drywall Sander,PORT-877778,37.05,877778 - Pivot Plate - for Porter Cable 7800 Drywall Sander and other repair parts available to keep your favorite Porter Cable tools running at peak performance.
Porter Cable Parts,877787 - Spindle Gear Assembly - for Porter Cable 7800 Drywall Sander,PORT-877787,17.78,877787 - Spindle Gear Assembly - for Porter Cable 7800 Drywall Sander and other repair parts available to keep your favorite Porter Cable tools running at peak performance.
Porter Cable Parts,878813 - Screw - for Porter Cable 7800 Drywall Sander,PORT-878813,2.86,878813 - Screw - for Porter Cable 7800 Drywall Sander and other repair parts available to keep your favorite Porter Cable tools running at peak performance.
Porter Cable Parts,879685 - Guide Pin (Long) - for Porter Cable 7800 Drywall Sander,PORT-879685,2.1,879685 - Guide Pin (Long) - for Porter Cable 7800 Drywall Sander and other repair parts available to keep your favorite Porter Cable tools running at peak performance.
Porter Cable Parts,879686 - Guide Pin (Short) - for Porter Cable 7800 Drywall Sander,PORT-879686,3.78,879686 - Guide Pin (Short) - for Porter Cable 7800 Drywall Sander and other repair parts available to keep your favorite Porter Cable tools running at peak performance.
Porter Cable Parts,879688 - Left Support Arm - for Porter Cable 7800 Drywall Sander,PORT-879688,10.12,879688 - Left Support Arm - for Porter Cable 7800 Drywall Sander and other repair parts available to keep your favorite Porter Cable tools running at peak performance.
Porter Cable Parts,879737 - Clamp Plate - for Porter Cable 7800 Drywall Sander,PORT-879737,3.18,879737 - Clamp Plate - for Porter Cable 7800 Drywall Sander and other repair parts available to keep your favorite Porter Cable tools running at peak performance.
Porter Cable Parts,879769 - O Ring - for Porter Cable 7800 Drywall Sander,PORT-879769,2.05,879769 - O Ring - for Porter Cable 7800 Drywall Sander and other repair parts available to keep your favorite Porter Cable tools running at peak performance.
Porter Cable Parts,879770 - Dust Plug - for Porter Cable 7800 Drywall Sander,PORT-879770,2.86,879770 - Dust Plug - for Porter Cable 7800 Drywall Sander and other repair parts available to keep your favorite Porter Cable tools running at peak performance.
Porter Cable Parts,881789 - N346519 - Back Up Pad - for Porter Cable 7800 Drywall Sander,PORT-881789,75.13,881789 - N346519 - Back Up Pad - for Porter Cable 7800 Drywall Sander and other repair parts available to keep your favorite Porter Cable tools running at peak performance.
Porter Cable Parts,882168 - Main Tube for Porter Cable 7800 Drywall Sander,PORT-882168,115.59,882168 - Main Tube for Porter Cable 7800 Drywall Sander and other repair parts available to keep your favorite Porter Cable tools running at peak performance.
Porter Cable Parts,882187 - Screw - for Porter Cable 7800 Drywall Sander,PORT-882187,1.9,882187 - Screw - for Porter Cable 7800 Drywall Sander and other repair parts available to keep your favorite Porter Cable tools running at peak performance.
Porter Cable Parts,882428 - Hose Reducer - for Porter Cable 7800 Drywall Sander,PORT-882428,7.78,882428 - Hose Reducer - for Porter Cable 7800 Drywall Sander and other repair parts available to keep your favorite Porter Cable tools running at peak performance.
Porter Cable Parts,882703 - Screw - for Porter Cable 7800 Drywall Sander,PORT-882703,2.05,882703 - Screw - for Porter Cable 7800 Drywall Sander and other repair parts available to keep your favorite Porter Cable tools running at peak performance.
Porter Cable Parts,883485 - Screw - for Porter Cable 7800 Drywall Sander,PORT-883485,2.86,883485 - Screw - for Porter Cable 7800 Drywall Sander and other repair parts available to keep your favorite Porter Cable tools running at peak performance.
Porter Cable Parts,884843 - Clamp - for Porter Cable 7800 Drywall Sander,PORT-884843,5.5,884843 - Clamp - for Porter Cable 7800 Drywall Sander and other repair parts available to keep your favorite Porter Cable tools running at peak performance.
Porter Cable Parts,885163 - Vacuum Adapt HSG Set - for Porter Cable 7800 Drywall Sander,PORT-885163,20.2,885163 - Vacuum Adapt HSG Set - for Porter Cable 7800 Drywall Sander
Porter Cable Parts,887452 - Switch Cover - for Porter Cable 7800 Drywall Sander,PORT-887452,2.49,887452 - Switch Cover - for Porter Cable 7800 Drywall Sander and other repair parts available to keep your favorite Porter Cable tools running at peak performance.
Porter Cable Parts,887453 - Switch - for Porter Cable 7800 Drywall Sander,PORT-887453,13.4,887453 - Switch - for Porter Cable 7800 Drywall Sander and other repair parts available to keep your favorite Porter Cable tools running at peak performance.
Porter Cable Parts,887454 - On/Off SWTH Flex 230 - for Porter Cable 7800 Drywall Sander,PORT-887454,31.32,887454 - On/Off SWTH Flex 230 - for Porter Cable 7800 Drywall Sander and other repair parts available to keep your favorite Porter Cable tools running at peak performance.
Porter Cable Parts,889303 - Tube Support Housing - for Porter Cable 7800 Drywall Sander,PORT-889303,22.4,889303 - Tube Support Housing - for Porter Cable 7800 Drywall Sander and other repair parts available to keep your favorite Porter Cable tools running at peak performance.
Porter Cable Parts,890961 - Hose Connector - for Porter Cable 7800 Drywall Sander,PORT-890961,19.19,890961 - Hose Connector - for Porter Cable 7800 Drywall Sander and other repair parts available to keep your favorite Porter Cable tools running at peak performance.
Porter Cable Parts,A04176 - Spindle - for Porter Cable 7800 Sander,PORT-A04176,7.18,A04176 - Spindle - for Porter Cable 7800 Sander and other repair parts available to keep your favorite Porter Cable tools running at peak performance.
Porter Cable Parts,Dewalt N402297 - Brush (2 Required) - for Dewalt 7800 Drywall Sander,DEWA-N402297,3,Dewalt N402297 - Brush (2 Required) - for Dewalt 7800 Drywall Sander and other repair parts available to keep your favorite Porter Cable tools running at peak performance.
Porter Cable Parts,N862773 - Nut - for Porter Cable 7800 Drywall Sander,DEWA-N862773,2.92,N862773 - Nut - for Porter Cable 7800 Drywall Sander and other repair parts available to keep your favorite Porter Cable tools running at peak performance.
Porter Cable Parts,Porter Cable 897887 Filter for 7812 Vacuum (PORT-897887),PORT-897887,23,Porter Cable 897887 Filter for 7812 Vacuum (PORT-897887)
Porter Cable Parts,Porter Cable Micro Switch,PORT-897901,15.02,Porter Cable Micro Switch and other repair parts available to keep your favorite Porter Cable tools running at peak performance.
Porter Cable Parts,Porter Cable Retaining Ring,PORT-684179,1.6,Porter Cable Retaining Ring and other repair parts available to keep your favorite Porter Cable tools running at peak performance.
Porter Cable Parts,Porter-Cable 7812 Vacuum Switch (PORT-897895),PORT-897895,15.29,Porter-Cable 7812 Vacuum Switch
Renegade,Renegade 100 Grit Sanding Discs for Porter Cable 7800 Drywall Sander (5 Pack),RGD-90100,24.95,Keep your favorite Porter Cable Drywall Sander running at peak performance with SurPro Rotory 100 Grit Sanding Discs for Porter Cable 7800 Drywall Sander (5 Pack).
Renegade,Renegade 6 ft. Interior Scaffold - 2 Pack Combo,REN-RGSCAF-2PK,758,Renegade 6 ft. Interior Scaffold - 2 Pack Combo -the first truly universal interior scaffold combo to work with Bil-Jax and Perry Scaffold.
Renegade,Renegade Fiberglass Mesh Tape 2 in. x 300 ft. - White (RGD-MDT2300),RGD-MDT2300,4.17,"Renegade Fiberglass Mesh Tape 2"" x 300' - White"
Renegade,"Renegade Pro Drywall Stilts 24"" - 40""",RGD-PRO2440,260,"Renegade Pro Drywall Stilts 24"" - 40"" – calf braces are padded for maximum comfort and secure fit – conveniently pre-attached, adjustable metal buckle straps and heel plates. 225 lbs. load limit."
Renegade,Renegade Tools 750W Sander (RGD-SANDL),RGD-SANDL,375,Renegade Tools 750W Sander (RGD-SANDL)
RotoZip,Rotozip 5/32 Drywall XBits - 10pack (ROTO-XB-DW10),ROTO-XB-DW10,39.2,"Rotozip Drywall XBits, Xbits, Xbit, Drywall Bit, Rotozip, 5/32, Drywall Rotozip, cut-out bits,"
RotoZip,Rotozip Drywall XBits - 2 Pack (ROTO-XB-DW2),ROTO-XB-DW2,9.99,"Rotozip Drywall XBits, Xbits, Xbit, Drywall Bit, Rotozip, 5/32, Drywall Rotozip, cut-out bits,"
RotoZip,RotoZip GP8 1/8 in Guide Point Bits - 8pk (ROTO-GP8),ROTO-GP8,12.25,"RotoZip, GP8, 1/8 in, Guide Points, guide point Bit, rotozip bits, rotozip bit, guide point bits, drywall bit"
RotoZip,RotoZip WD1 Window & Door Drywall ZipBit (ROTO-WD1),ROTO-WD1,8.5,"RotoZip bit, WD1, Window and Door ZipBit, ZipBit, Drywall Bit, window and door bit, rotozip bits, drywall tool zipbits,"
RotoZip,RotoZip ZB8 1/8 in. Standard Point Drywall Zip Bit - 8pk (ROTO-ZB8),ROTO-ZB8,10.25,RotoZip ZB8 1/8 in. Standard Point Drywall Zipbit
Senco,Senco Duraspin 6 x 1 1/4 in. #2 Collated Drywall Screws 1000 Pk (SENC-06A125P),SENC-06A125P,19.99,Senco Duraspin 6 x 1 1/4 in. #2 Collated Drywall Screws 1000 Pk
Speare,Speare Drywall Sander Sponge - Fine Grit,SPEA-DK200F,7.65,"Speare Drywall Sander Sponge - Fine Grit features a quick change Velcro® loop design. Washable tear resistant, two-sided abrasive angle sponge designed specifically for Speare Drywall Sanding Tools."
Speare,Speare Drywall Sander Sponge - Medium Grit,SPEA-DK200M,7.65,"Speare Drywall Sander Sponge - Medium Grit features a quick change Velcro® loop design. Washable tear resistant, two-sided abrasive angle sponge designed specifically for Speare Drywall Sanding Tools."
Speare,Speare Ultimate 90 3-in-1 Drywall Corner Sander,SPEA-UK90,47.99,"The Speare Ultimate 90 is a 3-in-1 drywall sanding tool that can be reconfigured to sand corners with a pole or by hand, as well as flats. It's the only 90 degree corner pole sander in the word with quick change Velcro sanding sponges."
Spray Force,Spray Force 1 inch Chain Coupler 10 Tooth (SPFO-403090),SPFO-403090,43.35,Spray Force 1 inch Chain Coupler 10 Tooth (SPFO-403090)
Spray Force,Spray Force 2L3 Connecting Rod Square Drive (SPFO-200089),SPFO-200089,88.83,Spray Force 2L3 Connecting Rod Square Drive (SPFO-200089)
Spray Force,Spray Force 2L3 Pin Sq. Dr. - 1/4 X 1 1/4 (SPFO-400002),SPFO-400002,3.58,Spray Force 2L3 Pin Sq. Dr. - 1/4 X 1 1/4 (SPFO-400002)
Spray Force,Spray Force 2L3 Rotor Square Drive (SPFO-200219),SPFO-200219,415.29,Spray Force 2L3 Rotor Square Drive (SPFO-200219)
Spray Force,Spray Force 2L3 Sq. Dr. Rotor Collar (SPFO-200035A),SPFO-200035A,4.95,Spray Force 2L3 Sq. Dr. Rotor Collar (SPFO-200035A)
Spray Force,Spray Force 2L3 Stator Tube Gray (SPFO-200009),SPFO-200009,253.54,Spray Force 2L3 Stator Tube Gray
Spray Force,Spray Force 2L4 Connecting Rod Square Drive (SPFO-200205),SPFO-200205,155.5,Spray Force 2L4 Connecting Rod Square Drive (SPFO-200205)
Spray Force,Spray Force 2L4 Pin Sq. Dr. - 5/16 X 1 1/2 (SPFO-400003A),SPFO-400003A,3.75,Spray Force 2L4 Pin Sq. Dr. - 5/16 X 1 1/2 (SPFO-400003A)
Spray Force,Spray Force 2L4 Pump Cartridge Complete (SPFO-200208),SPFO-200208,357.25,Spray Force 2L4 Pump Cartridge Complete (SPFO-200208)
Spray Force,Spray Force 2L4 Pump Complete Square Drive (SPFO-200002B),SPFO-200002B,2324.46,Spray Force 2L4 Pump Complete Square Drive (SPFO-200002B)
Spray Force,Spray Force 2L4 Rotor Square Drive (SPFO-200220),SPFO-200220,543.26,Spray Force 2L4 Rotor Square Drive (SPFO-200220)
Spray Force,Spray Force 2L4 Sq. Dr. Rotor Collar (SPFO-200036A),SPFO-200036A,11.5,Spray Force 2L4 Sq. Dr. Rotor Collar (SPFO-200036A)
Spray Force,Spray Force 2L4 Stator Tube Gray,SPFO-200011,325.71,Spray Force 2L4 Stator Tube Gray (SPFO-200011)
Spray Force,Spray Force 7/8 inch Chain Coupler 10 Tooth (SPFO-403038),SPFO-403038,43.35,Spray Force 7/8 inch Chain Coupler 10 Tooth (SPFO-403038)
Spray Force,Spray Force Chain Coupler (SPFO-403041),SPFO-403041,15,Spray Force Chain Coupler (SPFO-403041)
Spray Force,"Spray Force Pole Gun 1/2"" Internal Mix Tip (SPFO-205447)",SPFO-205447,40,"Spray Force Pole Gun 1/2"" Internal Mix Tip (SPFO-205447)"
Spray Force,"Spray Force Pole Gun 1/4"" Internal Mix Tip (SPFO-205443)",SPFO-205443,40,"Spray Force Pole Gun 1/4"" Internal Mix Tip (SPFO-205443)"
Spray Force,Spray Force Pole Gun 10 Inch for Electric (SPFO-205042),SPFO-205042,503.25,Spray Force Pole Gun 10 Inch for Electric (SPFO-205042)
Spray Force,"Spray Force Pole Gun 3/16"" Internal Mix Tip (SPFO-205442)",SPFO-205442,40,"Spray Force Pole Gun 3/16"" Internal Mix Tip (SPFO-205442)"
Spray Force,"Spray Force Pole Gun 5/16"" Internal Mix Tip (SPFO-205444)",SPFO-205444,40,"Spray Force Pole Gun 5/16"" Internal Mix Tip (SPFO-205444)"
Spray Force,Spray Force Pump Gasket (SPFO-200093),SPFO-200093,15.5,Spray Force Pump Gasket (SPFO-200093)
Spray Force,Spray Force Water Resistant Pump Switch (SPFO-408030),SPFO-408030,49.5,Spray Force Water Resistant Pump Switch (SPFO-403090)
Strait Flex,Strait Flex Big-Stick Inside Rolling Tool,STRA-ISR,149.27,"The Strait Flex Big-Stick Inside Rolling Tool is designed to speed the application time of the Inside 90-Degree Big-Stick and other flex-tape products for inside corners. This tool makes installation extremely fast, effortless, and squares up cornerbeads."
Strait Flex,Strait Flex Mud-Pro2 Compound Applicator,STRA-MP2MOUNTED,484,The Strait Flex Mud-Pro2 Compound Applicator is the fastest and most durable compound applicator on the market. Joint Compound is mixed and stored in the pre-mounted 5-gallon bucket keeping the compound wet and always ready to use.
Strait Flex,Strait Flex Outside Rolling Tool,STRA-OSR,135,"The Strait Flex Outside Rolling Tool is designed to speed the application time of the Original, Medium, and Uno-Bead222 Outside Corner Tools. This tool makes installation extremely fast, effortless, and squares up cornerbeads."
Strait Flex,Strait-Flex Crack-Tape Composite Tape - 100 Rl (STRA-CT-100-S),STRA-CT100,29.58,"WallTools a leading supplier of professional tools for drywall hanging and drywall finishing, wallpaper, wallcovering, and ceiling grid. Major brands including automatic taping tools by Columbia Taping Tools, Blue Line & Tapepro, TapeTech, Level-5; Advance Paste machines; DeWalt Power tools; USG Sheetrock taping knives, Kraft, Trim-Tex, Porter Cable, and many more."
Strait Flex,"Strait-Flex Medium,  100 ft Rl (STRA-SM-100)",STRA-SM100,29.78,StraitFlex Medium 100 ft Roll SM-100
Strait Flex,"Strait-Flex Medium, Case of 12, 100 ft Rl (STRA-SM100C)",STRA-SM100C,329.78,"StraitFlex Medium Case of 12, 100 ft Rolls SM-100"
Strait Flex,Strait-Flex Original - 100 ft Roll (STRA-SO-100-S),STRA-SO100,33.18,Strait-Flex Original - 100 ft Roll
Strait Flex,"Strait-Flex Original - Case of 12, 100 ft Rolls (STRA-SO-100-C)",STRA-SO100C,367.47,"Strait-Flex Original, 100 ft Roll, Case of 12"
Strait Flex,Strait-Flex Outlet-Patch Electrical Outlet Patch - 10 Pk (STRA-OP-10PK),STRA-OP10,10.44,"WallTools a leading supplier of professional tools for drywall hanging and drywall finishing, wallpaper, wallcovering, and ceiling grid. Major brands including automatic taping tools by Columbia Taping Tools, Blue Line & Tapepro, TapeTech, Level-5; Advance Paste machines; DeWalt Power tools; USG Sheetrock taping knives, Kraft, Trim-Tex, Porter Cable, and many more."
Strait Flex,Strait-Flex Wide-Flex 400 Paper-Faced Composite Tape - 100 ft. Roll (STRA-WF-100S),STRA-WF100,62.19,"Strait-Flex Wide-Flex 400, straitflex wide flex 400, straitflex wide flex, wide flex 400"
Strait Flex,Strait-Flex X-Crack - Case of 10 Rolls (STRA-X-CRACK),STRA-X-R10,178.29,Strait-Flex X-Crack - Case of 10 Rolls
Strait Flex,StraitFlex Arch Flex 333 Big Arch Composite Tape - 100  Rl (STRA-AF-100-S),STRA-AF100,33.18,"Perfect for taping curved corners and archways, Arch Flex is another innovation from Strait-Flex that solves a common problem - taping curved surfaces. This 100 foot roll of drywall curved corner tape is the perfect solution to taping straight-to-curved windows and doorways, creating a flawlessly smooth surface!"
Strait Flex,"StraitFlex Arch Flex 333 Big Arch Composite Tape - 100  Rl, Case of 12 (STRA-AF-100-12)",STRA-AF100C,449,"WallTools a leading supplier of professional tools for drywall hanging and drywall finishing, wallpaper, wallcovering, and ceiling grid. Major brands including automatic taping tools by Columbia Taping Tools, Blue Line & Tapepro, TapeTech, Level-5; Advance Paste machines; DeWalt Power tools; USG Sheetrock taping knives, Kraft, Trim-Tex, Porter Cable, and many more."
Strait Flex,StraitFlex Can-Patch Commercial Can Light Patch - 10 Pk (STRA-CPC-10PK),STRA-CPC10PK,19.44,"WallTools a leading supplier of professional tools for drywall hanging and drywall finishing, wallpaper, wallcovering, and ceiling grid. Major brands including automatic taping tools by Columbia Taping Tools, Blue Line & Tapepro, TapeTech, Level-5; Advance Paste machines; DeWalt Power tools; USG Sheetrock taping knives, Kraft, Trim-Tex, Porter Cable, and many more."
Strait Flex,StraitFlex Can-Patch Commercial Can Light Patch - 100 Pk (STRA-CPC-100),STRA-CPC-100,178.2,"WallTools a leading supplier of professional tools for drywall hanging and drywall finishing, wallpaper, wallcovering, and ceiling grid. Major brands including automatic taping tools by Columbia Taping Tools, Blue Line & Tapepro, TapeTech, Level-5; Advance Paste machines; DeWalt Power tools; USG Sheetrock taping knives, Kraft, Trim-Tex, Porter Cable, and many more."
Strait Flex,StraitFlex Can-Patch Residential Can Patch Light -10 Pk (STRA-CPR-10PK),STRA-CPR10PK,9.23,"WallTools a leading supplier of professional tools for drywall hanging and drywall finishing, wallpaper, wallcovering, and ceiling grid. Major brands including automatic taping tools by Columbia Taping Tools, Blue Line & Tapepro, TapeTech, Level-5; Advance Paste machines; DeWalt Power tools; USG Sheetrock taping knives, Kraft, Trim-Tex, Porter Cable, and many more."
Strait Flex,StraitFlex Can-Patch Residential Can Patch Light -100 Pk (STRA-CPR-100),STRA-CPR-100,84.6,"WallTools a leading supplier of professional tools for drywall hanging and drywall finishing, wallpaper, wallcovering, and ceiling grid. Major brands including automatic taping tools by Columbia Taping Tools, Blue Line & Tapepro, TapeTech, Level-5; Advance Paste machines; DeWalt Power tools; USG Sheetrock taping knives, Kraft, Trim-Tex, Porter Cable, and many more."
Strait Flex,"StraitFlex Crack-Tape Composite Tape - 100 Rl, Case of 12 Rolls (STRA-CT-100-C)",STRA-CT-100-C,325.3,"WallTools a leading supplier of professional tools for drywall hanging and drywall finishing, wallpaper, wallcovering, and ceiling grid. Major brands including automatic taping tools by Columbia Taping Tools, Blue Line & Tapepro, TapeTech, Level-5; Advance Paste machines; DeWalt Power tools; USG Sheetrock taping knives, Kraft, Trim-Tex, Porter Cable, and many more."
Strait Flex,"StraitFlex Drywall Shims - 45"", 100 Case Pallet (STRA-DS-45-100)",STRA-DS45-100,2114,"WallTools a leading supplier of professional tools for drywall hanging and drywall finishing, wallpaper, wallcovering, and ceiling grid. Major brands including automatic taping tools by Columbia Taping Tools, Blue Line & Tapepro, TapeTech, Level-5; Advance Paste machines; DeWalt Power tools; USG Sheetrock taping knives, Kraft, Trim-Tex, Porter Cable, and many more."
Strait Flex,"StraitFlex Drywall Shims - 45, 100 Pack (STRA-DS-45)",STRA-DS45,23.49,"WallTools a leading supplier of professional tools for drywall hanging and drywall finishing, wallpaper, wallcovering, and ceiling grid. Major brands including automatic taping tools by Columbia Taping Tools, Blue Line & Tapepro, TapeTech, Level-5; Advance Paste machines; DeWalt Power tools; USG Sheetrock taping knives, Kraft, Trim-Tex, Porter Cable, and many more."
Strait Flex,StraitFlex Extension Pole,STRA-EP,55.8,"The StraitFlex Extension Pole features a durable comfort grip, 5 locking adjustment sizes, 3 to 5 feet of extendable reach, and is perfectly designed for painters and drywall contractors."
Strait Flex,StraitFlex Head-Patch Sprinkler Head Patch - 10 Pk (STRA-HP10PK),STRA-HP10PK,5.04,"WallTools a leading supplier of professional tools for drywall hanging and drywall finishing, wallpaper, wallcovering, and ceiling grid. Major brands including automatic taping tools by Columbia Taping Tools, Blue Line & Tapepro, TapeTech, Level-5; Advance Paste machines; DeWalt Power tools; USG Sheetrock taping knives, Kraft, Trim-Tex, Porter Cable, and many more."
Strait Flex,StraitFlex Head-Patch Sprinkler Head Patch -100 Pk (STRA-HP-100),STRA-HP100,46.53,"WallTools a leading supplier of professional tools for drywall hanging and drywall finishing, wallpaper, wallcovering, and ceiling grid. Major brands including automatic taping tools by Columbia Taping Tools, Blue Line & Tapepro, TapeTech, Level-5; Advance Paste machines; DeWalt Power tools; USG Sheetrock taping knives, Kraft, Trim-Tex, Porter Cable, and many more."
Strait Flex,StraitFlex L-Bead Composite Tape - 100  Rl (STRA-LB-100-S),STRA-LB100,36.18,"WallTools a leading supplier of professional tools for drywall hanging and drywall finishing, wallpaper, wallcovering, and ceiling grid. Major brands including automatic taping tools by Columbia Taping Tools, Blue Line & Tapepro, TapeTech, Level-5; Advance Paste machines; DeWalt Power tools; USG Sheetrock taping knives, Kraft, Trim-Tex, Porter Cable, and many more."
Strait Flex,StraitFlex Mid-Flex 300 Paper-Faced Composite Tape - 100 Rl (STRA-MF-100-S),STRA-MF100,42.99,"StraitFlex Mid-Flex 300 Paper-Faced Composite Tape is the perfect solution for taping corners in interior spaces. Mid-Flex 300 tape can adjust for both interior and exterior 90 degree angles, even when your angles aren't perfect. Wall Tools carries the widest selection of corner tapes in the industry, whether you need paper tape or metal corner tape, we have it all."
Strait Flex,"StraitFlex Mid-Flex 300 Paper-Faced Composite Tape - 100 Rl, Case of 10 Rolls (STRA-MF-100-C)",STRA-MF100C,399,"WallTools a leading supplier of professional tools for drywall hanging and drywall finishing, wallpaper, wallcovering, and ceiling grid. Major brands including automatic taping tools by Columbia Taping Tools, Blue Line & Tapepro, TapeTech, Level-5; Advance Paste machines; DeWalt Power tools; USG Sheetrock taping knives, Kraft, Trim-Tex, Porter Cable, and many more."
Strait Flex,StraitFlex Nose-Pick (STRA-NP-1-S),STRA-NP1,21.99,"WallTools a leading supplier of professional tools for drywall hanging and drywall finishing, wallpaper, wallcovering, and ceiling grid. Major brands including automatic taping tools by Columbia Taping Tools, Blue Line & Tapepro, TapeTech, Level-5; Advance Paste machines; DeWalt Power tools; USG Sheetrock taping knives, Kraft, Trim-Tex, Porter Cable, and many more."
Strait Flex,StraitFlex Outlet-Patch Electrical Outlet Patch - 2 Pk (STRA-OP-2PK-S),STRA-OP2PK,3.51,"WallTools a leading supplier of professional tools for drywall hanging and drywall finishing, wallpaper, wallcovering, and ceiling grid. Major brands including automatic taping tools by Columbia Taping Tools, Blue Line & Tapepro, TapeTech, Level-5; Advance Paste machines; DeWalt Power tools; USG Sheetrock taping knives, Kraft, Trim-Tex, Porter Cable, and many more."
Strait Flex,StraitFlex Outlet-Patch Electrical Outlet Patch - 20 Pk (STRA-OP-20PK),STRA-OP20,20.88,"WallTools a leading supplier of professional tools for drywall hanging and drywall finishing, wallpaper, wallcovering, and ceiling grid. Major brands including automatic taping tools by Columbia Taping Tools, Blue Line & Tapepro, TapeTech, Level-5; Advance Paste machines; DeWalt Power tools; USG Sheetrock taping knives, Kraft, Trim-Tex, Porter Cable, and many more."
Strait Flex,StraitFlex Outlet-Patch Electrical Outlet Patch 100 Pk (STRA-OP-100PK),STRA-OP100,104.4,"WallTools a leading supplier of professional tools for drywall hanging and drywall finishing, wallpaper, wallcovering, and ceiling grid. Major brands including automatic taping tools by Columbia Taping Tools, Blue Line & Tapepro, TapeTech, Level-5; Advance Paste machines; DeWalt Power tools; USG Sheetrock taping knives, Kraft, Trim-Tex, Porter Cable, and many more."
Strait Flex,StraitFlex Perma-Patch Large Drywall Patch - 10 Pk (STRA-PP-10),STRA-PP10PK,17.82,"WallTools a leading supplier of professional tools for drywall hanging and drywall finishing, wallpaper, wallcovering, and ceiling grid. Major brands including automatic taping tools by Columbia Taping Tools, Blue Line & Tapepro, TapeTech, Level-5; Advance Paste machines; DeWalt Power tools; USG Sheetrock taping knives, Kraft, Trim-Tex, Porter Cable, and many more."
Strait Flex,"StraitFlex Perma-Patch Large Drywall Patch, 100 Pk (STRA-PP-100)",STRA-PP-100,146.21,"StraitFlex Perma-Patch Large Drywall Patch (100 pk) is the one product every drywall professional needs in their toolkit. It is perfect for patching large holes and dents in drywall, and with the StraitFlex name behind it, you know it's a product that will last."
Strait Flex,StraitFlex Perma-Patch Large Drywall Patch- 2 Pk (STRA-PP-2PK-S),STRA-PP-2PK-S,5.4,"WallTools a leading supplier of professional tools for drywall hanging and drywall finishing, wallpaper, wallcovering, and ceiling grid. Major brands including automatic taping tools by Columbia Taping Tools, Blue Line & Tapepro, TapeTech, Level-5; Advance Paste machines; DeWalt Power tools; USG Sheetrock taping knives, Kraft, Trim-Tex, Porter Cable, and many more."
Strait Flex,StraitFlex Pipe-Patch 1/2 Copper Pipe Patch - 100 Pk (STRA-PIP500),STRA-PIP500,37.31,"WallTools a leading supplier of professional tools for drywall hanging and drywall finishing, wallpaper, wallcovering, and ceiling grid. Major brands including automatic taping tools by Columbia Taping Tools, Blue Line & Tapepro, TapeTech, Level-5; Advance Paste machines; DeWalt Power tools; USG Sheetrock taping knives, Kraft, Trim-Tex, Porter Cable, and many more."
Strait Flex,StraitFlex Pipe-Patch 3/4 Copper Pipe Patch - 100 Pk (STRA-PIP-750-100),STRA-PIP750,37.31,"WallTools a leading supplier of professional tools for drywall hanging and drywall finishing, wallpaper, wallcovering, and ceiling grid. Major brands including automatic taping tools by Columbia Taping Tools, Blue Line & Tapepro, TapeTech, Level-5; Advance Paste machines; DeWalt Power tools; USG Sheetrock taping knives, Kraft, Trim-Tex, Porter Cable, and many more."
Strait Flex,StraitFlex Roll-Patch 11 Continuous Patch Material - 20 Rl (STRA-RP-11-20),STRA-RP11-20,49.47,"WallTools a leading supplier of professional tools for drywall hanging and drywall finishing, wallpaper, wallcovering, and ceiling grid. Major brands including automatic taping tools by Columbia Taping Tools, Blue Line & Tapepro, TapeTech, Level-5; Advance Paste machines; DeWalt Power tools; USG Sheetrock taping knives, Kraft, Trim-Tex, Porter Cable, and many more."
Strait Flex,StraitFlex Roll-Patch 5.5  Continuous Patch Material - 20  Rl (STRA-RP-5.5-20S),STRA-RP55-20S,30.13,"WallTools a leading supplier of professional tools for drywall hanging and drywall finishing, wallpaper, wallcovering, and ceiling grid. Major brands including automatic taping tools by Columbia Taping Tools, Blue Line & Tapepro, TapeTech, Level-5; Advance Paste machines; DeWalt Power tools; USG Sheetrock taping knives, Kraft, Trim-Tex, Porter Cable, and many more."
Strait Flex,StraitFlex Super-Bond Drywall Compound Additive - Case of 12 Bottles (STRA-SB12),STRA-SB12,121.39,"WallTools a leading supplier of professional tools for drywall hanging and drywall finishing, wallpaper, wallcovering, and ceiling grid. Major brands including automatic taping tools by Columbia Taping Tools, Blue Line & Tapepro, TapeTech, Level-5; Advance Paste machines; DeWalt Power tools; USG Sheetrock taping knives, Kraft, Trim-Tex, Porter Cable, and many more."
Strait Flex,StraitFlex Super-Bond Drywall Compound Additive - Single Bottle (STRA-SB-12-S),STRA-SB,11.07,"WallTools a leading supplier of professional tools for drywall hanging and drywall finishing, wallpaper, wallcovering, and ceiling grid. Major brands including automatic taping tools by Columbia Taping Tools, Blue Line & Tapepro, TapeTech, Level-5; Advance Paste machines; DeWalt Power tools; USG Sheetrock taping knives, Kraft, Trim-Tex, Porter Cable, and many more."
Surface Shields,Surface Shields CARPET SHIELD Self-Adhering Carpet Film (24 in. x 200 ft. Rev. Wound Roll),SURF-CS24200L,49.72,Surface Shields CARPET SHIELD Self-Adhering Carpet Film (24 in. x 200 ft. Reg. Wound Roll) works with all types of carpeting. The carpet shield has a uniquely formulated adhesive system which bonds to all carpet substrates.
Surface Shields,Surface Shields CARPET SHIELD Self-Adhering Carpet Film (24 in. x 50 ft. Reg. Wound Roll),SURF-CS2450,14.58,Surface Shields CARPET SHIELD Self-Adhering Carpet Film (24 in. x 50 ft. Reg. Wound Roll) works with all types of carpeting. The carpet shield has a uniquely formulated adhesive system which bonds to all carpet substrates.
Surface Shields,Surface Shields CARPET SHIELD Self-Adhering Carpet Film (36 in. x 200 ft. Rev. Wound Roll),SURF-CS36200,83,Surface Shields CARPET SHIELD Self-Adhering Carpet Film (36 in. x 200 ft. Rev. Wound Roll) works great for all types of carpeting. Surface Shields has a uniquely formulated adhesive system which works well with all carpet substrates.
SurPro,SurPro 2 Stilt Leg Band Kit (Left),SS1010L,37.1,SurPro 2 Stilt Leg Band Kit (Left) includes 1 SII Stilt Leg Band for Left Orientation.
SurPro,SurPro 2 Stilt Leg Band Kit (Right),SS1010R,37.1,SurPro 2 Stilt Leg Band Kit (Right) includes 1 SII stilt leg band.
SurPro,SurPro 2 Stilt Leg Strap Kit,SS1011,18.6,"SurPro 2 Stilt Leg Strap Kit includes: 2 SII leg band straps, 2 SII leg band laces, 2 SII arch straps, 2 SII toe straps, also included are screws with washers."
SurPro,SurPro S1 Aluminum Drywall Stilts (Adjustable Height 26-40 in.),S1-A-2640,330,"SurPro S1 Aluminum Drywall Stilts (Adjustable Height 26-40 in.): Wider and Lighter, Improved Comfort, and Interlock Side Pole Bracket."
SurPro,SurPro Stilt Clamp Kit,SS1006,22,SurPro Stilt Clamp Kit includes: 2 side-pole clamps.
SurPro,SurPro Stilt Hardware Kit,SS1001,15.5,"SurPro Stilt Hardware Kit includes: 8 sets of nuts & bolts, 16 leg bearings."
SurPro,SurPro Stilt Heel Bracket Kit,SS1009,15,SurPro Stilt Heel Bracket Kit comes with 2 heel brackets to keep your favorite stilts running at peak performance.
SurPro,SurPro Stilt Plastic Leg Band Kit,SS1005P,29.4,SurPro Stilt Plastic Leg Band Kit includes plastic leg band with pad.
SurPro,SurPro Stilt Plastic Sleeve Kit,SS1007,15,"SurPro Stilt Plastic Sleeve Kit includes: 4 outer large nylon sleeves, 4 inner small nylon sleeves."
SurPro,SurPro Stilt Spring Kit,SS1004,28.4,SurPro Stilt Spring Kit includes 1 pair of spring assembly.
SurPro,SurPro Stilt Strap Kit with Hardware,SS1002BK,28,"SurPro Stilt Strap Kit with Hardware includes toe, arch, and calf straps - Left and right. Mounting hardware kit included (Nuts, washers, etc.)"
SurPro,SurPro Stilt Wing Bolt Kit,SS1008,12,SurPro Stilt Wing Bolt Kit
SurPro,SurPro Super Grip Floor Plate Kit (Fits S1 & S2 Stilts) (SURP-SS1003R),SS1003R,36,SurPro Stilt Sole Replacement Kit (SURP-SS1003R) includes rubber soles molded on plastic feet. Replaces one pair.
Tajima,Tajima Chalk-Rite II GearDrive Extra Bold Fast-Wind Chalk Snap-Line,TAJI-CR201R,48.64,"The Tajima Chalk-Rite II GearDrive Extra Bold Fast-Wind Chalk Snap-Line features extra bold marking, fast-wind chalk snap-line, 100 ft. line."
Tajima,Tajima Chalk-Rite Jam Free Fast Wind Chalk Snap Line,TAJI-CR301JF,31.64,"The Tajima Chalk-Rite Jam Free Fast Wind Chalk Snap Line is made for extra bold marking, fast wind chalk snap line, and a 100 ft. line."
Tajima,Tajima Convoy Plus II Caulk Gun - 1 Quart (TAJI-CNV-J900PL2),TAJI-CNVJ900PL2,40.37,Tajima Convoy Plus II Caulk Gun - 1 quart
Tajima,Tajima Convoy Plus II Caulk Gun - 1/10th Gallon (TAJI-CNV-100PL2),TAJI-CNV100PL2,29.15,Tajima Convoy Plus II Caulk Gun - 1/10 Gallon
Tajima,Tajima Convoy Super Max Performance Caulk Gun - 1 Quart (TAJI-CNV-J900SP),TAJI-CNVJ900SP,47.87,Tajima CONVOYSuper Max Performance Caulk Guns
Tajima,"Tajima Endura Snap Blades - 3/4 in.8-pt. Blade, 10-Blade Dispenser",TAJI-LCB50,7.59,"The Tajima Endura Snap Blades - 3/4 in.8-pt. Blade, 10-Blade Dispenser replaces the blades for the heavy duty ¾ inch knives."
Tajima,"Tajima G-Plus Series 25 ft. x 1"" Premium Tape Measure",TAJI-GP25BW,38.37,"The Tajima G-Plus Series 25 ft. x 1"" Premium Tape Measure features a tempered steel end hook secured by 4 independent rivets and a steel back plate for extra durability."
Tajima,Tajima Rock Hard Single Blade Elastomer Grip 1 Inch Blade Knives,TAJI-LC650,13.2,The Tajima Rock Hard Single Blade Elastomer Grip 1 Inch Blade Knives are ergonomically designed with thick elastomer grips and heavy-gauge stainless steel blade sleeves for optimal control and sure-grip performance.
Tajima,"Tajima Rock Hard Snap Blades (1 in. 7-pt. Blade, 10-Blade Hard Pack)",TAJI-LCB65,16.44,"Tajima Rock Hard Snap Blades (1 in. 7-pt. Blade, 10-Blade Hard Pack) feature 6 snap-off segments for a total of 7 cutting edges per blade. Ultra-sharp, heavy-duty, and lightweight. Designed for the Tajima Rock Hard Knives."
Tajima,"Tajima Rock Hard Snap Blades (1 in. 7-pt. Blade, 20-Blade Hard Pack)",TAJI-LCB65-20,27.64,"The Tajima Rock Hard Snap Blades (1 in. 7-pt. Blade, 20-Blade Hard Pack) feature 6 snap-off segments for a total of 7 cutting edges per blade. Ultra-sharp, heavy-duty, and lightweight. Designed for the Tajima Rock Hard Knives."
Tajima,Tajima Snap-Line Dye Semi-Permanent Snap-Line Chalk - Black,TAJI-PLC3-BK300,10.74,"The Tajima Ultra-Fine Snap-Line Chalk – Black features ultra-fine powdered chalk with micro particles evenly cling to the snap-line, fade-resistant, makes a sharp and extremely bold marking line, cleans up more quickly and more thoroughly than standard chalk."
Tajima,Tajima Snap-Line Dye Semi-Permanent Snap-Line Chalk - Dark Red,TAJI-PLC3-DR300,10.74,"Tajima Snap-Line Dye Semi-Permanent Snap-Line Chalk - Dark Red features wind resistant, water repellent, extra-strong chalk for long-lasting marking lines. Specially formulated to prevent caking and clumping on the line."
Tajima,Tajima Ultra-Fine Snap-Line Chalk - Blue,TAJI-PLC2-B300,9.3,"The Tajima Ultra-Fine Snap-Line Chalk – Blue features ultra-fine powdered chalk with micro particles evenly cling to the snap-line, fade-resistant, makes a sharp and extremely bold marking line, cleans up more quickly and more thoroughly than standard chalk."
Tajima,Tajima Ultra-Fine Snap-Line Chalk - Red,TAJI-PLC2-R300,9.3,"The Tajima Ultra-Fine Snap-Line Chalk – Red features ultra-fine powdered chalk with micro particles evenly cling to the snap-line, fade-resistant, makes a sharp and extremely bold marking line, cleans up more quickly and more thoroughly than standard chalk."
Tajima,Tajima Ultra-Fine Snap-Line Chalk - White,TAJI-PLC2-W300,9.3,"The Tajima Ultra-Fine Snap-Line Chalk – White features ultra-fine powdered chalk with micro particles evenly cling to the snap-line, fade-resistant, makes a sharp and extremely bold marking line, cleans up more quickly and more thoroughly than standard chalk."
Tajima,Tajima V-REX II The Ultimate Utility Knife Blade (100-Blade Pack),TAJI-VRB-100B,37.8,"The Tajima V-REX The Ultimate Utility Knife Blade (100-Blade Pack) is optimized for drywall, designed to upgrade the scoring and cutting performance of traditional utility knives."
Tajima,Tajima V-REX II The Ultimate Utility Knife Blade (5-Blade Pack),TAJI-VRB2-5B,3.82,"The Tajima V-REX The Ultimate Utility Knife Blade (5-Blade Pack) is optimized for drywall, designed to upgrade the scoring and cutting performance of traditional utility knives."
Tapepro,"Tapepro ""Speed"" Taper, 41.75 in. Short (TPRO-ATS)",TPRO-ATS,1635,"Tapepro Speed Taper, Short Taper, Tapepro Short Taper, Tapepro, Tapepro Taping Tools"
Tapepro,Tapepro 1.5 in. Inside Angle Applicator (TPRO-AH38),TPRO-AH38,96,"The Tapepro 1.5 in. Inside Angle Applicator Head is designed to be used with the Compound Tube, Angle Box, or Corner Flusher Box to apply compound to inside corners prior to taping."
Tapepro,Tapepro 10 in. (250mm) Automatic Flat Box,TPRO-AB250,447,The Tapepro 10 in. Automatic Flat Box features a spring-loaded pressure lid that helps force joint compound out of the box. This reduces the effort required and is particularly handy for out of position or difficult to reach areas.
Tapepro,Tapepro 12 in. (300mm) Automatic Flat Box,TPRO-AB300,467,The Tapepro 12 in. Automatic Flat Box features a spring-loaded pressure lid that helps force joint compound out of the box. This reduces the effort required and is particularly handy for out of position or difficult to reach areas.
Tapepro,Tapepro 1410mm Tool Case TC1410,TPRO-TC1410,470,Protect and transport your tools in a robust injection molded tool case. The Tapepro 450mm Tool Case TC1410 is perfect for a taper and accessories.
Tapepro,Tapepro 2 in. (55mm) Nail Spotter (TPRO-SH55),TPRO-SH55,255,"The Tapepro 2 in. Nail Spotter is a tool built for speed and comfort. Fill nail and screw indentations with ease, never missing a spot with this high-quality Nail Spotter."
Tapepro,Tapepro 2 in. (55mm) Nail Spotter w/ 3 ft. Fixed Aluminum Handle (TPRO-NSH55),TPRO-NSH55,307,Tapepro 2 in. Nail Spotter w/ 3 ft. Fixed Aluminum Handle
Tapepro,Tapepro 2 in. (55mm) Nail Spotter w/ 4 ft. Fixed Aluminum Handle (TPRO-NS1255),TPRO-NS1255,318,Tapepro 2 in. Nail Spotter w/ 4 ft. Fixed Aluminum Handle
Tapepro,Tapepro 2 in. Nail Spotter with Pro-Reach Extendable Handle (TPRO-NSXH55),TPRO-NSXH55,382,"The Tapepro 2 in. Nail Spotter with Pro-Reach Extendable Handle is a dynamic duo built for speed and comfort. Fill nail and screw indentations with ease, never missing a spot with this high-quality Nail Spotter. Handle extends 38” to 63”."
Tapepro,Tapepro 2.5 in. (55mm) Straight Glazer,TPRO-SG55,98,"The Tapepro 2.5 in. Straight Glazer is the perfect tool for embedding tape securely to corners while removing excess compound for neat, feathered edges. This is an excellent tool for delivering consistent, professional first coats."
Tapepro,Tapepro 2.5 in. (60mm) Glider Series Glazer,TPRO-SGG60,102,"The Tapepro 2.5 in. Glider Series Glazer is the perfect tool for embedding tape securely to corners while removing excess compound for neat, feathered edges. This is an excellent tool for delivering consistent, professional first coats."
Tapepro,"Tapepro 3 ft. Nail Spotter Handle, Alum. (TPRO-SA030)",TPRO-SA030,55,Tapepro 3 ft. Aluminum Nail Spotter Handle (TPRO-SA030)
Tapepro,Tapepro 3 in. (75mm) Corner Glazer,TPRO-CG75,131,"The Tapepro 3 in. Corner Glazer simultaneously wipes off excess compound and feathers edges, leaving you with a perfect first coat. Run the Glazer from top to bottom with ease. Designed to be used with the Corner Finisher Handle."
Tapepro,Tapepro 3 in. (75mm) Nail Spotter (TPRO-SH75),TPRO-SH75,266,"The Tapepro 3 in. Nail Spotter is a tool built for speed and comfort. Fill nail and screw indentations with ease, never missing a spot with this high-quality Nail Spotter."
Tapepro,Tapepro 3 in. (75mm) Nail Spotter w/ 3 ft. Fixed Aluminum Handle (TPRO-NSH75),TPRO-NSH75,318,Tapepro 3 in. Nail Spotter w/ 3 ft. Fixed Aluminum Handle
Tapepro,Tapepro 3 in. (75mm) Nail Spotter w/ 4 ft. Fixed Aluminum Handle (TPRO-NS1275),TPRO-NS1275,329,Tapepro 3 in. Nail Spotter w/ 4 ft. Fixed Aluminum Handle
Tapepro,Tapepro 3 in. (75mm) Nail Spotter with Pro-Reach Extendable Handle (TPRO-NSXH75),TPRO-NSXH75,392,"The Tapepro 3 in. Nail Spotter with Pro-Reach Extendable Handle is a dynamic duo built for speed and comfort. Fill nail and screw indentations with ease, never missing a spot with this high-quality Nail Spotter. Handle extends 38 to 63."
Tapepro,Tapepro 3 in. (75mm) Straight Glazer,TPRO-SG75,106,"The Tapepro 3 in. Straight Glazer is the perfect tool for embedding tape securely to corners while removing excess compound for neat, feathered edges. This is an excellent tool for delivering consistent, professional first coats."
Tapepro,Tapepro 3 in. (80mm) Glider Series Glazer,TPRO-SGG80,108,"The Tapepro 3 in. Glider Series Glazer is the perfect tool for embedding tape securely to corners while removing excess compound for neat, feathered edges. This is an excellent tool for delivering consistent, professional first coats."
Tapepro,Tapepro 3' (900mm) Flat Box Handle - TPRO-FFBH900,TPRO-FFBH900,179,Tapepro 3' (900mm) Flat Box Handle
Tapepro,Tapepro 3' (900mm) SuperLite Flat Box Handle - TPRO-FHSL900,TPRO-FHSL900,344,Tapepro 3' (900mm) SuperLite Flat Box Handle
Tapepro,Tapepro 3.5 in. (90mm) Straight Glazer,TPRO-SG90,111,"The Tapepro 3.5 in. Straight Glazer is the perfect tool for embedding tape securely to corners while removing excess compound for neat, feathered edges. This is an excellent tool for delivering consistent, professional first coats."
Tapepro,Tapepro 3.5 in. (95mm) Glider Series Glazer,TPRO-SGG95,116,"The Tapepro 3.5 in. Glider Series Glazer is the perfect tool for embedding tape securely to corners while removing excess compound for neat, feathered edges. This is an excellent tool for delivering consistent, professional first coats."
Tapepro,Tapepro 36 in. Compound Applicator,TPRO-CAT,207.25,Tapepro 36 in. Compound Applicator is a robust multipurpose tool. It can be fitted with an Applicator Head for dispensing ribbons of joint compound to internal joints. It can also be fitted to a Corner Finisher/Angle Head.
Tapepro,"Tapepro 4 ft. Corner Finisher Handle, Alum. (TRPO-CFH)",TPRO-CFH,87.75,"Tapepro 4 ft. Corner Finisher Handle, Alum. (TRPO-CFH)"
Tapepro,"Tapepro 4 ft. Corner Roller Handle, Alum. (TPRO-CRA015)",TPRO-CRA015,69.15,"Tapepro 4 ft. Corner Roller Handle, Alum. (TPRO-CRA015)"
Tapepro,Tapepro 4' (1200mm) Flat Box Handle - TPRO-FFBH1200,TPRO-FFBH1200,192,Tapepro 4' (1200mm) Flat Box Handle
Tapepro,Tapepro 4' (1200mm) SuperLite Flat Box Handle - TPRO-FHSL1200,TPRO-FHSL1200,312,Tapepro 4' (1200mm) SuperLite Flat Box Handle
Tapepro,"Tapepro 42"" (1050mm) Flat Box Handle - TPRO-FFBH1050",TPRO-FFBH1050,188,"Tapepro 42"" (1050mm) Flat Box Handle"
Tapepro,Tapepro 450mm Tool Case TC450,TPRO-TC450,116,Protect and transport your tools in a robust injection molded tool case. The Tapepro 450mm Tool Case TC450 is perfect for flat boxes and accessories.
Tapepro,Tapepro 5' (1500mm) Flat Box Handle - TPRO-FFBH1500,TPRO-FFBH1500,198,Tapepro 5' (1500mm) Flat Box Handle
Tapepro,Tapepro 6' (1800mm) Flat Box Handle - TPRO-FFBH1800,TPRO-FFBH1800,203,Tapepro 6' (1800mm) Flat Box Handle
Tapepro,Tapepro 8 in. (200mm) Automatic Flat Box,TPRO-AB200,436,The Tapepro 8 in. Automatic Flat Box features a spring-loaded pressure lid that helps force joint compound out of the box. This reduces the effort required and is particularly handy for out of position or difficult to reach areas.
Tapepro,Tapepro Automatic Taper - TPRO-AT2000,TPRO-AT2000,1635,Tapepro Automatic Taper - TPRO-AT2000
Tapepro,"Tapepro Blue 2 Flat Boxes (FFB200, FFB250, FFB300)",TPRO-FB,0,"The Tapepro Blue 2 Flat Boxes are high capacity, featuring an innovating design that makes applying compound to all flat and recess joints a thing of ease. Available in 8, 10, and 12."
Tapepro,Tapepro Booster Automatic Flat Boxes,TPRO-AB,447,The Tapepro Booster Automatic Flat Boxes feature a spring-loaded pressure lid that helps force joint compound out of the box. This reduces the effort required and is particularly handy for out of position or difficult to reach areas.
Tapepro,Tapepro Box Filler Filler (TPRO-FBF),TPRO-FBF,63.25,Tapepro Box Filler Filler (TPRO-FBF)
Tapepro,Tapepro Corner Boxes,TPRO-CB-X,273,The Tapepro Corner Boxes are designed to be used with the Tapepro Corner Finisher to apply a finishing coat to all 90-degree internal angles.
Tapepro,Tapepro Corner Finishers,TPRO-CF,381,The Tapepro Corner Finishers are used in conjunction with the corner finisher handle for proper feathered compound edges. Made from precision machined billet aluminum for maximum durability.
Tapepro,Tapepro Corner Roller with 4 ft. Handle,TPRO-CRH,178,The Tapepro Corner Roller with 4 ft. Handle provides extreme performance. Handle is anodized for durability. Die-cast aluminum body prevents corrosion and wear over time. Swivel attachment adjusts to angle and durable stainless-steel rollers and bushings provide smoother operation.
Tapepro,Tapepro Corner Rollers,TPRO-CR-X,178,The Tapepro Corner Rollers are the essential tool for bedding paper tape into internal angles and removing excess compound. This tool is designed to be used after the Tapepro Automatic Taper or Mud Box.
Tapepro,Tapepro FHX Carbine Pro-Reach Extendable Flat Box Handle (TPRO-FHXC),TPRO-FHXC,345,"The Tapepro FHX Carbine Pro-Reach Extendable Flat Box Handle is designed for the professional contractor. This handle is lightweight, durable, and fits all Tapepro Flat Boxes with an extension of 24 to 35 inches. Made from anodized aluminum."
Tapepro,Tapepro Finishing Set,TPRO-FINISHING,2356,"Tapepro Finishing Set includes your choice of corner roller and handle, corner box and handle, corner finisher and handle, 2 flat boxes, mud pump and box filler. Set is customizable to your preference."
Tapepro,Tapepro Flat Applicator Nozzle (TPRO-FAN),TPRO-FAN,60,Tapepro Flat Applicator Nozzle
Tapepro,Tapepro Flat Box Bumpers (FBB),TPRO-FBB,12.55,"WallTools a leading supplier of professional tools for drywall hanging and drywall finishing, wallpaper, wallcovering, and ceiling grid. Major brands including automatic taping tools by Columbia Taping Tools, Blue Line & Tapepro, TapeTech, Level-5; Advance Paste machines; DeWalt Power tools; USG Sheetrock taping knives, Kraft, Trim-Tex, Porter Cable, and many more."
Tapepro,Tapepro Flat Box Combo,TPRO-FLAT,1331,"The Tapepro Flat Box Combo includes your choice of two Tapepro Flat Boxes, one Flat Box Handle, Mud Pump, and Box Filler."
Tapepro,Tapepro Flat Boxer Kit BK-3,TPRO-BK3,1384,"The Tapepro Flat Boxer Kit BK-3 comes with Blue 2 Flat Boxes, Recess Plate, Replacement Blades, and Bumper Kit."
Tapepro,Tapepro Flat Boxer Kit BK-4,TPRO-BK4,975,"The Tapepro Flat Boxer Kit BK-4 comes with the 200mm(8”) and 300mm(12”) Blue 2 Flat Boxes, 140mm Recess Plate, Replacement Blades, and Bumper Kit."
Tapepro,Tapepro Flat Boxer Kit BK-7,TPRO-BK7,1107,"The Tapepro Flat Boxer Kit BK-7 comes with T2 Flat Boxes, 140mm Recess Plate, Replacement Blades, Flat Box Bumper Kit, and ultra-durable 450mm Tool Case."
Tapepro,Tapepro Flat Boxer Kit BK-8,TPRO-BK8,791,"The Tapepro Flat Boxer Kit BK-8 comes with the 200mm (8”) and 300mm (12”) T2 Flat Boxes, 140mm Recess Plate, Replacement Blades, Bumper Kit, and ultra-durable 450mm Tool Case."
Tapepro,Tapepro Full Set,TPRO-FULL,3894,"The Tapepro Full Set includes your choice of automatic taper, corner roller and handle, corner box and handle, corner finisher and handle, two flat boxes with handle, mud pump, gooseneck, and box filler."
Tapepro,Tapepro Gooseneck (TPRO-GS),TPRO-GS,163,Tapepro Gooseneck (TPRO-GS)
Tapepro,Tapepro Handle Extension 2 ft. (TPRO-HE600),TPRO-HE600,54,Tapepro Handle Extension 2 ft. (TPRO-HE600)
Tapepro,Tapepro Handle Extension 4 ft. (TPRO-HE1200),TPRO-HE1200,57,Tapepro Handle Extension 4 ft. (TPRO-HE1200)
Tapepro,Tapepro Loading Pump,TPRO-LPEZ,379,"Tapepro Loading Pump is used with quick-set or air-drying compounds to fill all the tools in the Tapepro Collection. This self-priming pump features stainless steel clips which provide a quick release of the pump tube, allowing efficient and easy cleaning."
Tapepro,Tapepro Max Set,TPRO-MAX,4999,"Tapepro Max Set includes everything you need to complete an entire home! Automatic taper, mud pump, gooseneck and box filler, corner roller, corner box, corner finishers, flat boxes with handles."
Tapepro,Tapepro Mud Box,TPRO-WMBL,675,"Enjoy all the features of an automatic taper with the Tapepro Mud Box. This tool simultaneously applies tape and compound to all flat and internal angle joints, delivering consistent, professional results every time."
Tapepro,Tapepro Mud Box Pro,TPRO-MBP,740,"Enjoy all the features of an automatic taper with the Tapepro Mud Box Pro! This taping tool simultaneously applies tape and compound to flat and internal angle joints with ease, delivering consistent, professional results."
Tapepro,Tapepro Mud Shark Flat Applicator Compound Tube,TPRO-FACT,217,"The Tapepro Mud Shark Flat Applicator Compound Tube features an aluminum tube which has been powder coated for durability, a mud shark head, quick release nozzle for easy cleaning, and a high flow nozzle made from industrial plastic. Includes replaceable blade."
Tapepro,Tapepro Outside Angle Head,TPRO-OAH,116,"The Tapepro Outside Angle Head can be fitted to any Compound Tube, Angle Box, or Corner Flusher Box for use on outside angles. Perfect for applying compound when setting Paper-Faced drywall corner bead, Trim-Tex MudSet Bead, etc."
Tapepro,Tapepro Outside Angle Head Wide,TPRO-OAHW,124,"The Tapepro Outside Angle Head Wide can be fitted to any Compound Tube, Angle Box, or Corner Flusher Box for use on outside angles. Perfect for applying compound when setting Paper-Faced drywall corner bead, Trim-Tex MudSet Bead, etc."
Tapepro,Tapepro Outside Corner Roller,TPRO-OCR,148,"The Tapepro Outside Corner Roller is designed to be used on a variety of 90-degree outside corner beads. Rollers pivot in the center, accommodating angular inconsistencies and tapered corner bed legs. Made from durable stainless-steel."
Tapepro,Tapepro Outside Corner Roller Wide,TPRO-OCRW,154,"The Tapepro Outside Corner Roller Wide is designed to be used on a variety of 90-degree outside corner beads. Rollers pivot in the center, accommodating angular inconsistencies and tapered corner bed legs. Made from durable stainless-steel."
Tapepro,Tapepro Pro Starter Set,TPRO-PS01,3894,Tapepro Pro Starter Set is a complete taping tool collection for the professional drywall finisher. Automatic taping tools streamline the taping process by increasing both efficiency and profitability.
Tapepro,Tapepro Pro-Reach 4-in-1 Extendable Handle,TPRO-XHP,161,"The Tapepro Pro-Reach 4-in-1 Extendable Handle is a multipurpose extension handle that fits Straight Glazers/Corner Finishers, Corner Rollers, Nail Spotters, and Corner Boxes with an adaptor stud. This handle allows you to access those hard-to-reach places."
Tapepro,Tapepro Pro-Reach Extendable Flat Box Handle (TPRO-FHX),TPRO-FHX,363,"The Tapepro Pro-Reach Extendable Flat Box Handle is designed for the professional contractor. This handle is lightweight, durable, and fits all Tapepro Flat Boxes with an extension of 39 to 63 inches. Made from anodized aluminum."
Tapepro,Tapepro Pro-Reach Extendable Handle for Corner Roller & Nail Spotter (TPRO-XH),TPRO-XH,126,The Tapepro Corner Roller is the essential tool for bedding paper tape into internal angles and removing excess compound. This tool is designed to be used after the Tapepro Automatic Taper or Mud Box.
Tapepro,Tapepro ProReach eXtendable Corner Finisher Handle (TPRO-CFXH),TPRO-CFXH,168,Blue Line USA Corner Finisher Extendable Handle (BLUE-CFXH)
Tapepro,Tapepro Self Adjusting Bead Roller (TPRO-SABR-X),TPRO-SABR-X,345,"The Self Adjusting Bead Roller is perfect for use on all corner beads, particularly for off angles."
Tapepro,Tapepro Short Handle Adapter (TPRO-SHA),TPRO-SHA,60,Tapepro Short Handle Adapter (TPRO-SHA)
Tapepro,Tapepro Slayer Corner Kit,TPRO-TKSCK1,905,"Tapepro Slayer Corner Kit has everything you need to tape and finish 90-degree internal joints: Tool Case, Compound Applicator Tube, Applicator Head, Straight Glazer, Corner Roller with Handle, and Corner Finisher with Handle."
Tapepro,Tapepro Starter Set,TPRO-SS01,2356,"The Tapepro Starter Set includes everything you need for professional drywall installation, including corner roller, 3” corner finisher, 8/10” flat boxes, 42” flat box handle, corner box, mud pump with box filler valve, and standard handles."
Tapepro,Tapepro Stealth Sander (TPRO-SCS),TPRO-SCS,79.5,Tapepro Stealth Sander (TPRO-SCS)
Tapepro,Tapepro SuperLite Automatic Taper,TPRO-ATSL,1825,"The Tapepro SuperLite Automatic Taper has been regarded as the pinnacle of taping machines with its carbon fiber technology for an ultra-lightweight, dent-proof, and temperature stable experience for the modern-day finisher."
Tapepro,Tapepro SuperLite Pro-Reach Extendable Flat Box Handle (TPRO-FHXSL),TPRO-FHXSL,420,"The Tapepro SuperLite Pro-Reach Flat Box Handle is a durable and ergonomically superior tool, built for the professional contractor. Extends 39 to 63, carbon fiber tube retains body heat, and weighs 2.6 lbs."
Tapepro,Tapepro SuperLite Pro-Reach Extendable Flat Box Handle with Twister Plate (TPRO-FHXSLT),TPRO-FHXSLT,466,"The Tapepro SuperLite Pro-Reach Flat Box Handle with Twister Plate is a durable and ergonomically superior tool, built for the professional contractor. Extends 39 to 63, carbon fiber tube retains body heat, and weighs 2.6 lbs."
Tapepro,"Tapepro T2 Flat Boxes (T150, T200, T250, T300)",TPRO-T,270,"The Tapepro T2 Flat Boxes provide a second-tier alternative to the popular Blue 2 range and features a different construction, blade holder sealing and setting adjustment."
Tapepro,Tapepro Taping Set,TPRO-TAPING,2550,"Tapepro Taping Set includes your choice of automatic taper, corner roller and handle, corner finisher and handle, mud pump and gooseneck. Get everything you need for professional drywall taping!"
Tapepro,Tapepro Twister™ Flat Box Handle (TPRO-FHXT),TPRO-FHXT,411,"The Tapepro Twister Flat Box Handle features a complete ergonomic design, greatly reducing operator fatigue. This handle can be rotated, allowing you a more comfortable position from the floor, reducing bodily strain over time."
Tapepro,Tapepro Twister™ Handle Swivel Plate,TPRO-TSP,115,The Tapepro Twister Handle Swivel Plate is an adaptor plate meant to retrofit your Blue Line USA Extendable Flat Box Handle.
Tapepro,Tapepro/Blue Line Recess Plate Only (10 in. to 5.5 in.),TPRO-RP2514,67,"The Tapepro/Blue Line Recess Plate Only (10 in. to 5.5 in.), Recess Plate is designed to be fitted to a Tapepro or Blue Line 10 in. Flat Box to reduce the finished width to 5.5 inches."
Tapepro,Tapepro/Blue Line Recess Plate Only (10 in. to 8 in.),TPRO-RP2520,67,The Tapepro/Blue Line Recess Plate Only (10 in. to 8 in.) is designed to be fitted to a Tapepro or Blue Line 10 in. Flat Box to reduce the finished width to 8 inches.
Tapepro,Tapepro/Blue Line Recess Plate Only (5.5 in. to 3 in.),TPRO-RP150,54,The Tapepro/Blue Line Recess Plate Only (5.5 in. to 3 in.) is designed to be fitted to a Tapepro or Blue Line 5.5 in. Flat Box to reduce the finished width to 3 inches.
Tapepro,Tapepro/Blue Line Recess Plate Only (8 in. to 5.5 in.),TPRO-RP200,57,"The Tapepro/Blue Line Recess Plate Only (8 in. to 5.5 in.), Recess Plate is designed to be fitted to a Tapepro or Blue Line 8 in. Flat Box to reduce the finished width to 5.5 inches."
Tapepro,TapeproFlat Box Bead Guides (FBBG),TPRO-FBBG,62,Tapepro Flat Box Bead Guides (FBBG)
Tapepro Parts,Blue Line Taper Head Assemebly (TPRO-AT-HAC),TPRO-ATH,1160,"WallTools a leading supplier of professional tools for drywall hanging and drywall finishing, wallpaper, wallcovering, and ceiling grid. Major brands including automatic taping tools by Columbia Taping Tools, Blue Line & Tapepro, TapeTech, Level-5; Advance Paste machines; DeWalt Power tools; USG Sheetrock taping knives, Kraft, Trim-Tex, Porter Cable, and many more."
Tapepro Parts,Mud Box Pro Tape Spool Spring (TPRO-MB2-16),TPRO-MB2-16,20.75,The Tapepro Mud Box Pro Tape Spool Spring is an attachment that adds greater control and ergonomic comfort to the popular Mud Box Pro Taper.
Tapepro Parts,Mud Box Pro Tape Wheel (TPRO-MB2-21),TPRO-MB2-21,14.85,The Tapepro Mud Box Pro Tape Spool Spring is an attachment that adds greater control and ergonomic comfort to the popular Mud Box Pro Taper.
Tapepro Parts,Pyramid Cutter Blade (TPRO-AT031),TPRO-AT031,2.95,Pyramid Cutter Blade (TPRO-AT031)
Tapepro Parts,Tapepro Auto Taper Maintenance Kit,TPRO-ATK01,76.5,"The Tapepro Automatic Taper Maintenance Kit includes everything you need to keep your taper running at peak performance. Works with Tapepro, Blue Line and Premier."
Tapepro Parts,Tapepro Corner Box Maintenance Kit,TPRO-CBK01,26.75,"The Tapepro Corner Box Maintenance Kit replaces the pressure plate axle and Nyliners. Use this kit when the box is leaking due to wear between these components. Works with Tapepro, Blue Line and Premier."
Tapepro Parts,Tapepro Corner Box Service Kit,TPRO-CBK02,54.25,"The Tapepro Corner Box Service Kit replaces the seals. Use this kit when the box is leaking due to the seals being worn or deteriorated. Works with Tapepro, Blue Line and Premier."
Tapepro Parts,Tapepro Corner Finisher Service Kit,TPRO-CFK02,0,"The Tapepro Corner Finisher Service Kit replaces blades, clips, ball retainer and associated screws. Use this kit when the blades are broken or damaged and clips are worn."
Tapepro Parts,Tapepro Corner Roller Maintenance Kit,TPRO-CRK01,105.25,"The Tapepro Corner Roller Maintenance Kit replaces the rollers and bushes. Use this kit when the corner rollers are too loose, and the roller ends may be catching on the wall. Works with Tapepro, Blue Line, and Premier."
Tapepro Parts,Tapepro Flat Box Maintenance Kit,TPRO-FBK01,0,"The Tapepro Flat Box Maintenance Kit includes Pressure Plate Axle, Nyliners, Blade, Thumb Screws, and 4-40 x 5/16 BH Screws to keep Tapepro Flat Boxes running at peak performance. Works with Tapepro, Blue Line, and Premier."
Tapepro Parts,Tapepro Flat Box Overhaul Kit (TPRO-FBK03),TPRO-FBK03,0,"The Tapepro Flat Box Overhaul Kit includes parts to fully overhaul the flat box. Use this kit when the box has been used for an extended period and all common-wear items require replacement. For Tapepro, Blue Line, and Premier."
Tapepro Parts,Tapepro Flat Box Service Kit,TPRO-FBK02,0,"The Tapepro Flat Box Service Kit replaces the seals, skids, and wheels. Use this kit when the box is leaking due to the seals being worn or deteriorated. Also includes other harder wearing components such as skids and wheels. Works with Tapepro, Blue Line, Premier."
Tapepro Parts,Tapepro Loading Pump Maintenance Kit,TPRO-LPK01,27.4,"The Tapepro Loading Pump Maintenance Kit replaces the rubber components. Use this kit when the pump is not sealing properly, and performance is low. Works with Tapepro, Blue Line and Premier."
Tapepro Parts,Tapepro Loading Pump Service Kit,TPRO-LPK02,29.15,"The Tapepro Loading Pump Service Kit Replaces the piston rod bush and suction screen. Use this kit when these components are worn or damaged. Works with Tapepro, Blue Line and Premier."
Tapepro Parts,Tapepro Mud Box Creaser Spring,TPRO-MB2-52,8.3,Tapepro Mud Box Creaser Spring and other replacement parts available for all your favorite Tapepro Tools. Shop our inventory of popular Maintenance Kits for quick and easy repairs.
Tapepro Parts,Tapepro Mud Box Pro Control Handle,TPRO-MB2-44,56.4,The Tapepro Mud Box Pro Control Handle is an attachment that adds greater control and ergonomic comfort to the popular Mud Box Pro Taper.
Tapepro Parts,Tapepro Mud Box Pro Control Handle Cable,TPRO-MB2-31,11.35,The Tapepro Mud Box Pro Control Handle Cable is an attachment that adds greater control and ergonomic comfort to the popular Mud Box Pro Taper.
Tapepro Parts,Tapepro Mud Box Pro Tape Spool Assembly,TPRO-MBA206,52.25,Tapepro Mud Box Pro Tape Spool Assemble and other replacement parts available to keep your favorite Tapepro Tools running at Peak Perfection. Shop our inventory of popular Maintenance Kits for quick and easy repairs.
Tapepro Parts,"Tapepro Nail Spotter Repair Kit 2"" (TPRO-NSK01-55)",TPRO-NSK01-55,64.65,Tapepro Nail Spotter Repair Kit (TPRO-NSK01-55)
Tapepro Parts,"Tapepro Nail Spotter Repair Kit 3"" (TPRO-NSK01-75)",TPRO-NSK01-75,68.75,Tapepro Nail Spotter Repair Kit (TPRO-NSK01-75)
Tapepro Parts,Tapepro Retainer (TPRO-CG005),TPRO-CG005,16.35,Tapepro Retainer (TPRO-CG005)
Tapepro Parts,Tapepro Self Clinching Nut (TPRO-F053),TPRO-F053,1.85,Tapepro Self Clinching Nut (TPRO-F053)
Tapepro Parts,Tapepro Stealth Premium Cushioned Pads 180 Grit (TPRO-PCP180-6),TPRO-PCP180-6,16.6,Tapepro Stealth Premium Cushioned Pads 180 Grit (TPRO-PCP180-6)
Tapepro Parts,Tapepro Stealth Super Pads 220 Grit (TPRO-SCP220-5),TPRO-SCP220-5,13.8,Tapepro Stealth Super Pads 220 Grit (TPRO-SCP220-5
Tapepro Parts,Tapepro Tape Advance Needle -5 Pack (TPRO-AT074-5PK),TPRO-AT074-5PK,8.45,Tapepro Tape Advance Needle -5 Pack (TPRO-AT074-5PK)
Tapepro Parts,Tapepro/Blue Line # 6  Lock Washer (TPRO-AT140),TPRO-AT140,1,Tapepro/Blue Line # 6 Lock Washer (BLUE-AT140)
Tapepro Parts,Tapepro/Blue Line #10 Lock Washer (TPRO-F051),TPRO-F051,0.65,Tapepro/Blue Line #10 Lock Washer (BLUE-F051)
Tapepro Parts,Tapepro/Blue Line #4 Flat Washer (TPRO-AT229),TPRO-AT229,0.65,Tapepro/Blue Line #4 Flat Washer (BLUE-AT229)
Tapepro Parts,Tapepro/Blue Line #8 Flat Washer (TPRO-AT221),TPRO-AT221,0.75,Tapepro/Blue Line #8 Flat Washer (BLUE-AT221)
Tapepro Parts,Tapepro/Blue Line 1/16 x 1/2 in. Cotter (TPRO-AT244),TPRO-AT244,1.3,Tapepro/Blue Line 1/16 x 1/2 in. Cotter (BLUE-AT244)
Tapepro Parts,Tapepro/Blue Line 1/4 - 28 Nylock (TPRO-P009),TPRO-P009,1.1,Tapepro/Blue Line 1/4 - 28 Nylock (BLUE-P009)
Tapepro Parts,Tapepro/Blue Line 1/4 - 28 X 1-1/2 Hex Rd. Screw (TPRO-P010),TPRO-P010,1.1,Tapepro/Blue Line 1/4 - 28 X 1-1/2 Hex Rd. Screw (BLUE-P010)
Tapepro Parts,Tapepro/Blue Line 1/4 - 28 X 1/2 in. Hex Hd (TPRO-P026),TPRO-P026,0.95,Tapepro/Blue Line 1/4 - 28 X 1/2 in. Hex Hd (BLUE-P026)
Tapepro Parts,Tapepro/Blue Line 1/4 - 28 X 2 in. Hex Hd. Screw (TPRO-P015),TPRO-P015,1.3,Tapepro/Blue Line 1/4 - 28 X 2 in. Hex Hd. Screw (BLUE-P015)
Tapepro Parts,Tapepro/Blue Line 1/4-20  Hex Nut (TPRO-AT251),TPRO-AT251,0.7,Tapepro/Blue Line 1/4-20 Hex Nut (BLUE-AT251)
Tapepro Parts,Tapepro/Blue Line 1/4-20 Hex Castle Nut (TPRO-B167),TPRO-B167,0.7,Tapepro/Blue Line 1/4-20 Hex Castle Nut (BLUE-B167)
Tapepro Parts,Tapepro/Blue Line 1/4-20 Low Pro Nylock (TPRO-CR009),TPRO-CR009,1,Tapepro/Blue Line 1/4-20 Low Pro Nylock (BLUE-CR009)
Tapepro Parts,Tapepro/Blue Line 1/4-20 X 1-1/4 Hex Hd. Screw (TPRO-CR004),TPRO-CR004,1,Tapepro/Blue Line 1/4-20 X 1-1/4 Hex Hd. Screw (BLUE-CR004)
Tapepro Parts,Tapepro/Blue Line 1/4-20 X 5/8 Allen Fit. Hd. Screw (TPRO-AT239),TPRO-AT239,1.1,Tapepro/Blue Line 1/4-20 X 5/8 Allen Fit. Hd. Screw (BLUE-AT239)
Tapepro Parts,Tapepro/Blue Line 1/4-20 X 7/8 Hex Hd. Screw (TPRO-CR008),TPRO-CR008,1.35,Tapepro/Blue Line 1/4-20 X 7/8 Hex Hd. Screw (BLUE-CR008)
Tapepro Parts,Tapepro/Blue Line 1/4-20 X 7/8 Soc. Cap Screw (TPRO-AT219),TPRO-AT219,0.9,Tapepro/Blue Line 1/4-20 X 7/8 Soc. Cap Screw (BLUE-AT219)
Tapepro Parts,Tapepro/Blue Line 1/4-28 X 3/8 Set Screw Cup Pt. (TPRO-FH003),TPRO-FH003,1.65,Tapepro/Blue Line 1/4-28 X 3/8 Set Screw Cup Pt. (BLUE-FH003)
Tapepro Parts,Tapepro/Blue Line 10 - 32 X 1-3/4 B.H. Hd. Screw (TPRO-P022),TPRO-P022,1.2,Tapepro/Blue Line 10 - 32 X 1-3/4 B.H. Hd. Screw (BLUE-P022)
Tapepro Parts,Tapepro/Blue Line 10-32 Low Pro Nylock (TPRO-S027),TPRO-S027,1,Tapepro/Blue Line 10-32 Low Pro Nylock (BLUE-S027)
Tapepro Parts,Tapepro/Blue Line 10-32 Nylock (TPRO-AT004),TPRO-AT004,1.1,Tapepro/Blue Line 10-32 Nylock (BLUE-AT004)
Tapepro Parts,Tapepro/Blue Line 10-32 Thumb Screw (TPRO-S021),TPRO-S021,3.3,Tapepro/Blue Line 10-32 Thumb Screw (BLUE-S021)
Tapepro Parts,Tapepro/Blue Line 10-32 Wing Nut (TPRO-F028),TPRO-F028,1.6,Tapepro/Blue Line 10-32 Wing Nut (BLUE-F028)
Tapepro Parts,Tapepro/Blue Line 10-32 x 1 in. Soc. Cap Screw (TPRO-F029),TPRO-F029,1.3,Tapepro/Blue Line 10-32 x 1 in. Soc. Cap Screw (BLUE-F029)
Tapepro Parts,Tapepro/Blue Line 10-32 X 1-1/4 B.H. Screw (TPRO-AT001),TPRO-AT001,1.6,Tapepro/Blue Line 10-32 X 1-1/4 B.H. Screw (BLUE-AT001)
Tapepro Parts,Tapepro/Blue Line 10-32 X 1/4 Set Screw Cup Pt. (TPRO-AT225),TPRO-AT225,1.45,Tapepro/Blue Line 10-32 X 1/4 Set Screw Cup Pt. (BLUE-AT225)
Tapepro Parts,Tapepro/Blue Line 10-32 X 3/8 Fillister Hd. Screw (TPRO-CR005),TPRO-CR005,0.65,Tapepro/Blue Line 10-32 X 3/8 Fillister Hd. Screw (BLUE-CR005)
Tapepro Parts,Tapepro/Blue Line 10pk Flat Box Blades,TPRO-MK06,35.85,"Tapepro/Blue Line 10pk Flat Box Blades (TPRO-MK06-8, MK06-10, MK06-12)"
Tapepro Parts,Tapepro/Blue Line 12 in. Equalize Bar Only (TPRO-F050),TPRO-F050-300,34.55,Tapepro/Blue Line 12 in. Equalize Bar Only (BLUE-F050)
Tapepro Parts,Tapepro/Blue Line 12 in. Equalize Bar Only 2011-Newer (TPRO-F050-1-12),TPRO-F0501-300,34.55,Tapepro/Blue Line 12 in. Equalize Bar Only 2011-Newer (BLUE-F050-1-12)
Tapepro Parts,Tapepro/Blue Line 2-56 x 3/16 in. BH Screw (TPRO-AT020),TPRO-AT020,1.1,Tapepro/Blue Line 2-56 x 3/16 in. BH Screw (BLUE-AT020)
Tapepro Parts,Tapepro/Blue Line 2.5 in. Carbide Blade (TPRO-CF10-22-2.5),TPRO-CF1022-65,36.25,Tapepro/Blue Line 2.5 in. Carbide Blade (BLUE-CF10-22-2.5)
Tapepro Parts,Tapepro/Blue Line 2.5 in. Corner Finisher Frame - Left (TPRO-CFX108-2.5),TPRO-CFA108-65,153.1,Tapepro/Blue Line 2.5 in. Corner Finisher Frame (Left)(BLUE-CFX108-2.5)
Tapepro Parts,Tapepro/Blue Line 2.5 in. Corner Finisher Frame - Right (TPRO-CFX123-2.5),TPRO-CFA123-65,153.1,Tapepro/Blue Line 2.5 in. Corner Finisher Frame (Right)(BLUE-CFX123-2.5)
Tapepro Parts,Tapepro/Blue Line 2.5 in. Spring (TPRO-CF005-2.5),TPRO-CF105-65,7.45,Tapepro/Blue Line 2.5 in. Spring (BLUE-CF005-2.5)
Tapepro Parts,Tapepro/Blue Line 3 in. Carbide Blade (TPRO-CF10-22-3),TPRO-CF1022-75,38.95,Tapepro/Blue Line 3 in. Carbide Blade (BLUE-CF10-22-3)
Tapepro Parts,Tapepro/Blue Line 3 in. Corner Finisher Frame - Left (TPRO-CFX108-3),TPRO-CFA108-75,156.8,Tapepro/Blue Line 3 in. Corner Finisher Frame (Left)(BLUE-CFX108-3)
Tapepro Parts,Tapepro/Blue Line 3 in. Corner Finisher Frame - Right (TPRO-CFX123-3),TPRO-CFA123-75,156.8,Tapepro/Blue Line 3 in. Corner Finisher Frame (Right)(BLUE-CFX123-3)
Tapepro Parts,Tapepro/Blue Line 3-48 Nylock (TPRO-AT121),TPRO-AT121,1.5,Tapepro/Blue Line 3-48 Nylock (BLUE-AT121)
Tapepro Parts,Tapepro/Blue Line 3-48 X 3/16 Flt. Hd. Screw (TPRO-S034),TPRO-S034,0.85,Tapepro/Blue Line 3-48 X 3/16 Flt. Hd. Screw (BLUE-S034)
Tapepro Parts,Tapepro/Blue Line 3-48 X 5/16 FIt. Hd. Screw (TPRO-AT048),TPRO-AT048,0.65,Tapepro/Blue Line 3-48 X 5/16 FIt. Hd. Screw (BLUE-AT048)
Tapepro Parts,Tapepro/Blue Line 3.5 in. Carbide Blade (TPRO-CF10-22-3.5),TPRO-CF1022-90,41.2,Tapepro/Blue Line 3.5 in. Carbide Blade (BLUE-CF10-22-3.5)
Tapepro Parts,Tapepro/Blue Line 3.5 in. Corner Finisher Frame - Left (TPRO-CFX108-3.5),TPRO-CFA108-90,163.1,Tapepro/Blue Line 3.5 in. Corner Finisher Frame (Left)(BLUE-CFX108-3.5)
Tapepro Parts,Tapepro/Blue Line 3.5 in. Corner Finisher Frame - Right (TPRO-CFX123-3.5),TPRO-CFA123-90,163.1,Tapepro/Blue Line 3.5 in. Corner Finisher Frame (Right)(BLUE-CFX123-3.5)
Tapepro Parts,Tapepro/Blue Line 3.5 in. Spring (TPRO-CF005-3.5),TPRO-CF105-90,11.35,Tapepro/Blue Line 3.5 in. Spring (BLUE-CF005-3.5)
Tapepro Parts,Tapepro/Blue Line 3/4 in. Special Hex Nut (TPRO-P035),TPRO-P035,10.3,Tapepro/Blue Line 3/4 in. Special Hex Nut (BLUE-P035)
Tapepro Parts,Tapepro/Blue Line 3/8 - 16 X 1 in. Hex Hd. Screw (TPRO-P027),TPRO-P027,1.75,Tapepro/Blue Line 3/8 - 16 X 1 in. Hex Hd. Screw (BLUE-P027)
Tapepro Parts,Tapepro/Blue Line 3/8-24 Low Pro Hex Nut (TPRO-CR018),TPRO-CR018,1.1,Tapepro/Blue Line 3/8-24 Low Pro Hex Nut (BLUE-CR018)
Tapepro Parts,Tapepro/Blue Line 4-40 Cap Nut (TPRO-CB024),TPRO-CB024,1.2,Tapepro/Blue Line 4-40 Cap Nut (BLUE-CB024)
Tapepro Parts,Tapepro/Blue Line 4-40 Nylock (TPRO-AT122),TPRO-AT122,1,Tapepro/Blue Line 4-40 Nylock (BLUE-AT122)
Tapepro Parts,Tapepro/Blue Line 4-40 Thumb Screw (TPRO-AT126),TPRO-AT126,6.15,Tapepro/Blue Line 4-40 Thumb Screw (BLUE-AT126)
Tapepro Parts,Tapepro/Blue Line 4-40 X 1/2 B.H. Screw (TPRO-AT043),TPRO-AT043,0.85,Tapepro/Blue Line 4-40 X 1/2 B.H. Screw (BLUE-AT043)
Tapepro Parts,Tapepro/Blue Line 4-40 X 1/4 B.H. Screw (TPRO-AT041),TPRO-AT041,1,Tapepro/Blue Line 4-40 X 1/4 B.H. Screw (BLUE-AT041)
Tapepro Parts,Tapepro/Blue Line 4-40 X 1/4 Fil. Hd. Screw (TPRO-AT120),TPRO-AT120,0.75,Tapepro/Blue Line 4-40 X 1/4 Fil. Hd. Screw (BLUE-AT120)
Tapepro Parts,Tapepro/Blue Line 4-40 X 1/4 Set Screw Cup Pt. (TPRO-AT029),TPRO-AT029,1.1,Tapepro/Blue Line 4-40 X 1/4 Set Screw Cup Pt. (BLUE-AT029)
Tapepro Parts,Tapepro/Blue Line 4-40 x 1/8 in. BH Screw (TPRO-AT129),TPRO-AT129,1,Tapepro/Blue Line 4-40 x 1/8 in. BH Screw (BLUE-AT129)
Tapepro Parts,Tapepro/Blue Line 4-40 X 3/16 Fillister Hd. Screw (TPRO-AT134),TPRO-AT134,1,Tapepro/Blue Line 4-40 X 3/16 Fillister Hd. Screw (BLUE-AT134)
Tapepro Parts,Tapepro/Blue Line 4-40 X 3/16 FIt. Hd. Screw (TPRO-AT053),TPRO-AT053,0.85,Tapepro/Blue Line 4-40 X 3/16 FIt. Hd. Screw (BLUE-AT053)
Tapepro Parts,Tapepro/Blue Line 4-40 x 3/16 in. BH Screw (TPRO-AT009),TPRO-AT009,1.3,Tapepro/Blue Line 4-40 x 3/16 in. BH Screw (BLUE-AT009)
Tapepro Parts,"Tapepro/Blue Line 4-40 X 3/16 Set Screw, Cup Pt. (TPRO-CF007)",TPRO-CF007,1.2,"Tapepro/Blue Line 4-40 X 3/16 Set Screw, Cup Pt. (BLUE-CF007)"
Tapepro Parts,Tapepro/Blue Line 4-40 X 3/8 Fil. Hd. Screw (TPRO-F035),TPRO-F035,0.65,Tapepro/Blue Line 4-40 X 3/8 Fil. Hd. Screw (BLUE-F035)
Tapepro Parts,Tapepro/Blue Line 4-40 X 5/16 B.H. Screw (TPRO-AT062),TPRO-AT062,1.4,Tapepro/Blue Line 4-40 X 5/16 B.H. Screw (BLUE-AT062)
Tapepro Parts,Tapepro/Blue Line 4-40 X 5/16 Fillister Hd. Screw (TPRO-AT042),TPRO-AT042,1,Tapepro/Blue Line 4-40 X 5/16 Fillister Hd. Screw (BLUE-AT042)
Tapepro Parts,Tapepro/Blue Line 4-40 X 5/16 FIt. Hd. Screw (TPRO-AT052),TPRO-AT052,0.85,Tapepro/Blue Line 4-40 X 5/16 FIt. Hd. Screw (BLUE-AT052)
Tapepro Parts,Tapepro/Blue Line 4-40 x 5/32 in.  BH Screw (TPRO-AT128),TPRO-AT128,1,Tapepro/Blue Line 4-40 x 5/32 in. BH Screw (BLUE-AT128)
Tapepro Parts,Tapepro/Blue Line 4-40 x 5/32 in. Flat Hd Screw (TPRO-AT127),TPRO-AT127,1,Tapepro/Blue Line 4-40 x 5/32 in. Flat Hd Screw (BLUE-AT127)
Tapepro Parts,Tapepro/Blue Line 4-40 X 7/16 B.H. Screw (TPRO-AT226),TPRO-AT226,0.65,Tapepro/Blue Line 4-40 X 7/16 B.H. Screw (BLUE-AT226)
Tapepro Parts,Tapepro/Blue Line 5- 40 X 1 in. B. H. Screw (TPRO-AT232),TPRO-AT232,0.7,Tapepro/Blue Line 5- 40 X 1 in. B. H. Screw (BLUE-AT232)
Tapepro Parts,Tapepro/Blue Line 5-40  Nylock (TPRO-AT228),TPRO-AT228,1,Tapepro/Blue Line 5-40 Nylock (BLUE-AT228)
Tapepro Parts,Tapepro/Blue Line 5-40 X 1/8 B.H. Screw (TPRO-F007),TPRO-F007,0.75,Tapepro/Blue Line 5-40 X 1/8 B.H. Screw (BLUE-F007)
Tapepro Parts,Tapepro/Blue Line 5-40 X 5/16 B.H. Screw (TPRO-AT234),TPRO-AT234,0.55,Tapepro/Blue Line 5-40 X 5/16 B.H. Screw (BLUE-AT234)
Tapepro Parts,Tapepro/Blue Line 5/16 - 24 Low Pro Hex Nut (TPRO-P032),TPRO-P032,1,Tapepro/Blue Line 5/16 - 24 Low Pro Hex Nut (BLUE-P032)
Tapepro Parts,Tapepro/Blue Line 5/16 - 24 X 1-1/4 Hex Hd. Screw (TPRO-P001),TPRO-P001,1.7,Tapepro/Blue Line 5/16 - 24 X 1-1/4 Hex Hd. Screw (BLUE-P001)
Tapepro Parts,Tapepro/Blue Line 5/64 x 1/4 in. Roll Pin (TPRO-AT028),TPRO-AT028,1.1,Tapepro/Blue Line 5/64 x 1/4 in. Roll Pin (BLUE-AT028)
Tapepro Parts,Tapepro/Blue Line 5/64 x 3/4 in. Cotter (TPRO-AT114),TPRO-AT114,1,Tapepro/Blue Line 5/64 x 3/4 in. Cotter (BLUE-AT114)
Tapepro Parts,Tapepro/Blue Line 6-32 Nylok (TPRO-AT051),TPRO-AT051,0.75,Tapepro/Blue Line 6-32 Nylok (BLUE-AT051)
Tapepro Parts,Tapepro/Blue Line 6-32 Small Pattern Hex Nut (TPRO-S044),TPRO-S044,1.1,Tapepro/Blue Line 6-32 Small Pattern Hex Nut (BLUE-S044)
Tapepro Parts,Tapepro/Blue Line 6-32 X 1/2 Filstr Hd Screw (TPRO-B068),TPRO-B068,1.4,Tapepro/Blue Line 6-32 X 1/2 Filstr Hd Screw (BLUE-B068)
Tapepro Parts,Tapepro/Blue Line 6-32 X 1/2 Soc. Cap Screw (TPRO-AT112),TPRO-AT112,1.8,Tapepro/Blue Line 6-32 X 1/2 Soc. Cap Screw (BLUE-AT112)
Tapepro Parts,Tapepro/Blue Line 6-32 X 1/4 B.H. Screw (TPRO-AT039),TPRO-AT039,0.85,Tapepro/Blue Line 6-32 X 1/4 B.H. Screw (BLUE-AT039)
Tapepro Parts,Tapepro/Blue Line 6-32 X 1/4 Truss Hd. Screw (TPRO-CF019),TPRO-CF019,0.75,Tapepro/Blue Line 6-32 X 1/4 Truss Hd. Screw (BLUE-CF019)
Tapepro Parts,Tapepro/Blue Line 6-32 X 1/8 B.H. SCREW (TPRO-F057),TPRO-F057,1.05,Tapepro/Blue Line 6-32 X 1/8 B.H. SCREW (BLUE-F057)
Tapepro Parts,"Tapepro/Blue Line 6-32 X 1/8 in. Socket Set, Cup Pt. (TPRO-CF002)",TPRO-CF002,1.3,"Tapepro/Blue Line 6-32 X 1/8 in. Socket Set, Cup Pt. (BLUE-CF002)"
Tapepro Parts,Tapepro/Blue Line 6-32 X 3/16 B.H. Screw (TPRO-AT016),TPRO-AT016,0.65,Tapepro/Blue Line 6-32 X 3/16 B.H. Screw (BLUE-AT016)
Tapepro Parts,Tapepro/Blue Line 6-32 x 3/16 in. Filstr Hd Screw (TPRO-AT101),TPRO-AT101,1.3,Tapepro/Blue Line 6-32 x 3/16 in. Filstr Hd Screw (BLUE-AT101)
Tapepro Parts,Tapepro/Blue Line 6-32 X 3/8 B.H. Screw (TPRO-AT047),TPRO-AT047,1.4,Tapepro/Blue Line 6-32 X 3/8 B.H. Screw (BLUE-AT047)
Tapepro Parts,Tapepro/Blue Line 6-32 X 5/16 B.H. Screw (TPRO-S024),TPRO-S024,0.7,Tapepro/Blue Line 6-32 X 5/16 B.H. Screw (BLUE-S024)
Tapepro Parts,Tapepro/Blue Line 6-32 X 5/16 FIt. Hd. Screw (TPRO-AT236),TPRO-AT236,0.55,Tapepro/Blue Line 6-32 X 5/16 FIt. Hd. Screw (BLUE-AT236)
Tapepro Parts,Tapepro/Blue Line 6-32 X 7/16 Fil. Hd. Screw (TPRO-AT085),TPRO-AT085,0.85,Tapepro/Blue Line 6-32 X 7/16 Fil. Hd. Screw (BLUE-AT085)
Tapepro Parts,Tapepro/Blue Line 6/32 X 3/8 Flt. Hd. Screw (TPRO-AT080),TPRO-AT080,0.85,Tapepro/Blue Line 6/32 X 3/8 Flt. Hd. Screw (BLUE-AT080)
Tapepro Parts,Tapepro/Blue Line 8 or 10 in. Equalize Bar Only 2011-Newer (TPRO-F050-1-8),TPRO-F0501-200,29.55,Tapepro/Blue Line 8 or 10 in. Equalize Bar Only 2011-Newer (BLUE-F050-1-8)
Tapepro Parts,Tapepro/Blue Line 8-32 Nylock (TPRO-AT075),TPRO-AT075,0.85,Tapepro/Blue Line 8-32 Nylock (BLUE-AT075)
Tapepro Parts,Tapepro/Blue Line 8-32 x 1/4 in. Set Screw Cup Pt (TPRO-AT012),TPRO-AT012,1.4,Tapepro/Blue Line 8-32 x 1/4 in. Set Screw Cup Pt (BLUE-AT012)
Tapepro Parts,Tapepro/Blue Line 8-32 X 3/16 Set Screw Cup Pt. (TPRO-AT118),TPRO-AT118,1.55,Tapepro/Blue Line 8-32 X 3/16 Set Screw Cup Pt. (BLUE-AT118)
Tapepro Parts,Tapepro/Blue Line 8-32 X 3/4 Oval Hd. Screw (TPRO-FH016),TPRO-FH016,0.75,Tapepro/Blue Line 8-32 X 3/4 Oval Hd. Screw (BLUE-FH016)
Tapepro Parts,Tapepro/Blue Line 8-32 X 3/4 Truss Hd. Screw (TPRO-AT067),TPRO-AT067,0.85,Tapepro/Blue Line 8-32 X 3/4 Truss Hd. Screw (BLUE-AT067)
Tapepro Parts,Tapepro/Blue Line 8-32 X 3/8 in.  B.H. Screw (TPRO-CB019),TPRO-CB019,0.75,Tapepro/Blue Line 8-32 X 3/8 in. B.H. Screw (BLUE-CB019)
Tapepro Parts,Tapepro/Blue Line 8-32 X 3/8 Set Screw (TPRO-AT109),TPRO-AT109,1.5,Tapepro/Blue Line 8-32 X 3/8 Set Screw (BLUE-AT109)
Tapepro Parts,Tapepro/Blue Line 8-32 X 5/8 B.H. Screw (TPRO-FH008),TPRO-FH008,0.75,Tapepro/Blue Line 8-32 X 5/8 B.H. Screw (BLUE-FH008)
Tapepro Parts,Tapepro/Blue Line 8-32 X 7/16 Fillister Hd. Screw (TPRO-AT021),TPRO-AT021,0.85,Tapepro/Blue Line 8-32 X 7/16 Fillister Hd. Screw (BLUE-AT021)
Tapepro Parts,Tapepro/Blue Line 8-32 X 7/8 B.H. Screw (TPRO-F021),TPRO-F021,0.85,Tapepro/Blue Line 8-32 X 7/8 B.H. Screw (BLUE-F021)
Tapepro Parts,Tapepro/Blue Line Adaptor Ring (TPRO-CR011),TPRO-CR011,14.8,Tapepro/Blue Line Adaptor Ring (BLUE-CR011)
Tapepro Parts,Tapepro/Blue Line Angle Bracket (TPRO-S035),TPRO-S035,12.5,Tapepro/Blue Line Angle Bracket (BLUE-S035)
Tapepro Parts,Tapepro/Blue Line Axle (TPRO-CB014),TPRO-CB014,14.85,Tapepro/Blue Line Axle (BLUE-CB014)
Tapepro Parts,Tapepro/Blue Line Axle Bearing Liner (TPRO-AT081),TPRO-AT081,2.25,Tapepro/Blue Line Axle Bearing Liner (BLUE-AT081)
Tapepro Parts,Tapepro/Blue Line Axle Drive (TPRO-AT018),TPRO-AT018,37,Tapepro/Blue Line Axle Drive (BLUE-AT018)
Tapepro Parts,Tapepro/Blue Line Back Up Roller Bracket Assembly (TPRO-ATA038),TPRO-ATA038,47.85,Tapepro/Blue Line Back Up Roller Bracket Assembly (BLUE-ATA038)
Tapepro Parts,Tapepro/Blue Line Backup Axle Holder Lever (TPRO-AT084),TPRO-AT084,16.15,Tapepro/Blue Line Backup Axle Holder Lever (BLUE-AT084)
Tapepro Parts,Tapepro/Blue Line Backup Roller Assy (Brake) (TPRO-ATA089),TPRO-ATA089,11.85,Tapepro/Blue Line Backup Roller Assy (Brake) (BLUE-ATA089)
Tapepro Parts,Tapepro/Blue Line Backup Roller Axle (TPRO-AT087),TPRO-AT087,1.8,Tapepro/Blue Line Backup Roller Axle (BLUE-AT087)
Tapepro Parts,Tapepro/Blue Line Ball Retainer (TPRO-CF020),TPRO-CF020,5.05,Tapepro/Blue Line Ball Retainer (BLUE-CF020)
Tapepro Parts,Tapepro/Blue Line Ball Socket (TPRO-CF018),TPRO-CF018,14.75,Tapepro/Blue Line Ball Socket (BLUE-CF018)
Tapepro Parts,Tapepro/Blue Line Ball w/Handle Assembly  (TPRO-PA039C),TPRO-PA039,101.3,Tapepro/Blue Line Ball w/Handle Assembly (BLUE-PA039C)
Tapepro Parts,Tapepro/Blue Line Band (TPRO-AT235),TPRO-AT235,30.85,Tapepro/Blue Line Band (BLUE-AT235)
Tapepro Parts,Tapepro/Blue Line Band (TPRO-AT237),TPRO-AT237,30.85,Tapepro/Blue Line Band (BLUE-AT237)
Tapepro Parts,Tapepro/Blue Line Band (TPRO-AT238),TPRO-AT238,30.85,Tapepro/Blue Line Band (BLUE-AT238)
Tapepro Parts,Tapepro/Blue Line Band (TPRO-AT240),TPRO-AT240,30.85,Tapepro/Blue Line Band (BLUE-AT240)
Tapepro Parts,Tapepro/Blue Line Bearing Liner (TPRO-AT056),TPRO-AT056,2.45,Tapepro/Blue Line Bearing Liner (BLUE-AT056)
Tapepro Parts,Tapepro/Blue Line Bearing Liner (TPRO-AT096),TPRO-AT096,2.25,Tapepro/Blue Line Bearing Liner (BLUE-AT096)
Tapepro Parts,Tapepro/Blue Line Bell Washer (TPRO-S022),TPRO-S022,4.25,Tapepro/Blue Line Bell Washer (BLUE-S022)
Tapepro Parts,Tapepro/Blue Line Black Band Knob (TPRO-ATK027),TPRO-ATK027,9.05,Tapepro/Blue Line Black Band Knob (BLUE-ATK027)
Tapepro Parts,Tapepro/Blue Line Blade Holder Tab (TPRO-F044),TPRO-F044,2,Tapepro/Blue Line Blade Holder Tab (BLUE-F044)
Tapepro Parts,Tapepro/Blue Line Brake Washer (TPRO-FHX029),TPRO-FHX029,51.15,Tapepro/Blue Line Brake Washer (BLUE-FHX029)
Tapepro Parts,Tapepro/Blue Line Bushing  (TPRO-AT007),TPRO-AT007,20.75,Tapepro/Blue Line Bushing (BLUE-AT007)
Tapepro Parts,Tapepro/Blue Line Bushing (TPRO-AT066),TPRO-AT066,6.6,Tapepro/Blue Line Bushing (BLUE-AT066)
Tapepro Parts,Tapepro/Blue Line Bushing (TPRO-AT091),TPRO-AT091,30.45,Tapepro/Blue Line Bushing (BLUE-AT091)
Tapepro Parts,Tapepro/Blue Line Bushing (TPRO-AT216),TPRO-AT216,7.05,Tapepro/Blue Line Bushing (BLUE-AT216)
Tapepro Parts,Tapepro/Blue Line Bushing (TPRO-CR002),TPRO-CR002,6.55,Tapepro/Blue Line Bushing (BLUE-CR002)
Tapepro Parts,Tapepro/Blue Line Bushing (TPRO-CR010),TPRO-CR010,7.75,Tapepro/Blue Line Bushing (BLUE-CR010)
Tapepro Parts,Tapepro/Blue Line Bushing (TPRO-P008),TPRO-P008,6.75,Tapepro/Blue Line Bushing (BLUE-P008)
Tapepro Parts,Tapepro/Blue Line Bushing (TPRO-P013),TPRO-P013,10.65,Tapepro/Blue Line Bushing (BLUE-P013)
Tapepro Parts,Tapepro/Blue Line Cable Drum Hard Anodized (TPRO-AT023H),TPRO-AT023H,58.4,Tapepro/Blue Line Cable Drum Hard Anodized (BLUE-AT023H)
Tapepro Parts,Tapepro/Blue Line Cable Drum Thrust Washer (TPRO-AT094),TPRO-AT094,2.25,Tapepro/Blue Line Cable Drum Thrust Washer (BLUE-AT094)
Tapepro Parts,Tapepro/Blue Line Cable Sheave (TPRO-AT077),TPRO-AT077,8.05,Tapepro/Blue Line Cable Sheave (BLUE-AT077)
Tapepro Parts,Tapepro/Blue Line Cable Sheave Bearing (TPRO-AT076),TPRO-AT076,6.4,Tapepro/Blue Line Cable Sheave Bearing (BLUE-AT076)
Tapepro Parts,Tapepro/Blue Line Cam (TPRO-AT044),TPRO-AT044,35.15,Tapepro/Blue Line Cam (BLUE-AT044)
Tapepro Parts,Tapepro/Blue Line Carbide (TPRO-AT136),TPRO-AT136,14.35,Tapepro/Blue Line Carbide (BLUE-AT136)
Tapepro Parts,Tapepro/Blue Line Chain (TPRO-P037),TPRO-P037,4.4,Tapepro/Blue Line Chain (BLUE-P037)
Tapepro Parts,Tapepro/Blue Line Chain Guide (TPRO-AT252),TPRO-AT252,12.6,Tapepro/Blue Line AT252 Chain Guide is designed to help eliminate slack in your loose main chain.
Tapepro Parts,Tapepro/Blue Line Clamp  (TPRO-P052),TPRO-P052,33.6,Tapepro/Blue Line Clamp (BLUE-P052)
Tapepro Parts,Tapepro/Blue Line Cone Assembly  (TPRO-CBA005),TPRO-CBA005A,156.8,Tapepro/Blue Line Cone Assembly (BLUE-CBA005)
Tapepro Parts,Tapepro/Blue Line Connector Plate (TPRO-FH001),TPRO-FH001,50.2,Tapepro/Blue Line Connector Plate (BLUE-FH001)
Tapepro Parts,Tapepro/Blue Line Control Tube (Anodized) (TPRO-AT227A),TPRO-AT227A,59.75,Tapepro/Blue Line Control Tube (Anodized) (BLUE-AT227A)
Tapepro Parts,Tapepro/Blue Line Control Tube Bracket (TPRO-AT224),TPRO-AT224,49.35,Tapepro/Blue Line Control Tube Bracket (BLUE-AT224)
Tapepro Parts,Tapepro/Blue Line Control Tube Extension (TPRO-AT222),TPRO-AT222,24.2,Tapepro/Blue Line Control Tube Extension (BLUE-AT222)
Tapepro Parts,Tapepro/Blue Line Control Tube Pull Ring (TPRO-AT254),TPRO-AT254,28.55,Tapepro/Blue Line AT25 Control Tube Pull Ring
Tapepro Parts,Tapepro/Blue Line Control Tube Roller (TPRO-AT231),TPRO-AT231,5.4,Tapepro/Blue Line Control Tube Roller (BLUE-AT231)
Tapepro Parts,Tapepro/Blue Line Control Tube Roller Bushing (TPRO-AT230),TPRO-AT230,5.5,Tapepro/Blue Line Control Tube Roller Bushing (BLUE-AT230)
Tapepro Parts,Tapepro/Blue Line Control Tube Stop (TPRO-AT107),TPRO-AT107,15.05,Tapepro/Blue Line Control Tube Stop (BLUE-AT107)
Tapepro Parts,Tapepro/Blue Line Corner Box Handle Adapter (TPRO-XH023),TPRO-XH023,17.35,Tapepro/Blue Line Corner Box Adaptor for XH Handle (BLUE-XH023)
Tapepro Parts,Tapepro/Blue Line Corner Finisher Handle Adapter (TPRO-CFA024),TPRO-CFA024,43,Tapepro/Blue Line Ball Shaft Assembly (BLUE-CFA024)
Tapepro Parts,Tapepro/Blue Line Corner Finisher Skid (TPRO-CF013),TPRO-CF013,11.2,Tapepro/Blue Line Corner Finisher Skid (BLUE-CF013)
Tapepro Parts,Tapepro/Blue Line Cover Plate (TPRO-AT055),TPRO-AT055,27.45,Tapepro/Blue Line Cover Plate (BLUE-AT055)
Tapepro Parts,Tapepro/Blue Line Creaser Arm (Left) (TPRO-AT015),TPRO-AT015,20.1,Tapepro/Blue Line Creaser Arm (Left) (BLUE-AT015)
Tapepro Parts,Tapepro/Blue Line Creaser Arm (Right) (TPRO-AT014),TPRO-AT014,20.1,Tapepro/Blue Line Creaser Arm (Right) (BLUE-AT014)
Tapepro Parts,Tapepro/Blue Line Creaser Arm Bushing (Left) (TPRO-AT017),TPRO-AT017,14.9,Tapepro/Blue Line Creaser Arm Bushing (Left) (BLUE-AT017)
Tapepro Parts,Tapepro/Blue Line Creaser Arm Bushing (Right) (TPRO-AT006),TPRO-AT006,19.2,Tapepro/Blue Line Creaser Arm Bushing (Right) (BLUE-AT006)
Tapepro Parts,Tapepro/Blue Line Creaser Cable (TPRO-AT218),TPRO-AT218,18.35,Tapepro/Blue Line Creaser Cable (BLUE-AT218)
Tapepro Parts,Tapepro/Blue Line Creaser Cable Clamp (TPRO-AT135),TPRO-AT135,8.55,Tapepro/Blue Line Creaser Cable Clamp (BLUE-AT135)
Tapepro Parts,Tapepro/Blue Line Creaser Return Spring (TPRO-AT005),TPRO-AT005,2.85,Tapepro/Blue Line Creaser Return Spring (BLUE-AT005)
Tapepro Parts,Tapepro/Blue Line Creaser Stop (TPRO-AT138),TPRO-AT138,3.6,Tapepro/Blue Line Creaser Stop (BLUE-AT138)
Tapepro Parts,Tapepro/Blue Line Creaser Strap (TPRO-AT214),TPRO-AT214,18.65,Tapepro/Blue Line Creaser Strap (BLUE-AT214)
Tapepro Parts,Tapepro/Blue Line Creaser Trigger  (TPRO-AT212C),TPRO-AT212,43.8,Tapepro/Blue Line Creaser Trigger (BLUE-AT212C)
Tapepro Parts,Tapepro/Blue Line Creaser Wheel (TPRO-AT003),TPRO-AT003,10.95,Tapepro/Blue Line Creaser Wheel (BLUE-AT003)
Tapepro Parts,Tapepro/Blue Line Creaser Wheel Bushing (TPRO-AT002),TPRO-AT002,6.7,Tapepro/Blue Line Creaser Wheel Bushing (BLUE-AT002)
Tapepro Parts,Tapepro/Blue Line Creaser Wheel Washer (TPRO-AT092),TPRO-AT092,4.85,Tapepro/Blue Line Creaser Wheel Washer (BLUE-AT092)
Tapepro Parts,Tapepro/Blue Line Cutter Block (TPRO-AT030),TPRO-AT030,32.1,Tapepro/Blue Line Cutter Block (BLUE-AT030)
Tapepro Parts,Tapepro/Blue Line Cutter Block Assembly  (TPRO-ATA030),TPRO-ATA030,119.15,Tapepro/Blue Line Cutter Block Assembly (BLUE-ATA030)
Tapepro Parts,Tapepro/Blue Line Cutter Block Clamp (TPRO-AT106),TPRO-AT106,14.05,Tapepro/Blue Line Cutter Block Clamp (BLUE-AT106)
Tapepro Parts,Tapepro/Blue Line Cutter Chain  (TPRO-AT034),TPRO-AT034SS,36,Tapepro/Blue Line Cutter Chain (BLUE-AT034)
Tapepro Parts,Tapepro/Blue Line Cutter Spring (TPRO-AT110),TPRO-AT110,12.25,Tapepro/Blue Line Cutter Spring (BLUE-AT110)
Tapepro Parts,Tapepro/Blue Line Cutter Tube (TPRO-AT063),TPRO-AT063,47.75,Tapepro/Blue Line Cutter Tube (BLUE-AT063)
Tapepro Parts,Tapepro/Blue Line Disengaging Rod Assembly (TPRO-ATA036),TPRO-ATA036,115.45,Tapepro/Blue Line Disengaging Rod Assembly (BLUE-ATA036)
Tapepro Parts,Tapepro/Blue Line Dowel Pin (Drive Dog) (TPRO-AT032),TPRO-AT032,1.8,Tapepro/Blue Line Dowel Pin (Drive Dog) (BLUE-AT032)
Tapepro Parts,Tapepro/Blue Line Dowel Pin Head (TPRO-AT025),TPRO-AT025,2.75,Tapepro/Blue Line Dowel Pin Head (BLUE-AT025)
Tapepro Parts,"Tapepro/Blue Line Dowel Pin, Head (TPRO-AT046)",TPRO-AT046,2.85,"Tapepro/Blue Line Dowel Pin, Head (BLUE-AT046)"
Tapepro Parts,Tapepro/Blue Line Drive Axle (TPRO-AT035),TPRO-AT035,49.1,Tapepro/Blue Line Drive Axle (BLUE-AT035)
Tapepro Parts,Tapepro/Blue Line Drive Chain Stainless Steel (TPRO-AT079),TPRO-AT079S,70.7,Tapepro/Blue Line Drive Chain Stainless Steel (BLUE-AT079)
Tapepro Parts,Tapepro/Blue Line Drive Dog Axle (TPRO-AT024),TPRO-AT024,8.55,Tapepro/Blue Line Drive Dog Axle (BLUE-AT024)
Tapepro Parts,Tapepro/Blue Line Drive Dog Holder (TPRO-AT033),TPRO-AT033,39.65,Tapepro/Blue Line Drive Dog Holder (BLUE-AT033)
Tapepro Parts,Tapepro/Blue Line Drive Dog Spring (TPRO-AT130),TPRO-AT130,4.1,Tapepro/Blue Line Drive Dog Spring (BLUE-AT130)
Tapepro Parts,Tapepro/Blue Line Drive Dog with Pin (TPRO-ATA026),TPRO-ATA026,74.35,Tapepro/Blue Line Drive Dog with Pin (BLUE-ATA026)
Tapepro Parts,Tapepro/Blue Line Driven Axle Bushing (TPRO-AT057),TPRO-AT057,24.7,Tapepro/Blue Line Driven Axle Bushing (BLUE-AT057)
Tapepro Parts,Tapepro/Blue Line End Ring (Coated) (TPRO-AT211C),TPRO-AT211,28.55,Tapepro/Blue Line End Ring (Coated) (BLUE-AT211C)
Tapepro Parts,Tapepro/Blue Line Engaging Cam (TPRO-AT123),TPRO-AT123,17,Tapepro/Blue Line Engaging Cam (BLUE-AT123)
Tapepro Parts,Tapepro/Blue Line Extension Stop (TPRO-AT093),TPRO-AT093,4.85,Tapepro/Blue Line Extension Stop (BLUE-AT093)
Tapepro Parts,Tapepro/Blue Line Extension Tube (TPRO-AT054),TPRO-AT054,20.75,Tapepro/Blue Line Extension Tube (BLUE-AT054)
Tapepro Parts,Tapepro/Blue Line Fender Washer 1-1/4 in. (TPRO-CR017),TPRO-CR017,4.5,Tapepro/Blue Line Fender Washer 1-1/4 in. (BLUE-CR017)
Tapepro Parts,Tapepro/Blue Line Filler Tube Assembly (TPRO-ATA097),TPRO-ATA097,57.5,Tapepro/Blue Line Filler Tube Assembly (BLUE-ATA097)
Tapepro Parts,Tapepro/Blue Line Filler Valve (TPRO-CB008),TPRO-CB008,13.3,Tapepro/Blue Line Filler Valve (BLUE-CB008)
Tapepro Parts,Tapepro/Blue Line Filler Valve Housing and Bushing (TPRO-PA034),TPRO-PA034,57.5,Tapepro/Blue Line Filler Valve Housing and Bushing (BLUE-PA034)
Tapepro Parts,Tapepro/Blue Line Flanged Bushing (TPRO-F004),TPRO-F004,5.55,Tapepro/Blue Line Flanged Bushing (BLUE-F004)
Tapepro Parts,Tapepro/Blue Line Flanged Bushing (TPRO-F032),TPRO-F032,9.4,Tapepro/Blue Line Flanged Bushing (BLUE-F032)
Tapepro Parts,"Tapepro/Blue Line Flat Blade Holder Retainers (TPRO-F011-8, BLUE-F011-10, BLUE-F011-12)",TPRO-F011,72.95,"Tapepro/Blue Line Blade Holder Retainers (BLUE-F011-8, BLUE-F011-10, BLUE-F011-12)"
Tapepro Parts,"Tapepro/Blue Line Flat Box Axle Wipers (TPRO-F017-8, BLUE-F017-10, BLUE-F017-12)",TPRO-F017,16.25,"Tapepro/Blue Line Axle Wipers (BLUE-F017-8, BLUE-F017-10, BLUE-F017-12)"
Tapepro Parts,"Tapepro/Blue Line Flat Box Blade Holder (TPRO-F039-8, BLUE-F039-10, BLUE-F039-12)",TPRO-F039,77.2,"Tapepro/Blue Line Flat Box Blade Holder (BLUE-F039-8, BLUE-F039-10, BLUE-F039-12)"
Tapepro Parts,"Tapepro/Blue Line Flat Box Blades (TPRO-F009-8, BLUE-F009-10, BLUE-F009-12)",TPRO-F009,3.95,"Tapepro/Blue Line Flat Box Blades (BLUE-F009-8, BLUE-F009-10, BLUE-F009-12)"
Tapepro Parts,"Tapepro/Blue Line Flat Box Handle Connector Strap (TPRO-FH011-3, BLUE-FH011-42, BLUE-FH011-4, BLUE-FH011-5, BLUE-FH011-6)",TPRO-FH011,14.05,"Tapepro/Blue Line Flat Box Handle Connector Strap (BLUE-FH011-3, BLUE-FH011-42, BLUE-FH011-4, BLUE-FH011-5, BLUE-FH011-6)"
Tapepro Parts,"Tapepro/Blue Line Flat Box Pressure Plate Axle (TPRO-F025-8, BLUE-F025-10, BLUE-F025-12)",TPRO-F025,19.5,"Tapepro/Blue Line Flat Box Pressure Plate Axle, Tapepro Flat Box parts, Tapepro part, Tapepro taping tool part, taping tool parts, automatic taping tools, automatic taping tool parts"
Tapepro Parts,"Tapepro/Blue Line Flat Box Pressure Plate Wiper (TPRO-F030-8, BLUE-F030-10, BLUE-F030-12)",TPRO-F030,44.25,"Tapepro/Blue Line Flat Box Pressure Plate Wiper (BLUE-F030-8, BLUE-F030-10, BLUE-F030-12)"
Tapepro Parts,Tapepro/Blue Line Flat Box Skid (TPRO-F006),TPRO-F006,2.95,Tapepro/Blue Line Flat Box Skid (Right) (BLUE-F006)
Tapepro Parts,Tapepro/Blue Line Flat Box Skid (TPRO-F024),TPRO-F024,2.95,Tapepro/Blue Line Flat Box Skid (Left) (BLUE-F024)
Tapepro Parts,"Tapepro/Blue Line Flat Box Wheel Axles (TPRO-F018-8, BLUE-F018-10, BLUE-F018-12)",TPRO-F018,18.95,"Tapepro/Blue Line Wheel Axles (BLUE-F018-8, BLUE-F018-10, BLUE-F018-12)"
Tapepro Parts,Tapepro/Blue Line Gate Plate (TPRO-AT102),TPRO-AT102,4.6,Tapepro/Blue Line Gate Plate (BLUE-AT102)
Tapepro Parts,Tapepro/Blue Line Gate Valve (TPRO-AT068),TPRO-AT068,8.75,Tapepro/Blue Line Gate Valve (BLUE-AT068)
Tapepro Parts,Tapepro/Blue Line Gate Valve Axle (TPRO-AT061),TPRO-AT061,29.75,Tapepro/Blue Line Gate Valve Axle (BLUE-AT061)
Tapepro Parts,Tapepro/Blue Line Gate Valve Cam (TPRO-AT060),TPRO-AT060,56.3,Tapepro/Blue Line Gate Valve Cam (BLUE-AT060)
Tapepro Parts,Tapepro/Blue Line Gate Valve Connector (TPRO-AT117),TPRO-AT117,6.55,Tapepro/Blue Line Gate Valve Connector (BLUE-AT117)
Tapepro Parts,Tapepro/Blue Line Handle Adapter Stud (TPRO-S028),TPRO-S028,13,Tapepro/Blue Line Handle Adapter Stud (BLUE-S028)
Tapepro Parts,Tapepro/Blue Line Handle Bracket (TPRO-CB021),TPRO-CB021,107.35,Tapepro/Blue Line Handle Bracket (BLUE-CB021)
Tapepro Parts,Tapepro/Blue Line Handle End (TPRO-CR014),TPRO-CR014,16.7,Tapepro/Blue Line Handle End (BLUE-CR014)
Tapepro Parts,Tapepro/Blue Line Handle End (TPRO-CR016),TPRO-CR016,16.7,Tapepro/Blue Line Handle End (BLUE-CR016)
Tapepro Parts,Tapepro/Blue Line Handle Grip  (TPRO-FH009C),TPRO-FH009,41.8,Tapepro/Blue Line Handle Grip (BLUE-FH009C)
Tapepro Parts,Tapepro/Blue Line Handle Pivot Axle (TPRO-S037),TPRO-S037,15.15,Tapepro/Blue Line Handle Pivot Axle (BLUE-S037)
Tapepro Parts,Tapepro/Blue Line Handle Shaft  (TPRO-CR013),TPRO-CR013,11.3,Tapepro/Blue Line Handle Shaft (BLUE-CR013)
Tapepro Parts,Tapepro/Blue Line Handle Sleeve (TPRO-FH012C),TPRO-FH012,76.3,Tapepro/Blue Line Handle Sleeve (BLUE-FH012C)
Tapepro Parts,Tapepro/Blue Line Handle Tube (Anodized) (TPRO-CR015A),TPRO-CR015A,67.8,Tapepro/Blue Line Handle Tube (Anodized) (BLUE-CR015A)
Tapepro Parts,Tapepro/Blue Line HARDENED DOWELL 3/32X1/4 (TPRO-FHX036),TPRO-FHX036,6.15,Tapepro/Blue Line HARDENED DOWELL 3/32X1/4 (BLUE-FHX036)
Tapepro Parts,Tapepro/Blue Line Head Casting (TPRO-CR001),TPRO-CR001,113.15,Tapepro/Blue Line Head Casting (BLUE-CR001)
Tapepro Parts,Tapepro/Blue Line Keeper Socket (TPRO-AT208),TPRO-AT208,8.7,Tapepro/Blue Line Keeper Socket (BLUE-AT208)
Tapepro Parts,Tapepro/Blue Line Leaf Spring & Stud Assembly (TPRO-SA011),TPRO-SA011,21.95,Tapepro/Blue Line Leaf Spring & Stud Assembly (BLUE-SA011)
Tapepro Parts,Tapepro/Blue Line Leaf Spring (TPRO-S011),TPRO-S011,4.65,Tapepro/Blue Line Leaf Spring (BLUE-S011)
Tapepro Parts,Tapepro/Blue Line Lever Assembly (TPRO-FA003),TPRO-FA003,23.45,Tapepro/Blue Line Lever Assembly (BLUE-FA003)
Tapepro Parts,Tapepro/Blue Line Link (TPRO-P016),TPRO-P016D,22.9,Tapepro/Blue Line Link (BLUE-P016)
Tapepro Parts,Tapepro/Blue Line Lock Block (TPRO-B163),TPRO-B163,17.5,Tapepro/Blue Line Lock Block (BLUE-B163)
Tapepro Parts,Tapepro/Blue Line Locking Cam (TPRO-FH005),TPRO-FH005,17.3,Tapepro/Blue Line Locking Cam (BLUE-FH005)
Tapepro Parts,Tapepro/Blue Line Lower Clip Assembly Blue 2 (TPRO-CFA116),TPRO-CFA116,18.35,Tapepro/Blue Line Lower Clip Assembly Blue 2 (BLUE-CFA116)
Tapepro Parts,Tapepro/Blue Line Main Tube (Anodized)  Old Style W/ Screws (TPRO-AT200A),TPRO-AT200A,114.2,Tapepro/Blue Line Main Tube (Anodized) Old Style W/ Screws (BLUE-AT200A)
Tapepro Parts,"Tapepro/Blue Line Main Tube, (Anodized)  Quick Disconnect (TPRO-ATK200A)",TPRO-ATK200A,114.2,"Tapepro/Blue Line Main Tube, (Anodized) Quick Disconnect (BLUE-ATK200A)"
Tapepro Parts,Tapepro/Blue Line Mud Outlet w/Pin (TPRO-PA038),TPRO-PA038,38.75,Tapepro/Blue Line Mud Outlet w/Pin (BLUE-PA038)
Tapepro Parts,"Tapepro/Blue Line Nail Spotter Axle Wipers (TPRO-S012-2, BLUE-S012-3)",TPRO-S012,11.55,"Tapepro/Blue Line Nail Spotter Axle Wipers (BLUE-S012-2, BLUE-S012-3)"
Tapepro Parts,"Tapepro/Blue Line Nail Spotter Blade Clamp (TPRO-S050-2, BLUE-S050-3)",TPRO-S050,20,"Tapepro/Blue Line Nail Spotter Blade Clamp (BLUE-S050-2, BLUE-S050-3)"
Tapepro Parts,"Tapepro/Blue Line Nail Spotter Blade Holder (TPRO-S004-2, BLUE-S004-3)",TPRO-S004,34.7,"Tapepro/Blue Line Nail Spotter Blade Holder (BLUE-S004-2, BLUE-S004-3)"
Tapepro Parts,"Tapepro/Blue Line Nail Spotter Blades (TPRO-S005-2, BLUE-S005-3)",TPRO-S005,20.3,"Tapepro/Blue Line Nail Spotter Blades (BLUE-S005-2, BLUE-S005-3)"
Tapepro Parts,"Tapepro/Blue Line Nail Spotter Orifice Plate (TPRO-S002-2, BLUE-S003)",TPRO-S002,19.75,"Tapepro/Blue Line Nail Spotter Orifice Plate (BLUE-S002-2, BLUE-S003)"
Tapepro Parts,"Tapepro/Blue Line Nail Spotter Pressure Plate (TPRO-S019-2, BLUE-S019-3)",TPRO-S019,22.6,"Tapepro/Blue Line Nail Spotter Pressure Plate (BLUE-S019-2, BLUE-S019-3)"
Tapepro Parts,"Tapepro/Blue Line Nail Spotter Pressure Plate Axle (TPRO-S018-2, BLUE-S018-3)",TPRO-S018,11.9,"Tapepro/Blue Line Nail Spotter Pressure Plate Axle (BLUE-S018-2, BLUE-S018-3)"
Tapepro Parts,Tapepro/Blue Line Nail Spotter Spring (TPRO-S052),TPRO-S052,6.1,Tapepro/Blue Line Nail Spotter Spring (BLUE-S052)
Tapepro Parts,Tapepro/Blue Line Nail Spotter Tire & Wheel Assembly (TPRO-SA015),TPRO-SA015,9.85,Tapepro/Blue Line Tire Nail Spotter Replacement & Wheel Assembly (BLUE-SA015)
Tapepro Parts,Tapepro/Blue Line Nail Spotter Wheel Axle (TPRO-S013-2),TPRO-S013-55,12.85,"Tapepro/Blue Line Nail Spotter Wheel Axle (BLUE-S013-2, BLUE-S013-3)"
Tapepro Parts,Tapepro/Blue Line Nail Spotter Wheel Axle (TPRO-S013-3),TPRO-S013-75,12.85,"Tapepro/Blue Line Nail Spotter Wheel Axle (BLUE-S013-2, BLUE-S013-3)"
Tapepro Parts,Tapepro/Blue Line Needle Holder (TPRO-AT071),TPRO-AT071,23.05,Tapepro/Blue Line Needle Holder (BLUE-AT071)
Tapepro Parts,Tapepro/Blue Line Needle Holder Housing (TPRO-AT073),TPRO-AT073,36.25,Tapepro/Blue Line Needle Holder Housing (BLUE-AT073)
Tapepro Parts,Tapepro/Blue Line Nyliner,TPRO-F008,4.45,Tapepro/Blue Line Nyliner (BLUE-F008)
Tapepro Parts,Tapepro/Blue Line Nyliner (TPRO-AT095),TPRO-AT095,6.2,Tapepro/Blue Line Nyliner (BLUE-AT095)
Tapepro Parts,Tapepro/Blue Line Nyliner Bearing (TPRO-B051),TPRO-B051,4.05,Tapepro/Blue Line Nyliner Bearing (BLUE-B051)
Tapepro Parts,Tapepro/Blue Line Nyliner Bushing (TPRO-S017),TPRO-S017,2.15,Tapepro/Blue Line Nyliner Bushing (BLUE-S017)
Tapepro Parts,Tapepro/Blue Line Nyliner Bushing (TPRO-S039),TPRO-S039,2.15,Tapepro/Blue Line Nyliner Bushing (BLUE-S039)
Tapepro Parts,Tapepro/Blue Line O-Ring (TPRO-AT103),TPRO-AT103,1.45,Tapepro/Blue Line O-Ring (BLUE-AT103)
Tapepro Parts,Tapepro/Blue Line O-Ring (TPRO-P036),TPRO-P036,1.3,Tapepro/Blue Line O-Ring (BLUE-P036)
Tapepro Parts,Tapepro/Blue Line O-Ring (TPRO-P051),TPRO-P051,2.75,Tapepro/Blue Line O-Ring (BLUE-P051)
Tapepro Parts,Tapepro/Blue Line O-Ring Quick Release (TPRO-ATK141),TPRO-ATK141,2.95,Tapepro/Blue Line O-Ring Quick Release (BLUE-ATK141)
Tapepro Parts,Tapepro/Blue Line O-Ring Retainer (TPRO-AT105),TPRO-AT105,11.55,Tapepro/Blue Line O-Ring Retainer (BLUE-AT105)
Tapepro Parts,Tapepro/Blue Line Piston (TPRO-AT245),TPRO-AT245,39.45,Tapepro/Blue Line Piston (BLUE-AT245)
Tapepro Parts,Tapepro/Blue Line Piston Bolt (TPRO-AT247),TPRO-AT247,14.65,Tapepro/Blue Line Piston Bolt (BLUE-AT247)
Tapepro Parts,Tapepro/Blue Line Piston Disc (TPRO-P002),TPRO-P002,14.1,Tapepro/Blue Line Piston Disc (BLUE-P002)
Tapepro Parts,Tapepro/Blue Line Piston O-Ring (TPRO-P004),TPRO-P004,1.35,Tapepro/Blue Line Piston O-Ring (BLUE-P004)
Tapepro Parts,Tapepro/Blue Line Piston Rod (TPRO-P007),TPRO-P007,43.35,Tapepro/Blue Line Piston Rod (BLUE-P007)
Tapepro Parts,Tapepro/Blue Line Piston Wiper (TPRO-P003),TPRO-P003,22.65,Tapepro/Blue Line Piston Wiper (BLUE-P003)
Tapepro Parts,Tapepro/Blue Line Pivot Pin (TPRO-FH004),TPRO-FH004,18.95,Tapepro/Blue Line Pivot Pin (BLUE-FH004)
Tapepro Parts,Tapepro/Blue Line Plastic Bushing (TPRO-P030),TPRO-P030,10.95,Tapepro/Blue Line Plastic Bushing (BLUE-P030)
Tapepro Parts,Tapepro/Blue Line Plunger Cable (TPRO-AT248),TPRO-AT248,22.5,Tapepro/Blue Line Plunger Cable (BLUE-AT248)
Tapepro Parts,Tapepro/Blue Line Plunger Cup Wiper (TPRO-AT243),TPRO-AT2431,29.85,Tapepro/Blue Line Plunger Cup Wiper (BLUE-AT243)
Tapepro Parts,Tapepro/Blue Line Post Base (TPRO-S025),TPRO-S025,54.25,Tapepro/Blue Line Post Base (BLUE-S025)
Tapepro Parts,Tapepro/Blue Line Post Keeper (TPRO-AT205),TPRO-AT205,9.95,Tapepro/Blue Line Post Keeper (BLUE-AT205)
Tapepro Parts,Tapepro/Blue Line Post Washer (TPRO-AT204),TPRO-AT204,11.85,Tapepro/Blue Line Post Washer (BLUE-AT204)
Tapepro Parts,Tapepro/Blue Line Pressure Plate (TPRO-CB018),TPRO-CB018,26.55,Tapepro/Blue Line Pressure Plate (BLUE-CB018)
Tapepro Parts,Tapepro/Blue Line Pressure Plate Spring (TPRO-F042),TPRO-F042,16.25,Tapepro/Blue Line Pressure Plate Spring (BLUE-F042)
Tapepro Parts,Tapepro/Blue Line Pressure Plate Wiper (TPRO-CB020),TPRO-CB020,29.25,Tapepro/Blue Line Pressure Plate Wiper (BLUE-CB020)
Tapepro Parts,"Tapepro/Blue Line Pressure Plate Wipers (TPRO-S006-2, BLUE-S006-3)",TPRO-S006,13.85,"Tapepro/Blue Line Pressure Plate Wipers, Tapepro Nail Spotters, nail spotter parts, taping tools, taping tool parts"
Tapepro Parts,"Tapepro/Blue Line Pump Gasket (Gooseneck, Filler) (TPRO-P049)",TPRO-P049,1.95,"Tapepro/Blue Line Pump Gasket (Gooseneck, Filler) (BLUE-P049)"
Tapepro Parts,Tapepro/Blue Line Pump Head Assembly (TPRO-PA028),TPRO-PA028,170.6,Tapepro/Blue Line Pump Head Assembly (BLUE-PA028)
Tapepro Parts,Tapepro/Blue Line Pump Leg (TPRO-P024),TPRO-P024,82,Tapepro/Blue Line Pump Leg (BLUE-P024)
Tapepro Parts,Tapepro/Blue Line Pump Screen - Coarse (TPRO-P025C),TPRO-P025C,8.75,Tapepro/Blue Line Pump Screen - Coarse (BLUE-P025C)
Tapepro Parts,Tapepro/Blue Line Pump Screen - Fine (TPRO-P025F),TPRO-P025F,8.75,Tapepro/Blue Line Pump Screen - Fine (BLUE-P025F)
Tapepro Parts,Tapepro/Blue Line Push Rod (8 & 10 in. Only) (TPRO-F037),TPRO-F037,7.5,Tapepro/Blue Line Push Rod (8 & 10 in. Only) (BLUE-F037)
Tapepro Parts,Tapepro/Blue Line Push Rod (Blade Holder) 12 in.  Only (TPRO-F048),TPRO-F048-300,9.05,Tapepro/Blue Line Push Rod (Blade Holder) 12 in. Only (BLUE-F048)
Tapepro Parts,Tapepro/Blue Line Push Rod (Blade Holder) 12 in.  Only 2011-Newer (TPRO-F048-1),TPRO-F0481,9.05,Tapepro/Blue Line Push Rod (Blade Holder) 12 in. Only 2011-Newer (BLUE-F048-1)
Tapepro Parts,Tapepro/Blue Line Push Rod (TPRO-AT104),TPRO-AT104,12.75,Tapepro/Blue Line Push Rod (BLUE-AT104)
Tapepro Parts,Tapepro/Blue Line Push Rod (TPRO-F0491),TPRO-F0491,8.1,Tapepro/Blue Line Push Rod (BLUE-F0491)
Tapepro Parts,Tapepro/Blue Line Push Rod 12 in. (TPRO-F049),TPRO-F049-300,8.1,Tapepro/Blue Line Push Rod 12 in. (BLUE-F049)
Tapepro Parts,Tapepro/Blue Line Quick Disconnect Head with Pins Assembly (TPRO-ATKA022),TPRO-ATKA022,282.2,Tapepro/Blue Line Quick Disconnect Head with Pins Assembly (BLUE-ATKA022)
Tapepro Parts,Tapepro/Blue Line Quick Release Clamp (TPRO-ATK233),TPRO-ATK233,50.3,Tapepro/Blue Line Quick Release Clamp (BLUE-ATK233)
Tapepro Parts,Tapepro/Blue Line Quick Release Foot Valve (TPRO-P019Q),TPRO-P019,43.8,Tapepro/Blue Line Foot Valve (BLUE-P019)
Tapepro Parts,Tapepro/Blue Line Quick Release Pin (TPRO-P056),TPRO-P056,7.15,Tapepro/Blue Line Quick Release Pin (BLUE-P100)
Tapepro Parts,Tapepro/Blue Line Quick Release Pin (TPRO-P100),TPRO-P055,7.35,Tapepro/Blue Line Quick Release Pin (BLUE-P100)
Tapepro Parts,Tapepro/Blue Line Ratchet (TPRO-F001),TPRO-F001,10.85,Tapepro/Blue Line Ratchet (BLUE-F001)
Tapepro Parts,Tapepro/Blue Line Retainer (TPRO-FH007),TPRO-FH007,14.7,Tapepro/Blue Line Retainer (BLUE-FH007)
Tapepro Parts,Tapepro/Blue Line Rivet (TPRO-FH015),TPRO-FH015,1.55,Tapepro/Blue Line Rivet (BLUE-FH015)
Tapepro Parts,Tapepro/Blue Line Roller  (TPRO-CR003),TPRO-CR003,16.7,Tapepro/Blue Line Roller (BLUE-CR003)
Tapepro Parts,Tapepro/Blue Line Roller (TPRO-AT065),TPRO-AT065,3.7,Tapepro/Blue Line Roller (BLUE-AT065)
Tapepro Parts,Tapepro/Blue Line Roller (TPRO-AT217),TPRO-AT217,7.75,Tapepro/Blue Line Roller (BLUE-AT217)
Tapepro Parts,Tapepro/Blue Line Roller Bracket (TPRO-AT202),TPRO-AT202,38.25,Tapepro/Blue Line Roller Bracket (BLUE-AT202)
Tapepro Parts,Tapepro/Blue Line Roller Shield (Left) (TPRO-AT133),TPRO-AT133,22.6,Tapepro/Blue Line Roller Shield (Left) (BLUE-AT133)
Tapepro Parts,Tapepro/Blue Line Roller Shield (Right) (TPRO-AT132),TPRO-AT132,16.15,Tapepro/Blue Line Roller Shield (Right) (BLUE-AT132)
Tapepro Parts,Tapepro/Blue Line Roller Support (Left) (TPRO-AT064),TPRO-AT064,28.55,Tapepro/Blue Line Roller Support (Left) (BLUE-AT064)
Tapepro Parts,Tapepro/Blue Line Roller Support (Right) (TPRO-AT058),TPRO-AT058,32.85,Tapepro/Blue Line Roller Support (Right) (BLUE-AT058)
Tapepro Parts,Tapepro/Blue Line Rubber Engaging Lever (TPRO-AT072),TPRO-AT072,7.6,Tapepro/Blue Line Rubber Engaging Lever (BLUE-AT072)
Tapepro Parts,Tapepro/Blue Line S-Hook (TPRO-AT213),TPRO-AT213,2.95,Tapepro/Blue Line S-Hook (BLUE-AT213)
Tapepro Parts,Tapepro/Blue Line Screen Support (TPRO-P045),TPRO-P045,5.4,Tapepro/Blue Line Screen Support (BLUE-P045)
Tapepro Parts,Tapepro/Blue Line Screw Block (TPRO-AT040),TPRO-AT040,18.4,Tapepro/Blue Line Screw Block (BLUE-AT040)
Tapepro Parts,Tapepro/Blue Line Seat (TPRO-P047),TPRO-P047,10.3,Tapepro/Blue Line Seat (BLUE-P047)
Tapepro Parts,Tapepro/Blue Line Side Plate (Left) Stainless Steel (TPRO-AT078),TPRO-AT078,77.2,Tapepro/Blue Line Side Plate (Left) Stainless Steel (BLUE-AT078)
Tapepro Parts,Tapepro/Blue Line Side Plate (Right) Stainless Steel (TPRO-AT045),TPRO-AT045,77.2,Tapepro/Blue Line Side Plate (Right) Stainless Steel (BLUE-AT045)
Tapepro Parts,Tapepro/Blue Line Slider Spring Lock (TPRO-CF029),TPRO-CF029,3.95,Tapepro/Blue Line Slider Spring Lock (BLUE-CF029)
Tapepro Parts,Tapepro/Blue Line Small Gear (TPRO-AT019),TPRO-AT019,20.4,Tapepro/Blue Line Small Gear (BLUE-AT019)
Tapepro Parts,Tapepro/Blue Line Spacer (TPRO-P006),TPRO-P006,7.15,Tapepro/Blue Line Spacer (BLUE-P006)
Tapepro Parts,Tapepro/Blue Line Special Concave Nut (TPRO-AT246),TPRO-AT246,10,Tapepro/Blue Line Special Concave Nut (BLUE-AT246)
Tapepro Parts,Tapepro/Blue Line Special Gate Valve Connector Screw (TPRO-AT115),TPRO-AT115,8.05,Tapepro/Blue Line Special Gate Valve Connector Screw (BLUE-AT115)
Tapepro Parts,Tapepro/Blue Line Speed Taper Tube Assembly Complete (TPRO-ATS-TAC),TPRO-ATST,1018,Tapepro/Blue Line Speed Taper Tube Assembly Complete (BLUE-ATS-TAC)
Tapepro Parts,Tapepro/Blue Line Spool Post (TPRO-AT207),TPRO-AT207,16.95,Tapepro/Blue Line Spool Post (BLUE-AT207)
Tapepro Parts,Tapepro/Blue Line Spring (TPRO-AT100),TPRO-AT100,2.25,Tapepro/Blue Line Spring (BLUE-AT100)
Tapepro Parts,Tapepro/Blue Line Spring (TPRO-F034),TPRO-F034,2.45,Tapepro/Blue Line Spring (BLUE-F034)
Tapepro Parts,Tapepro/Blue Line Spring (TPRO-P053),TPRO-P053,4.75,Tapepro/Blue Line Spring (BLUE-P053)
Tapepro Parts,Tapepro/Blue Line Spring Anchor Hut (TPRO-F041),TPRO-F041,5.9,Tapepro/Blue Line Spring Anchor Hut (BLUE-F041)
Tapepro Parts,Tapepro/Blue Line Spring Blue 2 (TPRO-CF105-3.7),TPRO-CF105-75,11.1,Tapepro/Blue Line Spring Blue 2 (BLUE-CF105-3.7)
Tapepro Parts,Tapepro/Blue Line Spring Cover (TPRO-AT111),TPRO-AT111,12.7,Tapepro/Blue Line Spring Cover (BLUE-AT111)
Tapepro Parts,Tapepro/Blue Line Sprocket Assembly (TPRO-ATA083),TPRO-ATA083,67.25,Tapepro/Blue Line Sprocket Assembly (BLUE-ATA083)
Tapepro Parts,Tapepro/Blue Line Sprocket Hub (TPRO-AT082),TPRO-AT082,61.55,Tapepro/Blue Line Sprocket Hub (BLUE-AT082)
Tapepro Parts,Tapepro/Blue Line Stud (TPRO-CB023),TPRO-CB023,15.85,Tapepro/Blue Line Stud (BLUE-CB023)
Tapepro Parts,Tapepro/Blue Line Stud (TPRO-P033),TPRO-P033,9.75,Tapepro/Blue Line Stud (BLUE-P033)
Tapepro Parts,Tapepro/Blue Line Swivel (TPRO-CF031),TPRO-CF031,7.05,Tapepro/Blue Line Swivel (BLUE-CF031)
Tapepro Parts,Tapepro/Blue Line Swivel Pin (TPRO-CR006),TPRO-CR006,10.85,Tapepro/Blue Line Swivel Pin (BLUE-CR006)
Tapepro Parts,Tapepro/Blue Line Swivel Post (TPRO-CR007),TPRO-CR007,17.85,Tapepro/Blue Line Swivel Post (BLUE-CR007)
Tapepro Parts,Tapepro/Blue Line Tape Advance Needle (TPRO-AT074),TPRO-AT074,1.75,Tapepro/Blue Line Tape Advance Needle (BLUE-AT074)
Tapepro Parts,Tapepro/Blue Line Tape Guide (TPRO-AT070),TPRO-AT070,41.8,Tapepro/Blue Line Tape Guide (BLUE-AT070)
Tapepro Parts,Tapepro/Blue Line Tape Guide (TPRO-AT125),TPRO-AT125,15.05,Tapepro/Blue Line Tape Guide (BLUE-AT125)
Tapepro Parts,Tapepro/Blue Line Tape Guide Connector (TPRO-AT059),TPRO-AT059,38.4,Tapepro/Blue Line Tape Guide Connector (BLUE-AT059)
Tapepro Parts,Tapepro/Blue Line Tape Guide Extension (TPRO-AT069),TPRO-AT069,25.4,Tapepro/Blue Line Tape Guide Extension (BLUE-AT069)
Tapepro Parts,Tapepro/Blue Line Tape Guide Filler (TPRO-AT139),TPRO-AT139,15.05,Tapepro/Blue Line Tape Guide Filler (BLUE-AT139)
Tapepro Parts,Tapepro/Blue Line Tape Guide Support (TPRO-AT049),TPRO-AT049,21.95,Tapepro/Blue Line Tape Guide Support (BLUE-AT049)
Tapepro Parts,Tapepro/Blue Line Tape Keeper (TPRO-AT215),TPRO-AT215,11.05,Tapepro/Blue Line Tape Keeper (BLUE-AT215)
Tapepro Parts,Tapepro/Blue Line Tape Spool (TPRO-AT206),TPRO-AT206,12.55,Tapepro/Blue Line Tape Spool (BLUE-AT206)
Tapepro Parts,Tapepro/Blue Line Tape Wheel (TPRO-AT010),TPRO-AT010,12.55,Tapepro/Blue Line Tape Wheel (BLUE-AT010)
Tapepro Parts,Tapepro/Blue Line Tape Wheel Drive Hub (TPRO-AT011),TPRO-AT011,17,Tapepro/Blue Line Tape Wheel Drive Hub (BLUE-AT011)
Tapepro Parts,Tapepro/Blue Line Tape Wheel Spool (TPRO-AT013),TPRO-AT013,44.95,Tapepro/Blue Line Tape Wheel Spool (BLUE-AT013)
Tapepro Parts,Tapepro/Blue Line Thrust Bearing (TPRO-AT086),TPRO-AT086,4.45,Tapepro/Blue Line Thrust Bearing (BLUE-AT086)
Tapepro Parts,Tapepro/Blue Line Thumb Screw (TPRO-SA051),TPRO-SA051,2.4,Tapepro/Blue Line Thumb Screw (BLUE-SA051)
Tapepro Parts,Tapepro/Blue Line Tire & Wheel Assembly (TPRO-FA020),TPRO-FA020,11.95,Tapepro/Blue Line Tire & Wheel Assembly (BLUE-FA020)
Tapepro Parts,Tapepro/Blue Line Tire (TPRO-F020),TPRO-F020,6.1,Tapepro/Blue Line Tire (BLUE-F020)
Tapepro Parts,Tapepro/Blue Line Tire (TPRO-S015),TPRO-S015,5.25,Tapepro/Blue Line Tire (BLUE-S015)
Tapepro Parts,Tapepro/Blue Line Trigger Post (TPRO-AT209),TPRO-AT209,18.1,Tapepro/Blue Line Trigger Post (BLUE-AT209)
Tapepro Parts,Tapepro/Blue Line Trigger Post Washer (TPRO-AT210),TPRO-AT210,8.1,Tapepro/Blue Line Trigger Post Washer (BLUE-AT210)
Tapepro Parts,"Tapepro/Blue Line Tube w/ Clamp Ring, Powder Coated (TPRO-PA050Q)",TPRO-PA050C,77.85,Tapepro/Blue Line Tube w/Clamp Ring (Coated) (BLUE-PA050C)
Tapepro Parts,Tapepro/Blue Line U-Cup (TPRO-P031),TPRO-P031,6.05,Tapepro/Blue Line U-Cup (BLUE-P031)
Tapepro Parts,Tapepro/Blue Line Upper Clip Blue 2 (TPRO-CF103),TPRO-CF103,7.75,Tapepro/Blue Line Upper Clip Blue 2 (BLUE-CF103)
Tapepro Parts,Tapepro/Blue Line Upper Clip Old Style (TPRO-CF003),TPRO-CF003,5.9,Tapepro/Blue Line Upper Clip Old Style (BLUE-CF003)
Tapepro Parts,Tapepro/Blue Line Valve (TPRO-AT099),TPRO-AT099,13.7,Tapepro/Blue Line Valve (BLUE-AT099)
Tapepro Parts,Tapepro/Blue Line Valve Assembly (TPRO-CBA009),TPRO-CBA009,52.8,Tapepro/Blue Line Valve Assembly (BLUE-CBA009)
Tapepro Parts,Tapepro/Blue Line Valve Disc (TPRO-P005),TPRO-P005,4.45,Tapepro/Blue Line Valve Disc (BLUE-P005)
Tapepro Parts,Tapepro/Blue Line Washer (TPRO-AT137),TPRO-AT137,3.35,Tapepro/Blue Line Washer (BLUE-AT137)
Tapepro Parts,Tapepro/Blue Line Washer (TPRO-P021),TPRO-P021,2,Tapepro/Blue Line Washer (BLUE-P021)
Tapepro Parts,Tapepro/Blue Line Wear Plate (TPRO-AT124),TPRO-AT124,9.6,Tapepro/Blue Line Wear Plate (BLUE-AT124)
Tapepro Parts,Tapepro/Blue Line Wheel (TPRO-F019),TPRO-F019,8.05,Tapepro/Blue Line Wheel (BLUE-F019)
Tapepro Parts,Tapepro/Blue Line Wheel (TPRO-S014),TPRO-S014,7.85,Tapepro/Blue Line Wheel (BLUE-S014)
TapeTech,"Tape Tech 2.5"" Corner Flusher (TAPE-CF25TT)",CF25TT,114,"Tape Tech 2.5"" Corner Flusher (TAPE-CF25TT)"
TapeTech,"Tape Tech 3"" Corner Flusher (TAPE-CF30TT)",CF30TT,119,"Tape Tech 3"" Corner Flusher (TAPE-CF30TT)"
TapeTech,Tape Tech Automatic Taper Extension (TAPE-ATX01TT),ATX01TT,378,Tape Tech Automatic Taper Extension (TAPE-ATX01TT)
TapeTech,Tape Tech Carbon Fiber Automatic Taper,07TTC,1780,"The TapeTech Carbon Fiber Automatic Taper is the world’s lightest automatic taper. At just 5.65 pounds, the Carbon Fiber Automatic Taper is up to 20% lighter than competitive tapers, reducing worker fatigue."
TapeTech,Tape Tech Taping Tool Case,TCTAP,350,The TapeTech Taping Tool Case is the first case specifically designed to protect and transport the Automatic Taping Tools for the Taping phase of the job.
TapeTech,TapeTech 10 in. Power Assist Flat Box,PA10H,469,"The TapeTech 10 in. Power Assist Flat Box applies first coat of joint compound to embed tape at butt joints and flat joints on walls and ceilings, as well as feathers edges."
TapeTech,TapeTech 10 inch Extra High Capacity Flat Box (TAPE-EHC10),EHC10,419,"TapeTech 10 inch Extra High Capacity Flat Box, Flat Box, Skim Box, Finish Coat, Drywall Taping Tool, Drywall Tools, Drywall Finishing Tool, Drywall, Automatic Taping Tools, Taping Tools, Finishing Drywall, TapeTech Tools"
TapeTech,"TapeTech 14"" Premium Finishing Knife (TAPE-PFK14TT)",PFK14TT,32.99,"TapeTech 14"" Premium Finishing Knife (TAPE-PFK14TT)"
TapeTech,"TapeTech 14"" Premium Smoothing Blade (TAPE-BX14TT)",BX14TT,33,"TapeTech 14"" Premium Smoothing Blade (TAPE-BX14TT)"
TapeTech,"TapeTech 18"" Premium Finishing Knife (TAPE-PFK18TT)",PFK18TT,44.99,"TapeTech 18"" Premium Finishing Knife (TAPE-PFK18TT)"
TapeTech,TapeTech 2 inch Easyclean Nail Spotter,NS02TT,278,The TapeTech EasyClean™ Nail Spotter is used to fill the depressions left from the nails or screw heads during installation of the drywall.
TapeTech,"TapeTech 24"" Premium Finishing Knife (TAPE-PFK24TT)",PFK24TT,59.99,"TapeTech 24"" Premium Finishing Knife (TAPE-PFK24TT)"
TapeTech,TapeTech 3 inch Easyclean Nail Spotter,NS03TT,289,The TapeTech 3 inch Easy Clean Nail Spotter is used to fill the depressions left from the nails or screw heads during installation of the drywall.
TapeTech,"TapeTech 32"" Premium Finishing Knife (TAPE-PFK32TT)",PFK32TT,74.99,"TapeTech 32"" Premium Finishing Knife (TAPE-PFK32TT)"
TapeTech,"TapeTech 40"" Premium Finishing Knife (TAPE-PFK40TT)",PFK40TT,99.99,"TapeTech 40"" Premium Finishing Knife (TAPE-PFK40TT)"
TapeTech,"TapeTech 40"" Premium Smoothing Blade (TAPE-BX40TT)",BX40TT,100,"TapeTech 40"" Premium Smoothing Blade (TAPE-BX40TT)"
TapeTech,"TapeTech 48"" Premium Finishing Knife (TAPE-PFK48TT)",PFK48TT,129.99,"TapeTech 48"" Premium Finishing Knife (TAPE-PFK48TT)"
TapeTech,"TapeTech 48"" Premium Smoothing Blade (TAPE-BX48TT)",BX48TT,120,"TapeTech 48"" Premium Smoothing Blade (TAPE-BX48TT)"
TapeTech,TapeTech 7 inch Extra High Capacity Flat Box,EHC07,419,The TapeTech 7 inch Extra High Capacity Flat Box
TapeTech,"TapeTech Angle Head / Corner Finisher (TAPE-40TT, 42TT, 45TT)",4XTT,389,The TapeTech Angle Head / Corner Finisher works to achieve a feathered finish on inside 90-degree angles. Carbide blades are finely tuned to remove the correct amount of mud every time.
TapeTech,TapeTech Box Filler,90T,79,"The TapeTech Box Filler attaches to your TapeTech Mud Pump to fill Flat Boxes, Nail Spotters, and Corner Boxes."
TapeTech,TapeTech Corner Applicator Adapter,CAATT,45,TapeTech Corner Applicator Adapter
TapeTech,TapeTech Corner Applicator Boxes and Handles,CB,374,The TapeTech Corner Applicator Boxes and Handles are a fast and efficient way of finishing internal corners (angles).
TapeTech,TapeTech Corner Finisher Adapter,CFATT,49,TapeTech Corner Finisher Adapter CFA-TT
TapeTech,TapeTech EasyClean Bazooka,07TT,1599,The TapeTech EasyClean Bazooka features the NEW! Longer Control Tube which makes it easier to cut tape when working in rooms with higher ceilings.
TapeTech,TapeTech Easyclean Nail Spotters and Handles,6NS,337,The TapeTech Easy Clean Nail Spotters and Handles are designed to increase the production of finishing nail and screw depressions.
TapeTech,TapeTech EasyClean Pump,76TT,399,"The TapeTech EasyClean Pump is designed to fill the automatic taper when using the gooseneck attachment, fill flat boxes, corner boxes, and nail spotters with the box filler attachment."
TapeTech,TapeTech Extension Handle,XHTT,179,"The TapeTech Extension Handle extends from 44 to 66 inches, features a rust-resistant gold anodize coat, and fits the corner roller, corner applicator and nail spotter without any adapters."
TapeTech,TapeTech Fiberglass Handle,FHTT,59,TapeTech Fiberglass Handle
TapeTech,TapeTech Flat Box Handle,80BH,229,"The TapeTech Flat Box Handle attaches to any brand of Flat Box, and any Flat Box model (Easy Clean, Power Assist, Fat Boy, etc.)."
TapeTech,TapeTech Flat Box Xtender Handle,88TTE,378,"TapeTech Flat Box Xtender Handle can extend from 42 to 64 inches, features a gold anodized surface for rust resistance, and allows you greater range from the ground."
TapeTech,TapeTech Flat Finisher Flat Boxes,EZFB,379,"The TapeTech Flat Finisher Flat Boxes feature the standard “twist-dial” blade holder which allows you to adjust the crown of joint compound on flat joints. Available in 7”, 10”, 12”."
TapeTech,TapeTech Full Set,FULL,4399,Our TapeTech Full Set includes the popular TapeTech Bazooka and other TapeTech drywall tools for taping and finishing.
TapeTech,TapeTech Gooseneck,85T,105,The TapeTech Gooseneck attaches to the Loading Pump to fill the automatic taper. This attachment is required for quick and easy filling of Automatic Taper.
TapeTech,TapeTech Mud Dog Banjo,BAN001TT,119,"TapeTech Mud Dog Banjo (TAPE-BAN001TT), Drywall Banjo, Sheetrock Banjo, Automatic Taping Tool, Automatic Taper, Auto Taper, Taper Gun, Drywall Taper, Sheetrock Taper"
TapeTech,TapeTech MudRunner,14TT,900,The TapeTech MudRunner does the job of a Corner Box without killing your shoulders. Apply drywall mud with ease and glide along corners with its unique twist-flow handle.
TapeTech,Tapetech Premium Finishing Knife Handle Adapter (TAPE-PFKHATT),PFKHATT,26.99,Tapetech Premium Finishing Knife Handle Adapter (TAPE-PFKHATT)
TapeTech,TapeTech Wizard Compact Flat Box Handle (TAPE-8000TT),8000TT,109,"WallTools a leading supplier of professional tools for drywall hanging and drywall finishing, wallpaper, wallcovering, and ceiling grid. Major brands including automatic taping tools by Columbia Taping Tools, Blue Line & Tapepro, TapeTech, Level-5; Advance Paste machines; DeWalt Power tools; USG Sheetrock taping knives, Kraft, Trim-Tex, Porter Cable, and many more."
TapeTech Parts,Drive Sprocket (TAPE-052125),052125,13.8,"WallTools a leading supplier of professional tools for drywall hanging and drywall finishing, wallpaper, wallcovering, and ceiling grid. Major brands including automatic taping tools by Columbia Taping Tools, Blue Line & Tapepro, TapeTech, Level-5; Advance Paste machines; DeWalt Power tools; USG Sheetrock taping knives, Kraft, Trim-Tex, Porter Cable, and many more."
TapeTech Parts,Plunger Stop Locking Strap (TAPE-052403),052403,19.52,Plunger Stop Locking Strap (TAPE-052403)
TapeTech Parts,Plunger Stop Small (TAPE-052401B),052401B,15.12,Plunger Stop Small (TAPE-052401B)
TapeTech Parts,TapeTech  Coarse Mesh Pump Screen,700033F,6.62,TapeTech Coarse Mesh Pump Screen and other replacement parts available to keep your favorite TapeTech tools running at peak performance.
TapeTech Parts,TapeTech # 6-32 LOCKNUT (TAPE-059018),059018,1.3,TapeTech # 6-32 LOCKNUT (TAPE-059018)
TapeTech Parts,TapeTech #10 Brass Washer,209042,1.3,TapeTech #10 Brass Washer and other replacement parts available to keep your favorite TapeTech tools running at peak performance.
TapeTech Parts,TapeTech #10 LOCKWASHER - REPAIR ONLY (TAPE-709050),709050,1.2,TapeTech #10 LOCKWASHER - REPAIR ONLY (TAPE-709050)
TapeTech Parts,TapeTech #14 Brass Washer,809006,1.19,TapeTech #14 Brass Washer and other replacement parts available to keep your favorite TapeTech tools running at peak performance.
TapeTech Parts,TapeTech #4 MEDIUM SPRING LOCK WASHER (TAPE-059038),059038,1.19,TapeTech #4 MEDIUM SPRING LOCK WASHER (TAPE-059038)
TapeTech Parts,TapeTech #6 EXT WASHER,059164,1.19,TapeTech #6 EXT WASHER and other replacement parts available to keep your favorite TapeTech tools running at peak performance.
TapeTech Parts,TapeTech #6 FLAT WASHER SST (TAPE-489023),489023,1.3,TapeTech #6 FLAT WASHER SST (TAPE-489023)
TapeTech Parts,TapeTech #6 LOCKWASHER MEDIUM SPRING SST (TAPE-059016),059016,1.3,TapeTech #6 LOCKWASHER MEDIUM SPRING SST (TAPE-059016)
TapeTech Parts,TapeTech #6 NYLON BUSHING,149028,1.47,TapeTech #6 Nylon Bushing and other replacement parts available to keep your favorite TapeTech tools running at peak performance.
TapeTech Parts,TapeTech #6-32 BRASS NUT (TAPE-209058),209058,9.2,TapeTech #6-32 BRASS NUT (TAPE-209058)
TapeTech Parts,TapeTech #63 S-HOOK (TAPE-709043),709043,2.1,TapeTech #63 S-HOOK (TAPE-709043)
TapeTech Parts,TapeTech #8 LOCKWASHER (TAPE-809017),809017,1.32,TapeTech #8 LOCKWASHER (TAPE-809017)
TapeTech Parts,TapeTech 0-RING,059040,1.19,TapeTech 0-Ring and other replacement parts available to keep your favorite TapeTech tools running at peak performance.
TapeTech Parts,"TapeTech 1/16X1/2"" COTTER PIN SST (TAPE-059143)",059143,1.3,"TapeTech 1/16X1/2"" COTTER PIN SST (TAPE-059143)"
TapeTech Parts,TapeTech 1/4-20 ELASTIC THIN (TAPE-709052),709052,1.15,TapeTech 1/4-20 ELASTIC THIN (TAPE-709052)
TapeTech Parts,TapeTech 1/4-20 HEX CASTLE NUT (TAPE-059201),059201,11.9,TapeTech 1/4-20 HEX CASTLE NUT (TAPE-059201)
TapeTech Parts,TapeTech 1/4-20 Hex Nut (TAPE-059206),059206,13.29,TapeTech 1/4-20 Hex Nut (TAPE-059206)
TapeTech Parts,"TapeTech 1/4-20 X 1/2"" Flat Head Screw SST (TAPE-059238)",059238,1.19,"TapeTech 1/4-20 X 1/2"" Flat Head Screw SST (TAPE-059238)"
TapeTech Parts,"TapeTech 1/4-20X3/4"" HED HD CUP BOLT (TAPE-050205)",050205,15.45,"TapeTech 1/4-20X3/4"" HED HD CUP BOLT (TAPE-050205)"
TapeTech Parts,TapeTech 1/4-20X5/8 SOCKET HEAD SCREW,709006,1.19,TapeTech 1/4-20X5/8 SOCKET HEAD SCREW and other replacement parts available to keep your favorite TapeTech tools running at peak performance.
TapeTech Parts,TapeTech 1/4-20X58 HEX HEAD SCREW,559017,1.19,TapeTech 1/4-20X58 HEX HEAD SCREW and other replacement parts available to keep your favorite TapeTech tools running at peak performance.
TapeTech Parts,TapeTech 1/4-28X1/4 SOCKET SCREW (TAPE-809024),809024,3.69,TapeTech 1/4-28X1/4 SOCKET SCREW (TAPE-809024)
TapeTech Parts,TapeTech 1/4X1-1/4 SLOTTED SPRING PIN (TAPE-889016),889016,2.4,TapeTech 1/4X1-1/4 SLOTTED SPRING PIN (TAPE-889016)
TapeTech Parts,TapeTech 10 in. Flat Box Blade,250001,6.82,TapeTech 10 in. Flat Box Blade and other replacement parts available to keep your favorite TapeTech tools running at peak perfection.
TapeTech Parts,TapeTech 10 in. Flat Box Repair Kit,501C10,26.32,"The TapeTech 10 in. Flat Box Repair Kit includes three 10 Flat Box Blades, two Skid Covers – Right, and two Skid Covers – Left."
TapeTech Parts,"TapeTech 10"" AXLE (TAPE-250045G)",250045G,61.24,"TapeTech 10"" AXLE (TAPE-250045G)"
TapeTech Parts,"TapeTech 10"" BLADE HOLDER (TAPE-270002)",270002,121.18,"TapeTech 10"" BLADE HOLDER (TAPE-270002)"
TapeTech Parts,"TapeTech 10"" COMBO WIPER (TAPE-260024F)",260024F,56.45,"TapeTech 10"" COMBO WIPER (TAPE-260024F)"
TapeTech Parts,"TapeTech 10"" SPACER ROD (TAPE-260071)",260071,15.65,"TapeTech 10"" SPACER ROD (TAPE-260071)"
TapeTech Parts,"TapeTech 10"" TIE ROD (TAPE-250040F)",250040F,35.9,"TapeTech 10"" TIE ROD (TAPE-250040F)"
TapeTech Parts,"TapeTech 10"" WIPER - Flat Box Wiper One-Piece (TAPE-250026F)",250026F,46.1,"TapeTech 10"" WIPER - Flat Box Wiper One-Piece (TAPE-250026F)"
TapeTech Parts,TapeTech 10-24 HEX NUT (TAPE-709056),709056,1.19,TapeTech 10-24 HEX NUT (TAPE-709056)
TapeTech Parts,TapeTech 10-24 LockNut,209017,1.3,TapeTech 10-24 LockNut and other replacement parts available to keep your favorite TapeTech tools running at peak performance.
TapeTech Parts,TapeTech 10-24 Wing Nut (TAPE-209030),209030,2.32,TapeTech 10-24 Wing Nut (TAPE-209030)
TapeTech Parts,TapeTech 10-24 x 1-1/4 SL Fillister Head Screw (TAPE-339073),339073,1.32,TapeTech 10-24 x 1-1/4 SL Fillister Head Screw (TAPE-339073)
TapeTech Parts,TapeTech 10-24X7/8 ROUND HEAD SCREW (TAPE-709055),709055,1.19,TapeTech 10-24X7/8 ROUND HEAD SCREW (TAPE-709055)
TapeTech Parts,TapeTech 10-32 LockNut (TAPE-059225),059225,1.19,TapeTech 10-32 LockNut (TAPE-059225)
TapeTech Parts,TapeTech 10-32X1/2 BHMS (TAPE-509008),509008,1.19,TapeTech 10-32X1/2 BHMS (TAPE-509008)
TapeTech Parts,TapeTech 10-32X3/4 ROUND HEAD SCREW - REPAIR ONLY (TAPE-659021),659021,1.19,TapeTech 10-32X3/4 ROUND HEAD SCREW - REPAIR ONLY (TAPE-659021)
TapeTech Parts,TapeTech 10-32X3/4' FLAT HEAD SCREW SST (TAPE-609032),609032,1.15,TapeTech 10-32X3/4' FLAT HEAD SCREW SST (TAPE-609032)
TapeTech Parts,TapeTech 10-32X3/8' SCREW (TAPE-709017),709017,1.19,TapeTech 10-32X3/8' SCREW (TAPE-709017)
TapeTech Parts,TapeTech 10-32X5/8 RHMS (TAPE-609021),609021,1.19,TapeTech 10-32X5/8 RHMS (TAPE-609021)
TapeTech Parts,TapeTech 12 in. Flat Box Blade,300001,7.75,TapeTech 12 in. Flat Box Blade and other replacement parts available to keep your favorite TapeTech tools running at peak performance.
TapeTech Parts,TapeTech 12 in. Flat Box Repair Kit (TAPE-501C12),501C12,28.44,TapeTech 12 in. Flat Box Repair Kit
TapeTech Parts,TapeTech 12 inch EZ Roll Flat Box Axle,305045G,71.17,TapeTech 12 inch EZ Roll Flat Box Axle
TapeTech Parts,TapeTech 12 inch Flat Box Axle,300045G,69.12,TapeTech 12 inch Flat Box Axle and other replacement parts available to keep your favorite TapeTech tools running at peak performance.
TapeTech Parts,"TapeTech 12"" BLADE HOLDER (TAPE-320002)",320002,129.09,"TapeTech 12"" BLADE HOLDER (TAPE-320002)"
TapeTech Parts,"TapeTech 12"" SEAL (TAPE-310096)",310096,42.59,"TapeTech 12"" SEAL (TAPE-310096)"
TapeTech Parts,"TapeTech 12"" SPACER ROD (TAPE-310071)",310071,23.95,"TapeTech 12"" SPACER ROD (TAPE-310071)"
TapeTech Parts,"TapeTech 12"" TIE ROD (TAPE-300040F)",300040,42.35,"TapeTech 12"" TIE ROD (TAPE-300040F)"
TapeTech Parts,"TapeTech 12"" WIPER (TAPE-310024F)",310024,61.79,"TapeTech 12"" WIPER (TAPE-310024F)"
TapeTech Parts,"TapeTech 12"" WIPER - Flat Box Wiper One-Piece (TAPE-300026F)",300026F,50.7,"TapeTech 12"" WIPER - Flat Box Wiper One-Piece (TAPE-300026F)"
TapeTech Parts,TapeTech 2 in. Carbide Nail Spotter Blade (TAPE-600005),600005F,30.4,TapeTech 2 in. Carbide Nail Spotter Blade
TapeTech Parts,"TapeTech 2"" CARBIDE BLADE (TAPE-400009F)",400009F,30.45,"TapeTech 2"" CARBIDE BLADE (TAPE-400009F)"
TapeTech Parts,"TapeTech 2"" CORNER FINISHER REPAIR KIT (TAPE-501F2A)",501F2,25.62,"TapeTech 2"" CORNER FINISHER REPAIR KIT (TAPE-501F2A)"
TapeTech Parts,"TapeTech 2"" FACING (TAPE-630009)",630009,21.55,"TapeTech 2"" FACING (TAPE-630009)"
TapeTech Parts,"TapeTech 2"" HINGE BLOCK (TAPE-630010)",630010,38,"TapeTech 2"" HINGE BLOCK (TAPE-630010)"
TapeTech Parts,"TapeTech 2"" INSERT (TAPE-630030)",630030,11.44,"TapeTech 2"" INSERT (TAPE-630030)"
TapeTech Parts,"TapeTech 2"" LATCH (TAPE-630002)",630002,41.16,"TapeTech 2"" LATCH (TAPE-630002)"
TapeTech Parts,TapeTech 2-56 X 3/16 BIND HEAD SCREW SST (TAPE-059056),059056,1.3,TapeTech 2-56 X 3/16 BIND HEAD SCREW SST (TAPE-059056)
TapeTech Parts,TapeTech 2.5 in. Carbide Angle Head Blade (TAPE-420009),420009,24.74,TapeTech 2.5 in. Carbide Angle Head Blade
TapeTech Parts,"TapeTech 2/56 X 1/8"" Bind Head Screw SST",059047,1.19,"TapeTech 2/56 X 1/8"" Bind Head Screw SST and other replacement parts available to keep your favorite TapeTech tools running at peak performance."
TapeTech Parts,TapeTech 3 in. Angle Head Center Clip (long) (TAPE-404014),404014F,16.22,TapeTech 3 in. Angle Head Center Clip (long)
TapeTech Parts,TapeTech 3 in. Angle Head Center Clip (short) (TAPE-402017),402017F,2.99,TapeTech 3 in. Angle Head Center Clip (short)
TapeTech Parts,TapeTech 3 in. Carbide Angle Head Blade,450009F,35.9,TapeTech 3 in. Carbide Angle Head Blade
TapeTech Parts,TapeTech 3 in. Carbide Nail Spotter Blade (TAPE-650005),650005F,35.9,TapeTech 3 in. Nail Spotter Blade 650005
TapeTech Parts,TapeTech 3 in. Easy Roll Angle Head Blade Repair Kit (TAPE-502F4),502F4,98.4,TapeTech 3 in. Easy Roll Angle Head Blade Repair Kit
TapeTech Parts,"TapeTech 3"" Corner Finisher Blade Repair Kit (TAPE-502F3)",502F3,105.9,"TapeTech 3"" CORNER FINISHER BLADE KIT (TAPE-502F3)"
TapeTech Parts,"TapeTech 3"" CORNER FINISHER REPAIR KIT",501F3,41.3,TapeTech 3” Corner Finisher Repair Kit and other replacement parts available to keep your favorite TapeTech tools running at peak performance.
TapeTech Parts,"TapeTech 3"" EZ ROLL ADJ CORNER FINISHER KIT (TAPE-501F4A)",501F4,42.68,"TapeTech 3"" EZ ROLL ADJ CORNER FINISHER KIT (TAPE-501F4A)"
TapeTech Parts,"TapeTech 3"" FACING (TAPE-680009)",680009,21.55,"TapeTech 3"" FACING (TAPE-680009)"
TapeTech Parts,"TapeTech 3"" HINGE BLOCK (TAPE-680010)",680010,27.38,"TapeTech 3"" HINGE BLOCK (TAPE-680010)"
TapeTech Parts,"TapeTech 3"" INSERT (TAPE-680030)",680030,6.5,"TapeTech 3"" INSERT (TAPE-680030)"
TapeTech Parts,"TapeTech 3"" LATCH (TAPE-680002)",680002,41.92,"TapeTech 3"" LATCH (TAPE-680002)"
TapeTech Parts,TapeTech 3-48 Hex Stopnut (TAPE-059060),059060,1.19,TapeTech 3-48 Hex Stopnut (TAPE-059060)
TapeTech Parts,TapeTech 3-48 Miniature Hex Nut (TAPE-059087),059087,1.15,TapeTech 3-48 Miniature Hex Nut (TAPE-059087)
TapeTech Parts,TapeTech 3-48 SPEC. TIE ROD (TAPE-050140F),050140F,17.5,TapeTech 3-48 SPEC. TIE ROD (TAPE-050140F)
TapeTech Parts,TapeTech 3/8-16 THIN FLEXL (TAPE-709027),709027,4.1,TapeTech 3/8-16 THIN FLEXL (TAPE-709027)
TapeTech Parts,"TapeTech 34"" CONNECTOR (TAPE-804234)",804234,86.29,"TapeTech 34"" CONNECTOR (TAPE-804234)"
TapeTech Parts,TapeTech 4-40 Hex Nut (TAPE-059005),059005,1.19,TapeTech 4-40 Hex Nut (TAPE-059005)
TapeTech Parts,TapeTech 4-40 STOPNUT ELASTIC SST (TAPE-609012),609012,1.3,TapeTech 4-40 STOPNUT ELASTIC SST (TAPE-609012)
TapeTech Parts,"TapeTech 4-40 X 1"" BIND HEAD SCREW SST (TAPE-219092)",219092,1.15,"TapeTech 4-40 X 1"" BIND HEAD SCREW SST (TAPE-219092)"
TapeTech Parts,TapeTech 4-40 X 1/4 BIND HEAD SCREW SST (TAPE-059037),059037,1.3,TapeTech 4-40 X 1/4 BIND HEAD SCREW SST (TAPE-059037)
TapeTech Parts,TapeTech 4-40 X 1/4 Flat head Screw SST (TAPE-059102),059102,1.3,TapeTech 4-40 X 1/4 Flat head Screw SST (TAPE-059102)
TapeTech Parts,"TapeTech 4-40 X 1/8"" Bind Head Screw SST (TAPE-209048)",209048,1.19,"TapeTech 4-40 X 1/8"" Bind Head Screw SST (TAPE-209048)"
TapeTech Parts,TapeTech 4-40 X 3/16 BIND HEAD SCREW SST (TAPE-059057),059057,1.3,TapeTech 4-40 X 3/16 BIND HEAD SCREW SST (TAPE-059057)
TapeTech Parts,TapeTech 4-40 X 3/16 FILLISTER HEAD SCREW (TAPE-889030),889030,1.19,TapeTech 4-40 X 3/16 FILLISTER HEAD SCREW (TAPE-889030)
TapeTech Parts,TapeTech 4-40 X 3/16 Truss Head Screw SST (TAPE-059014),059014,1.19,TapeTech 4-40 X 3/16 Truss Head Screw SST (TAPE-059014)
TapeTech Parts,TapeTech 4-40 X 3/8 BIND HEAD SCREW SST (TAPE-059217),059217,1.19,TapeTech 4-40 X 3/8 BIND HEAD SCREW SST (TAPE-059217)
TapeTech Parts,TapeTech 4-40 X 3/8 Fillister Head Screw SST (TAPE-059161),059161,1.19,TapeTech 4-40 X 3/8 Fillister Head Screw SST (TAPE-059161)
TapeTech Parts,TapeTech 4-40 X 3/8 FLAT HEAD SCREW SST (TAPE-609048),609048,1.3,TapeTech 4-4- X 3/8 FLAT HEAD SCREW SST (TAPE-609048)
TapeTech Parts,TapeTech 4-40 X 5/16 BIND HEAD SCREW SST (TAPE-059156),059156,1.3,TapeTech 4-40 X 5/16 BIND HEAD SCREW SST (TAPE-059156)
TapeTech Parts,TapeTech 4-40 X 5/16 FLAT HEAD SCREW SST (TAPE-509010),509010,1.19,TapeTech 4-40 X 5/16 FLAT HEAD SCREW SST (TAPE-509010)
TapeTech Parts,TapeTech 4-40 X 5/32 BIND HEAD SCREW SST (TAPE-059021),059021,1.19,TapeTech 4-40 X 5/32 BIND HEAD SCREW SST (TAPE-059021)
TapeTech Parts,TapeTech 4-40 X 5/32 Flat head Screw SST (TAPE-059106),059106,1.19,TapeTech 4-40 X 5/32 Flat head Screw SST (TAPE-059106
TapeTech Parts,TapeTech 4-40 X 7/32 BIND HEAD SCREW SST (TAPE-209016),209016,1.3,TapeTech 4-40 X 7/32 BIND HEAD SCREW SST (TAPE-209016)
TapeTech Parts,TapeTech 4-40X1/2 FILLISTER HEAD MS (TAPE-609008),609008,1.3,TapeTech 4-40X1/2 FILLISTER HEAD MS (TAPE-609008)
TapeTech Parts,TapeTech 4-40X1/2 SCREW (TAPE-489022),489022,1.15,TapeTech 4-40X1/2 SCREW (TAPE-489022)
TapeTech Parts,TapeTech 4-40X1/8 Set Screw,409013,1.32,TapeTech 4-40X1/8 Set Screw and other replacement parts available to keep your favorite TapeTech tools running at peak performance.
TapeTech Parts,TapeTech 4-40X5/16 SCREW (TAPE-489020),489020,1.15,TapeTech 4-40X5/16 SCREW (TAPE-489020)
TapeTech Parts,"TapeTech 42"" CONNECTOR",804242,98.45,"TapeTech 42"" CONNECTOR and other replacement parts available to keep your favorite TapeTech tools running at peak performance."
TapeTech Parts,TapeTech 5-40 X 13/32 Bind Head Screw SST (TAPE-059230),059230,1.19,TapeTech 5-40 X 13/32 Bind Head Screw SST (TAPE-059230)
TapeTech Parts,TapeTech 5/16 LOCKWASHER (TAPE-709024),709024,1.15,TapeTech 5/16 LOCKWASHER (TAPE-709024)
TapeTech Parts,TapeTech 5/16-18/3/4 THUMBSCREW (TAPE-809011),809011,17.54,TapeTech 5/16-18/3/4 THUMBSCREW (TAPE-809011)
TapeTech Parts,TapeTech 5/16-18X7/8 HEX HEAD SCREW (TAPE-709023),709023,2.17,TapeTech 5/16-18X7/8 HEX HEAD SCREW (TAPE-709023)
TapeTech Parts,TapeTech 5/16-24 HEX HEAD (TAPE-709007),709007,1.19,TapeTech 5/16-24 HEX HEAD (TAPE-709007)
TapeTech Parts,TapeTech 5/16-24X1 7/16 STD SCREW (TAPE-700036),700036,25.8,TapeTech 5/16-24X1 7/16 STD SCREW (TAPE-700036)
TapeTech Parts,"TapeTech 5/32 X 1"" SPRING PIN 18-8 S (TAPE-889009)",889009,1.19,"TapeTech 5/32 X 1"" SPRING PIN 18-8 S (TAPE-889009)"
TapeTech Parts,"TapeTech 5/64"" X 1/2"" Cotter Pin SST (TAPE-059025)",059025,1.3,"TapeTech 5/64"" X 1/2"" Cotter Pin SST (TAPE-059025)"
TapeTech Parts,"TapeTech 54"" CONNECTOR (TAPE-804254)",804254,120.97,"TapeTech 54"" CONNECTOR (TAPE-804254)"
TapeTech Parts,TapeTech 6-32 X 1/2 BINDING HEAD SCREW (TAPE-499025),499025,1.19,TapeTech 6-32 X 1/2 BINDING HEAD SCREW (TAPE-499025)
TapeTech Parts,TapeTech 6-32 X 1/2 Fillister Head Screw SST (TAPE-059091),059091,1.19,TapeTech 6-32 X 1/2 Fillister Head Screw SST (TAPE-059091)
TapeTech Parts,TapeTech 6-32 X 1/4 Bind Head Screw SST (TAPE-359005),359005,1.19,TapeTech 6-32 X 1/4 Bind Head Screw SST (TAPE-359005)
TapeTech Parts,TapeTech 6-32 X 1/4 FILLISTER HEAD SCREW SST (TAPE-059015),059015,1.3,TapeTech 6-32 X 1/4 FILLISTER HEAD SCREW SST (TAPE-059015)
TapeTech Parts,TapeTech 6-32 X 1/4 Flat Head Screw SST (TAPE-059107),059107,1.19,TapeTech 6-32 X 1/4 Flat Head Screw SST (TAPE-059107)
TapeTech Parts,TapeTech 6-32 X 1/4 PAN HEAD SCREW (TAPE-889035),889035,1.19,TapeTech 6-32 X 1/4 PAN HEAD SCREW (TAPE-889035)
TapeTech Parts,TapeTech 6-32 x 1/8 in. SC Head Screw (TAPE-489013),489013,1.3,TapeTech 6-32 x 1/8 in. Screw
TapeTech Parts,TapeTech 6-32 X 3/16 FILLISTER HEAD SCREW SST (TAPE-059051),059051,1.3,TapeTech 6-32 X 3/16 FILLISTER HEAD SCREW SST (TAPE-059051)
TapeTech Parts,TapeTech 6-32 X 3/16 ROUND HEAD SCREW SST   (TAPE-059252),059252,1.15,TapeTech 6-32 X 3/16 ROUND HEAD SCREW SST (TAPE-059252)
TapeTech Parts,TapeTech 6-32 X 3/8 BIND HEAD SCREW SST (TAPE-059020),059020,1.3,TapeTech 6-32 X 3/8 BIND HEAD SCREW SST (TAPE-059020)
TapeTech Parts,TapeTech 6-32 X 3/8 Cap Screw (TAPE-889015),889015,1.3,TapeTech 6-32 X 3/8 Cap Screw (TAPE-889015)
TapeTech Parts,"TapeTech 6-32 x 3/8"" Fillister Screw SST (TAPE-059012)",059012,1.3,"TapeTech 6-32 x 3/8"" Fillister Screw SST"
TapeTech Parts,TapeTech 6-32 X 5/16 Bind Head Screw (TAPE-209049),209049,1.15,TapeTech 6-32 X 5/16 Bind Head Screw (TAPE-209049)
TapeTech Parts,TapeTech 6-32 X 5/16 ROUND HEAD SCREW SST (TAPE-059013),059013,1.19,TapeTech 6-32 X 5/16 ROUND HEAD SCREW SST (TAPE-059013)
TapeTech Parts,TapeTech 6-32 X 5/8 Fillister Head Screw SST (TAPE-219080),219080,1.19,TapeTech 6-32 X 5/8 Fillister Head Screw SST (TAPE-219080)
TapeTech Parts,TapeTech 6-32 X 5/8 Flat Head Screw SST (TAPE-059029),059029,1.19,TapeTech 6-32 X 5/8 Flat Head Screw SST (TAPE-059029)
TapeTech Parts,TapeTech 6-32X5/8 SKT HEAD SCREW (TAPE-489029),489029,1.19,TapeTech 6-32X5/8 SKT HEAD SCREW (TAPE-489029)
TapeTech Parts,TapeTech 7 in. Flat Box Blade,200001,5.8,TapeTech 7 in. Flat Box Blade and other replacement parts available to keep your favorite TapeTech tools running at peak performance.
TapeTech Parts,"TapeTech 7"" AXLE",200045G,61.49,TapeTech 7” Axle and other replacement parts available to keep your favorite TapeTech tools running at peak performance.
TapeTech Parts,"TapeTech 7"" BLADE HOLDER, EASYCLEAN (TAPE-220002)",220002,105.84,"TapeTech 7"" BLADE HOLDER, EASYCLEAN (TAPE-220002)"
TapeTech Parts,"TapeTech 7"" COMBO WIPER (TAPE-210024F)",210024,43.27,"TapeTech 7"" COMBO WIPER (TAPE-210024F)"
TapeTech Parts,"TapeTech 7"" EASYCLEAN BLADE (TAPE-220001)",220001,16.27,"TapeTech 7"" EASYCLEAN BLADE (TAPE-220001)"
TapeTech Parts,"TapeTech 7"" FLAT BOX REPAIR KIT (TAPE-501C7)",501C7,24.22,"TapeTech 7"" FLAT BOX REPAIR KIT (TAPE-501C7)"
TapeTech Parts,"TapeTech 7"" SEAL HOLDER (TAPE-500003F)",500003F,47.78,"TapeTech 7"" SEAL HOLDER (TAPE-500003F)"
TapeTech Parts,"TapeTech 7"" TIE ROD (TAPE-200040F)",200040,36.79,"TapeTech 7"" TIE ROD (TAPE-200040F)"
TapeTech Parts,"TapeTech 7"" WIPER (TAPE-500028)",500028,23.04,"TapeTech 7"" WIPER (TAPE-500028)"
TapeTech Parts,"TapeTech 7"" WIPER - Flat Box Wiper One-Piece (TAPE-200026F)",200026F,35,"TapeTech 7"" WIPER - Flat Box Wiper One-Piece (TAPE-200026F)"
TapeTech Parts,"TapeTech 7"" X 10"" Crown Spring (TAPE-203010)",203010,9.7,"TapeTech 7"" X 10"" Crown Spring (TAPE-203010)"
TapeTech Parts,"TapeTech 72"" CONNECTOR (TAPE-804272)",804272,147.7,"TapeTech 72"" CONNECTOR (TAPE-804272)"
TapeTech Parts,"TapeTech 8"" PRESSURE PLATE (TAPE-350034)",350034,51.44,"TapeTech 8"" PRESSURE PLATE (TAPE-350034)"
TapeTech Parts,"TapeTech 8"" Seal Holder",350033F,64.54,"TapeTech 8"" Seal Holder and other replacement parts available to keep your favorite TapeTech tools running at peak performance."
TapeTech Parts,"TapeTech 8"" WIPERS (TAPE-350008)",350008,23.04,"TapeTech 8"" WIPERS (TAPE-350008)"
TapeTech Parts,TapeTech 8-32 Hex Elastic Stopnut (TAPE-059074),059074,1.19,TapeTech 8-32 Hex Elastic Stopnut (TAPE-059074)
TapeTech Parts,TapeTech 8-32 Hex Nut SST (TAPE-059260),059260,1.3,TapeTech 8-32 Hex Nut SST (TAPE-059260)
TapeTech Parts,TapeTech 8-32 X 1-1/2 Round Head Screw SST (TAPE-059092),059092,1.19,TapeTech 8-32 X 1-1/2 Round Head Screw SST (TAPE-059092)
TapeTech Parts,TapeTech 8-32 X 1/4 Fillister Head Screw SST (TAPE-059085),059085,1.15,TapeTech 8-32 X 1/4 Fillister Head Screw SST (TAPE-059085)
TapeTech Parts,TapeTech 8-32 X 1/4 SETSCREW 1/2 DOG SST,059084,1.3,TapeTech 8-32 X 1/4 SETSCREW 1/2 DOG SST and other replacement parts available to keep your favorite TapeTech tools running at peak performance.
TapeTech Parts,"TapeTech 8-32 X 3/8"" FILLISTER HEAD SCREW (TAPE-159010)",159010,1.75,"TapeTech 8-32 X 3/8"" FILLISTER HEAD SCREW (TAPE-159010)"
TapeTech Parts,TapeTech 8-32 X 5/16 Set Screw Cup Point SST (TAPE-059220),059220,1.19,TapeTech 8-32 X 5/16 Set Screw Cup Point SST (TAPE-059220)
TapeTech Parts,TapeTech 8-32 X 5/8 SETSCREW SOCKET CUP PT,809004,1.32,TapeTech 8-32 X 5/8 SETSCREW SOCKET CUP PT and other replacement parts available to keep your favorite TapeTech tools running at peak performance.
TapeTech Parts,TapeTech 8-32 X 5/8 Truss head Screw SST (TAPE-059127),059127,1.19,TapeTech 8-32 X 5/8 Truss head Screw SST (TAPE-059127)
TapeTech Parts,TapeTech 8-32X3/16 BIND HEAD SCREW (TAPE-729063),729063,1.3,TapeTech 8-32X3/16 BIND HEAD SCREW (TAPE-729063)
TapeTech Parts,TapeTech 8-32X3/8 BIND HEAD SCREW (TAPE-729064),729064,1.19,TapeTech 8-32X3/8 BIND HEAD SCREW (TAPE-729064)
TapeTech Parts,TapeTech 8-32X3/8 HEX SOCKET CAP SCREW,809012,1.32,TapeTech 8-32X3/8 HEX SOCKET CAP SCREW and other replacement parts available to keep your favorite TapeTech tools running at peak performance.
TapeTech Parts,TapeTech ACTUATOR (TAPE-882011B),882011,8.27,TapeTech ACTUATOR (TAPE-882011B)
TapeTech Parts,TapeTech ACTUATOR CLIP PIN (TAPE-882012),882012,21.92,TapeTech ACTUATOR CLIP PIN (TAPE-882012)
TapeTech Parts,TapeTech ADJUSTABLE STOP (TAPE-602035),602035,9.07,TapeTech ADJUSTABLE STOP (TAPE-602035)
TapeTech Parts,TapeTech ADJUSTER (TAPE-190033),190033,18.97,TapeTech ADJUSTER (TAPE-190033)
TapeTech Parts,TapeTech Angle Head Side Skid (TAPE-409011),409011,3.32,TapeTech Angle Head Side Skid
TapeTech Parts,TapeTech ANVIL (TAPE-050043F),050043F,22.1,TapeTech ANVIL (TAPE-050043F)
TapeTech Parts,TapeTech ARM (TAPE-212081),212081,89.83,TapeTech ARM (TAPE-212081)
TapeTech Parts,TapeTech Automatic Taper Magnet,050030,32.95,TapeTech Automatic Taper Magnet
TapeTech Parts,TapeTech AXLE *REPLACES 260045G* (TAPE-280045G),280045G,65.87,TapeTech AXLE *REPLACES 260045G* (TAPE-280045G)
TapeTech Parts,TapeTech AXLE CREASER WHEEL (TAPE-050070F),050070F,9.59,TapeTech AXLE CREASER WHEEL (TAPE-050070F)
TapeTech Parts,TapeTech BAFFLE PLATE ASSEMBLY (TAPE-054048F),054048F,27.47,TapeTech BAFFLE PLATE ASSEMBLY (TAPE-054048F)
TapeTech Parts,TapeTech BAND (TAPE-050229),050229,52.28,TapeTech BAND (TAPE-050229)
TapeTech Parts,TapeTech Bazooka Oil - 8oz can,056707,16.92,Ames TapeTech Bazooka Oil - 8oz can
TapeTech Parts,TapeTech BEARING (TAPE-502007),502007,3.87,TapeTech BEARING (TAPE-502007)
TapeTech Parts,TapeTech BEARING BRACKET (TAPE-050154),050154,3.87,TapeTech BEARING BRACKET (TAPE-050154)
TapeTech Parts,TapeTech Bearing Nyliner,059078,4.05,TapeTech Bearing Nyliner and other replacement parts available to keep your favorite TapeTech tools running at peak performance.
TapeTech Parts,TapeTech BEARING NYLINER (TAPE-209148),209148,3.27,TapeTech BEARING NYLINER (TAPE-209148)
TapeTech Parts,TapeTech BLADE CLAMP ASSY (TAPE-604036),604036,98.38,TapeTech BLADE CLAMP ASSY (TAPE-604036)
TapeTech Parts,TapeTech BLADE CLAMP ASSY (TAPE-654036),654036,113.87,TapeTech BLADE CLAMP ASSY (TAPE-654036)
TapeTech Parts,TapeTech BLADE HOLDER ASSEMBLY (TAPE-204002),204002,194.72,TapeTech BLADE HOLDER ASSEMBLY (TAPE-204002)
TapeTech Parts,"TapeTech BLADE HOLDER ASSEMBLY, 12"" BOX (TAPE-304002)",304002,242.84,"TapeTech BLADE HOLDER ASSEMBLY, 12"" BOX (TAPE-304002)"
TapeTech Parts,TapeTech Blade Holder Stop (TAPE-402019),402019,8.65,TapeTech Blade Holder Stop (TAPE-402019)
TapeTech Parts,TapeTech BLADE HOLDR ASSY (TAPE-254002),254002,221.24,TapeTech BLADE HOLDR ASSY (TAPE-254002)
TapeTech Parts,TapeTech Blade Tension Spring (TAPE-400005),400005,13.29,TapeTech Blade Tension Spring (TAPE-400005)
TapeTech Parts,TapeTech Blade Tension Spring (TAPE-450021),450021,14.75,TapeTech Blade Tension Spring (TAPE-450021)
TapeTech Parts,TapeTech Blade Tension Spring (TAPE-480005),480005,7.55,TapeTech Blade Tension Spring (TAPE-480005)
TapeTech Parts,TapeTech Blade Tension Spring (TAPE-480021),480021,8.05,TapeTech Blade Tension Spring (TAPE-480021)
TapeTech Parts,TapeTech BLOCK (TAPE-190002),190002,16.22,TapeTech BLOCK (TAPE-190002)
TapeTech Parts,TapeTech Box Wheel (TAPE-310051),310051F,7.72,TapeTech Box Wheel 310051
TapeTech Parts,TapeTech Brake Adjuster (TAPE-052150),052150,10.49,TapeTech Brake Adjuster
TapeTech Parts,TapeTech Brake Roller (TAPE-050500),050500,24.85,TapeTech Brake Roller
TapeTech Parts,TapeTech Brake Spring Mount (TAPE-052576),052576,18.49,TapeTech Brake Spring Mount
TapeTech Parts,TapeTech Brake Torsion Spring,050577,3.52,TapeTech Brake Torsion Spring and other replacement parts available to keep your favorite TapeTech parts running at peak performance.
TapeTech Parts,TapeTech BUSHING LINER  (TAPE-700029),700029,3.42,TapeTech BUSHING LINER (TAPE-700029)
TapeTech Parts,TapeTech Cable Drum (TAPE-050083F),050083F,65.6,TapeTech Cable Drum (TAPE-050083F)
TapeTech Parts,TapeTech CABLE DRUM SHAFT (TAPE-052121F),052121F,41.24,TapeTech CABLE DRUM SHAFT (TAPE-052121F)
TapeTech Parts,TapeTech CAM (TAPE-050123),050123,15.65,TapeTech CAM (TAPE-050123)
TapeTech Parts,TapeTech Center Clip - Short (TAPE-480017F),480017F,9.4,TapeTech Center Clip - Short (TAPE-480017F)
TapeTech Parts,TapeTech Center Clip Assembly (TAPE-484014F),484014F,16.25,TapeTech Center Clip Assembly (TAPE-484014F)
TapeTech Parts,TapeTech Chain Keeper (TAPE-059024),059024,3.52,TapeTech Chain Keeper (TAPE-059024)
TapeTech Parts,TapeTech Chain Roller (TAPE-050134),050134,2.4,TapeTech Chain Roller
TapeTech Parts,TapeTech CHAIN ROLLER BUSHING (TAPE-050128F),050128F,12.9,TapeTech CHAIN ROLLER BUSHING (TAPE-050128F)
TapeTech Parts,TapeTech CHAIN ROLLER SUPPORT (LEFT) (TAPE-050141),050141,25.42,TapeTech CHAIN ROLLER SUPPORT (LEFT) (TAPE-050141)
TapeTech Parts,TapeTech CHAIN ROLLER SUPPORT (RIGHT) (TAPE-050046),050046,41.62,TapeTech CHAIN ROLLER SUPPORT (RIGHT) (TAPE-050046)
TapeTech Parts,TapeTech CLAMP ASSEMBLY,204005,28.59,TapeTech Clamp Assembly and other replacement parts available to keep your favorite TapeTech tools running at peak performance.
TapeTech Parts,TapeTech CLAMP ASSY (TAPE-254005),254005,40,TapeTech CLAMP ASSY (TAPE-254005)
TapeTech Parts,TapeTech CLAMP ASSY (TAPE-304005),304005,39.84,TapeTech CLAMP ASSY (TAPE-304005)
TapeTech Parts,TapeTech COLLAR BUSHING (TAPE-050017),050017,4.95,TapeTech COLLAR BUSHING (TAPE-050017)
TapeTech Parts,TapeTech COMPRESSION SPRING (TAPE-880028),880028,4.79,TapeTech COMPRESSION SPRING (TAPE-880028)
TapeTech Parts,TapeTech CONE SS (TAPE-506009),506009,159.34,TapeTech CONE SS (TAPE-506009)
TapeTech Parts,TapeTech CONNECTION ROD (TAPE-880038),880038,36.9,TapeTech CONNECTION ROD (TAPE-880038)
TapeTech Parts,TapeTech Connector,140015,19.74,TapeTech Connector and other replacement parts available to keep your favorite TapeTech tools running at peak performance.
TapeTech Parts,TapeTech CONNECTOR (TAPE-600022),600022,9.42,TapeTech CONNECTOR (TAPE-600022)
TapeTech Parts,TapeTech CONNECTOR (TAPE-650022),650022,9.42,TapeTech CONNECTOR (TAPE-650022)
TapeTech Parts,TapeTech CONNECTOR PLATE (TAPE-800018F),800018F,50.7,TapeTech CONNECTOR PLATE (TAPE-800018F)
TapeTech Parts,TapeTech CONTROL BUSHING (TAPE-140013),140013,13.07,TapeTech CONTROL BUSHING (TAPE-140013)
TapeTech Parts,TapeTech CONTROL EXTENSION ARM (TAPE-054219),054219,74.57,TapeTech CONTROL EXTENSION ARM (TAPE-054219)
TapeTech Parts,TapeTech CONTROL TUBE  (TAPE-140009G),140009G,267.1,TapeTech CONTROL TUBE (TAPE-140009G)
TapeTech Parts,TapeTech CONTROL TUBE ROLLER (TAPE-050413),050413,1.29,TapeTech CONTROL TUBE ROLLER (TAPE-050413)
TapeTech Parts,TapeTech Control Valve (TAPE-050058),050058,11.79,TapeTech Control Valve (TAPE-050058)
TapeTech Parts,TapeTech CORNER ROLLER HEAD (TAPE-156001F),156001F,97,TapeTech CORNER ROLLER HEAD (TAPE-156001F)
TapeTech Parts,TapeTech Corner Roller Wheel Repair Kit - Euro,501RSE,263.47,TapeTech Corner Roller Wheel Repair Kit – Euro and other replacement parts available to keep your favorite TapeTech tools running at peak performance.
TapeTech Parts,TapeTech COUPLER (TAPE-190034),190034,24.89,TapeTech COUPLER (TAPE-190034)
TapeTech Parts,TapeTech COUPLING (TAPE-150003F),150003F,71.64,TapeTech COUPLING (TAPE-150003F)
TapeTech Parts,TapeTech COUPLING PIN  (REPAIR ONLY BOX HANDLES) (TAPE-801009),801009,10.94,TapeTech COUPLING PIN (REPAIR ONLY BOX HANDLES) (TAPE-801009)
TapeTech Parts,TapeTech Creaser Chain,050145,20.29,TapeTech Creaser Chain and other replacement parts available to keep your favorite TapeTech tools running at peak performance.
TapeTech Parts,TapeTech CREASER CONNECTOR,050249,55.92,The TapeTech Creaser Connector and other replacement parts available to keep your favorite TapeTech tools running at peak performance.
TapeTech Parts,TapeTech Creaser Crank,050079,16.57,TapeTech Creaser Crank and other replacement parts available to keep your favorite TapeTech tools running at peak performance.
TapeTech Parts,TapeTech Creaser Trigger (TAPE-054245F),054245F,82.89,TapeTech Creaser Trigger (TAPE-054245F)
TapeTech Parts,TapeTech CREASER WHEEL (TAPE-050073),050073,3.67,TapeTech CREASER WHEEL (TAPE-050073)
TapeTech Parts,TapeTech CUTOFF SPRING COVER (TAPE-050063),050063,35.17,TapeTech CUTOFF SPRING COVER (TAPE-050063)
TapeTech Parts,TapeTech CUTTER BLOCK CLAMP (TAPE-050137F),050137F,23.74,TapeTech CUTTER BLOCK CLAMP (TAPE-050137F)
TapeTech Parts,TapeTech CUTTER BLOCK PIN (TAPE-059129),059129,1.19,TapeTech CUTTER BLOCK PIN (TAPE-059129)
TapeTech Parts,TapeTech CUTTER BLOCK TUBE (TAPE-050113F),050113F,14.37,TapeTech CUTTER BLOCK TUBE (TAPE-050113F)
TapeTech Parts,TapeTech CUTTER CHAIN (TAPE-056142),056142,49.12,TapeTech CUTTER CHAIN (TAPE-056142)
TapeTech Parts,TapeTech CUTTER CHAIN SUB-ASSEMBLY (TAPE-340),340,161.85,TapeTech CUTTER CHAIN SUB-ASSEMBLY (TAPE-340)
TapeTech Parts,TapeTech Cutter Chain Tube Link (TAPE-050144F),050144F,13.29,TapeTech Cutter Chain Tube Link (TAPE-050144F)
TapeTech Parts,TapeTech Dial Assembly (TAPE-206003),206003,38.34,TapeTech Dial Assembly (TAPE-206003)
TapeTech Parts,TapeTech DISENGAGING CAM (TAPE-050019),050019,24.15,TapeTech DISENGAGING CAM (TAPE-050019)
TapeTech Parts,TapeTech DISENGAGING ROD   (TAPE-050034F),050034F,14.75,TapeTech DISENGAGING ROD (TAPE-050034F)
TapeTech Parts,TapeTech DISENGAGING ROD BEARING (TAPE-050041F),050041F,42.35,TapeTech DISENGAGING ROD BEARING (TAPE-050041F)
TapeTech Parts,TapeTech DRAW LATCH ASSEMBLY (TAPE-724061F),724061F,38.34,TapeTech DRAW LATCH ASSEMBLY (TAPE-724061F)
TapeTech Parts,TapeTech DRIVE DOG ASSY. (TAPE-054116F),054116F,26.7,TapeTech DRIVE DOG ASSY. (TAPE-054116F)
TapeTech Parts,TapeTech Drive Dog Axle (TAPE-059120),059120,1.19,TapeTech Drive Dog Axle (TAPE-059120)
TapeTech Parts,TapeTech DRIVE DOG HOLDER ASSEMBLY (REPLACES 050118) (TAPE-054118F),054118F,33.7,TapeTech DRIVE DOG HOLDER ASSEMBLY (REPLACES 050118) (TAPE-054118F)
TapeTech Parts,TapeTech Drive Dog Holder Pin,059119,1.19,TapeTech Drive Dog Holder Pin and other replacement parts available to keep your favorite TapeTech tools running at peak performance.
TapeTech Parts,TapeTech DRIVE DOG SUB ASSEMBLY (TAPE-215),215,199.29,TapeTech DRIVE DOG SUB ASSEMBLY (TAPE-215)
TapeTech Parts,TapeTech Drive Hub (TAPE-050109F),050109F,28.59,TapeTech Drive Hub (TAPE-050109F)
TapeTech Parts,TapeTech Drum Washer (TAPE-059082),059082,4.42,TapeTech Drum Washer
TapeTech Parts,TapeTech E-CLIP #25 (TAPE-129061),129061,1.15,TapeTech E-CLIP #25 (TAPE-129061)
TapeTech Parts,TapeTech EZ Roll Flat Box Wheel Repair Kit (TAPE-EZROLLKIT),EZROLLKIT,54.67,TapeTech EZ Roll Flat Box Wheel Repair Kit (TAPE-EZROLLKIT)
TapeTech Parts,TapeTech EZ Roll Shoulder Screw (TAPE-210073),210073,12.64,TapeTech Shoulder Screw
TapeTech Parts,TapeTech EZCOVER PLATE (TAPE-EZCOVER07),EZCOVER07,205.27,TapeTech EZCOVER PLATE (TAPE-EZCOVER07)
TapeTech Parts,TapeTech FILLER BODY HOLDER (TAPE-354003F),354003F,39.1,TapeTech FILLER BODY HOLDER (TAPE-354003F)
TapeTech Parts,TapeTech FILLER O'RING (TAPE-709034),709034,1.3,TapeTech FILLER O'RING (TAPE-709034)
TapeTech Parts,TapeTech FILLER TUBE ASSY (TAPE-704040),704040,28.59,TapeTech FILLER TUBE ASSY (TAPE-704040)
TapeTech Parts,TapeTech FILLER VALVE ASSEMBLY (TAPE-054059F),054059F,38.1,TapeTech FILLER VALVE ASSEMBLY (TAPE-054059F)
TapeTech Parts,"TapeTech FLANGE, LEFT (TAPE-212084)",212084,35.75,"TapeTech FLANGE, LEFT (TAPE-212084)"
TapeTech Parts,TapeTech Flat Box Wheel Repair Kit (TAPE-502CN),502CN,39.84,TapeTech Flat Box Wheel Repair Kit
TapeTech Parts,TapeTech FOOT VALVE (TAPE-700011F),700011F,43.89,TapeTech FOOT VALVE (TAPE-700011F)
TapeTech Parts,TapeTech FRICTION WASHER  (TAPE-609020),609020,2.59,TapeTech FRICTION WASHER (TAPE-609020)
TapeTech Parts,TapeTech Front Support,050071F,8.3,TapeTech Front Support and other replacement parts available to keep your favorite TapeTech tools running at peak performance.
TapeTech Parts,TapeTech Gasket (TAPE-700049),700049,2.4,TapeTech Gasket (TAPE-700049)
TapeTech Parts,"TapeTech GASKET, LATHE CUT BUNA N70 (TAPE-729060)",729060,2.4,"TapeTech GASKET, LATHE CUT BUNA N70 (TAPE-729060)"
TapeTech Parts,TapeTech GLAND,700004F,31.49,TapeTech GLAND and other replacement parts available to keep your favorite TapeTech tools running at peak performance.
TapeTech Parts,TapeTech Gooser & Cutter Chain Stop (TAPE-050068),050068,4.52,TapeTech Gooser & Cutter Chain Stop (TAPE-050068)
TapeTech Parts,TapeTech GOOSER BODY ASSEMBLY (TAPE-054028),054028,19.17,TapeTech GOOSER BODY ASSEMBLY (TAPE-054028)
TapeTech Parts,TapeTech GOOSER BUSHING - REPAIR ONLY (TAPE-050031),050031,8.47,TapeTech GOOSER BUSHING - REPAIR ONLY (TAPE-050031)
TapeTech Parts,TapeTech GOOSER GUIDE/BUSHING (TAPE-054111F),054111F,17.5,TapeTech GOOSER GUIDE/BUSHING (TAPE-054111F)
TapeTech Parts,TapeTech Gooser Needle (TAPE-059049),059049,1.3,TapeTech Gooser Needle
TapeTech Parts,TapeTech Gooser Release Cam (TAPE-050053),050053,15.65,TapeTech Gooser Release Cam (TAPE-050053)
TapeTech Parts,TapeTech GOOSER SUB-ASSEMBLY (TAPE-200),200,226.14,TapeTech GOOSER SUB-ASSEMBLY (TAPE-200)
TapeTech Parts,TapeTech GUIDE PLUG (TAPE-882016),882016,23.99,TapeTech GUIDE PLUG (TAPE-882016)
TapeTech Parts,TapeTech HANDLE BALL (TAPE-702031F),702031F,26.7,TapeTech HANDLE BALL (TAPE-702031F)
TapeTech Parts,TapeTech HANDLE BRACKET (TAPE-884003B),884003B,31.84,TapeTech HANDLE BRACKET (TAPE-884003B)
TapeTech Parts,TapeTech HANDLE GRIP (TAPE-151042),151042,6.2,TapeTech HANDLE GRIP (TAPE-151042)
TapeTech Parts,TapeTech HANDLE LEVER ASSEMBLY (TAPE-804003F),804003F,82.02,TapeTech HANDLE LEVER ASSEMBLY (TAPE-804003F)
TapeTech Parts,TapeTech Head Bushing,050086F,11.6,TapeTech Head Bushing and other replacement parts available to keep your favorite TapeTech tools running at peak performance.
TapeTech Parts,TapeTech Head Bushing (TAPE-050099),050099F,15.1,TapeTech Head Bushing
TapeTech Parts,TapeTech HINGE ASSEMBLY (TAPE-808015F),808015F,58.07,TapeTech HINGE ASSEMBLY (TAPE-808015F)
TapeTech Parts,TapeTech HINGE CASTING (TAPE-196003),196003,184.15,TapeTech HINGE CASTING (TAPE-196003)
TapeTech Parts,TapeTech HUB (TAPE-050150F),050150F,25.8,TapeTech HUB (TAPE-050150F)
TapeTech Parts,TapeTech INNER ROLLER (TAPE-151011),151011,14.42,TapeTech INNER ROLLER (TAPE-151011)
TapeTech Parts,TapeTech INSERT (TAPE-059044),059044,19.32,TapeTech INSERT (TAPE-059044)
TapeTech Parts,TapeTech KEY RING (TAPE-059067),059067,1.19,TapeTech KEY RING (TAPE-059067)
TapeTech Parts,TapeTech LATCH (TAPE-210058F),210058F,6.8,TapeTech LATCH (TAPE-210058F)
TapeTech Parts,TapeTech LATCH (TAPE-502034),502034,11.24,TapeTech LATCH (TAPE-502034)
TapeTech Parts,TapeTech LINK (TAPE-700015F),700015F,61.74,TapeTech LINK USED WITH 700002F (TAPE-700015F)
TapeTech Parts,TapeTech LOCK (TAPE-212087),212087,11.97,TapeTech LOCK (TAPE-212087)
TapeTech Parts,TapeTech LOCK BLOCK,050212F,13.8,TapeTech Lock Block and other replacement parts available to keep your favorite TapeTech tools running at peak performance.
TapeTech Parts,TapeTech LOCK BLOCK (TAPE-880053),880053,19.2,TapeTech LOCK BLOCK (TAPE-880053)
TapeTech Parts,TapeTech LOCK CLIP (TAPE-709046),709046,9.77,TapeTech LOCK CLIP (TAPE-709046)
TapeTech Parts,TapeTech LOCK WASHER (TAPE-889027),889027,34.2,TapeTech LOCK WASHER (TAPE-889027)
TapeTech Parts,TapeTech Locking Pin (TAPE-882013),882013,14.02,TapeTech Locking Pin (TAPE-882013)
TapeTech Parts,TapeTech LONG CREASER ASSEMBLY (TAPE-054095F),054095F,26.7,TapeTech LONG CREASER ASSEMBLY (TAPE-054095F)
TapeTech Parts,TapeTech MAIN CHAIN (TAPE-058126F),058126F,83.07,TapeTech MAIN CHAIN (TAPE-058126F)
TapeTech Parts,TapeTech MAIN CHAIN GUARD (TAPE-050163),050163,13.64,TapeTech MAIN CHAIN GUARD (TAPE-050163)
TapeTech Parts,TapeTech MASTER LINK (TAPE-880006F),880006F,11.79,TapeTech MASTER LINK (TAPE-880006F)
TapeTech Parts,TapeTech Mud Pump Piston U-Cup,700005,5.09,TapeTech Mud Pump Piston U-Cup (Part #700005) and other replacement parts available to keep your favorite TapeTech tools running at peak performance.
TapeTech Parts,TapeTech Mud Pump Piston U-Cup (TAPE-729009),729009,15.49,TapeTech Mud Pump Piston U-Cup (Part #729009) and other replacement parts available to keep your favorite TapeTech tools running at peak performance.
TapeTech Parts,TapeTech Mud Pump Rebuild Kit,502H,36.94,"The TapeTech Mud Pump Rebuild Kit includes 1 U-Cup, 1 Liner, 1 Piston Cup, and 2 Valve Disks."
TapeTech Parts,TapeTech NAS 620C 1/4 L WASHER SST (TAPE-149029),149029,1.19,TapeTech NAS 620C 1/4 L WASHER SST (TAPE-149029)
TapeTech Parts,TapeTech NEEDLE HOLDER (TAPE-050050F),050050F,26.7,TapeTech NEEDLE HOLDER (TAPE-050050F)
TapeTech Parts,TapeTech NEEDLE HOLDER LOCK (TAPE-050027),050027,7.35,TapeTech NEEDLE HOLDER LOCK (TAPE-050027)
TapeTech Parts,TapeTech NEEDLE PLUG (TAPE-140007),140007,18.48,TapeTech NEEDLE PLUG (TAPE-140007)
TapeTech Parts,TapeTech NUT BLOCK (TAPE-609015),609015,10.87,TapeTech NUT BLOCK (TAPE-609015)
TapeTech Parts,"TapeTech NUT HEX, SST (TAPE-359046)",359046,1.21,"TapeTech NUT HEX, SST (TAPE-359046)"
TapeTech Parts,TapeTech NUT SPECIAL (TAPE-603031),603031,9.97,TapeTech NUT SPECIAL (TAPE-603031)
TapeTech Parts,TapeTech Nyliner Bearing (TAPE-209047),209047,3.19,TapeTech Nyliner Bearing (TAPE-209047)
TapeTech Parts,"TapeTech Nyliner, 5L10-FK (TAPE-179009)",179009,2.45,"TapeTech Nyliner, 5L10-FK (TAPE-179009)"
TapeTech Parts,TapeTech NYLON SPACER (TAPE-889055),889055,1.5,TapeTech NYLON SPACER (TAPE-889055)
TapeTech Parts,TapeTech NYLON WASHER (TAPE-159023),159023,1.29,TapeTech NYLON WASHER (TAPE-159023)
TapeTech Parts,TapeTech O-RING (TAPE-489028),489028,1.3,TapeTech O-RING (TAPE-489028)
TapeTech Parts,TapeTech O-Ring - Flat Box Tire (TAPE-219067),219067,1.3,TapeTech O-Ring - Flat Box Tire (219067)
TapeTech Parts,TapeTech O-Ring 07TT Taper Lid (TAPE-059328),059328,6.95,"WallTools a leading supplier of professional tools for drywall hanging and drywall finishing, wallpaper, wallcovering, and ceiling grid. Major brands including automatic taping tools by Columbia Taping Tools, Blue Line & Tapepro, TapeTech, Level-5; Advance Paste machines; DeWalt Power tools; USG Sheetrock taping knives, Kraft, Trim-Tex, Porter Cable, and many more."
TapeTech Parts,TapeTech O-Ring BUNA 2-230 (TAPE-149032),149032,2.35,TapeTech O-Ring BUNA 2-230 (TAPE-149032)
TapeTech Parts,TapeTech O-Ring BUNA 2-318 (TAPE-149031),149031,1.29,TapeTech O-Ring BUNA 2-318 (TAPE-149031)
TapeTech Parts,TapeTech O-RING ENCLOSURE (TAPE-720066F),720066F,56.6,TapeTech O-RING ENCLOSURE (TAPE-720066F)
TapeTech Parts,TapeTech OUTER ROLLER ASSEMBLY (TAPE-151005),151005,46.99,TapeTech OUTER ROLLER ASSEMBLY (TAPE-151005)
TapeTech Parts,TapeTech PIN (TAPE-190006),190006,25.32,TapeTech PIN (TAPE-190006)
TapeTech Parts,TapeTech PIN (TAPE-190036),190036,11.12,TapeTech PIN (TAPE-190036)
TapeTech Parts,TapeTech PIN (TAPE-800021F),800021F,10.87,TapeTech PIN (TAPE-800021F)
TapeTech Parts,TapeTech PISTON CUP (TAPE-720009),720009F,9.89,TapeTech PISTON CUP (TAPE-720009)
TapeTech Parts,TapeTech PISTON ROD (USED WITH 700015F) (TAPE-700002F),700002F,141.19,TapeTech PISTON ROD (USED WITH 700015F) (TAPE-700002F)
TapeTech Parts,TapeTech PISTON SUB-ASSEMBLY (TAPE-335),335,264.35,TapeTech PISTON SUB-ASSEMBLY (TAPE-335)
TapeTech Parts,TapeTech PIVOT (TAPE-502005F),502005F,48.74,TapeTech PIVOT (TAPE-502005F)
TapeTech Parts,TapeTech PIVOT ARM,800008,52.94,TapeTech Pivot Arm and other replacement parts available to keep your favorite TapeTech tools running at peak performance.
TapeTech Parts,TapeTech PIVOT BEARING (TAPE-210060),210060,11.97,TapeTech PIVOT BEARING (TAPE-210060)
TapeTech Parts,TapeTech PIVOT BEARING (TAPE-502006),502006,12.52,TapeTech PIVOT BEARING (TAPE-502006)
TapeTech Parts,TapeTech PLASTIC WASHER,639020,1.29,TapeTech Plastic Washer and other replacement parts available to keep your favorite TapeTech tools running at peak performance.
TapeTech Parts,TapeTech PLUNGER (TAPE-050200),050200,41.45,TapeTech PLUNGER (TAPE-050200)
TapeTech Parts,TapeTech Plunger Cable,054209F,10.5,TapeTech Plunger Cable
TapeTech Parts,TapeTech PLUNGER CUP,050203,32.14,TapeTech Plunger Cup and other replacement parts available to keep your favorite TapeTech tools running at peak performance.
TapeTech Parts,TapeTech PLUNGER CUP WASHER (TAPE-050204),050204,14.37,TapeTech PLUNGER CUP WASHER (TAPE-050204)
TapeTech Parts,TapeTech PRESSURE PLATE (TAPE-500018),500018,30.22,TapeTech PRESSURE PLATE (TAPE-500018)
TapeTech Parts,TapeTech PRESSURE PLATE TAB - REPAIR ONLY (TAPE-630017),630017,53.44,TapeTech PRESSURE PLATE TAB - REPAIR ONLY (TAPE-630017)
TapeTech Parts,TapeTech Pump Piston (TAPE-720045),720045,12.05,TapeTech Pump Piston (TAPE-720045)
TapeTech Parts,TapeTech Pump Repair Kit (TAPE-501H),501H,24.15,TapeTech Pump Repair Kit
TapeTech Parts,TapeTech Push Rod Assembly (TAPE-054032F),054032F,54.9,TapeTech Push Rod Assembly
TapeTech Parts,"TapeTech Push Rod, Crown Adjust (TAPE-202007)",202007,23.22,"TapeTech Push Rod, Crown Adjust (TAPE-202007)"
TapeTech Parts,TapeTech Pyramid Blade (TAPE-050133),050133,3.59,TapeTech Pyramid Blade
TapeTech Parts,TapeTech PYRAMID BLADE (TAPE-056133),056133,5.52,TapeTech PYRAMID BLADE (TAPE-056133)
TapeTech Parts,TapeTech QUICK RELEASE PIN (TAPE-724065),724065,22.29,TapeTech QUICK RELEASE PIN (TAPE-724065)
TapeTech Parts,TapeTech REAR BREAK LEVER BRACKET (TAPE-880004),880004,49.77,TapeTech REAR BREAK LEVER BRACKET (TAPE-880004)
TapeTech Parts,TapeTech Rear Support (TAPE-050072F),050072F,8.3,TapeTech Rear Support (TAPE-050072F)
TapeTech Parts,TapeTech Repair Clip (TAPE-202022),202022,1.59,TapeTech Repair Clip (TAPE-202022)
TapeTech Parts,TapeTech RETAINER (TAPE-700045),700045,18.09,TapeTech RETAINER (TAPE-700045)
TapeTech Parts,TapeTech Retainer Spring (TAPE-409010),409010,1.19,TapeTech Retainer Spring (TAPE-409010)
TapeTech Parts,"TapeTech Retainer Spring - 2"" Corner Finisher Head",409021,9.55,"TapeTech Retainer Spring - 2"" Corner Finisher Head and other replacement parts available to keep your favorite TapeTech tools running at peak performance."
TapeTech Parts,"TapeTech RETAINER, LARGE (TAPE-700008)",700008,18.77,"TapeTech RETAINER, LARGE (TAPE-700008)"
TapeTech Parts,"TapeTech RETAINING RING,EXT, 0.25 SHAFT (TAPE-159024)",159024,3.47,"TapeTech RETAINING RING,EXT, 0.25 SHAFT (TAPE-159024)"
TapeTech Parts,TapeTech ROD (TAPE-191007),191007,109.62,TapeTech ROD (TAPE-191007)
TapeTech Parts,TapeTech ROD WIPER (TAPE-149035),149035,22.29,TapeTech ROD WIPER (TAPE-149035)
TapeTech Parts,TapeTech Roller Axle (TAPE-050418),050418,1.3,TapeTech Roller Axle (TAPE-050418)
TapeTech Parts,TapeTech Roller Axle Spring,059010,1.5,TapeTech Roller Axle Spring and other replacement parts available to keep your favorite TapeTech tools running at peak performance.
TapeTech Parts,TapeTech ROUND HEAD SCREW (TAPE-609011),609011,1.19,TapeTech ROUND HEAD SCREW (TAPE-609011)
TapeTech Parts,TapeTech ROUND LIP U-CUP (TAPE-149021),149021,28.59,TapeTech ROUND LIP U-CUP (TAPE-149021)
TapeTech Parts,TapeTech ROUND LIP U-CUP (TAPE-149023),149023,17.5,TapeTech ROUND LIP U-CUP (TAPE-149023)
TapeTech Parts,"TapeTech Scres, 4-40 X 1/4 Filister Head SST (TAPE-209012)",209012,1.3,"TapeTech Scres, 4-40 X 1/4 Filister Head SST (TAPE-209012)"
TapeTech Parts,TapeTech SCREW BLOCK (TAPE-050080F),050080F,5.89,TapeTech SCREW BLOCK (TAPE-050080F)
TapeTech Parts,TapeTech SEAL (TAPE-502019),502019,7.09,TapeTech SEAL (TAPE-502019)
TapeTech Parts,"TapeTech SEAL PLATE 7"" (TAPE-210097)",210097,14.54,"TapeTech SEAL PLATE 7"" (TAPE-210097)"
TapeTech Parts,"TapeTech SEAL, 10"" (TAPE-260096)",260096,42.07,"TapeTech SEAL, 10"" (TAPE-260096)"
TapeTech Parts,"TapeTech SEAL, 7"" (TAPE-210096)",210096,43.12,"TapeTech SEAL, 7"" (TAPE-210096)"
TapeTech Parts,TapeTech SERRATED HEX FLANGE NUT  REPLACES 609043 (TAPE-609049),609049,1.15,TapeTech SERRATED HEX FLANGE NUT REPLACES 609043 (TAPE-609049)
TapeTech Parts,TapeTech Shaft Driver Assembly - Includes Sprocket (TAPE-054110F),054110F,51.2,TapeTech Shaft Driver Assembly - Includes Sprocket (TAPE-054110F)
TapeTech Parts,TapeTech SHIM (TAPE-200009),200009,11.24,TapeTech SHIM (TAPE-200009)
TapeTech Parts,TapeTech SHIM (TAPE-250009),250009,13.1,TapeTech SHIM (TAPE-250009)
TapeTech Parts,TapeTech SHIM (TAPE-300009),300009,14.57,TapeTech SHIM (TAPE-300009)
TapeTech Parts,"TapeTech Shim, Side Plate (TAPE-059098)",059098,5.89,"TapeTech Shim, Side Plate (TAPE-059098)"
TapeTech Parts,TapeTech SHORT CONNECTOR (TAPE-810027),810027,52.35,TapeTech SHORT CONNECTOR (TAPE-810027)
TapeTech Parts,TapeTech Short Creaser Assembly (TAPE-054096F),054096F,15.65,TapeTech Short Creaser Assembly (TAPE-054096F)
TapeTech Parts,TapeTech SHOULDER SCREW,202036,7.35,TapeTech Shoulder Screw and other replacement parts available to keep your favorite TapeTech tools running at peak performance.
TapeTech Parts,TapeTech Shoulder Screw (TAPE-200052F),200052F,7.05,TapeTech Shoulder Screw
TapeTech Parts,TapeTech SHOULDER SCREW (TAPE-210059),210059,9.97,TapeTech SHOULDER SCREW (TAPE-210059)
TapeTech Parts,TapeTech SKID (TAPE-600007),600007,64.83,TapeTech SKID (TAPE-600007)
TapeTech Parts,TapeTech SKID (TAPE-650007),650007,55.25,TapeTech SKID (TAPE-650007)
TapeTech Parts,TapeTech Skid Cover - Left Side,209039,2.77,TapeTech Skid Cover - Left Side
TapeTech Parts,TapeTech Skid Cover - Right Side,209006,3.52,TapeTech Skid Cover - Right Side
TapeTech Parts,"TapeTech SKID, LEFT (TAPE-219039)",219039,11.24,"TapeTech SKID, LEFT (TAPE-219039)"
TapeTech Parts,"TapeTech SKID, RIGHT (TAPE-219006)",219006,10.62,"TapeTech SKID, RIGHT (TAPE-219006)"
TapeTech Parts,TapeTech SPACER (TAPE-050023F),050023F,7.57,TapeTech SPACER (TAPE-050023F)
TapeTech Parts,TapeTech SPACER (TAPE-212089),212089,6.45,TapeTech SPACER (TAPE-212089)
TapeTech Parts,TapeTech Spacer Bar (TAPE-050090F),050090F,26.7,TapeTech Spacer Bar (TAPE-050090F)
TapeTech Parts,TapeTech SPACER ROD (TAPE-050152F),050152F,11.32,TapeTech SPACER ROD (TAPE-050152F)
TapeTech Parts,TapeTech SPACER ROD (TAPE-210071),210071,14.54,TapeTech SPACER ROD (TAPE-210071)
TapeTech Parts,TapeTech Special Nut (TAPE-202021),202021,8.85,TapeTech Special Nut (TAPE-202021)
TapeTech Parts,TapeTech SPECIAL NUT (TAPE-700037),700037,41.45,TapeTech SPECIAL NUT (TAPE-700037)
TapeTech Parts,TapeTech SPECIAL RIVET (TAPE-602029F),602029F,4.6,TapeTech SPECIAL RIVET (TAPE-602029F)
TapeTech Parts,TapeTech SPECIAL WASHER (TAPE-602045F),602045F,4.6,TapeTech SPECIAL WASHER (TAPE-602045F)
TapeTech Parts,TapeTech Spring,202044F,10.14,TapeTech Spring and other replacement parts available to keep your favorite TapeTech tools running at peak performance.
TapeTech Parts,TapeTech SPRING (TAPE-140018),140018,52.47,TapeTech SPRING (TAPE-140018)
TapeTech Parts,TapeTech SPRING (TAPE-212090),212090,15.65,TapeTech SPRING (TAPE-212090)
TapeTech Parts,TapeTech SPRING (TAPE-219091),219091,8.3,TapeTech SPRING (TAPE-219091)
TapeTech Parts,TapeTech SPRING (TAPE-602026F),602026F,6.75,TapeTech SPRING (TAPE-602026F)
TapeTech Parts,"TapeTech Spring Adjuster Cam, Left (TAPE-480007F)",480007F,16.57,"TapeTech Spring Adjuster Cam, Left (TAPE-480007F)"
TapeTech Parts,"TapeTech Spring Adjuster Cam, Right (TAPE-480008F)",480008F,16.57,"TapeTech Spring Adjuster Cam, Right (TAPE-480008F)"
TapeTech Parts,TapeTech Spring Anchor (TAPE-202020),202020,7.74,TapeTech Spring Anchor (TAPE-202020)
TapeTech Parts,TapeTech Spring Clip (TAPE-209041),209041,4.4,TapeTech Spring Clip (TAPE-209041)
TapeTech Parts,TapeTech Spring Creaser Retainer (TAPE-050081),050081F,3.32,TapeTech Spring Creaser Retainer
TapeTech Parts,TapeTech SPRING CUT OFF (TAPE-050132F),050132F,11.14,TapeTech SPRING CUT OFF (TAPE-050132F)
TapeTech Parts,TapeTech Spring Drive Dog (TAPE-050115),050115F,3.69,TapeTech Spring Drive Dog
TapeTech Parts,TapeTech SPRING RETAINER (TAPE-402002F),402002F,23.62,TapeTech SPRING RETAINER (TAPE-402002F)
TapeTech Parts,TapeTech Spring Washer (TAPE-219064),219064,1.3,TapeTech Spring Washer (TAPE-219064)
TapeTech Parts,TapeTech SPROCKET DRIVER ASSEMBLY (TAPE-054114F),054114F,96.7,TapeTech SPROCKET DRIVER ASSEMBLY (TAPE-054114F)
TapeTech Parts,TapeTech Swivel Assembly (TAPE-154007),154007,48.53,TapeTech Swivel Assembly (TAPE-154007)
TapeTech Parts,TapeTech Swivel Axle for Corner Roller (TAPE-150009),150009,11.79,TapeTech Swivel Axle for Corner Roller (TAPE-150009)
TapeTech Parts,TapeTech SWLVEL COUPLING PIN (TAPE-150004F),150004F,12.52,TapeTech SWLVEL COUPLING PIN (TAPE-150004F)
TapeTech Parts,TapeTech TAPE GUIDE ASSEMBLY (TAPE-054101),054101,57.1,TapeTech TAPE GUIDE ASSEMBLY (TAPE-054101)
TapeTech Parts,TapeTech TAPE RUNNER ASSEMBLY (TAPE-054075),054075,36.09,TapeTech TAPE RUNNER ASSEMBLY (TAPE-054075)
TapeTech Parts,TapeTech TAPE RUNNER ASSEMBLY (TAPE-054104),054104,36.09,TapeTech TAPE RUNNER ASSEMBLY (TAPE-054104)
TapeTech Parts,TapeTech Tape Spool,050244,8.47,TapeTech Tape Spool and other replacement parts available to keep your favorite TapeTech tools running at peak performance.
TapeTech Parts,TapeTech TAPER HEAD (TAPE-056100F),056100F,137.24,TapeTech TAPER HEAD (TAPE-056100F)
TapeTech Parts,TapeTech Taper Rebuild Kit (TAPE-502A),502A,74.02,TapeTech Taper Rebuild Kit
TapeTech Parts,TapeTech Taper Repair Kit (TAPE-501A),501A,71.64,TapeTech Taper Repair Kit
TapeTech Parts,"TapeTech Taper Tube, Gold (TAPE-056248G)",056248G,580.25,"TapeTech Taper Tube Gold 056248G, Bazooka Tube"
TapeTech Parts,TapeTech Taper Wheel,050093F,21.37,TapeTech Taper Wheel and other replacement parts available to keep your favorite TapeTech tools running at peak performance.
TapeTech Parts,TapeTech TAPER WHEEL SPOOL (TAPE-050094F),050094F,70.52,TapeTech TAPER WHEEL SPOOL (TAPE-050094F)
TapeTech Parts,TapeTech Threaded Washer (TAPE-202028),202028,6.45,TapeTech Threaded Washer (TAPE-202028)
TapeTech Parts,TapeTech TUBE (TAPE-142001),142001,196.17,TapeTech TUBE (TAPE-142001)
TapeTech Parts,TapeTech TUBE ADAPTER (TAPE-140004),140004,38.69,TapeTech TUBE ADAPTER (TAPE-140004)
TapeTech Parts,TapeTech TUBE CAP (TAPE-140003),140003,31.14,TapeTech TUBE CAP (TAPE-140003)
TapeTech Parts,TapeTech VALVE (TAPE-050064F),050064F,16.35,TapeTech VALVE (TAPE-050064F)
TapeTech Parts,TapeTech VALVE DISC (TAPE-700010F),700010F,9.65,TapeTech VALVE DISC (TAPE-700010F)
TapeTech Parts,TapeTech Valve Spring,059061F,4.44,TapeTech Valve Spring and other replacement parts available to keep your favorite TapeTech tools running at peak performance.
TapeTech Parts,TapeTech Washer (TAPE-209046),209046,5.52,TapeTech Washer (TAPE-209046)
TapeTech Parts,TapeTech WASHER (TAPE-609018),609018,6.45,TapeTech WASHER (TAPE-609018)
TapeTech Parts,TapeTech WASHER SPECIAL (TAPE-650040),650040,9.97,TapeTech WASHER SPECIAL (TAPE-650040)
TapeTech Parts,TapeTech WASHER SPECIAL (TAPE-709012),709012,1.19,TapeTech WASHER SPECIAL (TAPE-709012)
TapeTech Parts,TapeTech Wear Pad (TAPE-480002F),480002F,21.19,TapeTech Wear Pad (TAPE-480002F)
TapeTech Parts,TapeTech Wheel (TAPE-480026),480026,11.6,TapeTech Wheel (TAPE-480026)
TapeTech Parts,TapeTech Wheel Bushing (TAPE-480027),480027,7.35,TapeTech Wheel Bushing (TAPE-480027)
TapeTech Parts,TapeTech WHEEL KEEPER WIREFORM (TAPE-050412),050412,4.22,TapeTech WHEEL KEEPER WIREFORM (TAPE-050412)
TapeTech Parts,TapeTech WIPER RETAINER (TAPE-050004),050004,14.37,TapeTech WIPER RETAINER (TAPE-050004)
TapeTech Parts,"TapeTech WIPER,CONTROL VALVE (TAPE-050003)",050003,5.9,"TapeTech WIPER,CONTROL VALVE (TAPE-050003)"
Tapeworm,"Tapeworm 3"" Carbide Angle Head Blade (TAWO-10436-C)",TAWO-10436-C,32.95,"Tapeworm 3"" Carbide Angle Head Blade"
Tapeworm,Tapeworm Rear Clip (TAWO-10448),TAWO-10448,10.99,Tapeworm Rear Clip (TAWO-10448)
Telpro,Telpro Inc PanelLift Cable Kit(TELP-02-05),TELP-02-05,39.99,Telpro Inc PanelLift Cable Kit
Telpro,Telpro Panel Lift Cable Sheave Kit,TELP-02-16,78.99,"The Cable Sheave Kit comes with 1 Cable for our standard 138-2 PANELLIFTÂ® (Part# 02-05), and 3 Cable Sheaves with axles and cotter pins (Part# 02-06) to make your 138-2 PANELLIFTÂ® work like it was new."
Titan / Speeflo,Titan Splatter Nozzle (WAGN-765360),WAGN-765360,439,"Titan Splatter Nozzle , Titan Spray Gun, Titan Airless Spray Gun, Airless Spray Gun"
Trim-Tex,"Trim Tex 3/4"" Radius Bullnose Miter Marker (TRIM-0932)",TRIM-0932,1.99,"WallTools a leading supplier of professional tools for drywall hanging and drywall finishing, wallpaper, wallcovering, and ceiling grid. Major brands including automatic taping tools by Columbia Taping Tools, Blue Line & Tapepro, TapeTech, Level-5; Advance Paste machines; DeWalt Power tools; USG Sheetrock taping knives, Kraft, Trim-Tex, Porter Cable, and many more."
Trim-Tex,Trim Tex 350 Bullnose Miter Marker (TRIM-0922),TRIM-0922,1.99,"WallTools a leading supplier of professional tools for drywall hanging and drywall finishing, wallpaper, wallcovering, and ceiling grid. Major brands including automatic taping tools by Columbia Taping Tools, Blue Line & Tapepro, TapeTech, Level-5; Advance Paste machines; DeWalt Power tools; USG Sheetrock taping knives, Kraft, Trim-Tex, Porter Cable, and many more."
Trim-Tex,Trim Tex Manta Ray Mud Head (TRIM-453),TRIM-453,231,Apply drywall compound to inside off angles with the Trim Tex Inside Adjustable Mud Head - TRIM-453
Trim-Tex,Trim-Tex 3/4 inch Archway Bullnose Finishing Tool,TRIM-0928,10.28,The Trim-Tex 3/4 inch Archway Bullnose Finishing Tool is perfect for finishing archways. This tool removes excess joint compound while helping to fill the slots with mud for a seamless finish.
Trim-Tex,Trim-Tex 3/4 inch Bullnose 2-Way (TRIM-0903),TRIM-0903,38.07,Trim-Tex 3/4 inch Bullnose 2-Way (TRIM-0903)
Trim-Tex,Trim-Tex 3/4 inch Bullnose 2-Way 1 Each (TRIM-0903E),TRIM-0903E,1.27,Trim-Tex 3/4 inch Bullnose 2-Way 1 Each (TRIM-0903E)
Trim-Tex,Trim-Tex 3/4 inch Bullnose 2-Way 10 Each (TRIM-0903E-10),TRIM-0903E-10,10,Trim-Tex 3/4 inch Bullnose 2-Way 10 Each (TRIM-0903E-10)
Trim-Tex,Trim-Tex 3/4 inch Bullnose 3-Way (TRIM-0904),TRIM-0904,38.07,Trim-Tex 3/4 inch Bullnose 3-Way (TRIM-0904)
Trim-Tex,Trim-Tex 3/4 inch Bullnose 3-Way 1 Each (TRIM-0904E),TRIM-0904E,1.27,Trim-Tex 3/4 inch Bullnose 3-Way 1 Each (TRIM-0904E)
Trim-Tex,Trim-Tex 3/4 inch Bullnose 3-Way 10 Each (TRIM-0904-10),TRIM-0904E-10,10,Trim-Tex 3/4 inch Bullnose 3-Way 10 Each (TRIM-0904-10)
Trim-Tex,"Trim-Tex 3/4 inch Bullnose Adaptor, 10 Each (TRIM-0917-10)",TRIM-0917E-10,11.31,"Trim-Tex 3/4 inch Bullnose Adaptor, 10 Each"
Trim-Tex,"Trim-Tex 3/4 inch Bullnose Adaptor, Case of 50 (TRIM-0917)",TRIM-0917,47.12,"Trim-Tex 3/4 inch Bullnose Adaptor, Case"
Trim-Tex,"Trim-Tex 3/4 inch Bullnose Adaptor, Each (TRIM-0917E)",TRIM-0917E,1.42,"Trim-Tex 3/4 inch Bullnose Adaptor, Each (TRIM-0917E)"
Trim-Tex,Trim-Tex 3/4 inch Bullnose Cleaning Tool,TRIM-0929,7.99,"The Trim-Tex 3/4 inch Bullnose Cleaning Tool is designed to clean compound from the Trim-Tex 3/4"" R. Outside Splayed Bullnose Corner. One quick & efficient tool minimizes sanding on the radius of the bead."
Trim-Tex,Trim-Tex 350 Bull 2-Way (TRIM-0920E),TRIM-0920E,1.63,Trim-Tex 350 Bull 2-Way (TRIM-0920E)
Trim-Tex,"Trim-Tex 350 Bull Adaptor, Case of 50 (TRIM-0926)",TRIM-0926,54.38,Trim-Tex 350 Bull Adaptor
Trim-Tex,"Trim-Tex 350 Bull Adaptor, Each (TRIM-0926E)",TRIM-0926E,1.63,"Trim-Tex 350 Bull Adaptor, Each (TRIM-0926E)"
Trim-Tex,"Trim-Tex 847 Adhesive, Each (TRIM-847)",TRIM-847,14,"Trim-Tex 847 Adhesive, Each (TRIM-847)"
Trim-Tex,Trim-Tex Black Widow 540 Pro Sanding Pads (6-Pack),TRIM-560-M,13.56,Trim-Tex Black Widow 540 Pro Sanding Pads (6-Pack) features a 60% larger sanding surface with a 1 piece quick-change system. Abrasive grit is bonded directly onto foam.
Trim-Tex,Trim-Tex Black Widow 540 Pro Series Drywall Sander,TRIM-540,45.2,Trim-Tex Black Widow 540 Pro Series Drywall Sander features a no-flip design with a 60% larger sanding surface. Sand wide seams and into the corners with one tool. All in one foam and grit quick change system.
Trim-Tex,Trim-Tex Dual Angle Dual Grit Sanding Block - Medium/Fine Grit,TRIM-885,2.31,Trim-Tex Dual Angle Dual Grit Sanding Block - Fine/Medium Grit is 40% larger than standard blocks and features two tapered edges to simplify corner sanding and the radius edges to prevent gouging and scuffing of compound.
Trim-Tex,Trim-Tex Dual Angle Sanding Block - Fine Grit,TRIM-885F,2.31,Trim-Tex Dual Angle Sanding Block - Fine Grit is 40% larger than standard blocks and features two tapered edges to simplify corner sanding and the radius edges to prevent gouging and scuffing of compound.
Trim-Tex,Trim-Tex Imperfect Dual Angle Dual Grit Sanding Block - Medium/Fine Grit 100 Pack (TRIM-885IM),TRIM-885IM,110,Trim-Tex Imperfect Dual Angle Dual Grit Sanding Block - Medium/Fine Grit (TRIM-885IM) is 40% larger than standard blocks and features two tapered edges to simplify corner sanding and the radius edges to prevent gouging and scuffing of compound.
Trim-Tex,Trim-Tex Single Angle Sanding Block - Fine Grit,TRIM-888F,2.31,Trim-Tex Single Angle Sanding Block - Fine Grit is 40% larger than standard blocks and features a steep tapered edge to simplify corner sanding. The Trim-Tex exclusive radius corner prevents scratching and gouging of the drywall compound.
Trim-Tex,Trim-Tex Single Angle Sanding Block - Medium Grit,TRIM-888M,2.31,Trim-Tex Single Angle Sanding Block - Medium Grit is 40% larger than standard blocks and features a steep tapered edge to simplify corner sanding. The Trim-Tex exclusive radius corner prevents scratching and gouging of the drywall compound.
Trimaco,"Trimaco 36"" x 200' 2mil Protective Carpet Film Reverse-Wound (TRMA-63620)",TRMA-63620,75,"Trimaco 36"" x 200' 2mil Protective Carpet Film Reverse-Wound (TRMA-63620)"
USG Sheetrock,"USG Sheetrock 10"" Classic Blue Steel Taping Knife",USG-340114,17.74,"The USG Sheetrock 10"" Classic Blue Steel Taping Knife features an enlarged hammer for striking and writing, a tapered neck for easier maneuvering, and a slip-resistant comfort soft grip for maximum performance."
USG Sheetrock,"USG Sheetrock 10"" Classic Heli-Arc Stainless Steel Round Bottom Mud Pan",USG-340405,38.09,"The USG Sheetrock 10"" Classic Heli-Arc Stainless Steel Round Bottom Mud Pan has a contoured bottom and a continuous heli-arc weld for easy mixing and cleaning."
USG Sheetrock,"USG Sheetrock 10"" Classic Polished Carbon Steel Joint Knife",USG-340050,24.42,"The USG Sheetrock 10"" Classic Polished Carbon Steel Joint Knife features an enlarged hammer for striking and writing, a tapered neck for easy maneuvering, and a slip-resistant comfort grip handle."
USG Sheetrock,"USG Sheetrock 10"" Classic Stainless Steel Drywall Taping Knife",USG-340604,19.97,"The USG Sheetrock 10"" Classic Stainless Steel Drywall Taping Knife features an enlarged hammer for striking and writing, a tapered neck for easier maneuvering, and a slip-resistant comfort grip handle for maximum performance."
USG Sheetrock,"USG Sheetrock 10"" Matrix Blue Steel Taping Knife",USG-340014,19.42,"The USG Sheetrock 10"" Matrix Blue Steel Taping Knife features a full soft grip handle for superior balance and comfort. Blue Steel finish for long-lasting performance."
USG Sheetrock,"USG Sheetrock 10"" Matrix Stainless Steel Mud Pan w/Reinforced Band",USG-340401,41.92,"The USG Sheetrock 10"" Matrix Stainless Steel Mud Pan w/Reinforced Band features reinforced stainless steel brand, durable rust-resistant construction, and a contoured bottom for easy mixing and cleaning."
USG Sheetrock,"USG Sheetrock 10"" Offset Blue Steel Taping Knife",USG-340302,39.89,"The USG Sheetrock 10"" Offset Blue Steel Taping Knife features a durable, offset blade for increased mobility and a smoother transition for comfort. Excellent tool for corner bead application."
USG Sheetrock,"USG Sheetrock 10"" Stainless Steel Matrix Drywall Finishing Knife",USG-340508,21.05,"The USG Sheetrock 10"" Stainless Steel Matrix Drywall Finishing Knife features a rust-resistant stainless steel blade, an enlarged hammer for striking and writing, and a tapered neck for easier maneuvering."
USG Sheetrock,"USG Sheetrock 12"" Classic Blue Steel Taping Knife",USG-340115,19.11,"The USG Sheetrock 12"" Classic Blue Steel Taping Knife features an enlarged hammer for striking and writing, a tapered neck for easier maneuvering, and a slip-resistant comfort soft grip for maximum performance."
USG Sheetrock,"USG Sheetrock 12"" Classic Heli-Arc Stainless Steel Round Bottom Mud Pan",USG-340406,39.32,"The USG Sheetrock 12"" Classic Heli-Arc Stainless Steel Round Bottom Mud Pan has a contoured bottom and a continuous heli-arc weld for easy mixing and cleaning."
USG Sheetrock,"USG Sheetrock 12"" Classic Stainless Steel Drywall Taping Knife",USG-340605,21.25,"The USG Sheetrock 12"" Classic Stainless Steel Drywall Taping Knife features an enlarged hammer for striking and writing, a tapered neck for easier maneuvering, and a slip-resistant comfort grip handle for maximum performance."
USG Sheetrock,"USG Sheetrock 12"" Matrix Blue Steel Taping Knife",USG-340015,20.15,"The USG Sheetrock 12"" Matrix Blue Steel Taping Knife features a full soft grip handle for superior balance and comfort. Blue Steel finish for long-lasting performance."
USG Sheetrock,"USG Sheetrock 12"" Matrix Stainless Steel Mud Pan w/Reinforced Band",USG-340402,44.22,"The USG Sheetrock 12"" Matrix Stainless Steel Mud Pan w/Reinforced Band features reinforced stainless steel brand, durable rust-resistant construction, and a contoured bottom for easy mixing and cleaning."
USG Sheetrock,"USG Sheetrock 12"" Offset Blue Steel Taping Knife",USG-340303,43.03,"The USG Sheetrock 12"" Offset Blue Steel Taping Knife features a durable, offset blade for increased mobility and a smoother transition for comfort. Excellent tool for corner bead application."
USG Sheetrock,"USG Sheetrock 12"" Stainless Steel Matrix Drywall Finishing Knife",USG-340509,22.4,"The USG Sheetrock 12"" Stainless Steel Matrix Drywall Finishing Knife features a rust-resistant stainless steel blade, an enlarged hammer for striking and writing, and a tapered neck for easier maneuvering."
USG Sheetrock,"USG Sheetrock 14"" Classic Blue Steel Taping Knife",USG-340116,21.14,"The USG Sheetrock 14"" Classic Blue Steel Taping Knife features an enlarged hammer for striking and writing, a tapered neck for easier maneuvering, and a slip-resistant comfort soft grip for maximum performance."
USG Sheetrock,"USG Sheetrock 14"" Classic Heli-Arc Stainless Steel Round Bottom Mud Pan",USG-340407,40.58,"The USG Sheetrock 14"" Classic Heli-Arc Stainless Steel Round Bottom Mud Pan has a contoured bottom and a continuous heli-arc weld for easy mixing and cleaning."
USG Sheetrock,"USG Sheetrock 14"" Classic Stainless Steel Drywall Taping Knife",USG-340606,23.48,"The USG Sheetrock 14"" Classic Stainless Steel Drywall Taping Knife features an enlarged hammer for striking and writing, a tapered neck for easier maneuvering, and a slip-resistant comfort grip handle for maximum performance."
USG Sheetrock,"USG Sheetrock 14"" Matrix Blue Steel Taping Knife",USG-340016,22.22,"The USG Sheetrock 14"" Matrix Blue Steel Taping Knife features a full soft grip handle for superior balance and comfort. Blue Steel finish for long-lasting performance."
USG Sheetrock,"USG Sheetrock 14"" Matrix Stainless Steel Mud Pan w/Reinforced Band",USG-340403,46.31,"The USG Sheetrock 14"" Matrix Stainless Steel Mud Pan w/Reinforced Band features reinforced stainless steel brand, durable rust-resistant construction, and a contoured bottom for easy mixing and cleaning."
USG Sheetrock,"USG Sheetrock 30"" Drywall Mud Mixer",USG-340413,52.83,"The USG Sheetrock 30"" Drywall Mud Mixer is made of heavy gauge durable steel and provides fast, efficient mixing."
USG Sheetrock,"USG Sheetrock 4"" Classic Polished Carbon Steel Joint Knife",USG-340102,15.71,"The USG Sheetrock 4"" Classic Polished Carbon Steel Joint Knife features an enlarged hammer for striking and writing, a tapered neck for easy maneuvering, and a slip-resistant comfort grip handle."
USG Sheetrock,"USG Sheetrock 4"" Classic Stainless Steel Joint Knife",USG-340607,17.52,"The USG Sheetrock 4"" Classic Stainless Steel Joint Knife features an enlarged hammer for striking and writing, a tapered neck for easier maneuvering, and a slip-resistant comfort grip for maximum performance."
USG Sheetrock,"USG Sheetrock 4"" Matrix Polished Carbon Steel Joint Knife",USG-340002,16.78,"The USG Sheetrock 4"" Matrix Polished Carbon Steel Joint Knife features an enlarged hammer for striking and writing, a tapered neck for easier maneuvering, and a slip-resistant comfort grip for enhanced performance."
USG Sheetrock,"USG Sheetrock 4"" Matrix Stainless Steel Joint Knife",USG-340504,18.71,"The USG Sheetrock 4"" Matrix Stainless Steel Joint Knife features a rust-resistant stainless steel blade, and enlarged hammer for striking and writing, and a tapered neck for easier maneuvering."
USG Sheetrock,"USG Sheetrock 5"" Classic Polished Carbon Steel Joint Knife",USG-340106,16.4,"The USG Sheetrock 5"" Classic Polished Carbon Steel Joint Knife features an enlarged hammer for striking and writing, a tapered neck for easy maneuvering, and a slip-resistant comfort grip handle."
USG Sheetrock,"USG Sheetrock 5"" Classic Stainless Steel Joint Knife",USG-340601,18.54,"The USG Sheetrock 5"" Classic Stainless Steel Joint Knife features an enlarged hammer for striking and writing, a tapered neck for easier maneuvering, and a slip-resistant comfort grip for maximum performance."
USG Sheetrock,"USG Sheetrock 5"" Matrix Polished Carbon Steel Joint Knife",USG-340006,17.45,"The USG Sheetrock 5"" Matrix Polished Carbon Steel Joint Knife features an enlarged hammer for striking and writing, a tapered neck for easier maneuvering, and a slip-resistant comfort grip for enhanced performance."
USG Sheetrock,"USG Sheetrock 5"" Matrix Stainless Steel Joint Knife",USG-340505,19.68,"The USG Sheetrock 5"" Matrix Stainless Steel Joint Knife features a rust-resistant stainless steel blade, and enlarged hammer for striking and writing, and a tapered neck for easier maneuvering."
USG Sheetrock,USG Sheetrock 6 inch Professional Drywall Jab Saw,USG-340414,17.37,"The USG Sheetrock 6 inch Professional Drywall Jab Saw is a tool designed to cut drywall more efficiently. The sharp tip excels at plunge cutting, and its aggressive tooth design cuts through sheetrock fast."
USG Sheetrock,"USG Sheetrock 6"" Classic Blue Steel Taping Knife",USG-340018,15.34,"The USG Sheetrock 6"" Classic Blue Steel Taping Knife features an enlarged hammer for striking and writing, a tapered neck for easier maneuvering, and a slip-resistant comfort soft grip for maximum performance."
USG Sheetrock,"USG Sheetrock 6"" Classic Polished Carbon Steel Joint Knife",USG-340110,17.06,"The USG Sheetrock 6"" Classic Polished Carbon Steel Joint Knife features an enlarged hammer for striking and writing, a tapered neck for easy maneuvering, and a slip-resistant comfort grip handle."
USG Sheetrock,"USG Sheetrock 6"" Classic Stainless Steel Joint Knife",USG-340602,18.63,"The USG Sheetrock 6"" Classic Stainless Steel Joint Knife features an enlarged hammer for striking and writing, a tapered neck for easier maneuvering, and a slip-resistant comfort grip handle for maximum performance."
USG Sheetrock,"USG Sheetrock 6"" Matrix Blue Steel Taping Knife",USG-340017,16.4,"The USG Sheetrock 6"" Matrix Blue Steel Taping Knife features a full soft grip handle for superior balance and comfort. Blue Steel finish for long-lasting performance."
USG Sheetrock,"USG Sheetrock 6"" Matrix Polished Carbon Steel Joint Knife",USG-340010,18.54,"The USG Sheetrock 6"" Matrix Polished Carbon Steel Joint Knife features an enlarged hammer for striking and writing, a tapered neck for easier maneuvering, and a slip-resistant comfort grip for enhanced performance."
USG Sheetrock,"USG Sheetrock 6"" Matrix Stainless Steel Joint Knife",USG-340506,20.52,"The USG Sheetrock 6"" Matrix Stainless Steel Joint Knife features a rust-resistant stainless steel blade, and enlarged hammer for striking and writing, and a tapered neck for easier maneuvering."
USG Sheetrock,"USG Sheetrock 8"" Classic Blue Steel Taping Knife",USG-340113,16.43,"The USG Sheetrock 8"" Classic Blue Steel Taping Knife features an enlarged hammer for striking and writing, a tapered neck for easier maneuvering, and a slip-resistant comfort soft grip for maximum performance."
USG Sheetrock,"USG Sheetrock 8"" Classic Polished Carbon Steel Joint Knife",USG-340049,23.35,"The USG Sheetrock 8"" Classic Polished Carbon Steel Joint Knife features an enlarged hammer for striking and writing, a tapered neck for easy maneuvering, and a slip-resistant comfort grip handle."
USG Sheetrock,"USG Sheetrock 8"" Classic Stainless Steel Drywall Taping Knife",USG-340603,19.68,"The USG Sheetrock 8"" Classic Stainless Steel Drywall Taping Knife features an enlarged hammer for striking and writing, a tapered neck for easier maneuvering, and a slip-resistant comfort grip handle for maximum performance."
USG Sheetrock,"USG Sheetrock 8"" Matrix Blue Steel Taping Knife",USG-340013,17.45,"The USG Sheetrock 8"" Matrix Blue Steel Taping Knife features a full soft grip handle for superior balance and comfort. Blue Steel finish for long-lasting performance."
USG Sheetrock,"USG Sheetrock 8"" Stainless Steel Matrix Drywall Finishing Knife",USG-340507,19.68,"The USG Sheetrock 8"" Stainless Steel Matrix Drywall Finishing Knife features a rust-resistant stainless steel blade, an enlarged hammer for striking and writing, and a tapered neck for easier maneuvering."
USG Sheetrock,USG Sheetrock Drywall Corner Bead Hopper,USG-340311,170.55,"The USG Sheetrock Drywall Corner Bead Hopper for paper-faced corners is designed with one-piece gate construction, integrated gate storage, and reversible tray for inside and outside corners."
USG Sheetrock,USG Sheetrock Hopper Gate - Inside 90 Corner Bead,USG-340317,3.43,The USG Sheetrock Hopper Gate - Inside 90 Corner Bead is used with the USG Sheetrock Corner Bead Hopper to coat paper face drywall corner bead quickly and efficiently. For Inside 90 corners.
USG Sheetrock,USG Sheetrock Hopper Gate - Outside 90 Corner Bead,USG-340318,3.43,The USG Sheetrock Hopper Gate - Outside 90 Corner Bead is used with the USG SHEETROCK Corner Bead Hopper to coat paper face drywall corner bead quickly and efficiently. For Outside 90 corners.
USG Sheetrock,USG Sheetrock Hopper Gate - Outside Bullnose Corner Bead,USG-340316,3.43,The USG Sheetrock Hopper Gate - Outside Bullnose Corner Bead is used with the USG Sheetrock Corner Bead Hopper to coat paper face drywall corner bead quickly and efficiently. For bullnose corners.
USG Sheetrock,USG Sheetrock Hopper Gate Hardware Kit,USG-340335,11.65,The USG Sheetrock Hopper Gate Hardware Kit for the USG Sheetrock Bead Hopper Gate. (Part Number: 340335)
USG Sheetrock,"USG Sheetrock Matrix 14 inch Drywall Finishing Knife, Stainless Steel",USG-340510,24.54,"The USG Sheetrock Matrix 14 inch Drywall Finishing Knife, Stainless Steel incorporates a new design with an enlarged hammer - for those who prefer a more modern look and heavier feel to their drywall tool."
USG Sheetrock,USG Sheetrock Mud Pan Grip,USG-340404,11.83,The USG Sheetrock Mud Pan Grip is the perfect complement to any steel drywall mud pan. The non-slip surface is comfortable and protects hands in both hot and cold environments.
USG Sheetrock,USG Sheetrock Paper Face Bead Outside Corner Roller - 90 with 4 ft. Fiberglass Handle,USG-340310,126.06,The USG Sheetrock Paper Face Bead Outside Corner Roller - 90 with 4 ft. Fiberglass Handle is designed with non-slip soft grip wheels for added drywall taping and installation performance on Paper Face Drywall Corner Bead.
USG Sheetrock,USG Sheetrock Paper Face Bead Outside Corner Roller - Bullnose,USG-340312,117.82,USG Sheetrock Paper Face Bead Outside Corner Roller – Bullnose is designed with non-slip soft grip wheels for added drywall taping and installation performance on Bullnose Paper Face Drywall Corner Bead. A USG 4 ft. fixed handle is included.
USG Sheetrock,"USG Sheetrock Tools Professional Drywall Stilts - 24""-40"" (USG-340926)",USG-340926,370,"USG Sheetrock Tools Professional Drywall Stilts - 24""-40"" (USG-340926)"
Versa-Trowel,Versa-Trowel Adjustable Inside Corner Drywall Tool,VERS-VT,19.99,Versa-Trowel Adjustable Inside Corner Drywall Tool is a great drywall tool for coating & finishing inside angles. Adjust the trowel from 88 to 150 degrees with twist of wing-bolt. Popular among drywall professionals worldwide.
Wal-Board,DQB Brush Stippling Double (DQBI-11935),DQBI-11935,23.05,DQB Brush Stippling Double (DQBI-11935)
Wal-Board,DQB Brush Stippling Single (DQBI-11934),DQBI-11934,9.97,DQB Brush Stippling Single (DQBI-11934)
Wal-Board,Wal-Board  1-1/4 in. Putty Knife w/ Plastic Handle PK-1,WALB-22-001,10.1,The Wal-Board 1-1/4 in. Putty Knife w/ Plastic Handle PK-1 features high carbon steel blades uniformly tapered for proper flex and a high impact plastic handle.
Wal-Board,Wal-Board  14 in. Red Plastic Mud Pan,WALB-27-004,5.7,The Wal-Board 14 in. Red Plastic Mud Pan is made from durable red polyethylene with textured sides for a sure grip. Double bladed sides are perfect for fast and easy knife cleaning.
Wal-Board,Wal-Board  9 in. Drywall Broad Knife w/ 14 in. Handle WK-97,WALB-59-002,17,"The Wal-Board 9 in. Drywall Broad Knife w/ 14 in. Handle WK-97 is used to wipe down tape after machine application of tape by automatic taping tool. 14"" inch handle allows extended use."
Wal-Board,Wal-Board 10 in. x 3 in. Blue Steel Taping Knife w/ Textured Handle TH-10,WALB-21-020,8.48,"The Wal-Board 10 in. x 3 in. Blue Steel Taping Knife w/ Textured Handle TH-10 features an aluminum blade mounting, yellow foam molded handle with texture finish, and a professional quality 1095 blue spring steel blade."
Wal-Board,Wal-Board 10 in. x 3 in. Stainless Steel Taping Knife w/ Textured Handle THS-10,WALB-21-040,10.35,The Wal-Board 10 in. x 3 in. Stainless Steel Taping Knife w/ Textured Handle THS-10 features a high quality stainless steel blade with aluminum mounting and a yellow foam molded handle with textured finish.
Wal-Board,Wal-Board 12 in. Heli-Arc Stainless Steel Mud Pan SP-12,WALB-24-002,18,The Wal-Board 12 in. Heli-Arc Stainless Steel Mud Pan SP-12 features heavy-gauge stainless steel with Heli-Arc welded corners for a professional water-tight construction.
Wal-Board,Wal-Board 12 in. Red Plastic Mud Pan,WALB-27-002,5.12,The Wal-Board 12 in. Red Plastic Mud Pan is made from durable red polyethylene with textured sides for a sure grip. Double bladed sides are perfect for fast and easy knife cleaning.
Wal-Board,Wal-Board 12 in. x 3 in. Blue Steel Taping Knife w/ Textured Handle TH-12,WALB-21-022,8.88,"The Wal-Board 12 in. x 3 in. Blue Steel Taping Knife w/ Textured Handle TH-12 features an aluminum blade mounting, yellow foam molded handle with texture finish, and a professional quality 1095 blue spring steel blade."
Wal-Board,Wal-Board 12 in. x 3 in. Stainless Steel Taping Knife w/ Textured Handle THS-12,WALB-21-042,10.95,The Wal-Board 12 in. x 3 in. Stainless Steel Taping Knife w/ Textured Handle THS-12 features a premium stainless steel blade and aluminum blade mounting for maximum durability. The yellow foam molded handle with textured finish provides long-lasting comfort.
Wal-Board,Wal-Board 12 oz. Drywall Hammer w/ 13 in. Handle WH-12,WALB-02-001,35.72,"The Wal-Board 12 oz. Drywall Hammer w/ 14 in. Handle WH-12 features a forged steel head with convex, serrated face for setting nails with perfect “dimples”. Premium hardwood handle with 3-degree offset for maximum comfort."
Wal-Board,Wal-Board 12 oz. Drywall Hammer w/ 16 in. Handle WH-12X,WALB-02-002,36.43,"The Wal-Board 12 oz. Drywall Hammer w/ 16 in. Handle WH-12X features a forged steel head and convex, serrated face for setting nails with a perfect “dimple”. Premium Hardwood Handle with 3-degree offset grip."
Wal-Board,Wal-Board 14 in. Heli-Arc Stainless Steel Mud Pan SP-14,WALB-24-003,18.92,The Wal-Board 14 in. Heli-Arc Stainless Steel Mud Pan SP-14 features heavy-gauge stainless steel with Heli-Arc welded corners for a professional water-tight construction.
Wal-Board,Wal-Board 14 in. Replacement Blade for Floor Scraper FSB-14 (WALB-29-005),WALB-29-005,11.35,Wal-Board 14 in. Replacement Blade for Floor Scraper FSB-14 (WALB-29-005)
Wal-Board,Wal-Board 14 in. x 3 in. Blue Steel Taping Knife w/ Textured Handle  TH-14,WALB-21-024,9.62,"The Wal-Board 14 in. x 3 in. Blue Steel Taping Knife w/ Textured Handle TH-14 features an aluminum blade mounting, yellow foam molded handle with texture finish, and a professional quality 1095 blue spring steel blade."
Wal-Board,Wal-Board 14 in. x 3 in. Stainless Steel Taping Knife w/ Textured Handle THS-14,WALB-21-044,12.03,The Wal-Board 6 in. x 3 in. Stainless Steel Taping Knife w/ Textured Handle THS-06 features a high quality stainless steel blade with aluminum mounting and a yellow foam molded handle with textured finish.
Wal-Board,Wal-Board 18 in. Replacement Blade for Floor Scraper FSB-18 (WALB-29-006),WALB-29-006,13.68,Wal-Board 18 in. Replacement Blade for Floor Scraper FSB-18 (WALB-29-006)
Wal-Board,Wal-Board 18 in. Steel Handle Floor Scraper FS-7 (WALB-29-004),WALB-29-004,31.95,Wal-Board 18 in. Steel Handle Floor Scraper FS-7 (WALB-29-004)
Wal-Board,Wal-Board 18 in. Wood Handled Floor Scraper FS-4 (WALB-29-002),WALB-29-002,33.48,Wal-Board 18 in. Wood Handled Floor Scraper FS-4 (WALB-29-002)
Wal-Board,Wal-Board 2 in. Putty Knife w/ Plastic Handle PK-2,WALB-22-002,10.1,"The Wal-Board 2 in. Putty Knife w/ Plastic Handle PK-2 features high carbon steel blades uniformly tapered for a proper flex. High impact molded plastic handle for durable, long-lasting performance."
Wal-Board,Wal-Board 22 in. Blue Steel Wall Scraper with 48 in. Wood Handle WS-7 (WALB-30-001),WALB-30-001,50.7,Wal-Board 22 in. Blue Steel Wall Scraper with 48 in. Wood Handle WS-7 (WALB-30-001)
Wal-Board,Wal-Board 22 in. Replacement Blade for 22 in. Blue Steel Wall Scraper (Blade Only) WSB-22 (WALB-30-002),WALB-30-002,13.32,Wal-Board 22 in. Replacement Blade for 22 in. Blue Steel Wall Scraper (Blade Only) WSB-22 (WALB-30-002)
Wal-Board,Wal-Board 24 in. Quick Mixer QM-24,WALB-43-001,14.72,The Wal-Board 24 in. Quick Mixer QM-24 features a steel shaft with cast aluminum head. Requires ½ in. (12.7mm) drill with a minimum 6 amp motor and maximum of 800 RPM. Blades designed to fold and mix material quickly.
Wal-Board,Wal-Board 3 in. Putty Knife w/ Plastic Handle PK-3,WALB-22-003,15.13,"The Wal-Board 3 in. Putty Knife w/ Plastic Handle PK-3 features high carbon steel blades uniformly tapered for a proper flex. High impact molded plastic handle for durable, long-lasting performance."
Wal-Board,Wal-Board 3-1/4 in. x 9-1/4 in. Hand Sander HS-66,WALB-34-002,14.6,"Wal-Board 3-1/4 in. x 9-1/4 in. Hand Sander HS-66 features a professional quality tempered aluminum base plate, polyethylene pad, and a wood handle with comfortable knuckle room."
Wal-Board,Wal-Board 3-7/8 in. x 18 in. Blue Steel Curved Blade Knife w/18 in. Handle CB-1818 (WALB-33-007),WALB-33-007,26.43,Wal-Board 3-7/8 in. x 18 in. Blue Steel Curved Blade Knife w/18 in. Handle CB-1818 (WALB-33-007)
Wal-Board,Wal-Board 3-7/8 in. x 24 in. Blue Steel Curved Blade Knife w/18 in. Handle CB-2418 (WALB-33-008),WALB-33-008,30.72,Wal-Board 3-7/8 in. x 24 in. Blue Steel Curved Blade Knife w/18 in. Handle CB-2418 (WALB-33-008)
Wal-Board,Wal-Board 36 in. Quick Mixer QM-36,WALB-43-002,15.7,The Wal-Board 36 in. Quick Mixer QM-36 features a steel shaft with cast aluminum head. Requires ½ in. (12.7mm) drill with a minimum 6 amp motor and maximum of 800 RPM. Blades designed to fold and mix material quickly.
Wal-Board,Wal-Board 4 in. Joint Knife w/ Hammer-End HK-4,WALB-22-004,18.28,The Wal-Board 4 in. Joint Knife w/ Hammer-End HK-4 features a high carbon steel blade that is uniformly tapered for proper flex and a high impact plastic handle with nailing head to set drywall nails.
Wal-Board,Wal-Board 5 in. Joint Knife w/ Hammer-End HK-5,WALB-22-005,19.08,The Wal-Board 5 in. Joint Knife w/ Hammer-End HK-5 features high carbon steel blades uniformly tapered for proper flex and a high impact molded plastic handle with nailing head to set protruding drywall nails.
Wal-Board,Wal-Board 6 in. Drywall Saw,WALB-04-001,11.17,The Wal-Board 6 in. Drywall Saw features a super durable high carbon steel blade with a chisel point to penetrate drywall. Aggressive tooth design stays sharper longer and cuts smoothly. Wood Handle for comfort and durability.
Wal-Board,Wal-Board 6 in. Joint Knife w/ Hammer-End  HK-6,WALB-22-006,21.9,The Wal-Board 6 in. Joint Knife w/ Hammer-End HK-6 features high carbon steel blades uniformly tapered for proper flex and a high-impact handle with nailing head to set protruding drywall nails.
Wal-Board,Wal-Board 6 in. x 3 in. Blue Steel Taping Knife w/ Textured Handle TH-06,WALB-21-016,6.25,The Wal-Board 6 in. x 3 in. Blue Steel Taping Knife w/ Textured Handle TH-06 features a Professional Grade 1095 Blue Spring Steel Blade with a yellow foam molded handle with textured finish for maximum comfort.
Wal-Board,Wal-Board 6 in. x 3 in. Stainless Steel Taping Knife w/ Textured Handle THS-06,WALB-21-036,7.27,The Wal-Board 6 in. x 3 in. Stainless Steel Taping Knife w/ Textured Handle THS-06 features a high quality stainless steel blade with aluminum mounting and a yellow foam molded handle with textured finish.
Wal-Board,Wal-Board 7 in. Drywall Broad Knife w/ 14 in. Handle WK-77,WALB-59-001,15.7,"Wal-Board 7 in. Drywall Broad Knife w/ 14 in. Handle WK-77 is used to wipe down tape after machine application of tape by automatic taping tool. 14"" inch handle allows extended use."
Wal-Board,Wal-Board 7 in. Drywall Broad Knife w/ 28 in. Handle WKL-77,WALB-59-006,17.5,"The Wal-Board 7 in. Drywall Broad Knife w/ 28 in. Handle WKL-77 is used to wipe down tape after machine application of tape by automatic taping tool. 14"" inch handle allows extended use."
Wal-Board,Wal-Board 8 in. x 3 in. Blue Steel Taping Knife w/ Textured Handle TH-08,WALB-21-018,7.68,"The Wal-Board 8 in. x 3 in. Blue Steel Taping Knife w/ Textured Handle TH-08 features an aluminum blade mounting, yellow foam molded handle with texture finish, and a professional quality 1095 blue spring steel blade."
Wal-Board,Wal-Board 8 in. x 3 in. Stainless Steel Taping Knife w/ Textured Handle THS-08 (WALB-21-038),WALB-21-038,9.27,Wal-Board 8 in. x 3 in. Stainless Steel Taping Knife w/ Textured Handle THS-08 (WALB-21-038)
Wal-Board,Wal-Board 815 Drywall Tool Pouch (Right Handed),WALB-16-001,26.4,The Wal-Board 815 Drywall Tool Pouch (Right Handed) features durable pressure-molded pockets to retain shape. Three inner pockets for small tools and steel hammer loop. Right handed.
Wal-Board,Wal-Board 815-L Drywall Tool Pouch (Left Handed),WALB-16-002,26.4,"The Wal-Board 815-L Drywall Tool Pouch (Left Handed) features durable press-molded pockets to retain shape, three inner pockets for smaller tools, and a steel hammer loop. Designed for left-hand orientation."
Wal-Board,Wal-Board 818 Semi-Flat Drywall Pouch,WALB-16-005,40.53,Carry all of your favorite taping and finishing tools with the Wal-Board 818 Semi-Flat Drywall Pouch. Constructed from Heavy Duty Top Grain Leather.
Wal-Board,Wal-Board 840 Commercial Nail Bag,WALB-16-010,45.4,"The Wal-Board 840 Commercial Nail Bag features three pockets for various nails, side pockets for carrying punches, pencils, magnets, and more. Heavy-duty top grain leather, reserved with smooth surface inside."
Wal-Board,Wal-Board 9 in. Drywall Broad Knife w/ 28 in. Handle WKL-97,WALB-59-007,17.45,The Wal-Board 9 in. Drywall Broad Knife w/ 28 in. Handle WKL-97 is used to wipe down tape after following an automatic taping tool. Equipped with an extra-long 28 in. handle allows extended use.
Wal-Board,Wal-Board Adapter for Universal Pole Sander Handle,WALB-35-009,7.25,Wal-Board Adapter for Universal Pole Sander Handle is perfect for adapting your Wal-Board Pole Sander to a coarse thread extension pole. Durable aluminum construction means its hardier than most plastic adapters.
Wal-Board,Wal-Board Adjustable Aluminum Drywall Bench W-1832 (WALB-31-016),WALB-31-016,399,Wal-Board Adjustable Aluminum Drywall Bench W-1832 (WALB-31-016)
Wal-Board,Wal-Board Aluminum Drywall Bench Extension Leg Kit (Set of 4),WALB-31-017,128.42,Wal-Board Aluminum Drywall Bench Extension Leg Kit (Set of 4). Extends 34 to 44 inches. Fits Wal-Board Walk-Up Aluminum Drywall Bench.
Wal-Board,Wal-Board Bench Replacement Leg (Sold as Each),WALB-32-067,53.57,Wal-Board Bench Replacement Leg (Sold as Each). Standard Replacement Leg for Wal-Board Walk-Up Bench with Wishbone Spring. Genuine Wal-Board Replacement Part. Sold as Each.
Wal-Board,Wal-Board Drywall Inside Corner Tool CT-103,WALB-82-001,12.69,"The Wal-Board Drywall Inside Corner Tool CT-103 features flexible, tempered stainless steel blades for finishing inside corners. Comfortable wooden handle with replacement blades available."
Wal-Board,Wal-Board Drywall Outside Corner Tool OT-113,WALB-82-002,9.33,The Wal-Board Drywall Outside Corner Tool OT-113 features a flexible tempered stainless steel blades for finishing outside corners. Designed to finish cornerbead around windows and doors.
Wal-Board,Wal-Board Drywall Rasp,WALB-07-005,9.12,The Wal-Board Drywall Rasp features an efficient design to smooth rough-cut edges for drywall. No-Clog Slots prevent clogging and is self-cleaning. Durable Lightweight Plastic Construction.
Wal-Board,Wal-Board Drywall Tape Reel 10 1/4 in. Length TR-25,WALB-41-001,21.15,The Wal-Board Drywall Tape Reel 10 1/4 in. Length TR-25 features all steel construction and holds 500 ft. roll of tape with a handy belt clip. Quick open design features no nuts or bolts.
Wal-Board,Wal-Board Locking Brace Assembly for Walk-Up Bench,WALB-32-098,89.15,Wal-Board Locking Brace Assembly for Walk-Up Bench. Genuine Wal-Board Replacement Part.
Wal-Board,Wal-Board Material Orifice Set  (WALB-50-040),WALB-50-040,19.83,Wal-Board Material Orifice Set (WALB-50-040)
Wal-Board,Wal-Board Material Orifice Set for Spraying Mantis Hopper Gun (WALB-55-060),WALB-55-060,17.28,Wal-Board Material Orifice Set (WALB-55-060)
Wal-Board,Wal-Board Mini Lifter 2-3/4 in. x 9 in. ML-45,WALB-03-003,20.9,The Wal-Board Mini Lifter 2-3/4 in. x 9 in. ML-45 features a compact and lightweight design with all streel construction. Vertical toe kick.
Wal-Board,Wal-Board Replacement Hopper - Red (WALB-40693),WALB-40693,37.5,Wal-Board Replacement Hopper with Lid and Clamp
Wal-Board,Wal-Board Rigid Roll Lifter 2 1/4 in. x 15 in. BL-40,WALB-03-002,21.38,"The Wal-Board Rigid Roll Lifter 2 1/4 in. x 15 in. BL-40 features all steel heavy-duty construction, fixed fulcrum for accurate placement, and a durable powder coat finishing."
Wal-Board,Wal-Board Roll Lifter 2 1/4 in. x 15 in. RL-42,WALB-03-001,25.27,The Wal-Board Roll Lifter 2 1/4 in. x 15 in. RL-42 features an all steel heavy-duty construction with toe kick for easy placement. Original patented roller-wheel design holds wallboard tight to wall for accurate nailing.
Wal-Board,Wal-Board Round Hand Mixer MM-35,WALB-42-003,22.85,The Wal-Board Round Hand Mixer MM-35 features all steel construction with epoxy bonded to wooden handle for extra durability. Comfortable wood handle with metal ferrule and polyethylene pad.
Wal-Board,Wal-Board Semi-Round Hand Mixer MM-34,WALB-42-002,31.02,"The Wal-Board Semi-Round Hand Mixer MM-34 features all steal head construction, epoxy bonded to wood handle. Comfortable woold handle and metal ferrule. Polyethylene Pad."
Wal-Board,Wal-Board Square Head Hand Mixer MM-33,WALB-42-001,25.23,"The Wal-Board Square Head Hand Mixer MM-33 features all steel head construction, epoxy bonded to wood handle. Comfortable wood handle with metal ferrule. Polyethylene pad."
Wal-Board,Wal-Board Stainless Steel Bucket Scoop,WALB-05-002,14.67,"The Wal-Board Stainless Steel Bucket Scoop is designed with a heavy duty stainless steel blade for multiple uses. Contoured to remove drywall mud, roofing products from a 5 gallon bucket (clean) no waste in material."
Wal-Board,Wal-Board Step Assembly for Walk-Up Bench,WALB-32-080,47.22,Wal-Board Step Assembly for Walk-Up Bench. Genuine Wal-Board Replacement Part.
Wal-Board,Wal-Board The Original Drywall Circle Cutter AC-31,WALB-08-001,18.05,"The Wal-Board The Original Drywall Circle Cutter AC-31 allows the user to cut from a 2"" to 16"" precision hole in drywall."
Wal-Board,Wal-Board Tools Texture Pro 500 Hopper Gun,WALB-TP500,164.68,"Wal-Board Hopper Gun, Texture Pro 500 Hopper Gun, Wal-Board Texture Pro 500, Hopper Gun"
Wal-Board,Wal-Board Universal Pole Sander AS-22,WALB-35-001,21.22,Wal-Board Universal Pole Sander AS-22 features a Die cast aluminum base plate 3-1/4 x 9-1/4 (83 x 235mm) with reinforced ridges to prevent bowing. Low center of gravity.
Wal-Board,Wal-Board Universal Pole Sander Handle P-22,WALB-35-003,12.1,Wal-Board Universal Pole Sander Handle P-22 is 48” (1219mm) long and will allow you to reach all those high areas.
Wal-Board,Wal-Board Utility Knife Blades 700-C,WALB-15-005,22.57,The Wal-Board Utility Knife Blades 700-C features heavy-duty professional quality knife blades with 0.025 in. thickness specifically designed to withstand the abrasion of drywall.
Wal-Board,Wal-Board Utility Knife K-799,WALB-15-001,6.92,The Wal-Board Utility Knife K-799 is the perfect all-purpose utility knife. Designed to cut and score drywall and aluminum without losing sharpness.
Wal-Board,Wal-Board Wishbone Spring Assembly for Walk-Up Bench,WALB-32-096,8.87,Wal-Board Wishbone Spring Assembly for Walk-Up Bench. Wal-Board Wishbone Spring Assembly for Walk-Up Bench. Wishbone Spring Assembly for Wal-Board Walk-Up Bench. Genuine Wal-Board Replacement Part.
Wal-Board,Walboard Adjustable Stop Assy for TexPro Hopper Gun (WALB-50-048),WALB-50-048,12.73,Walboard Poppet Assy for TexPro Hopper Gun
Wal-Board,Walboard Air Stem Bushing w/O-ring for TexPro Hopper Gun (WALB-50-042),WALB-50-042,5.64,Walboard Air Stem Bushing w/O-ring for TexPro Hopper Gun
Wal-Board,Walboard Flexible Connector for TexPro Hopper Gun (WALB-50-054),WALB-50-054,18.38,Walboard Flexible Connector for TexPro Hopper Gun
Wal-Board,Walboard Flow Control Assy for TexPro Hopper Gun (WALB-50-060),WALB-50-060,4.9,Walboard Flow Control Assy for TexPro Hopper Gun
Wal-Board,Walboard Poppet Assy for TexPro Hopper Gun (WALB-50-058),WALB-50-058,17.18,Walboard Poppet Assy for TexPro Hopper Gun
Wal-Board,Walboard Threaded Bushing for TexPro Hopper Gun (WALB-50-044),WALB-50-044,12.3,Walboard Threaded Bushing for TexPro Hopper Gun
Wal-Board,Walboard Trigger Set for TexPro Hopper Gun (WALB-50-038),WALB-50-038,9.75,Walboard Trigger Set for TexPro Hopper Gun (WALB-50-038)
Wall Tools,Plastic Scrub Brush - Short Handle (DQBI-11648),DQBI-11648,4.95,Cleaning drywall tools with easier with our White Tampico Plastic Scrub Brush with short handle.
Wall Tools,Shipping - Overnight Saturday Delivery,WAL-OVERNIGHT-SAT,0,Overnight Saturday Delivery
Wall Tools,"Tampico Scrub Brush - 20"" Long Handle (DQBI-11672)",DQBI-11672,8.09,Cleaning drywall tools with easier with our Tampico Plastic Scrub Brush with long handle.
Wall Tools,"Tampico Scrub Brush - 8"" Handle (DQBI-11670)",DQBI-11670,5.49,Cleaning drywall tools with easier with our Tampico Plastic Scrub Brush with long handle.
Wall Tools,Wall Tools Service & Repair Labor - 30 min. (WTS-LABOR),/TOOL-LABOR,27.5,Wall Tools Service & Repair Labor
Wall Tools,Wall Tools Tee Shirt (WT-TEE),WT-TEE,23,"WallTools a leading supplier of professional tools for drywall hanging and drywall finishing, wallpaper, wallcovering, and ceiling grid. Major brands including automatic taping tools by Columbia Taping Tools, Blue Line & Tapepro, TapeTech, Level-5; Advance Paste machines; DeWalt Power tools; USG Sheetrock taping knives, Kraft, Trim-Tex, Porter Cable, and many more."
Wall-Top,Wall-Top 120 Grit Disks for Super Light Sander,WALT-D120,10,Wall-Top 120 Grit Disks for Super Light Sander
Wall-Top,Wall-Top 180 Grit Disks for Super Light Sander,WALT-D180,10,Wall-Top 180 Grit Disks for Super Light Sander
Wall-Top,"Wall-Top 6cm(2.36"") Corner Flusher",WALT-LA6,69,"Wall-Top 3"" Corner Flusher"
Wall-Top,Wall-Top 80 Grit Disks for Super Light Sander,WALT-D80,10,Wall-Top 80 Grit Disks for Super Light Sander
Wall-Top,"Wall-Top 8cm (3.15"") Corner Flusher",WALT-LA8,75,"Wall-Top 3.5"" Corner Flusher"
Wall-Top,Wall-Top Click n' Roll Inside Corner Roller,WALT-CRI,59,Wall-Top Click n' Roll Inside Corner Roller
Wall-Top,Wall-Top Click n' Roll Outside Corner Roller,WALT-CRE,59,Wall-Top Click n' Roll Outside Corner Roller
Wall-Top,Wall-Top Extendable Handle 3-5 Feet,WALT-MXAC,20,Wall-Top Extendable Handle 3-5 Feet
Wall-Top,Wall-Top Inside Mud Head,WALT-API,59,Wall-Top Inside Mud Head
Wall-Top,Wall-Top Outside Mud Head,WALT-APE,59,Wall-Top Outside Mud Head
Wall-Top,Wall-Top Super Light Sander,WALT-PPC,38,"Wall-Top Super Light Sander features one sander plate, three 80 grit sanding discs, and three 120 grit sanding discs."
Warner,Warner Drywall Stilts Strap Kit,WARN-10236,28.85,Warner Drywall Stilts Strap Kit and other replacement parts available to keep your favorite stilts running at peak performance.
Warner,"Warner Drywall Stilts Strap Kit, Sold as Pair - six total straps (WARN-10358-57K)",WARN-10358-57K,24.5,"WallTools a leading supplier of professional tools for drywall hanging and drywall finishing, wallpaper, wallcovering, and ceiling grid. Major brands including automatic taping tools by Columbia Taping Tools, Blue Line & Tapepro, TapeTech, Level-5; Advance Paste machines; DeWalt Power tools; USG Sheetrock taping knives, Kraft, Trim-Tex, Porter Cable, and many more."
Warner,Warner Drywall Strap-N-Stride Ankle Strap and Buckle Kit (For 1 Stilt Only),WARN-10813,9.5,Warner Drywall Strap-N-Stride Ankle Strap and Buckle Kit (For 1 Stilt Only) and other replacement parts to keep your favorite drywall stilts running at peak performance.
Warner,Warner Hi-Stride Adjustable Drywall Bench (WARN-10329),WARN-10329,495,"warner hi-stride drywall bench, drywall bench, warner drywall bench, black drywall bench, drywall"
Warner,Warner Hi-Stride Drywall Bench Replacement Leg (Sold as Each),WARN-10090,23.8,Warner Hi-Stride Drywall Bench Replacement Leg (Sold as Each) and other replacement parts available to keep your stilts running at peak performance.
Warner,Warner No Pock Pro 64 FL. OZ. Drywall Mud Additive (WARN-96),WARN-96,15.75,"No Pock Pro for drywall joint compound - reduces or eliminates air pockets, bubbles in joint compound and reduces shrinkage. Saves time touching up air pockets once compound dries. Add one cap full to every 5 gallons of drywall joint compound."
Warner,Warner Stilts Heel Bracket Kit,WARN-10240,8.5,Warner Stilts Heel Bracket Kit and other replacement parts available to keep your favorite drywall stilts running at peak performance.
Warner,Warner Stilts Leg Band Kit,WARN-10238,43.63,Warner Stilts Leg Band Kit (Pair)
Warner,Warner Stilts Nylon Bushing Kit,WARN-7090,20.93,Warner Stilts Nylon Bushing Kit contains all the replacement bushings you need for 1 pair of stilts.
Warner,Warner Stilts Rubber Sole Kit,WARN-10237,30,Warner Stilts Rubber Sole Kit and other replacement parts available to keep your favorite drywall stilts running at peak performance.
Warner,Warner Stilts Spring Kit,WARN-6473,32.65,Warner Stilts Spring Kit and other replacement parts available to keep your favorite stilts running at peak performance.
Warner,Warner Stilts Wingnut Kit,WARN-6476,9.67,Warner Stilts Wingnut Kit and other replacement parts available to keep your favorite stilts running at peak performance.
Warner,Warner Strap-N-Stride Adjustable 18-30 in. Stilts,WARN-10770,422.51,"Warner Strap-N-Stride Adjustable 18-30 in. Stilts continue to be made of high quality, lightweight aircraft aluminum accommodation 230 pounds with tools."
Warner,Warner Strap-N-Stride Adjustable 24-40 in. Stilts,WARN-10771,438.36,"Warner Strap-N-Stride Adjustable 24-40 in. Stilts continue to be made of high quality, lightweight aircraft aluminum accommodation 230 pounds with tools."
Warner,Warner Strap-N-Stride Stilts Floor Pad Kit,WARN-10774,52.25,Warner Strap-N-Stride Stilts Floor Pad Kit and other replacement parts available to keep your favorite stilts running at peak performance.
Webb Abrasives,Webb Double Slant Blue Block Drywall Sanding Sponges - Fine,WEBB-DSF,1.85,Webb Double Slant Blue Block Drywall Sanding Sponges - Fine
Webb Abrasives,Webb Double Slant Blue Block Drywall Sanding Sponges - Medium,WEBB-DSM,1.85,Webb Double Slant Blue Block Drywall Sanding Sponges - Medium
Webb Abrasives,Webb Double Slant Blue Block Drywall Sanding Sponges - Medium/Fine,WEBB-DSMF,1.85,Webb Double Slant Blue Block Drywall Sanding Sponges - Medium/Fine
Webb Abrasives,Webb Standard Blue Block Drywall Sanding Sponges - Fine (Box of 24),WEBB-STD-F-24,29.65,"Drywall Sanding Sponge, Webb Standard, Webb Drywall Sanding Sponge, Webb Sanding Sponge, Webb Drywall Sanding Sponge"
Webb Abrasives,Webb Z Foam Blue Block Drywall Sanding Sponges - Medium/Fine,WEBB-ZFOAM-MF,1.32,"Unlike other sanding sponges, the adhesive in Webb Standard Blue Block Drywall Sanding Sponges - Fine (Box of 24) is heat-resistant and will not become gummy when it is heated by friction."
Wedjji,Wedjji Steel Stud Frame Alignment Tool 3-5/8 in. Stud with 5/8 in. Double-Rock (WEDJ-201),WEDJ-WED201,37.49,"wedjji steel stud tool, wedjji 201, wedjji steel stud alignment, steel stud tool, steel stud door alignment, wedjji model 201"
Wedjji,Wedjji Steel Stud Frame Alignment Tool 3-5/8 in. Stud with 5/8 in. Single-Rock (WEDJ-101),WEDJ-WED101,36.99,"wedjji steel stud tool, wedjji, wedjji steel stud alignment, steel stud tool, steel stud door alignment, wedjji model 101"
Wedjji,Wedjji Steel Stud Frame Alignment Tool 6 in. Stud with 5/8 in. Double-Rock (WEDJ-401),WEDJ-WED401,40.49,"wedjji steel stud tool, wedjji 401, wedjji steel stud alignment, steel stud tool, steel stud door alignment, wedjji model 401"
Wedjji,Wedjji Steel Stud Frame Alignment Tool 6 in. Stud with 5/8 in. Single-Rock (WEDJ-301),WEDJ-WED301,39.99,"wedjji steel stud tool, wedjji, wedjji steel stud alignment, steel stud tool, steel stud door alignment, wedjji model 301"
