sku,name,brand,category,mpn,gtin,regular_price,parent_sku,variation_label,product_url,key_specs,competitor_price,match_confidence
3BH,Columbia 180° Grip Flat Box Handle - 3',Columbia Tools,Drywall Finishing Tools > Automatic Taping Tools > Flat Box Handles,3BH,,174.00,COL-180-GRIP-FLAT-BOX-HANDLE,3',https://drywalltoolbox.com/product/columbia-180-grip-flat-box-handle-3ft,Brand:Columbia Tools; Part Number:3BH; Model:3BH; Handle Length:3',,
42BH,"Columbia 180° Grip Flat Box Handle - 42""",Columbia Tools,Drywall Finishing Tools > Automatic Taping Tools > Flat Box Handles,42BH,,175.00,COL-180-GRIP-FLAT-BOX-HANDLE,"42""",https://drywalltoolbox.com/product/columbia-180-grip-flat-box-handle-42,"Brand:Columbia Tools; Part Number:42BH; Model:42BH; Handle Length:42""",,
4BH,Columbia 180° Grip Flat Box Handle - 4',Columbia Tools,Drywall Finishing Tools > Automatic Taping Tools > Flat Box Handles,4BH,,176.00,COL-180-GRIP-FLAT-BOX-HANDLE,4',https://drywalltoolbox.com/product/columbia-180-grip-flat-box-handle-4ft,Brand:Columbia Tools; Part Number:4BH; Model:4BH; Handle Length:4',,
5BH,Columbia 180° Grip Flat Box Handle - 5',Columbia Tools,Drywall Finishing Tools > Automatic Taping Tools > Flat Box Handles,5BH,,177.00,COL-180-GRIP-FLAT-BOX-HANDLE,5',https://drywalltoolbox.com/product/columbia-180-grip-flat-box-handle-5ft-5bh,Brand:Columbia Tools; Part Number:5BH; Model:5BH; Handle Length:5',,
6BH,Columbia 180° Grip Flat Box Handle - 6',Columbia Tools,Drywall Finishing Tools > Automatic Taping Tools > Flat Box Handles,6BH,,178.00,COL-180-GRIP-FLAT-BOX-HANDLE,6',https://drywalltoolbox.com/product/columbia-180-grip-flat-box-handle-6ft,Brand:Columbia Tools; Part Number:6BH; Model:6BH; Handle Length:6',,
2AH,"Columbia Angle Head - 2""",Columbia Tools,Drywall Finishing Tools > Automatic Taping Tools > Angle Heads,2AH,,358.00,COL-ANGLE-HEAD,"2""",https://drywalltoolbox.com/product/columbia-angle-head-2-inch,"Brand:Columbia Tools; Part Number:2AH; Model:2AH; Size:2""",,
2.5AH,"Columbia Angle Head - 2.5""",Columbia Tools,Drywall Finishing Tools > Automatic Taping Tools > Angle Heads,2.5AH,,421.79,COL-ANGLE-HEAD,"2.5""",https://drywalltoolbox.com/product/columbia-angle-head-2-5-inch,"Brand:Columbia Tools; Part Number:2.5AH; Model:2.5AH; Size:2.5""",,
3AH,"Columbia Angle Head - 3""",Columbia Tools,Drywall Finishing Tools > Automatic Taping Tools > Angle Heads,3AH,,367.00,COL-ANGLE-HEAD,"3""",https://drywalltoolbox.com/product/columbia-angle-head-3-inch,"Brand:Columbia Tools; Part Number:3AH; Model:3AH; Size:3""",,
3.5AH,"Columbia Angle Head - 3.5""",Columbia Tools,Drywall Finishing Tools > Automatic Taping Tools > Angle Heads,3.5AH,,454.23,COL-ANGLE-HEAD,"3.5""",https://drywalltoolbox.com/product/columbia-angle-head-3-5-inch,"Brand:Columbia Tools; Part Number:3.5AH; Model:3.5AH; Size:3.5""",,
8FBBA,"Columbia Automatic Fat Boy Box - 8""",Columbia Tools,Drywall Finishing Tools > Automatic Taping Tools > Flat Boxes,8FBBA,,431.00,COL-AUTOMATIC-FAT-BOY-BOX,"8""",https://drywalltoolbox.com/product/columbia-8-inch-automatic-fat-boy-box-8fbba,"Brand:Columbia Tools; Part Number:8FBBA; Model:8FBBA; Size:8""",,
10FBBA,"Columbia Automatic Fat Boy Box - 10""",Columbia Tools,Drywall Finishing Tools > Automatic Taping Tools > Flat Boxes,10FBBA,,435.00,COL-AUTOMATIC-FAT-BOY-BOX,"10""",https://drywalltoolbox.com/product/columbia-automatic-fat-boy-box-10-inch,"Brand:Columbia Tools; Part Number:10FBBA; Model:10FBBA; Size:10""",,
12FBBA,"Columbia Automatic Fat Boy Box - 12""",Columbia Tools,Drywall Finishing Tools > Automatic Taping Tools > Flat Boxes,12FBBA,,443.00,COL-AUTOMATIC-FAT-BOY-BOX,"12""",https://drywalltoolbox.com/product/columbia-automatic-fat-boy-box-12-12fbba,"Brand:Columbia Tools; Part Number:12FBBA; Model:12FBBA; Size:12""",,
8FFBA,"Columbia Automatic Flat Box - 8""",Columbia Tools,Drywall Finishing Tools > Automatic Taping Tools > Flat Boxes,8FFBA,,397.00,COL-AUTOMATIC-FLAT-BOX,"8""",https://drywalltoolbox.com/product/columbia-automatic-flat-box-8-8ffba,"Brand:Columbia Tools; Part Number:8FFBA; Model:8FFBA; Size:8""",,
10FFBA,"Columbia Automatic Flat Box - 10""",Columbia Tools,Drywall Finishing Tools > Automatic Taping Tools > Flat Boxes,10FFBA,,401.00,COL-AUTOMATIC-FLAT-BOX,"10""",https://drywalltoolbox.com/product/columbia-automatic-flat-box-10-10ffba,"Brand:Columbia Tools; Part Number:10FFBA; Model:10FFBA; Size:10""",,
12FFBA,"Columbia Automatic Flat Box - 12""",Columbia Tools,Drywall Finishing Tools > Automatic Taping Tools > Flat Boxes,12FFBA,,405.00,COL-AUTOMATIC-FLAT-BOX,"12""",https://drywalltoolbox.com/product/columbia-automatic-flat-box-12-12ffba,"Brand:Columbia Tools; Part Number:12FFBA; Model:12FFBA; Size:12""",,
14FFBA,"Columbia Automatic Flat Box - 14""",Columbia Tools,Drywall Finishing Tools > Automatic Taping Tools > Flat Boxes,14FFBA,,409.00,COL-AUTOMATIC-FLAT-BOX,"14""",https://drywalltoolbox.com/product/columbia-automatic-flat-box-14-14ffba,"Brand:Columbia Tools; Part Number:14FFBA; Model:14FFBA; Size:14""",,
STAPER,Columbia Automatic Taper - Sawed Off 39 in.,Columbia Tools,Drywall Finishing Tools > Automatic Taping Tools > Automatic Tapers,STAPER,,1683.00,COL-AUTOMATIC-TAPER,Sawed Off 39 in.,https://drywalltoolbox.com/product/columbia-automatic-taper-sawed-off-39-in-staper,Brand:Columbia Tools; Part Number:STAPER; Model:Sawed Off 39 in.; Catalog Section:Automatic Tapers,,
TAPER,Columbia Automatic Taper - Standard 53 in.,Columbia Tools,Drywall Finishing Tools > Automatic Taping Tools > Automatic Tapers,TAPER,,1683.00,COL-AUTOMATIC-TAPER,Standard 53 in.,https://drywalltoolbox.com/product/columbia-automatic-taper-standard-53-in,Brand:Columbia Tools; Part Number:TAPER; Model:Standard 53 in.; Catalog Section:Automatic Tapers,,
PTAPER,Columbia One Predator Taper,Columbia Tools,Drywall Finishing Tools > Automatic Taping Tools > Automatic Tapers,PTAPER,,1838.55,,,https://drywalltoolbox.com/product/columbia-one-predator-carbon-fiber-taper-ptaper,"Brand:Columbia Tools; Part Number:PTAPER; Model:Columbia One Predator Taper; Length:53 in.; Material:Carbon Fiber and steel components; Family:Predator Family; Catalog Section:Automatic Tapers; Features:Handmade from Carbon Fiber and steel components, Titanium pull rod, Adjustable Brake, Quick release for tape changing, Reduced Drag system for corners, Stainless steel side plates, creaser arms and cable drum, Quick release cap, Very smooth Patent Pending Pump Action cutting system with a roller chain, 53 in. length",,
ICA2-1,"Columbia Billet Mud Applicator - Inside Corner - 2 Wheels - 1""",Columbia Tools,Drywall Finishing Tools > Semi-Automatic Taping Tools > Compound Applicators,ICA2-1,,49.00,COL-BILLET-MUD-APPLICATOR,"Inside Corner - 2 Wheels - 1""",https://drywalltoolbox.com/product/columbia-billet-mud-applicator-inside-corner-2-wheels-1-inch,"Brand:Columbia Tools; Part Number:ICA2-1; Model:ICA2-1; Applicator Type:Inside Corner - 2 Wheels - 1""",,
ICA4-1,"Columbia Billet Mud Applicator - Inside Corner - 4 Wheels - 1""",Columbia Tools,Drywall Finishing Tools > Semi-Automatic Taping Tools > Compound Applicators,ICA4-1,,63.00,COL-BILLET-MUD-APPLICATOR,"Inside Corner - 4 Wheels - 1""",https://drywalltoolbox.com/product/columbia-billet-mud-applicator-inside-corner-4-wheels-1,"Brand:Columbia Tools; Part Number:ICA4-1; Model:ICA4-1; Applicator Type:Inside Corner - 4 Wheels - 1""",,
ICATW,Columbia Billet Mud Applicator - Two-Way Internal Corner - 4 Wheels,Columbia Tools,Drywall Finishing Tools > Semi-Automatic Taping Tools > Compound Applicators,ICATW,,83.00,COL-BILLET-MUD-APPLICATOR,Two-Way Internal Corner - 4 Wheels,https://drywalltoolbox.com/product/columbia-billet-mud-applicator-two-way-internal-corner-4-wheels-icatw,Brand:Columbia Tools; Part Number:ICATW; Model:ICATW; Applicator Type:Two-Way Internal Corner - 4 Wheels,,
CEXT90,Columbia Billet Mud Applicator - External 90,Columbia Tools,Drywall Finishing Tools > Semi-Automatic Taping Tools > Compound Applicators,CEXT90,,98.00,COL-BILLET-MUD-APPLICATOR,External 90,https://drywalltoolbox.com/product/columbia-billet-mud-applicator-external-90-cext90,Brand:Columbia Tools; Part Number:CEXT90; Model:CEXT90; Applicator Type:External 90,,
CFLT,Columbia Billet Mud Applicator - Flat,Columbia Tools,Drywall Finishing Tools > Semi-Automatic Taping Tools > Compound Applicators,CFLT,,60.00,COL-BILLET-MUD-APPLICATOR,Flat,https://drywalltoolbox.com/product/columbia-billet-mud-applicator-flat-cflt,Brand:Columbia Tools; Part Number:CFLT; Model:CFLT; Applicator Type:Flat,,
BF,Columbia Box Filler - Standard,Columbia Tools,Drywall Finishing Tools > Automatic Taping Tools > Box Fillers,BF,,52.00,COL-BOX-FILLER,Standard,https://drywalltoolbox.com/product/columbia-box-filler-standard-bf,Brand:Columbia Tools; Part Number:BF; Model:BF,,
TBBF,Columbia Box Filler - Tall Boy,Columbia Tools,Drywall Finishing Tools > Automatic Taping Tools > Box Fillers,TBBF,,52.00,COL-BOX-FILLER,Tall Boy,https://drywalltoolbox.com/product/columbia-box-filler-tall-boy-tbbf,Brand:Columbia Tools; Part Number:TBBF; Model:TBBF,,
CLT24,"Columbia Cam Lock Tube - 24""",Columbia Tools,Drywall Finishing Tools > Semi-Automatic Taping Tools > Compound Tubes,CLT24,,236.00,COL-CAM-LOCK-TUBE,"24""",https://drywalltoolbox.com/product/columbia-tools-cam-lock-tube-24-clt24,"Brand:Columbia Tools; Part Number:CLT24; Model:CLT24; Size:24""",,
CLT32,"Columbia Cam Lock Tube - 32""",Columbia Tools,Drywall Finishing Tools > Semi-Automatic Taping Tools > Compound Tubes,CLT32,,242.00,COL-CAM-LOCK-TUBE,"32""",https://drywalltoolbox.com/product/columbia-cam-lock-tube-32-clt32,"Brand:Columbia Tools; Part Number:CLT32; Model:CLT32; Size:32""",,
CLT42,"Columbia Cam Lock Tube - 42""",Columbia Tools,Drywall Finishing Tools > Semi-Automatic Taping Tools > Compound Tubes,CLT42,,256.00,COL-CAM-LOCK-TUBE,"42""",https://drywalltoolbox.com/product/columbia-cam-lock-tube-42-clt42,"Brand:Columbia Tools; Part Number:CLT42; Model:CLT42; Size:42""",,
CLT55,"Columbia Cam Lock Tube - 55""",Columbia Tools,Drywall Finishing Tools > Semi-Automatic Taping Tools > Compound Tubes,CLT55,,220.00,COL-CAM-LOCK-TUBE,"55""",https://drywalltoolbox.com/product/columbia-cam-lock-tube-55-clt55,"Brand:Columbia Tools; Part Number:CLT55; Model:CLT55; Size:55""",,
2.5CSF,"Columbia Combo Flusher - 2.5""",Columbia Tools,Drywall Finishing Tools > Semi-Automatic Taping Tools > Corner Flushers,2.5CSF,,163.99,COL-COMBO-FLUSHER,"2.5""",https://drywalltoolbox.com/product/columbia-combo-flusher-2-5-2-5csf,"Brand:Columbia Tools; Part Number:2.5CSF; Model:2.5CSF; Size:2.5""",,
3CSF,"Columbia Combo Flusher - 3""",Columbia Tools,Drywall Finishing Tools > Semi-Automatic Taping Tools > Corner Flushers,3CSF,,150.00,COL-COMBO-FLUSHER,"3""",https://drywalltoolbox.com/product/columbia-combo-flusher-3-inch,"Brand:Columbia Tools; Part Number:3CSF; Model:3CSF; Size:3""",,
3WTCSF,"Columbia Combo Flusher - 3"" Widetrack",Columbia Tools,Drywall Finishing Tools > Semi-Automatic Taping Tools > Corner Flushers,3WTCSF,,122.51,COL-COMBO-FLUSHER,"3"" Widetrack",https://drywalltoolbox.com/product/columbia-3-widetrack-combo-flusher-3wtcsf,"Brand:Columbia Tools; Part Number:3WTCSF; Model:3WTCSF; Size:3"" Widetrack",,
3.5CSF,"Columbia Combo Flusher - 3.5""",Columbia Tools,Drywall Finishing Tools > Semi-Automatic Taping Tools > Corner Flushers,3.5CSF,,181.99,COL-COMBO-FLUSHER,"3.5""",https://drywalltoolbox.com/product/columbia-combo-flusher-3-5-inch,"Brand:Columbia Tools; Part Number:3.5CSF; Model:3.5CSF; Size:3.5""",,
CMT24,"Columbia Compound Tube - 24""",Columbia Tools,Drywall Finishing Tools > Semi-Automatic Taping Tools > Compound Tubes,CMT24,,158.00,COL-COMPOUND-TUBE,"24""",https://drywalltoolbox.com/product/columbia-compound-tube-24-inch-cmt24,"Brand:Columbia Tools; Part Number:CMT24; Model:CMT24; Size:24""",,
CMT32,"Columbia Compound Tube - 32""",Columbia Tools,Drywall Finishing Tools > Semi-Automatic Taping Tools > Compound Tubes,CMT32,,167.00,COL-COMPOUND-TUBE,"32""",https://drywalltoolbox.com/product/columbia-32-inch-compound-tube-cmt32,"Brand:Columbia Tools; Part Number:CMT32; Model:CMT32; Size:32""",,
CMT42,"Columbia Compound Tube - 42""",Columbia Tools,Drywall Finishing Tools > Semi-Automatic Taping Tools > Compound Tubes,CMT42,,182.00,COL-COMPOUND-TUBE,"42""",https://drywalltoolbox.com/product/columbia-compound-tube-42-cmt42,"Brand:Columbia Tools; Part Number:CMT42; Model:CMT42; Size:42""",,
CMT55,"Columbia Compound Tube - 55""",Columbia Tools,Drywall Finishing Tools > Semi-Automatic Taping Tools > Compound Tubes,CMT55,,190.00,COL-COMPOUND-TUBE,"55""",https://drywalltoolbox.com/product/columbia-compound-tube-55-cmt55,"Brand:Columbia Tools; Part Number:CMT55; Model:CMT55; Size:55""",,
2.5DF,"Columbia Direct Flusher - 2.5""",Columbia Tools,Drywall Finishing Tools > Semi-Automatic Taping Tools > Corner Flushers,2.5DF,,127.62,COL-DIRECT-FLUSHER,"2.5""",https://drywalltoolbox.com/product/columbia-direct-flusher-2-5-inch,"Brand:Columbia Tools; Part Number:2.5DF; Model:2.5DF; Size:2.5""",,
3DF,"Columbia Direct Flusher - 3""",Columbia Tools,Drywall Finishing Tools > Semi-Automatic Taping Tools > Corner Flushers,3DF,,98.00,COL-DIRECT-FLUSHER,"3""",https://drywalltoolbox.com/product/columbia-direct-flusher-3-inch,"Brand:Columbia Tools; Part Number:3DF; Model:3DF; Size:3""",,
3WTDF,"Columbia Direct Flusher - 3"" Widetrack",Columbia Tools,Drywall Finishing Tools > Semi-Automatic Taping Tools > Corner Flushers,3WTDF,,101.00,COL-DIRECT-FLUSHER,"3"" Widetrack",https://drywalltoolbox.com/product/columbia-direct-flusher-3-widetrack,"Brand:Columbia Tools; Part Number:3WTDF; Model:3WTDF; Size:3"" Widetrack",,
3.5DF,"Columbia Direct Flusher - 3.5""",Columbia Tools,Drywall Finishing Tools > Semi-Automatic Taping Tools > Corner Flushers,3.5DF,,146.00,COL-DIRECT-FLUSHER,"3.5""",https://drywalltoolbox.com/product/columbia-direct-flusher-3-5,"Brand:Columbia Tools; Part Number:3.5DF; Model:3.5DF; Size:3.5""",,
4DF,"Columbia Direct Flusher - 4""",Columbia Tools,Drywall Finishing Tools > Semi-Automatic Taping Tools > Corner Flushers,4DF,,108.00,COL-DIRECT-FLUSHER,"4""",https://drywalltoolbox.com/product/columbia-direct-flusher-4-4df,"Brand:Columbia Tools; Part Number:4DF; Model:4DF; Size:4""",,
5.5FBB,"Columbia Fat Boy Flat Box - 5.5""",Columbia Tools,Drywall Finishing Tools > Automatic Taping Tools > Flat Boxes,5.5FBB,,189.95,COL-FAT-BOY-FLAT-BOX,"5.5""",https://drywalltoolbox.com/product/columbia-fat-boy-flat-box-5-5,"Brand:Columbia Tools; Part Number:5.5FBB; Model:5.5FBB; Size:5.5""",,
8FBB,"Columbia Fat Boy Flat Box - 8""",Columbia Tools,Drywall Finishing Tools > Automatic Taping Tools > Flat Boxes,8FBB,,443.42,COL-FAT-BOY-FLAT-BOX,"8""",https://drywalltoolbox.com/product/columbia-fat-boy-flat-box-8-8fbb,"Brand:Columbia Tools; Part Number:8FBB; Model:8FBB; Size:8""",,
10FBB,"Columbia Fat Boy Flat Box - 10""",Columbia Tools,Drywall Finishing Tools > Automatic Taping Tools > Flat Boxes,10FBB,,454.23,COL-FAT-BOY-FLAT-BOX,"10""",https://drywalltoolbox.com/product/columbia-fat-boy-flat-box-10-10fbb,"Brand:Columbia Tools; Part Number:10FBB; Model:10FBB; Size:10""",,
12FBB,"Columbia Fat Boy Flat Box - 12""",Columbia Tools,Drywall Finishing Tools > Automatic Taping Tools > Flat Boxes,12FBB,,465.05,COL-FAT-BOY-FLAT-BOX,"12""",https://drywalltoolbox.com/product/columbia-fat-boy-flat-box-12-12fbb,"Brand:Columbia Tools; Part Number:12FBB; Model:12FBB; Size:12""",,
5.5FFB,"Columbia Flat Finisher Box - 5.5""",Columbia Tools,Drywall Finishing Tools > Automatic Taping Tools > Flat Boxes,5.5FFB,,367.71,COL-FLAT-FINISHER-BOX,"5.5""",https://drywalltoolbox.com/product/columbia-flat-finisher-box-5-5-5-5ffb,"Brand:Columbia Tools; Part Number:5.5FFB; Model:5.5FFB; Size:5.5""",,
7FFB,"Columbia Flat Finisher Box - 7""",Columbia Tools,Drywall Finishing Tools > Automatic Taping Tools > Flat Boxes,7FFB,,367.00,COL-FLAT-FINISHER-BOX,"7""",https://drywalltoolbox.com/product/columbia-flat-finisher-box-7-7ffb,"Brand:Columbia Tools; Part Number:7FFB; Model:7FFB; Size:7""",,
8FFB,"Columbia Flat Finisher Box - 8""",Columbia Tools,Drywall Finishing Tools > Automatic Taping Tools > Flat Boxes,8FFB,,371.00,COL-FLAT-FINISHER-BOX,"8""",https://drywalltoolbox.com/product/columbia-8-inch-flat-finisher-box-8ffb,"Brand:Columbia Tools; Part Number:8FFB; Model:8FFB; Size:8""",,
10FFB,"Columbia Flat Finisher Box - 10""",Columbia Tools,Drywall Finishing Tools > Automatic Taping Tools > Flat Boxes,10FFB,,375.00,COL-FLAT-FINISHER-BOX,"10""",https://drywalltoolbox.com/product/columbia-flat-finisher-box-10-inch-10ffb,"Brand:Columbia Tools; Part Number:10FFB; Model:10FFB; Size:10""",,
12FFB,"Columbia Flat Finisher Box - 12""",Columbia Tools,Drywall Finishing Tools > Automatic Taping Tools > Flat Boxes,12FFB,,380.00,COL-FLAT-FINISHER-BOX,"12""",https://drywalltoolbox.com/product/columbia-12-inch-flat-finisher-box-12ffb,"Brand:Columbia Tools; Part Number:12FFB; Model:12FFB; Size:12""",,
14FFB,"Columbia Flat Finisher Box - 14""",Columbia Tools,Drywall Finishing Tools > Automatic Taping Tools > Flat Boxes,14FFB,,384.00,COL-FLAT-FINISHER-BOX,"14""",https://drywalltoolbox.com/product/columbia-flat-finisher-box-14-14ffb,"Brand:Columbia Tools; Part Number:14FFB; Model:14FFB; Size:14""",,
GN,Columbia Gooseneck - Standard,Columbia Tools,Drywall Finishing Tools > Automatic Taping Tools > Goosenecks,GN,,86.00,COL-GOOSENECK,Standard,https://drywalltoolbox.com/product/columbia-gooseneck-standard-gn,Brand:Columbia Tools; Part Number:GN; Model:GN,,
TBGN,Columbia Gooseneck - Tall Boy,Columbia Tools,Drywall Finishing Tools > Automatic Taping Tools > Goosenecks,TBGN,,124.00,COL-GOOSENECK,Tall Boy,https://drywalltoolbox.com/product/columbia-gooseneck-tall-boy-tbgn,Brand:Columbia Tools; Part Number:TBGN; Model:TBGN,,
HMP,Columbia Hot Mud Pump - Standard,Columbia Tools,Drywall Finishing Tools > Automatic Taping Tools > Loading Pumps,HMP,,363.00,COL-HOT-MUD-PUMP,Standard,https://drywalltoolbox.com/product/columbia-hot-mud-pump-standard,Brand:Columbia Tools; Part Number:HMP; Model:HMP,,
TBMP,Columbia Hot Mud Pump - Tall Boy,Columbia Tools,Drywall Finishing Tools > Automatic Taping Tools > Loading Pumps,TBMP,,473.00,COL-HOT-MUD-PUMP,Tall Boy,https://drywalltoolbox.com/product/columbia-hot-mud-pump-tall-boy-tbmp,Brand:Columbia Tools; Part Number:TBMP; Model:TBMP,,
HMP-C,Columbia Hot Mud Pump - CDN,Columbia Tools,Drywall Finishing Tools > Automatic Taping Tools > Loading Pumps,HMP-C,,380.00,COL-HOT-MUD-PUMP,CDN,https://drywalltoolbox.com/product/columbia-hot-mud-pump-cdn,Brand:Columbia Tools; Part Number:HMP-C; Model:HMP-C,,
MHS,"Columbia Matrix Flat Box Handle - 29""-39""",Columbia Tools,Drywall Finishing Tools > Automatic Taping Tools > Flat Box Handles,MHS,,375.00,COL-MATRIX-FLAT-BOX-HANDLE,"29""-39""",https://drywalltoolbox.com/product/columbia-matrix-flat-box-handle-29-39,"Brand:Columbia Tools; Part Number:MHS; Model:MHS; Handle Length:29""-39""",,
MH,"Columbia Matrix Flat Box Handle - 40""-60""",Columbia Tools,Drywall Finishing Tools > Automatic Taping Tools > Flat Box Handles,MH,,409.00,COL-MATRIX-FLAT-BOX-HANDLE,"40""-60""",https://drywalltoolbox.com/product/columbia-matrix-flat-box-handle-40-60-mh,"Brand:Columbia Tools; Part Number:MH; Model:MH; Handle Length:40""-60""",,
MHL,"Columbia Matrix Flat Box Handle - 56""-76""",Columbia Tools,Drywall Finishing Tools > Automatic Taping Tools > Flat Box Handles,MHL,,495.00,COL-MATRIX-FLAT-BOX-HANDLE,"56""-76""",https://drywalltoolbox.com/product/columbia-matrix-flat-box-handle-56-76,"Brand:Columbia Tools; Part Number:MHL; Model:MHL; Handle Length:56""-76""",,
2NS,"Columbia Nail Spotter - 2""",Columbia Tools,Drywall Finishing Tools > Automatic Taping Tools > Nail Spotters,2NS,,324.00,COL-NAIL-SPOTTER,"2""",https://drywalltoolbox.com/product/columbia-2-inch-nail-spotter-2ns,"Brand:Columbia Tools; Part Number:2NS; Model:2NS; Size:2""",,
3NS,"Columbia Nail Spotter - 3""",Columbia Tools,Drywall Finishing Tools > Automatic Taping Tools > Nail Spotters,3NS,,324.00,COL-NAIL-SPOTTER,"3""",https://drywalltoolbox.com/product/columbia-nail-spotter-3-inch,"Brand:Columbia Tools; Part Number:3NS; Model:3NS; Size:3""",,
C1HEXT,Columbia One Handle - Extendible 3'-5',Columbia Tools,Drywall Finishing Tools > Automatic Taping Tools > Flat Box Handles,C1HEXT,,128.00,COL-ONE-HANDLE,Extendible 3'-5',https://drywalltoolbox.com/product/columbia-one-handle-extendible-3-5,Brand:Columbia Tools; Part Number:C1HEXT; Model:C1HEXT,,
CHXL,Columbia One Handle - Long Extendible 4'-8',Columbia Tools,Drywall Finishing Tools > Automatic Taping Tools > Flat Box Handles,CHXL,,150.00,COL-ONE-HANDLE,Long Extendible 4'-8',https://drywalltoolbox.com/product/columbia-one-handle-long-extendible-4-8-chxl,Brand:Columbia Tools; Part Number:CHXL; Model:CHXL,,
C1HS,Columbia One Handle - Stubby,Columbia Tools,Drywall Finishing Tools > Automatic Taping Tools > Flat Box Handles,C1HS,,40.00,COL-ONE-HANDLE,Stubby,https://drywalltoolbox.com/product/columbia-one-handle-stubby-c1hs,Brand:Columbia Tools; Part Number:C1HS; Model:C1HS,,
C1H,Columbia One Handle - Fixed,Columbia Tools,Drywall Finishing Tools > Automatic Taping Tools > Flat Box Handles,C1H,,35.00,COL-ONE-HANDLE,Fixed,https://drywalltoolbox.com/product/columbia-one-handle-fixed-c1h,Brand:Columbia Tools; Part Number:C1H; Model:C1H,,
COBCR,Columbia Outside Corner Roller - Standard,Columbia Tools,Drywall Finishing Tools > Automatic Taping Tools > Corner Rollers,COBCR,,60.00,COL-OUTSIDE-CORNER-ROLLER,Standard,https://drywalltoolbox.com/product/columbia-outside-corner-roller-standard-cobcr,Brand:Columbia Tools; Part Number:COBCR; Model:COBCR; Profile:Standard,,
CBNCR,Columbia Outside Corner Roller - Bullnose,Columbia Tools,Drywall Finishing Tools > Automatic Taping Tools > Corner Rollers,CBNCR,,64.00,COL-OUTSIDE-CORNER-ROLLER,Bullnose,https://drywalltoolbox.com/product/columbia-outside-corner-roller-bullnose-cbncr,Brand:Columbia Tools; Part Number:CBNCR; Model:CBNCR; Profile:Bullnose,,
COBCRE,Columbia Outside Corner Roller - European,Columbia Tools,Drywall Finishing Tools > Automatic Taping Tools > Corner Rollers,COBCRE,,1.00,COL-OUTSIDE-CORNER-ROLLER,European,https://drywalltoolbox.com/product/columbia-outside-corner-roller-european,Brand:Columbia Tools; Part Number:COBCRE; Model:COBCRE; Profile:European,,
COBCRW,Columbia Outside Corner Roller - Wide,Columbia Tools,Drywall Finishing Tools > Automatic Taping Tools > Corner Rollers,COBCRW,,86.52,COL-OUTSIDE-CORNER-ROLLER,Wide,https://drywalltoolbox.com/product/columbia-outside-corner-roller-wide,Brand:Columbia Tools; Part Number:COBCRW; Model:COBCRW; Profile:Wide,,
PMHS,"Columbia Predator Matrix Handle - Short 29""-39""",Columbia Tools,"Drywall Finishing Tools > Automatic Taping Tools > Flat Box Handles, Drywall Finishing Tools > Predator Family",PMHS,,384.00,COL-PREDATOR-MATRIX-HANDLE,"Short 29""-39""",https://drywalltoolbox.com/product/columbia-predator-matrix-handle-short-29-39,"Brand:Columbia Tools; Part Number:PMHS; Model:PMHS; Handle Length:Short 29""-39""; Family:Predator Family",,
PMH,"Columbia Predator Matrix Handle - 40""-60""",Columbia Tools,"Drywall Finishing Tools > Automatic Taping Tools > Flat Box Handles, Drywall Finishing Tools > Predator Family",PMH,,418.00,COL-PREDATOR-MATRIX-HANDLE,"40""-60""",https://drywalltoolbox.com/product/columbia-predator-matrix-handle-40-60,"Brand:Columbia Tools; Part Number:PMH; Model:PMH; Handle Length:40""-60""; Family:Predator Family",,
PMHL,"Columbia Predator Matrix Handle - Long 56""-76""",Columbia Tools,"Drywall Finishing Tools > Automatic Taping Tools > Flat Box Handles, Drywall Finishing Tools > Predator Family",PMHL,,503.00,COL-PREDATOR-MATRIX-HANDLE,"Long 56""-76""",https://drywalltoolbox.com/product/columbia-predator-matrix-handle-long-56-76,"Brand:Columbia Tools; Part Number:PMHL; Model:PMHL; Handle Length:Long 56""-76""; Family:Predator Family",,
PC1HEXT,Columbia Predator One Handle - Extendable 3'-5',Columbia Tools,"Drywall Finishing Tools > Automatic Taping Tools > Flat Box Handles, Drywall Finishing Tools > Predator Family",PC1HEXT,,138.00,COL-PREDATOR-ONE-HANDLE,Extendable 3'-5',https://drywalltoolbox.com/product/columbia-predator-one-handle-extendable-3-5,Brand:Columbia Tools; Part Number:PC1HEXT; Model:PC1HEXT; Family:Predator Family,,
PC1H,Columbia Predator One Handle - 4' Fixed,Columbia Tools,"Drywall Finishing Tools > Automatic Taping Tools > Flat Box Handles, Drywall Finishing Tools > Predator Family",PC1H,,62.00,COL-PREDATOR-ONE-HANDLE,4' Fixed,https://drywalltoolbox.com/product/columbia-predator-one-handle-4-foot-fixed,Brand:Columbia Tools; Part Number:PC1H; Model:PC1H; Family:Predator Family,,
PCHXL,Columbia Predator One Handle - Long Extendable 4'-8',Columbia Tools,"Drywall Finishing Tools > Automatic Taping Tools > Flat Box Handles, Drywall Finishing Tools > Predator Family",PCHXL,,168.00,COL-PREDATOR-ONE-HANDLE,Long Extendable 4'-8',https://drywalltoolbox.com/product/columbia-predator-one-handle-long-extendable-4-8-pchxl,Brand:Columbia Tools; Part Number:PCHXL; Model:PCHXL; Family:Predator Family,,
2.5SF,"Columbia Standard Flusher - 2.5""",Columbia Tools,Drywall Finishing Tools > Semi-Automatic Taping Tools > Corner Flushers,2.5SF,,116.80,COL-STANDARD-FLUSHER,"2.5""",https://drywalltoolbox.com/product/columbia-standard-flusher-2-5-inch-2-5sf,"Brand:Columbia Tools; Part Number:2.5SF; Model:2.5SF; Size:2.5""",,
3SF,"Columbia Standard Flusher - 3""",Columbia Tools,Drywall Finishing Tools > Semi-Automatic Taping Tools > Corner Flushers,3SF,,92.00,COL-STANDARD-FLUSHER,"3""",https://drywalltoolbox.com/product/columbia-standard-flusher-3-inch-3sf,"Brand:Columbia Tools; Part Number:3SF; Model:3SF; Size:3""",,
3WTSF,"Columbia Standard Flusher - 3"" Widetrack",Columbia Tools,Drywall Finishing Tools > Semi-Automatic Taping Tools > Corner Flushers,3WTSF,,93.00,COL-STANDARD-FLUSHER,"3"" Widetrack",https://drywalltoolbox.com/product/columbia-standard-flusher-3-widetrack-3wtsf,"Brand:Columbia Tools; Part Number:3WTSF; Model:3WTSF; Size:3"" Widetrack",,
3.5SF,"Columbia Standard Flusher - 3.5""",Columbia Tools,Drywall Finishing Tools > Semi-Automatic Taping Tools > Corner Flushers,3.5SF,,133.02,COL-STANDARD-FLUSHER,"3.5""",https://drywalltoolbox.com/product/columbia-standard-flusher-3-5-inch-3-5sf,"Brand:Columbia Tools; Part Number:3.5SF; Model:3.5SF; Size:3.5""",,
4SF,"Columbia Standard Flusher - 4""",Columbia Tools,Drywall Finishing Tools > Semi-Automatic Taping Tools > Corner Flushers,4SF,,105.00,COL-STANDARD-FLUSHER,"4""",https://drywalltoolbox.com/product/columbia-standard-flusher-4-inch,"Brand:Columbia Tools; Part Number:4SF; Model:4SF; Size:4""",,
7CFB,"Columbia Throttle Corner Flusher Box - 7""",Columbia Tools,Drywall Finishing Tools > Automatic Taping Tools > Corner Boxes,7CFB,,299.00,COL-THROTTLE-CORNER-FLUSHER-BOX,"7""",https://drywalltoolbox.com/product/columbia-throttle-corner-flusher-box-7-7cfb,"Brand:Columbia Tools; Part Number:7CFB; Model:7CFB; Size:7""",,
8CFB,"Columbia Throttle Corner Flusher Box - 8""",Columbia Tools,Drywall Finishing Tools > Automatic Taping Tools > Corner Boxes,8CFB,,311.00,COL-THROTTLE-CORNER-FLUSHER-BOX,"8""",https://drywalltoolbox.com/product/columbia-throttle-corner-flusher-box-8-inch-8cfb,"Brand:Columbia Tools; Part Number:8CFB; Model:8CFB; Size:8""",,
TCS,Columbia Tool Case - Gun Case,Columbia Tools,Drywall Finishing Tools > Automatic Taping Tools > Automatic Taping Tool Cases,TCS,,175.00,COL-TOOL-CASE,Gun Case,https://drywalltoolbox.com/product/columbia-tool-case-gun-case-tcs,Brand:Columbia Tools; Part Number:TCS; Model:TCS; Case Type:Gun Case,,
RC,Columbia Tool Case - Road Case,Columbia Tools,Drywall Finishing Tools > Automatic Taping Tools > Automatic Taping Tool Cases,RC,,1020.16,COL-TOOL-CASE,Road Case,https://drywalltoolbox.com/product/columbia-tool-case-road-case,Brand:Columbia Tools; Part Number:RC; Model:RC; Case Type:Road Case,,
FMH,Columbia UHMW Mud Applicator - L-Trim,Columbia Tools,Drywall Finishing Tools > Semi-Automatic Taping Tools > Compound Applicators,FMH,,98.00,COL-UHMW-MUD-APPLICATOR,L-Trim,https://drywalltoolbox.com/product/columbia-uhmw-mud-applicator-l-trim-fmh,Brand:Columbia Tools; Part Number:FMH; Model:FMH; Applicator Type:L-Trim,,
IA90,Columbia UHMW Mud Applicator - Inside 90°,Columbia Tools,Drywall Finishing Tools > Semi-Automatic Taping Tools > Compound Applicators,IA90,,98.00,COL-UHMW-MUD-APPLICATOR,Inside 90°,https://drywalltoolbox.com/product/columbia-uhmw-mud-applicator-inside-90-ia90,Brand:Columbia Tools; Part Number:IA90; Model:IA90; Applicator Type:Inside 90°,,
OA90,Columbia UHMW Mud Applicator - Outside 90°,Columbia Tools,Drywall Finishing Tools > Semi-Automatic Taping Tools > Compound Applicators,OA90,,98.00,COL-UHMW-MUD-APPLICATOR,Outside 90°,https://drywalltoolbox.com/product/columbia-uhmw-mud-applicator-outside-90-oa90,Brand:Columbia Tools; Part Number:OA90; Model:OA90; Applicator Type:Outside 90°,,
OA90-325,Columbia UHMW Mud Applicator - Outside 90° 325,Columbia Tools,Drywall Finishing Tools > Semi-Automatic Taping Tools > Compound Applicators,OA90-325,,89.25,COL-UHMW-MUD-APPLICATOR,Outside 90° 325,https://drywalltoolbox.com/product/columbia-uhmw-mud-applicator-outside-90-325,Brand:Columbia Tools; Part Number:OA90-325; Model:OA90-325; Applicator Type:Outside 90° 325,,
TS,Columbia Tactical Set,Columbia Tools,Drywall Finishing Tools > Automatic Taping Tools > Automatic Taping Tool Sets,TS,,5435.00,,,https://drywalltoolbox.com/product/columbia-tactical-set-automatic-drywall-finishing-kit,"Brand:Columbia Tools; Part Number:TS; Set:Tactical Set; Tool Set Type:Full automatic taping and finishing kit; Primary Workflow:Automatic taping, flat finishing, inside-corner finishing, nail spotting, sanding support; Case Included:Road Case; Set Includes:Official Columbia set includes",,
PTS,Columbia Predator Tactical Set,Columbia Tools,Drywall Finishing Tools > Automatic Taping Tools > Automatic Taping Tool Sets,PTS,,5861.00,,,https://drywalltoolbox.com/product/columbia-predator-tactical-set-pts,"Brand:Columbia Tools; Part Number:PTS; Set:Predator Tactical Set; Tool Set Type:Full automatic taping and finishing kit with Predator carbon-fiber taper; Primary Workflow:Automatic taping, flat finishing, inside-corner finishing, nail spotting, sanding support; Case Included:Road Case; Set Includes:Official Columbia set includes",,
SACS,Columbia Commando Set,Columbia Tools,Drywall Finishing Tools > Automatic Taping Tools > Automatic Taping Tool Sets,SACS,,919.00,,,https://drywalltoolbox.com/product/columbia-commando-set-semi-auto-finishing-kit,Brand:Columbia Tools; Part Number:SACS; Set:Commando Set; Tool Set Type:Semi-automatic drywall finishing kit; Primary Workflow:Semi-automatic corner finishing and compound application; Case Included:Semi-Automatic Case; Set Includes:Official Columbia set includes,,
TWS,Columbia Warrior Set,Columbia Tools,Drywall Finishing Tools > Automatic Taping Tools > Automatic Taping Tool Sets,TWS,,663.00,,,https://drywalltoolbox.com/product/columbia-tools-warrior-set-tws,"Brand:Columbia Tools; Part Number:TWS; Set:Warrior Set; Tool Set Type:Smoothing blade set (Tomahawk line); Primary Workflow:Smoothing, skimming, wiping tapes, coating walls and ceilings; Case Included:Gun Case; Set Includes:Official Columbia set includes",,
CPFP,Columbia PowerFill 3.5 Pro Series Cordless Loading Pump,Columbia Tools,Drywall Finishing Tools > Automatic Taping Tools > Loading Pumps,CPFP,,1473.00,,,https://drywalltoolbox.com/product/columbia-powerfill-3-5-pro-series-cordless-loading-pump,Brand:Columbia Tools; Part Number:CPFP; Model:CPFP,,
CPFGN,Columbia Powerfill 5 Gallon Taper Gooseneck Fill Tube,Columbia Tools,Drywall Finishing Tools > Automatic Taping Tools > Goosenecks,CPFGN,,275.00,,,https://drywalltoolbox.com/product/columbia-powerfill-5-gallon-taper-gooseneck-fill-tube-cpfgn,Brand:Columbia Tools; Part Number:CPFGN; Model:CPFGN,,
FA280,#10 Belleville Washer,Columbia Tools,Drywall Finishing Tools > Parts,FA280,,1.00,,,https://drywalltoolbox.com/product/columbia-tools-10-belleville-washer-fa280,"Brand:Columbia Tools; Part Number:FA280; Model:FA280; Tool Groups:Flat Finishing Box, Hinged Nailspotter, Corner Flusher Box; Condition:New",,
FA268,#10 Flat Washer,Columbia Tools,Drywall Finishing Tools > Parts,FA268,,2.25,,,https://drywalltoolbox.com/product/columbia-tools-10-flat-washer-fa268,"Brand:Columbia Tools; Part Number:FA268; Model:FA268; Tool Groups:Flat Finishing Box, 180 Grip Box Handle; Condition:New",,
FA270,"#10 x 3/4"" Fender Washer",Columbia Tools,Drywall Finishing Tools > Parts,FA270,,2.50,,,https://drywalltoolbox.com/product/columbia-fa270-10-3-4-fender-washer,Brand:Columbia Tools; Part Number:FA270; Model:FA270; Tool Groups:Hot Mud Pump; Condition:New,,
FA228,#6 Flat Washer,Columbia Tools,Drywall Finishing Tools > Parts,FA228,,1.00,,,https://drywalltoolbox.com/product/columbia-tools-6-flat-washer-fa228,"Brand:Columbia Tools; Part Number:FA228; Model:FA228; Tool Groups:Automatic Taper Head, Hinged Nailspotter, Corner Flusher Box; Condition:New",,
FA229,#6 Lock Washer,Columbia Tools,Drywall Finishing Tools > Parts,FA229,,1.00,,,https://drywalltoolbox.com/product/columbia-tools-fa229-6-lock-washer,"Brand:Columbia Tools; Part Number:FA229; Model:FA229; Tool Groups:Automatic Taper Head, Matrix Handle; Condition:New",,
FA230,#6 Star Washer,Columbia Tools,Drywall Finishing Tools > Parts,FA230,,1.00,,,https://drywalltoolbox.com/product/columbia-tools-fa230-6-star-washer,Brand:Columbia Tools; Part Number:FA230; Model:FA230; Tool Groups:Automatic Taper Head; Condition:New,,
FA253,#8 Flat Washer,Columbia Tools,Drywall Finishing Tools > Parts,FA253,,1.85,,,https://drywalltoolbox.com/product/columbia-tools-8-flat-washer-fa253,"Brand:Columbia Tools; Part Number:FA253; Model:FA253; Tool Groups:Automatic Taper Head, Corner Flusher Box; Condition:New",,
FA252,#8 Star Washer,Columbia Tools,Drywall Finishing Tools > Parts,FA252,,2.05,,,https://drywalltoolbox.com/product/columbia-tools-8-star-washer-fa252,"Brand:Columbia Tools; Part Number:FA252; Model:FA252; Tool Groups:Hinged Nailspotter, Hydra-Reach Box Handle; Condition:New",,
FA202,"1/16 X 1/2"" Cotter Pin",Columbia Tools,Drywall Finishing Tools > Parts,FA202,,1.00,,,https://drywalltoolbox.com/product/columbia-tools-fa202-cotter-pin-1-16-x-1-2,Brand:Columbia Tools; Part Number:FA202; Model:FA202; Tool Groups:180 Grip Box Handle; Condition:New,,
FA200,"1/16 x 1/4"" Split Pin",Columbia Tools,Drywall Finishing Tools > Parts,FA200,,1.00,,,https://drywalltoolbox.com/product/columbia-tools-fa200-split-pin-1-16-1-4,Brand:Columbia Tools; Part Number:FA200; Model:FA200; Tool Groups:Automatic Taper Head; Condition:New,,
FA203,"1/16 x 3/4"" Cotter Pin",Columbia Tools,Drywall Finishing Tools > Parts,FA203,,1.00,,,https://drywalltoolbox.com/product/columbia-tools-automatic-taper-head-cotter-pin-fa203,Brand:Columbia Tools; Part Number:FA203; Model:FA203; Tool Groups:Automatic Taper Head; Condition:New,,
FA3,"1/2"" x 7/8"" Flat Washer",Columbia Tools,Drywall Finishing Tools > Parts,FA308,,2.50,,,https://drywalltoolbox.com/product/columbia-tools-fa308-flat-washer-1-2-x-7-8,Brand:Columbia Tools; Part Number:FA308; Model:FA308; Tool Groups:Hot Mud Pump; Condition:New,,
CT109,1/4 - 20 Hex Nut,Columbia Tools,Drywall Finishing Tools > Parts,CT109,,6.00,,,https://drywalltoolbox.com/product/columbia-tools-ct109-1-4-20-hex-nut,Brand:Columbia Tools; Part Number:CT109; Model:CT109; Tool Groups:Automatic Taper Body; Condition:New,,
FA296,"1/4 -20 x 1/2"" Hex Bolt",Columbia Tools,Drywall Finishing Tools > Parts,FA296,,3.35,,,https://drywalltoolbox.com/product/columbia-tools-fa296-hex-bolt-1-4-20-1-2,Brand:Columbia Tools; Part Number:FA296; Model:FA296; Tool Groups:Corner Flusher Box; Condition:New,,
FA295,"1/4 x 1/2"" Flathead Socket",Columbia Tools,Drywall Finishing Tools > Parts,FA295,,3.45,,,https://drywalltoolbox.com/product/columbia-tools-fa295-flathead-socket-1-4-x-1-2,Brand:Columbia Tools; Part Number:FA295; Model:FA295; Tool Groups:Automatic Taper Body; Condition:New,,
FA379,"1/4"" SS E-Clip",Columbia Tools,Drywall Finishing Tools > Parts,FA379,,3.25,,,https://drywalltoolbox.com/product/columbia-tools-1-4-ss-e-clip-fa379,Brand:Columbia Tools; Part Number:FA379; Model:FA379; Tool Groups:Matrix Handle; Condition:New,,
FA286,"1/4"" x 1/2"" Flat Washer",Columbia Tools,Drywall Finishing Tools > Parts,FA286,,1.00,,,https://drywalltoolbox.com/product/columbia-tools-fa286-flat-washer-1-4-x-1-2,Brand:Columbia Tools; Part Number:FA286; Model:FA286; Tool Groups:Hot Mud Pump; Condition:New,,
FA288,"1/4"" X 3/4"" Split Pin",Columbia Tools,Drywall Finishing Tools > Parts,FA288,,2.25,,,https://drywalltoolbox.com/product/columbia-tools-fa288-split-pin-1-4-x-3-4,Brand:Columbia Tools; Part Number:FA288; Model:FA288; Tool Groups:Corner Roller; Condition:New,,
FA291,1/4-20 Hex Nut,Columbia Tools,Drywall Finishing Tools > Parts,FA291,,2.00,,,https://drywalltoolbox.com/product/columbia-tools-1-4-20-hex-nut-fa291,Brand:Columbia Tools; Part Number:FA291; Model:FA291; Tool Groups:Automatic Taper Body; Condition:New,,
FA299,"1/4-20 x 1 1/2"" Pan Phillips",Columbia Tools,Drywall Finishing Tools > Parts,FA299,,4.00,,,https://drywalltoolbox.com/product/columbia-tools-corner-roller-screw-fa299,Brand:Columbia Tools; Part Number:FA299; Model:FA299; Tool Groups:Corner Roller; Condition:New,,
FA313,1/4-20 X 1/4 Socket Head Set Screw,Columbia Tools,Drywall Finishing Tools > Parts,FA313,,2.00,,,https://drywalltoolbox.com/product/columbia-tools-fa313-1-4-20-set-screw,Brand:Columbia Tools; Part Number:FA313; Model:FA313; Tool Groups:Hot Mud Pump; Condition:New,,
FA301,"1/4-20 x 2 1/4"" Hex Bolt",Columbia Tools,Drywall Finishing Tools > Parts,FA301,,3.00,,,https://drywalltoolbox.com/product/columbia-tools-fa301-hex-bolt-hot-mud-pump,Brand:Columbia Tools; Part Number:FA301; Model:FA301; Tool Groups:Hot Mud Pump; Condition:New,,
FA300,"1/4-20 x 2"" Hex Bolt",Columbia Tools,Drywall Finishing Tools > Parts,FA300,,4.25,,,https://drywalltoolbox.com/product/columbia-fa300-hex-bolt-1-4-20-x-2,Brand:Columbia Tools; Part Number:FA300; Model:FA300; Tool Groups:Hot Mud Pump; Condition:New,,
FA294,"1/4-20 x 38"" Socket",Columbia Tools,Drywall Finishing Tools > Parts,FA294,,3.25,,,https://drywalltoolbox.com/product/columbia-tools-fa294-socket-1-4-20-38,Brand:Columbia Tools; Part Number:FA294; Model:FA294; Tool Groups:Hot Mud Pump; Condition:New,,
FA297,"1/4-20 x 5/8"" Socket",Columbia Tools,Drywall Finishing Tools > Parts,FA297,,2.00,,,https://drywalltoolbox.com/product/columbia-1-4-20-x-5-8-socket-fa297,Brand:Columbia Tools; Part Number:FA297; Model:FA297; Tool Groups:Hot Mud Pump; Condition:New,,
FA298,"1/4-20 x 7/8"" Flat Socket",Columbia Tools,Drywall Finishing Tools > Parts,FA298,,2.85,,,https://drywalltoolbox.com/product/columbia-tools-fa298-1-4-20-7-8-flat-socket,Brand:Columbia Tools; Part Number:FA298; Model:FA298; Tool Groups:Automatic Taper Body; Condition:New,,
FA302,"1/4-28 x 1/4"" Set Screw",Columbia Tools,Drywall Finishing Tools > Parts,FA302,,3.85,,,https://drywalltoolbox.com/product/columbia-tools-fa302-set-screw-180-grip-handle,Brand:Columbia Tools; Part Number:FA302; Model:FA302; Tool Groups:180 Grip Box Handle; Condition:New,,
FA320,"1/4-28-3/8"" Socket Set Screw",Columbia Tools,Drywall Finishing Tools > Parts,FA320,,2.00,,,https://drywalltoolbox.com/product/columbia-fa320-socket-set-screw-hydra-reach,Brand:Columbia Tools; Part Number:FA320; Model:FA320; Tool Groups:Hydra-Reach Box Handle; Condition:New,,
HFFB14-8,"Flat Box Hinged Door Gasket - 8""",Columbia Tools,Drywall Finishing Tools > Parts,HFFB14,,16.50,HFFB14,"8""",https://drywalltoolbox.com/product/columbia-8-inch-flat-box-hinged-door-gasket-hffb14-8,Brand:Columbia Tools; Part Number:HFFB14-8; Model:HFFB14; Tool Groups:Flat Finishing Box; Condition:New,,
HFFB14-10,"Flat Box Hinged Door Gasket - 10""",Columbia Tools,Drywall Finishing Tools > Parts,HFFB14,,42.00,HFFB14,"10""",https://drywalltoolbox.com/product/columbia-10-inch-flat-box-hinged-door-gasket-hffb14-10,Brand:Columbia Tools; Part Number:HFFB14-10; Model:HFFB14; Tool Groups:Flat Finishing Box; Condition:New,,
HFFB14-12,"Flat Box Hinged Door Gasket - 12""",Columbia Tools,Drywall Finishing Tools > Parts,HFFB14,,42.00,HFFB14,"12""",https://drywalltoolbox.com/product/columbia-tools-flat-box-hinged-door-gasket-12,Brand:Columbia Tools; Part Number:HFFB14-12; Model:HFFB14; Tool Groups:Flat Finishing Box; Condition:New,,
HFFB14-14,"Flat Box Hinged Door Gasket - 14""",Columbia Tools,Drywall Finishing Tools > Parts,HFFB14,,42.00,HFFB14,"14""",https://drywalltoolbox.com/product/columbia-tools-flat-box-hinged-door-gasket-14,Brand:Columbia Tools; Part Number:HFFB14-14; Model:HFFB14; Tool Groups:Flat Finishing Box; Condition:New,,
FFB25-10,"Rubber Gasket Retainer - 10""",Columbia Tools,Drywall Finishing Tools > Parts,FFB25,,24.95,FFB25,"10""",https://drywalltoolbox.com/product/columbia-tools-rubber-gasket-retainer-10-ffb25-10,Brand:Columbia Tools; Part Number:FFB25-10; Model:FFB25; Tool Groups:Flat Finishing Box; Condition:New,,
FFB25-12,"Rubber Gasket Retainer - 12""",Columbia Tools,Drywall Finishing Tools > Parts,FFB25,,28.50,FFB25,"12""",https://drywalltoolbox.com/product/columbia-tools-rubber-gasket-retainer-12-ffb25-12,Brand:Columbia Tools; Part Number:FFB25-12; Model:FFB25; Tool Groups:Flat Finishing Box; Condition:New,,
AH3-2,"Top Blade - 2""",Columbia Tools,Drywall Finishing Tools > Parts,AH3,,38.95,AH3,"2""",https://drywalltoolbox.com/product/columbia-tools-top-blade-2-inch-ah3-2,Brand:Columbia Tools; Part Number:AH3-2; Model:AH3; Tool Groups:Angle Head; Condition:New,,
AH3-2.5,"Top Blade - 2.5""",Columbia Tools,Drywall Finishing Tools > Parts,AH3,,25.00,AH3,"2.5""",https://drywalltoolbox.com/product/columbia-tools-top-blade-2-5-ah3-2-5,Brand:Columbia Tools; Part Number:AH3-2.5; Model:AH3; Tool Groups:Angle Head; Condition:New,,
AH3-3,"Top Blade - 3""",Columbia Tools,Drywall Finishing Tools > Parts,AH3,,44.95,AH3,"3""",https://drywalltoolbox.com/product/columbia-tools-top-blade-3-ah3-3,Brand:Columbia Tools; Part Number:AH3-3; Model:AH3; Tool Groups:Angle Head; Condition:New,,
AH3-3.5,"Top Blade - 3.5""",Columbia Tools,Drywall Finishing Tools > Parts,AH3,,25.00,AH3,"3.5""",https://drywalltoolbox.com/product/columbia-tools-top-blade-3-5-ah3-3-5,Brand:Columbia Tools; Part Number:AH3-3.5; Model:AH3; Tool Groups:Angle Head; Condition:New,,
FA380,"1/8"" SS E-Clip",Columbia Tools,Drywall Finishing Tools > Parts,FA380,,2.95,,,https://drywalltoolbox.com/product/columbia-tools-fa380-1-8-ss-e-clip,Brand:Columbia Tools; Part Number:FA380; Model:FA380; Tool Groups:Matrix Handle; Condition:New,,
FA225,"1/8"" x 3/8"" Rivet Shoulder Washer",Columbia Tools,Drywall Finishing Tools > Parts,FA225,,2.05,,,https://drywalltoolbox.com/product/columbia-tools-fa225-rivet-shoulder-washer,Brand:Columbia Tools; Part Number:FA225; Model:FA225; Tool Groups:Automatic Taper Body; Condition:New,,
FA224,"1/8"" x 3/8"" Split Pin",Columbia Tools,Drywall Finishing Tools > Parts,FA224,,1.95,,,https://drywalltoolbox.com/product/columbia-tools-fa224-split-pin-1-8-x-3-8,Brand:Columbia Tools; Part Number:FA224; Model:FA224; Tool Groups:Automatic Taper Head; Condition:New,,
FA271,10-24 Nyloc Nut,Columbia Tools,Drywall Finishing Tools > Parts,FA271,,2.00,,,https://drywalltoolbox.com/product/columbia-10-24-nyloc-nut-fa271,"Brand:Columbia Tools; Part Number:FA271; Model:FA271; Tool Groups:Flat Finishing Box, Hot Mud Pump, Hinged Nailspotter; Condition:New",,
FA272,10-24 Wing Nut,Columbia Tools,Drywall Finishing Tools > Parts,FA272,,2.00,,,https://drywalltoolbox.com/product/columbia-tools-10-24-wing-nut-fa272,Brand:Columbia Tools; Part Number:FA272; Model:FA272; Tool Groups:Flat Finishing Box; Condition:New,,
FA273,"10-24 x 1"" Hex Bolt",Columbia Tools,Drywall Finishing Tools > Parts,FA273,,3.25,,,https://drywalltoolbox.com/product/columbia-tools-hot-mud-pump-hex-bolt-fa273,Brand:Columbia Tools; Part Number:FA273; Model:FA273; Tool Groups:Hot Mud Pump; Condition:New,,
FA312,"10-24 X 1/4"" Socket Hand Set",Columbia Tools,Drywall Finishing Tools > Parts,FA312,,2.85,,,https://drywalltoolbox.com/product/columbia-tools-10-24-x-1-4-socket-hand-set-fa312,"Brand:Columbia Tools; Part Number:FA312; Model:FA312; Tool Groups:180 Grip Box Handle, Hydra-Reach Box Handle; Condition:New",,
FA274,"10-24 x 3/8"" Socket",Columbia Tools,Drywall Finishing Tools > Parts,FA274,,2.65,,,https://drywalltoolbox.com/product/columbia-tools-fa274-10-24-x-3-8-socket,Brand:Columbia Tools; Part Number:FA274; Model:FA274; Tool Groups:Hot Mud Pump; Condition:New,,
FA275,"10-24 x 7/8"" Hex Bolt",Columbia Tools,Drywall Finishing Tools > Parts,FA275,,3.15,,,https://drywalltoolbox.com/product/columbia-tools-fa275-10-24-hex-bolt-7-8,Brand:Columbia Tools; Part Number:FA275; Model:FA275; Tool Groups:Flat Finishing Box; Condition:New,,
FA276,"10-24 x 7/8"" Pan Slot",Columbia Tools,Drywall Finishing Tools > Parts,FA276,,3.35,,,https://drywalltoolbox.com/product/columbia-tools-10-24-7-8-pan-slot-fa276,Brand:Columbia Tools; Part Number:FA276; Model:FA276; Tool Groups:180 Grip Box Handle; Condition:New,,
FA316,"10-32 X 1/2"" Flat Socket Head",Columbia Tools,Drywall Finishing Tools > Parts,FA316,,2.00,,,https://drywalltoolbox.com/product/columbia-tools-fa316-10-32-1-2-flat-socket-head,Brand:Columbia Tools; Part Number:FA316; Model:FA316; Tool Groups:Hydra-Reach Box Handle; Condition:New,,
FA382,"10-32 x 1/4"" SS Set Screw",Columbia Tools,Drywall Finishing Tools > Parts,FA382,,1.00,,,https://drywalltoolbox.com/product/columbia-tools-10-32-x-1-4-ss-set-screw-fa382,Brand:Columbia Tools; Part Number:FA382; Model:FA382; Tool Groups:Matrix Handle; Condition:New,,
FA199,"2-56 x 3/16"" Binder Slot",Columbia Tools,Drywall Finishing Tools > Parts,FA199,,1.00,,,https://drywalltoolbox.com/product/columbia-tools-automatic-taper-head-binder-slot-fa199,Brand:Columbia Tools; Part Number:FA199; Model:FA199; Tool Groups:Automatic Taper Head; Condition:New,,
FA365,"3/16 x 1"" Sping Pin SS",Columbia Tools,Drywall Finishing Tools > Parts,FA365,,3.00,,,https://drywalltoolbox.com/product/columbia-3-16-x-1-ss-spring-pin-fa365,Brand:Columbia Tools; Part Number:FA365; Model:FA365; Tool Groups:Matrix Handle; Condition:New,,
FA206,4-40 Hex Nut,Columbia Tools,Drywall Finishing Tools > Parts,FA206,,2.00,,,https://drywalltoolbox.com/product/columbia-tools-4-40-hex-nut-fa206,Brand:Columbia Tools; Part Number:FA206; Model:FA206; Tool Groups:Automatic Taper Head; Condition:New,,
FA207,4-40 Nyloc Nut,Columbia Tools,Drywall Finishing Tools > Parts,FA207,,2.50,,,https://drywalltoolbox.com/product/columbia-tools-4-40-nyloc-nut-fa207,"Brand:Columbia Tools; Part Number:FA207; Model:FA207; Tool Groups:Automatic Taper Head, Automatic Taper Body; Condition:New",,
FA219,"4-40 x 1/2"" Fillister Slot",Columbia Tools,Drywall Finishing Tools > Parts,FA219,,1.00,,,https://drywalltoolbox.com/product/columbia-tools-4-40-x-1-2-fillister-slot-fa219,"Brand:Columbia Tools; Part Number:FA219; Model:FA219; Tool Groups:Automatic Taper Head, Corner Flusher Box, Automatic Taper Body; Condition:New",,
FA213,"4-40 x 1/4"" Binder Slot",Columbia Tools,Drywall Finishing Tools > Parts,FA213,,1.00,,,https://drywalltoolbox.com/product/columbia-4-40-x-1-4-binder-slot-fa213,"Brand:Columbia Tools; Part Number:FA213; Model:FA213; Tool Groups:Automatic Taper Head, Corner Flusher Box; Condition:New",,
FA214,"4-40 x 1/4"" Flat Slot",Columbia Tools,Drywall Finishing Tools > Parts,FA214,,1.00,,,https://drywalltoolbox.com/product/columbia-tools-fa214-4-40-1-4-flat-slot-screw,Brand:Columbia Tools; Part Number:FA214; Model:FA214; Tool Groups:Automatic Taper Head; Condition:New,,
FA2,"4-40 x 1/8"" Binder Slot",Columbia Tools,Drywall Finishing Tools > Parts,FA208,,1.65,,,https://drywalltoolbox.com/product/columbia-tools-4-40-1-8-binder-slot-fa208,"Brand:Columbia Tools; Part Number:FA208; Model:FA208; Tool Groups:Automatic Taper Head, Automatic Taper Body; Condition:New",,
FA210,"4-40 x 3/16"" Binder Slot",Columbia Tools,Drywall Finishing Tools > Parts,FA210,,1.00,,,https://drywalltoolbox.com/product/columbia-tools-fa210-binder-slot-4-40-3-16,Brand:Columbia Tools; Part Number:FA210; Model:FA210; Tool Groups:Automatic Taper Head; Condition:New,,
FA212,"4-40 x 3/16"" Truss Slot",Columbia Tools,Drywall Finishing Tools > Parts,FA212,,1.00,,,https://drywalltoolbox.com/product/columbia-tools-4-40-3-16-truss-slot-screw-fa212,Brand:Columbia Tools; Part Number:FA212; Model:FA212; Tool Groups:Automatic Taper Head; Condition:New,,
FA220,"4-40 x 3/4"" Hex Bolt",Columbia Tools,Drywall Finishing Tools > Parts,FA220,,2.35,,,https://drywalltoolbox.com/product/columbia-tools-fa220-4-40-3-4-hex-bolt,"Brand:Columbia Tools; Part Number:FA220; Model:FA220; Tool Groups:Automatic Taper Head, Automatic Taper Body; Condition:New",,
FA218,"4-40 x 3/8"" Flat Slot",Columbia Tools,Drywall Finishing Tools > Parts,FA218,,1.00,,,https://drywalltoolbox.com/product/columbia-tools-fa218-4-40-3-8-flat-slot-screw,Brand:Columbia Tools; Part Number:FA218; Model:FA218; Tool Groups:Hinged Nailspotter; Condition:New,,
FA216,4-40 X 3/8” Fillister Slot,Columbia Tools,Drywall Finishing Tools > Parts,FA216,,2.00,,,https://drywalltoolbox.com/product/columbia-tools-fa216-4-40-3-8-fillister-slot-screw,Brand:Columbia Tools; Part Number:FA216; Model:FA216; Tool Groups:Flat Finishing Box; Condition:New,,
FA215,"4-40 x 5/16"" Binder Slot",Columbia Tools,Drywall Finishing Tools > Parts,FA215,,1.95,,,https://drywalltoolbox.com/product/columbia-tools-4-40-5-16-binder-slot-fa215,Brand:Columbia Tools; Part Number:FA215; Model:FA215; Tool Groups:Automatic Taper Head; Condition:New,,
FA303,5-16 Flat Washer,Columbia Tools,Drywall Finishing Tools > Parts,FA303,,3.00,,,https://drywalltoolbox.com/product/columbia-tools-fa303-5-16-flat-washer,Brand:Columbia Tools; Part Number:FA303; Model:FA303; Tool Groups:Hot Mud Pump; Condition:New,,
FA307,5-16 x 24 Jam Nut,Columbia Tools,Drywall Finishing Tools > Parts,FA307,,3.00,,,https://drywalltoolbox.com/product/columbia-tools-hot-mud-pump-jam-nut-fa307,Brand:Columbia Tools; Part Number:FA307; Model:FA307; Tool Groups:Hot Mud Pump; Condition:New,,
FA305,"5/16 -18 x 3/4"" Hex Bolt",Columbia Tools,Drywall Finishing Tools > Parts,FA305,,4.15,,,https://drywalltoolbox.com/product/columbia-tools-fa305-hex-bolt-5-16-18-x-3-4,Brand:Columbia Tools; Part Number:FA305; Model:FA305; Tool Groups:Hot Mud Pump; Condition:New,,
FA306,"5/16-18 x 1 1/4"" Hex Bolt",Columbia Tools,Drywall Finishing Tools > Parts,FA306,,3.45,,,https://drywalltoolbox.com/product/columbia-tools-fa306-hex-bolt-5-16-18-1-1-4,Brand:Columbia Tools; Part Number:FA306; Model:FA306; Tool Groups:Hot Mud Pump; Condition:New,,
CFB10,"5/16-18 x 3/4"" Thumb Screw",Columbia Tools,Drywall Finishing Tools > Parts,CFB10,,6.00,,,https://drywalltoolbox.com/product/columbia-thumb-screw-5-16-18-x-3-4-cfb10,Brand:Columbia Tools; Part Number:CFB10; Model:CFB10; Tool Groups:Corner Flusher Box; Condition:New,,
FA317,"5/32"" x 7/8"" Roll Pin",Columbia Tools,Drywall Finishing Tools > Parts,FA317,,2.00,,,https://drywalltoolbox.com/product/columbia-tools-fa317-5-32-x-7-8-roll-pin,Brand:Columbia Tools; Part Number:FA317; Model:FA317; Tool Groups:Matrix Handle; Condition:New,,
FA232,6-32 Hex Nut,Columbia Tools,Drywall Finishing Tools > Parts,FA232,,1.75,,,https://drywalltoolbox.com/product/columbia-tools-6-32-hex-nut-fa232,"Brand:Columbia Tools; Part Number:FA232; Model:FA232; Tool Groups:Flat Finishing Box, Corner Flusher Box; Condition:New",,
FA234,6-32 Nyloc Jam Nut,Columbia Tools,Drywall Finishing Tools > Parts,FA234,,2.65,,,https://drywalltoolbox.com/product/columbia-tools-6-32-nyloc-jam-nut-fa234,Brand:Columbia Tools; Part Number:FA234; Model:FA234; Tool Groups:Automatic Taper Head; Condition:New,,
FA233,6-32 Nyloc Nut,Columbia Tools,Drywall Finishing Tools > Parts,FA233,,2.00,,,https://drywalltoolbox.com/product/columbia-tools-6-32-nyloc-nut-fa233,"Brand:Columbia Tools; Part Number:FA233; Model:FA233; Tool Groups:Flat Finishing Box, Automatic Taper Head; Condition:New",,
FA245,"6-32 x 1/2"" Fillister Slot",Columbia Tools,Drywall Finishing Tools > Parts,FA245,,2.15,,,https://drywalltoolbox.com/product/columbia-fa245-6-32-1-2-fillister-slot-screw,"Brand:Columbia Tools; Part Number:FA245; Model:FA245; Tool Groups:Automatic Taper Head, Angle Head; Condition:New",,
FA244,"6-32 x 1/2"" Pan Slot",Columbia Tools,Drywall Finishing Tools > Parts,FA244,,1.00,,,https://drywalltoolbox.com/product/columbia-6-32-x-1-2-pan-slot-fa244,Brand:Columbia Tools; Part Number:FA244; Model:FA244; Tool Groups:Automatic Taper Head; Condition:New,,
FFB11-8,"Adjuster Spring - 8""",Columbia Tools,Drywall Finishing Tools > Parts,FFB11-8,,8.00,FFB11,"8""",https://drywalltoolbox.com/product/columbia-tools-adjuster-spring-8-ffb11-8,"Brand:Columbia Tools; Part Number:FFB11-8; Model:FFB11; Tool Groups:Flat Finishing Box; Size:8""; Condition:New",,
FFB11-10,"Adjuster Spring - 10""",Columbia Tools,Drywall Finishing Tools > Parts,FFB11-10,,8.00,FFB11,"10""",https://drywalltoolbox.com/product/columbia-tools-adjuster-spring-10-ffb11-10,"Brand:Columbia Tools; Part Number:FFB11-10; Model:FFB11; Tool Groups:Flat Finishing Box; Size:10""; Condition:New",,
FFB11-12,"Adjuster Spring - 12""",Columbia Tools,Drywall Finishing Tools > Parts,FFB11-12,,8.00,FFB11,"12""",https://drywalltoolbox.com/product/columbia-tools-adjuster-spring-12-ffb11-12,"Brand:Columbia Tools; Part Number:FFB11-12; Model:FFB11; Tool Groups:Flat Finishing Box; Size:12""; Condition:New",,
FA239,"6-32 X 1/4"" Binder Slot",Columbia Tools,Drywall Finishing Tools > Parts,FA239,,1.00,,,https://drywalltoolbox.com/product/columbia-tools-fa239-6-32-1-4-binder-slot,"Brand:Columbia Tools; Part Number:FA239; Model:FA239; Tool Groups:Flat Finishing Box, Automatic Taper Head, Automatic Taper Body; Condition:New",,
FA227,"6-32 X 1/4"" Flat Slot",Columbia Tools,Drywall Finishing Tools > Parts,FA227,,2.00,,,https://drywalltoolbox.com/product/columbia-tools-angle-head-screw-fa227,Brand:Columbia Tools; Part Number:FA227; Model:FA227; Tool Groups:Angle Head; Condition:New,,
FA236,"6-32 X 1/8"" Binder Slot",Columbia Tools,Drywall Finishing Tools > Parts,FA236,,1.00,,,https://drywalltoolbox.com/product/columbia-tools-6-32-x-1-8-binder-slot-fa236,Brand:Columbia Tools; Part Number:FA236; Model:FA236; Tool Groups:Angle Head; Condition:New,,
FA235,"6-32 X 1/8"" Set Screw",Columbia Tools,Drywall Finishing Tools > Parts,FA235,,2.00,,,https://drywalltoolbox.com/product/columbia-tools-6-32-x-1-8-set-screw-fa235,Brand:Columbia Tools; Part Number:FA235; Model:FA235; Tool Groups:Angle Head; Condition:New,,
FA237,"6-32 x 3/16"" Binder Slot",Columbia Tools,Drywall Finishing Tools > Parts,FA237,,1.00,,,https://drywalltoolbox.com/product/columbia-fa237-6-32-3-16-binder-slot,Brand:Columbia Tools; Part Number:FA237; Model:FA237; Tool Groups:Matrix Handle; Condition:New,,
FA238,"6-32 X 3/16"" Fillister Slot",Columbia Tools,Drywall Finishing Tools > Parts,FA238,,2.00,,,https://drywalltoolbox.com/product/columbia-tools-6-32-x-3-16-fillister-slot-fa238,"Brand:Columbia Tools; Part Number:FA238; Model:FA238; Tool Groups:Flat Finishing Box, Automatic Taper Head, Corner Flusher Box; Condition:New",,
FA241,"6-32 X 3/8"" Binder Slot",Columbia Tools,Drywall Finishing Tools > Parts,FA241,,1.00,,,https://drywalltoolbox.com/product/columbia-tools-fa241-binder-slot-6-32-x-3-8,"Brand:Columbia Tools; Part Number:FA241; Model:FA241; Tool Groups:Flat Finishing Box, Automatic Taper Head, Hinged Nailspotter, Corner Flusher Box; Condition:New",,
FA243,"6-32 x 3/8"" Flat Slot",Columbia Tools,Drywall Finishing Tools > Parts,FA243,,1.00,,,https://drywalltoolbox.com/product/columbia-tools-fa243-6-32-flat-slot-screw,Brand:Columbia Tools; Part Number:FA243; Model:FA243; Tool Groups:Automatic Taper Head; Condition:New,,
FA231,"6-32 x 3/8"" Hex Bolt",Columbia Tools,Drywall Finishing Tools > Parts,FA231,,2.25,,,https://drywalltoolbox.com/product/columbia-tools-fa231-6-32-hex-bolt,"Brand:Columbia Tools; Part Number:FA231; Model:FA231; Tool Groups:Flat Finishing Box, Hinged Nailspotter, Corner Flusher Box; Condition:New",,
FA247,"6-32 X 5/8"" Hex Bolt",Columbia Tools,Drywall Finishing Tools > Parts,FA247,,2.45,,,https://drywalltoolbox.com/product/columbia-tools-6-32-x-5-8-hex-bolt-fa247,"Brand:Columbia Tools; Part Number:FA247; Model:FA247; Tool Groups:Flat Finishing Box, Hinged Nailspotter, Corner Flusher Box; Condition:New",,
FA254,8-32 Nyloc Nut,Columbia Tools,Drywall Finishing Tools > Parts,FA254,,2.00,,,https://drywalltoolbox.com/product/columbia-tools-8-32-nyloc-nut-fa254,"Brand:Columbia Tools; Part Number:FA254; Model:FA254; Tool Groups:Automatic Taper Head, Hinged Nailspotter; Condition:New",,
FA267,"8-32 x 1 1/2"" Pan Slot",Columbia Tools,Drywall Finishing Tools > Parts,FA267,,2.85,,,https://drywalltoolbox.com/product/columbia-tools-8-32-x-1-1-2-pan-slot-fa267,Brand:Columbia Tools; Part Number:FA267; Model:FA267; Tool Groups:Automatic Taper Head; Condition:New,,
FA262,"8-32 x 1/2"" Socket",Columbia Tools,Drywall Finishing Tools > Parts,FA262,,2.95,,,https://drywalltoolbox.com/product/columbia-tools-8-32-x-1-2-socket-fa262,"Brand:Columbia Tools; Part Number:FA262; Model:FA262; Tool Groups:Corner Flusher Box, Corner Roller; Condition:New",,
FA257,"8-32 x 1/4"" Fillister Slot",Columbia Tools,Drywall Finishing Tools > Parts,FA257,,1.00,,,https://drywalltoolbox.com/product/columbia-tools-8-32-x-1-4-fillister-slot-screw-fa257,"Brand:Columbia Tools; Part Number:FA257; Model:FA257; Tool Groups:Automatic Taper Head, 180 Grip Box Handle; Condition:New",,
FA256,"8-32 X 3/16"" Pan Slot",Columbia Tools,Drywall Finishing Tools > Parts,FA256,,2.15,,,https://drywalltoolbox.com/product/columbia-tools-8-32-x-3-16-pan-slot-screw-fa256,"Brand:Columbia Tools; Part Number:FA256; Model:FA256; Tool Groups:Hot Mud Pump, Matrix Handle, Hydra-Reach Box Handle; Condition:New",,
FA265,"8-32 x 3/4"" Truss Slot",Columbia Tools,Drywall Finishing Tools > Parts,FA265,,1.00,,,https://drywalltoolbox.com/product/columbia-tools-8-32-x-3-4-truss-slot-fa265,"Brand:Columbia Tools; Part Number:FA265; Model:FA265; Tool Groups:Automatic Taper Head, 180 Grip Box Handle; Condition:New",,
FA260,"8-32 x 3/8"" Pan Slot",Columbia Tools,Drywall Finishing Tools > Parts,FA260,,1.00,,,https://drywalltoolbox.com/product/columbia-tools-8-32-x-3-8-pan-slot-screw-fa260,"Brand:Columbia Tools; Part Number:FA260; Model:FA260; Tool Groups:Hot Mud Pump, Hinged Nailspotter, 180 Grip Box Handle; Condition:New",,
FA261,"8-32 X 3/8"" Socket Screw",Columbia Tools,Drywall Finishing Tools > Parts,FA261,,2.75,,,https://drywalltoolbox.com/product/columbia-tools-8-32-x-3-8-socket-screw-fa261,Brand:Columbia Tools; Part Number:FA261; Model:FA261; Tool Groups:Corner Flusher Box; Condition:New,,
FA376,8-32 x 5/16 SS Socket Head,Columbia Tools,Drywall Finishing Tools > Parts,FA376,,2.00,,,https://drywalltoolbox.com/product/columbia-tools-8-32-x-5-16-ss-socket-head-fa376,Brand:Columbia Tools; Part Number:FA376; Model:FA376; Tool Groups:Matrix Handle; Condition:New,,
FA264,"8-32 x 5/8"" Truss Slot",Columbia Tools,Drywall Finishing Tools > Parts,FA264,,1.00,,,https://drywalltoolbox.com/product/columbia-tools-8-32-x-5-8-truss-slot-fa264,Brand:Columbia Tools; Part Number:FA264; Model:FA264; Tool Groups:Automatic Taper Head; Condition:New,,
FA258,8-32X 1/4 Half Dog Set,Columbia Tools,Drywall Finishing Tools > Parts,FA258,,2.00,,,https://drywalltoolbox.com/product/columbia-tools-8-32x-1-4-half-dog-set-fa258,"Brand:Columbia Tools; Part Number:FA258; Model:FA258; Tool Groups:Flat Finishing Box, Automatic Taper Head, Angle Head, Matrix Handle, Corner Flusher Box; Condition:New",,
FA249,"8-32X3/16"" Set Screw",Columbia Tools,Drywall Finishing Tools > Parts,FA249,,2.00,,,https://drywalltoolbox.com/product/columbia-tools-8-32x3-16-set-screw-fa249,"Brand:Columbia Tools; Part Number:FA249; Model:FA249; Tool Groups:Hot Mud Pump, Automatic Taper Body; Condition:New",,
FFB5-7,"Axle - 7""",Columbia Tools,Drywall Finishing Tools > Parts,FFB5-7,,44.00,FFB5,"7""",https://drywalltoolbox.com/product/columbia-tools-axle-7-ffb5-7,"Brand:Columbia Tools; Part Number:FFB5-7; Model:FFB5; Tool Groups:Flat Finishing Box; Size:7""; Condition:New",,
FFB5-8,"Axle - 8""",Columbia Tools,Drywall Finishing Tools > Parts,FFB5-8,,44.00,FFB5,"8""",https://drywalltoolbox.com/product/columbia-tools-axle-8-ffb5-8,"Brand:Columbia Tools; Part Number:FFB5-8; Model:FFB5; Tool Groups:Flat Finishing Box; Size:8""; Condition:New",,
FFB5-10,"Axle - 10""",Columbia Tools,Drywall Finishing Tools > Parts,FFB5-10,,44.00,FFB5,"10""",https://drywalltoolbox.com/product/columbia-tools-ffb5-10-axle-10-inch,"Brand:Columbia Tools; Part Number:FFB5-10; Model:FFB5; Tool Groups:Flat Finishing Box; Size:10""; Condition:New",,
FFB5-12,"Axle - 12""",Columbia Tools,Drywall Finishing Tools > Parts,FFB5-12,,44.00,FFB5,"12""",https://drywalltoolbox.com/product/columbia-tools-axle-12-ffb5-12,"Brand:Columbia Tools; Part Number:FFB5-12; Model:FFB5; Tool Groups:Flat Finishing Box; Size:12""; Condition:New",,
FFB5-14,"Axle - 14""",Columbia Tools,Drywall Finishing Tools > Parts,FFB5-14,,44.00,FFB5,"14""",https://drywalltoolbox.com/product/columbia-tools-axle-14-ffb5-14,"Brand:Columbia Tools; Part Number:FFB5-14; Model:FFB5; Tool Groups:Flat Finishing Box; Size:14""; Condition:New",,
FFB9-5.5,"Blade - 5.5""",Columbia Tools,Drywall Finishing Tools > Parts,FFB9-5.5,,18.75,FFB9,"5.5""",https://drywalltoolbox.com/product/columbia-tools-blade-5-5-ffb9-5-5,"Brand:Columbia Tools; Part Number:FFB9-5.5; Model:FFB9; Tool Groups:Flat Finishing Box; Size:5.5""; Condition:New",,
FFB9-7,"Blade - 7""",Columbia Tools,Drywall Finishing Tools > Parts,FFB9-7,,22.50,FFB9,"7""",https://drywalltoolbox.com/product/columbia-tools-7-inch-flat-box-blade-ffb9-7,"Brand:Columbia Tools; Part Number:FFB9-7; Model:FFB9; Tool Groups:Flat Finishing Box; Size:7""; Condition:New",,
FFB9-8,"Blade - 8""",Columbia Tools,Drywall Finishing Tools > Parts,FFB9-8,,24.95,FFB9,"8""",https://drywalltoolbox.com/product/columbia-tools-blade-8-ffb9-8,"Brand:Columbia Tools; Part Number:FFB9-8; Model:FFB9; Tool Groups:Flat Finishing Box; Size:8""; Condition:New",,
FFB9-10,"Blade - 10""",Columbia Tools,Drywall Finishing Tools > Parts,FFB9-10,,28.95,FFB9,"10""",https://drywalltoolbox.com/product/columbia-tools-ffb9-10-blade-10-inch,"Brand:Columbia Tools; Part Number:FFB9-10; Model:FFB9; Tool Groups:Flat Finishing Box; Size:10""; Condition:New",,
FFB9-12,"Blade - 12""",Columbia Tools,Drywall Finishing Tools > Parts,FFB9-12,,32.50,FFB9,"12""",https://drywalltoolbox.com/product/columbia-tools-12-inch-flat-box-blade-ffb9-12,"Brand:Columbia Tools; Part Number:FFB9-12; Model:FFB9; Tool Groups:Flat Finishing Box; Size:12""; Condition:New",,
FFB9-14,"Blade - 14""",Columbia Tools,Drywall Finishing Tools > Parts,FFB9-14,,36.95,FFB9,"14""",https://drywalltoolbox.com/product/columbia-tools-ffb9-14-blade-14-inch,"Brand:Columbia Tools; Part Number:FFB9-14; Model:FFB9; Tool Groups:Flat Finishing Box; Size:14""; Condition:New",,
HNS7-2,"Blade - 2""",Columbia Tools,Drywall Finishing Tools > Parts,HNS7-2,,23.00,HNS7,"2""",https://drywalltoolbox.com/product/columbia-tools-hinged-nailspotter-blade-2-inch-hns7-2,"Brand:Columbia Tools; Part Number:HNS7-2; Model:HNS7; Tool Groups:Hinged Nailspotter; Size:2""; Condition:New",,
HNS7-3,"Blade - 3""",Columbia Tools,Drywall Finishing Tools > Parts,HNS7-3,,23.00,HNS7,"3""",https://drywalltoolbox.com/product/columbia-tools-hinged-nailspotter-blade-3-inch-hns7-3,"Brand:Columbia Tools; Part Number:HNS7-3; Model:HNS7; Tool Groups:Hinged Nailspotter; Size:3""; Condition:New",,
FFB5A,Axel Bushing,Columbia Tools,Drywall Finishing Tools > Parts,FFB5A,,3.00,,,https://drywalltoolbox.com/product/columbia-tools-axel-bushing-ffb5a,Brand:Columbia Tools; Part Number:FFB5A; Model:FFB5A; Tool Groups:Flat Finishing Box; Condition:New,,
MP32,Backing Washer Locator,Columbia Tools,Drywall Finishing Tools > Parts,MP32,,18.95,,,https://drywalltoolbox.com/product/columbia-tools-backing-washer-locator-mp32,Brand:Columbia Tools; Part Number:MP32; Model:MP32; Tool Groups:Hot Mud Pump; Condition:New,,
FFB8,Bar Retainer Clip,Columbia Tools,Drywall Finishing Tools > Parts,FFB8,,2.00,,,https://drywalltoolbox.com/product/columbia-tools-bar-retainer-clip-ffb8,Brand:Columbia Tools; Part Number:FFB8; Model:FFB8; Tool Groups:Flat Finishing Box; Condition:New,,
CT103,Barrel- Main Body,Columbia Tools,Drywall Finishing Tools > Parts,CT103,,112.50,,,https://drywalltoolbox.com/product/columbia-tools-barrel-main-body-ct103,Brand:Columbia Tools; Part Number:CT103; Model:CT103; Tool Groups:Automatic Taper Body; Condition:New,,
CT125A,Bearing,Columbia Tools,Drywall Finishing Tools > Parts,CT125A,,19.95,,,https://drywalltoolbox.com/product/columbia-tools-bearing-ct125a,Brand:Columbia Tools; Part Number:CT125A; Model:CT125A; Tool Groups:Automatic Taper Body; Condition:New,,
BH24A,Bearing Sleeve,Columbia Tools,Drywall Finishing Tools > Parts,BH24A,,4.00,,,https://drywalltoolbox.com/product/columbia-tools-bearing-sleeve-bh24a,Brand:Columbia Tools; Part Number:BH24A; Model:BH24A; Tool Groups:180 Grip Box Handle; Condition:New,,
CFB16,Bearing Sleeve,Columbia Tools,Drywall Finishing Tools > Parts,CFB16,,18.75,,,https://drywalltoolbox.com/product/columbia-tools-bearing-sleeve-cfb16,Brand:Columbia Tools; Part Number:CFB16; Model:CFB16; Tool Groups:Corner Flusher Box; Condition:New,,
CR-3,Bearing Sleeve,Columbia Tools,Drywall Finishing Tools > Parts,CR3,,19.99,,,https://drywalltoolbox.com/product/columbia-tools-cr-3-bearing-sleeve,Brand:Columbia Tools; Part Number:CR-3; Model:CR3; Tool Groups:Corner Roller; Condition:New,,
HNS8-2,"Blade Holder - 2""",Columbia Tools,Drywall Finishing Tools > Parts,HNS8-2,,33.00,HNS8,"2""",https://drywalltoolbox.com/product/columbia-tools-blade-holder-2-hns8-2,"Brand:Columbia Tools; Part Number:HNS8-2; Model:HNS8; Tool Groups:Hinged Nailspotter; Size:2""; Condition:New",,
HNS8-3,"Blade Holder - 3""",Columbia Tools,Drywall Finishing Tools > Parts,HNS8-3,,33.00,HNS8,"3""",https://drywalltoolbox.com/product/columbia-tools-blade-holder-3-hns8-3,"Brand:Columbia Tools; Part Number:HNS8-3; Model:HNS8; Tool Groups:Hinged Nailspotter; Size:3""; Condition:New",,
AH9A,"Bottom Retainer Corner Clip - 3.5""",Columbia Tools,Drywall Finishing Tools > Parts,AH9A,,11.50,AH9-CLIP,"3.5""",https://drywalltoolbox.com/product/columbia-tools-bottom-retainer-corner-clip-3-5-ah9a,Brand:Columbia Tools; Part Number:AH9A; Model:AH9A; Tool Groups:Angle Head; Condition:New,,
AH9,Bottom Retainer Corner Clip - Standard,Columbia Tools,Drywall Finishing Tools > Parts,AH9,,10.00,AH9-CLIP,Standard,https://drywalltoolbox.com/product/columbia-tools-bottom-retainer-corner-clip-standard-ah9,Brand:Columbia Tools; Part Number:AH9; Model:AH9; Tool Groups:Angle Head; Condition:New,,
BH9-3,Brake Connecting Strap - 3',Columbia Tools,Drywall Finishing Tools > Parts,BH9-3,,27.00,BH9,3',https://drywalltoolbox.com/product/columbia-tools-brake-connecting-strap-3ft-bh9-3,Brand:Columbia Tools; Part Number:BH9-3; Model:BH9; Tool Groups:180 Grip Box Handle; Length:3'; Condition:New,,
BH9-42,"Brake Connecting Strap - 42""",Columbia Tools,Drywall Finishing Tools > Parts,BH9,,29.00,BH9,"42""",https://drywalltoolbox.com/product/columbia-brake-connecting-strap-42-bh9-42,Brand:Columbia Tools; Part Number:BH9-42; Model:BH9; Tool Groups:180 Grip Box Handle; Condition:New,,
BH9-4,Brake Connecting Strap - 4',Columbia Tools,Drywall Finishing Tools > Parts,BH9-4,,31.00,BH9,4',https://drywalltoolbox.com/product/columbia-tools-brake-connecting-strap-4ft-bh9-4,Brand:Columbia Tools; Part Number:BH9-4; Model:BH9; Tool Groups:180 Grip Box Handle; Length:4'; Condition:New,,
BH9-5,Brake Connecting Strap - 5',Columbia Tools,Drywall Finishing Tools > Parts,BH9-5,,33.00,BH9,5',https://drywalltoolbox.com/product/columbia-tools-brake-connecting-strap-5-foot-bh9-5,Brand:Columbia Tools; Part Number:BH9-5; Model:BH9; Tool Groups:180 Grip Box Handle; Length:5'; Condition:New,,
BH9-6,Brake Connecting Strap - 6',Columbia Tools,Drywall Finishing Tools > Parts,BH9-6,,35.00,BH9,6',https://drywalltoolbox.com/product/columbia-brake-connecting-strap-6-bh9-6,Brand:Columbia Tools; Part Number:BH9-6; Model:BH9; Tool Groups:180 Grip Box Handle; Length:6'; Condition:New,,
HH16A,Bleeder Screw,Columbia Tools,Drywall Finishing Tools > Parts,HH16A,,17.00,,,https://drywalltoolbox.com/product/columbia-tools-bleeder-screw-hh16a,Brand:Columbia Tools; Part Number:HH16A; Model:HH16A; Tool Groups:Hydra-Reach Box Handle; Condition:New,,
HH10B,Bottom Cap,Columbia Tools,Drywall Finishing Tools > Parts,HH10B,,2.00,,,https://drywalltoolbox.com/product/columbia-tools-hydra-reach-bottom-cap-hh10b,Brand:Columbia Tools; Part Number:HH10B; Model:HH10B; Tool Groups:Hydra-Reach Box Handle; Condition:New,,
CFB8,Box Mount,Columbia Tools,Drywall Finishing Tools > Parts,CFB8,,44.00,,,https://drywalltoolbox.com/product/columbia-tools-box-mount-cfb8,Brand:Columbia Tools; Part Number:CFB8; Model:CFB8; Tool Groups:Corner Flusher Box; Condition:New,,
FFB36,Box Wheel,Columbia Tools,Drywall Finishing Tools > Parts,FFB36,,5.00,,,https://drywalltoolbox.com/product/columbia-tools-box-wheel-ffb36,Brand:Columbia Tools; Part Number:FFB36; Model:FFB36; Tool Groups:Flat Finishing Box; Condition:New,,
CT87A,Bracket Brace,Columbia Tools,Drywall Finishing Tools > Parts,CT87A,,14.50,,,https://drywalltoolbox.com/product/columbia-tools-ct87a-bracket-brace,Brand:Columbia Tools; Part Number:CT87A; Model:CT87A; Tool Groups:Automatic Taper Head; Condition:New,,
HH7,Brake,Columbia Tools,Drywall Finishing Tools > Parts,HH7,,22.00,,,https://drywalltoolbox.com/product/columbia-tools-brake-hh7-hydra-reach,Brand:Columbia Tools; Part Number:HH7; Model:HH7; Tool Groups:Hydra-Reach Box Handle; Condition:New,,
MH9A,Brake Activation Rod,Columbia Tools,Drywall Finishing Tools > Parts,MH9A,,24.00,,,https://drywalltoolbox.com/product/columbia-tools-brake-activation-rod-mh9a,Brand:Columbia Tools; Part Number:MH9A; Model:MH9A; Tool Groups:Matrix Handle; Condition:New,,
CT16,Brake Dog,Columbia Tools,Drywall Finishing Tools > Parts,CT16,,15.00,,,https://drywalltoolbox.com/product/columbia-tools-automatic-taper-brake-dog-ct16,Brand:Columbia Tools; Part Number:CT16; Model:CT16; Tool Groups:Automatic Taper Head; Condition:New,,
HH13,Brake Pin,Columbia Tools,Drywall Finishing Tools > Parts,HH13,,16.00,,,https://drywalltoolbox.com/product/columbia-tools-brake-pin-hh13,Brand:Columbia Tools; Part Number:HH13; Model:HH13; Tool Groups:Hydra-Reach Box Handle; Condition:New,,
HH14,Brake Piston,Columbia Tools,Drywall Finishing Tools > Parts,HH14,,17.00,,,https://drywalltoolbox.com/product/columbia-hh14-brake-piston-hydra-reach,Brand:Columbia Tools; Part Number:HH14; Model:HH14; Tool Groups:Hydra-Reach Box Handle; Condition:New,,
MH8,Brake Rod Bushing,Columbia Tools,Drywall Finishing Tools > Parts,MH8,,8.00,,,https://drywalltoolbox.com/product/columbia-tools-mh8-brake-rod-bushing,Brand:Columbia Tools; Part Number:MH8; Model:MH8; Tool Groups:Matrix Handle; Condition:New,,
HH12,Brake Spring,Columbia Tools,Drywall Finishing Tools > Parts,HH12,,5.00,,,https://drywalltoolbox.com/product/columbia-tools-brake-spring-hh12,Brand:Columbia Tools; Part Number:HH12; Model:HH12; Tool Groups:Hydra-Reach Box Handle; Condition:New,,
HH17A,Brass Connector - 1,Columbia Tools,Drywall Finishing Tools > Parts,HH17A,,5.00,HH-BRASS-CONNECTOR,1,https://drywalltoolbox.com/product/columbia-tools-brass-connector-1-hh17a,Brand:Columbia Tools; Part Number:HH17A; Model:HH17A; Tool Groups:Hydra-Reach Box Handle; Condition:New,,
HH17B,Brass Connector - 2,Columbia Tools,Drywall Finishing Tools > Parts,HH17B,,5.00,HH-BRASS-CONNECTOR,2,https://drywalltoolbox.com/product/columbia-tools-brass-connector-2-hh17b,Brand:Columbia Tools; Part Number:HH17B; Model:HH17B; Tool Groups:Hydra-Reach Box Handle; Condition:New,,
CT72,Cable,Columbia Tools,Drywall Finishing Tools > Parts,CT72,,10.00,,,https://drywalltoolbox.com/product/columbia-tools-automatic-taper-cable-ct72,"Brand:Columbia Tools; Part Number:CT72; Model:CT72; Tool Groups:Automatic Taper Head, Automatic Taper Body; Condition:New",,
CT73,Cable Drum,Columbia Tools,Drywall Finishing Tools > Parts,CT73,,28.95,,,https://drywalltoolbox.com/product/columbia-tools-cable-drum-ct73,Brand:Columbia Tools; Part Number:CT73; Model:CT73; Tool Groups:Automatic Taper Head; Condition:New,,
BH26,Cam,Columbia Tools,Drywall Finishing Tools > Parts,BH26,,21.95,,,https://drywalltoolbox.com/product/columbia-bh26-cam-180-grip-handle-part,Brand:Columbia Tools; Part Number:BH26; Model:BH26; Tool Groups:180 Grip Box Handle; Condition:New,,
BH7,Cam Follower,Columbia Tools,Drywall Finishing Tools > Parts,BH7,,15.00,,,https://drywalltoolbox.com/product/columbia-tools-bh7-cam-follower-180-grip,Brand:Columbia Tools; Part Number:BH7; Model:BH7; Tool Groups:180 Grip Box Handle; Condition:New,,
HH19,Cap,Columbia Tools,Drywall Finishing Tools > Parts,HH19,,17.00,,,https://drywalltoolbox.com/product/columbia-hh19-cap-hydra-reach-part,Brand:Columbia Tools; Part Number:HH19; Model:HH19; Tool Groups:Hydra-Reach Box Handle; Condition:New,,
CT35,Cap Reinforcing Tab,Columbia Tools,Drywall Finishing Tools > Parts,CT35,,4.00,,,https://drywalltoolbox.com/product/columbia-tools-cap-reinforcing-tab-ct35,Brand:Columbia Tools; Part Number:CT35; Model:CT35; Tool Groups:Automatic Taper Head; Condition:New,,
CT55,Carriage Guide Rod,Columbia Tools,Drywall Finishing Tools > Parts,CT55,,12.00,,,https://drywalltoolbox.com/product/columbia-tools-automatic-taper-carriage-guide-rod-ct55,Brand:Columbia Tools; Part Number:CT55; Model:CT55; Tool Groups:Automatic Taper Head; Condition:New,,
CT56,Carriage Guide Rod Stop,Columbia Tools,Drywall Finishing Tools > Parts,CT56,,7.00,,,https://drywalltoolbox.com/product/columbia-ct56-carriage-guide-rod-stop,Brand:Columbia Tools; Part Number:CT56; Model:CT56; Tool Groups:Automatic Taper Head; Condition:New,,
CT31,Chain Tension & Guide Bracket,Columbia Tools,Drywall Finishing Tools > Parts,CT31,,6.00,,,https://drywalltoolbox.com/product/columbia-tools-ct31-chain-tension-guide-bracket,Brand:Columbia Tools; Part Number:CT31; Model:CT31; Tool Groups:Automatic Taper Head; Condition:New,,
CT83,Clutch Dog,Columbia Tools,Drywall Finishing Tools > Parts,CT83,,3.00,,,https://drywalltoolbox.com/product/columbia-tools-automatic-taper-head-clutch-dog-ct83,Brand:Columbia Tools; Part Number:CT83; Model:CT83; Tool Groups:Automatic Taper Head; Condition:New,,
CT82,Clutch Lever,Columbia Tools,Drywall Finishing Tools > Parts,CT82,,19.75,,,https://drywalltoolbox.com/product/columbia-tools-automatic-taper-clutch-lever-ct82,Brand:Columbia Tools; Part Number:CT82; Model:CT82; Tool Groups:Automatic Taper Head; Condition:New,,
CT88,Clutch Release Rod,Columbia Tools,Drywall Finishing Tools > Parts,CT88,,16.50,,,https://drywalltoolbox.com/product/columbia-tools-clutch-release-rod-ct88,Brand:Columbia Tools; Part Number:CT88; Model:CT88; Tool Groups:Automatic Taper Head; Condition:New,,
CT85,Clutch Release Shaft,Columbia Tools,Drywall Finishing Tools > Parts,CT85,,40.00,,,https://drywalltoolbox.com/product/columbia-tools-clutch-release-shaft-ct85,Brand:Columbia Tools; Part Number:CT85; Model:CT85; Tool Groups:Automatic Taper Head; Condition:New,,
CT81,Clutch Return Spring,Columbia Tools,Drywall Finishing Tools > Parts,CT81,,3.00,,,https://drywalltoolbox.com/product/columbia-tools-automatic-taper-clutch-return-spring-ct81,Brand:Columbia Tools; Part Number:CT81; Model:CT81; Tool Groups:Automatic Taper Head; Condition:New,,
HH9,Coiled Hydraulic Line,Columbia Tools,Drywall Finishing Tools > Parts,HH9,,40.00,,,https://drywalltoolbox.com/product/columbia-coiled-hydraulic-line-hh9,Brand:Columbia Tools; Part Number:HH9; Model:HH9; Tool Groups:Hydra-Reach Box Handle; Condition:New,,
HP44,Collar O-Ring,Columbia Tools,Drywall Finishing Tools > Parts,HP44,,2.00,,,https://drywalltoolbox.com/product/columbia-tools-hp44-collar-o-ring,Brand:Columbia Tools; Part Number:HP44; Model:HP44; Tool Groups:Hot Mud Pump; Condition:New,,
AHA,Columbia Angle Head Adapter,Columbia Tools,Drywall Finishing Tools > Parts,AHA,,24.87,,,https://drywalltoolbox.com/product/columbia-angle-head-adapter-aha,Brand:Columbia Tools; Part Number:AHA; Model:AHA,,
CMH,Columbia Closet Monster Handle,Columbia Tools,Drywall Finishing Tools > Automatic Taping Tools > Flat Box Handles,CMH,,115.00,,,https://drywalltoolbox.com/product/columbia-closet-monster-handle-cmh,Brand:Columbia Tools; Part Number:CMH; Model:CMH,,
CC,Columbia Corner Cobra,Columbia Tools,Drywall Finishing Tools > Automatic Taping Tools > Corner Rollers,CC,,401.00,,,https://drywalltoolbox.com/product/columbia-corner-cobra,Brand:Columbia Tools; Part Number:CC; Model:CC,,
CR,Columbia Corner Roller,Columbia Tools,Drywall Finishing Tools > Automatic Taping Tools > Corner Rollers,CR,,141.00,,,https://drywalltoolbox.com/product/columbia-corner-roller-cr,Brand:Columbia Tools; Part Number:CR; Model:CR,,
CT86,Columbia CT86 – Toe Kicker Cable,Columbia Tools,Drywall Finishing Tools > Parts,CT86,,14.95,,,https://drywalltoolbox.com/product/columbia-tools-automatic-taper-head-ct86-toe-kicker-cable,Brand:Columbia Tools; Part Number:CT86; Model:CT86; Tool Groups:Automatic Taper Head; Condition:New,,
FA259,"Columbia FA259 8-32 X 5/16"" Binder Slot",Columbia Tools,Drywall Finishing Tools > Parts,FA259 8,,1.00,,,https://drywalltoolbox.com/product/columbia-fa259-8-32-5-16-binder-slot,Brand:Columbia Tools; Part Number:FA259; Model:FA259 8; Tool Groups:Hydra-Reach Box Handle; Condition:New,,
FA292,Columbia FA292 1/4-20 Nyloc Jam Nut,Columbia Tools,Drywall Finishing Tools > Parts,FA292 1/4,,3.15,,,https://drywalltoolbox.com/product/columbia-fa292-1-4-20-nyloc-jam-nut,"Brand:Columbia Tools; Part Number:FA292; Model:FA292 1/4; Tool Groups:Hot Mud Pump, Automatic Taper Body; Condition:New",,
HNS4-2,"Door - 2""",Columbia Tools,Drywall Finishing Tools > Parts,HNS4-2,,33.00,HNS4,"2""",https://drywalltoolbox.com/product/columbia-hinged-nailspotter-door-2-inch-hns4-2,"Brand:Columbia Tools; Part Number:HNS4-2; Model:HNS4; Tool Groups:Hinged Nailspotter; Size:2""; Condition:New",,
HNS4-3,"Door - 3""",Columbia Tools,Drywall Finishing Tools > Parts,HNS4-3,,33.00,HNS4,"3""",https://drywalltoolbox.com/product/columbia-tools-hinged-nailspotter-door-3-inch,"Brand:Columbia Tools; Part Number:HNS4-3; Model:HNS4; Tool Groups:Hinged Nailspotter; Size:3""; Condition:New",,
FA311,"Columbia FA311 1/4-28 X 1/2"" Socket Head",Columbia Tools,Drywall Finishing Tools > Parts,FA311 1/4,,2.00,,,https://drywalltoolbox.com/product/columbia-fa311-socket-head-screw,"Brand:Columbia Tools; Part Number:FA311; Model:FA311 1/4; Tool Groups:180 Grip Box Handle, Hydra-Reach Box Handle; Condition:New",,
FA315,"Columbia FA315 10-32 X 3/8"" Flat Socket Head",Columbia Tools,Drywall Finishing Tools > Parts,FA315 10,,2.00,,,https://drywalltoolbox.com/product/columbia-fa315-10-32-3-8-flat-socket-head,Brand:Columbia Tools; Part Number:FA315; Model:FA315 10; Tool Groups:Hydra-Reach Box Handle; Condition:New,,
PCLT42,Columbia Predator Camlock Tube,Columbia Tools,"Drywall Finishing Tools > Semi-Automatic Taping Tools > Compound Tubes, Drywall Finishing Tools > Predator Family",PCLT42,,290.00,,,https://drywalltoolbox.com/product/columbia-predator-camlock-tube-42-pclt42,Brand:Columbia Tools; Part Number:PCLT42; Model:PCLT42; Family:Predator Family,,
PCMT42,"Columbia Predator Compound Tube 42""",Columbia Tools,"Drywall Finishing Tools > Semi-Automatic Taping Tools > Compound Tubes, Drywall Finishing Tools > Predator Family",PCMT42,,217.00,,,https://drywalltoolbox.com/product/columbia-predator-compound-tube-42-pcmt42,Brand:Columbia Tools; Part Number:PCMT42; Model:PCMT42; Family:Predator Family,,
PHMP,Columbia Predator Mud Pump,Columbia Tools,"Drywall Finishing Tools > Automatic Taping Tools > Loading Pumps, Drywall Finishing Tools > Predator Family",PHMP,,376.00,,,https://drywalltoolbox.com/product/columbia-predator-mud-pump-phmp,Brand:Columbia Tools; Part Number:PHMP; Model:PHMP; Family:Predator Family,,
SAT,Columbia Semi Automatic Taper,Columbia Tools,Drywall Finishing Tools > Semi-Automatic Taping Tools > Semi-Automatic Tapers,SAT,,192.00,,,https://drywalltoolbox.com/product/columbia-semi-automatic-taper,Brand:Columbia Tools; Part Number:SAT; Model:SAT,,
CFB5B,Cone Ball,Columbia Tools,Drywall Finishing Tools > Parts,CFB5B,,16.00,,,https://drywalltoolbox.com/product/columbia-tools-cone-ball-cfb5b,Brand:Columbia Tools; Part Number:CFB5B; Model:CFB5B; Tool Groups:Corner Flusher Box; Condition:New,,
CT132,Connecting Link,Columbia Tools,Drywall Finishing Tools > Parts,CT132,,2.00,,,https://drywalltoolbox.com/product/columbia-tools-ct132-connecting-link,Brand:Columbia Tools; Part Number:CT132; Model:CT132; Tool Groups:Automatic Taper Body; Condition:New,,
MH7,Connecting Link Fork,Columbia Tools,Drywall Finishing Tools > Parts,MH7,,29.00,,,https://drywalltoolbox.com/product/columbia-tools-mh7-connecting-link-fork,Brand:Columbia Tools; Part Number:MH7; Model:MH7; Tool Groups:Matrix Handle; Condition:New,,
MH5,Connecting Link Pin,Columbia Tools,Drywall Finishing Tools > Parts,MH5,,5.00,,,https://drywalltoolbox.com/product/columbia-tools-mh5-connecting-link-pin,Brand:Columbia Tools; Part Number:MH5; Model:MH5; Tool Groups:Matrix Handle; Condition:New,,
CT45,Connecting Rod,Columbia Tools,Drywall Finishing Tools > Parts,CT45,,22.95,,,https://drywalltoolbox.com/product/columbia-tools-ct45-connecting-rod,Brand:Columbia Tools; Part Number:CT45; Model:CT45; Tool Groups:Automatic Taper Head; Condition:New,,
MH16,Connecting Rod Housing,Columbia Tools,Drywall Finishing Tools > Parts,MH16,,8.00,,,https://drywalltoolbox.com/product/columbia-tools-mh16-connecting-rod-housing,Brand:Columbia Tools; Part Number:MH16; Model:MH16; Tool Groups:Matrix Handle; Condition:New,,
CT112,Connecting Stud,Columbia Tools,Drywall Finishing Tools > Parts,CT112,,11.00,,,https://drywalltoolbox.com/product/columbia-tools-ct112-connecting-stud,Brand:Columbia Tools; Part Number:CT112; Model:CT112; Tool Groups:Automatic Taper Body; Condition:New,,
CT104,Connection Strap,Columbia Tools,Drywall Finishing Tools > Parts,CT104,,18.95,,,https://drywalltoolbox.com/product/columbia-tools-automatic-taper-connection-strap-ct104,Brand:Columbia Tools; Part Number:CT104; Model:CT104; Tool Groups:Automatic Taper Body; Condition:New,,
CT105,Crimper Lever,Columbia Tools,Drywall Finishing Tools > Parts,CT105,,34.50,,,https://drywalltoolbox.com/product/columbia-tools-crimper-lever-ct105,Brand:Columbia Tools; Part Number:CT105; Model:CT105; Tool Groups:Automatic Taper Body; Condition:New,,
CT10A,Crimping Arm Shaft Bushing - L,Columbia Tools,Drywall Finishing Tools > Parts,CT10A,,13.95,,,https://drywalltoolbox.com/product/columbia-tools-ct10a-crimping-arm-shaft-bushing-l,Brand:Columbia Tools; Part Number:CT10A; Model:CT10A; Tool Groups:Automatic Taper Head; Condition:New,,
CT47,Crimping Wheel,Columbia Tools,Drywall Finishing Tools > Parts,CT47,,18.95,,,https://drywalltoolbox.com/product/columbia-tools-crimping-wheel-ct47,Brand:Columbia Tools; Part Number:CT47; Model:CT47; Tool Groups:Automatic Taper Head; Condition:New,,
CT50,Crimping Wheel Bushing,Columbia Tools,Drywall Finishing Tools > Parts,CT50,,6.00,,,https://drywalltoolbox.com/product/columbia-tools-ct50-crimping-wheel-bushing,Brand:Columbia Tools; Part Number:CT50; Model:CT50; Tool Groups:Automatic Taper Head; Condition:New,,
CR4,Cut Washer,Columbia Tools,Drywall Finishing Tools > Parts,CR4,,3.00,,,https://drywalltoolbox.com/product/columbia-tools-cr4-cut-washer,Brand:Columbia Tools; Part Number:CR4; Model:CR4; Tool Groups:Corner Roller; Condition:New,,
CT42A,Diamond Blade,Columbia Tools,Drywall Finishing Tools > Parts,CT42A,,2.00,,,https://drywalltoolbox.com/product/columbia-tools-diamond-blade-ct42a,Brand:Columbia Tools; Part Number:CT42A; Model:CT42A; Tool Groups:Automatic Taper Head; Condition:New,,
CT13,Dog Base Bracket,Columbia Tools,Drywall Finishing Tools > Parts,CT13,,16.00,,,https://drywalltoolbox.com/product/columbia-dog-base-bracket-ct13,Brand:Columbia Tools; Part Number:CT13; Model:CT13; Tool Groups:Automatic Taper Head; Condition:New,,
CFB4-7,"Door - 7""",Columbia Tools,Drywall Finishing Tools > Parts,CFB4-7,,42.50,CFB4,"7""",https://drywalltoolbox.com/product/columbia-tools-door-7-inch-cfb4-7,"Brand:Columbia Tools; Part Number:CFB4-7; Model:CFB4; Tool Groups:Corner Flusher Box; Size:7""; Condition:New",,
CFB4-8,"Door - 8""",Columbia Tools,Drywall Finishing Tools > Parts,CFB4-8,,46.95,CFB4,"8""",https://drywalltoolbox.com/product/columbia-tools-corner-flusher-box-door-8-inch-cfb4-8,"Brand:Columbia Tools; Part Number:CFB4-8; Model:CFB4; Tool Groups:Corner Flusher Box; Size:8""; Condition:New",,
HNS15-2,"Door Gasket - 2""",Columbia Tools,Drywall Finishing Tools > Parts,HNS15-2,,36.00,HNS15,"2""",https://drywalltoolbox.com/product/columbia-tools-door-gasket-2-hns15-2,"Brand:Columbia Tools; Part Number:HNS15-2; Model:HNS15; Tool Groups:Hinged Nailspotter; Size:2""; Condition:New",,
HNS15-3,"Door Gasket - 3""",Columbia Tools,Drywall Finishing Tools > Parts,HNS15-3,,35.00,HNS15,"3""",https://drywalltoolbox.com/product/columbia-tools-hinged-nailspotter-door-gasket-3-hns15-3,"Brand:Columbia Tools; Part Number:HNS15-3; Model:HNS15; Tool Groups:Hinged Nailspotter; Size:3""; Condition:New",,
CFB7-7,"Door Gasket - 7""",Columbia Tools,Drywall Finishing Tools > Parts,CFB7-7,,28.50,CFB7,"7""",https://drywalltoolbox.com/product/columbia-tools-door-gasket-7-inch,"Brand:Columbia Tools; Part Number:CFB7-7; Model:CFB7; Tool Groups:Corner Flusher Box; Size:7""; Condition:New",,
CFB7-8,"Door Gasket - 8""",Columbia Tools,Drywall Finishing Tools > Parts,CFB7-8,,31.95,CFB7,"8""",https://drywalltoolbox.com/product/columbia-tools-door-gasket-8-inch-cfb7-8,"Brand:Columbia Tools; Part Number:CFB7-8; Model:CFB7; Tool Groups:Corner Flusher Box; Size:8""; Condition:New",,
HNS10A,Door Spring - Short,Columbia Tools,Drywall Finishing Tools > Parts,HNS10A,,18.75,HNS-DOOR-SPRING,Short,https://drywalltoolbox.com/product/columbia-tools-door-spring-short-hns10a,Brand:Columbia Tools; Part Number:HNS10A; Model:HNS10A; Tool Groups:Hinged Nailspotter; Condition:New,,
HNS10,Door Spring - Long,Columbia Tools,Drywall Finishing Tools > Parts,HNS10,,18.75,HNS-DOOR-SPRING,Long,https://drywalltoolbox.com/product/columbia-tools-hinged-nailspotter-door-spring-long-hns10,Brand:Columbia Tools; Part Number:HNS10; Model:HNS10; Tool Groups:Hinged Nailspotter; Condition:New,,
CT71,Drive Sprocket - Small,Columbia Tools,Drywall Finishing Tools > Parts,CT71,,15.00,CT-SPROCKET,Small,https://drywalltoolbox.com/product/columbia-ct71-small-drive-sprocket,Brand:Columbia Tools; Part Number:CT71; Model:CT71; Tool Groups:Automatic Taper Head; Condition:New,,
CT77,Drive Sprocket - Large,Columbia Tools,Drywall Finishing Tools > Parts,CT77,,26.50,CT-SPROCKET,Large,https://drywalltoolbox.com/product/columbia-tools-drive-sprocket-large-ct77,Brand:Columbia Tools; Part Number:CT77; Model:CT77; Tool Groups:Automatic Taper Head; Condition:New,,
CFB15,Door Hinge,Columbia Tools,Drywall Finishing Tools > Parts,CFB15,,24.95,,,https://drywalltoolbox.com/product/columbia-tools-door-hinge-cfb15,Brand:Columbia Tools; Part Number:CFB15; Model:CFB15; Tool Groups:Corner Flusher Box; Condition:New,,
FFB17,Door Spring,Columbia Tools,Drywall Finishing Tools > Parts,FFB17,,5.00,,,https://drywalltoolbox.com/product/columbia-tools-ffb17-door-spring,Brand:Columbia Tools; Part Number:FFB17; Model:FFB17; Tool Groups:Flat Finishing Box; Condition:New,,
FFB16,Door Spring Nut,Columbia Tools,Drywall Finishing Tools > Parts,FFB16,,5.00,,,https://drywalltoolbox.com/product/columbia-tools-door-spring-nut-ffb16,Brand:Columbia Tools; Part Number:FFB16; Model:FFB16; Tool Groups:Flat Finishing Box; Condition:New,,
CFB11A,Door Stop,Columbia Tools,Drywall Finishing Tools > Parts,CFB11A,,3.00,,,https://drywalltoolbox.com/product/columbia-tools-door-stop-cfb11a,Brand:Columbia Tools; Part Number:CFB11A; Model:CFB11A; Tool Groups:Corner Flusher Box; Condition:New,,
FFB32,Door Stop,Columbia Tools,Drywall Finishing Tools > Parts,FFB32,,3.00,,,https://drywalltoolbox.com/product/columbia-tools-door-stop-ffb32,"Brand:Columbia Tools; Part Number:FFB32; Model:FFB32; Tool Groups:Flat Finishing Box, Hinged Nailspotter, Corner Flusher Box; Condition:New",,
CT78,Drive Chain,Columbia Tools,Drywall Finishing Tools > Parts,CT78,,66.00,,,https://drywalltoolbox.com/product/columbia-ct78-drive-chain,Brand:Columbia Tools; Part Number:CT78; Model:CT78; Tool Groups:Automatic Taper Head; Condition:New,,
CT70,Drive Shaft,Columbia Tools,Drywall Finishing Tools > Parts,CT70,,33.00,,,https://drywalltoolbox.com/product/columbia-tools-drive-shaft-ct70,Brand:Columbia Tools; Part Number:CT70; Model:CT70; Tool Groups:Automatic Taper Head; Condition:New,,
CT87,Engraved Cover Plate Cap,Columbia Tools,Drywall Finishing Tools > Parts,CT87,,42.00,,,https://drywalltoolbox.com/product/columbia-tools-ct87-engraved-cover-plate-cap,Brand:Columbia Tools; Part Number:CT87; Model:CT87; Tool Groups:Automatic Taper Head; Condition:New,,
HH5,Extension Housing,Columbia Tools,Drywall Finishing Tools > Parts,HH5,,33.00,,,https://drywalltoolbox.com/product/columbia-tools-matrix-handle-extension-housing-hh5,Brand:Columbia Tools; Part Number:HH5; Model:HH5; Tool Groups:Matrix Handle; Condition:New,,
HH30,Extension Release Trigger,Columbia Tools,Drywall Finishing Tools > Parts,HH30,,14.25,,,https://drywalltoolbox.com/product/columbia-tools-hh30-extension-release-trigger,Brand:Columbia Tools; Part Number:HH30; Model:HH30; Tool Groups:Matrix Handle; Condition:New,,
CT130,Extension Shaft,Columbia Tools,Drywall Finishing Tools > Parts,CT130,,32.50,,,https://drywalltoolbox.com/product/columbia-tools-extension-shaft-ct130,Brand:Columbia Tools; Part Number:CT130; Model:CT130; Tool Groups:Automatic Taper Body; Condition:New,,
AH7-2,"Frame Tension Spring - 2""",Columbia Tools,Drywall Finishing Tools > Parts,AH7-2,,12.50,AH7,"2""",https://drywalltoolbox.com/product/columbia-tools-frame-tension-spring-2-ah7-2,"Brand:Columbia Tools; Part Number:AH7-2; Model:AH7; Tool Groups:Angle Head; Size:2""; Condition:New",,
AH7-2.5,"Frame Tension Spring - 2.5""",Columbia Tools,Drywall Finishing Tools > Parts,AH7-2.5,,2.00,AH7,"2.5""",https://drywalltoolbox.com/product/columbia-tools-frame-tension-spring-2-5-ah7-2-5,"Brand:Columbia Tools; Part Number:AH7-2.5; Model:AH7; Tool Groups:Angle Head; Size:2.5""; Condition:New",,
AH7-3,"Frame Tension Spring - 3""",Columbia Tools,Drywall Finishing Tools > Parts,AH7,,13.25,AH7,"3""",https://drywalltoolbox.com/product/columbia-tools-frame-tension-spring-3-inch-ah7-3,Brand:Columbia Tools; Part Number:AH7-3; Model:AH7; Tool Groups:Angle Head; Condition:New,,
AH7-3.5,"Frame Tension Spring - 3.5""",Columbia Tools,Drywall Finishing Tools > Parts,AH7-3.5,,14.50,AH7,"3.5""",https://drywalltoolbox.com/product/columbia-tools-frame-tension-spring-3-5-ah7-3-5,"Brand:Columbia Tools; Part Number:AH7-3.5; Model:AH7; Tool Groups:Angle Head; Size:3.5""; Condition:New",,
CT127,Extension Shaft Bracket,Columbia Tools,Drywall Finishing Tools > Parts,CT127,,21.95,,,https://drywalltoolbox.com/product/columbia-tools-extension-shaft-bracket-ct127,Brand:Columbia Tools; Part Number:CT127; Model:CT127; Tool Groups:Automatic Taper Body; Condition:New,,
MP33,Filler Gasket,Columbia Tools,Drywall Finishing Tools > Parts,MP33,,2.00,,,https://drywalltoolbox.com/product/columbia-tools-filler-gasket-mp33,Brand:Columbia Tools; Part Number:MP33; Model:MP33; Tool Groups:Hot Mud Pump; Condition:New,,
MP28,Filler Nut,Columbia Tools,Drywall Finishing Tools > Parts,MP28,,12.25,,,https://drywalltoolbox.com/product/columbia-tools-filler-nut-mp28,Brand:Columbia Tools; Part Number:MP28; Model:MP28; Tool Groups:Hot Mud Pump; Condition:New,,
MP25,Filler Studs,Columbia Tools,Drywall Finishing Tools > Parts,MP25,,10.00,,,https://drywalltoolbox.com/product/columbia-mp25-filler-studs,Brand:Columbia Tools; Part Number:MP25; Model:MP25; Tool Groups:Hot Mud Pump; Condition:New,,
MP2,Foot Valve Casting,Columbia Tools,Drywall Finishing Tools > Parts,MP2,,29.00,,,https://drywalltoolbox.com/product/columbia-tools-mp2-foot-valve-casting,Brand:Columbia Tools; Part Number:MP2; Model:MP2; Tool Groups:Hot Mud Pump; Condition:New,,
AH5,Frame Retainer Clip,Columbia Tools,Drywall Finishing Tools > Parts,AH5,,2.00,,,https://drywalltoolbox.com/product/columbia-tools-ah5-frame-retainer-clip,Brand:Columbia Tools; Part Number:AH5; Model:AH5; Tool Groups:Angle Head; Condition:New,,
AH6A,Funnel Retainer Clip,Columbia Tools,Drywall Finishing Tools > Parts,AH6A,,19.00,,,https://drywalltoolbox.com/product/columbia-tools-funnel-retainer-clip-ah6a,Brand:Columbia Tools; Part Number:AH6A; Model:AH6A; Tool Groups:Angle Head; Condition:New,,
MH21,Grip Adjuster Housing,Columbia Tools,Drywall Finishing Tools > Parts,MH21,,21.95,,,https://drywalltoolbox.com/product/columbia-grip-adjuster-housing-mh21,Brand:Columbia Tools; Part Number:MH21; Model:MH21; Tool Groups:Matrix Handle; Condition:New,,
MH23,Grip Adjusting Fastener,Columbia Tools,Drywall Finishing Tools > Parts,MH23,,11.00,,,https://drywalltoolbox.com/product/columbia-mh23-grip-adjusting-fastener,Brand:Columbia Tools; Part Number:MH23; Model:MH23; Tool Groups:Matrix Handle; Condition:New,,
MH22,Grip Adjustment Pin,Columbia Tools,Drywall Finishing Tools > Parts,MH22,,11.00,,,https://drywalltoolbox.com/product/columbia-tools-mh22-grip-adjustment-pin,Brand:Columbia Tools; Part Number:MH22; Model:MH22; Tool Groups:Matrix Handle; Condition:New,,
HH15,Grip Sleeve Octagon,Columbia Tools,Drywall Finishing Tools > Parts,HH15,,15.00,,,https://drywalltoolbox.com/product/columbia-tools-grip-sleeve-octagon-hh15,Brand:Columbia Tools; Part Number:HH15; Model:HH15; Tool Groups:Hydra-Reach Box Handle; Condition:New,,
CT115,Guard Ring,Columbia Tools,Drywall Finishing Tools > Parts,CT115,,20.00,,,https://drywalltoolbox.com/product/columbia-tools-automatic-taper-guard-ring-ct115,Brand:Columbia Tools; Part Number:CT115; Model:CT115; Tool Groups:Automatic Taper Body; Condition:New,,
CT58,Guide Rod Bushing,Columbia Tools,Drywall Finishing Tools > Parts,CT58,,8.00,,,https://drywalltoolbox.com/product/columbia-tools-ct58-guide-rod-bushing,Brand:Columbia Tools; Part Number:CT58; Model:CT58; Tool Groups:Automatic Taper Head; Condition:New,,
CT126,Hand Grip Body,Columbia Tools,Drywall Finishing Tools > Parts,CT126,,66.00,,,https://drywalltoolbox.com/product/columbia-tools-hand-grip-body-ct126,Brand:Columbia Tools; Part Number:CT126; Model:CT126; Tool Groups:Automatic Taper Body; Condition:New,,
CT124,Hand Grip Guard Ring,Columbia Tools,Drywall Finishing Tools > Parts,CT124,,20.00,,,https://drywalltoolbox.com/product/columbia-tools-hand-grip-guard-ring-ct124,Brand:Columbia Tools; Part Number:CT124; Model:CT124; Tool Groups:Automatic Taper Body; Condition:New,,
HNS12,Handle Clamp,Columbia Tools,Drywall Finishing Tools > Parts,HNS12,,17.00,,,https://drywalltoolbox.com/product/columbia-hns12-handle-clamp,Brand:Columbia Tools; Part Number:HNS12; Model:HNS12; Tool Groups:Hinged Nailspotter; Condition:New,,
CR11,Handle Connecting Link,Columbia Tools,Drywall Finishing Tools > Parts,CR11,,18.95,,,https://drywalltoolbox.com/product/columbia-tools-cr11-handle-connecting-link,Brand:Columbia Tools; Part Number:CR11; Model:CR11; Tool Groups:Corner Roller; Condition:New,,
HH35,Handle Grip,Columbia Tools,Drywall Finishing Tools > Parts,HH35,,7.00,,,https://drywalltoolbox.com/product/columbia-tools-hh35-handle-grip,"Brand:Columbia Tools; Part Number:HH35; Model:HH35; Tool Groups:Matrix Handle, Hydra-Reach Box Handle; Condition:New",,
MH4,Handle Grip,Columbia Tools,Drywall Finishing Tools > Parts,MH4,,37.00,,,https://drywalltoolbox.com/product/columbia-tools-mh4-handle-grip,Brand:Columbia Tools; Part Number:MH4; Model:MH4; Tool Groups:Matrix Handle; Condition:New,,
MH11,Handle Grip Bushing,Columbia Tools,Drywall Finishing Tools > Parts,MH11,,6.00,,,https://drywalltoolbox.com/product/columbia-tools-handle-grip-bushing-mh11,Brand:Columbia Tools; Part Number:MH11; Model:MH11; Tool Groups:Matrix Handle; Condition:New,,
AH1-2,"Head Casting - 2""",Columbia Tools,Drywall Finishing Tools > Parts,AH1-2,,153.00,AH1,"2""",https://drywalltoolbox.com/product/columbia-tools-head-casting-2-inch-ah1-2,"Brand:Columbia Tools; Part Number:AH1-2; Model:AH1; Tool Groups:Angle Head; Size:2""; Condition:New",,
AH1-2.5,"Head Casting - 2.5""",Columbia Tools,Drywall Finishing Tools > Parts,AH1-2.5,,173.85,AH1,"2.5""",https://drywalltoolbox.com/product/columbia-tools-head-casting-2-5-ah1-2-5,"Brand:Columbia Tools; Part Number:AH1-2.5; Model:AH1; Tool Groups:Angle Head; Size:2.5""; Condition:New",,
AH1-3,"Head Casting - 3""",Columbia Tools,Drywall Finishing Tools > Parts,AH1-3,,153.00,AH1,"3""",https://drywalltoolbox.com/product/columbia-tools-head-casting-3-ah1-3,"Brand:Columbia Tools; Part Number:AH1-3; Model:AH1; Tool Groups:Angle Head; Size:3""; Condition:New",,
AH1-3.5,"Head Casting - 3.5""",Columbia Tools,Drywall Finishing Tools > Parts,AH1-3.5,,153.00,AH1,"3.5""",https://drywalltoolbox.com/product/columbia-tools-head-casting-3-5-ah1-3-5,"Brand:Columbia Tools; Part Number:AH1-3.5; Model:AH1; Tool Groups:Angle Head; Size:3.5""; Condition:New",,
HFFB3,Hinge Box End Plate - Right,Columbia Tools,Drywall Finishing Tools > Parts,HFFB3,,36.00,HFFB3-PLATE,Right,https://drywalltoolbox.com/product/columbia-tools-hinge-box-end-plate-right-hffb3,Brand:Columbia Tools; Part Number:HFFB3; Model:HFFB3; Tool Groups:Flat Finishing Box; Condition:New,,
HFFB3A,Hinge Box End Plate - Left,Columbia Tools,Drywall Finishing Tools > Parts,HFFB3A,,36.00,HFFB3-PLATE,Left,https://drywalltoolbox.com/product/columbia-hinge-box-end-plate-left-hffb3a,Brand:Columbia Tools; Part Number:HFFB3A; Model:HFFB3A; Tool Groups:Flat Finishing Box; Condition:New,,
MP6,Handle Link,Columbia Tools,Drywall Finishing Tools > Parts,MP6,,33.00,,,https://drywalltoolbox.com/product/columbia-tools-hot-mud-pump-handle-link-mp6,Brand:Columbia Tools; Part Number:MP6; Model:MP6; Tool Groups:Hot Mud Pump; Condition:New,,
HNSA-14,Handle Link Assembly,Columbia Tools,Drywall Finishing Tools > Parts,HNSA14,,45.00,,,https://drywalltoolbox.com/product/columbia-hnsa-14-handle-link-assembly,Brand:Columbia Tools; Part Number:HNSA-14; Model:HNSA14; Tool Groups:Hinged Nailspotter; Condition:New,,
MH1,Handle Mount Plate,Columbia Tools,Drywall Finishing Tools > Parts,MH1,,75.00,,,https://drywalltoolbox.com/product/columbia-tools-handle-mount-plate-mh1,Brand:Columbia Tools; Part Number:MH1; Model:MH1; Tool Groups:Matrix Handle; Condition:New,,
CR6,Handle Mounting Swivel,Columbia Tools,Drywall Finishing Tools > Parts,CR6,,24.95,,,https://drywalltoolbox.com/product/columbia-tools-handle-mounting-swivel-cr6,Brand:Columbia Tools; Part Number:CR6; Model:CR6; Tool Groups:Corner Roller; Condition:New,,
HPA-48,Handle Pin Assembly,Columbia Tools,Drywall Finishing Tools > Parts,HPA48,,5.00,,,https://drywalltoolbox.com/product/columbia-tools-handle-pin-assembly-hpa-48,Brand:Columbia Tools; Part Number:HPA-48; Model:HPA48; Tool Groups:Hot Mud Pump; Condition:New,,
HH8,Handle Tube,Columbia Tools,Drywall Finishing Tools > Parts,HH8,,45.00,,,https://drywalltoolbox.com/product/columbia-tools-hh8-handle-tube,"Brand:Columbia Tools; Part Number:HH8; Model:HH8; Tool Groups:Matrix Handle, Hydra-Reach Box Handle; Condition:New",,
MP5,Head Bushing,Columbia Tools,Drywall Finishing Tools > Parts,MP5,,13.95,,,https://drywalltoolbox.com/product/columbia-tools-head-bushing-mp5,Brand:Columbia Tools; Part Number:MP5; Model:MP5; Tool Groups:Hot Mud Pump; Condition:New,,
CR1,Head Casting,Columbia Tools,Drywall Finishing Tools > Parts,CR1,,39.00,,,https://drywalltoolbox.com/product/columbia-tools-corner-roller-head-casting-cr1,Brand:Columbia Tools; Part Number:CR1; Model:CR1; Tool Groups:Corner Roller; Condition:New,,
FFB39,Hex Bolt,Columbia Tools,Drywall Finishing Tools > Parts,FFB39,,3.00,,,https://drywalltoolbox.com/product/columbia-tools-hex-bolt-ffb39,Brand:Columbia Tools; Part Number:FFB39; Model:FFB39; Tool Groups:Flat Finishing Box; Condition:New,,
CT20,Hinge Block,Columbia Tools,Drywall Finishing Tools > Parts,CT20,,24.95,,,https://drywalltoolbox.com/product/columbia-tools-automatic-taper-hinge-block-ct20,Brand:Columbia Tools; Part Number:CT20; Model:CT20; Tool Groups:Automatic Taper Head; Condition:New,,
CFB15A,Hinge Bushing (Plastic Washer),Columbia Tools,Drywall Finishing Tools > Parts,CFB15A,,8.50,,,https://drywalltoolbox.com/product/columbia-tools-hinge-bushing-plastic-washer-cfb15a,Brand:Columbia Tools; Part Number:CFB15A; Model:CFB15A; Tool Groups:Corner Flusher Box; Condition:New,,
BH6,Hinge Pin,Columbia Tools,Drywall Finishing Tools > Parts,BH6,,11.25,,,https://drywalltoolbox.com/product/columbia-tools-hinge-pin-bh6,"Brand:Columbia Tools; Part Number:BH6; Model:BH6; Tool Groups:180 Grip Box Handle, Hydra-Reach Box Handle; Condition:New",,
MH6,Hinge Pin,Columbia Tools,Drywall Finishing Tools > Parts,MH6,,4.00,,,https://drywalltoolbox.com/product/columbia-tools-mh6-hinge-pin,Brand:Columbia Tools; Part Number:MH6; Model:MH6; Tool Groups:Matrix Handle; Condition:New,,
CT79,Hollow Shaft,Columbia Tools,Drywall Finishing Tools > Parts,CT79,,38.50,,,https://drywalltoolbox.com/product/columbia-tools-hollow-shaft-ct79,Brand:Columbia Tools; Part Number:CT79; Model:CT79; Tool Groups:Automatic Taper Head; Condition:New,,
CT68,Hub,Columbia Tools,Drywall Finishing Tools > Parts,CT68,,15.00,,,https://drywalltoolbox.com/product/columbia-tools-hub-ct68,Brand:Columbia Tools; Part Number:CT68; Model:CT68; Tool Groups:Automatic Taper Head; Condition:New,,
CT2,Insert Bushing for CT#7A,Columbia Tools,Drywall Finishing Tools > Parts,CT2,,5.00,,,https://drywalltoolbox.com/product/columbia-tools-insert-bushing-ct7a-ct2,Brand:Columbia Tools; Part Number:CT2; Model:CT2; Tool Groups:Automatic Taper Head; Condition:New,,
MH13,Large Nyliner Bushing,Columbia Tools,Drywall Finishing Tools > Parts,MH13,,5.00,,,https://drywalltoolbox.com/product/columbia-tools-large-nyliner-bushing-mh13,Brand:Columbia Tools; Part Number:MH13; Model:MH13; Tool Groups:Matrix Handle; Condition:New,,
CT4,Wafer Bushing - Left,Columbia Tools,Drywall Finishing Tools > Parts,CT4,,2.00,CT-WAFER-BUSHING,Left,https://drywalltoolbox.com/product/columbia-tools-wafer-bushing-left-ct4,Brand:Columbia Tools; Part Number:CT4; Model:CT4; Tool Groups:Automatic Taper Head; Condition:New,,
CT5,Wafer Bushing - Right,Columbia Tools,Drywall Finishing Tools > Parts,CT5,,11.50,CT-WAFER-BUSHING,Right,https://drywalltoolbox.com/product/columbia-tools-wafer-bushing-right-ct5,Brand:Columbia Tools; Part Number:CT5; Model:CT5; Tool Groups:Automatic Taper Head; Condition:New,,
HP47,Latch Clamp Assembly,Columbia Tools,Drywall Finishing Tools > Parts,HP47,,28.95,,,https://drywalltoolbox.com/product/columbia-tools-latch-clamp-assembly-hp47,Brand:Columbia Tools; Part Number:HP47; Model:HP47; Tool Groups:Hot Mud Pump; Condition:New,,
HP46,Latch Keeper,Columbia Tools,Drywall Finishing Tools > Parts,HP46,,19.75,,,https://drywalltoolbox.com/product/columbia-tools-latch-keeper-hp46,Brand:Columbia Tools; Part Number:HP46; Model:HP46; Tool Groups:Hot Mud Pump; Condition:New,,
MP8,Leg,Columbia Tools,Drywall Finishing Tools > Parts,MP8,,71.00,,,https://drywalltoolbox.com/product/columbia-mp8-leg-hot-mud-pump-part,Brand:Columbia Tools; Part Number:MP8; Model:MP8; Tool Groups:Hot Mud Pump; Condition:New,,
HH17C,Line Pincher,Columbia Tools,Drywall Finishing Tools > Parts,HH17C,,4.00,,,https://drywalltoolbox.com/product/columbia-line-pincher-hh17c,Brand:Columbia Tools; Part Number:HH17C; Model:HH17C; Tool Groups:Hydra-Reach Box Handle; Condition:New,,
BH4,Lower Brake Lever,Columbia Tools,Drywall Finishing Tools > Parts,BH4,,19.75,,,https://drywalltoolbox.com/product/columbia-tools-bh4-lower-brake-lever,Brand:Columbia Tools; Part Number:BH4; Model:BH4; Tool Groups:180 Grip Box Handle; Condition:New,,
MH3,Lower Mount Bracket,Columbia Tools,Drywall Finishing Tools > Parts,MH3,,33.00,,,https://drywalltoolbox.com/product/columbia-tools-matrix-handle-lower-mount-bracket-mh3,Brand:Columbia Tools; Part Number:MH3; Model:MH3; Tool Groups:Matrix Handle; Condition:New,,
BH3,Lower Mounting Bracket,Columbia Tools,Drywall Finishing Tools > Parts,BH3,,32.00,,,https://drywalltoolbox.com/product/columbia-bh3-lower-mounting-bracket,Brand:Columbia Tools; Part Number:BH3; Model:BH3; Tool Groups:180 Grip Box Handle; Condition:New,,
CT80,Manual Drive Grip,Columbia Tools,Drywall Finishing Tools > Parts,CT80,,18.75,,,https://drywalltoolbox.com/product/columbia-tools-manual-drive-grip-ct80,Brand:Columbia Tools; Part Number:CT80; Model:CT80; Tool Groups:Automatic Taper Head; Condition:New,,
MH2,Matrix Handle Head,Columbia Tools,Drywall Finishing Tools > Parts,MH2,,4.00,,,https://drywalltoolbox.com/product/columbia-matrix-handle-head-mh2,Brand:Columbia Tools; Part Number:MH2; Model:MH2; Tool Groups:Matrix Handle; Condition:New,,
CT43,Micro Chain,Columbia Tools,Drywall Finishing Tools > Parts,CT43,,24.50,,,https://drywalltoolbox.com/product/columbia-tools-ct43-micro-chain,Brand:Columbia Tools; Part Number:CT43; Model:CT43; Tool Groups:Automatic Taper Head; Condition:New,,
MH3A,Mounting Bracket Stem,Columbia Tools,Drywall Finishing Tools > Parts,MH3A,,4.00,,,https://drywalltoolbox.com/product/columbia-tools-mh3a-mounting-bracket-stem,Brand:Columbia Tools; Part Number:MH3A; Model:MH3A; Tool Groups:Matrix Handle; Condition:New,,
BH1,Mounting Plate,Columbia Tools,Drywall Finishing Tools > Parts,BH1,,30.00,,,https://drywalltoolbox.com/product/columbia-tools-mounting-plate-bh1,"Brand:Columbia Tools; Part Number:BH1; Model:BH1; Tool Groups:180 Grip Box Handle, Hydra-Reach Box Handle; Condition:New",,
MP24,Mud Pump Screen,Columbia Tools,Drywall Finishing Tools > Parts,MP24,,4.00,,,https://drywalltoolbox.com/product/columbia-tools-mud-pump-screen-mp24,Brand:Columbia Tools; Part Number:MP24; Model:MP24; Tool Groups:Hot Mud Pump; Condition:New,,
MP23,Mud Pump Seal,Columbia Tools,Drywall Finishing Tools > Parts,MP23,,16.50,,,https://drywalltoolbox.com/product/columbia-tools-mud-pump-seal-mp23,Brand:Columbia Tools; Part Number:MP23; Model:MP23; Tool Groups:Hot Mud Pump; Condition:New,,
HFFB1A-10,"Mud Seal Strip - 10""",Columbia Tools,Drywall Finishing Tools > Parts,HFFB1A,,10.00,,,https://drywalltoolbox.com/product/columbia-tools-mud-seal-strip-10-hffb1a-10,Brand:Columbia Tools; Part Number:HFFB1A-10; Model:HFFB1A; Tool Groups:Flat Finishing Box; Condition:New,,
CT96,Mud Shut-Off Gasket,Columbia Tools,Drywall Finishing Tools > Parts,CT96,,4.00,,,https://drywalltoolbox.com/product/columbia-mud-shut-off-gasket-ct96,Brand:Columbia Tools; Part Number:CT96; Model:CT96; Tool Groups:Automatic Taper Head; Condition:New,,
CT98,Mud Supply Seal Plate & Shaft,Columbia Tools,Drywall Finishing Tools > Parts,CT98,,24.95,,,https://drywalltoolbox.com/product/columbia-tools-automatic-taper-seal-plate-shaft-ct98,Brand:Columbia Tools; Part Number:CT98; Model:CT98; Tool Groups:Automatic Taper Head; Condition:New,,
CT97,Mud Supply Valve Body,Columbia Tools,Drywall Finishing Tools > Parts,CT97,,34.50,,,https://drywalltoolbox.com/product/columbia-tools-mud-supply-valve-body-ct97,Brand:Columbia Tools; Part Number:CT97; Model:CT97; Tool Groups:Automatic Taper Head; Condition:New,,
CFB6,Mud Supply Valve Unit,Columbia Tools,Drywall Finishing Tools > Parts,CFB6,,29.00,,,https://drywalltoolbox.com/product/columbia-mud-supply-valve-unit-cfb6,Brand:Columbia Tools; Part Number:CFB6; Model:CFB6; Tool Groups:Corner Flusher Box; Condition:New,,
HNS17A,Nail Spotter Handle Tightness Screw,Columbia Tools,Drywall Finishing Tools > Parts,HNS17A,,5.00,,,https://drywalltoolbox.com/product/columbia-nail-spotter-handle-tightness-screw-hns17a,Brand:Columbia Tools; Part Number:HNS17A; Model:HNS17A; Tool Groups:Hinged Nailspotter; Condition:New,,
CT63,Needle,Columbia Tools,Drywall Finishing Tools > Parts,CT63,,2.00,,,https://drywalltoolbox.com/product/columbia-tools-ct63-needle-taper-part,Brand:Columbia Tools; Part Number:CT63; Model:CT63; Tool Groups:Automatic Taper Head; Condition:New,,
CT62,Needle Holding Shaft,Columbia Tools,Drywall Finishing Tools > Parts,CT62,,16.00,,,https://drywalltoolbox.com/product/columbia-tools-needle-holding-shaft-ct62,Brand:Columbia Tools; Part Number:CT62; Model:CT62; Tool Groups:Automatic Taper Head; Condition:New,,
MP13A,Piston Backing Washer - Small,Columbia Tools,Drywall Finishing Tools > Parts,MP13A,,12.50,MP-PISTON-BACKING-WASHER,Small,https://drywalltoolbox.com/product/columbia-tools-piston-backing-washer-small-mp13a,Brand:Columbia Tools; Part Number:MP13A; Model:MP13A; Tool Groups:Hot Mud Pump; Condition:New,,
MP13,Piston Backing Washer - Large,Columbia Tools,Drywall Finishing Tools > Parts,MP13,,14.25,MP-PISTON-BACKING-WASHER,Large,https://drywalltoolbox.com/product/columbia-tools-piston-backing-washer-large-mp13,Brand:Columbia Tools; Part Number:MP13; Model:MP13; Tool Groups:Hot Mud Pump; Condition:New,,
CT64,Needle Return Shaft,Columbia Tools,Drywall Finishing Tools > Parts,CT64,,6.00,,,https://drywalltoolbox.com/product/columbia-tools-ct64-needle-return-shaft,Brand:Columbia Tools; Part Number:CT64; Model:CT64; Tool Groups:Automatic Taper Head; Condition:New,,
CT65,Needle Return Spring,Columbia Tools,Drywall Finishing Tools > Parts,CT65,,4.00,,,https://drywalltoolbox.com/product/columbia-ct65-needle-return-spring,Brand:Columbia Tools; Part Number:CT65; Model:CT65; Tool Groups:Automatic Taper Head; Condition:New,,
HFFB4D,Nylatron Bushing,Columbia Tools,Drywall Finishing Tools > Parts,HFFB4D,,3.00,,,https://drywalltoolbox.com/product/columbia-tools-hffb4d-nylatron-bushing,Brand:Columbia Tools; Part Number:HFFB4D; Model:HFFB4D; Tool Groups:Flat Finishing Box; Condition:New,,
MP36,Nylatron Bushing,Columbia Tools,Drywall Finishing Tools > Parts,MP36,,11.50,,,https://drywalltoolbox.com/product/columbia-tools-nylatron-bushing-mp36,Brand:Columbia Tools; Part Number:MP36; Model:MP36; Tool Groups:Hot Mud Pump; Condition:New,,
CT76,Nylatron Washer,Columbia Tools,Drywall Finishing Tools > Parts,CT76,,6.25,,,https://drywalltoolbox.com/product/columbia-ct76-nylatron-washer,Brand:Columbia Tools; Part Number:CT76; Model:CT76; Tool Groups:Automatic Taper Head; Condition:New,,
FFB38,Nyliner Bearing,Columbia Tools,Drywall Finishing Tools > Parts,FFB38,,2.00,,,https://drywalltoolbox.com/product/columbia-tools-ffb38-nyliner-bearing,Brand:Columbia Tools; Part Number:FFB38; Model:FFB38; Tool Groups:Flat Finishing Box; Condition:New,,
HP45,O Ring Enclosure,Columbia Tools,Drywall Finishing Tools > Parts,HP45,,22.00,,,https://drywalltoolbox.com/product/columbia-tools-hp45-o-ring-enclosure,Brand:Columbia Tools; Part Number:HP45; Model:HP45; Tool Groups:Hot Mud Pump; Condition:New,,
CT121A,O-Ring,Columbia Tools,Drywall Finishing Tools > Parts,CT121A,,2.00,,,https://drywalltoolbox.com/product/columbia-tools-o-ring-ct121a,Brand:Columbia Tools; Part Number:CT121A; Model:CT121A; Tool Groups:Automatic Taper Body; Condition:New,,
MP23A,O-Ring,Columbia Tools,Drywall Finishing Tools > Parts,MP23A,,2.00,,,https://drywalltoolbox.com/product/columbia-tools-o-ring-mp23a,Brand:Columbia Tools; Part Number:MP23A; Model:MP23A; Tool Groups:Hot Mud Pump; Condition:New,,
MH10,Octagon,Columbia Tools,Drywall Finishing Tools > Parts,MH10,,36.00,,,https://drywalltoolbox.com/product/columbia-octagon-mh10-matrix-handle-part,Brand:Columbia Tools; Part Number:MH10; Model:MH10; Tool Groups:Matrix Handle; Condition:New,,
CT19,Paper Feed Guide,Columbia Tools,Drywall Finishing Tools > Parts,CT19,,24.95,,,https://drywalltoolbox.com/product/columbia-tools-ct19-paper-feed-guide,Brand:Columbia Tools; Part Number:CT19; Model:CT19; Tool Groups:Automatic Taper Head; Condition:New,,
MH17,Pinch Brake,Columbia Tools,Drywall Finishing Tools > Parts,MH17,,24.50,,,https://drywalltoolbox.com/product/columbia-tools-mh17-pinch-brake,Brand:Columbia Tools; Part Number:MH17; Model:MH17; Tool Groups:Matrix Handle; Condition:New,,
MH15,Pinch Brake Activator,Columbia Tools,Drywall Finishing Tools > Parts,MH15,,22.00,,,https://drywalltoolbox.com/product/columbia-pinch-brake-activator-mh15,Brand:Columbia Tools; Part Number:MH15; Model:MH15; Tool Groups:Matrix Handle; Condition:New,,
MH24,Pinch Brake Bushing,Columbia Tools,Drywall Finishing Tools > Parts,MH24,,12.75,,,https://drywalltoolbox.com/product/columbia-tools-pinch-brake-bushing-mh24,Brand:Columbia Tools; Part Number:MH24; Model:MH24; Tool Groups:Matrix Handle; Condition:New,,
MH18,Pinch Brake Housing,Columbia Tools,Drywall Finishing Tools > Parts,MH18,,20.00,,,https://drywalltoolbox.com/product/columbia-tools-matrix-handle-pinch-brake-housing-mh18,Brand:Columbia Tools; Part Number:MH18; Model:MH18; Tool Groups:Matrix Handle; Condition:New,,
MH19,Pinch Brake Sleeve,Columbia Tools,Drywall Finishing Tools > Parts,MH19,,28.00,,,https://drywalltoolbox.com/product/columbia-mh19-pinch-brake-sleeve,Brand:Columbia Tools; Part Number:MH19; Model:MH19; Tool Groups:Matrix Handle; Condition:New,,
MH25,Pinch Brake Stem,Columbia Tools,Drywall Finishing Tools > Parts,MH25,,14.95,,,https://drywalltoolbox.com/product/columbia-pinch-brake-stem-mh25,Brand:Columbia Tools; Part Number:MH25; Model:MH25; Tool Groups:Matrix Handle; Condition:New,,
MH12,PinchBrake Spring,Columbia Tools,Drywall Finishing Tools > Parts,MH12,,4.00,,,https://drywalltoolbox.com/product/columbia-tools-mh12-pinchbrake-spring,Brand:Columbia Tools; Part Number:MH12; Model:MH12; Tool Groups:Matrix Handle; Condition:New,,
CT107,Piston Body,Columbia Tools,Drywall Finishing Tools > Parts,CT107,,27.00,,,https://drywalltoolbox.com/product/columbia-tools-ct107-piston-body,Brand:Columbia Tools; Part Number:CT107; Model:CT107; Tool Groups:Automatic Taper Body; Condition:New,,
CT111,Piston Cup,Columbia Tools,Drywall Finishing Tools > Parts,CT111,,11.75,,,https://drywalltoolbox.com/product/columbia-tools-ct111-piston-cup,Brand:Columbia Tools; Part Number:CT111; Model:CT111; Tool Groups:Automatic Taper Body; Condition:New,,
MP14,Piston Cup,Columbia Tools,Drywall Finishing Tools > Parts,MP14,,11.75,,,https://drywalltoolbox.com/product/columbia-tools-piston-cup-mp14,Brand:Columbia Tools; Part Number:MP14; Model:MP14; Tool Groups:Hot Mud Pump; Condition:New,,
HH16,Piston Housing,Columbia Tools,Drywall Finishing Tools > Parts,HH16,,27.00,,,https://drywalltoolbox.com/product/columbia-tools-piston-housing-hh16,Brand:Columbia Tools; Part Number:HH16; Model:HH16; Tool Groups:Hydra-Reach Box Handle; Condition:New,,
CT3,Insert Bushing - Right,Columbia Tools,Drywall Finishing Tools > Parts,CT3,,12.00,CT-INSERT-BUSHING,Right,https://drywalltoolbox.com/product/columbia-tools-insert-bushing-right-ct3,Brand:Columbia Tools; Part Number:CT3; Model:CT3; Tool Groups:Automatic Taper Head; Condition:New,,
CT3A,Insert Bushing - Left,Columbia Tools,Drywall Finishing Tools > Parts,CT3A,,14.50,CT-INSERT-BUSHING,Left,https://drywalltoolbox.com/product/columbia-tools-insert-bushing-left-ct3a,Brand:Columbia Tools; Part Number:CT3A; Model:CT3A; Tool Groups:Automatic Taper Head; Condition:New,,
CT29,Nylatron Chain Roller - Right (Small),Columbia Tools,Drywall Finishing Tools > Parts,CT29,,13.50,CT-NYLATRON-CHAIN-ROLLER,Right (Small),https://drywalltoolbox.com/product/columbia-tools-nylatron-chain-roller-right-small-ct29,Brand:Columbia Tools; Part Number:CT29; Model:CT29; Tool Groups:Automatic Taper Head; Condition:New,,
CT29A,Nylatron Chain Roller - Left (Large),Columbia Tools,Drywall Finishing Tools > Parts,CT29A,,4.00,CT-NYLATRON-CHAIN-ROLLER,Left (Large),https://drywalltoolbox.com/product/columbia-nylatron-chain-roller-left-large-ct29a,Brand:Columbia Tools; Part Number:CT29A; Model:CT29A; Tool Groups:Automatic Taper Head; Condition:New,,
HH23,Piston O-Ring,Columbia Tools,Drywall Finishing Tools > Parts,HH23,,2.00,,,https://drywalltoolbox.com/product/columbia-tools-hh23-piston-o-ring,Brand:Columbia Tools; Part Number:HH23; Model:HH23; Tool Groups:Hydra-Reach Box Handle; Condition:New,,
MP11,Piston Shaft,Columbia Tools,Drywall Finishing Tools > Parts,MP11,,28.50,,,https://drywalltoolbox.com/product/columbia-tools-hot-mud-pump-piston-shaft-mp11,Brand:Columbia Tools; Part Number:MP11; Model:MP11; Tool Groups:Hot Mud Pump; Condition:New,,
HNS18,Pivot,Columbia Tools,Drywall Finishing Tools > Parts,HNS18,,4.00,,,https://drywalltoolbox.com/product/columbia-tools-hns18-hinged-nailspotter-pivot,Brand:Columbia Tools; Part Number:HNS18; Model:HNS18; Tool Groups:Hinged Nailspotter; Condition:New,,
BH2,Plate,Columbia Tools,Drywall Finishing Tools > Parts,BH2,,24.50,,,https://drywalltoolbox.com/product/columbia-bh2-plate-180-grip-box-handle,Brand:Columbia Tools; Part Number:BH2; Model:BH2; Tool Groups:180 Grip Box Handle; Condition:New,,
HP1,Pump Cylinder,Columbia Tools,Drywall Finishing Tools > Parts,HP1,,52.00,,,https://drywalltoolbox.com/product/columbia-tools-hp1-pump-cylinder,Brand:Columbia Tools; Part Number:HP1; Model:HP1; Tool Groups:Hot Mud Pump; Condition:New,,
MP3,Pump Flapper Valve,Columbia Tools,Drywall Finishing Tools > Parts,MP3,,4.00,,,https://drywalltoolbox.com/product/columbia-tools-pump-flapper-valve-mp3,Brand:Columbia Tools; Part Number:MP3; Model:MP3; Tool Groups:Hot Mud Pump; Condition:New,,
MP7,Pump Handle,Columbia Tools,Drywall Finishing Tools > Parts,MP7,,87.00,,,https://drywalltoolbox.com/product/columbia-tools-mp7-pump-handle,Brand:Columbia Tools; Part Number:MP7; Model:MP7; Tool Groups:Hot Mud Pump; Condition:New,,
CT67,Ratchet Gear,Columbia Tools,Drywall Finishing Tools > Parts,CT67,,34.50,,,https://drywalltoolbox.com/product/columbia-tools-ratchet-gear-ct67,Brand:Columbia Tools; Part Number:CT67; Model:CT67; Tool Groups:Automatic Taper Head; Condition:New,,
CT15,Ratchet Rod for Adjustable Brake,Columbia Tools,Drywall Finishing Tools > Parts,CT15,,6.00,,,https://drywalltoolbox.com/product/columbia-ratchet-rod-adjustable-brake-ct15,Brand:Columbia Tools; Part Number:CT15; Model:CT15; Tool Groups:Automatic Taper Head; Condition:New,,
CT92,Release Clip Bushing,Columbia Tools,Drywall Finishing Tools > Parts,CT92,,10.00,,,https://drywalltoolbox.com/product/columbia-ct92-release-clip-bushing,Brand:Columbia Tools; Part Number:CT92; Model:CT92; Tool Groups:Automatic Taper Head; Condition:New,,
HH31,Release Clip Pin,Columbia Tools,Drywall Finishing Tools > Parts,HH31,,12.95,,,https://drywalltoolbox.com/product/columbia-tools-hh31-release-clip-pin,Brand:Columbia Tools; Part Number:HH31; Model:HH31; Tool Groups:Matrix Handle; Condition:New,,
HH32,Release Clip Washer,Columbia Tools,Drywall Finishing Tools > Parts,HH32,,22.00,,,https://drywalltoolbox.com/product/columbia-tools-matrix-handle-release-clip-washer-hh32,Brand:Columbia Tools; Part Number:HH32; Model:HH32; Tool Groups:Matrix Handle; Condition:New,,
CT89,Release Rod Sleeve,Columbia Tools,Drywall Finishing Tools > Parts,CT89,,12.95,,,https://drywalltoolbox.com/product/columbia-tools-ct89-release-rod-sleeve,Brand:Columbia Tools; Part Number:CT89; Model:CT89; Tool Groups:Automatic Taper Head; Condition:New,,
AH1B,Return Spring,Columbia Tools,Drywall Finishing Tools > Parts,AH1B,,3.00,,,https://drywalltoolbox.com/product/columbia-tools-return-spring-ah1b,Brand:Columbia Tools; Part Number:AH1B; Model:AH1B; Tool Groups:Angle Head; Condition:New,,
CT101,Return Spring,Columbia Tools,Drywall Finishing Tools > Parts,CT101,,9.25,,,https://drywalltoolbox.com/product/columbia-tools-return-spring-ct101,Brand:Columbia Tools; Part Number:CT101; Model:CT101; Tool Groups:Automatic Taper Head; Condition:New,,
CT54,Return Spring,Columbia Tools,Drywall Finishing Tools > Parts,CT54,,3.00,,,https://drywalltoolbox.com/product/columbia-tools-ct54-return-spring,Brand:Columbia Tools; Part Number:CT54; Model:CT54; Tool Groups:Automatic Taper Head; Condition:New,,
CT40,Return Spring Ring,Columbia Tools,Drywall Finishing Tools > Parts,CT40,,2.00,,,https://drywalltoolbox.com/product/columbia-tools-return-spring-ring-ct40,Brand:Columbia Tools; Part Number:CT40; Model:CT40; Tool Groups:Automatic Taper Head; Condition:New,,
CT36,Return Spring Tube,Columbia Tools,Drywall Finishing Tools > Parts,CT36,,33.00,,,https://drywalltoolbox.com/product/columbia-tools-ct36-return-spring-tube,Brand:Columbia Tools; Part Number:CT36; Model:CT36; Tool Groups:Automatic Taper Head; Condition:New,,
HH33,Rlease Trigger Spring,Columbia Tools,Drywall Finishing Tools > Parts,HH33,,11.75,,,https://drywalltoolbox.com/product/columbia-tools-hh33-release-trigger-spring,Brand:Columbia Tools; Part Number:HH33; Model:HH33; Tool Groups:Matrix Handle; Condition:New,,
FFB7,Shoe - Right,Columbia Tools,Drywall Finishing Tools > Parts,FFB7,,42.95,FFB7-SHOE,Right,https://drywalltoolbox.com/product/columbia-tools-ffb7-shoe-right,Brand:Columbia Tools; Part Number:FFB7; Model:FFB7; Tool Groups:Flat Finishing Box; Condition:New,,
FFB7A,Shoe - Left,Columbia Tools,Drywall Finishing Tools > Parts,FFB7A,,42.95,FFB7-SHOE,Left,https://drywalltoolbox.com/product/columbia-tools-ffb7a-left-shoe,Brand:Columbia Tools; Part Number:FFB7A; Model:FFB7A; Tool Groups:Flat Finishing Box; Condition:New,,
CFB3-7,"Side Plate - 7""",Columbia Tools,Drywall Finishing Tools > Parts,CFB3-7,,40.00,CFB3,"7""",https://drywalltoolbox.com/product/columbia-side-plate-7-inch-cfb3-7,"Brand:Columbia Tools; Part Number:CFB3-7; Model:CFB3; Tool Groups:Corner Flusher Box; Size:7""; Condition:New",,
CFB3-8,"Side Plate - 8""",Columbia Tools,Drywall Finishing Tools > Parts,CFB3-8,,40.00,CFB3,"8""",https://drywalltoolbox.com/product/columbia-side-plate-8-inch-cfb3-8,"Brand:Columbia Tools; Part Number:CFB3-8; Model:CFB3; Tool Groups:Corner Flusher Box; Size:8""; Condition:New",,
CT90,Rod Sleeve Housing,Columbia Tools,Drywall Finishing Tools > Parts,CT90,,22.50,,,https://drywalltoolbox.com/product/columbia-tools-ct90-rod-sleeve-housing,Brand:Columbia Tools; Part Number:CT90; Model:CT90; Tool Groups:Automatic Taper Head; Condition:New,,
HNS12A,Roll Pin,Columbia Tools,Drywall Finishing Tools > Parts,HNS12A,,6.00,,,https://drywalltoolbox.com/product/columbia-tools-hns12a-roll-pin-hinged-nailspotter,Brand:Columbia Tools; Part Number:HNS12A; Model:HNS12A; Tool Groups:Hinged Nailspotter; Condition:New,,
HNS13,Roll Pin Bushing,Columbia Tools,Drywall Finishing Tools > Parts,HNS13,,9.95,,,https://drywalltoolbox.com/product/columbia-hns13-roll-pin-bushing,Brand:Columbia Tools; Part Number:HNS13; Model:HNS13; Tool Groups:Hinged Nailspotter; Condition:New,,
CR2,Roller,Columbia Tools,Drywall Finishing Tools > Parts,CR2,,12.00,,,https://drywalltoolbox.com/product/columbia-tools-corner-roller-cr2,Brand:Columbia Tools; Part Number:CR2; Model:CR2; Tool Groups:Corner Roller; Condition:New,,
CT28,Roller Bushing,Columbia Tools,Drywall Finishing Tools > Parts,CT28,,10.75,,,https://drywalltoolbox.com/product/columbia-tools-roller-bushing-ct28,Brand:Columbia Tools; Part Number:CT28; Model:CT28; Tool Groups:Automatic Taper Head; Condition:New,,
CT125,Rollers,Columbia Tools,Drywall Finishing Tools > Parts,CT125,,15.25,,,https://drywalltoolbox.com/product/columbia-tools-ct125-rollers-automatic-taper,Brand:Columbia Tools; Part Number:CT125; Model:CT125; Tool Groups:Automatic Taper Body; Condition:New,,
FFB37,Rubber for Box Wheel,Columbia Tools,Drywall Finishing Tools > Parts,FFB37,,2.00,,,https://drywalltoolbox.com/product/columbia-tools-rubber-for-box-wheel-ffb37,Brand:Columbia Tools; Part Number:FFB37; Model:FFB37; Tool Groups:Flat Finishing Box; Condition:New,,
CT87-CS,Rubber Seal,Columbia Tools,Drywall Finishing Tools > Parts,CT87,,9.75,,,https://drywalltoolbox.com/product/columbia-tools-automatic-taper-rubber-seal-ct87-cs,Brand:Columbia Tools; Part Number:CT87-CS; Model:CT87; Tool Groups:Automatic Taper Head; Condition:New,,
AH4,Side Blade,Columbia Tools,Drywall Finishing Tools > Parts,AH4,,29.50,,,https://drywalltoolbox.com/product/columbia-tools-side-blade-ah4,Brand:Columbia Tools; Part Number:AH4; Model:AH4; Tool Groups:Angle Head; Condition:New,,
CT7A,Side Plate Hub,Columbia Tools,Drywall Finishing Tools > Parts,CT7A,,24.50,,,https://drywalltoolbox.com/product/columbia-tools-ct7a-side-plate-hub,Brand:Columbia Tools; Part Number:CT7A; Model:CT7A; Tool Groups:Automatic Taper Head; Condition:New,,
MP39,Sleeve,Columbia Tools,Drywall Finishing Tools > Parts,MP39,,14.75,,,https://drywalltoolbox.com/product/columbia-tools-mp39-sleeve-hot-mud-pump,Brand:Columbia Tools; Part Number:MP39; Model:MP39; Tool Groups:Hot Mud Pump; Condition:New,,
MH20,Small Nyliner Bushing,Columbia Tools,Drywall Finishing Tools > Parts,MH20,,3.00,,,https://drywalltoolbox.com/product/columbia-small-nyliner-bushing-mh20,Brand:Columbia Tools; Part Number:MH20; Model:MH20; Tool Groups:Matrix Handle; Condition:New,,
AH18,Socket Wear Cap,Columbia Tools,Drywall Finishing Tools > Parts,AH18,,9.00,,,https://drywalltoolbox.com/product/columbia-tools-angle-head-socket-wear-cap-ah18,Brand:Columbia Tools; Part Number:AH18; Model:AH18; Tool Groups:Angle Head; Condition:New,,
CT119,Spool Retaining Spring,Columbia Tools,Drywall Finishing Tools > Parts,CT119,,7.25,,,https://drywalltoolbox.com/product/columbia-tools-ct119-spool-retaining-spring,Brand:Columbia Tools; Part Number:CT119; Model:CT119; Tool Groups:Automatic Taper Body; Condition:New,,
AH1A,Spring Housing,Columbia Tools,Drywall Finishing Tools > Parts,AH1A,,8.00,,,https://drywalltoolbox.com/product/columbia-tools-ah1a-spring-housing,Brand:Columbia Tools; Part Number:AH1A; Model:AH1A; Tool Groups:Angle Head; Condition:New,,
FFB4B,Stainless Steel Backing Washer,Columbia Tools,Drywall Finishing Tools > Parts,FFB4B,,4.00,,,https://drywalltoolbox.com/product/columbia-tools-stainless-steel-backing-washer-ffb4b,Brand:Columbia Tools; Part Number:FFB4B; Model:FFB4B; Tool Groups:Flat Finishing Box; Condition:New,,
CT6A,Stainless Steel Side Plate - Left,Columbia Tools,Drywall Finishing Tools > Parts,CT6A,,42.95,,,https://drywalltoolbox.com/product/columbia-tools-automatic-taper-ct6a-left-side-plate,Brand:Columbia Tools; Part Number:CT6A; Model:CT6A; Tool Groups:Automatic Taper Head; Condition:New,,
FFB4A,Stainless Steel Washer,Columbia Tools,Drywall Finishing Tools > Parts,FFB4A,,5.00,,,https://drywalltoolbox.com/product/columbia-tools-stainless-steel-washer-ffb4a,Brand:Columbia Tools; Part Number:FFB4A; Model:FFB4A; Tool Groups:Flat Finishing Box; Condition:New,,
CT116A,Strap,Columbia Tools,Drywall Finishing Tools > Parts,CT116A,,28.50,,,https://drywalltoolbox.com/product/columbia-tools-ct116a-strap,Brand:Columbia Tools; Part Number:CT116A; Model:CT116A; Tool Groups:Automatic Taper Body; Condition:New,,
AH8A,"Top Retainer Corner Clip - 3.5""",Columbia Tools,Drywall Finishing Tools > Parts,AH8A,,9.75,AH8-CLIP,"3.5""",https://drywalltoolbox.com/product/columbia-tools-3-5-top-retainer-corner-clip-ah8a,Brand:Columbia Tools; Part Number:AH8A; Model:AH8A; Tool Groups:Angle Head; Condition:New,,
AH8,Top Retainer Corner Clip - Standard,Columbia Tools,Drywall Finishing Tools > Parts,AH8,,8.00,AH8-CLIP,Standard,https://drywalltoolbox.com/product/columbia-tools-top-retainer-corner-clip-standard-ah8,Brand:Columbia Tools; Part Number:AH8; Model:AH8; Tool Groups:Angle Head; Condition:New,,
D14-22,Dura-III Adjustable - 14”-22”,Dura-Stilts,Stilts & Accessories > Stilts,D14-22,,400.00,DS-DURA-III,14”-22”,https://drywalltoolbox.com/product/dura-stilts-dura-iii-adjustable-14-22,Brand:Dura-Stilts; Part Number:D14-22; Model:Dura-III Adjustable 14”-22”; Height Range:14”-22”,,
D18-30,Dura-III Adjustable - 18”-30”,Dura-Stilts,Stilts & Accessories > Stilts,D18-30,,415.00,DS-DURA-III,18”-30”,https://drywalltoolbox.com/product/dura-stilts-dura-iii-18-30,Brand:Dura-Stilts; Part Number:D18-30; Model:Dura-III Adjustable 18”-30”; Height Range:18”-30”,,
D24-40,Dura-III Adjustable - 24”-40”,Dura-Stilts,Stilts & Accessories > Stilts,D24-40,,435.00,DS-DURA-III,24”-40”,https://drywalltoolbox.com/product/dura-stilts-dura-iii-adjustable-24-40,Brand:Dura-Stilts; Part Number:D24-40; Model:Dura-III Adjustable 24”-40”; Height Range:24”-40”,,
D38-64,Dura-III Adjustable - 38”-64”,Dura-Stilts,Stilts & Accessories > Stilts,D38-64,,584.00,DS-DURA-III,38”-64”,https://drywalltoolbox.com/product/dura-stilts-dura-iii-adjustable-38-64,Brand:Dura-Stilts; Part Number:D38-64; Model:Dura-III Adjustable 38”-64”; Height Range:38”-64”,,
4-701,"LEVEL5 Corner Applicator - 7""",LEVEL5,Drywall Finishing Tools > Semi-Automatic Taping Tools > Compound Applicators,4-701,,285.59,LV5-CORNER-APPLICATOR,7”,https://drywalltoolbox.com/product/level5-7-inch-corner-applicator-4-701,Brand:LEVEL5; Part Number:4-701; Model:7” Corner Applicator; Size:7”,,
4-702,"LEVEL5 Corner Applicator - 8""",LEVEL5,Drywall Finishing Tools > Semi-Automatic Taping Tools > Compound Applicators,4-702,,294.52,LV5-CORNER-APPLICATOR,8”,https://drywalltoolbox.com/product/level5-8-inch-corner-applicator-4-702,Brand:LEVEL5; Part Number:4-702; Model:8” Corner Applicator; Size:8”,,
4-794,"LEVEL5 Corner Applicator Handle (Extendable) - 31""-50""",LEVEL5,Drywall Finishing Tools > Automatic Taping Tools > Extendable Handles,4-794,,175.08,LV5-CORNER-HANDLE-APPLICATOR-EXT,31”- 50”,https://drywalltoolbox.com/product/level5-corner-applicator-handle-extendable-31-50,Brand:LEVEL5; Part Number:4-794; Model:31”- 50” Ext Handle (Corner Applicator); Length:31”- 50”,,
4-798,"LEVEL5 Corner Applicator Handle (Extendable) - 43""-72""",LEVEL5,Drywall Finishing Tools > Automatic Taping Tools > Extendable Handles,4-798,,193.78,LV5-CORNER-HANDLE-APPLICATOR-EXT,43”- 72”,https://drywalltoolbox.com/product/level5-corner-applicator-handle-extendable-43-72,Brand:LEVEL5; Part Number:4-798; Model:43”- 72” Ext Handle (Corner Applicator); Length:43”- 72”,,
BH11,Strap Connecting Pin,Columbia Tools,Drywall Finishing Tools > Parts,BH11,,7.95,,,https://drywalltoolbox.com/product/columbia-tools-180-grip-box-handle-strap-connecting-pin-bh11,Brand:Columbia Tools; Part Number:BH11; Model:BH11; Tool Groups:180 Grip Box Handle; Condition:New,,
CR12,Swivel Coupling Pin,Columbia Tools,Drywall Finishing Tools > Parts,CR12,,12.50,,,https://drywalltoolbox.com/product/columbia-corner-roller-swivel-coupling-pin-cr12,Brand:Columbia Tools; Part Number:CR12; Model:CR12; Tool Groups:Corner Roller; Condition:New,,
CT57,Tape Advance Carriage,Columbia Tools,Drywall Finishing Tools > Parts,CT57,,82.00,,,https://drywalltoolbox.com/product/columbia-tools-ct57-tape-advance-carriage,Brand:Columbia Tools; Part Number:CT57; Model:CT57; Tool Groups:Automatic Taper Head; Condition:New,,
CT120,Tape Spool,Columbia Tools,Drywall Finishing Tools > Parts,CT120,,14.50,,,https://drywalltoolbox.com/product/columbia-tools-ct120-tape-spool,Brand:Columbia Tools; Part Number:CT120; Model:CT120; Tool Groups:Automatic Taper Body; Condition:New,,
CT14A,Taper Adjustable Brake,Columbia Tools,Drywall Finishing Tools > Parts,CT14A,,22.50,,,https://drywalltoolbox.com/product/columbia-tools-taper-adjustable-brake-ct14a,Brand:Columbia Tools; Part Number:CT14A; Model:CT14A; Tool Groups:Automatic Taper Head; Condition:New,,
FFB32A,Thumb Release Clip Screw,Columbia Tools,Drywall Finishing Tools > Parts,FFB32A,,12.50,,,https://drywalltoolbox.com/product/columbia-tools-ffb32a-thumb-release-clip-screw,"Brand:Columbia Tools; Part Number:FFB32A; Model:FFB32A; Tool Groups:Flat Finishing Box, Hinged Nailspotter, Corner Flusher Box; Condition:New",,
CT53,Toe Kicker,Columbia Tools,Drywall Finishing Tools > Parts,CT53,,28.50,,,https://drywalltoolbox.com/product/columbia-tools-ct53-toe-kicker,Brand:Columbia Tools; Part Number:CT53; Model:CT53; Tool Groups:Automatic Taper Head; Condition:New,,
CT92A,Toe Kicker Caple Retainer Clip,Columbia Tools,Drywall Finishing Tools > Parts,CT92A,,7.95,,,https://drywalltoolbox.com/product/columbia-tools-toe-kicker-cable-retainer-clip-ct92a,Brand:Columbia Tools; Part Number:CT92A; Model:CT92A; Tool Groups:Automatic Taper Head; Condition:New,,
HH10A,Top Cap,Columbia Tools,Drywall Finishing Tools > Parts,HH10A,,2.00,,,https://drywalltoolbox.com/product/columbia-tools-hydra-reach-top-cap-hh10a,Brand:Columbia Tools; Part Number:HH10A; Model:HH10A; Tool Groups:Hydra-Reach Box Handle; Condition:New,,
BH5,Upper Mounting Bracket,Columbia Tools,Drywall Finishing Tools > Parts,BH5,,18.50,,,https://drywalltoolbox.com/product/columbia-tools-upper-mounting-bracket-bh5,"Brand:Columbia Tools; Part Number:BH5; Model:BH5; Tool Groups:180 Grip Box Handle, Hydra-Reach Box Handle; Condition:New",,
HH2,Upper Mounting Bracket,Columbia Tools,Drywall Finishing Tools > Parts,HH2,,66.00,,,https://drywalltoolbox.com/product/columbia-tools-hh2-upper-mounting-bracket,Brand:Columbia Tools; Part Number:HH2; Model:HH2; Tool Groups:Hydra-Reach Box Handle; Condition:New,,
HNS20,Wedge,Columbia Tools,Drywall Finishing Tools > Parts,HNS20,,22.50,,,https://drywalltoolbox.com/product/columbia-hns20-wedge-hinged-nailspotter-part,Brand:Columbia Tools; Part Number:HNS20; Model:HNS20; Tool Groups:Hinged Nailspotter; Condition:New,,
4-732,"LEVEL5 Corner Finisher - 2.5""",LEVEL5,Drywall Finishing Tools > Automatic Taping Tools > Angle Heads,4-732,,397.37,LV5-CORNER-FINISHER,2.5”,https://drywalltoolbox.com/product/level5-corner-finisher-2-5-4-732,Brand:LEVEL5; Part Number:4-732; Model:2.5” Corner Finisher; Size:2.5”,,
4-733,"LEVEL5 Corner Finisher - 3""",LEVEL5,Drywall Finishing Tools > Automatic Taping Tools > Angle Heads,4-733,,406.72,LV5-CORNER-FINISHER,3”,https://drywalltoolbox.com/product/level5-3-inch-corner-finisher-4-733,Brand:LEVEL5; Part Number:4-733; Model:3” Corner Finisher; Size:3”,,
4-734,"LEVEL5 Corner Finisher - 3.5""",LEVEL5,Drywall Finishing Tools > Automatic Taping Tools > Angle Heads,4-734,,416.07,LV5-CORNER-FINISHER,3.5”,https://drywalltoolbox.com/product/level5-corner-finisher-3-5-4-734,Brand:LEVEL5; Part Number:4-734; Model:3.5” Corner Finisher; Size:3.5”,,
4-735,"LEVEL5 Corner Finisher - 4""",LEVEL5,Drywall Finishing Tools > Automatic Taping Tools > Angle Heads,4-735,,425.42,LV5-CORNER-FINISHER,4”,https://drywalltoolbox.com/product/level5-4-inch-corner-finisher-4-735,Brand:LEVEL5; Part Number:4-735; Model:4” Corner Finisher; Size:4”,,
4-795,"LEVEL5 Corner Finisher Handle (Extendable) - 31""-50""",LEVEL5,Drywall Finishing Tools > Automatic Taping Tools > Extendable Handles,4-795,,186.98,LV5-CORNER-HANDLE-FINISHER-EXT,31”- 50”,https://drywalltoolbox.com/product/level5-corner-finisher-handle-extendable-31-50,Brand:LEVEL5; Part Number:4-795; Model:31”- 50” Ext Handle (Corner Finisher); Length:31”- 50”,,
4-799,"LEVEL5 Corner Finisher Handle (Extendable) - 43""-72""",LEVEL5,Drywall Finishing Tools > Automatic Taping Tools > Extendable Handles,4-799,,205.68,LV5-CORNER-HANDLE-FINISHER-EXT,43”- 72”,https://drywalltoolbox.com/product/level5-corner-finisher-extendable-handle-43-72,Brand:LEVEL5; Part Number:4-799; Model:43”- 72” Ext Handle (Corner Finisher); Length:43”- 72”,,
4-743,"LEVEL5 Corner Flusher - 3""",LEVEL5,Drywall Finishing Tools > Semi-Automatic Taping Tools > Corner Flushers,4-743,,128.69,LV5-CORNER-FLUSHER,3”,https://drywalltoolbox.com/product/level5-3-inch-corner-flusher-4-743,Brand:LEVEL5; Part Number:4-743; Model:3” Corner Flusher; Size:3”,,
4-744,"LEVEL5 Corner Flusher - 3.5""",LEVEL5,Drywall Finishing Tools > Semi-Automatic Taping Tools > Corner Flushers,4-744,,132.74,LV5-CORNER-FLUSHER,3.5”,https://drywalltoolbox.com/product/level5-corner-flusher-3-5-inch,Brand:LEVEL5; Part Number:4-744; Model:3.5” Corner Flusher; Size:3.5”,,
4-767,"LEVEL5 Flat Box (MEGA) - 7""",LEVEL5,Drywall Finishing Tools > Automatic Taping Tools > Flat Boxes,4-767,,398.64,LV5-FLAT-BOX-MEGA,7”,https://drywalltoolbox.com/product/level5-7-inch-mega-flat-box-4-767,Brand:LEVEL5; Part Number:4-767; Model:7” Flat Box (MEGA); Size:7”,,
4-768,"LEVEL5 Flat Box (MEGA) - 10""",LEVEL5,Drywall Finishing Tools > Automatic Taping Tools > Flat Boxes,4-768,,407.99,LV5-FLAT-BOX-MEGA,10”,https://drywalltoolbox.com/product/level5-flat-box-mega-10-inch-4-768,Brand:LEVEL5; Part Number:4-768; Model:10” Flat Box (MEGA); Size:10”,,
4-769,"LEVEL5 Flat Box (MEGA) - 12""",LEVEL5,Drywall Finishing Tools > Automatic Taping Tools > Flat Boxes,4-769,,422.02,LV5-FLAT-BOX-MEGA,12”,https://drywalltoolbox.com/product/level5-flat-box-mega-12-inch-4-769,Brand:LEVEL5; Part Number:4-769; Model:12” Flat Box (MEGA); Size:12”,,
4-764,"LEVEL5 Flat Box (Standard) - 7""",LEVEL5,Drywall Finishing Tools > Automatic Taping Tools > Flat Boxes,4-764,,379.52,LV5-FLAT-BOX-STANDARD,7”,https://drywalltoolbox.com/product/level5-flat-box-standard-7-inch,Brand:LEVEL5; Part Number:4-764; Model:7” Flat Box (Standard); Size:7”,,
4-765,"LEVEL5 Flat Box (Standard) - 10""",LEVEL5,Drywall Finishing Tools > Automatic Taping Tools > Flat Boxes,4-765,,388.87,LV5-FLAT-BOX-STANDARD,10”,https://drywalltoolbox.com/product/level5-flat-box-standard-10-inch-4-765,Brand:LEVEL5; Part Number:4-765; Model:10” Flat Box (Standard); Size:10”,,
4-766,"LEVEL5 Flat Box (Standard) - 12""",LEVEL5,Drywall Finishing Tools > Automatic Taping Tools > Flat Boxes,4-766,,398.64,LV5-FLAT-BOX-STANDARD,12”,https://drywalltoolbox.com/product/level5-flat-box-standard-12-inch-4-766,Brand:LEVEL5; Part Number:4-766; Model:12” Flat Box (Standard); Size:12”,,
4-770,"LEVEL5 Flat Box (Standard) - 14""",LEVEL5,Drywall Finishing Tools > Automatic Taping Tools > Flat Boxes,4-770,,412.67,LV5-FLAT-BOX-STANDARD,14”,https://drywalltoolbox.com/product/level5-flat-box-standard-14-inch,Brand:LEVEL5; Part Number:4-770; Model:14” Flat Box (Standard); Size:14”,,
4-759,"LEVEL5 Flat Box Handle (Extendable) - 48""-78""",LEVEL5,Drywall Finishing Tools > Automatic Taping Tools > Flat Box Handles,4-759,,313.22,LV5-FLAT-BOX-HANDLE-EXT,48” - 78”,https://drywalltoolbox.com/product/level5-flat-box-handle-extendable-48-78,Brand:LEVEL5; Part Number:4-759; Model:48” - 78” Ext. Handle; Length:48” - 78”,,
4-780,"LEVEL5 Flat Box Handle (Extendable) - 40""-62""",LEVEL5,Drywall Finishing Tools > Automatic Taping Tools > Flat Box Handles,4-780,,303.87,LV5-FLAT-BOX-HANDLE-EXT,40” - 62”,https://drywalltoolbox.com/product/level5-extendable-flat-box-handle-40-62,Brand:LEVEL5; Part Number:4-780; Model:40” - 62” Ext. Handle; Length:40” - 62”,,
4-781,"LEVEL5 Flat Box Handle (Extendable) - 30""-42""",LEVEL5,Drywall Finishing Tools > Automatic Taping Tools > Flat Box Handles,4-781,,294.52,LV5-FLAT-BOX-HANDLE-EXT,30” - 42”,https://drywalltoolbox.com/product/level5-flat-box-handle-extendable-30-42,Brand:LEVEL5; Part Number:4-781; Model:30” - 42” Ext. Handle; Length:30” - 42”,,
4-782,"LEVEL5 Flat Box Handle (Extendable) - 23""-32""",LEVEL5,Drywall Finishing Tools > Automatic Taping Tools > Flat Box Handles,4-782,,276.24,LV5-FLAT-BOX-HANDLE-EXT,23” - 32”,https://drywalltoolbox.com/product/level5-flat-box-handle-extendable-23-32,Brand:LEVEL5; Part Number:4-782; Model:23” - 32” Ext. Handle; Length:23” - 32”,,
4-711,"LEVEL5 Flat Box Handle (Fixed Length) - 34""",LEVEL5,Drywall Finishing Tools > Automatic Taping Tools > Flat Box Handles,4-711,,175.09,LV5-FLAT-BOX-HANDLE-FIXED,34”,https://drywalltoolbox.com/product/level5-flat-box-handle-fixed-34-inch,Brand:LEVEL5; Part Number:4-711; Model:34” Fixed Length Handle; Length:34”,,
4-712,"LEVEL5 Flat Box Handle (Fixed Length) - 42""",LEVEL5,Drywall Finishing Tools > Automatic Taping Tools > Flat Box Handles,4-712,,184.02,LV5-FLAT-BOX-HANDLE-FIXED,42”,https://drywalltoolbox.com/product/level5-flat-box-handle-fixed-42-inch,Brand:LEVEL5; Part Number:4-712; Model:42” Fixed Length Handle; Length:42”,,
4-740,"LEVEL5 Flat Box Handle (Fixed Length) - 54""",LEVEL5,Drywall Finishing Tools > Automatic Taping Tools > Flat Box Handles,4-740,,202.72,LV5-FLAT-BOX-HANDLE-FIXED,54”,https://drywalltoolbox.com/product/level5-flat-box-handle-fixed-54-4-740,Brand:LEVEL5; Part Number:4-740; Model:54” Fixed Length Handle; Length:54”,,
4-754,"LEVEL5 Nail Spotter - 2""",LEVEL5,Drywall Finishing Tools > Automatic Taping Tools > Nail Spotters,4-754,,271.14,LV5-NAIL-SPOTTER,2”,https://drywalltoolbox.com/product/level5-nail-spotter-2-inch-4-754,Brand:LEVEL5; Part Number:4-754; Model:2” Nail Spotter; Size:2”,,
4-755,"LEVEL5 Nail Spotter - 3""",LEVEL5,Drywall Finishing Tools > Automatic Taping Tools > Nail Spotters,4-755,,289.84,LV5-NAIL-SPOTTER,3”,https://drywalltoolbox.com/product/level5-nail-spotter-3-inch-4-755,Brand:LEVEL5; Part Number:4-755; Model:3” Nail Spotter; Size:3”,,
4-630,LEVEL5 The Starter Taping Set,LEVEL5,Drywall Finishing Tools > Automatic Taping Tools > Automatic Taping Tool Sets,4-630,,2111.16,,,https://drywalltoolbox.com/product/level5-starter-taping-set-4-630,"Brand:LEVEL5; Part Number:4-630; Model:The Starter Taping Set; Set Includes:1× Automatic Taper, 1× Gooseneck Filler Tube, 1× Compound Pump, 1× Corner Roller, 1× 50” Corner Roller Handle",,
4-602,LEVEL5 Entry to Automatic Finishing Set - Tools Only,LEVEL5,Drywall Finishing Tools > Automatic Taping Tools > Automatic Taping Tool Sets,4-602,,2395.52,LV5-ENTRY-FINISHING-SET,Tools Only,https://drywalltoolbox.com/product/level5-entry-automatic-finishing-set-tools-only-4-602,"Brand:LEVEL5; Part Number:4-602; Model:The Entry to Automatic Finishing Set; Set Includes:1× Compound Pump, 1× 10” Flat Box, 1× 12” Flat Box, 1× 42” Flat Box Handle, 1× 3” Corner Finisher, 1× 54” Corner Finisher Handle, 1× 7” Corner Applicator Box, 1× 50” Corner Applicator Handle, 1× Corner Roller, 1× 54” Corner Roller Handle",,
4-600P,LEVEL5 Entry to Automatic Finishing Set - With Automatic Taper,LEVEL5,Drywall Finishing Tools > Automatic Taping Tools > Automatic Taping Tool Sets,4-600P,,3850.7,LV5-ENTRY-FINISHING-SET,With Automatic Taper,https://drywalltoolbox.com/product/level5-entry-automatic-finishing-set-with-taper-4-600p,"Brand:LEVEL5; Part Number:4-600P; Model:The Entry to Automatic Finishing Set; Set Includes:1× Automatic Taper, 1× Gooseneck Filler Tube, 1× Compound Pump, 1× 10” Flat Box, 1× 12” Flat Box, 1× 42” Flat Box Handle, 1× 3” Corner Finisher, 1× 54” Corner Finisher Handle, 1× 7” Corner Applicator, 1× 54” Corner Applicator Handle, 1× Corner Roller, 1× 50” Corner Roller Handle (as printed: 5-777), 1× Bonus Hand Tool Set",,
4-677P,LEVEL5 The Ultimate Taping & Finishing Set,LEVEL5,Drywall Finishing Tools > Automatic Taping Tools > Automatic Taping Tool Sets,4-677P,,6342.64,,,https://drywalltoolbox.com/product/level5-ultimate-taping-finishing-set-4-677p,"Brand:LEVEL5; Part Number:4-677P; Model:The Ultimate Taping &amp; Finishing Set; Set Includes:1× Automatic Taper, 1× Gooseneck Filler Tube, 2× Compound Pump, 1× 7” Flat Box, 1× 10” Flat Box, 1× 12” Flat Box, 1× 42” Flat Box Handle, 1× 3” Corner Finisher, 1× 3.5” Corner Finisher, 1× 31”- 50” Corner Finisher Handle, 1× MiniShot, 1× Corner Roller, 1× 3” Nail Spotter, 2× 31”- 50” Corner Roller/Nail Spotter Handle, 1× Outsider Wheel Kit, 1× Bonus Hand Tool Set",,
5-777,"LEVEL5 Corner Roller Handle - 50""",LEVEL5,Drywall Finishing Tools > Automatic Taping Tools > Fixed Handles,5-777,,89.99,LV5-CORNER-ROLLER-HANDLE,"50""",https://drywalltoolbox.com/product/level5-corner-roller-handle-50-inch-5-777,"Brand:LEVEL5; Part Number:5-777; Model:50"" Corner Roller Handle",,
4-777,"LEVEL5 Corner Roller Handle - 54""",LEVEL5,Drywall Finishing Tools > Automatic Taping Tools > Fixed Handles,4-777,,92.22,LV5-CORNER-ROLLER-HANDLE,"54""",https://drywalltoolbox.com/product/level5-corner-roller-handle-54-4-777,"Brand:LEVEL5; Part Number:4-777; Model:54"" Corner Roller Handle",,
4-778,"LEVEL5 50"" Fixed Handle - Corner Applicator",LEVEL5,Drywall Finishing Tools > Automatic Taping Tools > Fixed Handles,4-778,,92.22,LV5-FIXED-HANDLE-50,Corner Applicator,https://drywalltoolbox.com/product/level5-50-fixed-handle-corner-applicator-4-778,Brand:LEVEL5; Part Number:4-778; Model:50” Fixed Handle (Corner Applicator),,
4-779,"LEVEL5 50"" Fixed Handle - Corner Finisher",LEVEL5,Drywall Finishing Tools > Automatic Taping Tools > Fixed Handles,4-779,,92.22,LV5-FIXED-HANDLE-50,Corner Finisher,https://drywalltoolbox.com/product/level5-50-fixed-handle-corner-finisher,Brand:LEVEL5; Part Number:4-779; Model:50” Fixed Handle (Corner Finisher),,
4-792,"LEVEL5 31""- 50"" Corner Roller/Nail Spotter Handle",LEVEL5,Drywall Finishing Tools > Automatic Taping Tools > Extendable Handles,4-792,,179.33,,,https://drywalltoolbox.com/product/level5-31-50-corner-roller-nail-spotter-handle-4-792,"Brand:LEVEL5; Part Number:4-792; Model:31""- 50"" Corner Roller/Nail Spotter Handle",,
4-760,LEVEL5 Automatic Taper,LEVEL5,Drywall Finishing Tools > Automatic Taping Tools > Automatic Tapers,4-760,,1444.99,,,https://drywalltoolbox.com/product/level5-automatic-taper-4-760,Brand:LEVEL5; Part Number:4-760; Model:Automatic Taper,,
4-715,LEVEL5 Box Filler,LEVEL5,Drywall Finishing Tools > Automatic Taping Tools > Box Fillers,4-715,,67.57,,,https://drywalltoolbox.com/product/level5-box-filler-4-715,Brand:LEVEL5; Part Number:4-715; Model:Box Filler,,
4-771,LEVEL5 Compound Pump,LEVEL5,Drywall Finishing Tools > Automatic Taping Tools > Loading Pumps,4-771,,452.62,,,https://drywalltoolbox.com/product/level5-compound-pump-4-771,Brand:LEVEL5; Part Number:4-771; Model:Compound Pump,,
4-741,LEVEL5 Compound Tube,LEVEL5,Drywall Finishing Tools > Semi-Automatic Taping Tools > Compound Tubes,4-741,,203.84,,,https://drywalltoolbox.com/product/level5-compound-tube-4-741,Brand:LEVEL5; Part Number:4-741; Model:Compound Tube,,
4-707,LEVEL5 Corner Roller,LEVEL5,Drywall Finishing Tools > Automatic Taping Tools > Corner Rollers,4-707,,152.14,,,https://drywalltoolbox.com/product/level5-corner-roller-4-707,Brand:LEVEL5; Part Number:4-707; Model:Corner Roller,,
5-311,LEVEL5 Drywall Banjo,LEVEL5,Drywall Finishing Tools > Semi-Automatic Taping Tools > Semi-Automatic Tapers,5-311,,150.29,,,https://drywalltoolbox.com/product/level5-drywall-banjo-5-311,Brand:LEVEL5; Part Number:5-311; Model:Drywall Banjo,,
PT-CF2.5,"Platinum Angle Head Corner Finisher with Wheels - 2.5""",Platinum Drywall Tools,Drywall Finishing Tools > Automatic Taping Tools > Angle Heads,PT-CF2.5,,239.00,PT-CF,2.5 in,https://drywalltoolbox.com/product/platinum-angle-head-corner-finisher-wheels-2-5,"Brand:Platinum Drywall Tools; Manufacturer SKU:PT-CF2.5; Official Product Name:2.5"" Angle Head with Wheels; Display Category:Corner Tools",,
PT-3CF,"Platinum Angle Head Corner Finisher with Wheels - 3""",Platinum Drywall Tools,Drywall Finishing Tools > Automatic Taping Tools > Angle Heads,PT-3CF,,249.00,PT-CF,3 in,https://drywalltoolbox.com/product/platinum-angle-head-corner-finisher-with-wheels-3-inch,"Brand:Platinum Drywall Tools; Manufacturer SKU:PT-3CF; Official Product Name:3"" Angle Head Corner Finisher with Wheels; Display Category:Corner Tools",,
PT-CF3.5,"Platinum Angle Head Corner Finisher with Wheels - 3.5""",Platinum Drywall Tools,Drywall Finishing Tools > Automatic Taping Tools > Angle Heads,PT-CF3.5,,259.00,PT-CF,3.5 in,https://drywalltoolbox.com/product/platinum-angle-head-corner-finisher-wheels-3-5,"Brand:Platinum Drywall Tools; Manufacturer SKU:PT-CF3.5; Official Product Name:3.5"" Angle Head Corner Finisher with Wheels; Display Category:Corner Tools",,
PT-CT24,"Platinum Compound Tube - 24""",Platinum Drywall Tools,Drywall Finishing Tools > Semi-Automatic Taping Tools > Compound Tubes,PT-CT24,,150.00,PT-CT,24 in,https://drywalltoolbox.com/product/platinum-compound-tube-24-pt-ct24,"Brand:Platinum Drywall Tools; Manufacturer SKU:PT-CT24; Official Product Name:24"" Compound Tube; Display Category:Corner Tools",,
PT-CT36,"Platinum Compound Tube - 36""",Platinum Drywall Tools,Drywall Finishing Tools > Semi-Automatic Taping Tools > Compound Tubes,PT-CT36,,155.00,PT-CT,36 in,https://drywalltoolbox.com/product/platinum-compound-tube-36-inch,"Brand:Platinum Drywall Tools; Manufacturer SKU:PT-CT36; Official Product Name:36"" Compound Tube; Display Category:Corner Tools",,
PT-CT42,"Platinum Compound Tube - 42""",Platinum Drywall Tools,Drywall Finishing Tools > Semi-Automatic Taping Tools > Compound Tubes,PT-CT42,,160.00,PT-CT,42 in,https://drywalltoolbox.com/product/platinum-compound-tube-42-inch,"Brand:Platinum Drywall Tools; Manufacturer SKU:PT-CT42; Official Product Name:42"" Compound Tube; Display Category:Corner Tools",,
PT-BH34,"Platinum Flat Box Handle - 34""",Platinum Drywall Tools,Drywall Finishing Tools > Automatic Taping Tools > Flat Box Handles,PT-BH34,,90.00,PT-BH,34 in,https://drywalltoolbox.com/product/platinum-flat-box-handle-34-inch-pt-bh34,"Brand:Platinum Drywall Tools; Manufacturer SKU:PT-BH34; Official Product Name:34"" Flat Box Handle; Display Category:Handles &amp; Extensions",,
PT-BH42,"Platinum Flat Box Handle - 42""",Platinum Drywall Tools,Drywall Finishing Tools > Automatic Taping Tools > Flat Box Handles,PT-BH42,,95.00,PT-BH,42 in,https://drywalltoolbox.com/product/platinum-flat-box-handle-42-inch,"Brand:Platinum Drywall Tools; Manufacturer SKU:PT-BH42; Official Product Name:42"" Flat Box Handle; Display Category:Handles &amp; Extensions",,
PT-BH54,"Platinum Flat Box Handle - 54""",Platinum Drywall Tools,Drywall Finishing Tools > Automatic Taping Tools > Flat Box Handles,PT-BH54,,100.00,PT-BH,54 in,https://drywalltoolbox.com/product/platinum-flat-box-handle-54-inch,"Brand:Platinum Drywall Tools; Manufacturer SKU:PT-BH54; Official Product Name:54"" Flat Box Handle; Display Category:Handles &amp; Extensions",,
PT-10FB,"Platinum Flat Finishing Box - 10""",Platinum Drywall Tools,Drywall Finishing Tools > Automatic Taping Tools > Flat Boxes,PT-10FB,,195.00,PT-FB,10 in,https://drywalltoolbox.com/product/platinum-flat-finishing-box-10-inch,"Brand:Platinum Drywall Tools; Manufacturer SKU:PT-10FB; Official Product Name:10"" Flat Finishing Box; Display Category:Finishing Boxes",,
PT-12FB,"Platinum Flat Finishing Box - 12""",Platinum Drywall Tools,Drywall Finishing Tools > Automatic Taping Tools > Flat Boxes,PT-FB12,,205.00,PT-FB,12 in,https://drywalltoolbox.com/product/platinum-flat-finishing-box-12-inch,"Brand:Platinum Drywall Tools; Manufacturer SKU:PT-FB12; Official Product Name:12"" Flat Finishing Box; Display Category:Finishing Boxes",,
PT-14FB,"Platinum Flat Finishing Box - 14""",Platinum Drywall Tools,Drywall Finishing Tools > Automatic Taping Tools > Flat Boxes,PT-14FB,,215.00,PT-FB,14 in,https://drywalltoolbox.com/product/platinum-14-inch-flat-finishing-box-pt-14fb,"Brand:Platinum Drywall Tools; Manufacturer SKU:PT-14FB; Official Product Name:14"" Flat Finishing Box; Display Category:Finishing Boxes",,
PT-8FB,"Platinum Flat Finishing Box - 8""",Platinum Drywall Tools,Drywall Finishing Tools > Automatic Taping Tools > Flat Boxes,PT-8FB,,185.00,PT-FB,8 in,https://drywalltoolbox.com/product/platinum-flat-finishing-box-8-inch,"Brand:Platinum Drywall Tools; Manufacturer SKU:PT-8FB; Official Product Name:8"" Flat Finishing Box; Display Category:Finishing Boxes",,
4-714,LEVEL5 Gooseneck,LEVEL5,Drywall Finishing Tools > Automatic Taping Tools > Goosenecks,4-714,,101.14,,,https://drywalltoolbox.com/product/level5-gooseneck-4-714,Brand:LEVEL5; Part Number:4-714; Model:Gooseneck,,
4-772,LEVEL5 MiniShot,LEVEL5,Drywall Finishing Tools > Semi-Automatic Taping Tools > Compound Applicators,4-772,,934.99,,,https://drywalltoolbox.com/product/level5-minishot-gas-powered-applicator-4-772,Brand:LEVEL5; Part Number:4-772; Model:MiniShot,,
4-773,LEVEL5 MiniShot Ext. Handle,LEVEL5,Drywall Finishing Tools > Automatic Taping Tools > Extendable Handles,4-773,,73.94,,,https://drywalltoolbox.com/product/level5-minishot-ext-handle-4-773,Brand:LEVEL5; Part Number:4-773; Model:MiniShot Ext. Handle,,
4-746,LEVEL5 Outside Corner Tool,LEVEL5,Drywall Finishing Tools > Automatic Taping Tools > Corner Rollers,4-746,,73.94,,,https://drywalltoolbox.com/product/level5-outside-corner-tool-4-746,Brand:LEVEL5; Part Number:4-746; Model:Outside Corner Tool,,
PT-2NS,"Platinum Nail Spotter - 2""",Platinum Drywall Tools,Drywall Finishing Tools > Automatic Taping Tools > Nail Spotters,PT-2NS,,160.00,PT-NS,2 in,https://drywalltoolbox.com/product/platinum-nail-spotter-2-inch-pt-2ns,"Brand:Platinum Drywall Tools; Manufacturer SKU:PT-2NS; Official Product Name:2"" Nail Spotter; Display Category:Nail Spotters",,
PT-3NS,"Platinum Nail Spotter - 3""",Platinum Drywall Tools,Drywall Finishing Tools > Automatic Taping Tools > Nail Spotters,PT-3NS,,160.00,PT-NS,3 in,https://drywalltoolbox.com/product/platinum-nail-spotter-3-inch-pt-3ns,"Brand:Platinum Drywall Tools; Manufacturer SKU:PT-3NS; Official Product Name:3"" Nail Spotter; Display Category:Nail Spotters",,
PT-3.5CF,"Platinum Stainless Steel Corner Flusher - 3.5""",Platinum Drywall Tools,Drywall Finishing Tools > Semi-Automatic Taping Tools > Corner Flushers,PT-3.5CF,,80.00,PT-SSCF,3.5 in,https://drywalltoolbox.com/product/platinum-stainless-steel-corner-flusher-3-5,Brand:Platinum Drywall Tools; Manufacturer SKU:PT-3.5CF; Official Product Name:Platinum 3.5 Corner Flusher; Display Category:Corner Tools,,
PT-2.5CF,"Platinum Stainless Steel Corner Flusher - 2.5""",Platinum Drywall Tools,Drywall Finishing Tools > Semi-Automatic Taping Tools > Corner Flushers,PT-2.5CF,,75.00,PT-SSCF,2.5 in,https://drywalltoolbox.com/product/platinum-stainless-steel-corner-flusher-2-5,"Brand:Platinum Drywall Tools; Manufacturer SKU:PT-2.5CF; Official Product Name:Corner Flusher 2.5""; Display Category:Corner Tools",,
PT-CFH50,"Platinum 50"" Corner Tool Handle - Angle Head",Platinum Drywall Tools,Drywall Finishing Tools > Automatic Taping Tools > Fixed Handles,PT-CFH50,,49.00,PT-CORNER-HANDLE-50,Angle Head,https://drywalltoolbox.com/product/platinum-50-inch-corner-tool-handle-angle-head,"Brand:Platinum Drywall Tools; Manufacturer SKU:PT-CFH50; Official Product Name:50"" Angle Head Handle; Display Category:Handles &amp; Extensions",,
PT-CAH50,"Platinum 50"" Corner Tool Handle - Corner Box",Platinum Drywall Tools,Drywall Finishing Tools > Automatic Taping Tools > Fixed Handles,PT-CAH50,,49.00,PT-CORNER-HANDLE-50,Corner Box,https://drywalltoolbox.com/product/platinum-50-corner-box-handle-pt-cah50,"Brand:Platinum Drywall Tools; Manufacturer SKU:PT-CAH50; Official Product Name:50"" Corner Box Handle; Display Category:Handles &amp; Extensions",,
PT-CRH50,"Platinum 50"" Corner Tool Handle - Corner Roller",Platinum Drywall Tools,Drywall Finishing Tools > Automatic Taping Tools > Fixed Handles,PT-CRH50,,59.00,PT-CORNER-HANDLE-50,Corner Roller,https://drywalltoolbox.com/product/platinum-50-corner-tool-handle-corner-roller,"Brand:Platinum Drywall Tools; Manufacturer SKU:PT-CRH50; Official Product Name:50"" Corner Roller Handle; Display Category:Handles &amp; Extensions",,
PT-ICA,Platinum 90° Corner Applicator - Inside,Platinum Drywall Tools,Drywall Finishing Tools > Semi-Automatic Taping Tools > Compound Applicators,PT-ICA,,59.00,PT-90-APPLICATOR,Inside,https://drywalltoolbox.com/product/platinum-inside-90-degree-corner-applicator-pt-ica,Brand:Platinum Drywall Tools; Manufacturer SKU:PT-ICA; Official Product Name:Inside 90 Degree Applicator; Display Category:Corner Tools,,
PT-OCA,Platinum 90° Corner Applicator - Outside,Platinum Drywall Tools,Drywall Finishing Tools > Semi-Automatic Taping Tools > Compound Applicators,PT-OCA,,59.00,PT-90-APPLICATOR,Outside,https://drywalltoolbox.com/product/platinum-90-degree-corner-applicator-outside,Brand:Platinum Drywall Tools; Manufacturer SKU:PT-OCA; Official Product Name:Outside 90 Degree Applicator; Display Category:Corner Tools,,
PT-CRE,Platinum Corner Roller - ECO Inside,Platinum Drywall Tools,Drywall Finishing Tools > Automatic Taping Tools > Corner Rollers,PT-CRE,,59.00,PT-CORNER-ROLLER,ECO Inside,https://drywalltoolbox.com/product/platinum-corner-roller-eco-inside-pt-cre,Brand:Platinum Drywall Tools; Manufacturer SKU:PT-CRE; Official Product Name:ECO Inside Corner Roller; Display Category:Corner Tools,,
PT-CR,Platinum Corner Roller - Inside,Platinum Drywall Tools,Drywall Finishing Tools > Automatic Taping Tools > Corner Rollers,PT-CR,,79.99,PT-CORNER-ROLLER,Inside,https://drywalltoolbox.com/product/platinum-corner-roller-inside-pt-cr,Brand:Platinum Drywall Tools; Manufacturer SKU:PT-CR; Official Product Name:Inside Corner Roller; Display Category:Corner Tools,,
PT-OCR,Platinum Corner Roller - Outside 90°,Platinum Drywall Tools,Drywall Finishing Tools > Automatic Taping Tools > Corner Rollers,PT-OCR,,69.99,PT-CORNER-ROLLER,Outside 90°,https://drywalltoolbox.com/product/platinum-outside-90-corner-roller,Brand:Platinum Drywall Tools; Manufacturer SKU:PT-OCR; Official Product Name:Outside 90° Corner Roller; Display Category:Corner Tools,,
PT-FA,"Platinum 4"" Flat Applicator",Platinum Drywall Tools,Drywall Finishing Tools > Semi-Automatic Taping Tools > Compound Applicators,PT-FA,,59.00,,,https://drywalltoolbox.com/product/platinum-4-inch-flat-applicator-pt-fa,"Brand:Platinum Drywall Tools; Manufacturer SKU:PT-FA; Official Product Name:4"" Flat Applicator; Display Category:Corner Tools",,
PT-CA8,"Platinum 8"" Corner Applicator",Platinum Drywall Tools,Drywall Finishing Tools > Semi-Automatic Taping Tools > Compound Applicators,PT-CA8,,159.00,,,https://drywalltoolbox.com/product/platinum-8-inch-corner-applicator-pt-ca8,"Brand:Platinum Drywall Tools; Manufacturer SKU:PT-CA8; Official Product Name:8"" Corner Applicator; Display Category:Corner Tools",,
PT-BF,Platinum Box Filler Attachment,Platinum Drywall Tools,Drywall Finishing Tools > Automatic Taping Tools > Box Fillers,PT-BF,,49.00,,,https://drywalltoolbox.com/product/platinum-box-filler-attachment-pt-bf,Brand:Platinum Drywall Tools; Manufacturer SKU:PT-BF; Official Product Name:Box Filler Attachment; Display Category:Mud Pans &amp; Pumps,,
PT-CP,Platinum Drywall Pump w/Filler,Platinum Drywall Tools,Drywall Finishing Tools > Automatic Taping Tools > Loading Pumps,PT-CP,,269.0,,,https://drywalltoolbox.com/product/platinum-drywall-pump-filler-pt-cp,Brand:Platinum Drywall Tools; Part Number:PTCP; Model:Platinum Drywall Pump w/Filler (PT-CP),,
PT-FIN,Platinum Drywall Starter Finishing Set,Platinum Drywall Tools,Drywall Finishing Tools > Automatic Taping Tools > Automatic Taping Tool Sets,PT-FIN,,1399.00,,,https://drywalltoolbox.com/product/platinum-drywall-starter-finishing-set-pt-fin,"Brand:Platinum Drywall Tools; Manufacturer SKU:PT-FIN; Official Product Name:Platinum Drywall Starter Finishing Set; Display Category:Tool Sets &amp; Kits; Set Includes:1x 10 in. Flat Finishing Box, 1x 12 in. Flat Finishing Box, 1x Inside Corner Roller, 1x 8 in. Corner Applicator / Angle Box, 1x 3 in. Angle Head Corner Finisher with Wheels, 1x Drywall Pump with Filler, 1x Box Filler Attachment, 1x Flat Box Handle, 1x 50 in. Corner Roller Handle, 1x 50 in. Corner Box Handle, 1x 50 in. Angle Head Handle",,
PT-EXT3IN1-1,Platinum Extendable Angle Head Handle,Platinum Drywall Tools,Drywall Finishing Tools > Automatic Taping Tools > Extendable Handles,PT-EXT3IN1-1,,75.00,,,https://drywalltoolbox.com/product/platinum-extendable-angle-head-handle-pt-ext3in1-1,Brand:Platinum Drywall Tools; Manufacturer SKU:PT-EXT3IN1-1; Official Product Name:Extendable Angle Head Handle; Display Category:Handles &amp; Extensions,,
PT-EBH,"Platinum Extendable Flat Box Handle 40"" – 64""",Platinum Drywall Tools,Drywall Finishing Tools > Automatic Taping Tools > Flat Box Handles,PT-EBH,,169.00,,,https://drywalltoolbox.com/product/platinum-extendable-flat-box-handle-40-64-pt-ebh,"Brand:Platinum Drywall Tools; Manufacturer SKU:PT-EBH; Official Product Name:Extendable Flat Box Handle 40"" – 64""; Display Category:Handles &amp; Extensions",,
S1-A-1624,"SurPro S1 Aluminum Drywall Stilts - 16""-24""",SurPro,Drywall Finishing Tools > Stilts,S1-A-1624,,322.00,SP-S1-A,"16""-24""",https://drywalltoolbox.com/product/surpro-s1-aluminum-drywall-stilts-16-24,"Brand:SurPro; Material:Aluminum; Side Poles:Single; Height Range:16""-24""; Condition:New",,
S1-A-2030,"SurPro S1 Aluminum Drywall Stilts - 20""-30""",SurPro,Drywall Finishing Tools > Stilts,S1-A-2030,,331.00,SP-S1-A,"20""-30""",https://drywalltoolbox.com/product/surpro-s1-aluminum-drywall-stilts-20-30,"Brand:SurPro; Material:Aluminum; Side Poles:Single; Height Range:20""-30""; Condition:New",,
S1-A-2640,"SurPro S1 Aluminum Drywall Stilts - 26""-40""",SurPro,Drywall Finishing Tools > Stilts,S1-A-2640,,340.00,SP-S1-A,"26""-40""",https://drywalltoolbox.com/product/surpro-s1-aluminum-drywall-stilts-26-40,"Brand:SurPro; Material:Aluminum; Side Poles:Single; Height Range:26""-40""; Condition:New",,
S1-M-1624,"SurPro S1 Magnesium Drywall Stilts - 16""-24""",SurPro,Drywall Finishing Tools > Stilts,S1-M-1624,,368.00,SP-S1-M,"16""-24""",https://drywalltoolbox.com/product/surpro-s1-magnesium-drywall-stilts-16-24,"Brand:SurPro; Material:Magnesium; Side Poles:Single; Height Range:16""-24""; Condition:New",,
S1-M-2030,"SurPro S1 Magnesium Drywall Stilts - 20""-30""",SurPro,Drywall Finishing Tools > Stilts,S1-M-2030,,376.50,SP-S1-M,"20""-30""",https://drywalltoolbox.com/product/surpro-s1-magnesium-stilts-20-30,"Brand:SurPro; Material:Magnesium; Side Poles:Single; Height Range:20""-30""; Condition:New",,
S1-M-2640,"SurPro S1 Magnesium Drywall Stilts - 26""-40""",SurPro,Drywall Finishing Tools > Stilts,S1-M-2640,,385.00,SP-S1-M,"26""-40""",https://drywalltoolbox.com/product/surpro-s1-magnesium-drywall-stilts-26-40,"Brand:SurPro; Material:Magnesium; Side Poles:Single; Height Range:26""-40""; Condition:New",,
S1X-A-2131,"SurPro S1X Aluminum Drywall Stilts - 21""-31""",SurPro,Drywall Finishing Tools > Stilts,S1X-A-2131,,407.00,SP-S1X-A,"21""-31""",https://drywalltoolbox.com/product/surpro-s1x-aluminum-drywall-stilts-21-31,"Brand:SurPro; Material:Aluminum; Side Poles:Single; Height Range:21""-31""; Condition:New",,
S1X-A-2640,"SurPro S1X Aluminum Drywall Stilts - 26""-40""",SurPro,Drywall Finishing Tools > Stilts,S1X-A-2640,,407.00,SP-S1X-A,"26""-40""",https://drywalltoolbox.com/product/surpro-s1x-aluminum-drywall-stilts-26-40,"Brand:SurPro; Material:Aluminum; Side Poles:Single; Height Range:26""-40""; Condition:New",,
S1X-M-2131,"SurPro S1X Magnesium Drywall Stilts - 21""-31""",SurPro,Drywall Finishing Tools > Stilts,S1X-M-2131,,430.00,SP-S1X-M,"21""-31""",https://drywalltoolbox.com/product/surpro-s1x-magnesium-drywall-stilts-21-31,"Brand:SurPro; Material:Magnesium; Side Poles:Single; Height Range:21""-31""; Condition:New",,
S1X-M-2640,"SurPro S1X Magnesium Drywall Stilts - 26""-40""",SurPro,Drywall Finishing Tools > Stilts,S1X-M-2640,,441.00,SP-S1X-M,"26""-40""",https://drywalltoolbox.com/product/surpro-s1x-magnesium-drywall-stilts-26-40,"Brand:SurPro; Material:Magnesium; Side Poles:Single; Height Range:26""-40""; Condition:New",,
S2-A-1624,"SurPro S2 Aluminum Drywall Stilts - 16""-24""",SurPro,Drywall Finishing Tools > Stilts,S2-A-1624,,356.00,SP-S2-A,"16""-24""",https://drywalltoolbox.com/product/surpro-s2-aluminum-drywall-stilts-16-24-s2-a-1624,"Brand:SurPro; Material:Aluminum; Side Poles:Double; Height Range:16""-24""; Max Load:225 lb per pair; Condition:New",,
S2-A-2030,"SurPro S2 Aluminum Drywall Stilts - 20""-30""",SurPro,Drywall Finishing Tools > Stilts,S2-A-2030,,365.00,SP-S2-A,"20""-30""",https://drywalltoolbox.com/product/surpro-s2-aluminum-drywall-stilts-20-30,"Brand:SurPro; Material:Aluminum; Side Poles:Double; Height Range:20""-30""; Max Load:225 lb per pair; Condition:New",,
S2-A-2640,"SurPro S2 Aluminum Drywall Stilts - 26""-40""",SurPro,Drywall Finishing Tools > Stilts,S2-A-2640,,374.00,SP-S2-A,"26""-40""",https://drywalltoolbox.com/product/surpro-s2-aluminum-drywall-stilts-26-40,"Brand:SurPro; Material:Aluminum; Side Poles:Double; Height Range:26""-40""; Max Load:225 lb per pair; Condition:New",,
S2-M-1624,"SurPro S2 Magnesium Drywall Stilts - 16""-24""",SurPro,Drywall Finishing Tools > Stilts,S2-M-1624,,395.00,SP-S2-M,"16""-24""",https://drywalltoolbox.com/product/surpro-s2-magnesium-drywall-stilts-16-24,"Brand:SurPro; Material:Magnesium; Side Poles:Double; Height Range:16""-24""; Max Load:225 lb per pair; Condition:New",,
S2-M-2030,"SurPro S2 Magnesium Drywall Stilts - 20""-30""",SurPro,Drywall Finishing Tools > Stilts,S2-M-2030,,403.50,SP-S2-M,"20""-30""",https://drywalltoolbox.com/product/surpro-s2-magnesium-stilts-20-30-s2-m-2030,"Brand:SurPro; Material:Magnesium; Side Poles:Double; Height Range:20""-30""; Max Load:225 lb per pair; Condition:New",,
S2-M-2640,"SurPro S2 Magnesium Drywall Stilts - 26""-40""",SurPro,Drywall Finishing Tools > Stilts,S2-M-2640,,412.00,SP-S2-M,"26""-40""",https://drywalltoolbox.com/product/surpro-s2-magnesium-drywall-stilts-26-40,"Brand:SurPro; Material:Magnesium; Side Poles:Double; Height Range:26""-40""; Max Load:225 lb per pair; Condition:New",,
PT-MNBH,Platinum Mini Box Handle,Platinum Drywall Tools,Drywall Finishing Tools > Automatic Taping Tools > Flat Box Handles,PT-MNBH,,62.00,,,https://drywalltoolbox.com/product/platinum-mini-box-handle-pt-mnbh,Brand:Platinum Drywall Tools; Manufacturer SKU:PT-MNBH; Official Product Name:Mini Box Handle; Display Category:Handles &amp; Extensions,,
PT-AICA,Platinum 4 Wheel Inside Angle / Corner Applicator,Platinum Drywall Tools,Drywall Finishing Tools > Semi-Automatic Taping Tools > Compound Applicators,PT-AICA,,89.00,,,https://drywalltoolbox.com/product/platinum-4-wheel-inside-angle-corner-applicator-pt-aica,Brand:Platinum Drywall Tools; Manufacturer SKU:PT-AICA; Official Product Name:4 Wheel Inside Angle / Corner Applicator; Display Category:Corner Tools,,
PT-TP,Platinum Semi Automatic Drywall Taper,Platinum Drywall Tools,Drywall Finishing Tools > Semi-Automatic Taping Tools > Semi-Automatic Tapers,PT-TP,,145.00,,,https://drywalltoolbox.com/product/platinum-semi-automatic-drywall-taper-pt-tp,Brand:Platinum Drywall Tools; Manufacturer SKU:PT-TP; Official Product Name:Semi Automatic Drywall Taper; Display Category:Semi-Automatic Tapers,,
PT-GN,Platinum Gooseneck,Platinum Drywall Tools,Drywall Finishing Tools > Automatic Taping Tools > Goosenecks,GN,,59.00,,,https://drywalltoolbox.com/product/platinum-drywall-tools-gooseneck-stainless-steel-pump-attachment,Brand:Platinum Drywall Tools; Manufacturer SKU:GN; Official Product Name:Gooseneck; Display Category:Mud Pans &amp; Pumps,,
S2X-A-3852,"SurPro S2X Aluminum Drywall Stilts - 38""-52""",SurPro,Drywall Finishing Tools > Stilts,S2X-A-3852,,486.00,SP-S2X-A,"38""-52""",https://drywalltoolbox.com/product/surpro-s2x-aluminum-drywall-stilts-38-52,"Brand:SurPro; Material:Aluminum; Side Poles:Double; Height Range:38""-52""; Max Load:225 lb per pair; Condition:New",,
S2X-A-2640,"SurPro S2X Aluminum Drywall Stilts - 26""-40""",SurPro,Drywall Finishing Tools > Stilts,S2X-A-2640,,457.00,SP-S2X-A,"26""-40""",https://drywalltoolbox.com/product/surpro-s2x-aluminum-drywall-stilts-26-40,"Brand:SurPro; Material:Aluminum; Side Poles:Double; Height Range:26""-40""; Max Load:225 lb per pair; Condition:New",,
S2X-M-2131,"SurPro S2X Magnesium Drywall Stilts - 21""-31""",SurPro,Drywall Finishing Tools > Stilts,S2X-M-2131,,479.00,SP-S2X-M,"21""-31""",https://drywalltoolbox.com/product/surpro-s2x-magnesium-drywall-stilts-21-31,"Brand:SurPro; Material:Magnesium; Side Poles:Double; Height Range:21""-31""; Max Load:225 lb per pair; Condition:New",,
S2X-M-2640,"SurPro S2X Magnesium Drywall Stilts - 26""-40""",SurPro,Drywall Finishing Tools > Stilts,S2X-M-2640,,490.00,SP-S2X-M,"26""-40""",https://drywalltoolbox.com/product/surpro-s2x-magnesium-stilts-26-40,"Brand:SurPro; Material:Magnesium; Side Poles:Double; Height Range:26""-40""; Max Load:225 lb per pair; Condition:New",,
16TT,TapeTech Applicator Head - Outside Corner,TapeTech,Drywall Finishing Tools > Semi-Automatic Taping Tools > Compound Applicators,16TT,873876000395,85.00,TT-APPLICATOR-HEAD,Outside Corner,https://drywalltoolbox.com/product/tapetech-applicator-head-outside-corner-16tt,Brand:TapeTech; Part Number:16TT; Model:16TT; Corner Type:Outside Corner,,
16TT90,TapeTech Applicator Head - Inside Corner,TapeTech,Drywall Finishing Tools > Semi-Automatic Taping Tools > Compound Applicators,16TT90,873876000401,85.00,TT-APPLICATOR-HEAD,Inside Corner,https://drywalltoolbox.com/product/tapetech-applicator-head-inside-corner-16tt90,Brand:TapeTech; Part Number:16TT90; Model:16TT90; Corner Type:Inside Corner,,
BHE-SW,"TapeTech Brakeless Box Handle - Rotational Extendable 34""-60""",TapeTech,Drywall Finishing Tools > Automatic Taping Tools > Flat Box Handles,BHE-SW,873876000890,329.00,TT-BRAKELESS-BOX-HANDLE,"Rotational Extendable 34""-60""",https://drywalltoolbox.com/product/tapetech-brakeless-box-handle-rotational-extendable-34-60,Brand:TapeTech; Part Number:BHE-SW; Model:BHE-SW,,
BH,"TapeTech Brakeless Box Handle - Fixed 34""",TapeTech,Drywall Finishing Tools > Automatic Taping Tools > Flat Box Handles,BH,873876000906,149.00,TT-BRAKELESS-BOX-HANDLE,"Fixed 34""",https://drywalltoolbox.com/product/tapetech-brakeless-box-handle-fixed-34-bh,Brand:TapeTech; Part Number:BH; Model:BH,,
BHE,"TapeTech Brakeless Box Handle - Extendable 34""-60""",TapeTech,Drywall Finishing Tools > Automatic Taping Tools > Flat Box Handles,BHE,873876000883,299.00,TT-BRAKELESS-BOX-HANDLE,"Extendable 34""-60""",https://drywalltoolbox.com/product/tapetech-brakeless-box-handle-extendable-34-60-bhe,Brand:TapeTech; Part Number:BHE; Model:BHE,,
TTPFB,TapeTech Paper Faced Bead Pro Set,TapeTech,Drywall Finishing Tools > Automatic Taping Tools > Automatic Taping Tool Sets,TTPFB,,1949.00,,,https://drywalltoolbox.com/product/tapetech-paper-faced-bead-pro-set-ttpfb,"Brand:TapeTech; Part Number:TTPFB; Model:TTPFB; Set Includes:1× MudRunner Applicator, 1× Outside Corner Roller, 1× 90° Outside Corner Mud Head, 1× 90° Inside Corner Mud Head, 1× Loading Pump, 1× Flat Box Filler, 1× Corner Finisher Adapter, 1× Extendable Handle",,
TTBTS,TapeTech Basic Taping Set,TapeTech,Drywall Finishing Tools > Automatic Taping Tools > Automatic Taping Tool Sets,TTBTS,,2829.00,,,https://drywalltoolbox.com/product/tapetech-basic-taping-set-ttbts,"Brand:TapeTech; Part Number:TTBTS; Model:TTBTS; Set Includes:1× EasyClean Automatic Taper, 1× Corner Roller, 1× 3 in. EasyRoll Adjustable Corner Finisher, 1× Loading Pump, 1× Gooseneck, 1× Corner Finisher Adapter, 1× Fiberglass Support Handle",,
TTPPS-EF,TapeTech Pro Performance Easy Finish Set,TapeTech,Drywall Finishing Tools > Automatic Taping Tools > Automatic Taping Tool Sets,TTPPS-EF,,7295.00,,,https://drywalltoolbox.com/product/tapetech-pro-performance-easy-finish-set-ttpps-ef,"Brand:TapeTech; Part Number:TTPPS-EF; Model:TTPPS-EF; Set Includes:1× EasyClean Automatic Taper, 1× 10 in. PowerAssist MaxxBox, 1× 12 in. PowerAssist MaxxBox, 1× Corner Roller, 1× 2.5 in. Corner Finisher, 1× 3 in. EasyRoll Adjustable Corner Finisher, 1× 2 in. EasyClean Nail Spotter, 1× 3 in. EasyClean Nail Spotter, 1× MudRunner Applicator, 2× Loading Pumps, 1× Gooseneck, 1× Flat Box Filler, 1× Corner Finisher Adapter, 3× Extendable Handles, 2× Flat Box XTender Handles",,
TTSFS-2,TapeTech Standard Full Set - With 2 Pumps,TapeTech,Drywall Finishing Tools > Automatic Taping Tools > Automatic Taping Tool Sets,TTSFS-2,,5357.00,,With 2 Pumps,https://drywalltoolbox.com/product/tapetech-standard-full-set-2-pumps-ttsfs-2,"Brand:TapeTech; Part Number:TTSFS-2; Model:TTSFS-2; Set Includes:1× EasyClean Automatic Taper, 1× 10 in. EasyClean Flat Box, 1× 12 in. EasyClean Flat Box, 1× Corner Roller, 1× 2.5 in. Corner Finisher, 1× 3 in. EasyRoll Adjustable Corner Finisher, 1× 8 in. Corner Applicator, 2× Loading Pumps, 1× Gooseneck, 1× Flat Box Filler, 1× Corner Finisher Adapter, 1× 42 in. Flat Box Handle, 2× Extendable Handles",,
TTCFS,TapeTech Corner Finishing Set,TapeTech,Drywall Finishing Tools > Automatic Taping Tools > Automatic Taping Tool Sets,TTCFS,,1416.00,,,https://drywalltoolbox.com/product/tapetech-corner-finishing-set-ttcfs,"Brand:TapeTech; Part Number:TTCFS; Model:TTCFS; Set Includes:1× 3 in. EasyRoll Adjustable Corner Finisher, 1× 8 in. Corner Applicator, 1× Loading Pump, 1× Flat Box Filler, 1× Extendable Handle",,
TTSFS,TapeTech Standard Full Set - Standard,TapeTech,Drywall Finishing Tools > Automatic Taping Tools > Automatic Taping Tool Sets,TTSFS,,4958.00,,Standard,https://drywalltoolbox.com/product/tapetech-standard-full-set-standard,"Brand:TapeTech; Part Number:TTSFS; Model:TTSFS; Set Includes:1× EasyClean Automatic Taper, 1× 10 in. EasyClean Flat Box, 1× 12 in. EasyClean Flat Box, 1× Corner Roller, 1× 2.5 in. Corner Finisher, 1× 3 in. EasyRoll Adjustable Corner Finisher, 1× 8 in. Corner Applicator, 1× Loading Pump, 1× Gooseneck, 1× Flat Box Filler, 1× Corner Finisher Adapter, 1× 42 in. Flat Box Handle, 2× Extendable Handles",,
TTPPS,TapeTech Pro Performance Set,TapeTech,Drywall Finishing Tools > Automatic Taping Tools > Automatic Taping Tool Sets,TTPPS,,6625.00,,,https://drywalltoolbox.com/product/tapetech-pro-performance-set-ttpps,"Brand:TapeTech; Part Number:TTPPS; Model:TTPPS; Set Includes:1× EasyClean Automatic Taper, 1× 10 in. EasyClean Flat Box, 1× 12 in. EasyClean Flat Box, 1× Corner Roller, 1× 2.5 in. Corner Finisher, 1× 3 in. EasyRoll Adjustable Corner Finisher, 1× 8 in. Corner Applicator, 1× 2 in. EasyClean Nail Spotter, 1× 3 in. EasyClean Nail Spotter, 2× Loading Pumps, 1× Gooseneck, 1× Flat Box Filler, 1× Corner Finisher Adapter, 3× Extendable Handles, 2× Flat Box XTender Handles",,
TTPSS,TapeTech Professional Starter Set,TapeTech,Drywall Finishing Tools > Automatic Taping Tools > Automatic Taping Tool Sets,TTPSS,,4559.00,,,https://drywalltoolbox.com/product/tapetech-professional-starter-set-ttpss,"Brand:TapeTech; Part Number:TTPSS; Model:TTPSS; Set Includes:1× EasyClean Automatic Taper, 1× 10 in. EasyClean Flat Box, 1× 12 in. EasyClean Flat Box, 1× Corner Roller, 1× 3 in. EasyRoll Adjustable Corner Finisher, 1× 8 in. Corner Applicator, 1× Loading Pump, 1× Gooseneck, 1× Flat Box Filler, 1× Corner Finisher Adapter, 2× Extendable Handles",,
TTBBS,TapeTech Basic Box Set,TapeTech,Drywall Finishing Tools > Automatic Taping Tools > Automatic Taping Tool Sets,TTBBS,,1644.00,,,https://drywalltoolbox.com/product/tapetech-basic-box-set-ttbbs,"Brand:TapeTech; Part Number:TTBBS; Model:TTBBS; Set Includes:1× 10 in. EasyClean Flat Box, 1× 12 in. EasyClean Flat Box, 1× Loading Pump, 1× Flat Box Filler, 1× Flat Box XTender Handle",,
TTCFS-M,TapeTech MudRunner Corner Finishing Set,TapeTech,Drywall Finishing Tools > Automatic Taping Tools > Automatic Taping Tool Sets,TTCFS-M,,1928.00,,,https://drywalltoolbox.com/product/tapetech-mudrunner-corner-finishing-set-ttcfs-m,"Brand:TapeTech; Part Number:TTCFS-M; Model:TTCFS-M; Set Includes:1× 3″ EZ Roll™ Adjustable Corner Finisher, 1× MudRunner Applicator, 1× Loading Pump, 1× Flat Box Filler",,
CF25COMBO,"TapeTech Combo Corner Flusher - 2.5""",TapeTech,Drywall Finishing Tools > Semi-Automatic Taping Tools > Corner Flushers,CF25COMBO,,179.00,TT-COMBO-CORNER-FLUSHER,"2.5""",https://drywalltoolbox.com/product/tapetech-combo-corner-flusher-2-5,"Brand:TapeTech; Part Number:CF25COMBO; Model:CF25COMBO; Size:2.5""",,
CF30COMBO,"TapeTech Combo Corner Flusher - 3""",TapeTech,Drywall Finishing Tools > Semi-Automatic Taping Tools > Corner Flushers,CF30COMBO,,184.00,TT-COMBO-CORNER-FLUSHER,"3""",https://drywalltoolbox.com/product/tapetech-3-inch-combo-corner-flusher-cf30combo,"Brand:TapeTech; Part Number:CF30COMBO; Model:CF30COMBO; Size:3""",,
CF35COMBO,"TapeTech Combo Corner Flusher - 3.5""",TapeTech,Drywall Finishing Tools > Semi-Automatic Taping Tools > Corner Flushers,CF35COMBO,,189.00,TT-COMBO-CORNER-FLUSHER,"3.5""",https://drywalltoolbox.com/product/tapetech-combo-corner-flusher-3-5-cf35combo,"Brand:TapeTech; Part Number:CF35COMBO; Model:CF35COMBO; Size:3.5""",,
CF40COMBO,"TapeTech Combo Corner Flusher - 4""",TapeTech,Drywall Finishing Tools > Semi-Automatic Taping Tools > Corner Flushers,CF40COMBO,,194.00,TT-COMBO-CORNER-FLUSHER,"4""",https://drywalltoolbox.com/product/tapetech-4-inch-combo-corner-flusher-cf40combo,"Brand:TapeTech; Part Number:CF40COMBO; Model:CF40COMBO; Size:4""",,
CT24TT,"TapeTech Compound Tube - 24""",TapeTech,Drywall Finishing Tools > Semi-Automatic Taping Tools > Compound Tubes,CT24TT,873876002245,189.00,TT-COMPOUND-TUBE,"24""",https://drywalltoolbox.com/product/tapetech-compound-tube-24-ct24tt,"Brand:TapeTech; Part Number:CT24TT; Model:CT24TT; Weight:6.5 lbs; Dimensions:6 in × 48 in × 6 in; Size:24""",,
CT36TT,"TapeTech Compound Tube - 36""",TapeTech,Drywall Finishing Tools > Semi-Automatic Taping Tools > Compound Tubes,CT36TT,873876002252,199.00,TT-COMPOUND-TUBE,"36""",https://drywalltoolbox.com/product/tapetech-compound-tube-36-ct36tt,"Brand:TapeTech; Part Number:CT36TT; Model:CT36TT; Weight:6.5 lbs; Dimensions:6 in × 48 in × 6 in; Size:36""",,
CT42TT,"TapeTech Compound Tube - 42""",TapeTech,Drywall Finishing Tools > Semi-Automatic Taping Tools > Compound Tubes,CT42TT,873876002269,209.00,TT-COMPOUND-TUBE,"42""",https://drywalltoolbox.com/product/tapetech-compound-tube-42-inch-ct42tt,"Brand:TapeTech; Part Number:CT42TT; Model:CT42TT; Weight:6.5 lbs; Dimensions:6 in × 48 in × 6 in; Size:42""",,
CA07TT,"TapeTech Corner Applicator - 7""",TapeTech,Drywall Finishing Tools > Semi-Automatic Taping Tools > Compound Applicators,CA07TT,873876002788,315.00,TT-CORNER-APPLICATOR,"7""",https://drywalltoolbox.com/product/tapetech-7-inch-corner-applicator-ca07tt,"Brand:TapeTech; Part Number:CA07TT; Model:CA07TT; Size:7""",,
CA08TT,"TapeTech Corner Applicator - 8""",TapeTech,Drywall Finishing Tools > Semi-Automatic Taping Tools > Compound Applicators,CA08TT,873876002795,330.00,TT-CORNER-APPLICATOR,"8""",https://drywalltoolbox.com/product/tapetech-8-inch-corner-applicator-ca08tt,"Brand:TapeTech; Part Number:CA08TT; Model:CA08TT; Size:8""",,
40XTT,"TapeTech Corner Finisher - 2""",TapeTech,Drywall Finishing Tools > Automatic Taping Tools > Angle Heads,40XTT,,389.00,TT-CORNER-FINISHER,"2""",https://drywalltoolbox.com/product/tapetech-corner-finisher-2-inch-40xtt,"Brand:TapeTech; Part Number:40XTT; Model:40XTT; Size:2""",,
42TT,"TapeTech Corner Finisher - 2.5""",TapeTech,Drywall Finishing Tools > Automatic Taping Tools > Angle Heads,42TT,873876002290,399.00,TT-CORNER-FINISHER,"2.5""",https://drywalltoolbox.com/product/tapetech-corner-finisher-2-5-42tt,"Brand:TapeTech; Part Number:42TT; Model:42TT; Size:2.5""",,
48TT,"TapeTech Corner Finisher - 3"" EasyRoll® Adjustable",TapeTech,Drywall Finishing Tools > Automatic Taping Tools > Angle Heads,48TT,873876000562,429.00,TT-CORNER-FINISHER,"3"" EasyRoll® Adjustable",https://drywalltoolbox.com/product/tapetech-corner-finisher-3-inch-easyroll-adjustable-48tt,"Brand:TapeTech; Part Number:48TT; Model:48TT; Size:3"" EasyRoll® Adjustable",,
48XTT,"TapeTech Corner Finisher - 3.5"" EasyRoll® Adjustable",TapeTech,Drywall Finishing Tools > Automatic Taping Tools > Angle Heads,48XTT,,439.00,TT-CORNER-FINISHER,"3.5"" EasyRoll® Adjustable",https://drywalltoolbox.com/product/tapetech-corner-finisher-3-5-easyroll-adjustable-48xtt,"Brand:TapeTech; Part Number:48XTT; Model:48XTT; Size:3.5"" EasyRoll® Adjustable",,
15TTE,TapeTech Corner Roller - Inside Corner,TapeTech,Drywall Finishing Tools > Automatic Taping Tools > Corner Rollers,15TTE,873876000388,189.00,TT-CORNER-ROLLER,Inside Corner,https://drywalltoolbox.com/product/tapetech-corner-roller-inside-corner-15tte,Brand:TapeTech; Part Number:15TTE; Model:15TTE,,
17TT,TapeTech Corner Roller - Outside Corner,TapeTech,Drywall Finishing Tools > Automatic Taping Tools > Corner Rollers,17TT,873876000418,170.00,TT-CORNER-ROLLER,Outside Corner,https://drywalltoolbox.com/product/tapetech-corner-roller-outside-corner-17tt,Brand:TapeTech; Part Number:17TT; Model:17TT,,
17TTE,TapeTech Corner Roller - Flex Tape Outside Corner,TapeTech,Drywall Finishing Tools > Automatic Taping Tools > Corner Rollers,17TTE,873876000425,179.00,TT-CORNER-ROLLER,Flex Tape Outside Corner,https://drywalltoolbox.com/product/tapetech-corner-roller-flex-tape-outside-corner-17tte,Brand:TapeTech; Part Number:17TTE; Model:17TTE,,
CH55TT,TapeTech Cove Applicator Head - 55 mm,TapeTech,Drywall Finishing Tools > Semi-Automatic Taping Tools > Compound Applicators,CH55TT,,99.00,TT-COVE-APPLICATOR-HEAD,55 mm,https://drywalltoolbox.com/product/tapetech-cove-applicator-head-55mm-ch55tt,Brand:TapeTech; Part Number:CH55TT; Model:CH55TT; Size:55 mm,,
CH75TT,TapeTech Cove Applicator Head - 75 mm,TapeTech,Drywall Finishing Tools > Semi-Automatic Taping Tools > Compound Applicators,CH75TT,,99.00,TT-COVE-APPLICATOR-HEAD,75 mm,https://drywalltoolbox.com/product/tapetech-cove-applicator-head-75mm,Brand:TapeTech; Part Number:CH75TT; Model:CH75TT; Size:75 mm,,
CH83TT,TapeTech Cove Applicator Head - 83 mm,TapeTech,Drywall Finishing Tools > Semi-Automatic Taping Tools > Compound Applicators,CH83TT,,99.00,TT-COVE-APPLICATOR-HEAD,83 mm,https://drywalltoolbox.com/product/tapetech-cove-applicator-head-83mm-ch83tt,Brand:TapeTech; Part Number:CH83TT; Model:CH83TT; Size:83 mm,,
CH90TT,TapeTech Cove Applicator Head - 90 mm,TapeTech,Drywall Finishing Tools > Semi-Automatic Taping Tools > Compound Applicators,CH90TT,,99.00,TT-COVE-APPLICATOR-HEAD,90 mm,https://drywalltoolbox.com/product/tapetech-cove-applicator-head-90-mm,Brand:TapeTech; Part Number:CH90TT; Model:CH90TT; Size:90 mm,,
CF25TT,"TapeTech Direct Corner Flusher - 2.5""",TapeTech,Drywall Finishing Tools > Semi-Automatic Taping Tools > Corner Flushers,CF25TT,,114.00,TT-DIRECT-CORNER-FLUSHER,"2.5""",https://drywalltoolbox.com/product/tapetech-direct-corner-flusher-2-5-cf25tt,"Brand:TapeTech; Part Number:CF25TT; Model:CF25TT; Size:2.5""",,
CF30TT,"TapeTech Direct Corner Flusher - 3""",TapeTech,Drywall Finishing Tools > Semi-Automatic Taping Tools > Corner Flushers,CF30TT,,119.00,TT-DIRECT-CORNER-FLUSHER,"3""",https://drywalltoolbox.com/product/tapetech-direct-corner-flusher-3-inch-cf30tt,"Brand:TapeTech; Part Number:CF30TT; Model:CF30TT; Size:3""",,
CF35TT,"TapeTech Direct Corner Flusher - 3.5""",TapeTech,Drywall Finishing Tools > Semi-Automatic Taping Tools > Corner Flushers,CF35TT,,125.00,TT-DIRECT-CORNER-FLUSHER,"3.5""",https://drywalltoolbox.com/product/tapetech-direct-corner-flusher-3-5-cf35tt,"Brand:TapeTech; Part Number:CF35TT; Model:CF35TT; Size:3.5""",,
CF40TT,"TapeTech Direct Corner Flusher - 4""",TapeTech,Drywall Finishing Tools > Semi-Automatic Taping Tools > Corner Flushers,CF40TT,,129.00,TT-DIRECT-CORNER-FLUSHER,"4""",https://drywalltoolbox.com/product/tapetech-direct-corner-flusher-4-inch-cf40tt,"Brand:TapeTech; Part Number:CF40TT; Model:CF40TT; Size:4""",,
03TT,"TapeTech EasyClean® Automatic Taper - Mini-Taper 40.5""",TapeTech,Drywall Finishing Tools > Automatic Taping Tools > Automatic Tapers,03TT,,1775.00,TT-EASYCLEAN-AUTOMATIC-TAPER,"Mini-Taper 40.5""",https://drywalltoolbox.com/product/tapetech-easyclean-mini-taper-40-5-03tt,Brand:TapeTech; Part Number:03TT; Model:03TT,,
07TT,TapeTech EasyClean® Automatic Taper - Standard,TapeTech,Drywall Finishing Tools > Automatic Taping Tools > Automatic Tapers,07TT,873876002146,1599.00,TT-EASYCLEAN-AUTOMATIC-TAPER,Standard,https://drywalltoolbox.com/product/tapetech-easyclean-automatic-taper-standard-07tt,Brand:TapeTech; Part Number:07TT; Model:07TT,,
07TT-C,TapeTech EasyClean® Automatic Taper - Carbon Fiber,TapeTech,Drywall Finishing Tools > Automatic Taping Tools > Automatic Tapers,07TT-C,,1780.00,TT-EASYCLEAN-AUTOMATIC-TAPER,Carbon Fiber,https://drywalltoolbox.com/product/tapetech-easyclean-automatic-taper-carbon-fiber-07tt-c,Brand:TapeTech; Part Number:07TT-C; Model:07TT-C,,
EZ07TT,"TapeTech EasyClean® Finishing Box - 7""",TapeTech,Drywall Finishing Tools > Automatic Taping Tools > Flat Boxes,EZ07TT,873876002603,379.00,TT-EASYCLEAN-FINISHING-BOX,"7""",https://drywalltoolbox.com/product/tapetech-easyclean-finishing-box-7-ez07tt,"Brand:TapeTech; Part Number:EZ07TT; Model:EZ07TT; Size:7""",,
EZ10TT,"TapeTech EasyClean® Finishing Box - 10""",TapeTech,Drywall Finishing Tools > Automatic Taping Tools > Flat Boxes,EZ10TT,873876002610,389.00,TT-EASYCLEAN-FINISHING-BOX,"10""",https://drywalltoolbox.com/product/tapetech-easyclean-finishing-box-10-ez10tt,"Brand:TapeTech; Part Number:EZ10TT; Model:EZ10TT; Size:10""",,
EZ12TT,"TapeTech EasyClean® Finishing Box - 12""",TapeTech,Drywall Finishing Tools > Automatic Taping Tools > Flat Boxes,EZ12TT,873876002627,399.00,TT-EASYCLEAN-FINISHING-BOX,"12""",https://drywalltoolbox.com/product/tapetech-easyclean-finishing-box-12-ez12tt,"Brand:TapeTech; Part Number:EZ12TT; Model:EZ12TT; Size:12""",,
EZ15TT,"TapeTech EasyClean® Finishing Box - 15""",TapeTech,Drywall Finishing Tools > Automatic Taping Tools > Flat Boxes,EZ15TT,,429.00,TT-EASYCLEAN-FINISHING-BOX,"15""",https://drywalltoolbox.com/product/tapetech-easyclean-finishing-box-15-ez15tt,"Brand:TapeTech; Part Number:EZ15TT; Model:EZ15TT; Size:15""",,
76TT,TapeTech EasyClean® Pump - Standard,TapeTech,Drywall Finishing Tools > Automatic Taping Tools > Loading Pumps,76TT,873876002108,399.00,TT-EASYCLEAN-PUMP,Standard,https://drywalltoolbox.com/product/tapetech-easyclean-pump-standard-76tt,Brand:TapeTech; Part Number:76TT; Model:76TT,,
76TT-CA,TapeTech EasyClean® Pump - Canada,TapeTech,Drywall Finishing Tools > Automatic Taping Tools > Loading Pumps,76TT-CA,,409.00,TT-EASYCLEAN-PUMP,Canada,https://drywalltoolbox.com/product/tapetech-easyclean-pump-canada-76tt-ca,Brand:TapeTech; Part Number:76TT-CA; Model:76TT-CA,,
76XLTT,TapeTech EasyClean® Pump - Extra Long,TapeTech,Drywall Finishing Tools > Automatic Taping Tools > Loading Pumps,76XLTT,,659.00,TT-EASYCLEAN-PUMP,Extra Long,https://drywalltoolbox.com/product/tapetech-easyclean-pump-extra-long-76xltt,Brand:TapeTech; Part Number:76XLTT; Model:76XLTT,,
8134TT,"TapeTech EasyFinish™ Box Handle - 34""",TapeTech,Drywall Finishing Tools > Automatic Taping Tools > Flat Box Handles,8134TT,,259.00,TT-EASYFINISH-BOX-HANDLE,"34""",https://drywalltoolbox.com/product/tapetech-easyfinish-box-handle-34-8134tt,"Brand:TapeTech; Part Number:8134TT; Model:8134TT; Length:34""",,
8142TT,"TapeTech EasyFinish™ Box Handle - 42""",TapeTech,Drywall Finishing Tools > Automatic Taping Tools > Flat Box Handles,8142TT,,269.00,TT-EASYFINISH-BOX-HANDLE,"42""",https://drywalltoolbox.com/product/tapetech-easyfinish-box-handle-42-8142tt,"Brand:TapeTech; Part Number:8142TT; Model:8142TT; Length:42""",,
8154TT,"TapeTech EasyFinish™ Box Handle - 54""",TapeTech,Drywall Finishing Tools > Automatic Taping Tools > Flat Box Handles,8154TT,,279.00,TT-EASYFINISH-BOX-HANDLE,"54""",https://drywalltoolbox.com/product/tapetech-easyfinish-box-handle-54-8154tt,"Brand:TapeTech; Part Number:8154TT; Model:8154TT; Length:54""",,
8172TT,"TapeTech EasyFinish™ Box Handle - 72""",TapeTech,Drywall Finishing Tools > Automatic Taping Tools > Flat Box Handles,8172TT,,289.00,TT-EASYFINISH-BOX-HANDLE,"72""",https://drywalltoolbox.com/product/tapetech-easyfinish-box-handle-72-8172tt,"Brand:TapeTech; Part Number:8172TT; Model:8172TT; Length:72""",,
8034TT,"TapeTech Flat Box Handle - 34""",TapeTech,Drywall Finishing Tools > Automatic Taping Tools > Flat Box Handles,8034TT,,229.00,TT-FLAT-BOX-HANDLE,"34""",https://drywalltoolbox.com/product/tapetech-flat-box-handle-34-8034tt,"Brand:TapeTech; Part Number:8034TT; Model:8034TT; Length:34""",,
8042TT,"TapeTech Flat Box Handle - 42""",TapeTech,Drywall Finishing Tools > Automatic Taping Tools > Flat Box Handles,8042TT,,234.00,TT-FLAT-BOX-HANDLE,"42""",https://drywalltoolbox.com/product/tapetech-flat-box-handle-42-8042tt,"Brand:TapeTech; Part Number:8042TT; Model:8042TT; Length:42""",,
8054TT,"TapeTech Flat Box Handle - 54""",TapeTech,Drywall Finishing Tools > Automatic Taping Tools > Flat Box Handles,8054TT,,239.00,TT-FLAT-BOX-HANDLE,"54""",https://drywalltoolbox.com/product/tapetech-flat-box-handle-54-8054tt,"Brand:TapeTech; Part Number:8054TT; Model:8054TT; Length:54""",,
8072TT,"TapeTech Flat Box Handle - 72""",TapeTech,Drywall Finishing Tools > Automatic Taping Tools > Flat Box Handles,8072TT,,249.00,TT-FLAT-BOX-HANDLE,"72""",https://drywalltoolbox.com/product/tapetech-flat-box-handle-72-8072tt,"Brand:TapeTech; Part Number:8072TT; Model:8072TT; Length:72""",,
85T,TapeTech Gooseneck - Standard,TapeTech,Drywall Finishing Tools > Automatic Taping Tools > Goosenecks,85T,,105.00,TT-GOOSENECK,Standard,https://drywalltoolbox.com/product/tapetech-gooseneck-standard-85t,Brand:TapeTech; Part Number:85T; Model:85T,,
85XLTT,TapeTech Gooseneck - Extra Long,TapeTech,Drywall Finishing Tools > Automatic Taping Tools > Goosenecks,85XLTT,,199.00,TT-GOOSENECK,Extra Long,https://drywalltoolbox.com/product/tapetech-gooseneck-extra-long-85xltt,Brand:TapeTech; Part Number:85XLTT; Model:85XLTT,,
EHC07,"TapeTech MaxxBox® High Capacity Finishing Box - 7""",TapeTech,Drywall Finishing Tools > Automatic Taping Tools > Flat Boxes,EHC07,873876002115,419.00,TT-MAXXBOX-HIGH-CAPACITY-FINISHING-BOX,"7""",https://drywalltoolbox.com/product/tapetech-maxxbox-high-capacity-finishing-box-7-inch,"Brand:TapeTech; Part Number:EHC07; Model:EHC07; Size:7""",,
EHC10,"TapeTech MaxxBox® High Capacity Finishing Box - 10""",TapeTech,Drywall Finishing Tools > Automatic Taping Tools > Flat Boxes,EHC10,873876002122,419.00,TT-MAXXBOX-HIGH-CAPACITY-FINISHING-BOX,"10""",https://drywalltoolbox.com/product/tapetech-maxxbox-high-capacity-finishing-box-10,"Brand:TapeTech; Part Number:EHC10; Model:EHC10; Size:10""",,
EHC12,"TapeTech MaxxBox® High Capacity Finishing Box - 12""",TapeTech,Drywall Finishing Tools > Automatic Taping Tools > Flat Boxes,EHC12,873876002139,444.00,TT-MAXXBOX-HIGH-CAPACITY-FINISHING-BOX,"12""",https://drywalltoolbox.com/product/tapetech-maxxbox-high-capacity-finishing-box-12-ehc12,"Brand:TapeTech; Part Number:EHC12; Model:EHC12; Size:12""",,
NS02TT,"TapeTech Nail Spotter - 2""",TapeTech,Drywall Finishing Tools > Automatic Taping Tools > Nail Spotters,NS02TT,,278.00,TT-NAIL-SPOTTER,"2""",https://drywalltoolbox.com/product/tapetech-nail-spotter-2-ns02tt,"Brand:TapeTech; Part Number:NS02TT; Model:NS02TT; Size:2""",,
NS03TT,"TapeTech Nail Spotter - 3""",TapeTech,Drywall Finishing Tools > Automatic Taping Tools > Nail Spotters,NS03TT,,289.00,TT-NAIL-SPOTTER,"3""",https://drywalltoolbox.com/product/tapetech-nail-spotter-3-ns03tt,"Brand:TapeTech; Part Number:NS03TT; Model:NS03TT; Size:3""",,
PAHC07,"TapeTech Power Assist® MaxxBox® Finishing Box - 7""",TapeTech,Drywall Finishing Tools > Automatic Taping Tools > Flat Boxes,PAHC07,873876002306,459.00,TT-POWER-ASSIST-MAXXBOX-FINISHING-BOX,"7""",https://drywalltoolbox.com/product/tapetech-power-assist-maxxbox-finishing-box-7,"Brand:TapeTech; Part Number:PAHC07; Model:PAHC07; Size:7""",,
PAHC10,"TapeTech Power Assist® MaxxBox® Finishing Box - 10""",TapeTech,Drywall Finishing Tools > Automatic Taping Tools > Flat Boxes,PAHC10,873876002313,469.00,TT-POWER-ASSIST-MAXXBOX-FINISHING-BOX,"10""",https://drywalltoolbox.com/product/tapetech-power-assist-maxxbox-finishing-box-10-pahc10,"Brand:TapeTech; Part Number:PAHC10; Model:PAHC10; Size:10""",,
PAHC12,"TapeTech Power Assist® MaxxBox® Finishing Box - 12""",TapeTech,Drywall Finishing Tools > Automatic Taping Tools > Flat Boxes,PAHC12,873876002320,479.00,TT-POWER-ASSIST-MAXXBOX-FINISHING-BOX,"12""",https://drywalltoolbox.com/product/tapetech-power-assist-maxxbox-12-pahc12,"Brand:TapeTech; Part Number:PAHC12; Model:PAHC12; Size:12""",,
QB06-QSX,"TapeTech QuickBox® QSX Finishing Box - 6.5""",TapeTech,Drywall Finishing Tools > Automatic Taping Tools > Flat Boxes,QB06-QSX,,149.00,TT-QUICKBOX-QSX-FINISHING-BOX,"6.5""",https://drywalltoolbox.com/product/tapetech-quickbox-qsx-finishing-box-6-5,"Brand:TapeTech; Part Number:QB06-QSX; Model:QB06-QSX; Size:6.5""",,
QB08-QSX,"TapeTech QuickBox® QSX Finishing Box - 8.5""",TapeTech,Drywall Finishing Tools > Automatic Taping Tools > Flat Boxes,QB08-QSX,,174.00,TT-QUICKBOX-QSX-FINISHING-BOX,"8.5""",https://drywalltoolbox.com/product/tapetech-quickbox-qsx-finishing-box-8-5,"Brand:TapeTech; Part Number:QB08-QSX; Model:QB08-QSX; Size:8.5""",,
FHTT,TapeTech Support Handle - Fiberglass,TapeTech,Drywall Finishing Tools > Semi-Automatic Taping Tools > Semi-Automatic Taping Tool Accessories,FHTT,873876002726,59.00,TT-SUPPORT-HANDLE,Fiberglass,https://drywalltoolbox.com/product/tapetech-support-handle-fiberglass-fhtt,Brand:TapeTech; Part Number:FHTT; Model:FHTT,,
FHTT-CC,TapeTech Support Handle - Closet Crusher Fiberglass,TapeTech,Drywall Finishing Tools > Semi-Automatic Taping Tools > Semi-Automatic Taping Tool Accessories,FHTT-CC,,50.00,TT-SUPPORT-HANDLE,Closet Crusher Fiberglass,https://drywalltoolbox.com/product/tapetech-support-handle-closet-crusher-fiberglass-fhtt-cc,Brand:TapeTech; Part Number:FHTT-CC; Model:FHTT-CC,,
XHTT,TapeTech Support Handle - Extension,TapeTech,Drywall Finishing Tools > Semi-Automatic Taping Tools > Semi-Automatic Taping Tool Accessories,XHTT,,179.00,TT-SUPPORT-HANDLE,Extension,https://drywalltoolbox.com/product/tapetech-support-handle-extension-xhtt,Brand:TapeTech; Part Number:XHTT; Model:XHTT,,
CAA-TT,TapeTech Support Handle Adapter - Corner Applicator,TapeTech,Drywall Finishing Tools > Semi-Automatic Taping Tools > Semi-Automatic Taping Tool Accessories,CAA-TT,,45.00,TT-SUPPORT-HANDLE-ADAPTER,Corner Applicator,https://drywalltoolbox.com/product/tapetech-support-handle-adapter-corner-applicator-caa-tt,Brand:TapeTech; Part Number:CAA-TT; Model:CAA-TT; Adapter Type:Corner Applicator,,
CFA-TT,TapeTech Support Handle Adapter - Corner Finisher,TapeTech,Drywall Finishing Tools > Semi-Automatic Taping Tools > Semi-Automatic Taping Tool Accessories,CFA-TT,,49.00,TT-SUPPORT-HANDLE-ADAPTER,Corner Finisher,https://drywalltoolbox.com/product/tapetech-support-handle-adapter-corner-finisher-cfa-tt,Brand:TapeTech; Part Number:CFA-TT; Model:CFA-TT; Adapter Type:Corner Finisher,,
NSA-TT,TapeTech Support Handle Adapter - Nail Spotter,TapeTech,Drywall Finishing Tools > Semi-Automatic Taping Tools > Semi-Automatic Taping Tool Accessories,NSA-TT,,40.00,TT-SUPPORT-HANDLE-ADAPTER,Nail Spotter,https://drywalltoolbox.com/product/tapetech-support-handle-adapter-nail-spotter-nsa-tt,Brand:TapeTech; Part Number:NSA-TT; Model:NSA-TT; Adapter Type:Nail Spotter,,
8000TT,TapeTech Wizard® Compact Finishing Box Handle - Standard,TapeTech,Drywall Finishing Tools > Automatic Taping Tools > Flat Box Handles,8000TT,,109.00,TT-WIZARD-COMPACT-FINISHING-BOX-HANDLE,Standard,https://drywalltoolbox.com/product/tapetech-wizard-compact-finishing-box-handle-standard-8000tt,Brand:TapeTech; Part Number:8000TT; Model:8000TT,,
8000TT-PA,TapeTech Wizard® Compact Finishing Box Handle - Power Assist,TapeTech,Drywall Finishing Tools > Automatic Taping Tools > Flat Box Handles,8000TT-PA,,109.00,TT-WIZARD-COMPACT-FINISHING-BOX-HANDLE,Power Assist,https://drywalltoolbox.com/product/tapetech-wizard-compact-finishing-box-handle-power-assist,Brand:TapeTech; Part Number:8000TT-PA; Model:8000TT-PA,,
14TT,TapeTech MudRunner® Compound Applicator - Standard,TapeTech,Drywall Finishing Tools > Semi-Automatic Taping Tools > Compound Applicators,14TT,873876000371,900.00,TT-MUDRUNNER,Standard,https://drywalltoolbox.com/product/tapetech-mudrunner-compound-applicator-standard-14tt,,,
MR01TT,TapeTech MudRunner® Compound Applicator - Pro,TapeTech,Drywall Finishing Tools > Semi-Automatic Taping Tools > Compound Applicators,MR01TT,,1099.00,TT-MUDRUNNER,Pro,https://drywalltoolbox.com/product/tapetech-mudrunner-pro-compound-applicator-mr01tt,Brand:TapeTech; Part Number:MR01TT; Model:MR01TT,,
CTA01TT,TapeTech Compound Tube Filler Adapter,TapeTech,Drywall Finishing Tools > Semi-Automatic Taping Tools > Semi-Automatic Taping Tool Accessories,CTA01TT,,19.99,,,https://drywalltoolbox.com/product/tapetech-compound-tube-filler-adapter-cta01tt,Brand:TapeTech; Part Number:CTA01TT; Model:CTA01TT; Weight:3 lbs; Dimensions:5 in × 6.7 in × 34.25 in,,
MRX01TT,TapeTech Extension,TapeTech,Drywall Finishing Tools > Semi-Automatic Taping Tools > Semi-Automatic Taping Tool Accessories,MRX01TT,,179.00,,,https://drywalltoolbox.com/product/tapetech-extension-mrx01tt-mudrunner-pro,Brand:TapeTech; Part Number:MRX01TT; Model:MRX01TT,,
90T,TapeTech Filler Adapter,TapeTech,Drywall Finishing Tools > Semi-Automatic Taping Tools > Semi-Automatic Taping Tool Accessories,90T,,79.00,,,https://drywalltoolbox.com/product/tapetech-90t-filler-adapter,Brand:TapeTech; Part Number:90T; Model:90T,,
GSR-TT,TapeTech Gooseneck Riser,TapeTech,Drywall Finishing Tools > Automatic Taping Tools > Goosenecks,GSR-TT,,13.99,,,https://drywalltoolbox.com/product/tapetech-gooseneck-riser-gsr-tt,Brand:TapeTech; Part Number:GSR-TT; Model:GSR-TT,,
804003F,TapeTech Grip Assembly For Box Handle,TapeTech,Drywall Finishing Tools > Parts,804003F,,73.91,,,https://drywalltoolbox.com/product/tapetech-grip-assembly-box-handle-804003f,Brand:TapeTech; Part Number:804003F; Model:804003F,,
