sku_code,product_title,variant_title,sales_price,cost_price,description,brand,upc_code,image_url,country_origin_code,weight_grams,product_id,min_reorder_level,quantity_to_reorder,max_reorder_level,width,depth,height,dimensions_unit,tax_rate,estimated_delivery,tags,product_properties,variant_options,tariff_code,qty_on_hand,total_qty,total_stock_value
3BH,Columbia 180° Grip Flat Box Handle,3',174.0,,"The Columbia 180° Grip Flat Box Handle - 3' combines a unique rotating grip with a compact reach, making it the ultimate choice for comfortable and precise standard wall finishing.",Columbia Tools,,https://drywalltoolbox.com/wp-content/uploads/2026/media/columbia_tools_3bh_01.webp,,,,,,,,,,in,6.875,,"Columbia, Drywall Finishing Tools",,"{""Handle Length"": ""3'""}",,100,100,
42BH,Columbia 180° Grip Flat Box Handle,"42""",175.0,,"The Columbia 180° Grip Flat Box Handle - 42"" combines a fatigue-reducing rotating grip with a versatile mid-range length for superior control on standard walls and ceilings. Its lightweight aluminum design ensures consistent pressure and professional results with every pass.",Columbia Tools,,https://drywalltoolbox.com/wp-content/uploads/2026/media/columbia_tools_bh_02.webp,,,,,,,,,,in,6.875,,"Columbia, Drywall Finishing Tools",,"{""Handle Length"": ""42\""""}",,100,100,
4BH,Columbia 180° Grip Flat Box Handle,4',176.0,,The Columbia 180° Grip Flat Box Handle - 4' combines a unique rotating ergonomic grip with a versatile length to reduce wrist strain and maximize control on every joint.,Columbia Tools,,https://drywalltoolbox.com/wp-content/uploads/2026/media/columbia_tools_bh_02.webp,,,,,,,,,,in,6.875,,"Columbia, Drywall Finishing Tools",,"{""Handle Length"": ""4'""}",,100,100,
5BH,Columbia 180° Grip Flat Box Handle,5',177.0,,The Columbia 180° Grip Flat Box Handle - 5' provides the perfect reach for standard ceilings while its rotating grip eliminates wrist fatigue. This lightweight aluminum handle ensures consistent pressure and professional control on every pass.,Columbia Tools,,https://drywalltoolbox.com/wp-content/uploads/2026/media/columbia_tools_bh_02.webp,,,,,,,,,,in,6.875,,"Columbia, Drywall Finishing Tools",,"{""Handle Length"": ""5'""}",,100,100,
6BH,Columbia 180° Grip Flat Box Handle,6',178.0,,The Columbia 180° Grip Flat Box Handle - 6' combines an ergonomic rotating grip with an extended 6-foot reach for effortless high-ceiling finishing. Its lightweight aluminum build ensures maximum leverage and reduced wrist fatigue on every pass.,Columbia Tools,,https://drywalltoolbox.com/wp-content/uploads/2026/media/columbia_tools_bh_02.webp,,,,,,,,,,in,6.875,,"Columbia, Drywall Finishing Tools",,"{""Handle Length"": ""6'""}",,100,100,
2AH,Columbia Angle Head,"2""",358.0,,"The Columbia Angle Head - 2"" provides unmatched precision for bedding tape and finishing tight internal corners with a durable billet aluminum design. Achieve a perfectly feathered edge and consistent compound flow on every 90-degree joint.",Columbia Tools,,https://drywalltoolbox.com/wp-content/uploads/2026/media/columbia_tools_2ah_01.webp,,,,,,,,,,in,6.875,,"Columbia, Drywall Finishing Tools",,"{""Size"": ""2\""""}",,100,100,
2.5AH,Columbia Angle Head,"2.5""",421.79,,"The Columbia Angle Head - 2.5"" delivers high-precision internal corner finishing with a rugged billet aluminum body and stainless steel wings. This compact tool ensures perfectly feathered edges and consistent compound application for professional drywall results.",Columbia Tools,,https://drywalltoolbox.com/wp-content/uploads/2026/media/columbia_tools_2_5ah_01.webp,,,,,,,,,,in,6.875,,"Columbia, Drywall Finishing Tools",,"{""Size"": ""2.5\""""}",,100,100,
3AH,Columbia Angle Head,"3""",367.0,,"The Columbia Angle Head - 3"" provides professional-grade corner finishing with a durable billet aluminum body and wear-resistant stainless steel wings. Achieve perfectly feathered 90-degree internal joints with consistent compound application and long-lasting tool reliability.",Columbia Tools,,https://drywalltoolbox.com/wp-content/uploads/2026/media/columbia_tools_3ah_01.webp,,,,,,,,,,in,6.875,,"Columbia, Drywall Finishing Tools",,"{""Size"": ""3\""""}",,100,100,
3.5AH,Columbia Angle Head,"3.5""",454.23,,"The Columbia Angle Head - 3.5"" provides the wide coverage needed for a flawless final coat on internal corners. Its billet aluminum and stainless steel construction ensures professional durability and a perfectly feathered finish.",Columbia Tools,,https://drywalltoolbox.com/wp-content/uploads/2026/media/columbia_tools_3_5ah_01.webp,,,,,,,,,,in,6.875,,"Columbia, Drywall Finishing Tools",,"{""Size"": ""3.5\""""}",,100,100,
8FBBA,Columbia Automatic Fat Boy Box,"8""",431.0,,"The Columbia 8"" Fat Boy Box combines a high-capacity mud reservoir with a precision-ground blade to deliver efficient, high-volume base coats with fewer refills.",Columbia Tools,,https://drywalltoolbox.com/wp-content/uploads/2026/media/columbia_tools_8fbba_01.webp,,,,,,,,,,in,6.875,,"Columbia, Drywall Finishing Tools",,"{""Size"": ""8\""""}",,100,100,
10FBBA,Columbia Automatic Fat Boy Box,"10""",435.0,,"Columbia Automatic Fat Boy Box - 10"" streamlines your second-coat workflow by combining a versatile width with an oversized reservoir for fewer refills. Its precision-ground blade and durable aluminum construction ensure a professional, high-volume finish.",Columbia Tools,,https://drywalltoolbox.com/wp-content/uploads/2026/media/columbia_tools_10fbba_01.webp,,,,,,,,,,in,6.875,,"Columbia, Drywall Finishing Tools",,"{""Size"": ""10\""""}",,100,100,
12FBBA,Columbia Automatic Fat Boy Box,"12""",443.0,,"Columbia Automatic Fat Boy Box - 12"" maximizes your finishing speed with an oversized mud reservoir and a wide 12-inch span for perfect final coats. It is the ideal choice for high-volume contractors looking to reduce refill downtime and achieve professional results.",Columbia Tools,,https://drywalltoolbox.com/wp-content/uploads/2026/media/columbia_tools_12fbba_01.webp,,,,,,,,,,in,6.875,,"Columbia, Drywall Finishing Tools",,"{""Size"": ""12\""""}",,100,100,
8FFBA,Columbia Automatic Flat Box,"8""",397.0,,"The Columbia Automatic Flat Box - 8"" features a spring-loaded axle that reduces pushing effort by 50%, making it perfect for high-efficiency first coats in tight spaces. Precision-machined from billet aluminum, this tool ensures a consistent, professional finish with significantly less fatigue.",Columbia Tools,,https://drywalltoolbox.com/wp-content/uploads/2026/media/columbia_tools_8ffba_01.webp,,,,,,,,,,in,6.875,,"Columbia, Drywall Finishing Tools",,"{""Size"": ""8\""""}",,100,100,
10FFBA,Columbia Automatic Flat Box,"10""",401.0,,"The Columbia Automatic Flat Box - 10"" features a spring-loaded axle that reduces pushing effort by 50%, making it the perfect tool for efficient, high-quality second-coat finishing. Its precision-machined billet aluminum body ensures a smooth, professional finish with significantly less physical strain.",Columbia Tools,,https://drywalltoolbox.com/wp-content/uploads/2026/media/columbia_tools_10ffba_01.webp,,,,,,,,,,in,6.875,,"Columbia, Drywall Finishing Tools",,"{""Size"": ""10\""""}",,100,100,
12FFBA,Columbia Automatic Flat Box,"12""",405.0,,"The Columbia Automatic Flat Box - 12"" features a power-assist axle that reduces pushing effort by 50%, making it the ideal tool for a flawless, low-fatigue final skim coat.",Columbia Tools,,https://drywalltoolbox.com/wp-content/uploads/2026/media/columbia_tools_12ffba_01.webp,,,,,,,,,,in,6.875,,"Columbia, Drywall Finishing Tools",,"{""Size"": ""12\""""}",,100,100,
14FFBA,Columbia Automatic Flat Box,"14""",409.0,,"The Columbia Automatic Flat Box - 14"" features a power-assist axle that reduces pushing effort by 50%, making it the perfect tool for wide-joint finishing and final skim coats. Its high-grade aluminum construction ensures a lightweight feel and a professional, smooth finish every time.",Columbia Tools,,https://drywalltoolbox.com/wp-content/uploads/2026/media/columbia_tools_14ffba_01.webp,,,,,,,,,,in,6.875,,"Columbia, Drywall Finishing Tools",,"{""Size"": ""14\""""}",,100,100,
STAPER,Columbia Automatic Taper,Sawed Off 39 in.,1683.0,,The Columbia Sawed Off 39-inch Taper delivers full-scale taping efficiency in a compact design perfect for closets and tight spaces.,Columbia Tools,,https://drywalltoolbox.com/wp-content/uploads/2026/media/columbia_tools_staper_01.webp,,,,,,,,,,in,6.875,,"Automatic Tapers, Columbia, Drywall Finishing Tools",,"{""Model"": ""Sawed Off 39 in.""}",,100,100,
TAPER,Columbia Automatic Taper,Standard 53 in.,1683.0,,The Columbia Automatic Taper - Standard 53 in. delivers professional-grade speed by applying tape and compound in one fluid motion. This full-length model offers the perfect balance of reach and control for high-production drywall finishing.,Columbia Tools,,https://drywalltoolbox.com/wp-content/uploads/2026/media/columbia_tools_taper_04.webp,,,,,,,,,,in,6.875,,"Automatic Tapers, Columbia, Drywall Finishing Tools",,"{""Model"": ""Standard 53 in.""}",,100,100,
SPTAPER,Columbia Predator Sawed Off Taper,,1896.0,,The Columbia Predator Sawed Off Taper is a 39-inch carbon fiber powerhouse designed for maximum maneuverability in tight spaces like closets and stairwells. It combines lightweight durability with the speed of a professional automatic taper.,Columbia Tools,,https://drywalltoolbox.com/wp-content/uploads/2026/media/columbia_tools_sptaper_01.webp,,,,,,,,,,in,6.875,,"Automatic Tapers, Columbia, Drywall Finishing Tools, Predator Family",,{},,100,100,
PTAPER,Columbia One Predator Taper,,1838.55,,"The Columbia One Predator Taper is the world’s first carbon fiber automatic taper, offering a dent-proof, lightweight design that stays warm to the touch. This precision-engineered tool features a titanium pull rod and a smooth pump-action cutting system for effortless professional finishing.",Columbia Tools,,https://drywalltoolbox.com/wp-content/uploads/2026/media/columbia_tools_ptaper_01.webp,,,,,,,,,,in,6.875,,"Automatic Tapers, Columbia, Drywall Finishing Tools, Predator Family",,{},,100,100,
ICA2-1,Columbia Billet Mud Applicator,"Inside Corner - 2 Wheels - 1""",49.0,,"The Columbia Billet Mud Applicator - Inside Corner - 2 Wheels - 1"" delivers uniform compound coverage for 1-inch internal corners. Its CNC-machined aluminum body and dual-wheel design ensure smooth operation and professional-grade durability.",Columbia Tools,,https://drywalltoolbox.com/wp-content/uploads/2026/media/columbia_tools_ica21_01.webp,,,,,,,,,,in,6.875,,"Columbia, Drywall Finishing Tools",,"{""Applicator Type"": ""Inside Corner - 2 Wheels - 1\""""}",,100,100,
ICA4-1,Columbia Billet Mud Applicator,"Inside Corner - 4 Wheels - 1""",63.0,,"The Columbia Billet Mud Applicator - Inside Corner - 4 Wheels - 1"" uses a stable quad-wheel design and CNC-machined aluminum to deliver perfectly even compound on internal 90-degree corners.",Columbia Tools,,https://drywalltoolbox.com/wp-content/uploads/2026/media/columbia_tools_ica41_01.webp,,,,,,,,,,in,6.875,,"Columbia, Drywall Finishing Tools",,"{""Applicator Type"": ""Inside Corner - 4 Wheels - 1\""""}",,100,100,
ICATW,Columbia Billet Mud Applicator,Two-Way Internal Corner - 4 Wheels,83.0,,"Columbia Billet Mud Applicator - Two-Way Internal Corner - 4 Wheels streamlines inside corner finishing by applying compound to both sides in one efficient pass. Its CNC-machined aluminum body and four-wheel design ensure smooth, professional results every time.",Columbia Tools,,https://drywalltoolbox.com/wp-content/uploads/2026/media/columbia_tools_icatw_01.webp,,,,,,,,,,in,6.875,,"Columbia, Drywall Finishing Tools",,"{""Applicator Type"": ""Two-Way Internal Corner - 4 Wheels""}",,100,100,
CEXT90,Columbia Billet Mud Applicator,External 90,98.0,,The Columbia Billet Mud Applicator - External 90 provides uniform compound coverage for outside corner beads with CNC-machined precision. This durable aluminum tool integrates with your pump system to speed up your finishing process.,Columbia Tools,,https://drywalltoolbox.com/wp-content/uploads/2026/media/columbia_tools_cext90_01.webp,,,,,,,,,,in,6.875,,"Columbia, Drywall Finishing Tools",,"{""Applicator Type"": ""External 90""}",,100,100,
CFLT,Columbia Billet Mud Applicator,Flat,60.0,,The Columbia Billet Mud Applicator - Flat delivers precise compound distribution for L-bead and flat trim profiles. It streamlines your finishing process by providing uniform coverage and professional-grade durability.,Columbia Tools,,https://drywalltoolbox.com/wp-content/uploads/2026/media/columbia_tools_cflt_01.webp,,,,,,,,,,in,6.875,,"Columbia, Drywall Finishing Tools",,"{""Applicator Type"": ""Flat""}",,100,100,
BF,Columbia Box Filler,Standard,52.0,,"The Columbia Box Filler - Standard provides a fast, drip-free way to load your flat boxes directly from standard-depth buckets. It is a durable, aluminum-built essential for any professional drywall finishing crew looking to boost efficiency.",Columbia Tools,,https://drywalltoolbox.com/wp-content/uploads/2026/media/columbia_tools_bf_01.webp,,,,,,,,,,in,6.875,,"Columbia, Drywall Finishing Tools",,"{""Model"": ""Standard""}",,100,100,
TBBF,Columbia Box Filler,Tall Boy,52.0,,"The Columbia Box Filler - Tall Boy features an extended reach for 5-gallon pails, providing a cleaner and more ergonomic way to load flat boxes without wasting material.",Columbia Tools,,https://drywalltoolbox.com/wp-content/uploads/2026/media/columbia_tools_tbbf_01.webp,,,,,,,,,,in,6.875,,"Columbia, Drywall Finishing Tools",,"{""Model"": ""Tall Boy""}",,100,100,
CLT24,Columbia Cam Lock Tube,"24""",236.0,,"Columbia Cam Lock Tube - 24"" provides professional-grade compound application in a compact, agile frame featuring a fail-safe mechanical locking system.",Columbia Tools,,https://drywalltoolbox.com/wp-content/uploads/2026/media/columbia_tools_clt24_01.webp,,,,,,,,,,in,6.875,,"Columbia, Drywall Finishing Tools",,"{""Size"": ""24\""""}",,100,100,
CLT32,Columbia Cam Lock Tube,"32""",242.0,,"Columbia Cam Lock Tube - 32"" delivers a secure, firehose-style connection and versatile mid-range reach for efficient, high-pressure drywall compound application.",Columbia Tools,,https://drywalltoolbox.com/wp-content/uploads/2026/media/columbia_tools_clt_01.webp,,,,,,,,,,in,6.875,,"Columbia, Drywall Finishing Tools",,"{""Size"": ""32\""""}",,100,100,
CLT42,Columbia Cam Lock Tube,"42""",256.0,,"The Columbia Cam Lock Tube - 42"" offers extended reach and a fail-safe firehose-style connection for high-volume, professional compound application.",Columbia Tools,,https://drywalltoolbox.com/wp-content/uploads/2026/media/columbia_tools_clt_01.webp,,,,,,,,,,in,6.875,,"Columbia, Drywall Finishing Tools",,"{""Size"": ""42\""""}",,100,100,
CLT55,Columbia Cam Lock Tube,"55""",220.0,,"Columbia Cam Lock Tube - 55"" delivers maximum reach and a secure firehose-style connection for high-volume, professional drywall finishing on tall walls and ceilings.",Columbia Tools,,https://drywalltoolbox.com/wp-content/uploads/2026/media/columbia_tools_clt_01.webp,,,,,,,,,,in,6.875,,"Columbia, Drywall Finishing Tools",,"{""Size"": ""55\""""}",,100,100,
2.5CSF,Columbia Combo Flusher,"2.5""",163.99,,"The Columbia Combo Flusher - 2.5"" offers a precision-ground 2.5-inch blade and a removable wheel system for effortless, customizable corner finishing.",Columbia Tools,,https://drywalltoolbox.com/wp-content/uploads/2026/media/columbia_tools_2_5csf_01.webp,,,,,,,,,,in,6.875,,"Columbia, Drywall Finishing Tools",,"{""Size"": ""2.5\""""}",,100,100,
3CSF,Columbia Combo Flusher,"3""",150.0,,"The Columbia Combo Flusher - 3"" is a precision-engineered finishing tool featuring hand-ground blades and a removable wheel system for smooth, professional corners.",Columbia Tools,,https://drywalltoolbox.com/wp-content/uploads/2026/media/columbia_tools_3csf_01.webp,,,,,,,,,,in,6.875,,"Columbia, Drywall Finishing Tools",,"{""Size"": ""3\""""}",,100,100,
3WTCSF,Columbia Combo Flusher,"3"" Widetrack",122.51,,"The Columbia 3"" Widetrack Combo Flusher provides enhanced stability and a broader footprint for perfectly smooth internal corners with a customizable wheel system.",Columbia Tools,,https://drywalltoolbox.com/wp-content/uploads/2026/media/columbia_tools_3wtdf_01.webp,,,,,,,,,,in,6.875,,"Columbia, Drywall Finishing Tools",,"{""Size"": ""3\"" Widetrack""}",,100,100,
3.5CSF,Columbia Combo Flusher,"3.5""",181.99,,"The Columbia Combo Flusher - 3.5"" delivers maximum coverage for final corner finishing with its hand-ground, granite-verified precision blades and customizable wheel system.",Columbia Tools,,https://drywalltoolbox.com/wp-content/uploads/2026/media/columbia_tools_2_5csf_01.webp,,,,,,,,,,in,6.875,,"Columbia, Drywall Finishing Tools",,"{""Size"": ""3.5\""""}",,100,100,
CMT24,Columbia Compound Tube,"24""",158.0,,"The Columbia Compound Tube - 24"" is a compact, semi-automatic applicator that delivers smooth compound flow while reducing physical strain in tight spaces.",Columbia Tools,,https://drywalltoolbox.com/wp-content/uploads/2026/media/columbia_tools_cmt24_01.webp,,,,,,,,,,in,6.875,,"Columbia, Drywall Finishing Tools",,"{""Size"": ""24\""""}",,100,100,
CMT32,Columbia Compound Tube,"32""",167.0,,"The Columbia Compound Tube - 32"" is a precision-engineered applicator that delivers a consistent compound flow while reducing physical strain on standard-height ceilings. Its lightweight aluminum build and low-friction design make it the perfect choice for high-efficiency drywall finishing.",Columbia Tools,,https://drywalltoolbox.com/wp-content/uploads/2026/media/columbia_tools_cmt_01.webp,,,,,,,,,,in,6.875,,"Columbia, Drywall Finishing Tools",,"{""Size"": ""32\""""}",,100,100,
CMT42,Columbia Compound Tube,"42""",182.0,,"The 42-inch Columbia Compound Tube is the versatile choice for standard ceiling heights, combining a durable aluminum build with smooth, semi-automatic compound delivery.",Columbia Tools,,https://drywalltoolbox.com/wp-content/uploads/2026/media/columbia_tools_cmt_01.webp,,,,,,,,,,in,6.875,,"Columbia, Drywall Finishing Tools",,"{""Size"": ""42\""""}",,100,100,
CMT55,Columbia Compound Tube,"55""",190.0,,"The Columbia Compound Tube - 55"" is a high-capacity, semi-automatic applicator designed for maximum reach on high ceilings and walls while maintaining a smooth, consistent compound flow.",Columbia Tools,,https://drywalltoolbox.com/wp-content/uploads/2026/media/columbia_tools_cmt_01.webp,,,,,,,,,,in,6.875,,"Columbia, Drywall Finishing Tools",,"{""Size"": ""55\""""}",,100,100,
2.5DF,Columbia Direct Flusher,"2.5""",127.62,,"Columbia Direct Flusher - 2.5"" provides a precise, smooth finish on internal corners with hand-ground accuracy and a customizable, removable wheel system.",Columbia Tools,,https://drywalltoolbox.com/wp-content/uploads/2026/media/columbia_tools_2_5df_01.webp,,,,,,,,,,in,6.875,,"Columbia, Drywall Finishing Tools",,"{""Size"": ""2.5\""""}",,100,100,
3DF,Columbia Direct Flusher,"3""",98.0,,"The Columbia Direct Flusher - 3"" delivers professional-grade internal corner finishing with hand-ground precision and a versatile, removable wheel system.",Columbia Tools,,https://drywalltoolbox.com/wp-content/uploads/2026/media/columbia_tools_3df_01.webp,,,,,,,,,,in,6.875,,"Columbia, Drywall Finishing Tools",,"{""Size"": ""3\""""}",,100,100,
3WTDF,Columbia Direct Flusher,"3"" Widetrack",101.0,,"Columbia Direct Flusher - 3"" Widetrack provides a broader footprint for superior compound coverage and stability, featuring hand-ground blades for a perfectly smooth corner finish.",Columbia Tools,,https://drywalltoolbox.com/wp-content/uploads/2026/media/columbia_tools_3wtdf_01.webp,,,,,,,,,,in,6.875,,"Columbia, Drywall Finishing Tools",,"{""Size"": ""3\"" Widetrack""}",,100,100,
3.5DF,Columbia Direct Flusher,"3.5""",146.0,,"Columbia Direct Flusher - 3.5"" provides a perfectly smooth, wide finish on internal corners with hand-ground precision and a versatile removable wheel system.",Columbia Tools,,https://drywalltoolbox.com/wp-content/uploads/2026/media/columbia_tools_3_5df_01.webp,,,,,,,,,,in,6.875,,"Columbia, Drywall Finishing Tools",,"{""Size"": ""3.5\""""}",,100,100,
4DF,Columbia Direct Flusher,"4""",108.0,,"Columbia Direct Flusher - 4"" provides a wide, professional-grade final coat on internal corners with hand-ground precision and a customizable wheel system.",Columbia Tools,,https://drywalltoolbox.com/wp-content/uploads/2026/media/columbia_tools_4df_01.webp,,,,,,,,,,in,6.875,,"Columbia, Drywall Finishing Tools",,"{""Size"": ""4\""""}",,100,100,
5.5FBB,Columbia Fat Boy Flat Box,"5.5""",189.95,,"The Columbia Fat Boy Flat Box - 5.5"" maximizes your efficiency on the first coat by combining a high-capacity mud reservoir with a precision-ground blade for fewer refills.",Columbia Tools,,https://drywalltoolbox.com/wp-content/uploads/2026/media/columbia_tools_55fbb_01.webp,,,,,,,,,,in,6.875,,"Columbia, Drywall Finishing Tools",,"{""Size"": ""5.5\""""}",,100,100,
8FBB,Columbia Fat Boy Flat Box,"8""",443.42,,"The Columbia Fat Boy Flat Box - 8"" features an oversized reservoir that keeps you finishing longer between refills. It delivers a perfect feathered edge on every joint with its precision-ground stainless steel blade.",Columbia Tools,,https://drywalltoolbox.com/wp-content/uploads/2026/media/columbia_tools_8fbb_01.webp,,,,,,,,,,in,6.875,,"Columbia, Drywall Finishing Tools",,"{""Size"": ""8\""""}",,100,100,
10FBB,Columbia Fat Boy Flat Box,"10""",454.23,,"The Columbia Fat Boy Flat Box - 10"" features a high-capacity reservoir that holds more mud for faster second-coat finishing with fewer refills. Its precision-ground blade and rugged aluminum body ensure a consistent, professional-grade result on every joint.",Columbia Tools,,https://drywalltoolbox.com/wp-content/uploads/2026/media/columbia_tools_10fbb_01.webp,,,,,,,,,,in,6.875,,"Columbia, Drywall Finishing Tools",,"{""Size"": ""10\""""}",,100,100,
12FBB,Columbia Fat Boy Flat Box,"12""",465.05,,"The Columbia Fat Boy Flat Box - 12"" maximizes your efficiency on large-scale finishing jobs with its oversized mud reservoir and wide finishing path. This durable tool delivers a professional, feathered edge while significantly cutting down on refill downtime.",Columbia Tools,,https://drywalltoolbox.com/wp-content/uploads/2026/media/columbia_tools_12fbb_01.webp,,,,,,,,,,in,6.875,,"Columbia, Drywall Finishing Tools",,"{""Size"": ""12\""""}",,100,100,
5.5FFB,Columbia Flat Finisher Box,"5.5""",367.71,,"The Columbia Flat Finisher Box - 5.5"" provides professional-grade precision for the first coat over tape, delivering a perfectly feathered finish with a durable aluminum build.",Columbia Tools,,https://drywalltoolbox.com/wp-content/uploads/2026/media/columbia_tools_55ffb_01.webp,,,,,,,,,,in,6.875,,"Columbia, Drywall Finishing Tools",,"{""Size"": ""5.5\""""}",,100,100,
7FFB,Columbia Flat Finisher Box,"7""",367.0,,"Columbia Flat Finisher Box - 7"" provides a precise, feathered base coat with its durable aluminum construction and stainless steel blade. This essential tool ensures consistent compound application and reduces sanding time on every joint.",Columbia Tools,,https://drywalltoolbox.com/wp-content/uploads/2026/media/columbia_tools_7ffb_01.webp,,,,,,,,,,in,6.875,,"Columbia, Drywall Finishing Tools",,"{""Size"": ""7\""""}",,100,100,
8FFB,Columbia Flat Finisher Box,"8""",371.0,,"Columbia Flat Finisher Box - 8"" creates a smooth, feathered finish on flat seams with its precision-ground stainless steel blade and durable aluminum construction. This 8-inch box is the professional choice for consistent compound application and reduced sanding time.",Columbia Tools,,https://drywalltoolbox.com/wp-content/uploads/2026/media/columbia_tools_8ffb_01.webp,,,,,,,,,,in,6.875,,"Columbia, Drywall Finishing Tools",,"{""Size"": ""8\""""}",,100,100,
10FFB,Columbia Flat Finisher Box,"10""",375.0,,"Columbia Flat Finisher Box - 10"" delivers a perfectly feathered finish on flat seams with its precision-ground stainless steel blade and durable aluminum construction. This 10-inch model is the professional standard for efficient, high-quality second and third-coat applications.",Columbia Tools,,https://drywalltoolbox.com/wp-content/uploads/2026/media/columbia_tools_10ffb_01.webp,,,,,,,,,,in,6.875,,"Columbia, Drywall Finishing Tools",,"{""Size"": ""10\""""}",,100,100,
12FFB,Columbia Flat Finisher Box,"12""",380.0,,"Columbia Flat Finisher Box - 12"" provides the wide coverage and precision needed for a professional-grade final coat on drywall seams. Its durable aluminum construction and stainless steel blade ensure a perfectly feathered finish with every pass.",Columbia Tools,,https://drywalltoolbox.com/wp-content/uploads/2026/media/columbia_tools_12ffb_01.webp,,,,,,,,,,in,6.875,,"Columbia, Drywall Finishing Tools",,"{""Size"": ""12\""""}",,100,100,
14FFB,Columbia Flat Finisher Box,"14""",384.0,,"Columbia Flat Finisher Box - 14"" provides maximum coverage for final skim coats, delivering a perfectly feathered finish on wide drywall joints with its precision stainless blade.",Columbia Tools,,https://drywalltoolbox.com/wp-content/uploads/2026/media/columbia_tools_14ffb_01.webp,,,,,,,,,,in,6.875,,"Columbia, Drywall Finishing Tools",,"{""Size"": ""14\""""}",,100,100,
GN,Columbia Gooseneck,Standard,86.0,,"Columbia Gooseneck - Standard is a precision-machined aluminum adapter that ensures a smooth, air-free compound flow from your pump to your taping tools. Its secure locking mechanism and durable build make it an essential component for high-efficiency drywall finishing.",Columbia Tools,,https://drywalltoolbox.com/wp-content/uploads/2026/media/columbia_tools_gn_01.webp,,,,,,,,,,in,6.875,,"Columbia, Drywall Finishing Tools",,"{""Model"": ""Standard""}",,100,100,
TBGN,Columbia Gooseneck,Tall Boy,124.0,,"Columbia Gooseneck - Tall Boy is an extended-reach aluminum connector that ensures smooth, high-volume compound flow between your pump and taper. Its precision-machined design and secure locking latch provide a reliable, airtight seal for professional drywall finishing.",Columbia Tools,,https://drywalltoolbox.com/wp-content/uploads/2026/media/columbia_tools_tbgn_01.webp,,,,,,,,,,in,6.875,,"Columbia, Drywall Finishing Tools",,"{""Model"": ""Tall Boy""}",,100,100,
HMP,Columbia Hot Mud Pump,Standard,363.0,,"The Columbia Hot Mud Pump - Standard is a tool-free, corrosion-resistant pump optimized for standard buckets and the demanding cleanup needs of fast-setting compounds.",Columbia Tools,,https://drywalltoolbox.com/wp-content/uploads/2026/media/columbia_tools_hmp_01.webp,,,,,,,,,,in,6.875,,"Columbia, Drywall Finishing Tools",,"{""Model"": ""Standard""}",,100,100,
TBMP,Columbia Hot Mud Pump,Tall Boy,473.0,,The Columbia Hot Mud Pump - Tall Boy features an extended reach for deep pails and a tool-free disassembly design for rapid cleaning of fast-setting compounds.,Columbia Tools,,https://drywalltoolbox.com/wp-content/uploads/2026/media/columbia_tools_tbmp_01.webp,,,,,,,,,,in,6.875,,"Columbia, Drywall Finishing Tools",,"{""Model"": ""Tall Boy""}",,100,100,
HMP-C,Columbia Hot Mud Pump,CDN,380.0,,The Columbia Hot Mud Pump - CDN model offers rapid tool-free cleaning and a specialized internal design to handle the toughest fast-setting compounds on Canadian job sites.,Columbia Tools,,https://drywalltoolbox.com/wp-content/uploads/2026/media/columbia_tools_hmp_01.webp,,,,,,,,,,in,6.875,,"Columbia, Drywall Finishing Tools",,"{""Model"": ""CDN""}",,100,100,
MHS,Columbia Matrix Flat Box Handle,"29""-39""",375.0,,"The Columbia Matrix Flat Box Handle - 29""-39"" combines a patented ergonomic grip with a compact telescoping frame to reduce wrist fatigue and maximize control on standard walls.",Columbia Tools,,https://drywalltoolbox.com/wp-content/uploads/2026/media/columbia_tools_mhs_01.webp,,,,,,,,,,in,6.875,,"Columbia, Drywall Finishing Tools",,"{""Handle Length"": ""29\""-39\""""}",,100,100,
MH,Columbia Matrix Flat Box Handle,"40""-60""",409.0,,"The Columbia Matrix Flat Box Handle - 40""-60"" features a patented ergonomic grip and a versatile telescoping range to reduce fatigue during high-volume finishing. Its rigid aluminum build ensures consistent pressure for a flawless finish on walls and ceilings alike.",Columbia Tools,,https://drywalltoolbox.com/wp-content/uploads/2026/media/columbia_tools_mh_01.webp,,,,,,,,,,in,6.875,,"Columbia, Drywall Finishing Tools",,"{""Handle Length"": ""40\""-60\""""}",,100,100,
MHL,Columbia Matrix Flat Box Handle,"56""-76""",495.0,,"The Columbia Matrix Flat Box Handle - 56""-76"" provides an extended reach for high surfaces while utilizing a patented ergonomic grip to minimize hand fatigue.",Columbia Tools,,https://drywalltoolbox.com/wp-content/uploads/2026/media/columbia_tools_mhl_01.webp,,,,,,,,,,in,6.875,,"Columbia, Drywall Finishing Tools",,"{""Handle Length"": ""56\""-76\""""}",,100,100,
2NS,Columbia Nail Spotter,"2""",324.0,,"The Columbia 2-inch Nail Spotter provides a lightweight, professional solution for quickly and accurately finishing drywall fastener indentations. Its adjustable swivel tension and dual-base design allow for a customized feel that suits any finishing style.",Columbia Tools,,https://drywalltoolbox.com/wp-content/uploads/2026/media/columbia_tools_2ns_01.webp,,,,,,,,,,in,6.875,,"Columbia, Drywall Finishing Tools",,"{""Size"": ""2\""""}",,100,100,
3NS,Columbia Nail Spotter,"3""",324.0,,"The Columbia Nail Spotter - 3"" provides a wider finishing path and a lightweight aluminum design for fast, professional fastener coverage.",Columbia Tools,,https://drywalltoolbox.com/wp-content/uploads/2026/media/columbia_tools_3ns_01.webp,,,,,,,,,,in,6.875,,"Columbia, Drywall Finishing Tools",,"{""Size"": ""3\""""}",,100,100,
C1HEXT,Columbia One Handle,Extendible 3'-5',128.0,,"The Columbia One Handle - Extendible 3'-5' provides a versatile, telescoping reach that maintains rigid control for flawless flat box finishing on walls and ceilings. Its lightweight aluminum build ensures maximum pressure transfer with minimal operator fatigue.",Columbia Tools,,https://drywalltoolbox.com/wp-content/uploads/2026/media/columbia_tools_c1hext_01.webp,,,,,,,,,,in,6.875,,"Columbia, Drywall Finishing Tools",,"{""Model"": ""Extendible 3'-5'""}",,100,100,
CHXL,Columbia One Handle,Long Extendible 4'-8',150.0,,The Columbia One Handle - Long Extendible 4'-8' offers the rigid reach needed for finishing high ceilings and walls with total control. Its telescoping aluminum design ensures consistent pressure and professional results without the need for stilts.,Columbia Tools,,https://drywalltoolbox.com/wp-content/uploads/2026/media/columbia_tools_chxl_01.webp,,,,,,,,,,in,6.875,,"Columbia, Drywall Finishing Tools",,"{""Model"": ""Long Extendible 4'-8'""}",,100,100,
C1HS,Columbia One Handle,Stubby,40.0,,The Columbia One Handle - Stubby delivers maximum control and rigidity in tight spaces where standard handles can't reach. Its compact aluminum design ensures professional flat box results in closets and confined corners.,Columbia Tools,,https://drywalltoolbox.com/wp-content/uploads/2026/media/columbia_tools_c1hs_01.webp,,,,,,,,,,in,6.875,,"Columbia, Drywall Finishing Tools",,"{""Model"": ""Stubby""}",,100,100,
C1H,Columbia One Handle,Fixed,35.0,,"The Columbia One Handle - Fixed provides a rigid, high-stability connection for precise flat box control and consistent pressure on every pass. Its lightweight aluminum construction and ergonomic grip make it a reliable choice for professional drywall finishing.",Columbia Tools,,https://drywalltoolbox.com/wp-content/uploads/2026/media/columbia_tools_c1h_01.webp,,,,,,,,,,in,6.875,,"Columbia, Drywall Finishing Tools",,"{""Model"": ""Fixed""}",,100,100,
COBCR,Columbia Outside Corner Roller,Standard,60.0,,The Columbia Outside Corner Roller - Standard provides the precise pressure needed to embed paper-faced bead on 90-degree corners for a bubble-free finish.,Columbia Tools,,https://drywalltoolbox.com/wp-content/uploads/2026/media/columbia_tools_cobcr_01.webp,,,,,,,,,,in,6.875,,"Columbia, Drywall Finishing Tools",,"{""Profile"": ""Standard""}",,100,100,
CBNCR,Columbia Outside Corner Roller,Bullnose,64.0,,"The Columbia Outside Corner Roller - Bullnose provides specialized, even pressure to perfectly seat rounded paper-faced corner beads for a flawless, bubble-free finish.",Columbia Tools,,https://drywalltoolbox.com/wp-content/uploads/2026/media/columbia_tools_cbncr_01.webp,,,,,,,,,,in,6.875,,"Columbia, Drywall Finishing Tools",,"{""Profile"": ""Bullnose""}",,100,100,
COBCRE,Columbia Outside Corner Roller,European,1.0,,"The Columbia Outside Corner Roller - European provides precision-calibrated pressure to securely embed European-standard corner beads for a flawless, bubble-free finish.",Columbia Tools,,https://drywalltoolbox.com/wp-content/uploads/2026/media/columbia_tools_cobcre_01.webp,,,,,,,,,,in,6.875,,"Columbia, Drywall Finishing Tools",,"{""Profile"": ""European""}",,100,100,
COBCRW,Columbia Outside Corner Roller,Wide,86.52,,The Columbia Outside Corner Roller - Wide provides the specialized coverage and uniform pressure needed to securely embed wide-flange paper-faced beads on 90-degree corners.,Columbia Tools,,https://drywalltoolbox.com/wp-content/uploads/2026/media/columbia_tools_cobcrw_01.webp,,,,,,,,,,in,6.875,,"Columbia, Drywall Finishing Tools",,"{""Profile"": ""Wide""}",,100,100,
PMHS,Columbia Predator Matrix Handle,"Short 29""-39""",384.0,,"This short 29""-39"" carbon fiber handle provides elite maneuverability and ergonomic comfort for wall work and low-ceiling drywall finishing. Its rigid, lightweight construction ensures consistent pressure and a flawless finish with every pass.",Columbia Tools,,https://drywalltoolbox.com/wp-content/uploads/2026/media/columbia_tools_pmhs_01.webp,,,,,,,,,,in,6.875,,"Columbia, Drywall Finishing Tools, Predator Family",,"{""Handle Length"": ""Short 29\""-39\""""}",,100,100,
PMH,Columbia Predator Matrix Handle,"40""-60""",418.0,,"The Columbia Predator Matrix Handle - 40""-60"" combines a lightweight carbon fiber build with an ergonomic multi-point grip for superior control and comfort on standard ceiling heights.",Columbia Tools,,https://drywalltoolbox.com/wp-content/uploads/2026/media/columbia_tools_pmh_01.webp,,,,,,,,,,in,6.875,,"Columbia, Drywall Finishing Tools, Predator Family",,"{""Handle Length"": ""40\""-60\""""}",,100,100,
PMHL,Columbia Predator Matrix Handle,"Long 56""-76""",503.0,,"The Columbia Predator Matrix Long Handle provides an adjustable 56"" to 76"" reach and a lightweight carbon fiber build to simplify high-ceiling drywall finishing.",Columbia Tools,,https://drywalltoolbox.com/wp-content/uploads/2026/media/columbia_tools_pmhl_01.webp,,,,,,,,,,in,6.875,,"Columbia, Drywall Finishing Tools, Predator Family",,"{""Handle Length"": ""Long 56\""-76\""""}",,100,100,
PC1HEXT,Columbia Predator One Handle,Extendable 3'-5',138.0,,The Columbia Predator One Handle - Extendable 3'-5' features a lightweight carbon fiber shaft and a versatile telescoping design to maximize reach and minimize fatigue. It offers professional-grade control and durability for seamless transitions between standard walls and upper-wall finishing.,Columbia Tools,,https://drywalltoolbox.com/wp-content/uploads/2026/media/columbia_tools_pc1hext_01.webp,,,,,,,,,,in,6.875,,"Columbia, Drywall Finishing Tools, Predator Family",,"{""Model"": ""Extendable 3'-5'""}",,100,100,
PC1H,Columbia Predator One Handle,4' Fixed,62.0,,The Columbia Predator One Handle - 4' Fixed features a lightweight carbon fiber shaft and ergonomic grip for maximum control and reduced fatigue during wall finishing.,Columbia Tools,,https://drywalltoolbox.com/wp-content/uploads/2026/media/columbia_tools_pc1_handles_01.webp,,,,,,,,,,in,6.875,,"Columbia, Drywall Finishing Tools, Predator Family",,"{""Model"": ""4' Fixed""}",,100,100,
PCHXL,Columbia Predator One Handle,Long Extendable 4'-8',168.0,,The Columbia Predator One Handle - Long Extendable 4'-8' utilizes a lightweight carbon fiber shaft to provide exceptional reach and control on high ceilings while significantly reducing arm fatigue.,Columbia Tools,,https://drywalltoolbox.com/wp-content/uploads/2026/media/columbia_tools_pchxl_01.webp,,,,,,,,,,in,6.875,,"Columbia, Drywall Finishing Tools, Predator Family",,"{""Model"": ""Long Extendable 4'-8'""}",,100,100,
2.5SF,Columbia Standard Flusher,"2.5""",116.8,,"The Columbia Standard Flusher - 2.5"" delivers a perfectly feathered finish on 90-degree interior corners with a single, efficient pass. Its compact design is optimized for bedding tape and initial coats, ensuring professional results with less effort.",Columbia Tools,,https://drywalltoolbox.com/wp-content/uploads/2026/media/columbia_tools_25sf_01.webp,,,,,,,,,,in,6.875,,"Columbia, Drywall Finishing Tools",,"{""Size"": ""2.5\""""}",,100,100,
3SF,Columbia Standard Flusher,"3""",92.0,,"The Columbia Standard Flusher - 3"" delivers a flawless, feathered finish on 90-degree interior corners in a single, efficient motion. Crafted from high-grade aluminum and stainless steel, this 3-inch tool ensures professional-grade precision and durability.",Columbia Tools,,https://drywalltoolbox.com/wp-content/uploads/2026/media/columbia_tools_3sf_01.webp,,,,,,,,,,in,6.875,,"Columbia, Drywall Finishing Tools",,"{""Size"": ""3\""""}",,100,100,
3WTSF,Columbia Standard Flusher,"3"" Widetrack",93.0,,"The Columbia Standard Flusher - 3"" Widetrack offers a wider feathering path for flawless secondary and finish coats on interior 90-degree corners. Its precision-machined aluminum and stainless steel construction ensures a smooth, professional result with every pass.",Columbia Tools,,https://drywalltoolbox.com/wp-content/uploads/2026/media/columbia_tools_3wtsf_01.webp,,,,,,,,,,in,6.875,,"Columbia, Drywall Finishing Tools",,"{""Size"": ""3\"" Widetrack""}",,100,100,
3.5SF,Columbia Standard Flusher,"3.5""",133.02,,"The Columbia Standard Flusher - 3.5"" provides a wider, professional-grade finish for interior corners, making it the perfect choice for second and final coats. Its precision-machined design ensures a smooth, feathered edge that significantly reduces sanding time.",Columbia Tools,,https://drywalltoolbox.com/wp-content/uploads/2026/media/columbia_tools_35sf_01.webp,,,,,,,,,,in,6.875,,"Columbia, Drywall Finishing Tools",,"{""Size"": ""3.5\""""}",,100,100,
4SF,Columbia Standard Flusher,"4""",105.0,,"The Columbia Standard Flusher - 4"" provides a broad, professional-grade finish for final skim coats on interior 90-degree corners. Its wide profile and stainless steel blade ensure a smooth, feathered edge that minimizes sanding time.",Columbia Tools,,https://drywalltoolbox.com/wp-content/uploads/2026/media/columbia_tools_4sf_01.webp,,,,,,,,,,in,6.875,,"Columbia, Drywall Finishing Tools",,"{""Size"": ""4\""""}",,100,100,
7CFB,Columbia Throttle Corner Flusher Box,"7""",299.0,,"The Columbia Throttle Corner Flusher Box - 7"" features an integrated pump for continuous compound delivery, eliminating manual reloading during high-volume corner finishing. This precision tool ensures a smooth, feathered finish with maximum efficiency on every inside corner.",Columbia Tools,,https://drywalltoolbox.com/wp-content/uploads/2026/media/columbia_tools_7cfb_01.webp,,,,,,,,,,in,6.875,,"Columbia, Drywall Finishing Tools",,"{""Size"": ""7\""""}",,100,100,
8CFB,Columbia Throttle Corner Flusher Box,"8""",311.0,,"The Columbia Throttle Corner Flusher Box - 8"" utilizes an integrated pump for continuous compound delivery, allowing you to finish wide inside corners without manual reloading. This high-capacity tool maximizes your workflow speed while ensuring a flawless, professional-grade feather.",Columbia Tools,,https://drywalltoolbox.com/wp-content/uploads/2026/media/columbia_tools_8cfb_01.webp,,,,,,,,,,in,6.875,,"Columbia, Drywall Finishing Tools",,"{""Size"": ""8\""""}",,100,100,
TCS,Columbia Tool Case,Gun Case,175.0,,"Columbia Tool Case - Gun Case provides a rugged, foam-lined storage solution specifically optimized for protecting automatic tapers and core finishing tools. Its compact, impact-resistant design ensures your equipment stays secure and calibrated during transit.",Columbia Tools,,https://drywalltoolbox.com/wp-content/uploads/2026/media/columbia_tools_tcs_01.webp,,,,,,,,,,in,6.875,,"Columbia, Drywall Finishing Tools, Tool Sets & Kits",,"{""Case Type"": ""Gun Case""}",,100,100,
RC,Columbia Tool Case,Road Case,1020.16,,Columbia Tool Case - Road Case offers maximum protection and organization for your full drywall finishing kit. Its rugged shell and custom foam interior safeguard your tools against the toughest job site conditions.,Columbia Tools,,https://drywalltoolbox.com/wp-content/uploads/2026/media/columbia_tools_rc_01.webp,,,,,,,,,,in,6.875,,"Columbia, Drywall Finishing Tools, Tool Sets & Kits",,"{""Case Type"": ""Road Case""}",,100,100,
FMH,Columbia UHMW Mud Applicator,L-Trim,98.0,,"Columbia UHMW Mud Applicator - L-Trim provides a slick, self-lubricating surface for smooth and precise compound application on edge trims. It eliminates drag and sticking, making your drywall finishing workflow faster and cleaner.",Columbia Tools,,https://drywalltoolbox.com/wp-content/uploads/2026/media/columbia_tools_fmh_01.webp,,,,,,,,,,in,6.875,,"Columbia, Drywall Finishing Tools",,"{""Applicator Type"": ""L-Trim""}",,100,100,
IA90,Columbia UHMW Mud Applicator,Inside 90°,98.0,,"Columbia UHMW Mud Applicator - Inside 90° delivers a smooth, non-stick compound application for internal corners using a self-lubricating polyethylene surface. This precision tool integrates with your pump system to ensure consistent, high-speed finishing without the drag of metal applicators.",Columbia Tools,,https://drywalltoolbox.com/wp-content/uploads/2026/media/columbia_tools_ia90_01.webp,,,,,,,,,,in,6.875,,"Columbia, Drywall Finishing Tools",,"{""Applicator Type"": ""Inside 90°""}",,100,100,
OA90,Columbia UHMW Mud Applicator,Outside 90°,98.0,,"Columbia UHMW Mud Applicator - Outside 90° features a self-lubricating surface that prevents compound drag on external corners. It integrates with your pump system to provide fast, uniform coverage on every outside bead.",Columbia Tools,,https://drywalltoolbox.com/wp-content/uploads/2026/media/columbia_tools_oa90_01.webp,,,,,,,,,,in,6.875,,"Columbia, Drywall Finishing Tools",,"{""Applicator Type"": ""Outside 90°""}",,100,100,
OA90-325,Columbia UHMW Mud Applicator,Outside 90° 325,89.25,,"Columbia UHMW Mud Applicator - Outside 90° 325 delivers a smooth, non-stick compound application specifically for wide-flange outside corners. Its self-lubricating polyethylene design eliminates drag and speeds up high-production finishing.",Columbia Tools,,https://drywalltoolbox.com/wp-content/uploads/2026/media/columbia_tools_fmh_01.webp,,,,,,,,,,in,6.875,,"Columbia, Drywall Finishing Tools",,"{""Applicator Type"": ""Outside 90° 325""}",,100,100,
TS,Columbia Tactical Set,,5435.0,,"Columbia Tactical Set is the ultimate all-in-one automatic finishing kit designed to transition contractors into a high-speed, professional drywall workflow. This comprehensive bundle includes everything from the taper and boxes to a protective road case for total jobsite efficiency.",Columbia Tools,,https://drywalltoolbox.com/wp-content/uploads/2026/media/columbia_tools_ts_01.webp,,,,,,,,,,in,6.875,,"Columbia, Drywall Finishing Tools, Tool Sets & Kits",,{},,100,100,
PTS,Columbia Predator Tactical Set,,5861.0,,The Columbia Predator Tactical Set delivers a full-scale automatic finishing workflow anchored by the ultra-lightweight Predator carbon-fiber taper. This professional kit includes everything from flat boxes and corner tools to a protective road case for peak job site efficiency.,Columbia Tools,,https://drywalltoolbox.com/wp-content/uploads/2026/media/columbia_tools_rc_01.webp,,,,,,,,,,in,6.875,,"Columbia, Drywall Finishing Tools, Tool Sets & Kits",,{},,100,100,
SACS,Columbia Commando Set,,919.0,,"The Columbia Commando Set is the ultimate semi-automatic solution for crews looking to boost efficiency and precision in corner finishing. This all-in-one kit includes everything from flushers and applicators to a heavy-duty mud tube, all organized in a professional carrying case.",Columbia Tools,,https://drywalltoolbox.com/wp-content/uploads/2026/media/columbia_tools_sacs_01.webp,,,,,,,,,,in,6.875,,"Columbia, Drywall Finishing Tools, Tool Sets & Kits",,{},,100,100,
TWS,Columbia Warrior Set,,663.0,,"The Columbia Warrior Set is a complete professional skimming kit featuring four Tomahawk smoothing blades, an extendible handle, and a rugged protective case. It is the ultimate setup for contractors ready to achieve flawless, high-efficiency finishes on every surface.",Columbia Tools,,https://drywalltoolbox.com/wp-content/uploads/2026/media/columbia_tools_tws_01.webp,,,,,,,,,,in,6.875,,"Columbia, Drywall Finishing Tools, Tool Sets & Kits",,{},,100,100,
CPFP,Columbia PowerFill 3.5 Pro Series Cordless Loading Pump,,1473.0,,"The Columbia PowerFill 3.5 Pro Series Cordless Loading Pump eliminates manual pumping fatigue with a high-speed, programmable battery-powered system. Fill your taping tools faster and more accurately while protecting your body from repetitive strain.",Columbia Tools,,https://drywalltoolbox.com/wp-content/uploads/2026/media/columbia_tools_cpfp_01.webp,,,,,,,,,,in,6.875,,"26B418, automatic loading pump, CPFP, Graco, loading pump, mud pump, power fill, powerfill",,{},,100,100,
CPFGN,Columbia Powerfill 5 Gallon Taper Gooseneck Fill Tube,,275.0,,"The Columbia Powerfill 5 Gallon Taper Gooseneck Fill Tube allows for fast, mess-free filling of automatic tapers directly from your PowerFill 3.5 pump. It is an essential upgrade for any high-production drywall professional seeking maximum efficiency.",Columbia Tools,,https://drywalltoolbox.com/wp-content/uploads/2026/media/columbia_tools_tbgn_01.webp,,,,,,,,,,in,6.875,,"CPFGN, goose neck, gooseneck",,{},,100,100,
FA280,#10 Belleville Washer,,1.0,,"Keep your Columbia finishing tools in top form with the #10 Belleville Washer, a genuine replacement part engineered for perfect tension and long-term reliability.",Columbia Tools,,https://drywalltoolbox.com/wp-content/uploads/2026/media/columbia_tools_fa280_01.webp,,,,,,,,,,in,6.875,,"Columbia Tools, Corner Flusher Box, FA280, Flat Finishing Box, Hinged Nailspotter, Repair Parts",,{},,100,100,
FA268,#10 Flat Washer,,2.25,,The #10 Flat Washer (FA268) is a genuine Columbia Tools replacement part designed to maintain the factory-standard tension and fit of your finishing boxes and handles. Keep your professional drywall kit in top condition with this precision-engineered hardware component.,Columbia Tools,,https://drywalltoolbox.com/wp-content/uploads/2026/media/columbia_tools_fa268_01.webp,,,,,,,,,,in,6.875,,"180 Grip Box Handle, Columbia Tools, FA268, Flat Finishing Box, Repair Parts",,{},,100,100,
FA270,"#10 x 3/4"" Fender Washer",,2.5,,This genuine Columbia FA270 fender washer ensures your Hot Mud Pump stays securely assembled and performs reliably on every job. It is the perfect OEM solution for maintaining factory-standard structural integrity.,Columbia Tools,,https://drywalltoolbox.com/wp-content/uploads/2026/media/columbia_tools_fa270_01.webp,,,,,,,,,,in,6.875,,"Columbia Tools, FA270, Hot Mud Pump, Repair Parts",,{},,100,100,
FA228,#6 Flat Washer,,1.0,,"Keep your Columbia finishing tools in peak condition with the #6 Flat Washer (FA228), a genuine OEM part designed for a perfect fit. It provides the precise spacing and durability needed for reliable, professional-grade performance.",Columbia Tools,,https://drywalltoolbox.com/wp-content/uploads/2026/media/columbia_tools_fa228_01.webp,,,,,,,,,,in,6.875,,"Automatic Taper Head, Columbia Tools, Corner Flusher Box, FA228, Hinged Nailspotter, Repair Parts",,{},,100,100,
FA229,#6 Lock Washer,,1.0,,The #6 Lock Washer (FA229) is a genuine Columbia Tools OEM part designed to provide vibration-resistant fastening for Automatic Taper Heads and Matrix Handle systems.,Columbia Tools,,https://drywalltoolbox.com/wp-content/uploads/2026/media/columbia_tools_fa229_01.webp,,,,,,,,,,in,6.875,,"Automatic Taper Head, Columbia Tools, FA229, Matrix Handle, Repair Parts",,{},,100,100,
FA230,#6 Star Washer,,1.0,,Keep your Columbia Automatic Taper performing at its peak with this genuine #6 Star Washer. It provides the essential grip and tension required for professional-grade drywall finishing reliability.,Columbia Tools,,https://drywalltoolbox.com/wp-content/uploads/2026/media/columbia_tools_fa230_01.webp,,,,,,,,,,in,6.875,,"Automatic Taper Head, Columbia Tools, FA230, Repair Parts",,{},,100,100,
FA253,#8 Flat Washer,,1.85,,The #8 Flat Washer (FA253) is a genuine Columbia Tools replacement part designed for precision fitment in automatic taper heads and corner flusher boxes. Keep your finishing equipment running smoothly with this essential OEM hardware.,Columbia Tools,,https://drywalltoolbox.com/wp-content/uploads/2026/media/columbia_tools_fa253_01.webp,,,,,,,,,,in,6.875,,"Automatic Taper Head, Columbia Tools, Corner Flusher Box, FA253, Repair Parts",,{},,100,100,
FA252,#8 Star Washer,,2.05,,The #8 Star Washer (FA252) is a genuine Columbia Tools replacement part that ensures your finishing equipment maintains factory-standard tension and stability. Keep your nailspotters and box handles in top condition with this precision-engineered OEM component.,Columbia Tools,,https://drywalltoolbox.com/wp-content/uploads/2026/media/columbia_tools_fa252_01.webp,,,,,,,,,,in,6.875,,"Columbia Tools, FA252, Hinged Nailspotter, Hydra-Reach Box Handle, Repair Parts",,{},,100,100,
FA202,"1/16 X 1/2"" Cotter Pin",,1.0,,"Keep your Columbia 180 Grip Box Handle in peak condition with this genuine 1/16 x 1/2 inch cotter pin, designed for a precise and secure factory fit.",Columbia Tools,,https://drywalltoolbox.com/wp-content/uploads/2026/media/columbia_tools_fa202_01.webp,,,,,,,,,,in,6.875,,"180 Grip Box Handle, Columbia Tools, FA202, Repair Parts",,{},,100,100,
FA200,"1/16 x 1/4"" Split Pin",,1.0,,"Keep your Columbia Automatic Taper in peak condition with this genuine 1/16 x 1/4"" split pin. It provides a secure, factory-standard fit for reliable performance on every job site.",Columbia Tools,,https://drywalltoolbox.com/wp-content/uploads/2026/media/columbia_tools_fa200_01.webp,,,,,,,,,,in,6.875,,"Automatic Taper Head, Columbia Tools, FA200, Repair Parts",,{},,100,100,
FA203,"1/16 x 3/4"" Cotter Pin",,1.0,,"Keep your Columbia Automatic Taper running smoothly with this genuine 1/16 x 3/4"" Cotter Pin, designed for a perfect fit and long-lasting mechanical reliability.",Columbia Tools,,https://drywalltoolbox.com/wp-content/uploads/2026/media/columbia_tools_fa203_01.webp,,,,,,,,,,in,6.875,,"Automatic Taper Head, Columbia Tools, FA203, Repair Parts",,{},,100,100,
FA3,"1/2"" x 7/8"" Flat Washer",,2.5,,"Keep your Columbia Hot Mud Pump running at peak efficiency with this genuine 1/2"" x 7/8"" flat washer replacement. It is the perfect OEM solution for maintaining a tight seal and professional-grade performance on every job.",Columbia Tools,,https://drywalltoolbox.com/wp-content/uploads/2026/media/columbia_tools_fa3_01.webp,,,,,,,,,,in,6.875,,"Columbia Tools, FA308, Hot Mud Pump, Repair Parts",,{},,100,100,
CT109,1/4 - 20 Hex Nut,,6.0,,"The 1/4 - 20 Hex Nut is a precision-machined OEM replacement part designed to maintain the structural integrity of your Columbia Automatic Taper. Ensure your finishing tools remain reliable and secure with this essential, vibration-resistant fastener.",Columbia Tools,,https://drywalltoolbox.com/wp-content/uploads/2026/media/columbia_tools_ct109_01.webp,,,,,,,,,,in,6.875,,"Automatic Taper Body, Columbia Tools, CT109, Repair Parts",,{},,100,100,
FA296,"1/4 -20 x 1/2"" Hex Bolt",,3.35,,"The 1/4 -20 x 1/2"" Hex Bolt is a genuine Columbia Tools replacement part designed to maintain the structural integrity of your Corner Flusher Box. This durable fastener ensures a secure fit and factory-standard performance for professional drywall finishers.",Columbia Tools,,https://drywalltoolbox.com/wp-content/uploads/2026/media/columbia_tools_fa296_01.webp,,,,,,,,,,in,6.875,,"Columbia Tools, Corner Flusher Box, FA296, Repair Parts",,{},,100,100,
FA295,"1/4 x 1/2"" Flathead Socket",,3.45,,"The 1/4 x 1/2"" Flathead Socket is a genuine Columbia Tools replacement part that restores factory-level performance to your Automatic Taper. This precision-engineered component ensures your equipment remains reliable and ready for heavy-duty finishing.",Columbia Tools,,https://drywalltoolbox.com/wp-content/uploads/2026/media/columbia_tools_fa295_01.webp,,,,,,,,,,in,6.875,,"Automatic Taper Body, Columbia Tools, FA295, Repair Parts",,{},,100,100,
FA379,"1/4"" SS E-Clip",,3.25,,Keep your Columbia Matrix Handle secure and reliable with this high-grade stainless steel replacement E-clip. It provides a factory-perfect fit to ensure your drywall finishing tools maintain their professional performance.,Columbia Tools,,https://drywalltoolbox.com/wp-content/uploads/2026/media/columbia_tools_fa379_01.webp,,,,,,,,,,in,6.875,,"Columbia Tools, FA379, Matrix Handle, Repair Parts",,{},,100,100,
FA286,"1/4"" x 1/2"" Flat Washer",,1.0,,"The 1/4"" x 1/2"" Flat Washer (FA286) is a genuine Columbia Tools replacement part designed to maintain the factory performance of your Hot Mud Pump. This durable OEM component ensures a precise fit and long-lasting reliability on the job site.",Columbia Tools,,https://drywalltoolbox.com/wp-content/uploads/2026/media/columbia_tools_fa286_01.webp,,,,,,,,,,in,6.875,,"Columbia Tools, FA286, Hot Mud Pump, Repair Parts",,{},,100,100,
FA288,"1/4"" X 3/4"" Split Pin",,2.25,,"Keep your Columbia Corner Roller in top condition with this genuine 1/4"" x 3/4"" split pin, designed for a perfect fit and long-lasting durability.",Columbia Tools,,https://drywalltoolbox.com/wp-content/uploads/2026/media/columbia_tools_fa288_01.webp,,,,,,,,,,in,6.875,,"Columbia Tools, Corner Roller, FA288, Repair Parts",,{},,100,100,
FA291,1/4-20 Hex Nut,,2.0,,"The 1/4-20 Hex Nut is a genuine Columbia Tools replacement part designed to maintain the structural integrity and performance of your Automatic Taper Body. This precision-threaded fastener ensures a secure, factory-standard fit for reliable daily operation.",Columbia Tools,,https://drywalltoolbox.com/wp-content/uploads/2026/media/columbia_tools_fa291_01.webp,,,,,,,,,,in,6.875,,"Automatic Taper Body, Columbia Tools, FA291, Repair Parts",,{},,100,100,
FA299,"1/4-20 x 1 1/2"" Pan Phillips",,4.0,,"The 1/4-20 x 1 1/2"" Pan Phillips is a genuine Columbia Tools replacement screw designed to keep your corner roller performing at factory standards. This high-quality OEM fastener ensures a precise, secure fit for reliable tool maintenance.",Columbia Tools,,https://drywalltoolbox.com/wp-content/uploads/2026/media/columbia_tools_fa299_01.webp,,,,,,,,,,in,6.875,,"Columbia Tools, Corner Roller, FA299, Repair Parts",,{},,100,100,
FA313,1/4-20 X 1/4 Socket Head Set Screw,,2.0,,"The 1/4-20 X 1/4 Socket Head Set Screw is a genuine Columbia Tools replacement part designed to provide a secure, factory-spec fit for your Hot Mud Pump. This durable fastener ensures your equipment remains reliable and properly aligned during demanding professional use.",Columbia Tools,,https://drywalltoolbox.com/wp-content/uploads/2026/media/columbia_tools_fa313_01.webp,,,,,,,,,,in,6.875,,"Columbia Tools, FA313, Hot Mud Pump, Repair Parts",,{},,100,100,
FA301,"1/4-20 x 2 1/4"" Hex Bolt",,3.0,,"The 1/4-20 x 2 1/4"" Hex Bolt (FA301) is a genuine Columbia Tools replacement part engineered for the Hot Mud Pump series. This high-grade fastener ensures your equipment maintains structural integrity and factory-standard performance on every job.",Columbia Tools,,https://drywalltoolbox.com/wp-content/uploads/2026/media/columbia_tools_fa301_01.webp,,,,,,,,,,in,6.875,,"Columbia Tools, FA301, Hot Mud Pump, Repair Parts",,{},,100,100,
FA300,"1/4-20 x 2"" Hex Bolt",,4.25,,"The 1/4-20 x 2"" Hex Bolt (FA300) is a genuine Columbia Tools replacement part built to maintain the factory performance of your Hot Mud Pump. Ensure your finishing equipment stays secure and operational with this precision-engineered OEM hardware.",Columbia Tools,,https://drywalltoolbox.com/wp-content/uploads/2026/media/columbia_tools_fa300_01.webp,,,,,,,,,,in,6.875,,"Columbia Tools, FA300, Hot Mud Pump, Repair Parts",,{},,100,100,
FA294,"1/4-20 x 38"" Socket",,3.25,,"Keep your Columbia Hot Mud Pump running at peak performance with this genuine 1/4-20 x 38"" Socket replacement part. Engineered for a perfect fit, it ensures your drywall finishing tools remain reliable and job-ready.",Columbia Tools,,https://drywalltoolbox.com/wp-content/uploads/2026/media/columbia_tools_fa294_01.webp,,,,,,,,,,in,6.875,,"Columbia Tools, FA294, Hot Mud Pump, Repair Parts",,{},,100,100,
FA297,"1/4-20 x 5/8"" Socket",,2.0,,"Ensure your Columbia Hot Mud Pump stays in peak condition with this genuine 1/4-20 x 5/8"" Socket replacement. This OEM hardware provides a precise fit and reliable durability for professional drywall finishing demands.",Columbia Tools,,https://drywalltoolbox.com/wp-content/uploads/2026/media/columbia_tools_fa297_01.webp,,,,,,,,,,in,6.875,,"Columbia Tools, FA297, Hot Mud Pump, Repair Parts",,{},,100,100,
FA298,"1/4-20 x 7/8"" Flat Socket",,2.85,,"The 1/4-20 x 7/8"" Flat Socket (FA298) is a precision-engineered OEM replacement part designed to maintain the structural integrity of your Columbia Automatic Taper Body. This high-strength fastener ensures a flush, secure fit for reliable performance on every job site.",Columbia Tools,,https://drywalltoolbox.com/wp-content/uploads/2026/media/columbia_tools_fa298_01.webp,,,,,,,,,,in,6.875,,"Automatic Taper Body, Columbia Tools, FA298, Repair Parts",,{},,100,100,
FA302,"1/4-28 x 1/4"" Set Screw",,3.85,,"Maintain the precision of your Columbia 180 Grip Box Handle with this genuine 1/4-28 x 1/4"" replacement set screw. It provides a secure, factory-spec fit to keep your finishing tools operating reliably on every job.",Columbia Tools,,https://drywalltoolbox.com/wp-content/uploads/2026/media/columbia_tools_fa302_01.webp,,,,,,,,,,in,6.875,,"180 Grip Box Handle, Columbia Tools, FA302, Repair Parts",,{},,100,100,
FA320,"1/4-28-3/8"" Socket Set Screw",,2.0,,"The 1/4-28-3/8"" Socket Set Screw is a genuine Columbia replacement part built to maintain the secure mechanical alignment of your Hydra-Reach Box Handle. This precision-threaded fastener ensures your professional finishing equipment remains reliable and job-site ready.",Columbia Tools,,https://drywalltoolbox.com/wp-content/uploads/2026/media/columbia_tools_fa320_01.webp,,,,,,,,,,in,6.875,,"Columbia Tools, FA320, Hydra-Reach Box Handle, Repair Parts",,{},,100,100,
HFFB14-8,Flat Box Hinged Door Gasket,"8""",16.5,,Restore the airtight seal of your 8-inch Columbia flat box with this genuine replacement hinged door gasket. It prevents compound leaks and ensures consistent pressure.,Columbia Tools,,https://drywalltoolbox.com/wp-content/uploads/2026/media/columbia_tools_hffb14_8_01.webp,,,,,,,,,,in,6.875,,"Columbia Tools, Flat Finishing Box, HFFB14-10, Repair Parts",,"{""Size"": ""8\""""}",,100,100,
HFFB14-10,Flat Box Hinged Door Gasket,"10""",42.0,,Ensure your 10-inch Columbia flat box maintains a perfect seal with this genuine replacement hinged door gasket. It prevents mud leaks and restores consistent pressure for professional drywall finishing results.,Columbia Tools,,https://drywalltoolbox.com/wp-content/uploads/2026/media/columbia_tools_hffb14_10_01.webp,,,,,,,,,,in,6.875,,"Columbia Tools, Flat Finishing Box, HFFB14-10, Repair Parts",,"{""Size"": ""10\""""}",,100,100,
HFFB14-12,Flat Box Hinged Door Gasket,"12""",42.0,,"Keep your 12-inch Columbia flat box operating at peak performance with this genuine replacement hinged door gasket. It provides a precise, factory-grade seal to prevent leaks and maintain consistent mud pressure.",Columbia Tools,,https://drywalltoolbox.com/wp-content/uploads/2026/media/columbia_tools_hffb14_12_01.webp,,,,,,,,,,in,6.875,,"Columbia Tools, Flat Finishing Box, HFFB14-10, Repair Parts",,"{""Size"": ""12\""""}",,100,100,
HFFB14-14,Flat Box Hinged Door Gasket,"14""",42.0,,Keep your 14-inch Columbia flat box leak-free and pressurized with this genuine OEM hinged door gasket. It is the perfect fit for maintaining professional finishing standards on your widest joints.,Columbia Tools,,https://drywalltoolbox.com/wp-content/uploads/2026/media/columbia_tools_hffb14_14_01.webp,,,,,,,,,,in,6.875,,"Columbia Tools, Flat Finishing Box, HFFB14-10, Repair Parts",,"{""Size"": ""14\""""}",,100,100,
FFB25-10,Rubber Gasket Retainer,"10""",24.95,,Restore the factory-standard seal of your 10-inch finishing box with this genuine Columbia Rubber Gasket Retainer. It is the essential fix for preventing leaks and maintaining consistent mud flow.,Columbia Tools,,https://drywalltoolbox.com/wp-content/uploads/2026/media/columbia_tools_ffb25_10_01.webp,,,,,,,,,,in,6.875,,"Columbia Tools, FFB25-10, Flat Finishing Box, Repair Parts",,"{""Size"": ""10\""""}",,100,100,
FFB25-12,Rubber Gasket Retainer,"12""",28.5,,Restore the sealing power of your 12-inch Columbia flat box with this genuine Rubber Gasket Retainer. It ensures consistent mud flow and prevents leaks for a professional finish.,Columbia Tools,,https://drywalltoolbox.com/wp-content/uploads/2026/media/columbia_tools_ffb25_10_01.webp,,,,,,,,,,in,6.875,,"Columbia Tools, FFB25-10, Flat Finishing Box, Repair Parts",,"{""Size"": ""12\""""}",,100,100,
AH3-2,Top Blade,"2""",38.95,,"The Top Blade - 2"" is a genuine Columbia Tools replacement part designed to restore factory-standard precision and clean wiping to your 2-inch Angle Head. Ensure your drywall corners remain sharp and professional with this durable, easy-to-install OEM component.",Columbia Tools,,https://drywalltoolbox.com/wp-content/uploads/2026/media/columbia_tools_ah3_2_01.webp,,,,,,,,,,in,6.875,,"AH3-3, Angle Head, Columbia Tools, Repair Parts",,"{""Size"": ""2\""""}",,100,100,
AH3-2.5,Top Blade,"2.5""",25.0,,"The Top Blade - 2.5"" is a genuine Columbia replacement part that restores factory-standard precision to your 2.5-inch Angle Head. Ensure a perfect, smooth finish on every corner with this durable, easy-to-install OEM component.",Columbia Tools,,https://drywalltoolbox.com/wp-content/uploads/2026/media/columbia_tools_ah3_2_5_01.webp,,,,,,,,,,in,6.875,,"AH3-3, Angle Head, Columbia Tools, Repair Parts",,"{""Size"": ""2.5\""""}",,100,100,
AH3-3,Top Blade,"3""",44.95,,"The Columbia Top Blade - 3"" is a precision-engineered OEM replacement designed to restore factory-standard finishing performance to your 3-inch Angle Head. Keep your drywall corners crisp and professional with this durable, direct-fit component.",Columbia Tools,,https://drywalltoolbox.com/wp-content/uploads/2026/media/columbia_tools_ah3_3_01.webp,,,,,,,,,,in,6.875,,"AH3-3, Angle Head, Columbia Tools, Repair Parts",,"{""Size"": ""3\""""}",,100,100,
AH3-3.5,Top Blade,"3.5""",25.0,,"The Top Blade - 3.5"" is a precision-engineered OEM replacement part designed to restore factory-standard performance to your 3.5-inch Columbia Angle Head. Keep your drywall corners crisp and your workflow moving with this durable, easy-to-install component.",Columbia Tools,,https://drywalltoolbox.com/wp-content/uploads/2026/media/columbia_tools_ah3_3_5_01.webp,,,,,,,,,,in,6.875,,"AH3-3, Angle Head, Columbia Tools, Repair Parts",,"{""Size"": ""3.5\""""}",,100,100,
FA380,"1/8"" SS E-Clip",,2.95,,"1/8"" SS E-Clip is a genuine Columbia Tools replacement part that provides a secure, corrosion-resistant fit for your Matrix Handle series equipment. It's the essential hardware needed to maintain factory-level stability and prevent mechanical wear.",Columbia Tools,,https://drywalltoolbox.com/wp-content/uploads/2026/media/columbia_tools_fa380_01.webp,,,,,,,,,,in,6.875,,"Columbia Tools, FA380, Matrix Handle, Repair Parts",,{},,100,100,
FA225,"1/8"" x 3/8"" Rivet Shoulder Washer",,2.05,,"The 1/8"" x 3/8"" Rivet Shoulder Washer provides a precise, factory-spec fit for your Columbia Automatic Taper Body. This genuine OEM part is essential for maintaining tool stability and ensuring consistent performance on every job.",Columbia Tools,,https://drywalltoolbox.com/wp-content/uploads/2026/media/columbia_tools_fa225_01.webp,,,,,,,,,,in,6.875,,"Automatic Taper Body, Columbia Tools, FA225, Repair Parts",,{},,100,100,
FA224,"1/8"" x 3/8"" Split Pin",,1.95,,"This 1/8"" x 3/8"" Split Pin is an essential OEM replacement part designed to keep your Columbia Automatic Taper Head secured and performing at its best. Its precision-engineered fit ensures reliable operation and minimizes downtime on the job site.",Columbia Tools,,https://drywalltoolbox.com/wp-content/uploads/2026/media/columbia_tools_fa224_01.webp,,,,,,,,,,in,6.875,,"Automatic Taper Head, Columbia Tools, FA224, Repair Parts",,{},,100,100,
FA271,10-24 Nyloc Nut,,2.0,,"The 10-24 Nyloc Nut is a genuine Columbia Tools replacement part that provides a secure, vibration-resistant hold for your finishing equipment. It ensures your tools maintain factory-standard reliability during heavy daily use.",Columbia Tools,,https://drywalltoolbox.com/wp-content/uploads/2026/media/columbia_tools_fa271_01.webp,,,,,,,,,,in,6.875,,"Columbia Tools, FA271, Flat Finishing Box, Hinged Nailspotter, Hot Mud Pump, Repair Parts",,{},,100,100,
FA272,10-24 Wing Nut,,2.0,,"The 10-24 Wing Nut (FA272) provides a secure, factory-spec fit for your Columbia Flat Finishing Box. This genuine OEM replacement part ensures reliable performance and easy manual tool adjustments.",Columbia Tools,,https://drywalltoolbox.com/wp-content/uploads/2026/media/columbia_tools_fa272_01.webp,,,,,,,,,,in,6.875,,"Columbia Tools, FA272, Flat Finishing Box, Repair Parts",,{},,100,100,
FA273,"10-24 x 1"" Hex Bolt",,3.25,,"10-24 x 1"" Hex Bolt is a genuine Columbia Tools replacement part engineered to maintain the structural integrity of your Hot Mud Pump. This OEM fastener ensures a precise fit and long-lasting reliability for professional drywall contractors.",Columbia Tools,,https://drywalltoolbox.com/wp-content/uploads/2026/media/columbia_tools_fa273_01.webp,,,,,,,,,,in,6.875,,"Columbia Tools, FA273, Hot Mud Pump, Repair Parts",,{},,100,100,
FA312,"10-24 X 1/4"" Socket Hand Set",,2.85,,"Keep your Columbia 180 Grip or Hydra-Reach handles in peak condition with this genuine 10-24 X 1/4"" Socket Hand Set. It is the perfect OEM solution for restoring secure, factory-spec performance to your professional finishing tools.",Columbia Tools,,https://drywalltoolbox.com/wp-content/uploads/2026/media/columbia_tools_fa312_01.webp,,,,,,,,,,in,6.875,,"180 Grip Box Handle, Columbia Tools, FA312, Hydra-Reach Box Handle, Repair Parts",,{},,100,100,
FA274,"10-24 x 3/8"" Socket",,2.65,,"The 10-24 x 3/8"" Socket (FA274) is a precision-machined OEM replacement part designed to maintain the structural integrity of your Columbia Hot Mud Pump. Keep your finishing equipment in top condition with this durable, factory-spec fastener.",Columbia Tools,,https://drywalltoolbox.com/wp-content/uploads/2026/media/columbia_tools_fa274_01.webp,,,,,,,,,,in,6.875,,"Columbia Tools, FA274, Hot Mud Pump, Repair Parts",,{},,100,100,
FA275,"10-24 x 7/8"" Hex Bolt",,3.15,,"Keep your Columbia Flat Finishing Box in top working order with this genuine 10-24 x 7/8"" Hex Bolt. This precision-engineered fastener ensures a secure fit and long-lasting durability for professional drywall finishing.",Columbia Tools,,https://drywalltoolbox.com/wp-content/uploads/2026/media/columbia_tools_fa275_01.webp,,,,,,,,,,in,6.875,,"Columbia Tools, FA275, Flat Finishing Box, Repair Parts",,{},,100,100,
FA276,"10-24 x 7/8"" Pan Slot",,3.35,,"The 10-24 x 7/8"" Pan Slot is a genuine Columbia Tools replacement screw designed to keep your 180 Grip Box Handle in peak operating condition. This precision-engineered fastener ensures a secure, factory-standard fit for reliable performance on every job.",Columbia Tools,,https://drywalltoolbox.com/wp-content/uploads/2026/media/columbia_tools_fa276_01.webp,,,,,,,,,,in,6.875,,"180 Grip Box Handle, Columbia Tools, FA276, Repair Parts",,{},,100,100,
FA316,"10-32 X 1/2"" Flat Socket Head",,2.0,,"Maintain your Hydra-Reach Box Handle with this genuine 10-32 x 1/2"" Flat Socket Head fastener. It provides a flush, secure fit to keep your professional drywall tools operating reliably.",Columbia Tools,,https://drywalltoolbox.com/wp-content/uploads/2026/media/columbia_tools_fa316_01.webp,,,,,,,,,,in,6.875,,"Columbia Tools, FA316, Hydra-Reach Box Handle, Repair Parts",,{},,100,100,
FA382,"10-32 x 1/4"" SS Set Screw",,1.0,,"The 10-32 x 1/4"" SS Set Screw is a genuine Columbia Tools replacement part engineered for a perfect fit in Matrix Handle assemblies. This stainless steel fastener provides the durability and precision needed to keep your professional drywall tools in peak condition.",Columbia Tools,,https://drywalltoolbox.com/wp-content/uploads/2026/media/columbia_tools_fa382_01.webp,,,,,,,,,,in,6.875,,"Columbia Tools, FA382, Matrix Handle, Repair Parts",,{},,100,100,
FA199,"2-56 x 3/16"" Binder Slot",,1.0,,"The 2-56 x 3/16"" Binder Slot is a precision-engineered OEM replacement part designed to keep your Columbia Automatic Taper Head running at peak performance. This high-quality fastener ensures a secure fit and reliable operation for professional drywall finishers.",Columbia Tools,,https://drywalltoolbox.com/wp-content/uploads/2026/media/columbia_tools_fa199_01.webp,,,,,,,,,,in,6.875,,"Automatic Taper Head, Columbia Tools, FA199, Repair Parts",,{},,100,100,
FA365,"3/16 x 1"" Sping Pin SS",,3.0,,"Keep your Columbia Matrix Handle in peak condition with this genuine 3/16 x 1"" stainless steel spring pin, designed for a precise fit and long-lasting durability. It is the essential replacement part for maintaining tool tension and structural integrity on the job site.",Columbia Tools,,https://drywalltoolbox.com/wp-content/uploads/2026/media/columbia_tools_fa365_01.webp,,,,,,,,,,in,6.875,,"Columbia Tools, FA365, Matrix Handle, Repair Parts",,{},,100,100,
FA206,4-40 Hex Nut,,2.0,,This genuine Columbia Tools 4-40 Hex Nut provides the exact fit and reliability needed to keep your Automatic Taper Head running smoothly. It is an essential OEM component for professional drywall tool maintenance and repair.,Columbia Tools,,https://drywalltoolbox.com/wp-content/uploads/2026/media/columbia_tools_fa206_01.webp,,,,,,,,,,in,6.875,,"Automatic Taper Head, Columbia Tools, FA206, Repair Parts",,{},,100,100,
FA207,4-40 Nyloc Nut,,2.5,,"Keep your Columbia automatic taper secure and reliable with this genuine 4-40 Nyloc Nut, featuring a vibration-resistant design for professional tool maintenance.",Columbia Tools,,https://drywalltoolbox.com/wp-content/uploads/2026/media/columbia_tools_fa207_01.webp,,,,,,,,,,in,6.875,,"Automatic Taper Body, Automatic Taper Head, Columbia Tools, FA207, Repair Parts",,{},,100,100,
FA219,"4-40 x 1/2"" Fillister Slot",,1.0,,"Keep your Columbia finishing tools in top shape with this 4-40 x 1/2"" Fillister Slot screw, a genuine OEM part built for a perfect fit. This durable fastener ensures your automatic taper or corner flusher maintains peak performance on every job.",Columbia Tools,,https://drywalltoolbox.com/wp-content/uploads/2026/media/columbia_tools_fa219_01.webp,,,,,,,,,,in,6.875,,"Automatic Taper Body, Automatic Taper Head, Columbia Tools, Corner Flusher Box, FA219, Repair Parts",,{},,100,100,
FA213,"4-40 x 1/4"" Binder Slot",,1.0,,"4-40 x 1/4"" Binder Slot is a genuine Columbia Tools replacement part designed for a precise fit in automatic tapers and flusher boxes. Keep your equipment running at factory standards with this essential OEM hardware.",Columbia Tools,,https://drywalltoolbox.com/wp-content/uploads/2026/media/columbia_tools_fa213_01.webp,,,,,,,,,,in,6.875,,"Automatic Taper Head, Columbia Tools, Corner Flusher Box, FA213, Repair Parts",,{},,100,100,
FA214,"4-40 x 1/4"" Flat Slot",,1.0,,"Keep your Columbia Automatic Taper in top condition with this genuine 4-40 x 1/4"" Flat Slot replacement screw. It ensures a factory-perfect fit and reliable performance for your essential drywall finishing equipment.",Columbia Tools,,https://drywalltoolbox.com/wp-content/uploads/2026/media/columbia_tools_fa214_01.webp,,,,,,,,,,in,6.875,,"Automatic Taper Head, Columbia Tools, FA214, Repair Parts",,{},,100,100,
FA2,"4-40 x 1/8"" Binder Slot",,1.65,,"Keep your Columbia automatic taper in top form with this authentic 4-40 x 1/8"" Binder Slot replacement screw. It is the perfect OEM solution for maintaining a secure and reliable connection in both the taper head and body.",Columbia Tools,,https://drywalltoolbox.com/wp-content/uploads/2026/media/columbia_tools_fa2_01.webp,,,,,,,,,,in,6.875,,"Automatic Taper Body, Automatic Taper Head, Columbia Tools, FA208, Repair Parts",,{},,100,100,
FA210,"4-40 x 3/16"" Binder Slot",,1.0,,"Keep your Columbia Automatic Taper in peak condition with this genuine 4-40 x 3/16"" Binder Slot replacement screw. It provides a perfect factory fit to ensure your finishing tools stay reliable and secure during every pass.",Columbia Tools,,https://drywalltoolbox.com/wp-content/uploads/2026/media/columbia_tools_fa210_01.webp,,,,,,,,,,in,6.875,,"Automatic Taper Head, Columbia Tools, FA210, Repair Parts",,{},,100,100,
FA212,"4-40 x 3/16"" Truss Slot",,1.0,,"The 4-40 x 3/16"" Truss Slot screw is a precision-made OEM replacement part designed to maintain the factory performance of your Columbia Automatic Taper Head. This durable fastener ensures a secure fit and long-lasting reliability for your essential drywall tools.",Columbia Tools,,https://drywalltoolbox.com/wp-content/uploads/2026/media/columbia_tools_fa212_01.webp,,,,,,,,,,in,6.875,,"Automatic Taper Head, Columbia Tools, FA212, Repair Parts",,{},,100,100,
FA220,"4-40 x 3/4"" Hex Bolt",,2.35,,"Keep your Columbia Automatic Taper secure and calibrated with the FA220 4-40 x 3/4"" Hex Bolt. This genuine OEM replacement part ensures a perfect fit for both taper head and body assemblies.",Columbia Tools,,https://drywalltoolbox.com/wp-content/uploads/2026/media/columbia_tools_fa220_01.webp,,,,,,,,,,in,6.875,,"Automatic Taper Body, Automatic Taper Head, Columbia Tools, FA220, Repair Parts",,{},,100,100,
FA218,"4-40 x 3/8"" Flat Slot",,1.0,,"The 4-40 x 3/8"" Flat Slot screw is a genuine Columbia Tools replacement part engineered for the Hinged Nailspotter series. Ensure your finishing equipment maintains factory-standard performance with this precision-fit OEM component.",Columbia Tools,,https://drywalltoolbox.com/wp-content/uploads/2026/media/columbia_tools_fa218_01.webp,,,,,,,,,,in,6.875,,"Columbia Tools, FA218, Hinged Nailspotter, Repair Parts",,{},,100,100,
FA216,4-40 X 3/8” Fillister Slot,,2.0,,"Keep your Columbia Flat Finishing Box in top condition with this genuine 4-40 x 3/8"" Fillister Slot replacement screw. It provides the perfect OEM fit for maintaining structural integrity during heavy-duty drywall work.",Columbia Tools,,https://drywalltoolbox.com/wp-content/uploads/2026/media/columbia_tools_fa216_01.webp,,,,,,,,,,in,6.875,,"Columbia Tools, FA216, Flat Finishing Box, Repair Parts",,{},,100,100,
FA215,"4-40 x 5/16"" Binder Slot",,1.95,,"Keep your Columbia Automatic Taper in peak condition with this precision-engineered 4-40 x 5/16"" Binder Slot. This authentic OEM part ensures a perfect fit and long-lasting reliability for your drywall finishing equipment.",Columbia Tools,,https://drywalltoolbox.com/wp-content/uploads/2026/media/columbia_tools_fa215_01.webp,,,,,,,,,,in,6.875,,"Automatic Taper Head, Columbia Tools, FA215, Repair Parts",,{},,100,100,
FA303,5-16 Flat Washer,,3.0,,The 5-16 Flat Washer (FA303) is a genuine Columbia Tools replacement part designed to maintain the factory-standard performance of your Hot Mud Pump.,Columbia Tools,,https://drywalltoolbox.com/wp-content/uploads/2026/media/columbia_tools_fa303_01.webp,,,,,,,,,,in,6.875,,"Columbia Tools, FA303, Hot Mud Pump, Repair Parts",,{},,100,100,
FA307,5-16 x 24 Jam Nut,,3.0,,"The 5-16 x 24 Jam Nut is a precision-engineered OEM replacement part designed to maintain the structural integrity of your Columbia Hot Mud Pump. Ensure your drywall finishing equipment stays operational with this authentic, easy-to-install fastening component.",Columbia Tools,,https://drywalltoolbox.com/wp-content/uploads/2026/media/columbia_tools_fa307_01.webp,,,,,,,,,,in,6.875,,"Columbia Tools, FA307, Hot Mud Pump, Repair Parts",,{},,100,100,
FA305,"5/16 -18 x 3/4"" Hex Bolt",,4.15,,"The 5/16 -18 x 3/4"" Hex Bolt is a genuine Columbia Tools replacement part essential for maintaining the structural integrity of your Hot Mud Pump. This OEM fastener ensures a precise fit and long-lasting performance on the job.",Columbia Tools,,https://drywalltoolbox.com/wp-content/uploads/2026/media/columbia_tools_fa305_01.webp,,,,,,,,,,in,6.875,,"Columbia Tools, FA305, Hot Mud Pump, Repair Parts",,{},,100,100,
FA306,"5/16-18 x 1 1/4"" Hex Bolt",,3.45,,"Keep your Columbia Hot Mud Pump in peak condition with this genuine 5/16-18 x 1 1/4"" Hex Bolt, designed for a perfect fit and long-lasting reliability. This essential OEM part ensures your equipment stays secure and performs exactly as intended during demanding finishing projects.",Columbia Tools,,https://drywalltoolbox.com/wp-content/uploads/2026/media/columbia_tools_fa306_01.webp,,,,,,,,,,in,6.875,,"Columbia Tools, FA306, Hot Mud Pump, Repair Parts",,{},,100,100,
CFB10,"5/16-18 x 3/4"" Thumb Screw",,6.0,,"The 5/16-18 x 3/4"" Thumb Screw is a genuine Columbia replacement part that ensures your Corner Flusher Box maintains perfect tension and secure alignment. This professional-grade hardware allows for quick, tool-free adjustments during demanding drywall finishing tasks.",Columbia Tools,,https://drywalltoolbox.com/wp-content/uploads/2026/media/columbia_tools_cfb10_01.webp,,,,,,,,,,in,6.875,,"CFB10, Columbia Tools, Corner Flusher Box, Repair Parts",,{},,100,100,
FA317,"5/32"" x 7/8"" Roll Pin",,2.0,,"Maintain your Matrix Handle with this genuine Columbia 5/32"" x 7/8"" roll pin. It provides a precise OEM fit to ensure your drywall tools remain secure and reliable on every job.",Columbia Tools,,https://drywalltoolbox.com/wp-content/uploads/2026/media/columbia_tools_fa317_01.webp,,,,,,,,,,in,6.875,,"Columbia Tools, FA317, Matrix Handle, Repair Parts",,{},,100,100,
FA232,6-32 Hex Nut,,1.75,,"The 6-32 Hex Nut is a genuine Columbia Tools replacement fastener designed to keep your flat boxes and corner flushers securely assembled and operating at factory standards. This durable OEM part ensures a precision fit for reliable, long-term performance in the field.",Columbia Tools,,https://drywalltoolbox.com/wp-content/uploads/2026/media/columbia_tools_fa232_01.webp,,,,,,,,,,in,6.875,,"Columbia Tools, Corner Flusher Box, FA232, Flat Finishing Box, Repair Parts",,{},,100,100,
FA234,6-32 Nyloc Jam Nut,,2.65,,The 6-32 Nyloc Jam Nut is a genuine Columbia Tools replacement part that secures internal components of the Automatic Taper Head. Its vibration-resistant design ensures your tool remains reliable and precise during high-volume taping.,Columbia Tools,,https://drywalltoolbox.com/wp-content/uploads/2026/media/columbia_tools_fa234_01.webp,,,,,,,,,,in,6.875,,"Automatic Taper Head, Columbia Tools, FA234, Repair Parts",,{},,100,100,
FA233,6-32 Nyloc Nut,,2.0,,"The 6-32 Nyloc Nut provides a dependable, vibration-resistant seal for your Columbia finishing equipment, ensuring your tools stay tightly assembled during heavy use. This essential OEM replacement part keeps your automatic tapers and flat boxes running smoothly without the risk of loose hardware.",Columbia Tools,,https://drywalltoolbox.com/wp-content/uploads/2026/media/columbia_tools_fa233_01.webp,,,,,,,,,,in,6.875,,"Automatic Taper Head, Columbia Tools, FA233, Flat Finishing Box, Repair Parts",,{},,100,100,
FA245,"6-32 x 1/2"" Fillister Slot",,2.15,,"Keep your Columbia finishing tools in peak condition with the FA245 6-32 x 1/2"" Fillister Slot replacement screw. This OEM-grade fastener ensures a secure, factory-standard fit for your automatic taper and angle heads.",Columbia Tools,,https://drywalltoolbox.com/wp-content/uploads/2026/media/columbia_tools_fa245_01.webp,,,,,,,,,,in,6.875,,"Angle Head, Automatic Taper Head, Columbia Tools, FA245, Repair Parts",,{},,100,100,
FA244,"6-32 x 1/2"" Pan Slot",,1.0,,"The 6-32 x 1/2"" Pan Slot (FA244) is a genuine Columbia Tools replacement part essential for maintaining the structural integrity of your Automatic Taper Head. This precision-threaded fastener ensures your equipment remains reliable and job-site ready.",Columbia Tools,,https://drywalltoolbox.com/wp-content/uploads/2026/media/columbia_tools_fa244_01.webp,,,,,,,,,,in,6.875,,"Automatic Taper Head, Columbia Tools, FA244, Repair Parts",,{},,100,100,
FFB11-8,Adjuster Spring,"8""",8.0,,"Keep your 8-inch Columbia Flat Box in peak condition with this genuine OEM Adjuster Spring, designed for precise tension and reliable performance.",Columbia Tools,,https://drywalltoolbox.com/wp-content/uploads/2026/media/columbia_tools_ffb11_8_01.webp,,,,,,,,,,in,6.875,,"Adjuster Spring, Columbia Tools, FFB11, Repair Parts",,"{""Size"": ""8\""""}",,100,100,
FFB11-10,Adjuster Spring,"10""",8.0,,"Restore the factory-standard tension and precision of your 10-inch Columbia Flat Finishing Box with this genuine, high-durability OEM replacement spring.",Columbia Tools,,https://drywalltoolbox.com/wp-content/uploads/2026/media/columbia_tools_ffb11_8_01.webp,,,,,,,,,,in,6.875,,"Adjuster Spring, Columbia Tools, FFB11, Repair Parts",,"{""Size"": ""10\""""}",,100,100,
FFB11-12,Adjuster Spring,"12""",8.0,,Restore the factory-standard tension of your 12-inch Columbia Flat Finishing Box with this genuine OEM Adjuster Spring. It ensures consistent pressure and smooth mud application for professional-grade drywall finishing.,Columbia Tools,,https://drywalltoolbox.com/wp-content/uploads/2026/media/columbia_tools_ffb11_8_01.webp,,,,,,,,,,in,6.875,,"Adjuster Spring, Columbia Tools, FFB11, Repair Parts",,"{""Size"": ""12\""""}",,100,100,
FA239,"6-32 X 1/4"" Binder Slot",,1.0,,"Keep your Columbia equipment in top shape with this genuine FA239 6-32 X 1/4"" Binder Slot. It is the perfect OEM replacement for maintaining tapers and flat boxes.",Columbia Tools,,https://drywalltoolbox.com/wp-content/uploads/2026/media/columbia_tools_fa239_01.webp,,,,,,,,,,in,6.875,,"Automatic Taper Body, Automatic Taper Head, Columbia Tools, FA239, Flat Finishing Box, Repair Parts",,{},,100,100,
FA227,"6-32 X 1/4"" Flat Slot",,2.0,,"The 6-32 X 1/4"" Flat Slot is a genuine Columbia Tools replacement screw designed to keep your Angle Head performing at its professional best. Ensure a perfect, factory-grade fit and long-term reliability with this essential OEM fastener.",Columbia Tools,,https://drywalltoolbox.com/wp-content/uploads/2026/media/columbia_tools_fa227_01.webp,,,,,,,,,,in,6.875,,"Angle Head, Columbia Tools, FA227, Repair Parts",,{},,100,100,
FA236,"6-32 X 1/8"" Binder Slot",,1.0,,"The 6-32 X 1/8"" Binder Slot is a genuine Columbia Tools replacement fastener designed to keep your Angle Head equipment secure and operating at peak performance. This precision-engineered OEM part ensures a perfect fit and long-term durability for professional drywall finishers.",Columbia Tools,,https://drywalltoolbox.com/wp-content/uploads/2026/media/columbia_tools_fa236_01.webp,,,,,,,,,,in,6.875,,"Angle Head, Columbia Tools, FA236, Repair Parts",,{},,100,100,
FA235,"6-32 X 1/8"" Set Screw",,2.0,,"Keep your Columbia Angle Head in top condition with this genuine 6-32 X 1/8"" Set Screw, designed for a precise and secure fit. This OEM hardware ensures your finishing tools maintain factory-level stability and performance during every job.",Columbia Tools,,https://drywalltoolbox.com/wp-content/uploads/2026/media/columbia_tools_fa235_01.webp,,,,,,,,,,in,6.875,,"Angle Head, Columbia Tools, FA235, Repair Parts",,{},,100,100,
FA237,"6-32 x 3/16"" Binder Slot",,1.0,,"Keep your Matrix Handle in top form with this genuine Columbia 6-32 x 3/16"" Binder Slot, designed for a precise fit and long-lasting durability. This OEM replacement part ensures your finishing tools remain secure and reliable on every job.",Columbia Tools,,https://drywalltoolbox.com/wp-content/uploads/2026/media/columbia_tools_fa237_01.webp,,,,,,,,,,in,6.875,,"Columbia Tools, FA237, Matrix Handle, Repair Parts",,{},,100,100,
FA238,"6-32 X 3/16"" Fillister Slot",,2.0,,"6-32 X 3/16"" Fillister Slot is a genuine Columbia Tools replacement screw that ensures your finishing equipment remains secure and factory-reliable. Keep your automatic tapers and flat boxes in peak condition with this essential OEM fastener.",Columbia Tools,,https://drywalltoolbox.com/wp-content/uploads/2026/media/columbia_tools_fa238_01.webp,,,,,,,,,,in,6.875,,"Automatic Taper Head, Columbia Tools, Corner Flusher Box, FA238, Flat Finishing Box, Repair Parts",,{},,100,100,
FA241,"6-32 X 3/8"" Binder Slot",,1.0,,"Keep your Columbia drywall tools running smoothly with this genuine 6-32 X 3/8"" Binder Slot replacement screw. It’s the perfect factory-spec fastener for maintaining everything from flat boxes to automatic tapers with professional-grade reliability.",Columbia Tools,,https://drywalltoolbox.com/wp-content/uploads/2026/media/columbia_tools_fa241_01.webp,,,,,,,,,,in,6.875,,"Automatic Taper Head, Columbia Tools, Corner Flusher Box, FA241, Flat Finishing Box, Hinged Nailspotter, Repair Parts",,{},,100,100,
FA243,"6-32 x 3/8"" Flat Slot",,1.0,,"Keep your Columbia Automatic Taper Head in peak condition with this genuine 6-32 x 3/8"" Flat Slot replacement screw. This OEM part ensures a perfect fit and dependable performance for professional drywall finishing tasks.",Columbia Tools,,https://drywalltoolbox.com/wp-content/uploads/2026/media/columbia_tools_fa243_01.webp,,,,,,,,,,in,6.875,,"Automatic Taper Head, Columbia Tools, FA243, Repair Parts",,{},,100,100,
FA231,"6-32 x 3/8"" Hex Bolt",,2.25,,"Maintain your Columbia finishing equipment with this genuine 6-32 x 3/8"" Hex Bolt. It provides a precise, factory-spec fit for flat boxes, nailspotters, and corner flushers.",Columbia Tools,,https://drywalltoolbox.com/wp-content/uploads/2026/media/columbia_tools_fa231_01.webp,,,,,,,,,,in,6.875,,"Columbia Tools, Corner Flusher Box, FA231, Flat Finishing Box, Hinged Nailspotter, Repair Parts",,{},,100,100,
FA247,"6-32 X 5/8"" Hex Bolt",,2.45,,"Keep your Columbia finishing tools running like new with this genuine 6-32 X 5/8"" Hex Bolt. It provides the precise fit and factory-grade durability required for professional drywall maintenance.",Columbia Tools,,https://drywalltoolbox.com/wp-content/uploads/2026/media/columbia_tools_fa247_01.webp,,,,,,,,,,in,6.875,,"Columbia Tools, Corner Flusher Box, FA247, Flat Finishing Box, Hinged Nailspotter, Repair Parts",,{},,100,100,
FA254,8-32 Nyloc Nut,,2.0,,"Ensure your Columbia finishing equipment stays secure with the 8-32 Nyloc Nut, a vibration-resistant OEM part designed for taper heads and nailspotters. This genuine replacement hardware prevents accidental loosening during demanding drywall tasks.",Columbia Tools,,https://drywalltoolbox.com/wp-content/uploads/2026/media/columbia_tools_fa254_01.webp,,,,,,,,,,in,6.875,,"Automatic Taper Head, Columbia Tools, FA254, Hinged Nailspotter, Repair Parts",,{},,100,100,
FA267,"8-32 x 1 1/2"" Pan Slot",,2.85,,"Keep your Columbia Automatic Taper in peak condition with this genuine 8-32 x 1 1/2"" Pan Slot replacement screw. This OEM part ensures a perfect fit and long-lasting durability for professional drywall finishing.",Columbia Tools,,https://drywalltoolbox.com/wp-content/uploads/2026/media/columbia_tools_fa267_01.webp,,,,,,,,,,in,6.875,,"Automatic Taper Head, Columbia Tools, FA267, Repair Parts",,{},,100,100,
FA262,"8-32 x 1/2"" Socket",,2.95,,"The 8-32 x 1/2"" Socket is a precision-machined OEM replacement part that ensures your Columbia corner tools remain stable and secure. Keep your finishing equipment in peak condition with this essential factory-grade fastener.",Columbia Tools,,https://drywalltoolbox.com/wp-content/uploads/2026/media/columbia_tools_fa262_01.webp,,,,,,,,,,in,6.875,,"Columbia Tools, Corner Flusher Box, Corner Roller, FA262, Repair Parts",,{},,100,100,
FA257,"8-32 x 1/4"" Fillister Slot",,1.0,,"The 8-32 x 1/4"" Fillister Slot screw is a genuine Columbia Tools replacement part for taper heads and grip handles. This OEM fastener ensures your equipment maintains factory-standard stability and performance.",Columbia Tools,,https://drywalltoolbox.com/wp-content/uploads/2026/media/columbia_tools_fa257_01.webp,,,,,,,,,,in,6.875,,"180 Grip Box Handle, Automatic Taper Head, Columbia Tools, FA257, Repair Parts",,{},,100,100,
FA256,"8-32 X 3/16"" Pan Slot",,2.15,,"The 8-32 X 3/16"" Pan Slot screw is a precision-engineered OEM fastener designed to keep your Columbia Tools equipment secure and performing at its peak.",Columbia Tools,,https://drywalltoolbox.com/wp-content/uploads/2026/media/columbia_tools_fa256_01.webp,,,,,,,,,,in,6.875,,"Columbia Tools, FA256, Hot Mud Pump, Hydra-Reach Box Handle, Matrix Handle, Repair Parts",,{},,100,100,
FA265,"8-32 x 3/4"" Truss Slot",,1.0,,"Maintain your Columbia finishing tools with this genuine 8-32 x 3/4"" Truss Slot screw, designed for a secure fit on taper heads and box handles.",Columbia Tools,,https://drywalltoolbox.com/wp-content/uploads/2026/media/columbia_tools_fa265_01.webp,,,,,,,,,,in,6.875,,"180 Grip Box Handle, Automatic Taper Head, Columbia Tools, FA265, Repair Parts",,{},,100,100,
FA260,"8-32 x 3/8"" Pan Slot",,1.0,,"The Columbia Tools 8-32 x 3/8"" Pan Slot screw is a precision-engineered OEM replacement part designed for maximum stability in your finishing equipment. Ensure your mud pumps and handles maintain factory-grade performance with this essential genuine fastener.",Columbia Tools,,https://drywalltoolbox.com/wp-content/uploads/2026/media/columbia_tools_fa260_01.webp,,,,,,,,,,in,6.875,,"180 Grip Box Handle, Columbia Tools, FA260, Hinged Nailspotter, Hot Mud Pump, Repair Parts",,{},,100,100,
FA261,"8-32 X 3/8"" Socket Screw",,2.75,,"Keep your Columbia Corner Flusher Box in peak condition with this genuine 8-32 X 3/8"" socket screw. It is the exact OEM replacement needed for secure, professional-grade tool maintenance.",Columbia Tools,,https://drywalltoolbox.com/wp-content/uploads/2026/media/columbia_tools_fa261_01.webp,,,,,,,,,,in,6.875,,"Columbia Tools, Corner Flusher Box, FA261, Repair Parts",,{},,100,100,
FA376,8-32 x 5/16 SS Socket Head,,2.0,,"The 8-32 x 5/16 SS Socket Head is a genuine Columbia Tools replacement part built for the Matrix Handle series. Its stainless steel construction ensures a corrosion-resistant, factory-spec fit for long-term tool reliability.",Columbia Tools,,https://drywalltoolbox.com/wp-content/uploads/2026/media/columbia_tools_fa376_01.webp,,,,,,,,,,in,6.875,,"Columbia Tools, FA376, Matrix Handle, Repair Parts",,{},,100,100,
FA264,"8-32 x 5/8"" Truss Slot",,1.0,,"The 8-32 x 5/8"" Truss Slot is a genuine Columbia Tools replacement screw designed to keep your Automatic Taper Head in peak working condition with a secure, factory-spec fit.",Columbia Tools,,https://drywalltoolbox.com/wp-content/uploads/2026/media/columbia_tools_fa264_01.webp,,,,,,,,,,in,6.875,,"Automatic Taper Head, Columbia Tools, FA264, Repair Parts",,{},,100,100,
FA258,8-32X 1/4 Half Dog Set,,2.0,,"The 8-32X 1/4 Half Dog Set is a precision-engineered OEM replacement part designed to maintain the structural integrity and performance of your Columbia finishing tools. This essential hardware ensures a secure, vibration-resistant fit across a wide range of professional drywall equipment.",Columbia Tools,,https://drywalltoolbox.com/wp-content/uploads/2026/media/columbia_tools_fa258_01.webp,,,,,,,,,,in,6.875,,"Angle Head, Automatic Taper Head, Columbia Tools, Corner Flusher Box, FA258, Flat Finishing Box, Matrix Handle, Repair Parts",,{},,100,100,
FA249,"8-32X3/16"" Set Screw",,2.0,,"The 8-32X3/16"" Set Screw is a genuine Columbia Tools replacement part designed to provide secure, vibration-resistant fastening for your automatic taper or hot mud pump. This factory-spec hardware ensures your equipment maintains its structural integrity during demanding drywall finishing tasks.",Columbia Tools,,https://drywalltoolbox.com/wp-content/uploads/2026/media/columbia_tools_fa249_01.webp,,,,,,,,,,in,6.875,,"Automatic Taper Body, Columbia Tools, FA249, Hot Mud Pump, Repair Parts",,{},,100,100,
FFB5-7,Axle,"7""",44.0,,"The Axle - 7"" is a genuine Columbia Tools replacement part designed to restore factory-perfect alignment and smooth operation to your 7-inch flat finishing box. This durable OEM component ensures consistent mud application and eliminates mechanical drag for professional results.",Columbia Tools,,https://drywalltoolbox.com/wp-content/uploads/2026/media/columbia_tools_ffb5_7_01.webp,,,,,,,,,,in,6.875,,"Axle, Columbia Tools, FFB5, Flat Finishing Box, Repair Parts",,"{""Size"": ""7\""""}",,100,100,
FFB5-8,Axle,"8""",44.0,,"The Axle - 8"" is a genuine Columbia Tools replacement part designed to restore smooth operation and perfect alignment to your 8-inch flat finishing box. This durable OEM component ensures consistent compound application and professional-grade results.",Columbia Tools,,https://drywalltoolbox.com/wp-content/uploads/2026/media/columbia_tools_ffb5_8_01.webp,,,,,,,,,,in,6.875,,"Axle, Columbia Tools, FFB5, Flat Finishing Box, Repair Parts",,"{""Size"": ""8\""""}",,100,100,
FFB5-10,Axle,"10""",44.0,,"The Axle - 10"" is a genuine Columbia Tools replacement part engineered to restore factory-standard alignment and smooth operation to your 10-inch flat finishing box.",Columbia Tools,,https://drywalltoolbox.com/wp-content/uploads/2026/media/columbia_tools_ffb5_10_01.webp,,,,,,,,,,in,6.875,,"Axle, Columbia Tools, FFB5, Flat Finishing Box, Repair Parts",,"{""Size"": ""10\""""}",,100,100,
FFB5-12,Axle,"12""",44.0,,"The Axle - 12"" is a genuine Columbia Tools replacement part designed to restore factory-standard alignment and smooth operation to your 12-inch flat finishing box.",Columbia Tools,,https://drywalltoolbox.com/wp-content/uploads/2026/media/columbia_tools_ffb5_12_01.webp,,,,,,,,,,in,6.875,,"Axle, Columbia Tools, FFB5, Flat Finishing Box, Repair Parts",,"{""Size"": ""12\""""}",,100,100,
FFB5-14,Axle,"14""",44.0,,The Columbia Tools 14-inch Axle is a genuine OEM replacement part designed to restore smooth operation and perfect alignment to your largest flat finishing boxes. This durable component ensures consistent compound application for professional results on every wide joint.,Columbia Tools,,https://drywalltoolbox.com/wp-content/uploads/2026/media/columbia_tools_ffb5_14_01.webp,,,,,,,,,,in,6.875,,"Axle, Columbia Tools, FFB5, Flat Finishing Box, Repair Parts",,"{""Size"": ""14\""""}",,100,100,
FFB9-5.5,Blade,"5.5""",18.75,,"Keep your 5.5-inch flat box performing at its peak with this genuine Columbia Tools replacement blade, designed for flawless edge control and streak-free finishing.",Columbia Tools,,https://drywalltoolbox.com/wp-content/uploads/2026/media/columbia_tools_ffb9_5_5_01.webp,,,,,,,,,,in,6.875,,"Blade, Columbia Tools, FFB9, Flat Finishing Box, Repair Parts",,"{""Size"": ""5.5\""""}",,100,100,
FFB9-7,Blade,"7""",22.5,,"Restore the precision of your 7-inch flat box with this genuine Columbia Tools replacement blade, designed for smooth, streak-free compound application.",Columbia Tools,,https://drywalltoolbox.com/wp-content/uploads/2026/media/columbia_tools_ffb9_7_01.webp,,,,,,,,,,in,6.875,,"Blade, Columbia Tools, FFB9, Flat Finishing Box, Repair Parts",,"{""Size"": ""7\""""}",,100,100,
FFB9-8,Blade,"8""",24.95,,"Keep your 8-inch flat box performing like new with this genuine Columbia Tools 8"" replacement blade, designed for flawless compound application and streak-free finishes.",Columbia Tools,,https://drywalltoolbox.com/wp-content/uploads/2026/media/columbia_tools_ffb9_8_01.webp,,,,,,,,,,in,6.875,,"Blade, Columbia Tools, FFB9, Flat Finishing Box, Repair Parts",,"{""Size"": ""8\""""}",,100,100,
FFB9-10,Blade,"10""",28.95,,"Restore your 10-inch flat box to factory performance with this genuine Columbia Tools replacement blade, designed for precision feathering and streak-free results.",Columbia Tools,,https://drywalltoolbox.com/wp-content/uploads/2026/media/columbia_tools_ffb9_10_01.webp,,,,,,,,,,in,6.875,,"Blade, Columbia Tools, FFB9, Flat Finishing Box, Repair Parts",,"{""Size"": ""10\""""}",,100,100,
FFB9-12,Blade,"12""",32.5,,"Restore your 12-inch flat box to factory-grade performance with this genuine Columbia Tools replacement blade, designed for streak-free finishing and precision edge control.",Columbia Tools,,https://drywalltoolbox.com/wp-content/uploads/2026/media/columbia_tools_ffb9_12_01.webp,,,,,,,,,,in,6.875,,"Blade, Columbia Tools, FFB9, Flat Finishing Box, Repair Parts",,"{""Size"": ""12\""""}",,100,100,
FFB9-14,Blade,"14""",36.95,,"Ensure your widest finishing box performs at its peak with the 14-inch Columbia Tools Blade, designed for flawless final coats and professional-grade feathering.",Columbia Tools,,https://drywalltoolbox.com/wp-content/uploads/2026/media/columbia_tools_ffb9_14_01.webp,,,,,,,,,,in,6.875,,"Blade, Columbia Tools, FFB9, Flat Finishing Box, Repair Parts",,"{""Size"": ""14\""""}",,100,100,
HNS7-2,Blade,"2""",23.0,,"Blade - 2"" provides the precision edge needed for your Columbia Hinged Nailspotter to deliver flawless finishes over fasteners. This genuine OEM replacement part ensures long-lasting durability and factory-standard performance on every job.",Columbia Tools,,https://drywalltoolbox.com/wp-content/uploads/2026/media/columbia_tools_hns7_2_01.webp,,,,,,,,,,in,6.875,,"Blade, Columbia Tools, HNS7, Repair Parts",,"{""Size"": ""2\""""}",,100,100,
HNS7-3,Blade,"3""",23.0,,"Restore the factory-standard performance of your 3-inch Columbia Hinged Nailspotter with this genuine OEM replacement blade for a flawless, professional finish.",Columbia Tools,,https://drywalltoolbox.com/wp-content/uploads/2026/media/columbia_tools_hns7_3_01.webp,,,,,,,,,,in,6.875,,"Blade, Columbia Tools, HNS7, Repair Parts",,"{""Size"": ""3\""""}",,100,100,
FFB5A,Axel Bushing,,3.0,,Keep your Columbia Flat Finishing Box operating at peak performance with this genuine FFB5A replacement bushing. It is the professional choice for maintaining factory-level precision and extending the life of your drywall tools.,Columbia Tools,,https://drywalltoolbox.com/wp-content/uploads/2026/media/columbia_tools_ffb5a_01.webp,,,,,,,,,,in,6.875,,"Columbia Tools, FFB5A, Flat Finishing Box, Repair Parts",,{},,100,100,
MP32,Backing Washer Locator,,18.95,,Maintain the factory-standard precision of your Columbia Hot Mud Pump with this genuine MP32 Backing Washer Locator. It provides the exact fit and alignment needed to keep your professional finishing equipment running smoothly.,Columbia Tools,,https://drywalltoolbox.com/wp-content/uploads/2026/media/columbia_tools_mp32_01.webp,,,,,,,,,,in,6.875,,"Columbia Tools, Hot Mud Pump, MP32, Repair Parts",,{},,100,100,
FFB8,Bar Retainer Clip,,2.0,,Keep your Columbia Flat Finishing Box in peak condition with this genuine FFB8 Bar Retainer Clip. It is the perfect OEM solution for maintaining precise tension and preventing mechanical failure on the job.,Columbia Tools,,https://drywalltoolbox.com/wp-content/uploads/2026/media/columbia_tools_ffb8_01.webp,,,,,,,,,,in,6.875,,"Columbia Tools, FFB8, Flat Finishing Box, Repair Parts",,{},,100,100,
CT103,Barrel- Main Body,,112.5,,"Restore your Columbia Automatic Taper to factory standards with this genuine CT103 Barrel- Main Body. It provides the structural strength and precise fit needed for reliable, professional-grade drywall finishing.",Columbia Tools,,https://drywalltoolbox.com/wp-content/uploads/2026/media/columbia_tools_ct103_01.webp,,,,,,,,,,in,6.875,,"Automatic Taper Body, Columbia Tools, CT103, Repair Parts",,{},,100,100,
CT125A,Bearing,,19.95,,"The Columbia Tools Bearing (CT125A) is a genuine OEM replacement part designed to restore smooth, factory-standard performance to your Automatic Taper Body. This precision-engineered component ensures your taping tools operate with the reliability and speed professional finishers demand.",Columbia Tools,,https://drywalltoolbox.com/wp-content/uploads/2026/media/columbia_tools_ct125a_01.webp,,,,,,,,,,in,6.875,,"Automatic Taper Body, Columbia Tools, CT125A, Repair Parts",,{},,100,100,
BH24A,Bearing Sleeve,,4.0,,The Columbia Tools Bearing Sleeve (BH24A) is a genuine OEM replacement part designed to restore smooth operation and factory-level performance to your 180 Grip Box Handle.,Columbia Tools,,https://drywalltoolbox.com/wp-content/uploads/2026/media/columbia_tools_bh24a_01.webp,,,,,,,,,,in,6.875,,"180 Grip Box Handle, BH24A, Columbia Tools, Repair Parts",,{},,100,100,
CFB16,Bearing Sleeve,,18.75,,Keep your Columbia Corner Flusher Box running smoothly with this genuine OEM CFB16 Bearing Sleeve. It provides the precise fit and durability needed for professional-grade drywall finishing.,Columbia Tools,,https://drywalltoolbox.com/wp-content/uploads/2026/media/columbia_tools_cfb16_01.webp,,,,,,,,,,in,6.875,,"CFB16, Columbia Tools, Corner Flusher Box, Repair Parts",,{},,100,100,
CR-3,Bearing Sleeve,,19.99,,"The Columbia Tools CR-3 Bearing Sleeve is a precision-machined OEM replacement that restores smooth rotation to your Corner Roller. Keep your finishing tools operating at peak efficiency with this durable, factory-standard component.",Columbia Tools,,https://drywalltoolbox.com/wp-content/uploads/2026/media/columbia_tools_cr_3_01.webp,,,,,,,,,,in,6.875,,"Columbia Tools, Corner Roller, CR-3, Repair Parts",,{},,100,100,
HNS8-2,Blade Holder,"2""",33.0,,"Blade Holder - 2"" is a genuine Columbia Tools replacement part designed to restore factory-level precision to your 2-inch Hinged Nailspotter.",Columbia Tools,,https://drywalltoolbox.com/wp-content/uploads/2026/media/columbia_tools_hns8_2_01.webp,,,,,,,,,,in,6.875,,"Blade Holder, Columbia Tools, HNS8, Repair Parts",,"{""Size"": ""2\""""}",,100,100,
HNS8-3,Blade Holder,"3""",33.0,,"Blade Holder - 3"" is a genuine Columbia Tools OEM replacement part designed to restore factory-standard precision and blade stability to your 3-inch Hinged Nailspotter.",Columbia Tools,,https://drywalltoolbox.com/wp-content/uploads/2026/media/columbia_tools_hns8_3_01.webp,,,,,,,,,,in,6.875,,"Blade Holder, Columbia Tools, HNS8, Repair Parts",,"{""Size"": ""3\""""}",,100,100,
AH9A,Bottom Retainer Corner Clip,"3.5""",11.5,,Keep your 3.5-inch Columbia Angle Head in top shape with this genuine OEM Bottom Retainer Corner Clip for reliable tool performance.,Columbia Tools,,https://drywalltoolbox.com/wp-content/uploads/2026/media/columbia_tools_ah9a_01.webp,,,,,,,,,,in,6.875,,"AH9, Angle Head, Columbia Tools, Repair Parts",,"{""Model"": ""3.5\""""}",,100,100,
AH9,Bottom Retainer Corner Clip,Standard,10.0,,"Keep your Columbia angle head in top form with the Bottom Retainer Corner Clip - Standard, a genuine OEM part built for precise fit and long-term reliability.",Columbia Tools,,https://drywalltoolbox.com/wp-content/uploads/2026/media/columbia_tools_ah9_01.webp,,,,,,,,,,in,6.875,,"AH9, Angle Head, Columbia Tools, Repair Parts",,"{""Model"": ""Standard""}",,100,100,
BH9-3,Brake Connecting Strap,3',27.0,,Brake Connecting Strap - 3' restores the original braking precision and mechanical integrity of your 3-foot Columbia 180 Grip Box Handle. This genuine OEM replacement ensures your tool operates with factory-level responsiveness on every job.,Columbia Tools,,https://drywalltoolbox.com/wp-content/uploads/2026/media/columbia_tools_bh9_3_01.webp,,,,,,,,,,in,6.875,,"BH9, Brake Connecting Strap, Columbia Tools, Repair Parts",,"{""Length"": ""3'""}",,100,100,
BH9-42,Brake Connecting Strap,"42""",29.0,,"Brake Connecting Strap - 42"" restores the precise braking control of your Columbia 180 Grip Box Handle with factory-spec accuracy. This genuine OEM replacement part ensures your 42-inch handle performs with professional reliability.",Columbia Tools,,https://drywalltoolbox.com/wp-content/uploads/2026/media/columbia_tools_bh9_3_01.webp,,,,,,,,,,in,6.875,,"BH9, Brake Connecting Strap, Columbia Tools, Repair Parts",,"{""Length"": ""42\""""}",,100,100,
BH9-4,Brake Connecting Strap,4',31.0,,Brake Connecting Strap - 4' restores the precise braking response and control of your 4-foot Columbia 180 Grip Box Handle. This genuine OEM part ensures your finishing tools maintain peak performance and professional durability.,Columbia Tools,,https://drywalltoolbox.com/wp-content/uploads/2026/media/columbia_tools_bh9_3_01.webp,,,,,,,,,,in,6.875,,"BH9, Brake Connecting Strap, Columbia Tools, Repair Parts",,"{""Length"": ""4'""}",,100,100,
BH9-5,Brake Connecting Strap,5',33.0,,Brake Connecting Strap - 5' restores factory-standard braking control to your 5-foot Columbia 180 Grip Box Handle. This genuine OEM part ensures smooth operation and long-term durability for professional drywall finishers.,Columbia Tools,,https://drywalltoolbox.com/wp-content/uploads/2026/media/columbia_tools_bh9_3_01.webp,,,,,,,,,,in,6.875,,"BH9, Brake Connecting Strap, Columbia Tools, Repair Parts",,"{""Length"": ""5'""}",,100,100,
BH9-6,Brake Connecting Strap,6',35.0,,Brake Connecting Strap - 6' restores the essential braking responsiveness and mechanical tension of your 6-foot Columbia 180 Grip Box Handle. This genuine OEM replacement ensures precise control and factory-standard performance for high-reach finishing.,Columbia Tools,,https://drywalltoolbox.com/wp-content/uploads/2026/media/columbia_tools_bh9_3_01.webp,,,,,,,,,,in,6.875,,"BH9, Brake Connecting Strap, Columbia Tools, Repair Parts",,"{""Length"": ""6'""}",,100,100,
HH16A,Bleeder Screw,,17.0,,The Columbia Tools Bleeder Screw (HH16A) is a genuine OEM replacement part designed to maintain optimal pressure and performance in Hydra-Reach Box Handles. Ensure your drywall finishing tools remain reliable with this precision-engineered maintenance component.,Columbia Tools,,https://drywalltoolbox.com/wp-content/uploads/2026/media/columbia_tools_hh16a_01.webp,,,,,,,,,,in,6.875,,"Columbia Tools, HH16A, Hydra-Reach Box Handle, Repair Parts",,{},,100,100,
HH10B,Bottom Cap,,2.0,,Restore your Hydra-Reach Box Handle to factory-fresh performance with this genuine Columbia Tools Bottom Cap. It’s the perfect precision-fit replacement to ensure your equipment remains reliable and sealed during every drywall finish.,Columbia Tools,,https://drywalltoolbox.com/wp-content/uploads/2026/media/columbia_tools_hh10b_01.webp,,,,,,,,,,in,6.875,,"Columbia Tools, HH10B, Hydra-Reach Box Handle, Repair Parts",,{},,100,100,
CFB8,Box Mount,,44.0,,The Columbia Tools Box Mount (CFB8) is a genuine OEM replacement part that restores factory-standard stability and performance to your Corner Flusher Box.,Columbia Tools,,https://drywalltoolbox.com/wp-content/uploads/2026/media/columbia_tools_cfb8_01.webp,,,,,,,,,,in,6.875,,"CFB8, Columbia Tools, Corner Flusher Box, Repair Parts",,{},,100,100,
FFB36,Box Wheel,,5.0,,"The Box Wheel FFB36 restores the smooth, reliable glide of your Columbia Flat Finishing Box for a professional finish. This genuine OEM replacement part ensures perfect tracking and long-lasting durability on every job.",Columbia Tools,,https://drywalltoolbox.com/wp-content/uploads/2026/media/columbia_tools_ffb36_01.webp,,,,,,,,,,in,6.875,,"Columbia Tools, FFB36, Flat Finishing Box, Repair Parts",,{},,100,100,
CT87A,Bracket Brace,,14.5,,"Keep your Columbia Automatic Taper in peak condition with this genuine CT87A Bracket Brace, designed for a perfect fit and long-lasting structural support.",Columbia Tools,,https://drywalltoolbox.com/wp-content/uploads/2026/media/columbia_tools_ct87a_01.webp,,,,,,,,,,in,6.875,,"Automatic Taper Head, Columbia Tools, CT87A, Repair Parts",,{},,100,100,
HH7,Brake,,22.0,,Restore factory-level locking precision to your Hydra-Reach Box Handle with this genuine Columbia Tools replacement brake. It is the most reliable way to maintain total control over your finishing equipment during long shifts.,Columbia Tools,,https://drywalltoolbox.com/wp-content/uploads/2026/media/columbia_tools_hh7_01.webp,,,,,,,,,,in,6.875,,"Columbia Tools, HH7, Hydra-Reach Box Handle, Repair Parts",,{},,100,100,
MH9A,Brake Activation Rod,,24.0,,"Restore your Matrix Handle's precision with this genuine Columbia Tools Brake Activation Rod, designed for flawless brake engagement and factory-standard performance. This OEM replacement part ensures your finishing tools remain reliable and responsive during every coat.",Columbia Tools,,https://drywalltoolbox.com/wp-content/uploads/2026/media/columbia_tools_mh9a_01.webp,,,,,,,,,,in,6.875,,"Columbia Tools, Matrix Handle, MH9A, Repair Parts",,{},,100,100,
CT16,Brake Dog,,15.0,,"The Columbia Tools Brake Dog (CT16) is a genuine OEM replacement part that restores smooth, reliable braking performance to your Automatic Taper Head. Keep your finishing equipment operating at factory standards with this precision-engineered component.",Columbia Tools,,https://drywalltoolbox.com/wp-content/uploads/2026/media/columbia_tools_ct16_01.webp,,,,,,,,,,in,6.875,,"Automatic Taper Head, Columbia Tools, CT16, Repair Parts",,{},,100,100,
HH13,Brake Pin,,16.0,,Columbia Tools Brake Pin HH13 is a genuine OEM replacement that restores precise braking control and factory-standard performance to your Hydra-Reach Box Handle.,Columbia Tools,,https://drywalltoolbox.com/wp-content/uploads/2026/media/columbia_tools_hh13_01.webp,,,,,,,,,,in,6.875,,"Columbia Tools, HH13, Hydra-Reach Box Handle, Repair Parts",,{},,100,100,
HH14,Brake Piston,,17.0,,"Brake Piston HH14 restores factory-level braking performance to your Columbia Hydra-Reach Box Handle, ensuring precise control and reliable operation on every job.",Columbia Tools,,https://drywalltoolbox.com/wp-content/uploads/2026/media/columbia_tools_hh14_01.webp,,,,,,,,,,in,6.875,,"Columbia Tools, HH14, Hydra-Reach Box Handle, Repair Parts",,{},,100,100,
MH8,Brake Rod Bushing,,8.0,,The Columbia Tools MH8 Brake Rod Bushing is a high-precision OEM replacement part designed to restore smooth braking action and mechanical reliability to your Matrix Handle.,Columbia Tools,,https://drywalltoolbox.com/wp-content/uploads/2026/media/columbia_tools_mh8_01.webp,,,,,,,,,,in,6.875,,"Columbia Tools, Matrix Handle, MH8, Repair Parts",,{},,100,100,
HH12,Brake Spring,,5.0,,Restore the factory-fresh braking performance of your Columbia Hydra-Reach Box Handle with this genuine HH12 replacement spring. It provides the consistent tension and reliable control needed for professional drywall finishing.,Columbia Tools,,https://drywalltoolbox.com/wp-content/uploads/2026/media/columbia_tools_hh12_01.webp,,,,,,,,,,in,6.875,,"Columbia Tools, HH12, Hydra-Reach Box Handle, Repair Parts",,{},,100,100,
HH17A,Brass Connector,1,5.0,,"Keep your Hydra-Reach Box Handle performing like new with the Brass Connector - 1, a genuine Columbia Tools replacement part for secure hydraulic connections.",Columbia Tools,,https://drywalltoolbox.com/wp-content/uploads/2026/media/columbia_tools_hh17a_01.webp,,,,,,,,,,in,6.875,,"Brass Connector, Columbia Tools, HH17A, HH17B, Repair Parts",,"{""Number"": ""1""}",,100,100,
HH17B,Brass Connector,2,5.0,,"Keep your Hydra-Reach Box Handle in peak condition with the Brass Connector - 2, a genuine HH17B replacement part designed for secure hydraulic performance.",Columbia Tools,,https://drywalltoolbox.com/wp-content/uploads/2026/media/columbia_tools_hh17b_01.webp,,,,,,,,,,in,6.875,,"Brass Connector, Columbia Tools, HH17A, HH17B, Repair Parts",,"{""Number"": ""2""}",,100,100,
CT72,Cable,,10.0,,The Columbia CT72 Cable is a genuine OEM replacement part designed to restore factory-standard performance and reliability to your Automatic Taper. This high-quality component ensures seamless mechanical operation for professional drywall finishers.,Columbia Tools,,https://drywalltoolbox.com/wp-content/uploads/2026/media/columbia_tools_ct72_01.webp,,,,,,,,,,in,6.875,,"Automatic Taper Body, Automatic Taper Head, Columbia Tools, CT72, Repair Parts",,{},,100,100,
CT73,Cable Drum,,28.95,,The Columbia Cable Drum CT73 is a genuine OEM replacement part designed to restore smooth operation and factory-level precision to your Automatic Taper Head. It provides a perfect fit and professional-grade durability for demanding drywall finishing tasks.,Columbia Tools,,https://drywalltoolbox.com/wp-content/uploads/2026/media/columbia_tools_ct73_01.webp,,,,,,,,,,in,6.875,,"Automatic Taper Head, Columbia Tools, CT73, Repair Parts",,{},,100,100,
BH26,Cam,,21.95,,The Columbia BH26 Cam is a genuine OEM replacement part that restores factory-standard performance and precision to your 180 Grip Box Handle.,Columbia Tools,,https://drywalltoolbox.com/wp-content/uploads/2026/media/columbia_tools_bh26_01.webp,,,,,,,,,,in,6.875,,"180 Grip Box Handle, BH26, Columbia Tools, Repair Parts",,{},,100,100,
BH7,Cam Follower,,15.0,,"Restore the smooth, reliable mechanical action of your Columbia 180 Grip Box Handle with this precision-engineered BH7 Cam Follower. This genuine OEM replacement part ensures your finishing equipment maintains factory-standard performance and long-term durability.",Columbia Tools,,https://drywalltoolbox.com/wp-content/uploads/2026/media/columbia_tools_bh7_01.webp,,,,,,,,,,in,6.875,,"180 Grip Box Handle, BH7, Columbia Tools, Repair Parts",,{},,100,100,
HH19,Cap,,17.0,,The Columbia HH19 Cap is a genuine OEM replacement part designed to restore factory-level performance and a secure seal to your Hydra-Reach Box Handle. This durable component ensures your professional finishing tools remain reliable and debris-free during heavy daily use.,Columbia Tools,,,,,,,,,,,,in,6.875,,"Columbia Tools, HH19, Hydra-Reach Box Handle, Repair Parts",,{},,100,100,
CT35,Cap Reinforcing Tab,,4.0,,"Cap Reinforcing Tab ensures your Columbia Automatic Taper Head maintains its structural integrity and factory precision for reliable, high-volume drywall finishing.",Columbia Tools,,https://drywalltoolbox.com/wp-content/uploads/2026/media/columbia_tools_ct35_01.webp,,,,,,,,,,in,6.875,,"Automatic Taper Head, Columbia Tools, CT35, Repair Parts",,{},,100,100,
CT55,Carriage Guide Rod,,12.0,,"The Carriage Guide Rod (CT55) is an essential OEM replacement part that restores smooth, precise carriage movement to your Columbia Automatic Taper. Ensure your taping tools maintain factory-standard performance with this durable, precision-machined component.",Columbia Tools,,https://drywalltoolbox.com/wp-content/uploads/2026/media/columbia_tools_ct55_01.webp,,,,,,,,,,in,6.875,,"Automatic Taper Head, Columbia Tools, CT55, Repair Parts",,{},,100,100,
CT56,Carriage Guide Rod Stop,,7.0,,"The Carriage Guide Rod Stop (CT56) is a genuine Columbia replacement part designed to restore factory-level precision to your Automatic Taper Head. Ensure smooth, reliable operation and protect your tool's longevity with this essential OEM component.",Columbia Tools,,https://drywalltoolbox.com/wp-content/uploads/2026/media/columbia_tools_ct56_01.webp,,,,,,,,,,in,6.875,,"Automatic Taper Head, Columbia Tools, CT56, Repair Parts",,{},,100,100,
CT31,Chain Tension & Guide Bracket,,6.0,,The Columbia Tools CT31 Chain Tension & Guide Bracket restores factory-spec alignment and tension to your Automatic Taper Head. This genuine OEM part ensures smooth mechanical operation and prevents premature wear during demanding finishing tasks.,Columbia Tools,,https://drywalltoolbox.com/wp-content/uploads/2026/media/columbia_tools_ct31_01.webp,,,,,,,,,,in,6.875,,"Automatic Taper Head, Columbia Tools, CT31, Repair Parts",,{},,100,100,
CT83,Clutch Dog,,3.0,,"The Columbia Tools CT83 Clutch Dog is a precision-engineered OEM replacement part that restores the mechanical engagement and reliability of your Automatic Taper Head. Ensure your drywall finishing equipment operates at factory standards with this durable, high-performance component.",Columbia Tools,,https://drywalltoolbox.com/wp-content/uploads/2026/media/columbia_tools_ct83_01.webp,,,,,,,,,,in,6.875,,"Automatic Taper Head, Columbia Tools, CT83, Repair Parts",,{},,100,100,
CT82,Clutch Lever,,19.75,,The Columbia Tools CT82 Clutch Lever is a precision-engineered OEM replacement part that restores smooth mechanical engagement to your Automatic Taper Head. Ensure your drywall finishing equipment operates with factory-level reliability by choosing genuine Columbia components.,Columbia Tools,,https://drywalltoolbox.com/wp-content/uploads/2026/media/columbia_tools_ct82_01.webp,,,,,,,,,,in,6.875,,"Automatic Taper Head, Columbia Tools, CT82, Repair Parts",,{},,100,100,
CT88,Clutch Release Rod,,16.5,,Restore your Columbia Automatic Taper to factory performance with this genuine CT88 Clutch Release Rod. It is the essential OEM replacement part for maintaining smooth mechanical engagement and reliable tool operation.,Columbia Tools,,https://drywalltoolbox.com/wp-content/uploads/2026/media/columbia_tools_ct88_01.webp,,,,,,,,,,in,6.875,,"Automatic Taper Head, Columbia Tools, CT88, Repair Parts",,{},,100,100,
CT85,Clutch Release Shaft,,40.0,,This genuine Columbia Tools Clutch Release Shaft restores factory-smooth mechanical engagement to your Automatic Taper Head. It is the professional choice for reliable field repairs and long-term tool performance.,Columbia Tools,,https://drywalltoolbox.com/wp-content/uploads/2026/media/columbia_tools_ct85_01.webp,,,,,,,,,,in,6.875,,"Automatic Taper Head, Columbia Tools, CT85, Repair Parts",,{},,100,100,
CT81,Clutch Return Spring,,3.0,,Restore the factory-fresh feel and precise mechanical timing of your Columbia Automatic Taper with this genuine OEM Clutch Return Spring. It is the essential replacement part for maintaining consistent tension and preventing tool fatigue during heavy-duty finishing.,Columbia Tools,,https://drywalltoolbox.com/wp-content/uploads/2026/media/columbia_tools_ct81_01.webp,,,,,,,,,,in,6.875,,"Automatic Taper Head, Columbia Tools, CT81, Repair Parts",,{},,100,100,
HH9,Coiled Hydraulic Line,,40.0,,Restore peak performance to your Hydra-Reach system with this genuine Columbia Coiled Hydraulic Line. It provides the reliable fluid pressure and flexibility needed for professional drywall finishing.,Columbia Tools,,https://drywalltoolbox.com/wp-content/uploads/2026/media/columbia_tools_hh9_01.webp,,,,,,,,,,in,6.875,,"Columbia Tools, HH9, Hydra-Reach Box Handle, Repair Parts",,{},,100,100,
HP44,Collar O-Ring,,2.0,,Maintain a perfect seal on your Columbia Hot Mud Pump with this genuine OEM replacement collar O-ring. It is the essential part for preventing leaks and ensuring consistent pressure during demanding drywall finishing tasks.,Columbia Tools,,https://drywalltoolbox.com/wp-content/uploads/2026/media/columbia_tools_hp44_01.webp,,,,,,,,,,in,6.875,,"Columbia Tools, Hot Mud Pump, HP44, Repair Parts",,{},,100,100,
AHA,Columbia Angle Head Adapter,,24.87,,"The Columbia Angle Head Adapter allows you to mount corner finishers onto standard flat box handles for maximum tool versatility and reach. Its precision-machined aluminum design ensures a rock-solid, wobble-free connection for consistent drywall finishing.",Columbia Tools,,https://drywalltoolbox.com/wp-content/uploads/2026/media/columbia_tools_aha_01.webp,,,,,,,,,,in,6.875,,"Columbia, Drywall Finishing Tools",,{},,100,100,
CMH,Columbia Closet Monster Handle,,115.0,,The Columbia Closet Monster Handle is a specialized 19-inch tool designed for precision drywall finishing in tight spaces like closets and behind scaffolding. Its manual wing-nut locking system provides steady control where traditional long handles can't reach.,Columbia Tools,,https://drywalltoolbox.com/wp-content/uploads/2026/media/columbia_tools_cmh_01.webp,,,,,,,,,,in,6.875,,"Columbia, Drywall Finishing Tools",,{},,100,100,
CC,Columbia Corner Cobra,,401.0,,"The Columbia Corner Cobra is a precision rolling tool that sets structural corner beads with uniform pressure across inside and outside angles. Its adaptive suspension system handles framing irregularities effortlessly for a professional, low-maintenance finish.",Columbia Tools,,https://drywalltoolbox.com/wp-content/uploads/2026/media/columbia_tools_cc_01.webp,,,,,,,,,,in,6.875,,"Columbia, Drywall Finishing Tools",,{},,100,100,
CR,Columbia Corner Roller,,141.0,,"Columbia Corner Roller utilizes a precision split-wheel design and pivoting head to embed tape into 90-degree internal angles with ease. This durable tool ensures a clean, tight bond on every joint while minimizing drag for increased efficiency.",Columbia Tools,,https://drywalltoolbox.com/wp-content/uploads/2026/media/columbia_tools_cr_01.webp,,,,,,,,,,in,6.875,,"Columbia, Drywall Finishing Tools",,{},,100,100,
CT86,Columbia CT86 – Toe Kicker Cable,,14.95,,The Columbia CT86 Toe Kicker Cable is a genuine OEM replacement part that restores the factory-level precision and mechanical reliability of your Columbia Automatic Taper.,Columbia Tools,,https://drywalltoolbox.com/wp-content/uploads/2026/media/columbia_tools_ct86_01.webp,,,,,,,,,,in,6.875,,"Automatic Taper Head, Columbia Tools, CT86, Repair Parts",,{},,100,100,
FA259,"Columbia FA259 8-32 X 5/16"" Binder Slot",,1.0,,"Keep your Hydra-Reach Box Handle in top condition with the Columbia FA259 8-32 X 5/16"" Binder Slot. This genuine OEM replacement part ensures a secure, factory-spec fit for reliable professional performance.",Columbia Tools,,https://drywalltoolbox.com/wp-content/uploads/2026/media/columbia_tools_fa259_01.webp,,,,,,,,,,in,6.875,,"Columbia Tools, FA259, Hydra-Reach Box Handle, Repair Parts",,{},,100,100,
FA292,Columbia FA292 1/4-20 Nyloc Jam Nut,,3.15,,"The Columbia FA292 1/4-20 Nyloc Jam Nut provides a secure, vibration-resistant lock for your drywall finishing tools. This genuine OEM part ensures your equipment stays calibrated and reliable through the most demanding job site conditions.",Columbia Tools,,https://drywalltoolbox.com/wp-content/uploads/2026/media/columbia_tools_fa292_01.webp,,,,,,,,,,in,6.875,,"Automatic Taper Body, Columbia Tools, FA292, Hot Mud Pump, Repair Parts",,{},,100,100,
HNS4-2,Door,"2""",33.0,,"Restore your 2-inch Columbia Hinged Nailspotter to factory standards with this genuine OEM replacement door, engineered for professional durability and a perfect seal.",Columbia Tools,,https://drywalltoolbox.com/wp-content/uploads/2026/media/columbia_tools_hns4_2_01.webp,,,,,,,,,,in,6.875,,"Columbia Tools, Door, HNS4, Repair Parts",,"{""Size"": ""2\""""}",,100,100,
HNS4-3,Door,"3""",33.0,,"Restore your 3-inch Columbia Hinged Nailspotter to factory performance with this genuine OEM replacement door, built for professional durability and a perfect fit.",Columbia Tools,,https://drywalltoolbox.com/wp-content/uploads/2026/media/columbia_tools_hns4_3_01.webp,,,,,,,,,,in,6.875,,"Columbia Tools, Door, HNS4, Repair Parts",,"{""Size"": ""3\""""}",,100,100,
FA311,"Columbia FA311 1/4-28 X 1/2"" Socket Head",,2.0,,"Keep your Columbia box handles performing like new with this genuine 1/4-28 x 1/2"" socket head replacement screw. It is the perfect fit for 180 Grip and Hydra-Reach systems, ensuring your tools stay secure and reliable.",Columbia Tools,,https://drywalltoolbox.com/wp-content/uploads/2026/media/columbia_tools_fa311_01.webp,,,,,,,,,,in,6.875,,"180 Grip Box Handle, Columbia Tools, FA311, Hydra-Reach Box Handle, Repair Parts",,{},,100,100,
FA315,"Columbia FA315 10-32 X 3/8"" Flat Socket Head",,2.0,,"The Columbia FA315 is a genuine 10-32 x 3/8"" flat socket head replacement screw engineered for the Hydra-Reach Box Handle series. It provides a precise, flush fit to keep your drywall finishing tools operating at peak performance.",Columbia Tools,,https://drywalltoolbox.com/wp-content/uploads/2026/media/columbia_tools_fa315_01.webp,,,,,,,,,,in,6.875,,"Columbia Tools, FA315, Hydra-Reach Box Handle, Repair Parts",,{},,100,100,
PCLT42,Columbia Predator Camlock Tube,,290.0,,"The Columbia Predator Camlock Tube 42"" features a lightweight carbon fiber barrel and a quick-release design for effortless handling and rapid cleaning. This durable, dent-resistant tool is the perfect choice for professionals looking to reduce fatigue while applying fast-setting compounds.",Columbia Tools,,https://drywalltoolbox.com/wp-content/uploads/2026/media/columbia_tools_pclt42_01.webp,,,,,,,,,,in,6.875,,"Columbia, Drywall Finishing Tools, Predator Family",,{},,100,100,
PCMT42,"Columbia Predator Compound Tube 42""",,217.0,,"The Columbia Predator Compound Tube 42"" features a dent-proof carbon fiber body that reduces weight and operator fatigue. Its precision-engineered flow mechanism ensures a smooth, consistent application for professional drywall finishing.",Columbia Tools,,https://drywalltoolbox.com/wp-content/uploads/2026/media/columbia_tools_pcmt42_01.webp,,,,,,,,,,in,6.875,,"Columbia, Drywall Finishing Tools, Predator Family",,{},,100,100,
PHMP,Columbia Predator Mud Pump,,376.0,,"The Columbia Predator Mud Pump utilizes a lightweight carbon fiber body and an ergonomic 20-degree handle to make tool filling faster and less taxing on your body. Its quick-release head ensures maintenance is simple, allowing you to focus on a flawless finish.",Columbia Tools,,https://drywalltoolbox.com/wp-content/uploads/2026/media/columbia_tools_phmp_01.webp,,,,,,,,,,in,6.875,,"Columbia, Drywall Finishing Tools, Predator Family",,{},,100,100,
SAT,Columbia Semi Automatic Taper,,192.0,,The Columbia Semi Automatic Taper streamlines your taping process by providing consistent mud coverage directly from the bucket. It is the ideal choice for finishers looking to increase speed and precision without the complexity of a full automatic taper.,Columbia Tools,,https://drywalltoolbox.com/wp-content/uploads/2026/media/columbia_tools_sat_01.webp,,,,,,,,,,in,6.875,,"Columbia, Drywall Finishing Tools",,{},,100,100,
CFB5B,Cone Ball,,16.0,,"Keep your Columbia Corner Flusher Box operating at peak performance with this genuine OEM Cone Ball replacement. It ensures smooth, precise movement and factory-standard reliability for every drywall project.",Columbia Tools,,https://drywalltoolbox.com/wp-content/uploads/2026/media/columbia_tools_cfb5b_01.webp,,,,,,,,,,in,6.875,,"CFB5B, Columbia Tools, Corner Flusher Box, Repair Parts",,{},,100,100,
CT132,Connecting Link,,2.0,,The Columbia Tools Connecting Link (CT132) is a high-precision OEM replacement part that restores the smooth mechanical performance of your automatic taper. It provides a perfect factory fit to ensure your equipment stays reliable during demanding drywall finishing projects.,Columbia Tools,,https://drywalltoolbox.com/wp-content/uploads/2026/media/columbia_tools_ct132_01.webp,,,,,,,,,,in,6.875,,"Automatic Taper Body, Columbia Tools, CT132, Repair Parts",,{},,100,100,
MH7,Connecting Link Fork,,29.0,,"Connecting Link Fork (MH7) is a genuine Columbia replacement part that restores the smooth, reliable operation of your Matrix Handle system.",Columbia Tools,,https://drywalltoolbox.com/wp-content/uploads/2026/media/columbia_tools_mh7_01.webp,,,,,,,,,,in,6.875,,"Columbia Tools, Matrix Handle, MH7, Repair Parts",,{},,100,100,
MH5,Connecting Link Pin,,5.0,,The Connecting Link Pin restores the mechanical precision of your Columbia Matrix Handle with genuine OEM reliability. This essential replacement part ensures your drywall finishing tools operate smoothly and securely.,Columbia Tools,,https://drywalltoolbox.com/wp-content/uploads/2026/media/columbia_tools_mh5_01.webp,,,,,,,,,,in,6.875,,"Columbia Tools, Matrix Handle, MH5, Repair Parts",,{},,100,100,
CT45,Connecting Rod,,22.95,,The Columbia Tools CT45 Connecting Rod is a precision-engineered OEM replacement part that restores the smooth mechanical operation of your Automatic Taper Head. Ensure your finishing tools maintain factory-level reliability and performance with this durable component.,Columbia Tools,,https://drywalltoolbox.com/wp-content/uploads/2026/media/columbia_tools_ct45_01.webp,,,,,,,,,,in,6.875,,"Automatic Taper Head, Columbia Tools, CT45, Repair Parts",,{},,100,100,
MH16,Connecting Rod Housing,,8.0,,The Columbia Tools MH16 Connecting Rod Housing is a genuine OEM replacement part designed to restore the mechanical integrity of your Matrix Handle. This durable component ensures your finishing equipment remains reliable and ready for professional jobsite demands.,Columbia Tools,,https://drywalltoolbox.com/wp-content/uploads/2026/media/columbia_tools_mh16_01.webp,,,,,,,,,,in,6.875,,"Columbia Tools, Matrix Handle, MH16, Repair Parts",,{},,100,100,
CT112,Connecting Stud,,11.0,,The Columbia Tools Connecting Stud CT112 is a genuine replacement part engineered for the Automatic Taper Body to ensure factory-grade precision and reliability. This high-strength component maintains structural integrity and keeps your finishing equipment performing at its peak.,Columbia Tools,,https://drywalltoolbox.com/wp-content/uploads/2026/media/columbia_tools_ct112_01.webp,,,,,,,,,,in,6.875,,"Automatic Taper Body, Columbia Tools, CT112, Repair Parts",,{},,100,100,
CT104,Connection Strap,,18.95,,The Connection Strap CT104 is a genuine Columbia Tools OEM replacement part designed to maintain the structural integrity and smooth operation of your Automatic Taper. This durable component ensures your equipment stays job-site ready with a factory-perfect fit.,Columbia Tools,,https://drywalltoolbox.com/wp-content/uploads/2026/media/columbia_tools_ct104_01.webp,,,,,,,,,,in,6.875,,"Automatic Taper Body, Columbia Tools, CT104, Repair Parts",,{},,100,100,
CT105,Crimper Lever,,34.5,,"The Columbia Tools Crimper Lever (CT105) is a genuine OEM replacement designed to restore smooth mechanical operation to your Automatic Taper Body. Keep your finishing equipment running at factory standards with this durable, precision-engineered component.",Columbia Tools,,https://drywalltoolbox.com/wp-content/uploads/2026/media/columbia_tools_ct105_01.webp,,,,,,,,,,in,6.875,,"Automatic Taper Body, Columbia Tools, CT105, Repair Parts",,{},,100,100,
CT10A,Crimping Arm Shaft Bushing - L,,13.95,,The Crimping Arm Shaft Bushing - L is a genuine Columbia Tools replacement part that restores smooth mechanical movement and factory precision to your Automatic Taper Head.,Columbia Tools,,https://drywalltoolbox.com/wp-content/uploads/2026/media/columbia_tools_ct10a_01.webp,,,,,,,,,,in,6.875,,"Automatic Taper Head, Columbia Tools, CT10A, Repair Parts",,{},,100,100,
CT47,Crimping Wheel,,18.95,,"The Columbia Tools Crimping Wheel (CT47) is an essential OEM replacement part designed to restore the smooth, reliable tape application of your automatic taper. This precision-engineered component ensures your finishing tool operates at factory-standard performance.",Columbia Tools,,https://drywalltoolbox.com/wp-content/uploads/2026/media/columbia_tools_ct47_01.webp,,,,,,,,,,in,6.875,,"Automatic Taper Head, Columbia Tools, CT47, Repair Parts",,{},,100,100,
CT50,Crimping Wheel Bushing,,6.0,,"The Columbia Tools Crimping Wheel Bushing (CT50) is a genuine OEM replacement part that restores smooth rotation and precision to your Automatic Taper Head. Ensure your taping equipment operates with factory-level reliability by using this durable, high-tolerance component.",Columbia Tools,,https://drywalltoolbox.com/wp-content/uploads/2026/media/columbia_tools_ct50_01.webp,,,,,,,,,,in,6.875,,"Automatic Taper Head, Columbia Tools, CT50, Repair Parts",,{},,100,100,
CR4,Cut Washer,,3.0,,The Columbia Tools Cut Washer (CR4) is a genuine OEM replacement part designed to maintain the factory-standard performance of your Corner Roller. Ensure smooth operation and long-term durability with this precision-engineered component.,Columbia Tools,,https://drywalltoolbox.com/wp-content/uploads/2026/media/columbia_tools_cr4_01.webp,,,,,,,,,,in,6.875,,"Columbia Tools, Corner Roller, CR4, Repair Parts",,{},,100,100,
CT42A,Diamond Blade,,2.0,,"Keep your Columbia Automatic Taper performing like new with this genuine OEM Diamond Blade replacement. It delivers the sharp, precise cuts necessary for a flawless professional finish.",Columbia Tools,,https://drywalltoolbox.com/wp-content/uploads/2026/media/columbia_tools_ct42a_01.webp,,,,,,,,,,in,6.875,,"Automatic Taper Head, Columbia Tools, CT42A, Repair Parts",,{},,100,100,
CT13,Dog Base Bracket,,16.0,,Maintain the peak performance of your Columbia Automatic Taper Head with this genuine CT13 Dog Base Bracket. This OEM replacement part ensures a perfect fit and long-lasting reliability for professional drywall finishers.,Columbia Tools,,https://drywalltoolbox.com/wp-content/uploads/2026/media/columbia_tools_ct13_01.webp,,,,,,,,,,in,6.875,,"Automatic Taper Head, Columbia Tools, CT13, Repair Parts",,{},,100,100,
CFB4-7,Door,"7""",42.5,,"The Columbia Tools Door - 7"" is a high-quality OEM replacement part designed to restore the seal and performance of your 7-inch Corner Flusher Box.",Columbia Tools,,https://drywalltoolbox.com/wp-content/uploads/2026/media/columbia_tools_cfb4_7_01.webp,,,,,,,,,,in,6.875,,"CFB4, Columbia Tools, Door, Repair Parts",,"{""Size"": ""7\""""}",,100,100,
CFB4-8,Door,"8""",46.95,,"Columbia Tools Door - 8"" is a genuine OEM replacement part designed to restore the seal and performance of your 8-inch Corner Flusher Box. It ensures your finishing tools operate with professional-grade reliability and precision.",Columbia Tools,,https://drywalltoolbox.com/wp-content/uploads/2026/media/columbia_tools_cfb4_8_01.webp,,,,,,,,,,in,6.875,,"CFB4, Columbia Tools, Door, Repair Parts",,"{""Size"": ""8\""""}",,100,100,
HNS15-2,Door Gasket,"2""",36.0,,Keep your 2-inch Columbia Hinged Nailspotter performing like new with this genuine OEM replacement door gasket.,Columbia Tools,,https://drywalltoolbox.com/wp-content/uploads/2026/media/columbia_tools_hns15_2_01.webp,,,,,,,,,,in,6.875,,"Columbia Tools, Door Gasket, HNS15, Repair Parts",,"{""Size"": ""2\""""}",,100,100,
HNS15-3,Door Gasket,"3""",35.0,,Keep your 3-inch Columbia Hinged Nailspotter leak-free and pressurized with this genuine OEM replacement door gasket.,Columbia Tools,,https://drywalltoolbox.com/wp-content/uploads/2026/media/columbia_tools_hns15_3_01.webp,,,,,,,,,,in,6.875,,"Columbia Tools, Door Gasket, HNS15, Repair Parts",,"{""Size"": ""3\""""}",,100,100,
CFB7-7,Door Gasket,"7""",28.5,,"Restore the airtight seal of your 7-inch Columbia Corner Flusher Box with this genuine OEM Door Gasket, designed for maximum pressure retention and leak prevention.",Columbia Tools,,https://drywalltoolbox.com/wp-content/uploads/2026/media/columbia_tools_cfb7_7_01.webp,,,,,,,,,,in,6.875,,"CFB7, Columbia Tools, Door Gasket, Repair Parts",,"{""Size"": ""7\""""}",,100,100,
CFB7-8,Door Gasket,"8""",31.95,,"Keep your 8-inch Columbia Corner Flusher Box running like new with this genuine OEM replacement Door Gasket, designed for a perfect leak-proof seal.",Columbia Tools,,https://drywalltoolbox.com/wp-content/uploads/2026/media/columbia_tools_cfb7_7_01.webp,,,,,,,,,,in,6.875,,"CFB7, Columbia Tools, Door Gasket, Repair Parts",,"{""Size"": ""8\""""}",,100,100,
HNS10A,Door Spring,Short,18.75,,Door Spring - Short is a genuine Columbia Tools replacement part that restores factory-standard tension and door responsiveness to your Hinged Nailspotter.,Columbia Tools,,https://drywalltoolbox.com/wp-content/uploads/2026/media/columbia_tools_hns10a_01.webp,,,,,,,,,,in,6.875,,"Columbia Tools, Door Spring, HNS10, HNS10A, Repair Parts",,"{""Length"": ""Short""}",,100,100,
HNS10,Door Spring,Long,18.75,,"Door Spring - Long is a genuine Columbia Tools replacement part designed to restore the snappy, reliable door action of your Hinged Nailspotter. This high-tension spring ensures your equipment operates with factory-standard precision for consistent finishing results.",Columbia Tools,,https://drywalltoolbox.com/wp-content/uploads/2026/media/columbia_tools_hns10_01.webp,,,,,,,,,,in,6.875,,"Columbia Tools, Door Spring, HNS10, HNS10A, Repair Parts",,"{""Length"": ""Long""}",,100,100,
CT71,Drive Sprocket,Small,15.0,,Keep your Columbia Automatic Taper in top form with the CT71 Small Drive Sprocket. This genuine OEM part ensures precise mechanical engagement and long-lasting durability.,Columbia Tools,,https://drywalltoolbox.com/wp-content/uploads/2026/media/columbia_tools_ct71_01.webp,,,,,,,,,,in,6.875,,"Automatic Taper Head, Columbia Tools, CT71, Repair Parts",,"{""Size"": ""Small""}",,100,100,
CT77,Drive Sprocket,Large,26.5,,Keep your Columbia Automatic Taper in top form with the CT77 Large Drive Sprocket. This genuine OEM part ensures precise mechanical engagement and reliable performance for high-volume drywall finishing.,Columbia Tools,,https://drywalltoolbox.com/wp-content/uploads/2026/media/columbia_tools_ct77_01.webp,,,,,,,,,,in,6.875,,"Automatic Taper Head, Columbia Tools, CT71, Repair Parts",,"{""Size"": ""Large""}",,100,100,
CFB15,Door Hinge,,24.95,,The Columbia Tools CFB15 Door Hinge is a genuine OEM replacement part that restores smooth operation and factory-standard precision to your Corner Flusher Box. It is built for durability and a perfect fit to keep your professional finishing tools in top condition.,Columbia Tools,,https://drywalltoolbox.com/wp-content/uploads/2026/media/columbia_tools_cfb15_01.webp,,,,,,,,,,in,6.875,,"CFB15, Columbia Tools, Corner Flusher Box, Repair Parts",,{},,100,100,
FFB17,Door Spring,,5.0,,The Door Spring FFB17 is a genuine Columbia Tools replacement part that restores factory-standard tension and reliable operation to your Flat Finishing Box. This durable component ensures your equipment stays field-ready and performs with professional consistency.,Columbia Tools,,https://drywalltoolbox.com/wp-content/uploads/2026/media/columbia_tools_ffb17_01.webp,,,,,,,,,,in,6.875,,"Columbia Tools, FFB17, Flat Finishing Box, Repair Parts",,{},,100,100,
FFB16,Door Spring Nut,,5.0,,The Door Spring Nut FFB16 is a genuine Columbia Tools replacement part designed to maintain factory-standard tension in your Flat Finishing Box. Keep your drywall tools performing reliably with this precision-engineered OEM component.,Columbia Tools,,https://drywalltoolbox.com/wp-content/uploads/2026/media/columbia_tools_ffb16_01.webp,,,,,,,,,,in,6.875,,"Columbia Tools, FFB16, Flat Finishing Box, Repair Parts",,{},,100,100,
CFB11A,Door Stop,,3.0,,"Restore your equipment's factory performance with this genuine Columbia Tools Door Stop, specifically engineered for the Corner Flusher Box series. It offers a precise fit and professional-grade durability to keep your finishing workflow moving without interruption.",Columbia Tools,,https://drywalltoolbox.com/wp-content/uploads/2026/media/columbia_tools_cfb11a_01.webp,,,,,,,,,,in,6.875,,"CFB11A, Columbia Tools, Corner Flusher Box, Repair Parts",,{},,100,100,
FFB32,Door Stop,,3.0,,The Columbia Tools Door Stop (FFB32) is a genuine OEM replacement part that restores factory-spec performance to your flat boxes and nailspotters. This precision-engineered component ensures your equipment remains reliable and efficient during demanding finishing projects.,Columbia Tools,,https://drywalltoolbox.com/wp-content/uploads/2026/media/columbia_tools_ffb32_01.webp,,,,,,,,,,in,6.875,,"Columbia Tools, Corner Flusher Box, FFB32, Flat Finishing Box, Hinged Nailspotter, Repair Parts",,{},,100,100,
CT78,Drive Chain,,66.0,,The Columbia CT78 Drive Chain is a genuine OEM replacement part designed to restore factory-standard performance to your Automatic Taper Head. This high-quality component ensures reliable power transmission and durability for demanding drywall finishing tasks.,Columbia Tools,,https://drywalltoolbox.com/wp-content/uploads/2026/media/columbia_tools_ct78_01.webp,,,,,,,,,,in,6.875,,"Automatic Taper Head, Columbia Tools, CT78, Repair Parts",,{},,100,100,
CT70,Drive Shaft,,33.0,,Drive Shaft (CT70) provides a direct OEM replacement to restore the mechanical integrity and smooth operation of your Columbia Automatic Taper. This high-grade component ensures your finishing tools maintain peak performance and reliability on every job.,Columbia Tools,,https://drywalltoolbox.com/wp-content/uploads/2026/media/columbia_tools_ct70_01.webp,,,,,,,,,,in,6.875,,"Automatic Taper Head, Columbia Tools, CT70, Repair Parts",,{},,100,100,
CT87,Engraved Cover Plate Cap,,42.0,,The Engraved Cover Plate Cap (CT87) is a genuine Columbia Tools replacement part that restores the performance and reliability of your Automatic Taper Head. This precision-engineered component ensures your equipment stays in peak condition for high-volume drywall finishing.,Columbia Tools,,https://drywalltoolbox.com/wp-content/uploads/2026/media/columbia_tools_ct87_01.webp,,,,,,,,,,in,6.875,,"Automatic Taper Head, Columbia Tools, CT87, Repair Parts",,{},,100,100,
HH5,Extension Housing,,33.0,,"The Columbia Tools Extension Housing HH5 is a genuine OEM replacement part designed to restore the smooth, reliable performance of your Matrix Handle system. This durable component ensures a perfect fit and long-lasting stability for professional drywall finishing tasks.",Columbia Tools,,https://drywalltoolbox.com/wp-content/uploads/2026/media/columbia_tools_hh5_01.webp,,,,,,,,,,in,6.875,,"Columbia Tools, HH5, Matrix Handle, Repair Parts",,{},,100,100,
HH30,Extension Release Trigger,,14.25,,Restore the smooth mechanical action of your Columbia Matrix Handle with this genuine HH30 replacement trigger. It is a precision-engineered component that ensures reliable extension and locking performance for professional drywallers.,Columbia Tools,,https://drywalltoolbox.com/wp-content/uploads/2026/media/columbia_tools_hh30_01.webp,,,,,,,,,,in,6.875,,"Columbia Tools, HH30, Matrix Handle, Repair Parts",,{},,100,100,
CT130,Extension Shaft,,32.5,,"The Columbia Tools Extension Shaft (CT130) is a precision-engineered OEM replacement part that restores factory-standard reliability to your Automatic Taper Body. Keep your finishing workflow seamless with this durable, professional-grade mechanical component.",Columbia Tools,,https://drywalltoolbox.com/wp-content/uploads/2026/media/columbia_tools_ct130_01.webp,,,,,,,,,,in,6.875,,"Automatic Taper Body, Columbia Tools, CT130, Repair Parts",,{},,100,100,
AH7-2,Frame Tension Spring,"2""",12.5,,"Restore the factory-standard tension of your 2-inch Columbia Angle Head with this genuine OEM Frame Tension Spring. It provides the reliable mechanical response needed for smooth, professional corner finishing.",Columbia Tools,,https://drywalltoolbox.com/wp-content/uploads/2026/media/columbia_tools_ah7_2_01.webp,,,,,,,,,,in,6.875,,"AH7, Columbia Tools, Frame Tension Spring, Repair Parts",,"{""Size"": ""2\""""}",,100,100,
AH7-2.5,Frame Tension Spring,"2.5""",2.0,,"Restore the factory-standard tension of your 2.5"" Columbia Angle Head with this genuine OEM Frame Tension Spring. It is the essential component for maintaining smooth, professional corner finishing results.",Columbia Tools,,https://drywalltoolbox.com/wp-content/uploads/2026/media/columbia_tools_ah7_2_5_01.webp,,,,,,,,,,in,6.875,,"AH7, Columbia Tools, Frame Tension Spring, Repair Parts",,"{""Size"": ""2.5\""""}",,100,100,
AH7-3,Frame Tension Spring,"3""",13.25,,Ensure your 3-inch Columbia Angle Head maintains perfect tension with this genuine OEM Frame Tension Spring. It is the professional choice for restoring tool response and finishing accuracy.,Columbia Tools,,https://drywalltoolbox.com/wp-content/uploads/2026/media/columbia_tools_ah7_3_01.webp,,,,,,,,,,in,6.875,,"AH7, Columbia Tools, Frame Tension Spring, Repair Parts",,"{""Size"": ""3\""""}",,100,100,
AH7-3.5,Frame Tension Spring,"3.5""",14.5,,"Restore the precise tension and smooth operation of your 3.5"" Columbia Angle Head with this genuine OEM replacement frame tension spring. It is the most reliable way to ensure your tool maintains consistent pressure on every corner.",Columbia Tools,,https://drywalltoolbox.com/wp-content/uploads/2026/media/columbia_tools_ah7_3_5_01.webp,,,,,,,,,,in,6.875,,"AH7, Columbia Tools, Frame Tension Spring, Repair Parts",,"{""Size"": ""3.5\""""}",,100,100,
CT127,Extension Shaft Bracket,,21.95,,"Restore your Columbia Automatic Taper to peak performance with this genuine OEM Extension Shaft Bracket. It provides the essential structural alignment and stability required for smooth, professional-grade drywall finishing.",Columbia Tools,,https://drywalltoolbox.com/wp-content/uploads/2026/media/columbia_tools_ct127_01.webp,,,,,,,,,,in,6.875,,"Automatic Taper Body, Columbia Tools, CT127, Repair Parts",,{},,100,100,
MP33,Filler Gasket,,2.0,,The Filler Gasket MP33 is a genuine Columbia Tools replacement part that ensures a perfect seal and optimal pressure for your Hot Mud Pump. Keep your drywall finishing workflow smooth and leak-free with this essential OEM component.,Columbia Tools,,https://drywalltoolbox.com/wp-content/uploads/2026/media/columbia_tools_mp33_01.webp,,,,,,,,,,in,6.875,,"Columbia Tools, Hot Mud Pump, MP33, Repair Parts",,{},,100,100,
MP28,Filler Nut,,12.25,,The Columbia Tools Filler Nut (MP28) is a genuine OEM replacement part designed to keep your Hot Mud Pump operating at peak efficiency. This durable component ensures a factory-perfect fit and long-lasting reliability for professional drywall finishers.,Columbia Tools,,https://drywalltoolbox.com/wp-content/uploads/2026/media/columbia_tools_mp28_01.webp,,,,,,,,,,in,6.875,,"Columbia Tools, Hot Mud Pump, MP28, Repair Parts",,{},,100,100,
MP25,Filler Studs,,10.0,,Filler Studs (MP25) are genuine Columbia Tools replacement parts engineered to maintain the structural integrity of your Hot Mud Pump. These OEM components ensure a perfect fit and long-lasting reliability for professional drywall finishing.,Columbia Tools,,https://drywalltoolbox.com/wp-content/uploads/2026/media/columbia_tools_mp25_01.webp,,,,,,,,,,in,6.875,,"Columbia Tools, Hot Mud Pump, MP25, Repair Parts",,{},,100,100,
MP2,Foot Valve Casting,,29.0,,Keep your Columbia Hot Mud Pump running at peak efficiency with this genuine MP2 Foot Valve Casting. It is the professional choice for restoring factory-standard suction and preventing costly downtime on the job.,Columbia Tools,,https://drywalltoolbox.com/wp-content/uploads/2026/media/columbia_tools_mp2_01.webp,,,,,,,,,,in,6.875,,"Columbia Tools, Hot Mud Pump, MP2, Repair Parts",,{},,100,100,
AH5,Frame Retainer Clip,,2.0,,The Frame Retainer Clip AH5 provides the secure tension and factory-spec fit needed to keep your Columbia Angle Head performing at its best. This genuine replacement part is essential for maintaining tool reliability on every job site.,Columbia Tools,,https://drywalltoolbox.com/wp-content/uploads/2026/media/columbia_tools_ah5_01.webp,,,,,,,,,,in,6.875,,"AH5, Angle Head, Columbia Tools, Repair Parts",,{},,100,100,
AH6A,Funnel Retainer Clip,,19.0,,"The Funnel Retainer Clip (AH6A) provides essential security for your Columbia Angle Head funnel assembly, ensuring peak performance and reliability. This genuine OEM part is built for professional durability, keeping your finishing tools running smoothly on every project.",Columbia Tools,,https://drywalltoolbox.com/wp-content/uploads/2026/media/columbia_tools_ah6a_01.webp,,,,,,,,,,in,6.875,,"AH6A, Angle Head, Columbia Tools, Repair Parts",,{},,100,100,
MH21,Grip Adjuster Housing,,21.95,,Restore your Columbia Matrix Handle to factory-standard performance with this genuine MH21 Grip Adjuster Housing. It provides the precision and durability required for professional drywall finishing tasks.,Columbia Tools,,https://drywalltoolbox.com/wp-content/uploads/2026/media/columbia_tools_mh21_01.webp,,,,,,,,,,in,6.875,,"Columbia Tools, Matrix Handle, MH21, Repair Parts",,{},,100,100,
MH23,Grip Adjusting Fastener,,11.0,,"Keep your equipment in peak condition with this genuine Columbia Tools replacement fastener designed for the Matrix Handle series. It restores factory-standard tension and control, ensuring your finishing tools perform reliably throughout the workday.",Columbia Tools,,https://drywalltoolbox.com/wp-content/uploads/2026/media/columbia_tools_mh23_01.webp,,,,,,,,,,in,6.875,,"Columbia Tools, Matrix Handle, MH23, Repair Parts",,{},,100,100,
MH22,Grip Adjustment Pin,,11.0,,Keep your Columbia Matrix Handle in top form with this genuine MH22 Grip Adjustment Pin. It provides the exact tension and factory-grade reliability required for professional drywall finishing.,Columbia Tools,,https://drywalltoolbox.com/wp-content/uploads/2026/media/columbia_tools_mh22_01.webp,,,,,,,,,,in,6.875,,"Columbia Tools, Matrix Handle, MH22, Repair Parts",,{},,100,100,
HH15,Grip Sleeve Octagon,,15.0,,"Refresh your Hydra-Reach Box Handle with this genuine Columbia Tools octagonal grip sleeve for superior control and comfort. It provides a durable, non-slip surface that ensures professional-grade handling on every pass.",Columbia Tools,,https://drywalltoolbox.com/wp-content/uploads/2026/media/columbia_tools_hh15_01.webp,,,,,,,,,,in,6.875,,"Columbia Tools, HH15, Hydra-Reach Box Handle, Repair Parts",,{},,100,100,
CT115,Guard Ring,,20.0,,"Keep your Columbia Automatic Taper in peak condition with this genuine CT115 Guard Ring, designed for a perfect fit and long-lasting reliability. This essential OEM part ensures your drywall finishing tools maintain the precision performance you depend on every day.",Columbia Tools,,https://drywalltoolbox.com/wp-content/uploads/2026/media/columbia_tools_ct115_01.webp,,,,,,,,,,in,6.875,,"Automatic Taper Body, Columbia Tools, CT115, Repair Parts",,{},,100,100,
CT58,Guide Rod Bushing,,8.0,,"The Guide Rod Bushing CT58 is a precision-engineered replacement part that restores smooth, factory-standard movement to your Columbia Automatic Taper. Ensure your equipment stays reliable and accurate on every job site with this essential OEM component.",Columbia Tools,,https://drywalltoolbox.com/wp-content/uploads/2026/media/columbia_tools_ct58_01.webp,,,,,,,,,,in,6.875,,"Automatic Taper Head, Columbia Tools, CT58, Repair Parts",,{},,100,100,
CT126,Hand Grip Body,,66.0,,The Columbia Tools Hand Grip Body (CT126) is a genuine OEM replacement part designed to restore the ergonomic comfort and structural integrity of your Automatic Taper. This durable component ensures your tool maintains factory-standard performance during demanding drywall finishing tasks.,Columbia Tools,,https://drywalltoolbox.com/wp-content/uploads/2026/media/columbia_tools_ct126_01.webp,,,,,,,,,,in,6.875,,"Automatic Taper Body, Columbia Tools, CT126, Repair Parts",,{},,100,100,
CT124,Hand Grip Guard Ring,,20.0,,"Maintain your equipment's peak performance with the Columbia Hand Grip Guard Ring (CT124), a genuine OEM part for the Automatic Taper Body. This durable component ensures a precise fit and long-lasting reliability for professional drywallers.",Columbia Tools,,https://drywalltoolbox.com/wp-content/uploads/2026/media/columbia_tools_ct124_01.webp,,,,,,,,,,in,6.875,,"Automatic Taper Body, Columbia Tools, CT124, Repair Parts",,{},,100,100,
HNS12,Handle Clamp,,17.0,,The Columbia HNS12 Handle Clamp is a genuine OEM replacement part designed to restore secure operation and factory-standard stability to your Hinged Nailspotter. This durable component ensures your tool remains reliable and precise during demanding professional drywall finishing tasks.,Columbia Tools,,https://drywalltoolbox.com/wp-content/uploads/2026/media/columbia_tools_hns12_01.webp,,,,,,,,,,in,6.875,,"Columbia Tools, Hinged Nailspotter, HNS12, Repair Parts",,{},,100,100,
CR11,Handle Connecting Link,,18.95,,Keep your Columbia Corner Roller operating at peak efficiency with this genuine CR11 Handle Connecting Link. It is the essential OEM replacement part for maintaining smooth movement and professional-grade finishing results.,Columbia Tools,,https://drywalltoolbox.com/wp-content/uploads/2026/media/columbia_tools_cr11_01.webp,,,,,,,,,,in,6.875,,"Columbia Tools, Corner Roller, CR11, Repair Parts",,{},,100,100,
HH35,Handle Grip,,7.0,,Refresh your Columbia Matrix or Hydra-Reach handle with this genuine HH35 replacement grip for maximum comfort and control. This durable OEM part restores the original factory feel to your professional drywall finishing tools.,Columbia Tools,,https://drywalltoolbox.com/wp-content/uploads/2026/media/columbia_tools_hh35_01.webp,,,,,,,,,,in,6.875,,"Columbia Tools, HH35, Hydra-Reach Box Handle, Matrix Handle, Repair Parts",,{},,100,100,
MH4,Handle Grip,,37.0,,Restore the ergonomic precision of your Matrix Handle with this genuine Columbia Tools MH4 replacement grip. It is built for professional durability and a perfect factory fit to keep your finishing tools performing at their best.,Columbia Tools,,https://drywalltoolbox.com/wp-content/uploads/2026/media/columbia_tools_mh4_01.webp,,,,,,,,,,in,6.875,,"Columbia Tools, Matrix Handle, MH4, Repair Parts",,{},,100,100,
MH11,Handle Grip Bushing,,6.0,,Restore factory-standard stability to your Columbia Matrix Handle with this precision-engineered MH11 Handle Grip Bushing. It is the perfect OEM solution for eliminating grip play and maintaining professional control on the job.,Columbia Tools,,https://drywalltoolbox.com/wp-content/uploads/2026/media/columbia_tools_mh11_01.webp,,,,,,,,,,in,6.875,,"Columbia Tools, Matrix Handle, MH11, Repair Parts",,{},,100,100,
AH1-2,Head Casting,"2""",153.0,,"Head Casting - 2"" is a genuine Columbia Tools replacement part designed to restore your 2-inch Angle Head to peak factory performance and precision.",Columbia Tools,,https://drywalltoolbox.com/wp-content/uploads/2026/media/columbia_tools_ah1_2_01.webp,,,,,,,,,,in,6.875,,"AH1, Columbia Tools, Head Casting, Repair Parts",,"{""Size"": ""2\""""}",,100,100,
AH1-2.5,Head Casting,"2.5""",173.85,,"Head Casting - 2.5"" is a genuine Columbia Tools replacement part engineered to restore your 2.5-inch Angle Head to factory-standard performance. This durable OEM component ensures precise alignment and long-term reliability for professional drywall finishing.",Columbia Tools,,https://drywalltoolbox.com/wp-content/uploads/2026/media/columbia_tools_ah1_2_5_01.webp,,,,,,,,,,in,6.875,,"AH1, Columbia Tools, Head Casting, Repair Parts",,"{""Size"": ""2.5\""""}",,100,100,
AH1-3,Head Casting,"3""",153.0,,"Head Casting - 3"" is a genuine Columbia Tools replacement part engineered to restore your 3-inch Angle Head to peak factory performance. This durable component ensures a precise fit and extends the life of your essential drywall finishing equipment.",Columbia Tools,,https://drywalltoolbox.com/wp-content/uploads/2026/media/columbia_tools_ah1_3_01.webp,,,,,,,,,,in,6.875,,"AH1, Columbia Tools, Head Casting, Repair Parts",,"{""Size"": ""3\""""}",,100,100,
AH1-3.5,Head Casting,"3.5""",153.0,,"Head Casting - 3.5"" is a genuine Columbia Tools replacement part designed to restore structural integrity and factory precision to your 3.5-inch angle head.",Columbia Tools,,https://drywalltoolbox.com/wp-content/uploads/2026/media/columbia_tools_ah1_3_5_01.webp,,,,,,,,,,in,6.875,,"AH1, Columbia Tools, Head Casting, Repair Parts",,"{""Size"": ""3.5\""""}",,100,100,
HFFB3,Hinge Box End Plate,Right,36.0,,Hinge Box End Plate - Right is a genuine Columbia replacement part designed to restore factory-level performance and structural integrity to the right side of your Flat Finishing Box.,Columbia Tools,,https://drywalltoolbox.com/wp-content/uploads/2026/media/columbia_tools_hffb3a_01.webp,,,,,,,,,,in,6.875,,"Columbia Tools, Flat Finishing Box, HFFB3, Repair Parts",,"{""Side"": ""Right""}",,100,100,
HFFB3A,Hinge Box End Plate,Left,36.0,,Hinge Box End Plate - Left is a genuine Columbia replacement part designed to restore factory-level performance and structural integrity to the left side of your Flat Finishing Box.,Columbia Tools,,https://drywalltoolbox.com/wp-content/uploads/2026/media/columbia_tools_hffb3a_01.webp,,,,,,,,,,in,6.875,,"Columbia Tools, Flat Finishing Box, HFFB3, Repair Parts",,"{""Side"": ""Left""}",,100,100,
MP6,Handle Link,,33.0,,"Keep your Columbia Hot Mud Pump operating at peak performance with this genuine MP6 Handle Link. It provides the precise mechanical connection needed for smooth, reliable pumping on every job.",Columbia Tools,,https://drywalltoolbox.com/wp-content/uploads/2026/media/columbia_tools_mp6_01.webp,,,,,,,,,,in,6.875,,"Columbia Tools, Hot Mud Pump, MP6, Repair Parts",,{},,100,100,
HNSA-14,Handle Link Assembly,,45.0,,"The Handle Link Assembly (HNSA-14) is a genuine Columbia replacement part built to restore the smooth, factory-standard performance of your Hinged Nailspotter. This durable component ensures your finishing tools remain reliable and precise on every job site.",Columbia Tools,,https://drywalltoolbox.com/wp-content/uploads/2026/media/columbia_tools_hnsa_14_01.webp,,,,,,,,,,in,6.875,,"Columbia Tools, Hinged Nailspotter, HNSA-14, Repair Parts",,{},,100,100,
MH1,Handle Mount Plate,,75.0,,"The Handle Mount Plate (MH1) is a precision-engineered OEM replacement designed to restore the structural integrity of your Columbia Matrix Handle. Keep your finishing tools secure and operational with this authentic, professional-grade component.",Columbia Tools,,https://drywalltoolbox.com/wp-content/uploads/2026/media/columbia_tools_mh1_01.webp,,,,,,,,,,in,6.875,,"Columbia Tools, Matrix Handle, MH1, Repair Parts",,{},,100,100,
CR6,Handle Mounting Swivel,,24.95,,"Restore the smooth, precise articulation of your Columbia Corner Roller with this genuine CR6 Handle Mounting Swivel. This OEM replacement part ensures factory-grade performance and long-lasting reliability on every job.",Columbia Tools,,https://drywalltoolbox.com/wp-content/uploads/2026/media/columbia_tools_cr6_01.webp,,,,,,,,,,in,6.875,,"Columbia Tools, Corner Roller, CR6, Repair Parts",,{},,100,100,
HPA-48,Handle Pin Assembly,,5.0,,Keep your Columbia Hot Mud Pump running at peak efficiency with the HPA-48 Handle Pin Assembly. This essential OEM replacement part ensures a perfect fit and long-lasting durability for professional drywallers.,Columbia Tools,,https://drywalltoolbox.com/wp-content/uploads/2026/media/columbia_tools_hpa_48_01.webp,,,,,,,,,,in,6.875,,"Columbia Tools, Hot Mud Pump, HPA-48, Repair Parts",,{},,100,100,
HH8,Handle Tube,,45.0,,The Columbia Tools Handle Tube HH8 is a precision-engineered OEM replacement that restores factory-standard performance to your Matrix and Hydra-Reach handle systems.,Columbia Tools,,https://drywalltoolbox.com/wp-content/uploads/2026/media/columbia_tools_hh8_01.webp,,,,,,,,,,in,6.875,,"Columbia Tools, HH8, Hydra-Reach Box Handle, Matrix Handle, Repair Parts",,{},,100,100,
MP5,Head Bushing,,13.95,,The Head Bushing MP5 is an essential OEM replacement part that keeps your Columbia Hot Mud Pump running with factory-level precision. This durable component ensures your finishing workflow remains uninterrupted and your equipment stays in peak condition.,Columbia Tools,,https://drywalltoolbox.com/wp-content/uploads/2026/media/columbia_tools_mp5_01.webp,,,,,,,,,,in,6.875,,"Columbia Tools, Hot Mud Pump, MP5, Repair Parts",,{},,100,100,
CR1,Head Casting,,39.0,,Restore your Columbia Corner Roller to factory-standard performance with this genuine CR1 Head Casting. This precision-engineered replacement part ensures structural integrity and smooth operation for professional drywall finishing.,Columbia Tools,,https://drywalltoolbox.com/wp-content/uploads/2026/media/columbia_tools_cr1_01.webp,,,,,,,,,,in,6.875,,"Columbia Tools, Corner Roller, CR1, Repair Parts",,{},,100,100,
FFB39,Hex Bolt,,3.0,,"The Columbia Tools Hex Bolt (FFB39) is a precision-engineered OEM replacement part that keeps your flat finishing boxes secure and operational. Essential for professional maintenance, it ensures your drywall tools maintain peak performance on every job.",Columbia Tools,,https://drywalltoolbox.com/wp-content/uploads/2026/media/columbia_tools_ffb39_01.webp,,,,,,,,,,in,6.875,,"Columbia Tools, FFB39, Flat Finishing Box, Repair Parts",,{},,100,100,
CT20,Hinge Block,,24.95,,"The Columbia Hinge Block (CT20) is a genuine OEM replacement part that restores the smooth, factory-grade performance of your Automatic Taper Head. Ensure your drywall tools remain reliable and precise with this durable component.",Columbia Tools,,https://drywalltoolbox.com/wp-content/uploads/2026/media/columbia_tools_ct20_01.webp,,,,,,,,,,in,6.875,,"Automatic Taper Head, Columbia Tools, CT20, Repair Parts",,{},,100,100,
CFB15A,Hinge Bushing (Plastic Washer),,8.5,,Hinge Bushing (Plastic Washer) keeps your Columbia Corner Flusher Box operating with factory-fresh smoothness and precision. This genuine replacement part ensures your tool maintains the perfect alignment needed for professional drywall corners.,Columbia Tools,,https://drywalltoolbox.com/wp-content/uploads/2026/media/columbia_tools_cfb15a_01.webp,,,,,,,,,,in,6.875,,"CFB15A, Columbia Tools, Corner Flusher Box, Repair Parts",,{},,100,100,
BH6,Hinge Pin,,11.25,,The Columbia Tools Hinge Pin (BH6) is a precision-engineered OEM replacement part designed to restore factory-standard performance to 180 Grip and Hydra-Reach box handles. This durable component ensures your finishing equipment remains reliable and structurally sound during demanding professional use.,Columbia Tools,,https://drywalltoolbox.com/wp-content/uploads/2026/media/columbia_tools_bh6_01.webp,,,,,,,,,,in,6.875,,"180 Grip Box Handle, BH6, Columbia Tools, Hydra-Reach Box Handle, Repair Parts",,{},,100,100,
MH6,Hinge Pin,,4.0,,Maintain the peak performance of your Columbia Matrix Handle with this genuine MH6 Hinge Pin. This authentic OEM replacement ensures structural integrity and smooth operation during every drywall finishing task.,Columbia Tools,,https://drywalltoolbox.com/wp-content/uploads/2026/media/columbia_tools_mh6_01.webp,,,,,,,,,,in,6.875,,"Columbia Tools, Matrix Handle, MH6, Repair Parts",,{},,100,100,
CT79,Hollow Shaft,,38.5,,The Columbia Tools Hollow Shaft CT79 is a precision-engineered OEM replacement part that restores factory-standard performance to your Automatic Taper Head. This durable component ensures smooth mechanical operation and minimizes job site downtime.,Columbia Tools,,https://drywalltoolbox.com/wp-content/uploads/2026/media/columbia_tools_ct79_01.webp,,,,,,,,,,in,6.875,,"Automatic Taper Head, Columbia Tools, CT79, Repair Parts",,{},,100,100,
CT68,Hub,,15.0,,The Columbia Tools Hub (CT68) is a genuine OEM replacement part that restores factory-standard mechanical performance to your Automatic Taper Head. This durable component ensures a precise fit and reliable operation for high-volume drywall finishing.,Columbia Tools,,https://drywalltoolbox.com/wp-content/uploads/2026/media/columbia_tools_ct68_01.webp,,,,,,,,,,in,6.875,,"Automatic Taper Head, Columbia Tools, CT68, Repair Parts",,{},,100,100,
CT2,Insert Bushing for CT#7A,,5.0,,The Insert Bushing for CT#7A is a genuine Columbia Tools replacement part designed to restore smooth operation and factory-standard precision to your Automatic Taper Head. This durable OEM component ensures your equipment remains reliable and efficient through the toughest finishing jobs.,Columbia Tools,,https://drywalltoolbox.com/wp-content/uploads/2026/media/columbia_tools_ct2_01.webp,,,,,,,,,,in,6.875,,"Automatic Taper Head, Columbia Tools, CT2, Repair Parts",,{},,100,100,
MH13,Large Nyliner Bushing,,5.0,,The Large Nyliner Bushing MH13 is a genuine Columbia Tools replacement part engineered to restore smooth operation and factory-spec precision to your Matrix handle. This durable OEM component ensures your professional finishing equipment remains reliable and responsive on every job.,Columbia Tools,,https://drywalltoolbox.com/wp-content/uploads/2026/media/columbia_tools_mh13_01.webp,,,,,,,,,,in,6.875,,"Columbia Tools, Matrix Handle, MH13, Repair Parts",,{},,100,100,
CT4,Wafer Bushing,Left,2.0,,Wafer Bushing - Left is a genuine Columbia Tools OEM replacement part engineered for the left-hand side of the Automatic Taper head. This precision-machined component ensures smooth mechanical movement and factory-standard performance.,Columbia Tools,,https://drywalltoolbox.com/wp-content/uploads/2026/media/columbia_tools_ct4_01.webp,,,,,,,,,,in,6.875,,"Columbia Tools, CT4, CT5, Repair Parts, Wafer Bushing",,"{""Side"": ""Left""}",,100,100,
CT5,Wafer Bushing,Right,11.5,,Wafer Bushing - Right is a genuine Columbia Tools replacement part engineered to restore smooth mechanical operation to the right side of your Automatic Taper head.,Columbia Tools,,https://drywalltoolbox.com/wp-content/uploads/2026/media/columbia_tools_ct5_01.webp,,,,,,,,,,in,6.875,,"Columbia Tools, CT4, CT5, Repair Parts, Wafer Bushing",,"{""Side"": ""Right""}",,100,100,
HP47,Latch Clamp Assembly,,28.95,,Keep your Columbia Hot Mud Pump operating at peak performance with this genuine HP47 Latch Clamp Assembly. This OEM part provides the secure locking and durability needed for demanding professional drywall projects.,Columbia Tools,,https://drywalltoolbox.com/wp-content/uploads/2026/media/columbia_tools_hp47_01.webp,,,,,,,,,,in,6.875,,"Columbia Tools, Hot Mud Pump, HP47, Repair Parts",,{},,100,100,
HP46,Latch Keeper,,19.75,,"Maintain the reliability of your Columbia Hot Mud Pump with this genuine HP46 Latch Keeper, designed for a perfect factory fit. This essential replacement part ensures your equipment stays secure and performs at its best during heavy-duty drywall projects.",Columbia Tools,,https://drywalltoolbox.com/wp-content/uploads/2026/media/columbia_tools_hp46_01.webp,,,,,,,,,,in,6.875,,"Columbia Tools, Hot Mud Pump, HP46, Repair Parts",,{},,100,100,
MP8,Leg,,71.0,,The Columbia MP8 Leg is a genuine OEM replacement part that restores the stability and performance of your Columbia Hot Mud Pump. Keep your professional finishing equipment in peak condition with a component built to exact factory standards.,Columbia Tools,,https://drywalltoolbox.com/wp-content/uploads/2026/media/columbia_tools_mp8_01.webp,,,,,,,,,,in,6.875,,"Columbia Tools, Hot Mud Pump, MP8, Repair Parts",,{},,100,100,
HH17C,Line Pincher,,4.0,,The Columbia Line Pincher (HH17C) is a genuine OEM replacement part designed to maintain the peak mechanical performance of your Hydra-Reach Box Handle. Ensure your finishing tools stay reliable and job-site ready with this precision-engineered component.,Columbia Tools,,https://drywalltoolbox.com/wp-content/uploads/2026/media/columbia_tools_hh17c_01.webp,,,,,,,,,,in,6.875,,"Columbia Tools, HH17C, Hydra-Reach Box Handle, Repair Parts",,{},,100,100,
BH4,Lower Brake Lever,,19.75,,"Restore factory-standard braking performance to your Columbia 180 Grip Box Handle with this genuine BH4 replacement lever. Built for durability, it ensures precise control and reliable tool operation on every job.",Columbia Tools,,https://drywalltoolbox.com/wp-content/uploads/2026/media/columbia_tools_bh4_01.webp,,,,,,,,,,in,6.875,,"180 Grip Box Handle, BH4, Columbia Tools, Repair Parts",,{},,100,100,
MH3,Lower Mount Bracket,,33.0,,Keep your Matrix Handle performing like new with this genuine Columbia Tools MH3 Lower Mount Bracket. It provides the precise fit and structural integrity needed for professional-grade drywall finishing.,Columbia Tools,,https://drywalltoolbox.com/wp-content/uploads/2026/media/columbia_tools_mh3_01.webp,,,,,,,,,,in,6.875,,"Columbia Tools, Matrix Handle, MH3, Repair Parts",,{},,100,100,
BH3,Lower Mounting Bracket,,32.0,,"Restore your 180 Grip Box Handle to peak performance with this genuine Columbia OEM replacement mounting bracket. It provides a precise, durable fit to keep your finishing workflow moving without interruption.",Columbia Tools,,https://drywalltoolbox.com/wp-content/uploads/2026/media/columbia_tools_bh3_01.webp,,,,,,,,,,in,6.875,,"180 Grip Box Handle, BH3, Columbia Tools, Repair Parts",,{},,100,100,
CT80,Manual Drive Grip,,18.75,,"The Manual Drive Grip is a genuine Columbia Tools OEM replacement part designed to restore factory-level precision and tactile control to your Automatic Taper Head. Built for durability and a perfect fit, it ensures your finishing equipment operates with professional-grade reliability.",Columbia Tools,,https://drywalltoolbox.com/wp-content/uploads/2026/media/columbia_tools_ct80_01.webp,,,,,,,,,,in,6.875,,"Automatic Taper Head, Columbia Tools, CT80, Repair Parts",,{},,100,100,
MH2,Matrix Handle Head,,4.0,,Restore your equipment to factory standards with this genuine Columbia replacement head for Matrix Handles. It provides a precise fit and reliable performance to keep your drywall finishing workflow moving smoothly.,Columbia Tools,,https://drywalltoolbox.com/wp-content/uploads/2026/media/columbia_tools_mh2_01.webp,,,,,,,,,,in,6.875,,"Columbia Tools, Matrix Handle, MH2, Repair Parts",,{},,100,100,
CT43,Micro Chain,,24.5,,The Columbia Tools Micro Chain (CT43) provides the essential mechanical reliability needed to keep your Automatic Taper Head performing at its peak. This genuine replacement part ensures a perfect fit and long-lasting durability for professional drywallers.,Columbia Tools,,https://drywalltoolbox.com/wp-content/uploads/2026/media/columbia_tools_ct43_01.webp,,,,,,,,,,in,6.875,,"Automatic Taper Head, Columbia Tools, CT43, Repair Parts",,{},,100,100,
MH3A,Mounting Bracket Stem,,4.0,,"The Columbia Tools Mounting Bracket Stem (MH3A) is a precision-engineered OEM replacement part that restores the structural stability and professional performance of your Matrix Handle. This durable component ensures a factory-perfect fit, keeping your drywall finishing equipment reliable and ready for the job site.",Columbia Tools,,https://drywalltoolbox.com/wp-content/uploads/2026/media/columbia_tools_mh3a_01.webp,,,,,,,,,,in,6.875,,"Columbia Tools, Matrix Handle, MH3A, Repair Parts",,{},,100,100,
BH1,Mounting Plate,,30.0,,"Columbia Tools Mounting Plate BH1 restores factory-standard stability and performance to your 180 Grip or Hydra-Reach handles. This genuine OEM part is built for professional durability, ensuring your tools stay operational with minimal downtime.",Columbia Tools,,https://drywalltoolbox.com/wp-content/uploads/2026/media/columbia_tools_bh1_01.webp,,,,,,,,,,in,6.875,,"180 Grip Box Handle, BH1, Columbia Tools, Hydra-Reach Box Handle, Repair Parts",,{},,100,100,
MP24,Mud Pump Screen,,4.0,,The Columbia Mud Pump Screen (MP24) is a high-performance filtration component that protects your pump from clogs and ensures a smooth compound flow. Keep your drywall finishing equipment running at factory standards with this essential OEM replacement.,Columbia Tools,,https://drywalltoolbox.com/wp-content/uploads/2026/media/columbia_tools_mp24_01.webp,,,,,,,,,,in,6.875,,"Columbia Tools, Hot Mud Pump, MP24, Repair Parts",,{},,100,100,
MP23,Mud Pump Seal,,16.5,,"Keep your Columbia Hot Mud Pump running at peak efficiency with the MP23 Mud Pump Seal, a genuine replacement part designed for a perfect fit and reliable pressure. This durable OEM seal prevents leaks and ensures consistent mud flow for professional drywall finishing.",Columbia Tools,,https://drywalltoolbox.com/wp-content/uploads/2026/media/columbia_tools_mp23_01.webp,,,,,,,,,,in,6.875,,"Columbia Tools, Hot Mud Pump, MP23, Repair Parts",,{},,100,100,
HFFB1A-10,"Mud Seal Strip - 10""",,10.0,,"Restore the sealing power of your 10-inch Columbia Flat Box with this genuine replacement mud seal strip. It provides a perfect, leak-proof barrier to ensure consistent compound application and professional finishing results.",Columbia Tools,,https://drywalltoolbox.com/wp-content/uploads/2026/media/columbia_tools_hffb1a_10_01.webp,,,,,,,,,,in,6.875,,"Columbia Tools, Flat Finishing Box, HFFB1A-10, Repair Parts",,{},,100,100,
CT96,Mud Shut-Off Gasket,,4.0,,The Columbia Tools Mud Shut-Off Gasket (CT96) provides a precision seal for your Automatic Taper to prevent leaks and maintain consistent mud flow. This genuine OEM replacement part is built for professional durability and a perfect factory fit.,Columbia Tools,,https://drywalltoolbox.com/wp-content/uploads/2026/media/columbia_tools_ct96_01.webp,,,,,,,,,,in,6.875,,"Automatic Taper Head, Columbia Tools, CT96, Repair Parts",,{},,100,100,
CT98,Mud Supply Seal Plate & Shaft,,24.95,,"Restore your Columbia Automatic Taper to factory-fresh performance with this genuine Mud Supply Seal Plate & Shaft. It is the professional choice for ensuring a leak-free, consistent mud flow on every job.",Columbia Tools,,https://drywalltoolbox.com/wp-content/uploads/2026/media/columbia_tools_ct98_01.webp,,,,,,,,,,in,6.875,,"Automatic Taper Head, Columbia Tools, CT98, Repair Parts",,{},,100,100,
CT97,Mud Supply Valve Body,,34.5,,The Mud Supply Valve Body (CT97) is a genuine Columbia Tools replacement part that restores precise flow control to your Automatic Taper. This OEM component ensures leak-free performance and long-term reliability for professional drywall finishing.,Columbia Tools,,https://drywalltoolbox.com/wp-content/uploads/2026/media/columbia_tools_ct97_01.webp,,,,,,,,,,in,6.875,,"Automatic Taper Head, Columbia Tools, CT97, Repair Parts",,{},,100,100,
CFB6,Mud Supply Valve Unit,,29.0,,The Mud Supply Valve Unit (CFB6) is a genuine Columbia Tools replacement part that restores factory-standard mud flow to your Corner Flusher Box. This durable OEM component ensures consistent performance and easy field installation for professional drywall finishing.,Columbia Tools,,https://drywalltoolbox.com/wp-content/uploads/2026/media/columbia_tools_cfb6_01.webp,,,,,,,,,,in,6.875,,"CFB6, Columbia Tools, Corner Flusher Box, Repair Parts",,{},,100,100,
HNS17A,Nail Spotter Handle Tightness Screw,,5.0,,The Columbia HNS17A Nail Spotter Handle Tightness Screw restores factory-grade tension and stability to your Hinged Nailspotter. This genuine OEM replacement ensures precise control and eliminates handle play during professional finishing.,Columbia Tools,,https://drywalltoolbox.com/wp-content/uploads/2026/media/columbia_tools_hns17a_01.webp,,,,,,,,,,in,6.875,,"Columbia Tools, Hinged Nailspotter, HNS17A, Repair Parts",,{},,100,100,
CT63,Needle,,2.0,,The Columbia Tools CT63 Needle is a genuine OEM replacement part designed to maintain the precision and reliability of your Automatic Taper Head. It is the professional choice for keeping your drywall finishing equipment in peak operating condition.,Columbia Tools,,https://drywalltoolbox.com/wp-content/uploads/2026/media/columbia_tools_ct63_01.webp,,,,,,,,,,in,6.875,,"Automatic Taper Head, Columbia Tools, CT63, Repair Parts",,{},,100,100,
CT62,Needle Holding Shaft,,16.0,,The Needle Holding Shaft (CT62) is a genuine Columbia Tools replacement part designed to restore factory-level precision and mechanical reliability to your Automatic Taper Head.,Columbia Tools,,https://drywalltoolbox.com/wp-content/uploads/2026/media/columbia_tools_ct62_01.webp,,,,,,,,,,in,6.875,,"Automatic Taper Head, Columbia Tools, CT62, Repair Parts",,{},,100,100,
MP13A,Piston Backing Washer,Small,12.5,,"Ensure your Columbia Hot Mud Pump maintains perfect pressure with this genuine Small Piston Backing Washer. It is a durable, precision-fit OEM replacement part designed for professional-grade reliability.",Columbia Tools,,https://drywalltoolbox.com/wp-content/uploads/2026/media/columbia_tools_mp13a_01.webp,,,,,,,,,,in,6.875,,"Columbia Tools, MP13, MP13A, Piston Backing Washer, Repair Parts",,"{""Size"": ""Small""}",,100,100,
MP13,Piston Backing Washer,Large,14.25,,Maintain the performance of your Columbia Hot Mud Pump with this genuine Large Piston Backing Washer. It is engineered for a perfect fit and provides the durability needed for professional drywall finishing.,Columbia Tools,,https://drywalltoolbox.com/wp-content/uploads/2026/media/columbia_tools_mp13_01.webp,,,,,,,,,,in,6.875,,"Columbia Tools, MP13, MP13A, Piston Backing Washer, Repair Parts",,"{""Size"": ""Large""}",,100,100,
CT64,Needle Return Shaft,,6.0,,"The Needle Return Shaft (CT64) provides the mechanical reliability needed to keep your Columbia Automatic Taper Head running at peak factory performance. This genuine OEM part ensures smooth needle operation for consistent, professional results on every joint.",Columbia Tools,,https://drywalltoolbox.com/wp-content/uploads/2026/media/columbia_tools_ct64_01.webp,,,,,,,,,,in,6.875,,"Automatic Taper Head, Columbia Tools, CT64, Repair Parts",,{},,100,100,
CT65,Needle Return Spring,,4.0,,"The Needle Return Spring (CT65) is a genuine Columbia replacement part designed to restore factory-standard tension and mechanical reliability to your Automatic Taper. Keep your taper head functioning smoothly with this essential, high-durability internal component.",Columbia Tools,,https://drywalltoolbox.com/wp-content/uploads/2026/media/columbia_tools_ct65_01.webp,,,,,,,,,,in,6.875,,"Automatic Taper Head, Columbia Tools, CT65, Repair Parts",,{},,100,100,
HFFB4D,Nylatron Bushing,,3.0,,The Nylatron Bushing HFFB4D is a genuine Columbia Tools replacement part that restores smooth operation and factory precision to your Flat Finishing Box.,Columbia Tools,,https://drywalltoolbox.com/wp-content/uploads/2026/media/columbia_tools_hffb4d_01.webp,,,,,,,,,,in,6.875,,"Columbia Tools, Flat Finishing Box, HFFB4D, Repair Parts",,{},,100,100,
MP36,Nylatron Bushing,,11.5,,"The Nylatron Bushing MP36 is a high-performance OEM replacement part engineered to restore smooth operation and factory precision to your Columbia Hot Mud Pump. This durable, low-friction component ensures your equipment remains reliable under the heavy demands of professional drywall finishing.",Columbia Tools,,https://drywalltoolbox.com/wp-content/uploads/2026/media/columbia_tools_mp36_01.webp,,,,,,,,,,in,6.875,,"Columbia Tools, Hot Mud Pump, MP36, Repair Parts",,{},,100,100,
CT76,Nylatron Washer,,6.25,,"Keep your Columbia Automatic Taper running smoothly with the CT76 Nylatron Washer, an essential OEM part for reducing friction and maintaining precision. This durable replacement component ensures your taper head performs with factory-level reliability on every job.",Columbia Tools,,https://drywalltoolbox.com/wp-content/uploads/2026/media/columbia_tools_ct76_01.webp,,,,,,,,,,in,6.875,,"Automatic Taper Head, Columbia Tools, CT76, Repair Parts",,{},,100,100,
FFB38,Nyliner Bearing,,2.0,,"Keep your Columbia Flat Finishing Box running smoothly with the FFB38 Nyliner Bearing, a precision-engineered OEM part that restores factory-level performance. This durable bearing is the professional's choice for maintaining consistent tool movement and extending equipment life.",Columbia Tools,,https://drywalltoolbox.com/wp-content/uploads/2026/media/columbia_tools_hffb4d_01.webp,,,,,,,,,,in,6.875,,"Columbia Tools, FFB38, Flat Finishing Box, Repair Parts",,{},,100,100,
HP45,O Ring Enclosure,,22.0,,"The O Ring Enclosure HP45 is a genuine Columbia replacement part that ensures a leak-free seal for your Hot Mud Pump. Keep your finishing equipment running at factory standards with this durable, precision-engineered OEM component.",Columbia Tools,,https://drywalltoolbox.com/wp-content/uploads/2026/media/columbia_tools_hp45_01.webp,,,,,,,,,,in,6.875,,"Columbia Tools, Hot Mud Pump, HP45, Repair Parts",,{},,100,100,
CT121A,O-Ring,,2.0,,"Columbia Tools O-Ring (CT121A) provides a factory-standard seal for the Automatic Taper Body, ensuring peak performance and preventing leaks. This essential OEM part is built for long-term reliability on demanding job sites.",Columbia Tools,,https://drywalltoolbox.com/wp-content/uploads/2026/media/columbia_tools_ct121a_01.webp,,,,,,,,,,in,6.875,,"Automatic Taper Body, Columbia Tools, CT121A, Repair Parts",,{},,100,100,
MP23A,O-Ring,,2.0,,"The Columbia Tools O-Ring (MP23A) is a precision-engineered OEM replacement part that restores a leak-free seal to your Hot Mud Pump. Ensure your drywall finishing equipment operates at peak efficiency with this durable, factory-spec component.",Columbia Tools,,https://drywalltoolbox.com/wp-content/uploads/2026/media/columbia_tools_mp23a_01.webp,,,,,,,,,,in,6.875,,"Columbia Tools, Hot Mud Pump, MP23A, Repair Parts",,{},,100,100,
MH10,Octagon,,36.0,,"Keep your Matrix Handle in top form with the Columbia Octagon MH10, a genuine OEM replacement part built for durability and precision fit.",Columbia Tools,,https://drywalltoolbox.com/wp-content/uploads/2026/media/columbia_tools_mh10_01.webp,,,,,,,,,,in,6.875,,"Columbia Tools, Matrix Handle, MH10, Repair Parts",,{},,100,100,
CT19,Paper Feed Guide,,24.95,,Restore your Columbia Automatic Taper to factory performance with the CT19 Paper Feed Guide. This precision-engineered OEM part ensures flawless tape alignment and prevents jams during high-speed finishing.,Columbia Tools,,https://drywalltoolbox.com/wp-content/uploads/2026/media/columbia_tools_ct19_01.webp,,,,,,,,,,in,6.875,,"Automatic Taper Head, Columbia Tools, CT19, Repair Parts",,{},,100,100,
MH17,Pinch Brake,,24.5,,Restore factory-standard control to your Columbia Matrix Handle with this genuine MH17 Pinch Brake replacement. It ensures precise braking performance and long-term reliability for your professional drywall finishing tools.,Columbia Tools,,https://drywalltoolbox.com/wp-content/uploads/2026/media/columbia_tools_mh17_01.webp,,,,,,,,,,in,6.875,,"Columbia Tools, Matrix Handle, MH17, Repair Parts",,{},,100,100,
MH15,Pinch Brake Activator,,22.0,,Restore factory-standard braking performance to your Columbia Matrix Handle with this genuine MH15 Pinch Brake Activator. Precision-engineered for reliable control and a perfect fit.,Columbia Tools,,https://drywalltoolbox.com/wp-content/uploads/2026/media/columbia_tools_mh15_01.webp,,,,,,,,,,in,6.875,,"Columbia Tools, Matrix Handle, MH15, Repair Parts",,{},,100,100,
MH24,Pinch Brake Bushing,,12.75,,Restore factory-standard braking performance to your Columbia Matrix Handle with this genuine OEM Pinch Brake Bushing. It provides the precise control and reliable engagement needed for professional drywall finishing.,Columbia Tools,,https://drywalltoolbox.com/wp-content/uploads/2026/media/columbia_tools_mh24_01.webp,,,,,,,,,,in,6.875,,"Columbia Tools, Matrix Handle, MH24, Repair Parts",,{},,100,100,
MH18,Pinch Brake Housing,,20.0,,Restore factory-level braking precision to your Columbia Matrix Handle with this genuine MH18 Pinch Brake Housing. It is the essential replacement part for maintaining reliable control and safety during professional drywall finishing.,Columbia Tools,,https://drywalltoolbox.com/wp-content/uploads/2026/media/columbia_tools_mh18_01.webp,,,,,,,,,,in,6.875,,"Columbia Tools, Matrix Handle, MH18, Repair Parts",,{},,100,100,
MH19,Pinch Brake Sleeve,,28.0,,The Pinch Brake Sleeve is a genuine Columbia replacement part that restores precise tension and consistent braking performance to your Matrix Handle. Ensure your drywall finishing tools remain reliable and responsive with this essential OEM component.,Columbia Tools,,https://drywalltoolbox.com/wp-content/uploads/2026/media/columbia_tools_mh19_01.webp,,,,,,,,,,in,6.875,,"Columbia Tools, Matrix Handle, MH19, Repair Parts",,{},,100,100,
MH25,Pinch Brake Stem,,14.95,,Restore your Matrix Handle’s braking precision with this genuine Columbia Tools replacement part. This OEM stem ensures your drywall finishing tools operate with factory-level reliability on every job.,Columbia Tools,,https://drywalltoolbox.com/wp-content/uploads/2026/media/columbia_tools_mh25_01.webp,,,,,,,,,,in,6.875,,"Columbia Tools, Matrix Handle, MH25, Repair Parts",,{},,100,100,
MH12,PinchBrake Spring,,4.0,,"Restore the responsive control of your Columbia Matrix Handle with the genuine MH12 PinchBrake Spring. This essential replacement part ensures your braking mechanism operates with the smooth, reliable tension needed for flawless finishing.",Columbia Tools,,https://drywalltoolbox.com/wp-content/uploads/2026/media/columbia_tools_mh12_01.webp,,,,,,,,,,in,6.875,,"Columbia Tools, Matrix Handle, MH12, Repair Parts",,{},,100,100,
CT107,Piston Body,,27.0,,The Piston Body CT107 is a precision-engineered OEM replacement part that restores factory-standard performance and smooth mechanical action to your Columbia Automatic Taper. This durable component ensures long-term reliability for high-volume professional drywall finishing.,Columbia Tools,,https://drywalltoolbox.com/wp-content/uploads/2026/media/columbia_tools_ct107_01.webp,,,,,,,,,,in,6.875,,"Automatic Taper Body, Columbia Tools, CT107, Repair Parts",,{},,100,100,
CT111,Piston Cup,,11.75,,The Piston Cup is a genuine Columbia Tools OEM replacement part designed to restore consistent pressure and smooth operation to your Automatic Taper Body. It provides a perfect seal and long-lasting durability for high-volume drywall finishing.,Columbia Tools,,https://drywalltoolbox.com/wp-content/uploads/2026/media/columbia_tools_ct111_01.webp,,,,,,,,,,in,6.875,,"Automatic Taper Body, Columbia Tools, CT111, Repair Parts",,{},,100,100,
MP14,Piston Cup,,11.75,,"Keep your Columbia Hot Mud Pump running like new with the MP14 Piston Cup, designed for maximum suction and long-term reliability. This authentic OEM part ensures a perfect fit and professional-grade performance on every job.",Columbia Tools,,https://drywalltoolbox.com/wp-content/uploads/2026/media/columbia_tools_mp14_01.webp,,,,,,,,,,in,6.875,,"Columbia Tools, Hot Mud Pump, MP14, Repair Parts",,{},,100,100,
HH16,Piston Housing,,27.0,,Restore your Hydra-Reach Box Handle to factory standards with this genuine Columbia Piston Housing (HH16). Engineered for precision and long-term reliability on the job site.,Columbia Tools,,https://drywalltoolbox.com/wp-content/uploads/2026/media/columbia_tools_hh16_01.webp,,,,,,,,,,in,6.875,,"Columbia Tools, HH16, Hydra-Reach Box Handle, Repair Parts",,{},,100,100,
CT3,Insert Bushing,Right,12.0,,Insert Bushing - Right is a genuine Columbia Tools replacement part that includes the CT4 component to restore factory-level precision to your Automatic Taper Head.,Columbia Tools,,https://drywalltoolbox.com/wp-content/uploads/2026/media/columbia_tools_ct3_01.webp,,,,,,,,,,in,6.875,,"Columbia Tools, CT3, CT3A, Insert Bushing, Repair Parts",,"{""Side"": ""Right""}",,100,100,
CT3A,Insert Bushing,Left,14.5,,"Insert Bushing - Left is a genuine Columbia Tools replacement part for the Automatic Taper Head, engineered to restore factory-standard alignment and smooth mechanical action.",Columbia Tools,,https://drywalltoolbox.com/wp-content/uploads/2026/media/columbia_tools_ct3a_01.webp,,,,,,,,,,in,6.875,,"Columbia Tools, CT3, CT3A, Insert Bushing, Repair Parts",,"{""Side"": ""Left""}",,100,100,
CT29,Nylatron Chain Roller,Right (Small),13.5,,Nylatron Chain Roller - Right (Small) provides a factory-grade replacement for the right-hand drive mechanism of your Columbia Automatic Taper. This durable Nylatron component ensures smooth chain movement and long-lasting performance on the job.,Columbia Tools,,https://drywalltoolbox.com/wp-content/uploads/2026/media/columbia_tools_ct29_01.webp,,,,,,,,,,in,6.875,,"Columbia Tools, CT29, CT29A, Nylatron Chain Roller, Repair Parts",,"{""Side"": ""Right (Small)""}",,100,100,
CT29A,Nylatron Chain Roller,Left (Large),4.0,,"Nylatron Chain Roller - Left (Large) is a genuine Columbia Tools replacement part engineered for the left side of the Automatic Taper's chain drive. Its high-grade Nylatron construction ensures smooth, low-friction operation for long-lasting performance on the job.",Columbia Tools,,https://drywalltoolbox.com/wp-content/uploads/2026/media/columbia_tools_ct29a_01.webp,,,,,,,,,,in,6.875,,"Columbia Tools, CT29, CT29A, Nylatron Chain Roller, Repair Parts",,"{""Side"": ""Left (Large)""}",,100,100,
HH23,Piston O-Ring,,2.0,,The Piston O-Ring (HH23) is a genuine Columbia Tools replacement part that restores factory-standard sealing to your Hydra-Reach Box Handle. Ensure leak-free performance and smooth operation with this essential professional-grade maintenance component.,Columbia Tools,,https://drywalltoolbox.com/wp-content/uploads/2026/media/columbia_tools_hh23_01.webp,,,,,,,,,,in,6.875,,"Columbia Tools, HH23, Hydra-Reach Box Handle, Repair Parts",,{},,100,100,
MP11,Piston Shaft,,28.5,,The Piston Shaft MP11 is a genuine Columbia Tools replacement part designed to restore factory-standard performance and pressure to your Hot Mud Pump. This high-durability component ensures seamless operation and minimizes downtime during demanding drywall finishing projects.,Columbia Tools,,https://drywalltoolbox.com/wp-content/uploads/2026/media/columbia_tools_mp11_01.webp,,,,,,,,,,in,6.875,,"Columbia Tools, Hot Mud Pump, MP11, Repair Parts",,{},,100,100,
HNS18,Pivot,,4.0,,Keep your Columbia Hinged Nailspotter operating at peak performance with this genuine HNS18 Pivot replacement part. It is the professional choice for restoring factory-level precision and mechanical reliability to your finishing kit.,Columbia Tools,,https://drywalltoolbox.com/wp-content/uploads/2026/media/columbia_tools_hns18_01.webp,,,,,,,,,,in,6.875,,"Columbia Tools, Hinged Nailspotter, HNS18, Repair Parts",,{},,100,100,
BH2,Plate,,24.5,,Restore your Columbia 180 Grip Box Handle to its original factory performance with this genuine BH2 replacement plate. It is the professional choice for ensuring a perfect fit and long-term durability on every job site.,Columbia Tools,,https://drywalltoolbox.com/wp-content/uploads/2026/media/columbia_tools_bh2_01.webp,,,,,,,,,,in,6.875,,"180 Grip Box Handle, BH2, Columbia Tools, Repair Parts",,{},,100,100,
HP1,Pump Cylinder,,52.0,,"The Pump Cylinder is the essential OEM replacement part designed to restore maximum pressure and efficiency to your Columbia Hot Mud Pump. It ensures a perfect factory fit for reliable, high-volume drywall finishing performance.",Columbia Tools,,https://drywalltoolbox.com/wp-content/uploads/2026/media/columbia_tools_hp1_01.webp,,,,,,,,,,in,6.875,,"Columbia Tools, Hot Mud Pump, HP1, Repair Parts",,{},,100,100,
MP3,Pump Flapper Valve,,4.0,,The Pump Flapper Valve is a genuine Columbia Tools replacement part designed to restore peak suction and reliable performance to your Hot Mud Pump. This durable component ensures your drywall finishing workflow remains consistent and efficient on every job.,Columbia Tools,,https://drywalltoolbox.com/wp-content/uploads/2026/media/columbia_tools_mp3_01.webp,,,,,,,,,,in,6.875,,"Columbia Tools, Hot Mud Pump, MP3, Repair Parts",,{},,100,100,
MP7,Pump Handle,,87.0,,The Columbia Pump Handle MP7 is a genuine OEM replacement that restores factory-standard leverage and durability to your Hot Mud Pump.,Columbia Tools,,https://drywalltoolbox.com/wp-content/uploads/2026/media/columbia_tools_mp7_01.webp,,,,,,,,,,in,6.875,,"Columbia Tools, Hot Mud Pump, MP7, Repair Parts",,{},,100,100,
CT67,Ratchet Gear,,34.5,,The Ratchet Gear CT67 is a genuine Columbia Tools replacement part that restores smooth mechanical operation to your Automatic Taper Head. Ensure your finishing tools maintain factory-grade reliability and precision on every job.,Columbia Tools,,https://drywalltoolbox.com/wp-content/uploads/2026/media/columbia_tools_ct67_01.webp,,,,,,,,,,in,6.875,,"Automatic Taper Head, Columbia Tools, CT67, Repair Parts",,{},,100,100,
CT15,Ratchet Rod for Adjustable Brake,,6.0,,Keep your taping workflow smooth and controlled with this genuine Columbia replacement ratchet rod for your automatic taper's adjustable brake. It is the professional's choice for restoring factory-spec tension and reliability.,Columbia Tools,,https://drywalltoolbox.com/wp-content/uploads/2026/media/columbia_tools_ct15_01.webp,,,,,,,,,,in,6.875,,"Automatic Taper Head, Columbia Tools, CT15, Repair Parts",,{},,100,100,
CT92,Release Clip Bushing,,10.0,,Keep your Columbia Automatic Taper running smoothly with the CT92 Release Clip Bushing. This genuine OEM part restores factory-standard performance and prevents mechanical downtime.,Columbia Tools,,https://drywalltoolbox.com/wp-content/uploads/2026/media/columbia_tools_ct92_01.webp,,,,,,,,,,in,6.875,,"Automatic Taper Head, Columbia Tools, CT92, Repair Parts",,{},,100,100,
HH31,Release Clip Pin,,12.95,,Keep your Columbia Matrix Handle in peak condition with this genuine HH31 Release Clip Pin. It provides a perfect factory fit to ensure your equipment remains secure and functional throughout the workday.,Columbia Tools,,https://drywalltoolbox.com/wp-content/uploads/2026/media/columbia_tools_hh31_01.webp,,,,,,,,,,in,6.875,,"Columbia Tools, HH31, Matrix Handle, Repair Parts",,{},,100,100,
HH32,Release Clip Washer,,22.0,,The Release Clip Washer is a genuine Columbia Tools replacement part engineered to restore factory-perfect operation to your Matrix Handle. Keep your finishing tools reliable and responsive with this essential OEM component.,Columbia Tools,,https://drywalltoolbox.com/wp-content/uploads/2026/media/columbia_tools_hh32_01.webp,,,,,,,,,,in,6.875,,"Columbia Tools, HH32, Matrix Handle, Repair Parts",,{},,100,100,
CT89,Release Rod Sleeve,,12.95,,Release Rod Sleeve is a genuine Columbia Tools replacement part designed to maintain the smooth mechanical function and factory reliability of your Automatic Taper Head.,Columbia Tools,,https://drywalltoolbox.com/wp-content/uploads/2026/media/columbia_tools_ct89_01.webp,,,,,,,,,,in,6.875,,"Automatic Taper Head, Columbia Tools, CT89, Repair Parts",,{},,100,100,
AH1B,Return Spring,,3.0,,The Columbia Return Spring AH1B is a genuine OEM replacement part designed to restore factory-standard tension and responsiveness to your Angle Head. It ensures reliable mechanical performance and minimizes downtime during demanding drywall finishing projects.,Columbia Tools,,https://drywalltoolbox.com/wp-content/uploads/2026/media/columbia_tools_ah1b_01.webp,,,,,,,,,,in,6.875,,"AH1B, Angle Head, Columbia Tools, Repair Parts",,{},,100,100,
CT101,Return Spring,,9.25,,"The Columbia Tools CT101 Return Spring is a genuine OEM replacement designed to restore precision tension and mechanical reliability to your Automatic Taper Head. Keep your drywall equipment operating at peak factory standards with this durable, high-performance component.",Columbia Tools,,https://drywalltoolbox.com/wp-content/uploads/2026/media/columbia_tools_ct101_01.webp,,,,,,,,,,in,6.875,,"Automatic Taper Head, Columbia Tools, CT101, Repair Parts",,{},,100,100,
CT54,Return Spring,,3.0,,Restore the factory-fresh responsiveness of your Columbia Automatic Taper with the CT54 Return Spring. This genuine OEM replacement ensures reliable tension and smooth operation for every drywall joint.,Columbia Tools,,https://drywalltoolbox.com/wp-content/uploads/2026/media/columbia_tools_ct54_01.webp,,,,,,,,,,in,6.875,,"Automatic Taper Head, Columbia Tools, CT54, Repair Parts",,{},,100,100,
CT40,Return Spring Ring,,2.0,,"The Return Spring Ring (CT40) is a genuine Columbia replacement part that restores factory-standard tension to your Automatic Taper. Keep your drywall finishing tools running smoothly with this durable, precision-engineered OEM component.",Columbia Tools,,https://drywalltoolbox.com/wp-content/uploads/2026/media/columbia_tools_ct40_01.webp,,,,,,,,,,in,6.875,,"Automatic Taper Head, Columbia Tools, CT40, Repair Parts",,{},,100,100,
CT36,Return Spring Tube,,33.0,,Restore factory-standard tension and smooth mechanical action to your Columbia Automatic Taper with this precision-engineered genuine replacement tube.,Columbia Tools,,https://drywalltoolbox.com/wp-content/uploads/2026/media/columbia_tools_ct36_01.webp,,,,,,,,,,in,6.875,,"Automatic Taper Head, Columbia Tools, CT36, Repair Parts",,{},,100,100,
HH33,Rlease Trigger Spring,,11.75,,The Columbia Release Trigger Spring (HH33) restores factory-standard tension and reliable trigger response to your Matrix Handle series tools. This genuine OEM replacement part ensures your drywall finishing equipment remains dependable under heavy professional use.,Columbia Tools,,https://drywalltoolbox.com/wp-content/uploads/2026/media/columbia_tools_hh33_01.webp,,,,,,,,,,in,6.875,,"Columbia Tools, HH33, Matrix Handle, Repair Parts",,{},,100,100,
FFB7,Shoe,Right,42.95,,"Restore the smooth, balanced glide of your Columbia Flat Finishing Box with this genuine OEM right-side replacement shoe. Engineered for a perfect fit, it ensures your tool maintains factory-spec performance on every joint.",Columbia Tools,,https://drywalltoolbox.com/wp-content/uploads/2026/media/columbia_tools_ffb7_01.webp,,,,,,,,,,in,6.875,,"Columbia Tools, FFB7, Flat Finishing Box, Repair Parts",,"{""Side"": ""Right""}",,100,100,
FFB7A,Shoe,Left,42.95,,"Restore the smooth operation of your Columbia Flat Finishing Box with this genuine left-side replacement shoe. Engineered for a precision fit, it ensures consistent pressure and a professional finish on every joint.",Columbia Tools,,https://drywalltoolbox.com/wp-content/uploads/2026/media/columbia_tools_ffb7a_01.webp,,,,,,,,,,in,6.875,,"Columbia Tools, FFB7, Flat Finishing Box, Repair Parts",,"{""Side"": ""Left""}",,100,100,
CFB3-7,Side Plate,"7""",40.0,,"Side Plate - 7"" is a genuine Columbia Tools replacement part engineered to restore the precision and structural integrity of your 7-inch Corner Flusher Box.",Columbia Tools,,https://drywalltoolbox.com/wp-content/uploads/2026/media/columbia_tools_cfb3_7_01.webp,,,,,,,,,,in,6.875,,"CFB3, Columbia Tools, Repair Parts, Side Plate",,"{""Size"": ""7\""""}",,100,100,
CFB3-8,Side Plate,"8""",40.0,,"The Side Plate - 8"" is an authentic Columbia Tools replacement part designed to restore the factory-standard seal and performance of your 8-inch Corner Flusher Box.",Columbia Tools,,https://drywalltoolbox.com/wp-content/uploads/2026/media/columbia_tools_cfb3_8_01.webp,,,,,,,,,,in,6.875,,"CFB3, Columbia Tools, Repair Parts, Side Plate",,"{""Size"": ""8\""""}",,100,100,
CT90,Rod Sleeve Housing,,22.5,,"Restore your Columbia Automatic Taper Head to factory-spec performance with this genuine CT90 Rod Sleeve Housing. It provides the precision fit and durability needed for smooth, professional drywall finishing.",Columbia Tools,,https://drywalltoolbox.com/wp-content/uploads/2026/media/columbia_tools_ct90_01.webp,,,,,,,,,,in,6.875,,"Automatic Taper Head, Columbia Tools, CT90, Repair Parts",,{},,100,100,
HNS12A,Roll Pin,,6.0,,"The Columbia Tools HNS12A Roll Pin provides a precise, factory-standard fit to keep your Hinged Nailspotter functioning reliably on every job. This essential OEM replacement part ensures long-term durability and peak mechanical performance for your finishing equipment.",Columbia Tools,,https://drywalltoolbox.com/wp-content/uploads/2026/media/columbia_tools_hns12a_01.webp,,,,,,,,,,in,6.875,,"Columbia Tools, Hinged Nailspotter, HNS12A, Repair Parts",,{},,100,100,
HNS13,Roll Pin Bushing,,9.95,,Keep your Columbia Hinged Nailspotter in top form with this authentic HNS13 Roll Pin Bushing. It is the reliable choice for maintaining smooth mechanical operation and tool longevity.,Columbia Tools,,https://drywalltoolbox.com/wp-content/uploads/2026/media/columbia_tools_hns13_01.webp,,,,,,,,,,in,6.875,,"Columbia Tools, Hinged Nailspotter, HNS13, Repair Parts",,{},,100,100,
CR2,Roller,,12.0,,"The Columbia CR2 Roller is a high-quality nylatron and steel replacement part designed to restore smooth, factory-level performance to your corner roller. This genuine OEM component ensures precise tracking and long-lasting durability for professional drywall finishing.",Columbia Tools,,https://drywalltoolbox.com/wp-content/uploads/2026/media/columbia_tools_cr2_01.webp,,,,,,,,,,in,6.875,,"Columbia Tools, Corner Roller, CR2, Repair Parts",,{},,100,100,
CT28,Roller Bushing,,10.75,,"The Columbia Tools Roller Bushing (CT28) is a genuine OEM replacement part designed to restore smooth, factory-standard operation to your Automatic Taper Head. Ensure your finishing tools maintain peak performance and longevity with this precision-engineered component.",Columbia Tools,,https://drywalltoolbox.com/wp-content/uploads/2026/media/columbia_tools_ct28_01.webp,,,,,,,,,,in,6.875,,"Automatic Taper Head, Columbia Tools, CT28, Repair Parts",,{},,100,100,
CT125,Rollers,,15.25,,Columbia Tools CT125 Rollers are genuine OEM replacement parts designed to restore smooth operation and factory-standard performance to your automatic taper. These durable components ensure your equipment handles high-volume drywall finishing with precision and reliability.,Columbia Tools,,https://drywalltoolbox.com/wp-content/uploads/2026/media/columbia_tools_ct125_01.webp,,,,,,,,,,in,6.875,,"Automatic Taper Body, Columbia Tools, CT125, Repair Parts",,{},,100,100,
FFB37,Rubber for Box Wheel,,2.0,,"The Rubber for Box Wheel (FFB37) is a genuine Columbia Tools replacement part that restores smooth, consistent gliding to your Flat Finishing Box.",Columbia Tools,,https://drywalltoolbox.com/wp-content/uploads/2026/media/columbia_tools_ffb37_01.webp,,,,,,,,,,in,6.875,,"Columbia Tools, FFB37, Flat Finishing Box, Repair Parts",,{},,100,100,
CT87-CS,Rubber Seal,,9.75,,The Rubber Seal CT87-CS is a genuine Columbia Tools replacement part designed to restore airtight performance and reliability to your Automatic Taper Head. This durable OEM component ensures your professional drywall tools maintain consistent mud flow without leaks or pressure loss.,Columbia Tools,,https://drywalltoolbox.com/wp-content/uploads/2026/media/columbia_tools_ct87_cs_01.webp,,,,,,,,,,in,6.875,,"Automatic Taper Head, Columbia Tools, CT87-CS, Repair Parts",,{},,100,100,
AH4,Side Blade,,29.5,,"The Side Blade (AH4) is a genuine Columbia Tools replacement part designed to restore factory-level precision to your Angle Head. Keep your drywall finishing sharp and consistent with this durable, easy-to-install OEM component.",Columbia Tools,,https://drywalltoolbox.com/wp-content/uploads/2026/media/columbia_tools_ah4_01.webp,,,,,,,,,,in,6.875,,"AH4, Angle Head, Columbia Tools, Repair Parts",,{},,100,100,
CT7A,Side Plate Hub,,24.5,,Restore your Columbia Automatic Taper to peak performance with this genuine CT7A Side Plate Hub. It is the ideal solution for maintaining structural integrity and smooth operation during demanding drywall finishing projects.,Columbia Tools,,https://drywalltoolbox.com/wp-content/uploads/2026/media/columbia_tools_ct7a_01.webp,,,,,,,,,,in,6.875,,"Automatic Taper Head, Columbia Tools, CT7A, Repair Parts",,{},,100,100,
MP39,Sleeve,,14.75,,Columbia MP39 Sleeve is a genuine OEM replacement part that restores smooth operation and factory-standard performance to your Hot Mud Pump. Keep your drywall finishing workflow moving without interruption by using these precision-engineered components.,Columbia Tools,,https://drywalltoolbox.com/wp-content/uploads/2026/media/columbia_tools_mp39_01.webp,,,,,,,,,,in,6.875,,"Columbia Tools, Hot Mud Pump, MP39, Repair Parts",,{},,100,100,
MH20,Small Nyliner Bushing,,3.0,,"The Small Nyliner Bushing MH20 is a precision-engineered OEM replacement part that restores smooth, friction-free operation to your Columbia Matrix Handle. Keep your finishing tools performing at factory standards with this durable maintenance essential.",Columbia Tools,,https://drywalltoolbox.com/wp-content/uploads/2026/media/columbia_tools_mh20_01.webp,,,,,,,,,,in,6.875,,"Columbia Tools, Matrix Handle, MH20, Repair Parts",,{},,100,100,
AH18,Socket Wear Cap,,9.0,,The Socket Wear Cap (AH18) is a genuine Columbia Tools replacement part designed to restore precision and eliminate play in your Angle Head finishing tools. This durable OEM component ensures your equipment maintains factory-standard performance for professional-grade drywall results.,Columbia Tools,,https://drywalltoolbox.com/wp-content/uploads/2026/media/columbia_tools_ah18_01.webp,,,,,,,,,,in,6.875,,"AH18, Angle Head, Columbia Tools, Repair Parts",,{},,100,100,
CT119,Spool Retaining Spring,,7.25,,The Columbia Tools Spool Retaining Spring (CT119) restores factory-standard tension to your automatic taper for flawless spool management and professional reliability.,Columbia Tools,,https://drywalltoolbox.com/wp-content/uploads/2026/media/columbia_tools_ct119_01.webp,,,,,,,,,,in,6.875,,"Automatic Taper Body, Columbia Tools, CT119, Repair Parts",,{},,100,100,
AH1A,Spring Housing,,8.0,,"Keep your finishing equipment in peak condition with this genuine Columbia Tools Spring Housing, designed specifically for Angle Head maintenance and reliability. This durable OEM part ensures your tools maintain the factory-standard tension required for flawless drywall corners.",Columbia Tools,,https://drywalltoolbox.com/wp-content/uploads/2026/media/columbia_tools_ah1a_01.webp,,,,,,,,,,in,6.875,,"AH1A, Angle Head, Columbia Tools, Repair Parts",,{},,100,100,
FFB4B,Stainless Steel Backing Washer,,4.0,,The Columbia Tools Stainless Steel Backing Washer (FFB4B) is a genuine OEM replacement part that ensures structural integrity and corrosion resistance for your Flat Finishing Box. This precision-engineered component maintains factory-standard performance for long-term reliability on the job site.,Columbia Tools,,https://drywalltoolbox.com/wp-content/uploads/2026/media/columbia_tools_ffb4b_01.webp,,,,,,,,,,in,6.875,,"Columbia Tools, FFB4B, Flat Finishing Box, Repair Parts",,{},,100,100,
CT6A,Stainless Steel Side Plate - Left,,42.95,,Keep your Columbia Automatic Taper running like new with this genuine stainless steel left side plate. It provides the durability and precision fit needed for professional-grade drywall finishing.,Columbia Tools,,https://drywalltoolbox.com/wp-content/uploads/2026/media/columbia_tools_ct6a_01.webp,,,,,,,,,,in,6.875,,"Automatic Taper Head, Columbia Tools, CT6A, Repair Parts",,{},,100,100,
FFB4A,Stainless Steel Washer,,5.0,,Keep your Columbia Flat Finishing Box in top shape with this genuine FFB4A stainless steel washer. It offers a perfect OEM fit and superior corrosion resistance for long-lasting performance.,Columbia Tools,,https://drywalltoolbox.com/wp-content/uploads/2026/media/columbia_tools_ffb4a_01.webp,,,,,,,,,,in,6.875,,"Columbia Tools, FFB4A, Flat Finishing Box, Repair Parts",,{},,100,100,
CT116A,Strap,,28.5,,Maintain your equipment's peak performance with this genuine Columbia Tools CT116A Strap. It is the exact OEM replacement part needed to ensure the reliability and precision of your automatic taper body.,Columbia Tools,,https://drywalltoolbox.com/wp-content/uploads/2026/media/columbia_tools_ct116a_01.webp,,,,,,,,,,in,6.875,,"Automatic Taper Body, Columbia Tools, CT116A, Repair Parts",,{},,100,100,
AH8A,Top Retainer Corner Clip,"3.5""",9.75,,"Keep your 3.5-inch Columbia Angle Head in peak condition with this genuine OEM Top Retainer Corner Clip, built for a perfect fit and professional-grade durability.",Columbia Tools,,https://drywalltoolbox.com/wp-content/uploads/2026/media/columbia_tools_ah8a_01.webp,,,,,,,,,,in,6.875,,"AH8, Angle Head, Columbia Tools, Repair Parts",,"{""Model"": ""3.5\""""}",,100,100,
AH8,Top Retainer Corner Clip,Standard,8.0,,"Restore your Columbia Angle Head to factory performance with this genuine Standard Top Retainer Corner Clip, engineered for a precise fit and lasting reliability.",Columbia Tools,,https://drywalltoolbox.com/wp-content/uploads/2026/media/columbia_tools_ah8_01.webp,,,,,,,,,,in,6.875,,"AH8, Angle Head, Columbia Tools, Repair Parts",,"{""Model"": ""Standard""}",,100,100,
D14-22,Dura-III Adjustable,14”-22”,400.0,,"The Dura-III Adjustable 14”-22” stilts provide a nimble, low-profile height boost that maintains a natural walking feel for drywall and painting pros. Perfect for standard ceilings, these lightweight aluminum stilts offer tool-free adjustments and all-day comfort.",Dura-Stilts,,https://drywalltoolbox.com/wp-content/uploads/2026/media/dura_stilts_d_iii_01.webp,,,,,,,,,,in,6.875,,"adjustable stilts, drywall stilts, Dura-Stilts, stilts",,"{""Height Range"": ""14”-22”""}",,100,100,
D18-30,Dura-III Adjustable,18”-30”,415.0,,Dura-III Adjustable - 18”-30” stilts provide the perfect mid-range lift for drywallers and painters seeking a natural walking feel and effortless height control. These professional-grade aluminum stilts offer superior stability and comfort for all-day overhead tasks.,Dura-Stilts,,https://drywalltoolbox.com/wp-content/uploads/2026/media/dura_stilts_d_iii_01.webp,,,,,,,,,,in,6.875,,"adjustable stilts, drywall stilts, Dura-Stilts, stilts",,"{""Height Range"": ""18”-30”""}",,100,100,
D24-40,Dura-III Adjustable,24”-40”,435.0,,The Dura-III Adjustable 24‐40‑ stilts provide professional-grade stability and a versatile height range for mastering high-ceiling drywall and painting tasks.,Dura-Stilts,,https://drywalltoolbox.com/wp-content/uploads/2026/media/dura_stilts_d_iii_01.webp,,,,,,,,,,in,6.875,,"adjustable stilts, drywall stilts, Dura-Stilts, stilts",,"{""Height Range"": ""24”-40”""}",,100,100,
D38-64,Dura-III Adjustable,38”-64”,584.0,,"Dura-III Adjustable - 38”-64” stilts offer maximum reach for high-ceiling work, combining a lightweight aluminum frame with superior stability. These professional stilts ensure a natural walking motion and secure footing at every height setting.",Dura-Stilts,,https://drywalltoolbox.com/wp-content/uploads/2026/media/dura_stilts_d_iii_01.webp,,,,,,,,,,in,6.875,,"adjustable stilts, drywall stilts, Dura-Stilts, stilts",,"{""Height Range"": ""38”-64”""}",,100,100,
4-701,LEVEL5 Corner Applicator,"7""",285.59,,"The LEVEL5 Corner Applicator - 7"" offers a lightweight and precise way to feed joint compound to finishing heads for seamless corner results. Its compact 7-inch design is perfect for finishers who prioritize maneuverability and control on the job site.",LEVEL5,,https://drywalltoolbox.com/wp-content/uploads/2026/media/level5_4_701_01.webp,,,,,,,,,,in,6.875,,"Corner Applicators, Drywall Finishing Tools, LEVEL5",,"{""Size"": ""7\""""}",,100,100,
4-702,LEVEL5 Corner Applicator,"8""",294.52,,"The LEVEL5 Corner Applicator - 8"" delivers a high-capacity, consistent flow of joint compound for perfectly coated corners. Its rugged anodized aluminum build and reinforced bracket ensure long-term durability for professional drywall finishers.",LEVEL5,,https://drywalltoolbox.com/wp-content/uploads/2026/media/level5_4_702_01.webp,,,,,,,,,,in,6.875,,"Corner Applicators, Drywall Finishing Tools, LEVEL5",,"{""Size"": ""8\""""}",,100,100,
4-794,LEVEL5 Corner Applicator Handle (Extendable),"31""-50""",175.08,,"LEVEL5 Corner Applicator Handle (Extendable) - 31""-50"" offers the ideal mid-range reach and ergonomic control for finishing corners in residential and tight commercial spaces. Its lightweight, anodized aluminum construction and quick-adjust thumb trigger ensure a seamless, fatigue-free workflow.",LEVEL5,,https://drywalltoolbox.com/wp-content/uploads/2026/media/level5_4_794_01.webp,,,,,,,,,,in,6.875,,"Corner Applicators, Drywall Finishing Tools, LEVEL5",,"{""Length"": ""31\""-50\""""}",,100,100,
4-798,LEVEL5 Corner Applicator Handle (Extendable),"43""-72""",193.78,,"This 43""-72"" extendable handle offers professional-grade reach and durability with a lightweight anodized aluminum frame and a quick-adjust thumb trigger.",LEVEL5,,https://drywalltoolbox.com/wp-content/uploads/2026/media/level5_4_798_01.webp,,,,,,,,,,in,6.875,,"Corner Applicators, Drywall Finishing Tools, LEVEL5",,"{""Length"": ""43\""-72\""""}",,100,100,
BH11,Strap Connecting Pin,,7.95,,Keep your Columbia 180 Grip Box Handle operating at peak performance with this genuine BH11 Strap Connecting Pin. This precision-machined replacement part ensures a secure connection and factory-level reliability for your finishing tools.,Columbia Tools,,https://drywalltoolbox.com/wp-content/uploads/2026/media/columbia_tools_bh11_01.webp,,,,,,,,,,in,6.875,,"180 Grip Box Handle, BH11, Columbia Tools, Repair Parts",,{},,100,100,
CR12,Swivel Coupling Pin,,12.5,,"The Swivel Coupling Pin CR12 is a genuine Columbia Tools replacement part that restores smooth, factory-grade articulation to your Corner Roller. This durable OEM component ensures your equipment remains reliable and precise during professional drywall finishing.",Columbia Tools,,https://drywalltoolbox.com/wp-content/uploads/2026/media/columbia_tools_cr12_01.webp,,,,,,,,,,in,6.875,,"Columbia Tools, Corner Roller, CR12, Repair Parts",,{},,100,100,
CT57,Tape Advance Carriage,,82.0,,Keep your Columbia Automatic Taper running at peak efficiency with the CT57 Tape Advance Carriage. This authentic replacement part ensures smooth tape feeding and long-lasting performance for professional drywallers.,Columbia Tools,,https://drywalltoolbox.com/wp-content/uploads/2026/media/columbia_tools_ct57_01.webp,,,,,,,,,,in,6.875,,"Automatic Taper Head, Columbia Tools, CT57, Repair Parts",,{},,100,100,
CT120,Tape Spool,,14.5,,The Columbia Tools Tape Spool (CT120) is a precision-engineered OEM replacement part that ensures smooth tape delivery and consistent tension for your automatic taper. It is built for durability and easy field installation to keep your drywall finishing workflow moving without interruption.,Columbia Tools,,https://drywalltoolbox.com/wp-content/uploads/2026/media/columbia_tools_ct120_01.webp,,,,,,,,,,in,6.875,,"Automatic Taper Body, Columbia Tools, CT120, Repair Parts",,{},,100,100,
CT14A,Taper Adjustable Brake,,22.5,,"Restore factory-standard tension control to your Columbia Automatic Taper with this genuine CT14A adjustable brake. It is engineered for precision and durability, ensuring smooth mud application on every project.",Columbia Tools,,https://drywalltoolbox.com/wp-content/uploads/2026/media/columbia_tools_ct14a_01.webp,,,,,,,,,,in,6.875,,"Automatic Taper Head, Columbia Tools, CT14A, Repair Parts",,{},,100,100,
FFB32A,Thumb Release Clip Screw,,12.5,,Keep your Columbia finishing tools in peak condition with the FFB32A Thumb Release Clip Screw. This genuine replacement part ensures your thumb release mechanisms stay secure and functional.,Columbia Tools,,https://drywalltoolbox.com/wp-content/uploads/2026/media/columbia_tools_ffb32a_01.webp,,,,,,,,,,in,6.875,,"Columbia Tools, Corner Flusher Box, FFB32A, Flat Finishing Box, Hinged Nailspotter, Repair Parts",,{},,100,100,
CT53,Toe Kicker,,28.5,,"Keep your Columbia Automatic Taper running at peak performance with this authentic CT53 Toe Kicker replacement part. It provides the precision fit and professional-grade durability required for consistent, high-speed drywall finishing.",Columbia Tools,,https://drywalltoolbox.com/wp-content/uploads/2026/media/columbia_tools_ct53_01.webp,,,,,,,,,,in,6.875,,"Automatic Taper Head, Columbia Tools, CT53, Repair Parts",,{},,100,100,
CT92A,Toe Kicker Caple Retainer Clip,,7.95,,"The Columbia Tools Toe Kicker Cable Retainer Clip (CT92A) restores factory-standard cable tension and alignment to your automatic taper. This genuine OEM part is essential for maintaining the smooth, reliable performance professional finishers expect.",Columbia Tools,,https://drywalltoolbox.com/wp-content/uploads/2026/media/columbia_tools_ct92a_01.webp,,,,,,,,,,in,6.875,,"Automatic Taper Head, Columbia Tools, CT92A, Repair Parts",,{},,100,100,
HH10A,Top Cap,,2.0,,The Columbia Tools Top Cap (HH10A) is a precision-engineered OEM replacement part designed to restore the performance and structural integrity of your Hydra-Reach Box Handle.,Columbia Tools,,https://drywalltoolbox.com/wp-content/uploads/2026/media/columbia_tools_hh10a_01.webp,,,,,,,,,,in,6.875,,"Columbia Tools, HH10A, Hydra-Reach Box Handle, Repair Parts",,{},,100,100,
BH5,Upper Mounting Bracket,,18.5,,"Restore factory-level security to your Columbia 180 Grip or Hydra-Reach handles with the BH5 Upper Mounting Bracket. This genuine OEM part ensures a stable, wobble-free connection for professional finishing.",Columbia Tools,,https://drywalltoolbox.com/wp-content/uploads/2026/media/columbia_tools_bh5_01.webp,,,,,,,,,,in,6.875,,"180 Grip Box Handle, BH5, Columbia Tools, Hydra-Reach Box Handle, Repair Parts",,{},,100,100,
HH2,Upper Mounting Bracket,,66.0,,"Restore the mechanical precision of your finishing equipment with the Upper Mounting Bracket (HH2), a genuine Columbia Tools replacement part. This durable OEM component ensures your Hydra-Reach Box Handle maintains its professional-grade stability and performance.",Columbia Tools,,https://drywalltoolbox.com/wp-content/uploads/2026/media/columbia_tools_hh2_01.webp,,,,,,,,,,in,6.875,,"Columbia Tools, HH2, Hydra-Reach Box Handle, Repair Parts",,{},,100,100,
HNS20,Wedge,,22.5,,Keep your Hinged Nailspotter running like new with this genuine Columbia HNS20 replacement wedge. It is the perfect solution for restoring factory precision and ensuring long-term reliability on every job site.,Columbia Tools,,https://drywalltoolbox.com/wp-content/uploads/2026/media/columbia_tools_hns20_01.webp,,,,,,,,,,in,6.875,,"Columbia Tools, Hinged Nailspotter, HNS20, Repair Parts",,{},,100,100,
4-732,LEVEL5 Corner Finisher,"2.5""",397.37,,"LEVEL5 Corner Finisher - 2.5"" delivers a sharp, professional finish on inside 90-degree corners by glazing and feathering both sides in one efficient pass.",LEVEL5,,https://drywalltoolbox.com/wp-content/uploads/2026/media/level5_4_732_01.webp,,,,,,,,,,in,6.875,,"Corner Finishers, Drywall Finishing Tools, LEVEL5",,"{""Size"": ""2.5\""""}",,100,100,
4-733,LEVEL5 Corner Finisher,"3""",406.72,,"LEVEL5 Corner Finisher - 3"" delivers professional-grade precision by glazing and feathering both sides of an inside corner in a single, smooth pass. Its durable billet aluminum construction and rubber-tired wheels provide the consistency and speed needed for high-volume drywall finishing.",LEVEL5,,https://drywalltoolbox.com/wp-content/uploads/2026/media/level5_4_733_01.webp,,,,,,,,,,in,6.875,,"Corner Finishers, Drywall Finishing Tools, LEVEL5",,"{""Size"": ""3\""""}",,100,100,
4-734,LEVEL5 Corner Finisher,"3.5""",416.07,,"LEVEL5 Corner Finisher - 3.5"" delivers a wide, professional-grade glaze on inside corners to ensure seamless transitions and a sharp finish. Its robust aluminum build and smooth-rolling wheels make it an essential tool for high-efficiency drywall finishing.",LEVEL5,,https://drywalltoolbox.com/wp-content/uploads/2026/media/level5_4_734_01.webp,,,,,,,,,,in,6.875,,"Corner Finishers, Drywall Finishing Tools, LEVEL5",,"{""Size"": ""3.5\""""}",,100,100,
4-735,LEVEL5 Corner Finisher,"4""",425.42,,"LEVEL5 Corner Finisher - 4"" provides the widest coverage for final-pass glazing, delivering a broad and perfectly feathered finish on inside corners. Its billet aluminum construction and smooth-glide wheels ensure professional-grade results with minimal effort.",LEVEL5,,https://drywalltoolbox.com/wp-content/uploads/2026/media/level5_4_735_01.webp,,,,,,,,,,in,6.875,,"Corner Finishers, Drywall Finishing Tools, LEVEL5",,"{""Size"": ""4\""""}",,100,100,
4-795,LEVEL5 Corner Finisher Handle (Extendable),"31""-50""",186.98,,"This 31-inch to 50-inch extendable handle provides the ideal reach for standard walls and tight spaces, featuring a quick-trigger adjustment for seamless workflow. It is a lightweight, durable essential for any professional corner finishing setup.",LEVEL5,,https://drywalltoolbox.com/wp-content/uploads/2026/media/level5_4_795_01.webp,,,,,,,,,,in,6.875,,"Corner Finishers, Drywall Finishing Tools, LEVEL5",,"{""Length"": ""31\""-50\""""}",,100,100,
4-799,LEVEL5 Corner Finisher Handle (Extendable),"43""-72""",205.68,,"This 43"" to 72"" extendable handle provides professional reach for high ceilings, featuring a quick-trigger adjustment and durable anodized aluminum construction.",LEVEL5,,https://drywalltoolbox.com/wp-content/uploads/2026/media/level5_4_799_01.webp,,,,,,,,,,in,6.875,,"Corner Finishers, Drywall Finishing Tools, LEVEL5",,"{""Length"": ""43\""-72\""""}",,100,100,
4-743,LEVEL5 Corner Flusher,"3""",128.69,,"The LEVEL5 Corner Flusher - 3"" applies and glazes joint compound in one smooth pass for a professional, consistent inside corner finish. Its durable stainless steel and aluminum construction ensures long-lasting performance on high-volume projects.",LEVEL5,,https://drywalltoolbox.com/wp-content/uploads/2026/media/level5_4_743_01.webp,,,,,,,,,,in,6.875,,"Corner Flushers, Drywall Finishing Tools, LEVEL5",,"{""Size"": ""3\""""}",,100,100,
4-744,LEVEL5 Corner Flusher,"3.5""",132.74,,"The LEVEL5 Corner Flusher - 3.5"" delivers a wider, professional-grade finish to inside corners with a single, efficient motion. Its precision-machined aluminum and stainless steel construction provides the durability and flexibility needed for high-volume drywall projects.",LEVEL5,,https://drywalltoolbox.com/wp-content/uploads/2026/media/level5_4_744_01.webp,,,,,,,,,,in,6.875,,"Corner Flushers, Drywall Finishing Tools, LEVEL5",,"{""Size"": ""3.5\""""}",,100,100,
4-767,LEVEL5 Flat Box (MEGA),"7""",398.64,,"LEVEL5 Flat Box (MEGA) - 7"" holds 30% more compound than standard boxes, making it the ultimate high-efficiency tool for first-coat drywall finishing. Its precision-machined aluminum body and adjustable flow settings ensure a perfect, professional-grade crown on every seam.",LEVEL5,,https://drywalltoolbox.com/wp-content/uploads/2026/media/level5_4_767_01.webp,,,,,,,,,,in,6.875,,"Drywall Finishing Tools, Flat Boxes, LEVEL5",,"{""Size"": ""7\""""}",,100,100,
4-768,LEVEL5 Flat Box (MEGA),"10""",407.99,,"The LEVEL5 Flat Box (MEGA) - 10"" maximizes your uptime by holding 30% more compound, making it the perfect choice for efficient base and finish coats. Its durable anodized aluminum construction and adjustable flow settings ensure a professional, feathered finish on every joint.",LEVEL5,,https://drywalltoolbox.com/wp-content/uploads/2026/media/level5_4_768_01.webp,,,,,,,,,,in,6.875,,"Drywall Finishing Tools, Flat Boxes, LEVEL5",,"{""Size"": ""10\""""}",,100,100,
4-769,LEVEL5 Flat Box (MEGA),"12""",422.02,,"The LEVEL5 Flat Box (MEGA) - 12"" provides a wide finishing span and 30% more mud capacity, allowing you to feather seams faster with fewer refills. This professional-grade tool features six flow settings and a durable anodized aluminum body for a perfect, consistent crown.",LEVEL5,,https://drywalltoolbox.com/wp-content/uploads/2026/media/level5_4_769_01.webp,,,,,,,,,,in,6.875,,"Drywall Finishing Tools, Flat Boxes, LEVEL5",,"{""Size"": ""12\""""}",,100,100,
4-764,LEVEL5 Flat Box (Standard),"7""",379.52,,"LEVEL5 Flat Box (Standard) - 7"" streamlines your first-coat finishing with its precision-machined design and adjustable mud flow. This durable 7-inch box provides a perfect crown over taped seams, significantly reducing manual sanding time.",LEVEL5,,https://drywalltoolbox.com/wp-content/uploads/2026/media/level5_4_764_01.webp,,,,,,,,,,in,6.875,,"Drywall Finishing Tools, Flat Boxes, LEVEL5",,"{""Size"": ""7\""""}",,100,100,
4-765,LEVEL5 Flat Box (Standard),"10""",388.87,,"LEVEL5 Flat Box (Standard) - 10"" is the professional choice for applying smooth intermediate coats with its adjustable flow control and durable anodized aluminum design. This precision tool ensures a perfect crown and effortless cleanup for high-efficiency drywall finishing.",LEVEL5,,https://drywalltoolbox.com/wp-content/uploads/2026/media/level5_4_765_01.webp,,,,,,,,,,in,6.875,,"Drywall Finishing Tools, Flat Boxes, LEVEL5",,"{""Size"": ""10\""""}",,100,100,
4-766,LEVEL5 Flat Box (Standard),"12""",398.64,,"LEVEL5 Flat Box (Standard) - 12"" provides the wide coverage needed for professional feathering and final coats on drywall seams. Its durable anodized aluminum construction and adjustable flow settings ensure a smooth, consistent finish every time.",LEVEL5,,https://drywalltoolbox.com/wp-content/uploads/2026/media/level5_4_766_01.webp,,,,,,,,,,in,6.875,,"Drywall Finishing Tools, Flat Boxes, LEVEL5",,"{""Size"": ""12\""""}",,100,100,
4-770,LEVEL5 Flat Box (Standard),"14""",412.67,,"LEVEL5 Flat Box (Standard) - 14"" is the ideal tool for final feathering coats, offering maximum width and adjustable flow control for a flawless drywall finish. Its durable anodized aluminum design ensures long-lasting performance and easy cleanup on every job.",LEVEL5,,https://drywalltoolbox.com/wp-content/uploads/2026/media/level5_4_770_01.webp,,,,,,,,,,in,6.875,,"Drywall Finishing Tools, Flat Boxes, LEVEL5",,"{""Size"": ""14\""""}",,100,100,
4-759,LEVEL5 Flat Box Handle (Extendable),"48""-78""",313.22,,"The LEVEL5 Flat Box Handle (Extendable) - 48""-78"" provides the ultimate reach for high ceilings while maintaining the lightweight durability professionals demand. Its precision brake system and universal compatibility make it an essential tool for efficient, high-volume drywall finishing.",LEVEL5,,https://drywalltoolbox.com/wp-content/uploads/2026/media/level5_4_759_01.webp,,,,,,,,,,in,6.875,,"Drywall Finishing Tools, Flat Boxes, LEVEL5",,"{""Length"": ""48\""-78\""""}",,100,100,
4-780,LEVEL5 Flat Box Handle (Extendable),"40""-62""",303.87,,"LEVEL5 Flat Box Handle (Extendable) - 40""-62"" offers the perfect mid-range reach and lightweight control for professional drywall finishing. Its durable aluminum construction and precision brake system ensure smooth, consistent results on every wall and ceiling.",LEVEL5,,https://drywalltoolbox.com/wp-content/uploads/2026/media/level5_4_780_01.webp,,,,,,,,,,in,6.875,,"Drywall Finishing Tools, Flat Boxes, LEVEL5",,"{""Length"": ""40\""-62\""""}",,100,100,
4-781,LEVEL5 Flat Box Handle (Extendable),"30""-42""",294.52,,"LEVEL5 Flat Box Handle (Extendable) - 30""-42"" delivers versatile reach and precise control for standard wall finishing in a lightweight, durable package.",LEVEL5,,https://drywalltoolbox.com/wp-content/uploads/2026/media/level5_4_781_01.webp,,,,,,,,,,in,6.875,,"Drywall Finishing Tools, Flat Boxes, LEVEL5",,"{""Length"": ""30\""-42\""""}",,100,100,
4-782,LEVEL5 Flat Box Handle (Extendable),"23""-32""",276.24,,"The LEVEL5 Flat Box Handle (Extendable) - 23""-32"" provides exceptional control and maneuverability in tight spaces with its compact, adjustable design. Built from heavy-gauge aluminum with a precision brake system, it ensures professional finishing results in closets and small rooms.",LEVEL5,,https://drywalltoolbox.com/wp-content/uploads/2026/media/level5_4_782_01.webp,,,,,,,,,,in,6.875,,"Drywall Finishing Tools, Flat Boxes, LEVEL5",,"{""Length"": ""23\""-32\""""}",,100,100,
4-711,LEVEL5 Flat Box Handle (Fixed Length),"34""",175.09,,"The LEVEL5 Flat Box Handle (Fixed Length) - 34"" provides exceptional maneuverability and a lightweight aluminum build for finishing standard walls with precision. Its compact design and universal compatibility make it an essential tool for tight spaces and high-volume finishing.",LEVEL5,,https://drywalltoolbox.com/wp-content/uploads/2026/media/level5_4_711_01.webp,,,,,,,,,,in,6.875,,"Drywall Finishing Tools, Flat Boxes, LEVEL5",,"{""Length"": ""34\""""}",,100,100,
4-712,LEVEL5 Flat Box Handle (Fixed Length),"42""",184.02,,"The LEVEL5 Flat Box Handle (Fixed Length) - 42"" provides the perfect reach and rigid stability for finishing standard walls and ceilings with total precision. Its lightweight, anodized aluminum construction ensures professional-grade durability and effortless cleanup.",LEVEL5,,https://drywalltoolbox.com/wp-content/uploads/2026/media/level5_4_712_01.webp,,,,,,,,,,in,6.875,,"Drywall Finishing Tools, Flat Boxes, LEVEL5",,"{""Length"": ""42\""""}",,100,100,
4-740,LEVEL5 Flat Box Handle (Fixed Length),"54""",202.72,,"The LEVEL5 Flat Box Handle (Fixed Length) - 54"" provides the extended reach and rigid stability necessary for finishing high walls and ceilings with total confidence. Its lightweight, heavy-gauge aluminum construction ensures professional-grade durability and effortless control on every pass.",LEVEL5,,https://drywalltoolbox.com/wp-content/uploads/2026/media/level5_4_740_01.webp,,,,,,,,,,in,6.875,,"Drywall Finishing Tools, Flat Boxes, LEVEL5",,"{""Length"": ""54\""""}",,100,100,
4-754,LEVEL5 Nail Spotter,"2""",271.14,,"LEVEL5 Nail Spotter - 2"" offers precision and speed for filling fastener indentations with a durable, easy-to-clean design. This professional-grade tool ensures a smooth, feathered finish that significantly cuts down on sanding time.",LEVEL5,,https://drywalltoolbox.com/wp-content/uploads/2026/media/level5_4_754_01.webp,,,,,,,,,,in,6.875,,"Drywall Finishing Tools, LEVEL5, Nail Spotters",,"{""Size"": ""2\""""}",,100,100,
4-755,LEVEL5 Nail Spotter,"3""",289.84,,"The LEVEL5 Nail Spotter - 3"" provides a fast, efficient way to conceal fastener indentations with professional precision and minimal sanding. Its durable, hinged design ensures a smooth finish and effortless cleanup on any drywall project.",LEVEL5,,https://drywalltoolbox.com/wp-content/uploads/2026/media/level5_4_755_01.webp,,,,,,,,,,in,6.875,,"Drywall Finishing Tools, LEVEL5, Nail Spotters",,"{""Size"": ""3\""""}",,100,100,
4-630,LEVEL5 The Starter Taping Set,,2111.16,,LEVEL5 The Starter Taping Set is the ideal entry point for professionals looking to accelerate their drywall workflow with essential automatic tools. This durable kit maximizes efficiency during tape bedding and corner finishing while reducing physical strain.,LEVEL5,,https://drywalltoolbox.com/wp-content/uploads/2026/media/level5_4_707_01.webp,,,,,,,,,,in,6.875,,"4-630, drywall kit, LEVEL5, professional finishing tools, tool set",,{},,100,100,
4-602,LEVEL5 Entry to Automatic Finishing Set,Tools Only,2395.52,,The LEVEL5 Entry to Automatic Finishing Set - Tools Only is a high-speed finishing kit that increases efficiency by 300% for pros who already own a taper. It features essential flat boxes and corner tools to deliver a professional finish with significantly less effort.,LEVEL5,,https://drywalltoolbox.com/wp-content/uploads/2026/media/level5_4_602_01.webp,,,,,,,,,,in,6.875,,"automatic taper, drywall kit, finishing set, LEVEL5",,"{""Configuration"": ""Tools Only""}",,100,100,
4-600P,LEVEL5 Entry to Automatic Finishing Set,With Automatic Taper,3850.7,,"LEVEL5 Entry to Automatic Finishing Set - With Automatic Taper is a complete, pro-grade kit designed to triple your drywall finishing speed. It includes everything from the automatic taper to high-capacity flat boxes, ensuring a flawless finish with significantly less effort.",LEVEL5,,https://drywalltoolbox.com/wp-content/uploads/2026/media/level5_4_600p_01.webp,,,,,,,,,,in,6.875,,"automatic taper, drywall kit, finishing set, LEVEL5",,"{""Configuration"": ""With Automatic Taper""}",,100,100,
4-677P,LEVEL5 The Ultimate Taping & Finishing Set,,6342.64,,A high-production drywall finishing kit designed for crews to scale volume with dual pumps and a full range of automatic tools.,LEVEL5,,https://drywalltoolbox.com/wp-content/uploads/2026/media/level5_4_707_01.webp,,,,,,,,,,in,6.875,,"4-677P, drywall kit, LEVEL5, professional finishing tools, tool set",,{},,100,100,
5-777,LEVEL5 Corner Roller Handle,"50""",89.99,,"The LEVEL5 50"" Corner Roller Handle delivers professional-grade durability and the perfect reach for bedding drywall tape in standard corners. Its lightweight anodized aluminum construction ensures maximum control and reduced fatigue for high-volume finishing.",LEVEL5,,https://drywalltoolbox.com/wp-content/uploads/2026/media/level5_4_777_01.webp,,,,,,,,,,in,6.875,,"4-777, 54"" corner roller handle, drywall accessory, LEVEL5",,"{""Length"": ""50\""""}",,100,100,
4-777,LEVEL5 Corner Roller Handle,"54""",92.22,,"The LEVEL5 Corner Roller Handle - 54"" provides the perfect balance of reach and leverage for bedding drywall tape into internal corners. Its lightweight, anodized aluminum construction ensures all-day comfort and professional durability on any jobsite.",LEVEL5,,https://drywalltoolbox.com/wp-content/uploads/2026/media/level5_4_777_01.webp,,,,,,,,,,in,6.875,,"4-777, 54"" corner roller handle, drywall accessory, LEVEL5",,"{""Length"": ""54\""""}",,100,100,
4-778,"LEVEL5 50"" Fixed Handle",Corner Applicator,92.22,,"A 50-inch heavy-duty anodized aluminum handle specifically engineered for corner applicators, offering the perfect balance of reach and rigid control.",LEVEL5,,https://drywalltoolbox.com/wp-content/uploads/2026/media/level5_4_778_01.webp,,,,,,,,,,in,6.875,,"4-778, 50” fixed handle (corner applicator), Drywall Finishing Tools, LEVEL5",,"{""Tool Type"": ""Corner Applicator""}",,100,100,
4-779,"LEVEL5 50"" Fixed Handle",Corner Finisher,92.22,,"A professional-grade 50-inch anodized aluminum handle specifically engineered for stable control and effortless reach when using corner finishers. Its lightweight, heavy-gauge construction ensures a comfortable grip and easy cleanup on every job.",LEVEL5,,https://drywalltoolbox.com/wp-content/uploads/2026/media/level5_4_779_01.webp,,,,,,,,,,in,6.875,,"4-778, 50” fixed handle (corner applicator), Drywall Finishing Tools, LEVEL5",,"{""Tool Type"": ""Corner Finisher""}",,100,100,
4-792,"LEVEL5 31""- 50"" Corner Roller/Nail Spotter Handle",,179.33,,"This professional-grade telescoping handle extends from 31 to 50 inches, offering perfect reach and leverage for both corner rollers and nail spotters. Its durable aluminum construction and secure locking system ensure smooth, consistent drywall finishing results.",LEVEL5,,https://drywalltoolbox.com/wp-content/uploads/2026/media/level5_4_792_01.webp,,,,,,,,,,in,6.875,,"31""- 50"" corner roller/nail spotter handle, 4-792, drywall accessory, LEVEL5",,{},,100,100,
4-760,LEVEL5 Automatic Taper,,1444.99,,"The LEVEL5 Automatic Taper delivers professional-grade efficiency by applying joint compound and tape in a single, fluid motion. Its lightweight, corrosion-resistant design ensures long-term reliability and faster job completion.",LEVEL5,,https://drywalltoolbox.com/wp-content/uploads/2026/media/level5_4_760_06.webp,,,,,,,,,,in,6.875,,"4-760, automatic taper, Drywall Finishing Tools, LEVEL5",,{},,100,100,
4-715,LEVEL5 Box Filler,,67.57,,"The LEVEL5 Box Filler is a rugged, high-capacity pump that streamlines tool loading with smooth anodized components and a high-leverage handle for reduced fatigue.",LEVEL5,,https://drywalltoolbox.com/wp-content/uploads/2026/media/level5_4_715_01.webp,,,,,,,,,,in,6.875,,"4-715, box filler, Drywall Finishing Tools, LEVEL5, Mud Pans & Pumps, Pumps",,{},,100,100,
4-771,LEVEL5 Compound Pump,,452.62,,"The LEVEL5 Compound Pump is a rugged, high-performance workhorse designed to fill your automatic taping tools quickly and with significantly less physical strain. Its durable anodized construction and superior urethane seals ensure reliable suction and easy cleanup for years of professional use.",LEVEL5,,https://drywalltoolbox.com/wp-content/uploads/2026/media/level5_4_771_01.webp,,,,,,,,,,in,6.875,,"4-771, compound pump, Drywall Finishing Tools, LEVEL5, Mud Pans & Pumps, Pumps",,{},,100,100,
4-741,LEVEL5 Compound Tube,,203.84,,The LEVEL5 Compound Tube is a versatile powerhouse that applies joint compound with precision and fills finishing tools in seconds. Its universal ball nozzle and durable stainless steel construction make it an essential upgrade for high-speed drywall finishing.,LEVEL5,,https://drywalltoolbox.com/wp-content/uploads/2026/media/level5_4_741_01.webp,,,,,,,,,,in,6.875,,"4-741, compound tube, Drywall Finishing Tools, LEVEL5",,{},,100,100,
4-707,LEVEL5 Corner Roller,,152.14,,"The LEVEL5 Corner Roller provides the consistent pressure needed to bed drywall tape deeply into internal corners for a professional, bubble-free finish.",LEVEL5,,https://drywalltoolbox.com/wp-content/uploads/2026/media/level5_4_707_01.webp,,,,,,,,,,in,6.875,,"4-707, Corner Roller, drywall accessory, LEVEL5",,{},,100,100,
5-311,LEVEL5 Drywall Banjo,,150.29,,"The LEVEL5 Drywall Banjo bridges the gap between hand taping and automatic tools, offering a lightweight, semi-automatic solution for faster flat seam finishing. It applies mud and tape simultaneously to streamline your workflow and ensure a consistent, professional bond.",LEVEL5,,https://drywalltoolbox.com/wp-content/uploads/2026/media/level5_5_311_01.webp,,,,,,,,,,in,6.875,,"5-311, drywall banjo, Drywall Finishing Tools, LEVEL5",,{},,100,100,
PT-CF2.5,Platinum Angle Head Corner Finisher with Wheels,"2.5""",239.0,,"The Platinum Angle Head Corner Finisher with Wheels - 2.5"" provides smooth, effortless corner finishing for high-quality first coats. Its integrated wheel system and durable aluminum build ensure a sharp, professional edge with minimal drag.",Platinum Drywall Tools,,https://drywalltoolbox.com/wp-content/uploads/2026/media/platinum_pt_cf2_5_02.webp,,,,,,,,,,in,6.875,,"Angle Head, corner finisher, PT-3CF, PT-CF2.5, PT-CF3.5",,"{""Size"": ""2.5\""""}",,100,100,
PT-3CF,Platinum Angle Head Corner Finisher with Wheels,"3""",249.0,,"The Platinum Angle Head Corner Finisher with Wheels - 3"" provides a smooth, paint-ready finish for inside corners with its friction-reducing wheel design. This 3-inch finisher is the professional standard for glazing and final coat applications.",Platinum Drywall Tools,,https://drywalltoolbox.com/wp-content/uploads/2026/media/platinum_pt_3_0cf_03.webp,,,,,,,,,,in,6.875,,"Angle Head, corner finisher, PT-3CF, PT-CF2.5, PT-CF3.5",,"{""Size"": ""3\""""}",,100,100,
PT-CF3.5,Platinum Angle Head Corner Finisher with Wheels,"3.5""",259.0,,"The Platinum 3.5"" Angle Head Corner Finisher with Wheels provides wide, professional coverage for a flawless final coat on internal corners. Its integrated wheel system and durable aluminum frame ensure smooth, drag-free performance with every pass.",Platinum Drywall Tools,,https://drywalltoolbox.com/wp-content/uploads/2026/media/platinum_pt_cf3_5_03.webp,,,,,,,,,,in,6.875,,"Angle Head, corner finisher, PT-3CF, PT-CF2.5, PT-CF3.5",,"{""Size"": ""3.5\""""}",,100,100,
PT-CT24,Platinum Compound Tube,"24""",150.0,,"Platinum Compound Tube - 24"" is a compact, syringe-style applicator designed for maximum maneuverability in tight spaces and detailed corner work. Its 24-inch profile provides exceptional control and rapid suction-filling for a faster, cleaner finishing process.",Platinum Drywall Tools,,https://drywalltoolbox.com/wp-content/uploads/2026/media/platinum_pt_ct24_02.webp,,,,,,,,,,in,6.875,,"compound tube, mud tube, PT-CT24, PT-CT36, PT-CT42",,"{""Size"": ""24\""""}",,100,100,
PT-CT36,Platinum Compound Tube,"36""",155.0,,"The Platinum Compound Tube - 36"" is a high-capacity manual applicator that balances extended reach with precise control for professional drywall finishing. Its syringe-style design ensures rapid filling and consistent material delivery across all corner and flat surfaces.",Platinum Drywall Tools,,https://drywalltoolbox.com/wp-content/uploads/2026/media/platinum_pt_ct36_03.webp,,,,,,,,,,in,6.875,,"compound tube, mud tube, PT-CT24, PT-CT36, PT-CT42",,"{""Size"": ""36\""""}",,100,100,
PT-CT42,Platinum Compound Tube,"42""",160.0,,"The 42-inch Platinum Compound Tube provides maximum reach for high walls and ceilings, featuring a rapid suction-fill design for professional drywall finishing. This high-capacity tool eliminates the need for ladders while ensuring consistent, mess-free compound application.",Platinum Drywall Tools,,https://drywalltoolbox.com/wp-content/uploads/2026/media/platinum_pt_ct42_02.webp,,,,,,,,,,in,6.875,,"compound tube, mud tube, PT-CT24, PT-CT36, PT-CT42",,"{""Size"": ""42\""""}",,100,100,
PT-BH34,Platinum Flat Box Handle,"34""",90.0,,"The Platinum Flat Box Handle - 34"" delivers superior maneuverability and control for wall finishing and low-ceiling tasks. Its lightweight aluminum construction and responsive braking system ensure professional, consistent results in any tight workspace.",Platinum Drywall Tools,,https://drywalltoolbox.com/wp-content/uploads/2026/media/platinum_pt_bh34_01.webp,,,,,,,,,,in,6.875,,"finishing box handle, flat box handle, PT-BH34, PT-BH42, PT-BH54",,"{""Size"": ""34\""""}",,100,100,
PT-BH42,Platinum Flat Box Handle,"42""",95.0,,"The Platinum Flat Box Handle - 42"" provides the perfect blend of lightweight anodized aluminum and precise braking control for professional drywall finishing on walls and ceilings.",Platinum Drywall Tools,,https://drywalltoolbox.com/wp-content/uploads/2026/media/platinum_pt_bh42_01.webp,,,,,,,,,,in,6.875,,"finishing box handle, flat box handle, PT-BH34, PT-BH42, PT-BH54",,"{""Size"": ""42\""""}",,100,100,
PT-BH54,Platinum Flat Box Handle,"54""",100.0,,"The Platinum Flat Box Handle - 54"" provides the extended reach and precise braking control needed for finishing high ceilings and tall walls with ease. Its lightweight aluminum build and ergonomic grip ensure maximum comfort during long shifts on the jobsite.",Platinum Drywall Tools,,https://drywalltoolbox.com/wp-content/uploads/2026/media/platinum_pt_bh54_03.webp,,,,,,,,,,in,6.875,,"finishing box handle, flat box handle, PT-BH34, PT-BH42, PT-BH54",,"{""Size"": ""54\""""}",,100,100,
PT-10FB,Platinum Flat Finishing Box,"10""",195.0,,"The Platinum 10"" Flat Finishing Box provides professional-grade precision for second-coat drywall applications, featuring a pivoting axle and adjustable crown control for flawless results.",Platinum Drywall Tools,,https://drywalltoolbox.com/wp-content/uploads/2026/media/platinum_pt_10fb_01.webp,,,,,,,,,,in,6.875,,"flat box, PT-10FB, PT-14FB, PT-8FB, PT-FB12",,"{""Size"": ""10\""""}",,100,100,
PT-12FB,Platinum Flat Finishing Box,"12""",205.0,,"The Platinum Flat Finishing Box - 12"" provides wide-span coverage and precision compound control for flawless final coats on flat and butt joints. Its high-capacity design and pivoting axle ensure a smooth, professional finish with minimal effort.",Platinum Drywall Tools,,https://drywalltoolbox.com/wp-content/uploads/2026/media/platinum_pt_fb12_01.webp,,,,,,,,,,in,6.875,,"flat box, PT-10FB, PT-14FB, PT-8FB, PT-FB12",,"{""Size"": ""12\""""}",,100,100,
PT-14FB,Platinum Flat Finishing Box,"14""",215.0,,"Platinum Flat Finishing Box - 14"" is the ultimate tool for achieving wide, feathered final coats with professional precision and minimal sanding. Its high-capacity aluminum design and adjustable blade dial ensure a smooth, paint-ready surface on every pass.",Platinum Drywall Tools,,https://drywalltoolbox.com/wp-content/uploads/2026/media/platinum_pt_14fb_01.webp,,,,,,,,,,in,6.875,,"flat box, PT-10FB, PT-14FB, PT-8FB, PT-FB12",,"{""Size"": ""14\""""}",,100,100,
PT-8FB,Platinum Flat Finishing Box,"8""",185.0,,"The Platinum Flat Finishing Box - 8"" provides exceptional control for initial fill coats, featuring a durable anodized aluminum body and precision crown adjustment. Achieve a smooth, professional base on flat seams with minimal effort and reduced sanding.",Platinum Drywall Tools,,https://drywalltoolbox.com/wp-content/uploads/2026/media/platinum_pt_8fb_01.webp,,,,,,,,,,in,6.875,,"flat box, PT-10FB, PT-14FB, PT-8FB, PT-FB12",,"{""Size"": ""8\""""}",,100,100,
4-714,LEVEL5 Gooseneck,,101.14,,"The LEVEL5 Gooseneck provides a secure, high-flow connection for filling your automatic taper quickly and efficiently. Built for durability, it ensures a mess-free transfer of compound on every job.",LEVEL5,,https://drywalltoolbox.com/wp-content/uploads/2026/media/level5_4_714_01.webp,,,,,,,,,,in,6.875,,"4-714, Drywall Finishing Tools, gooseneck, LEVEL5, Mud Pans & Pumps, Pumps",,{},,100,100,
4-772,LEVEL5 MiniShot,,934.99,,"The LEVEL5 MiniShot uses a gas-pressurized cylinder to deliver steady compound flow to finishing heads, eliminating the physical strain of manual applicator boxes. Its 45.5-inch clear composite tube provides high capacity and easy visibility for faster, more comfortable corner finishing.",LEVEL5,,https://drywalltoolbox.com/wp-content/uploads/2026/media/level5_4_772_01.webp,,,,,,,,,,in,6.875,,"4-772, Drywall Finishing Tools, LEVEL5, minishot",,{},,100,100,
4-773,LEVEL5 MiniShot Ext. Handle,,73.94,,The LEVEL5 MiniShot Ext. Handle uses gas-pressurized technology to deliver a consistent flow of compound to finishing heads without the manual strain of traditional boxes. Its 45.5-inch reach and clear composite chamber make high-volume corner finishing faster and more ergonomic.,LEVEL5,,https://drywalltoolbox.com/wp-content/uploads/2026/media/level5_4_772_01.webp,,,,,,,,,,in,6.875,,"4-773, Drywall Finishing Tools, LEVEL5, minishot ext. handle",,{},,100,100,
4-746,LEVEL5 Outside Corner Tool,,73.94,,"The LEVEL5 Outside Corner Tool applies a perfectly even layer of compound to both sides of a 90° corner simultaneously for faster bead installation. Its glass-filled polymer body and stable design prevent flipping, ensuring a smooth and efficient workflow.",LEVEL5,,https://drywalltoolbox.com/wp-content/uploads/2026/media/level5_4_746_01.webp,,,,,,,,,,in,6.875,,"4-746, Drywall Finishing Tools, LEVEL5, outside corner tool",,{},,100,100,
PT-2NS,Platinum Nail Spotter,"2""",160.0,,"The Platinum Nail Spotter - 2"" offers a mechanical solution for coating fastener heads with speed and precision. Its 2-inch width and durable aluminum build ensure a flush, professional finish on every screw and nail.",Platinum Drywall Tools,,https://drywalltoolbox.com/wp-content/uploads/2026/media/platinum_pt_2ns_02.webp,,,,,,,,,,in,6.875,,"anodized aluminum, nail spotter, PT-2NS, PT-3NS, screw spotter",,"{""Size"": ""2\""""}",,100,100,
PT-3NS,Platinum Nail Spotter,"3""",160.0,,"The Platinum 3"" Nail Spotter delivers a wider, professional-grade coating for drywall fasteners, ensuring a flush finish with its durable aluminum design.",Platinum Drywall Tools,,https://drywalltoolbox.com/wp-content/uploads/2026/media/platinum_pt_2ns_02.webp,,,,,,,,,,in,6.875,,"anodized aluminum, nail spotter, PT-2NS, PT-3NS, screw spotter",,"{""Size"": ""3\""""}",,100,100,
PT-3.5CF,Platinum Stainless Steel Corner Flusher,"3.5""",80.0,,"The Platinum Stainless Steel Corner Flusher - 3.5"" delivers a wide, professional finish for inside corners using durable surgical spring steel. Its universal design fits all major handle brands, making it an essential tool for high-quality drywall skim coats.",Platinum Drywall Tools,,https://drywalltoolbox.com/wp-content/uploads/2026/media/platinum_pt_cf3_5_03.webp,,,,,,,,,,in,6.875,,"corner flusher, Corner Tools, drywall finishing, PT-2.5CF, stainless steel",,"{""Size"": ""3.5\""""}",,100,100,
PT-2.5CF,Platinum Stainless Steel Corner Flusher,"2.5""",75.0,,"The Platinum Stainless Steel Corner Flusher - 2.5"" delivers surgical-grade precision and shape retention for perfectly smooth inside drywall corners. Its compact profile and universal handle compatibility make it an essential tool for high-speed, professional finishing.",Platinum Drywall Tools,,https://drywalltoolbox.com/wp-content/uploads/2026/media/platinum_pt_cf2_5_02.webp,,,,,,,,,,in,6.875,,"corner flusher, Corner Tools, drywall finishing, PT-2.5CF, stainless steel",,"{""Size"": ""2.5\""""}",,100,100,
PT-CFH50,"Platinum 50"" Corner Tool Handle",Angle Head,49.0,,"This 50-inch anodized aluminum handle is purpose-built for angle heads, offering professional finishers exceptional control and a comfortable, high-traction grip.",Platinum Drywall Tools,,https://drywalltoolbox.com/wp-content/uploads/2026/media/platinum_pt_cfh50_01.webp,,,,,,,,,,in,6.875,,"50 inch handle, corner handle, drywall finishing, Platinum Drywall Tools",,"{""Tool Type"": ""Angle Head""}",,100,100,
PT-CAH50,"Platinum 50"" Corner Tool Handle",Corner Box,49.0,,"This 50-inch anodized aluminum handle is specifically engineered to provide maximum leverage and smooth control for your corner applicator box. Its lightweight, durable build ensures professional results on high walls and ceilings without the extra weight.",Platinum Drywall Tools,,https://drywalltoolbox.com/wp-content/uploads/2026/media/platinum_pt_cah50_01.webp,,,,,,,,,,in,6.875,,"50 inch handle, corner handle, drywall finishing, Platinum Drywall Tools",,"{""Tool Type"": ""Corner Box""}",,100,100,
PT-CRH50,"Platinum 50"" Corner Tool Handle",Corner Roller,59.0,,"This 50-inch anodized aluminum handle provides the reach and ergonomic control needed for seamless corner roller operation. Its lightweight design and dual-grip system ensure comfortable, precise tape embedding on every job.",Platinum Drywall Tools,,https://drywalltoolbox.com/wp-content/uploads/2026/media/platinum_pt_crh50_02.webp,,,,,,,,,,in,6.875,,"50 inch handle, corner handle, drywall finishing, Platinum Drywall Tools",,"{""Tool Type"": ""Corner Roller""}",,100,100,
PT-ICA,Platinum 90° Corner Applicator,Inside,59.0,,"The Platinum 90° Corner Applicator - Inside provides a fast and precise way to apply joint compound to interior corners. It streamlines your workflow by delivering a uniform, professional-grade coat in one easy pass.",Platinum Drywall Tools,,https://drywalltoolbox.com/wp-content/uploads/2026/media/platinum_pt_ica_01.webp,,,,,,,,,,in,6.875,,"90 degree applicator, corner applicator, drywall finishing, Platinum Drywall Tools",,"{""Type"": ""Inside""}",,100,100,
PT-OCA,Platinum 90° Corner Applicator,Outside,59.0,,"The Platinum 90° Corner Applicator - Outside delivers a precise, dual-sided ribbon of compound to external corners for fast and flawless bead installation. It is the ideal solution for professional finishers looking to maximize efficiency on every job site.",Platinum Drywall Tools,,https://drywalltoolbox.com/wp-content/uploads/2026/media/platinum_pt_oca_01.webp,,,,,,,,,,in,6.875,,"90 degree applicator, corner applicator, drywall finishing, Platinum Drywall Tools",,"{""Type"": ""Outside""}",,100,100,
PT-CRE,Platinum Corner Roller,ECO Inside,59.0,,"The Platinum Corner Roller - ECO Inside provides smooth, mar-free tape bedding for internal corners using a lightweight design and universal pole compatibility. It is the perfect tool for achieving crisp 90-degree joints with minimal effort and maximum efficiency.",Platinum Drywall Tools,,https://drywalltoolbox.com/wp-content/uploads/2026/media/platinum_pt_cre_01.webp,,,,,,,,,,in,6.875,,"Corner Roller, drywall finishing, Platinum Drywall Tools",,"{""Model"": ""ECO Inside""}",,100,100,
PT-CR,Platinum Corner Roller,Inside,79.99,,"The Platinum Corner Roller - Inside provides the exact pressure needed to seat drywall tape into 90-degree interior joints while removing excess compound. Its durable aluminum and stainless steel construction ensures a smooth, professional finish with every pass.",Platinum Drywall Tools,,https://drywalltoolbox.com/wp-content/uploads/2026/media/platinum_pt_cr_01.webp,,,,,,,,,,in,6.875,,"Corner Roller, drywall finishing, Platinum Drywall Tools",,"{""Model"": ""Inside""}",,100,100,
PT-OCR,Platinum Corner Roller,Outside 90°,69.99,,The Platinum Outside 90° Corner Roller provides professional-grade pressure to perfectly bed paper-faced beads and eliminate excess compound for a bubble-free finish.,Platinum Drywall Tools,,https://drywalltoolbox.com/wp-content/uploads/2026/media/platinum_pt_ocr_01.webp,,,,,,,,,,in,6.875,,"Corner Roller, drywall finishing, Platinum Drywall Tools",,"{""Model"": ""Outside 90°""}",,100,100,
PT-FA,"Platinum 4"" Flat Applicator",,59.0,,"The Platinum 4"" Flat Applicator delivers a consistent, professional-grade mud ribbon on flat joints with its durable, corrosion-resistant aluminum body. It is the perfect companion for your compound tube or corner box, ensuring smooth passes and long-lasting reliability.",Platinum Drywall Tools,,https://drywalltoolbox.com/wp-content/uploads/2026/media/platinum_pt_fa_01.webp,,,,,,,,,,in,6.875,,"4"" Flat Applicator, Corner Tools, Platinum Drywall Tools, PT-FA",,{},,100,100,
PT-CA8,"Platinum 8"" Corner Applicator",,159.0,,"The Platinum 8"" Corner Applicator combines a high-capacity anodized aluminum box with a 50-inch handle for efficient, long-lasting corner finishing. Its universal design ensures it fits perfectly with your existing angle heads for immediate job site productivity.",Platinum Drywall Tools,,https://drywalltoolbox.com/wp-content/uploads/2026/media/platinum_pt_ca8_01.webp,,,,,,,,,,in,6.875,,"8"" Corner Applicator, Corner Tools, Platinum Drywall Tools, PT-CA8",,{},,100,100,
PT-BF,Platinum Box Filler Attachment,,49.0,,"The Platinum Box Filler Attachment provides a secure, universal connection for loading your finishing tools quickly and without leaks. It is a handcrafted, heavy-duty essential that fits all major pump brands to keep your workflow moving.",Platinum Drywall Tools,,https://drywalltoolbox.com/wp-content/uploads/2026/media/platinum_pt_bf_01.webp,,,,,,,,,,in,6.875,,"Box Filler Attachment, Mud Pans & Pumps, Platinum Drywall Tools, PT-BF",,{},,100,100,
PT-CP,Platinum Drywall Pump w/Filler,,269.0,,"Load your finishing tools with speed and precision using this durable, anodized aluminum pump featuring a universal filler attachment.",Platinum Drywall Tools,,https://drywalltoolbox.com/wp-content/uploads/2026/media/platinum_pt_cp_01.webp,,,,,,,,,,in,6.875,,"drywall pump, joint compound pump, loading pump, mud pump, PT-CP",,{},,100,100,
PT-FIN,Platinum Drywall Starter Finishing Set,,1399.0,,"The Platinum Drywall Starter Finishing Set equips professionals with a complete automatic tool lineup for faster, more consistent flat and corner finishing. This high-performance kit streamlines your workflow by replacing manual labor with precision-engineered boxes, rollers, and applicators.",Platinum Drywall Tools,,https://drywalltoolbox.com/wp-content/uploads/2026/media/platinum_pt_fin_01.webp,,,,,,,,,,in,6.875,,"Platinum Drywall Starter Finishing Set, Platinum Drywall Tools, PT-FIN, Tool Sets & Kits",,{},,100,100,
PT-EXT3IN1-1,Platinum Extendable Angle Head Handle,,75.0,,"The Platinum Extendable Angle Head Handle provides a versatile 45-70 inch reach, combining lightweight aluminum durability with an ergonomic grip for effortless corner finishing. It is the perfect solution for professionals needing precision and adaptability on every job site.",Platinum Drywall Tools,,https://drywalltoolbox.com/wp-content/uploads/2026/media/platinum_pt_ext3in1_1_01.webp,,,,,,,,,,in,6.875,,"Extendable Angle Head Handle, Handles & Extensions, Platinum Drywall Tools, PT-EXT3IN1-1",,{},,100,100,
PT-EBH,"Platinum Extendable Flat Box Handle 40"" – 64""",,169.0,,"The Platinum Extendable Flat Box Handle 40"" – 64"" combines lightweight aluminum construction with a versatile telescoping range for superior drywall finishing control. Its secure locking system ensures consistent pressure across all major flat box brands for a professional finish every time.",Platinum Drywall Tools,,https://drywalltoolbox.com/wp-content/uploads/2026/media/platinum_pt_ebh_01.webp,,,,,,,,,,in,6.875,,"Extendable Flat Box Handle 40"" – 64"", Handles & Extensions, Platinum Drywall Tools, PT-EBH",,{},,100,100,
S1-A-1624,SurPro S1 Aluminum Drywall Stilts,"16""-24""",322.0,,"SurPro S1 Aluminum Drywall Stilts - 16""-24"" provide a lightweight, stable boost for standard ceiling work. These single-pole stilts feature a secure wraparound fit and industrial-grade soles for maximum job site confidence.",SurPro,,https://drywalltoolbox.com/wp-content/uploads/2026/media/surpro_s1_a_1624_01.webp,,,,,,,,,,in,6.875,,"Aluminum, drywall stilts, Professional Drywall Tools, Single, SurPro",,"{""Height Range"": ""16\""-24\""""}",,100,100,
S1-A-2030,SurPro S1 Aluminum Drywall Stilts,"20""-30""",331.0,,"SurPro S1 Aluminum Drywall Stilts - 20""-30"" provide a lightweight, mid-range height solution with a no-twist design for maximum stability. These professional stilts feature Super Grip soles and adjustable heights, making them ideal for standard ceiling finishing and painting.",SurPro,,https://drywalltoolbox.com/wp-content/uploads/2026/media/surpro_s1_a_2030_01.webp,,,,,,,,,,in,6.875,,"Aluminum, drywall stilts, Professional Drywall Tools, Single, SurPro",,"{""Height Range"": ""20\""-30\""""}",,100,100,
S1-A-2640,SurPro S1 Aluminum Drywall Stilts,"26""-40""",340.0,,"SurPro S1 Aluminum Drywall Stilts - 26""-40"" offer maximum reach and stability with a lightweight, single-pole design perfect for high-ceiling professional finishing. These durable aluminum stilts feature industrial-grade soles and wraparound bands for all-day comfort and safety.",SurPro,,https://drywalltoolbox.com/wp-content/uploads/2026/media/surpro_s1_a_2640_01.webp,,,,,,,,,,in,6.875,,"Aluminum, drywall stilts, Professional Drywall Tools, Single, SurPro",,"{""Height Range"": ""26\""-40\""""}",,100,100,
S1-M-1624,SurPro S1 Magnesium Drywall Stilts,"16""-24""",368.0,,"SurPro S1 Magnesium Drywall Stilts - 16""-24"" combine an ultra-lightweight magnesium frame with a secure single-pole design for maximum agility and reduced fatigue. These professional-grade stilts feature Super Grip soles and wraparound bands to ensure stability and comfort on every job.",SurPro,,https://drywalltoolbox.com/wp-content/uploads/2026/media/surpro_s1_m_1624_01.webp,,,,,,,,,,in,6.875,,"drywall stilts, Magnesium, Professional Drywall Tools, Single, SurPro",,"{""Height Range"": ""16\""-24\""""}",,100,100,
S1-M-2030,SurPro S1 Magnesium Drywall Stilts,"20""-30""",376.5,,"SurPro S1 Magnesium Drywall Stilts - 20""-30"" offer an ultra-lightweight, mid-range solution for pros seeking maximum maneuverability and reduced leg strain. The magnesium frame and single-pole design provide a stable, natural feel for all-day comfort.",SurPro,,https://drywalltoolbox.com/wp-content/uploads/2026/media/surpro_s1_m_2030_01.webp,,,,,,,,,,in,6.875,,"drywall stilts, Magnesium, Professional Drywall Tools, Single, SurPro",,"{""Height Range"": ""20\""-30\""""}",,100,100,
S1-M-2640,SurPro S1 Magnesium Drywall Stilts,"26""-40""",385.0,,"SurPro S1 Magnesium Drywall Stilts - 26""-40"" offer an ultra-lightweight magnesium frame designed to minimize fatigue during high-reach professional finishing tasks. These single-pole stilts feature wraparound leg bands and Super Grip soles for maximum stability and comfort on every step.",SurPro,,https://drywalltoolbox.com/wp-content/uploads/2026/media/surpro_s1_m_2640_01.webp,,,,,,,,,,in,6.875,,"drywall stilts, Magnesium, Professional Drywall Tools, Single, SurPro",,"{""Height Range"": ""26\""-40\""""}",,100,100,
S1X-A-2131,SurPro S1X Aluminum Drywall Stilts,"21""-31""",407.0,,"SurPro S1X Aluminum Drywall Stilts - 21""-31"" combine a lightweight single-pole design with the natural movement of the Flexion Foot System for professional agility. These adjustable aluminum stilts provide a secure, comfortable platform for all-day interior finishing work.",SurPro,,https://drywalltoolbox.com/wp-content/uploads/2026/media/surpro_s1x_a_2131_01.webp,,,,,,,,,,in,6.875,,"Aluminum, drywall stilts, Professional Drywall Tools, Single, SurPro",,"{""Height Range"": ""21\""-31\""""}",,100,100,
S1X-A-2640,SurPro S1X Aluminum Drywall Stilts,"26""-40""",407.0,,"SurPro S1X Aluminum Drywall Stilts - 26""-40"" provide the perfect balance of extended reach and lightweight maneuverability for high-ceiling professional projects. These stilts feature the innovative Flexion Foot System and a single-pole design for natural movement and rock-solid stability.",SurPro,,https://drywalltoolbox.com/wp-content/uploads/2026/media/surpro_s1x_a_2640_01.webp,,,,,,,,,,in,6.875,,"Aluminum, drywall stilts, Professional Drywall Tools, Single, SurPro",,"{""Height Range"": ""26\""-40\""""}",,100,100,
S1X-M-2131,SurPro S1X Magnesium Drywall Stilts,"21""-31""",430.0,,"SurPro S1X Magnesium Drywall Stilts - 21""-31"" provide an ultra-lightweight, professional solution for residential and standard commercial projects. These stilts feature the Flexion Foot System and a slim single-pole design to ensure maximum comfort and natural mobility.",SurPro,,https://drywalltoolbox.com/wp-content/uploads/2026/media/surpro_s1x_m_2131_01.webp,,,,,,,,,,in,6.875,,"drywall stilts, Magnesium, Professional Drywall Tools, Single, SurPro",,"{""Height Range"": ""21\""-31\""""}",,100,100,
S1X-M-2640,SurPro S1X Magnesium Drywall Stilts,"26""-40""",441.0,,"SurPro S1X Magnesium Drywall Stilts - 26""-40"" offer the perfect balance of high-reach capability and ultra-lightweight performance for professional finishers. The integrated Flexion Foot System ensures a natural gait and superior stability even at maximum extension.",SurPro,,https://drywalltoolbox.com/wp-content/uploads/2026/media/surpro_s1x_m_2640_01.webp,,,,,,,,,,in,6.875,,"drywall stilts, Magnesium, Professional Drywall Tools, Single, SurPro",,"{""Height Range"": ""26\""-40\""""}",,100,100,
S2-A-1624,SurPro S2 Aluminum Drywall Stilts,"16""-24""",356.0,,"SurPro S2 Aluminum Drywall Stilts - 16""-24"" offer a stable, low-profile lift for professionals who demand precision and balance in standard-height workspaces. These rugged aluminum stilts feature a double-pole design and the Interlock Safety System for maximum confidence on the job.",SurPro,,https://drywalltoolbox.com/wp-content/uploads/2026/media/surpro_s2_a_1624_01.webp,,,,,,,,,,in,6.875,,"Aluminum, Double, drywall stilts, Professional Drywall Tools, SurPro",,"{""Height Range"": ""16\""-24\""""}",,100,100,
S2-A-2030,SurPro S2 Aluminum Drywall Stilts,"20""-30""",365.0,,"SurPro S2 Aluminum Drywall Stilts - 20""-30"" offer a versatile mid-range height and a stable double-pole design for professionals who demand balance and safety. These lightweight aluminum stilts feature the Interlock Safety System to ensure a secure, natural stride on any jobsite.",SurPro,,https://drywalltoolbox.com/wp-content/uploads/2026/media/surpro_s2_a_2030_01.webp,,,,,,,,,,in,6.875,,"Aluminum, Double, drywall stilts, Professional Drywall Tools, SurPro",,"{""Height Range"": ""20\""-30\""""}",,100,100,
S2-A-2640,SurPro S2 Aluminum Drywall Stilts,"26""-40""",374.0,,"SurPro S2 Aluminum Drywall Stilts - 26""-40"" provide the extended reach and double-pole stability required for demanding commercial finishing tasks. These rugged aluminum stilts feature an advanced Interlock safety system to ensure a secure, balanced platform at any height.",SurPro,,https://drywalltoolbox.com/wp-content/uploads/2026/media/surpro_s2_a_2640_01.webp,,,,,,,,,,in,6.875,,"Aluminum, Double, drywall stilts, Professional Drywall Tools, SurPro",,"{""Height Range"": ""26\""-40\""""}",,100,100,
S2-M-1624,SurPro S2 Magnesium Drywall Stilts,"16""-24""",395.0,,"SurPro S2 Magnesium Drywall Stilts - 16""-24"" offer an ultra-lightweight, double-pole design for maximum stability and comfort on standard-height projects. These professional-grade stilts support up to 225 lbs and feature tool-free adjustments for quick height changes.",SurPro,,https://drywalltoolbox.com/wp-content/uploads/2026/media/surpro_s2_m_1624_01.webp,,,,,,,,,,in,6.875,,"Double, drywall stilts, Magnesium, Professional Drywall Tools, SurPro",,"{""Height Range"": ""16\""-24\""""}",,100,100,
S2-M-2030,SurPro S2 Magnesium Drywall Stilts,"20""-30""",403.5,,"SurPro S2 Magnesium Drywall Stilts - 20""-30"" provide an ultra-lightweight, stable platform for medium-height tasks with a 225 lb capacity. These professional-grade stilts feature a double-pole design and tool-free adjustments to keep you moving efficiently.",SurPro,,https://drywalltoolbox.com/wp-content/uploads/2026/media/surpro_s2_m_2030_01.webp,,,,,,,,,,in,6.875,,"Double, drywall stilts, Magnesium, Professional Drywall Tools, SurPro",,"{""Height Range"": ""20\""-30\""""}",,100,100,
S2-M-2640,SurPro S2 Magnesium Drywall Stilts,"26""-40""",412.0,,"SurPro S2 Magnesium Drywall Stilts - 26""-40"" provide an ultra-lightweight, high-reach solution for commercial pros, featuring a stable double-pole design and 225 lb capacity.",SurPro,,https://drywalltoolbox.com/wp-content/uploads/2026/media/surpro_s2_m_2640_01.webp,,,,,,,,,,in,6.875,,"Double, drywall stilts, Magnesium, Professional Drywall Tools, SurPro",,"{""Height Range"": ""26\""-40\""""}",,100,100,
PT-MNBH,Platinum Mini Box Handle,,62.0,,The Platinum Mini Box Handle is a 13-inch powerhouse designed for precision finishing in tight closets and narrow corridors where standard handles cannot reach.,Platinum Drywall Tools,,https://drywalltoolbox.com/wp-content/uploads/2026/media/platinum_pt_mnbh_01.webp,,,,,,,,,,in,6.875,,"Handles & Extensions, Mini Box Handle, Platinum Drywall Tools, PT-MNBH",,{},,100,100,
PT-AICA,Platinum 4 Wheel Inside Angle / Corner Applicator,,89.0,,"The Platinum 4 Wheel Inside Angle / Corner Applicator provides a stable, four-wheel glide for perfectly even compound application on internal corners. It is a rugged, professional-grade tool designed to save time and ensure a flawless finish on every job.",Platinum Drywall Tools,,https://drywalltoolbox.com/wp-content/uploads/2026/media/platinum_pt_aica_01.webp,,,,,,,,,,in,6.875,,"4 Wheel Inside Angle / Corner Applicator, Corner Tools, Platinum Drywall Tools, PT-AICA",,{},,100,100,
PT-TP,Platinum Semi Automatic Drywall Taper,,145.0,,"The Platinum Semi Automatic Drywall Taper speeds up your taping workflow by applying a consistent coat of mud directly to the tape as it is pulled. It is a reliable, budget-friendly way to achieve professional results without the complexity of a full automatic taper.",Platinum Drywall Tools,,https://drywalltoolbox.com/wp-content/uploads/2026/media/platinum_pt_tp_01.webp,,,,,,,,,,in,6.875,,"Platinum Drywall Tools, PT-TP, Semi Automatic Drywall Taper, Semi-Automatic Tapers",,{},,100,100,
PT-GN,Platinum Gooseneck,,59.0,,"This stainless steel pump attachment features protective rubber sleeves and a universal fit to ensure safe, efficient refilling of your automatic taper.",Platinum Drywall Tools,,https://drywalltoolbox.com/wp-content/uploads/2026/media/platinum_pt_gn_01.webp,,,,,,,,,,in,6.875,,"GN, gooseneck, Mud Pans & Pumps, Platinum Drywall Tools",,{},,100,100,
S2X-A-3852,SurPro S2X Aluminum Drywall Stilts,"38""-52""",486.0,,"SurPro S2X Aluminum Drywall Stilts - 38""-52"" provide the extreme reach and rock-solid stability needed for high-ceiling professional finishing. Featuring a natural-motion foot system and a reinforced double-pole design, these stilts ensure you stay balanced and comfortable at maximum extension.",SurPro,,https://drywalltoolbox.com/wp-content/uploads/2026/media/surpro_s2x_a_3852_01.webp,,,,,,,,,,in,6.875,,"Aluminum, Double, drywall stilts, Professional Drywall Tools, SurPro",,"{""Height Range"": ""38\""-52\""""}",,100,100,
S2X-A-2640,SurPro S2X Aluminum Drywall Stilts,"26""-40""",457.0,,"SurPro S2X Aluminum Drywall Stilts - 26""-40"" provide a stable, natural-walking experience with a reinforced double-pole frame and Flexion Foot System. These lightweight aluminum stilts offer the perfect height range for versatile professional finishing and installation tasks.",SurPro,,https://drywalltoolbox.com/wp-content/uploads/2026/media/surpro_s2x_a_2640_01.webp,,,,,,,,,,in,6.875,,"Aluminum, Double, drywall stilts, Professional Drywall Tools, SurPro",,"{""Height Range"": ""26\""-40\""""}",,100,100,
S2X-M-2131,SurPro S2X Magnesium Drywall Stilts,"21""-31""",479.0,,"SurPro S2X Magnesium Drywall Stilts - 21""-31"" provide a lightweight, ultra-stable platform for finishing standard residential and commercial ceilings with ease. These stilts feature the Flexion foot system and dual-pole support to ensure a natural walking motion and maximum safety.",SurPro,,https://drywalltoolbox.com/wp-content/uploads/2026/media/surpro_s2x_m_2131_01.webp,,,,,,,,,,in,6.875,,"Double, drywall stilts, Magnesium, Professional Drywall Tools, SurPro",,"{""Height Range"": ""21\""-31\""""}",,100,100,
S2X-M-2640,SurPro S2X Magnesium Drywall Stilts,"26""-40""",490.0,,"SurPro S2X Magnesium Drywall Stilts - 26""-40"" offer the perfect blend of lightweight magnesium construction and extended height for demanding commercial projects. These dual-pole stilts feature the Flexion foot system to ensure stability and natural movement at heights up to 40 inches.",SurPro,,https://drywalltoolbox.com/wp-content/uploads/2026/media/surpro_s2x_m_2640_01.webp,,,,,,,,,,in,6.875,,"Double, drywall stilts, Magnesium, Professional Drywall Tools, SurPro",,"{""Height Range"": ""26\""-40\""""}",,100,100,
16TT,TapeTech Applicator Head,Outside Corner,85.0,,"The TapeTech Applicator Head - Outside Corner delivers a perfectly uniform base coat of joint compound for 90-degree corner bead installation. Precision-machined for durability, it integrates with your pump system to ensure consistent results and faster finishing.",TapeTech,873876000395,https://drywalltoolbox.com/wp-content/uploads/2026/media/tapetech_16tt_01.webp,,272.2,,,,,4.5,6.5,4.5,in,6.875,,"Drywall Finishing Tools, TapeTech",,"{""Corner Type"": ""Outside Corner""}",,100,100,
16TT90,TapeTech Applicator Head,Inside Corner,85.0,,"The TapeTech Applicator Head - Inside Corner provides a precise, uniform base coat of compound for internal 90-degree angles. This durable aluminum tool integrates with your pump system to ensure consistent coverage and faster corner finishing.",TapeTech,873876000401,https://drywalltoolbox.com/wp-content/uploads/2026/media/tapetech_16tt90_01.webp,,249.5,,,,,4.5,6.5,4.5,in,6.875,,"Drywall Finishing Tools, TapeTech",,"{""Corner Type"": ""Inside Corner""}",,100,100,
BHE-SW,TapeTech Brakeless Box Handle,"Rotational Extendable 34""-60""",329.0,,"The TapeTech SideWinder Brakeless Handle combines a rotational head with a 34""-60"" extendable reach for effortless control on high joints. Its brakeless design provides the direct, tactile feedback professionals need for a flawless finish.",TapeTech,873876000890,https://drywalltoolbox.com/wp-content/uploads/2026/media/tapetech_bhesw_02.webp,,2903.0,,,,,4.5,46,4.5,in,6.875,,"Drywall Finishing Tools, TapeTech",,"{""Model"": ""Rotational Extendable 34\""-60\""""}",,100,100,
BH,TapeTech Brakeless Box Handle,"Fixed 34""",149.0,,"The TapeTech Brakeless Box Handle - Fixed 34"" delivers tactile, unmediated control for finishers who prefer a direct connection to their flat box. Its rigid 34-inch aluminum frame is perfectly balanced for standard wall heights and consistent pressure.",TapeTech,873876000906,https://drywalltoolbox.com/wp-content/uploads/2026/media/tapetech_bh_02.webp,,2313.3,,,,,4.5,44,4.5,in,6.875,,"Drywall Finishing Tools, TapeTech",,"{""Model"": ""Fixed 34\""""}",,100,100,
BHE,TapeTech Brakeless Box Handle,"Extendable 34""-60""",299.0,,"The TapeTech Brakeless Box Handle - Extendable 34""-60"" delivers tactile, unmediated control and versatile reach for professional drywall finishers. Its rigid telescoping aluminum frame ensures consistent pressure and fluid movement across walls and ceilings.",TapeTech,873876000883,https://drywalltoolbox.com/wp-content/uploads/2026/media/tapetech_bhe_02.webp,,2812.3,,,,,4.5,46,4.5,in,6.875,,"Drywall Finishing Tools, TapeTech",,"{""Model"": ""Extendable 34\""-60\""""}",,100,100,
TTPFB,TapeTech Paper Faced Bead Pro Set,,1949.0,,"The TapeTech Paper Faced Bead Pro Set is a complete professional kit featuring the effortless MudRunner applicator for fast, precise corner bead installation. This all-in-one system includes internal and external mud heads, a loading pump, and an extendable handle for maximum efficiency.",TapeTech,,https://drywalltoolbox.com/wp-content/uploads/2026/media/tapetech_ttpfb_01.webp,,14515.0,,,,,12,44,8,in,6.875,,"Drywall Finishing Tools, TapeTech",,{},,100,100,
TTBTS,TapeTech Basic Taping Set,,2829.0,,The TapeTech Basic Taping Set is a professional-grade kit designed to streamline the taping and first-coat finishing process for drywall corners and joints. It includes essential tools like the EZ Clean Automatic Taper and a high-capacity loading pump to maximize your job site efficiency.,TapeTech,,https://drywalltoolbox.com/wp-content/uploads/2026/media/tapetech_ttbts_01.webp,,12700.6,,,,,20,56,8,in,6.875,,"Drywall Finishing Tools, TapeTech",,{},,100,100,
TTPPS-EF,TapeTech Pro Performance Easy Finish Set,,7295.0,,"The TapeTech Pro Performance Easy Finish Set is the ultimate professional arsenal, featuring PowerAssist technology and extendable handles for maximum speed and reduced fatigue. This comprehensive kit provides every tool needed to tape and finish drywall with elite precision and efficiency.",TapeTech,,https://drywalltoolbox.com/wp-content/uploads/2026/media/tapetech_ttppsef_01.webp,,31751.5,,,,,21,54,16,in,6.875,,"Drywall Finishing Tools, TapeTech",,{},,100,100,
TTSFS-2,TapeTech Standard Full Set - With 2 Pumps,,5357.0,,"The TapeTech Standard Full Set with 2 Pumps is the ultimate professional drywall kit, featuring a complete lineup of automatic tools and dual loading pumps for maximum job site productivity.",TapeTech,,https://drywalltoolbox.com/wp-content/uploads/2026/media/tapetech_ttsfs2_01.webp,,26966.1,,,,,,,,in,6.875,,"Drywall Finishing Tools, TapeTech",,{},,100,100,
TTCFS,TapeTech Corner Finishing Set,,1416.0,,"A professional-grade drywall kit featuring the industry-standard 3-inch corner finisher and 8-inch applicator for flawless inside corners. This comprehensive set includes everything needed to pump, fill, and finish with maximum efficiency.",TapeTech,,https://drywalltoolbox.com/wp-content/uploads/2026/media/tapetech_ttcfs_01.webp,,8278.1,,,,,12,50,8,in,6.875,,"Drywall Finishing Tools, TapeTech",,{},,100,100,
TTSFS,TapeTech Standard Full Set - Standard,,4958.0,,"The TapeTech Standard Full Set is a complete professional drywall kit featuring the EZ Clean™ taper, dual flat boxes, and two corner finisher sizes for flawless results. This pre-configured set includes everything needed to tape and finish walls, ceilings, and corners with maximum efficiency.",TapeTech,,https://drywalltoolbox.com/wp-content/uploads/2026/media/tapetech_ttsfs_01.webp,,21749.8,,,,,21,54,16,in,6.875,,"Drywall Finishing Tools, TapeTech",,{},,100,100,
TTPPS,TapeTech Pro Performance Set,,6625.0,,"The TapeTech Pro Performance Set is the ultimate professional kit, featuring dual pumps and nail spotters for maximum efficiency on the job site. This all-in-one solution streamlines your workflow from taping to the final finish.",TapeTech,,https://drywalltoolbox.com/wp-content/uploads/2026/media/tapetech_ttpps_01.webp,,24947.6,,,,,21,54,16,in,6.875,,"Drywall Finishing Tools, TapeTech",,{},,100,100,
TTPSS,TapeTech Professional Starter Set,,4559.0,,"This comprehensive drywall finishing kit includes everything needed to tape and finish walls and ceilings with professional speed. Featuring TapeTech's EasyClean technology and a 5-year warranty, it is the ultimate setup for high-production contractors.",TapeTech,,https://drywalltoolbox.com/wp-content/uploads/2026/media/tapetech_ttpss_01.webp,,22089.9,,,,,18,50,10,in,6.875,,"Drywall Finishing Tools, TapeTech",,{},,100,100,
TTBBS,TapeTech Basic Box Set,,1644.0,,The TapeTech Basic Box Set is the ultimate starter kit for drywall pros looking to boost speed and precision. This pre-packaged bundle includes everything you need to finish flats and butts with professional efficiency.,TapeTech,,https://drywalltoolbox.com/wp-content/uploads/2026/media/tapetech_ttbbs_01.webp,,12110.9,,,,,20,40,8,in,6.875,,"Drywall Finishing Tools, TapeTech",,{},,100,100,
TTCFS-M,TapeTech MudRunner Corner Finishing Set,,1928.0,,The TapeTech MudRunner Corner Finishing Set is a professional-grade kit designed to finish inside corners with maximum speed and significantly less physical effort.,TapeTech,,https://drywalltoolbox.com/wp-content/uploads/2026/media/tapetech_ttcfs_m_01.webp,,14628.4,,,,,,,,in,6.875,,"Drywall Finishing Tools, TapeTech",,{},,100,100,
CF25COMBO,TapeTech Combo Corner Flusher,"2.5""",179.0,,"The TapeTech Combo Corner Flusher - 2.5"" provides dual-mode functionality for seamless compound application and smoothing in internal corners. Its integrated creaser wheel allows you to bed and glaze tape in one efficient pass.",TapeTech,,https://drywalltoolbox.com/wp-content/uploads/2026/media/tapetech_cf25combo_01.webp,,226.8,,,,,4.25,6.25,4.5,in,6.875,,"Drywall Finishing Tools, TapeTech",,"{""Size"": ""2.5\""""}",,100,100,
CF30COMBO,TapeTech Combo Corner Flusher,"3""",184.0,,"The TapeTech Combo Corner Flusher - 3"" provides professional-grade precision for finishing internal drywall corners with a wide, smooth feathering edge. This versatile tool excels in both direct compound application and indirect smoothing to streamline your workflow.",TapeTech,,https://drywalltoolbox.com/wp-content/uploads/2026/media/tapetech_cf30combo_01.webp,,226.8,,,,,4.25,6.25,4.5,in,6.875,,"Drywall Finishing Tools, TapeTech",,"{""Size"": ""3\""""}",,100,100,
CF35COMBO,TapeTech Combo Corner Flusher,"3.5""",189.0,,"The TapeTech Combo Corner Flusher - 3.5"" provides a wide, professional-grade finish for internal corners with its dual-mode direct and indirect functionality. This versatile tool includes a creaser wheel to bed and glaze tape in one efficient motion.",TapeTech,,https://drywalltoolbox.com/wp-content/uploads/2026/media/tapetech_cf35combo_01.webp,,226.8,,,,,4.25,7.25,4.5,in,6.875,,"Drywall Finishing Tools, TapeTech",,"{""Size"": ""3.5\""""}",,100,100,
CF40COMBO,TapeTech Combo Corner Flusher,"4""",194.0,,"The TapeTech Combo Corner Flusher - 4"" provides maximum coverage for finishing internal corners with professional-grade speed and precision. Its dual-mode design and wide 4-inch profile ensure a flawless, feathered finish in every pass.",TapeTech,,https://drywalltoolbox.com/wp-content/uploads/2026/media/tapetech_cf40combo_01.webp,,272.2,,,,,4.25,7.25,4.5,in,6.875,,"Drywall Finishing Tools, TapeTech",,"{""Size"": ""4\""""}",,100,100,
CT24TT,TapeTech Compound Tube,"24""",189.0,,"The TapeTech Compound Tube - 24"" offers a lightweight and maneuverable design for delivering consistent joint compound to corner flushers in tight spaces. Its compact size reduces user fatigue while maintaining the professional flow control required for high-quality finishes.",TapeTech,873876002245,https://drywalltoolbox.com/wp-content/uploads/2026/media/tapetech_ct24tt_01.webp,,1088.6,,,,,4.25,32.25,4.25,in,6.875,,"Drywall Finishing Tools, TapeTech",,"{""Size"": ""24\""""}",,100,100,
CT36TT,TapeTech Compound Tube,"36""",199.0,,"The TapeTech Compound Tube - 36"" offers the perfect blend of reach and maneuverability for high-volume joint compound application. Its durable, easy-to-clean design ensures a consistent mud flow for professional corner finishing.",TapeTech,873876002252,https://drywalltoolbox.com/wp-content/uploads/2026/media/tapetech_ct36tt_01.webp,,1406.1,,,,,4.25,48.25,4.25,in,6.875,,"Drywall Finishing Tools, TapeTech",,"{""Size"": ""36\""""}",,100,100,
CT42TT,TapeTech Compound Tube,"42""",209.0,,"The TapeTech Compound Tube - 42"" provides maximum compound capacity and extended reach for high-efficiency corner finishing on large-scale drywall projects. Its durable, modular design ensures a consistent flow of material and easy cleanup after a long day on the job.",TapeTech,873876002269,https://drywalltoolbox.com/wp-content/uploads/2026/media/tapetech_ct42tt_01.webp,,1632.9,,,,,5.25,50.25,5.25,in,6.875,,"Drywall Finishing Tools, TapeTech",,"{""Size"": ""42\""""}",,100,100,
CA07TT,TapeTech Corner Applicator,"7""",315.0,,"The TapeTech Corner Applicator - 7"" is a high-performance stainless steel tool that delivers a uniform layer of compound for precise corner finishing. Its compact 7-inch design balances capacity and maneuverability for professional-grade results.",TapeTech,873876002788,https://drywalltoolbox.com/wp-content/uploads/2026/media/tapetech_ca07tt_01.webp,,1134.0,,,,,8,8,4,in,6.875,,"Drywall Finishing Tools, TapeTech",,"{""Size"": ""7\""""}",,100,100,
CA08TT,TapeTech Corner Applicator,"8""",330.0,,"The TapeTech Corner Applicator - 8"" is a high-capacity, stainless steel tool designed for rapid and uniform joint compound delivery on drywall corners.",TapeTech,873876002795,https://drywalltoolbox.com/wp-content/uploads/2026/media/tapetech_ca08tt_01.webp,,1270.1,,,,,9,9,4,in,6.875,,"Drywall Finishing Tools, TapeTech",,"{""Size"": ""8\""""}",,100,100,
CA07FHTT,TapeTech Corner Applicator with FHTT Fiberglass Handle,"7""",1.0,,"The TapeTech 7-inch Corner Applicator with FHTT Fiberglass Handle offers unmatched maneuverability and a secure, rotation-free connection for flawless corner finishing in tight spaces.",TapeTech,,https://drywalltoolbox.com/wp-content/uploads/2026/media/tapetech_ca07fhtt_01.webp,,2630.8,,,,,8,46,8,in,6.875,,"Drywall Finishing Tools, TapeTech",,"{""Size"": ""7\""""}",,100,100,
CA08FHTT,TapeTech Corner Applicator with FHTT Fiberglass Handle,"8""",1.0,,"The TapeTech Corner Applicator with FHTT Fiberglass Handle - 8"" offers a high-capacity, rotation-free solution for applying smooth, consistent joint compound beads to internal corners.",TapeTech,,https://drywalltoolbox.com/wp-content/uploads/2026/media/tapetech_ca08fhtt_01.webp,,2766.9,,,,,9,46,9,in,6.875,,"Drywall Finishing Tools, TapeTech",,"{""Size"": ""8\""""}",,100,100,
40XTT,TapeTech Corner Finisher,"2""",389.0,,"The TapeTech Corner Finisher - 2"" delivers a crisp, feathered finish on inside 90-degree corners in a single, efficient pass. Its compact aluminum design and spring-loaded blades ensure professional results during the initial taping phase.",TapeTech,,https://drywalltoolbox.com/wp-content/uploads/2026/media/tapetech_40xtt_01.webp,,317.5,,,,,4,6,4,in,6.875,,"Drywall Finishing Tools, TapeTech",,"{""Size / Model"": ""2\""""}",,100,100,
42TT,TapeTech Corner Finisher,"2.5""",399.0,,"The TapeTech Corner Finisher - 2.5"" delivers a flawless, feathered finish on inside 90-degree corners in a single pass. Its 2.5-inch width is perfectly optimized for second-coat applications and professional results.",TapeTech,873876002290,https://drywalltoolbox.com/wp-content/uploads/2026/media/tapetech_42tt_01.webp,,453.6,,,,,5,5,6,in,6.875,,"Drywall Finishing Tools, TapeTech",,"{""Size / Model"": ""2.5\""""}",,100,100,
48TT,TapeTech Corner Finisher,"3"" EasyRoll® Adjustable",429.0,,"The TapeTech Corner Finisher - 3"" EasyRoll® Adjustable glides effortlessly through inside corners to deliver a perfectly feathered finish in one pass. Its integrated wheel system and adjustable tension make it the ultimate tool for high-speed, professional drywall finishing.",TapeTech,873876000562,https://drywalltoolbox.com/wp-content/uploads/2026/media/tapetech_48tt_01.webp,,476.3,,,,,4,6,4,in,6.875,,"Drywall Finishing Tools, TapeTech",,"{""Size / Model"": ""3\"" EasyRoll® Adjustable""}",,100,100,
48XTT,TapeTech Corner Finisher,"3.5"" EasyRoll® Adjustable",439.0,,"The TapeTech Corner Finisher - 3.5"" EasyRoll® Adjustable creates a wide, perfectly feathered finish on inside 90-degree corners in one pass. Its adjustable tension and smooth-rolling wheels make it the ultimate tool for high-efficiency final skim coats.",TapeTech,873876000579,https://drywalltoolbox.com/wp-content/uploads/2026/media/tapetech_48xtt_01.webp,,521.6,,,,,4,6,5,in,6.875,,"Drywall Finishing Tools, TapeTech",,"{""Size / Model"": ""3.5\"" EasyRoll® Adjustable""}",,100,100,
15TTE,TapeTech Corner Roller,Inside Corner,189.0,,"The TapeTech Corner Roller - Inside Corner uses spring-loaded pressure to perfectly embed tape into 90-degree joints. This durable aluminum tool eliminates air pockets and ensures a professional, bubble-free bond.",TapeTech,873876000388,https://drywalltoolbox.com/wp-content/uploads/2026/media/tapetech_15tte_01.webp,,861.8,,,,,4,8,4,in,6.875,,"Drywall Finishing Tools, TapeTech",,"{""Model"": ""Inside Corner""}",,100,100,
17TT,TapeTech Corner Roller,Outside Corner,170.0,,"The TapeTech Corner Roller - Outside Corner applies uniform, spring-loaded pressure to perfectly seat paper-faced beads on 90-degree external joints. This durable aluminum tool ensures a bubble-free bond, creating a flawless foundation for professional finishing.",TapeTech,873876000418,https://drywalltoolbox.com/wp-content/uploads/2026/media/tapetech_17tt_01.webp,,748.4,,,,,4.5,6.5,4.5,in,6.875,,"Drywall Finishing Tools, TapeTech",,"{""Model"": ""Outside Corner""}",,100,100,
17TTE,TapeTech Corner Roller,Flex Tape Outside Corner,179.0,,"The TapeTech Flex Tape Outside Corner Roller provides the precise, spring-loaded pressure needed to securely seat flexible paper-faced beads. This durable aluminum tool ensures a bubble-free, professional bond on every 90-degree outside corner.",TapeTech,873876000425,https://drywalltoolbox.com/wp-content/uploads/2026/media/tapetech_17tte_01.webp,,748.4,,,,,4.5,6.5,4.5,in,6.875,,"Drywall Finishing Tools, TapeTech",,"{""Model"": ""Flex Tape Outside Corner""}",,100,100,
CH55TT,TapeTech Cove Applicator Head,55 mm,99.0,,"The TapeTech Cove Applicator Head - 55 mm delivers pump-driven precision to 55 mm curved beads, replacing slow manual work with a uniform, professional finish. It is the essential tool for high-speed finishing of specialty architectural trim.",TapeTech,873876002740,https://drywalltoolbox.com/wp-content/uploads/2026/media/tapetech_ch55tt_01.webp,,272.2,,,,,4.25,6,4.5,in,6.875,,"Drywall Finishing Tools, TapeTech",,"{""Size"": ""55 mm""}",,100,100,
CH75TT,TapeTech Cove Applicator Head,75 mm,99.0,,"The TapeTech Cove Applicator Head - 75 mm provides a perfectly matched mechanical finish for 75 mm curved corner beads, replacing manual effort with pump-driven consistency.",TapeTech,873876002757,https://drywalltoolbox.com/wp-content/uploads/2026/media/tapetech_ch75tt_01.webp,,317.5,,,,,4.25,6,4.5,in,6.875,,"Drywall Finishing Tools, TapeTech",,"{""Size"": ""75 mm""}",,100,100,
CH83TT,TapeTech Cove Applicator Head,83 mm,99.0,,"The TapeTech Cove Applicator Head - 83 mm provides a fast, mechanical solution for finishing 83 mm curved cove beads with a perfectly uniform layer of compound. It integrates with your pump system to eliminate the slow, inconsistent results of manual finishing.",TapeTech,873876002764,https://drywalltoolbox.com/wp-content/uploads/2026/media/tapetech_ch83tt_01.webp,,340.2,,,,,4.25,6,4.5,in,6.875,,"Drywall Finishing Tools, TapeTech",,"{""Size"": ""83 mm""}",,100,100,
CH90TT,TapeTech Cove Applicator Head,90 mm,99.0,,"The TapeTech Cove Applicator Head - 90 mm delivers pump-driven precision to wider curved cove beads, replacing slow manual work with a uniform, professional finish.",TapeTech,873876002771,https://drywalltoolbox.com/wp-content/uploads/2026/media/tapetech_ch90tt_01.webp,,362.9,,,,,4.25,6,4.5,in,6.875,,"Drywall Finishing Tools, TapeTech",,"{""Size"": ""90 mm""}",,100,100,
CF25TT,TapeTech Direct Corner Flusher,"2.5""",114.0,,"The TapeTech Direct Corner Flusher - 2.5"" provides professional-grade precision for glazing internal corners with a durable stainless steel design. This versatile tool integrates with your existing angle boxes and Mudrunners for a flawless finish.",TapeTech,873876002207,https://drywalltoolbox.com/wp-content/uploads/2026/media/tapetech_cf25tt_01.webp,,226.8,,,,,4.25,6.25,4.5,in,6.875,,"Drywall Finishing Tools, TapeTech",,"{""Size"": ""2.5\""""}",,100,100,
CF30TT,TapeTech Direct Corner Flusher,"3""",119.0,,"The TapeTech Direct Corner Flusher - 3"" offers professional-grade precision for finishing internal drywall corners with a durable, dual-function stainless steel design. It integrates with standard angle boxes and Mudrunners for a high-quality, feathered finish.",TapeTech,873876002214,https://drywalltoolbox.com/wp-content/uploads/2026/media/tapetech_cf30tt_01.webp,,226.8,,,,,4.25,6.25,4.5,in,6.875,,"Drywall Finishing Tools, TapeTech",,"{""Size"": ""3\""""}",,100,100,
CF35TT,TapeTech Direct Corner Flusher,"3.5""",125.0,,"The TapeTech Direct Corner Flusher - 3.5"" provides a wide, professional finish for internal corners, functioning as both a direct applicator and a finishing tool. Its stainless steel build and 3.5-inch width ensure smooth, feathered edges with minimal effort.",TapeTech,873876002221,https://drywalltoolbox.com/wp-content/uploads/2026/media/tapetech_cf35tt_01.webp,,226.8,,,,,4.25,7.25,4.5,in,6.875,,"Drywall Finishing Tools, TapeTech",,"{""Size"": ""3.5\""""}",,100,100,
CF40TT,TapeTech Direct Corner Flusher,"4""",129.0,,"The TapeTech Direct Corner Flusher - 4"" provides a wide, professional-grade finish for internal drywall corners. Its 4-inch span is perfect for final glazing passes, ensuring a perfectly feathered edge with every stroke.",TapeTech,873876002238,https://drywalltoolbox.com/wp-content/uploads/2026/media/tapetech_cf40tt_01.webp,,272.2,,,,,4.25,7.25,4.5,in,6.875,,"Drywall Finishing Tools, TapeTech",,"{""Size"": ""4\""""}",,100,100,
03TT,TapeTech EasyClean® Automatic Taper,"Mini-Taper 40.5""",1775.0,,"The TapeTech Mini-Taper 40.5"" provides the speed of an automatic taper in a compact size perfect for tight spaces. Its EasyClean® design ensures maintenance is fast and simple after every shift.",TapeTech,,https://drywalltoolbox.com/wp-content/uploads/2026/media/tapetech_03tt_02.webp,,3175.1,,,,,7,41,7,in,6.875,,"Drywall Finishing Tools, TapeTech",,"{""Model"": ""Mini-Taper 40.5\""""}",,100,100,
07TT,TapeTech EasyClean® Automatic Taper,Standard,1599.0,,"The TapeTech EasyClean® Automatic Taper - Standard applies tape and compound in one pass to maximize your productivity on the job site. Its patented quick-clean design makes maintenance simple, ensuring your tool stays in peak condition with minimal effort.",TapeTech,873876002146,https://drywalltoolbox.com/wp-content/uploads/2026/media/tapetech_07tt_04.webp,,4195.7,,,,,7,55,7,in,6.875,,"Drywall Finishing Tools, TapeTech",,"{""Model"": ""Standard""}",,100,100,
07TT-C,TapeTech EasyClean® Automatic Taper,Carbon Fiber,1780.0,,"The TapeTech EasyClean® Automatic Taper - Carbon Fiber combines a lightweight, fatigue-reducing design with high-speed performance for professional drywall finishing. Its carbon fiber body and quick-clean mechanism ensure maximum efficiency and long-term durability on the job.",TapeTech,,https://drywalltoolbox.com/wp-content/uploads/2026/media/tapetech_07ttc_01.webp,,3583.4,,,,,7,55,7,in,6.875,,"Drywall Finishing Tools, TapeTech",,"{""Model"": ""Carbon Fiber""}",,100,100,
EZ07TT,TapeTech EasyClean® Finishing Box,"7""",379.0,,"The TapeTech 7"" EasyClean Finishing Box provides the perfect first coat with precise compound control and an innovative easy-to-clean design. Its compact width and pivoting axle ensure a smooth, professional finish on every joint.",TapeTech,873876002603,https://drywalltoolbox.com/wp-content/uploads/2026/media/tapetech_ez07tt_01.webp,,1247.4,,,,,6,10,4,in,6.875,,"Drywall Finishing Tools, TapeTech",,"{""Size"": ""7\""""}",,100,100,
EZ10TT,TapeTech EasyClean® Finishing Box,"10""",389.0,,"The TapeTech EasyClean 10"" Finishing Box delivers a perfect second coat with its adjustable crown control and effortless cleanup design. It is the professional choice for achieving consistent, feathered edges on drywall joints with speed and precision.",TapeTech,873876002610,https://drywalltoolbox.com/wp-content/uploads/2026/media/tapetech_ez10tt_01.webp,,1496.9,,,,,6,12,4,in,6.875,,"Drywall Finishing Tools, TapeTech",,"{""Size"": ""10\""""}",,100,100,
EZ12TT,TapeTech EasyClean® Finishing Box,"12""",399.0,,"The TapeTech EasyClean Finishing Box - 12"" provides a professional-grade final coat with its wide-profile design and precision crown control. Its innovative EasyClean plate makes maintenance fast and simple after a long day of finishing.",TapeTech,873876002627,https://drywalltoolbox.com/wp-content/uploads/2026/media/tapetech_ez12tt_01.webp,,1746.3,,,,,6,14,4,in,6.875,,"Drywall Finishing Tools, TapeTech",,"{""Size"": ""12\""""}",,100,100,
EZ15TT,TapeTech EasyClean® Finishing Box,"15""",429.0,,"The TapeTech EasyClean 15"" Finishing Box covers massive surface area with professional precision, making it the perfect tool for high-efficiency final coats. Its wide-profile design and adjustable crown dial ensure your joints are feathered to perfection with minimal effort.",TapeTech,,https://drywalltoolbox.com/wp-content/uploads/2026/media/tapetech_ez15tt_01.webp,,1995.8,,,,,6,17,4,in,6.875,,"Drywall Finishing Tools, TapeTech",,"{""Size"": ""15\""""}",,100,100,
NS02FHTT,TapeTech EasyClean® Nail Spotter with Fiberglass Handle,"2""",337.0,,"The TapeTech EasyClean® 2"" Nail Spotter with Fiberglass Handle delivers precise fastener finishing and a 43-inch reach for effortless ceiling work. This durable stainless steel tool ensures a smooth, flush finish while significantly reducing cleanup time.",TapeTech,,https://drywalltoolbox.com/wp-content/uploads/2026/media/tapetech_ns02fhtt_01.webp,,1134.0,,,,,4,37,4,in,6.875,,"Drywall Finishing Tools, TapeTech",,"{""Size"": ""2\""""}",,100,100,
NS03FHTT,TapeTech EasyClean® Nail Spotter with Fiberglass Handle,"3""",348.0,,"TapeTech EasyClean® Nail Spotter with Fiberglass Handle - 3"" offers wider coverage for fastener finishing, combining a durable stainless steel body with a 43-inch reach for efficient ceiling work.",TapeTech,,https://drywalltoolbox.com/wp-content/uploads/2026/media/tapetech_ns03fhtt_01.webp,,1360.8,,,,,4,37,4,in,6.875,,"Drywall Finishing Tools, TapeTech",,"{""Size"": ""3\""""}",,100,100,
76TT,TapeTech EasyClean® Pump,Standard,399.0,,The TapeTech EasyClean® Pump - Standard offers reliable compound delivery with a tool-free design that makes cleaning and field maintenance incredibly fast.,TapeTech,873876002108,https://drywalltoolbox.com/wp-content/uploads/2026/media/tapetech_76tt_01.webp,,4354.5,,,,,7.5,23.5,6.5,in,6.875,,"Drywall Finishing Tools, TapeTech",,"{""Model"": ""Standard""}",,100,100,
76TT-CA,TapeTech EasyClean® Pump,Canada,409.0,,The TapeTech EasyClean® Pump - Canada provides reliable compound delivery with a tool-free design for fast cleaning and maximum uptime on the job.,TapeTech,873876002832,https://drywalltoolbox.com/wp-content/uploads/2026/media/tapetech_76ttca_01.webp,,4354.5,,,,,7.5,23.5,6.5,in,6.875,,"Drywall Finishing Tools, TapeTech",,"{""Model"": ""Canada""}",,100,100,
76XLTT,TapeTech EasyClean® Pump,Extra Long,659.0,,The TapeTech EasyClean® Pump - Extra Long combines an extended reach for deeper buckets with a tool-free design for the fastest cleaning in the industry.,TapeTech,,https://drywalltoolbox.com/wp-content/uploads/2026/media/tapetech_76xltt_01.webp,,5216.3,,,,,7.5,30,6.5,in,6.875,,"Drywall Finishing Tools, TapeTech",,"{""Model"": ""Extra Long""}",,100,100,
8134TT,TapeTech EasyFinish™ Box Handle,"34""",259.0,,"The TapeTech EasyFinish™ Box Handle - 34"" provides the perfect balance of maneuverability and control for finishing standard walls and tight spaces with an ergonomic, fatigue-reducing design.",TapeTech,873876000692,https://drywalltoolbox.com/wp-content/uploads/2026/media/tapetech_8134tt_05.webp,,997.9,,,,,5.5,37,3,in,6.875,,"Drywall Finishing Tools, TapeTech",,"{""Length"": ""34\""""}",,100,100,
8142TT,TapeTech EasyFinish™ Box Handle,"42""",269.0,,"The TapeTech EasyFinish™ Box Handle - 42"" provides the perfect balance of reach and ergonomic comfort for effortless flat box operation on standard wall heights.",TapeTech,873876000685,https://drywalltoolbox.com/wp-content/uploads/2026/media/tapetech_8142tt_01.webp,,1134.0,,,,,5.5,44.5,3,in,6.875,,"Drywall Finishing Tools, TapeTech",,"{""Length"": ""42\""""}",,100,100,
8154TT,TapeTech EasyFinish™ Box Handle,"54""",279.0,,"The TapeTech EasyFinish™ Box Handle - 54"" offers the perfect balance of reach and ergonomic comfort for finishing standard ceilings and walls with less physical strain.",TapeTech,873876000678,https://drywalltoolbox.com/wp-content/uploads/2026/media/tapetech_8154tt_01.webp,,1270.1,,,,,5.5,56,3,in,6.875,,"Drywall Finishing Tools, TapeTech",,"{""Length"": ""54\""""}",,100,100,
8172TT,TapeTech EasyFinish™ Box Handle,"72""",289.0,,"The TapeTech EasyFinish™ Box Handle - 72"" offers the extended reach and ergonomic comfort needed for finishing high ceilings and tall walls with total precision.",TapeTech,873876000661,https://drywalltoolbox.com/wp-content/uploads/2026/media/tapetech_8172tt_01.webp,,1542.2,,,,,5.5,74,3,in,6.875,,"Drywall Finishing Tools, TapeTech",,"{""Length"": ""72\""""}",,100,100,
8034TT,TapeTech Flat Box Handle,"34""",229.0,,"The TapeTech Flat Box Handle - 34"" provides superior maneuverability and precise braking control for finishing drywall in tight spaces or on standard walls. Its rugged anodized aluminum construction ensures long-lasting performance and compatibility with all major flat box brands.",TapeTech,873876000623,https://drywalltoolbox.com/wp-content/uploads/2026/media/tapetech_8034tt_02.webp,,1043.3,,,,,5.75,37,3,in,6.875,,"Drywall Finishing Tools, TapeTech",,"{""Length"": ""34\""""}",,100,100,
8042TT,TapeTech Flat Box Handle,"42""",234.0,,"The TapeTech Flat Box Handle - 42"" delivers the perfect balance of reach and precision for standard wall finishing with its classic pin-and-plate braking system. Its lightweight anodized aluminum build ensures effortless control and long-term durability on any job site.",TapeTech,873876000630,https://drywalltoolbox.com/wp-content/uploads/2026/media/tapetech_8042tt_02.webp,,1134.0,,,,,5.75,44.5,3,in,6.875,,"Drywall Finishing Tools, TapeTech",,"{""Length"": ""42\""""}",,100,100,
8054TT,TapeTech Flat Box Handle,"54""",239.0,,"The TapeTech 54"" Flat Box Handle provides the perfect extended reach for walls and medium ceilings, featuring a rugged anodized aluminum build and a precise pin-and-plate braking system.",TapeTech,873876000647,https://drywalltoolbox.com/wp-content/uploads/2026/media/tapetech_8054tt_01.webp,,1315.4,,,,,5.75,56,3,in,6.875,,"Drywall Finishing Tools, TapeTech",,"{""Length"": ""54\""""}",,100,100,
8072TT,TapeTech Flat Box Handle,"72""",249.0,,"The TapeTech Flat Box Handle - 72"" provides the necessary reach for high-ceiling drywall finishing while maintaining the precise control of a classic pin and plate braking system.",TapeTech,873876000654,https://drywalltoolbox.com/wp-content/uploads/2026/media/tapetech_8072tt_02.webp,,1542.2,,,,,5.75,74,3,in,6.875,,"Drywall Finishing Tools, TapeTech",,"{""Length"": ""72\""""}",,100,100,
85T,TapeTech Gooseneck,Standard,105.0,,"TapeTech Gooseneck - Standard provides a high-flow, secure connection between your pump and automatic taper for fast and effortless refills. Its durable aluminum build ensures a leak-free performance that keeps your finishing project moving smoothly.",TapeTech,873876000715,https://drywalltoolbox.com/wp-content/uploads/2026/media/tapetech_85t_01.webp,,793.8,,,,,6,17.5,3,in,6.875,,"Drywall Finishing Tools, TapeTech",,"{""Model"": ""Standard""}",,100,100,
85XLTT,TapeTech Gooseneck,Extra Long,199.0,,"The TapeTech Gooseneck - Extra Long offers an extended reach and optimized flow for faster, more ergonomic automatic taper refills. Its precision-machined aluminum design ensures a secure, leak-free connection for demanding job sites.",TapeTech,,https://drywalltoolbox.com/wp-content/uploads/2026/media/tapetech_85xltt_02.webp,,997.9,,,,,6,25,3,in,6.875,,"Drywall Finishing Tools, TapeTech",,"{""Model"": ""Extra Long""}",,100,100,
EHC07,TapeTech MaxxBox® High Capacity Finishing Box,"7""",419.0,,"The TapeTech MaxxBox® 7"" Finishing Box offers an expanded reservoir for fewer refills and a precision blade for perfect base coats on flat drywall joints.",TapeTech,873876002115,https://drywalltoolbox.com/wp-content/uploads/2026/media/tapetech_ehc07_01.webp,,1814.4,,,,,8,9,6,in,6.875,,"Drywall Finishing Tools, TapeTech",,"{""Size"": ""7\""""}",,100,100,
EHC10,TapeTech MaxxBox® High Capacity Finishing Box,"10""",419.0,,"The TapeTech MaxxBox® High Capacity Finishing Box - 10"" maximizes your productivity by holding more mud for fewer refills on large flat joints. Its 10-inch width is perfect for achieving a smooth, professional second coat with minimal effort.",TapeTech,873876002122,https://drywalltoolbox.com/wp-content/uploads/2026/media/tapetech_ehc10_01.webp,,2041.2,,,,,8,12,6,in,6.875,,"Drywall Finishing Tools, TapeTech",,"{""Size"": ""10\""""}",,100,100,
EHC12,TapeTech MaxxBox® High Capacity Finishing Box,"12""",444.0,,"The TapeTech MaxxBox® High Capacity Finishing Box - 12"" holds more mud for fewer refills while delivering a perfect final skim coat on wide flat joints.",TapeTech,873876002139,https://drywalltoolbox.com/wp-content/uploads/2026/media/tapetech_ehc12_01.webp,,2268.0,,,,,8,14,6,in,6.875,,"Drywall Finishing Tools, TapeTech",,"{""Size"": ""12\""""}",,100,100,
NS02TT,TapeTech Nail Spotter,"2""",278.0,,"The TapeTech Nail Spotter - 2"" delivers fast, automated fastener coverage for drywall professionals looking to eliminate manual hand-spotting. Its compact 2-inch design ensures precise mud application on every nail and screw head from the safety of the floor.",TapeTech,873876002801,https://drywalltoolbox.com/wp-content/uploads/2026/media/tapetech_ns02tt_01.webp,,589.7,,,,,4,6,4,in,6.875,,"Drywall Finishing Tools, TapeTech",,"{""Size"": ""2\""""}",,100,100,
NS03TT,TapeTech Nail Spotter,"3""",289.0,,"The TapeTech Nail Spotter - 3"" delivers fast, automated coverage for drywall fasteners, allowing you to finish walls and ceilings from the floor with professional precision. This durable 3-inch tool maximizes efficiency by eliminating manual hand-spotting and ladder work on large-scale projects.",TapeTech,873876002818,https://drywalltoolbox.com/wp-content/uploads/2026/media/tapetech_ns03tt_01.webp,,816.5,,,,,4,6,4,in,6.875,,"Drywall Finishing Tools, TapeTech",,"{""Size"": ""3\""""}",,100,100,
PAHC07,TapeTech Power Assist® MaxxBox® Finishing Box,"7""",459.0,,"The TapeTech 7"" Power Assist MaxxBox automates compound delivery with a pressurized piston, making first-coat applications effortless and fast. Its high-capacity design ensures you spend more time finishing and less time refilling.",TapeTech,873876002306,https://drywalltoolbox.com/wp-content/uploads/2026/media/tapetech_pahc07_01.webp,,1905.1,,,,,8,9,6,in,6.875,,"Drywall Finishing Tools, TapeTech",,"{""Size"": ""7\""""}",,100,100,
PAHC10,TapeTech Power Assist® MaxxBox® Finishing Box,"10""",469.0,,"The TapeTech Power Assist MaxxBox 10"" Finishing Box uses a pressurized piston to eliminate the physical strain of manual finishing while providing high-capacity mud storage for faster second coats.",TapeTech,873876002313,https://drywalltoolbox.com/wp-content/uploads/2026/media/tapetech_pahc10_01.webp,,2177.2,,,,,8,12,6,in,6.875,,"Drywall Finishing Tools, TapeTech",,"{""Size"": ""10\""""}",,100,100,
PAHC12,TapeTech Power Assist® MaxxBox® Finishing Box,"12""",479.0,,"The TapeTech 12"" Power Assist MaxxBox automates mud delivery with a pressurized piston, making the final coat on wide joints effortless. Its high-capacity design and 12-inch width ensure maximum productivity with minimal physical fatigue.",TapeTech,873876002320,https://drywalltoolbox.com/wp-content/uploads/2026/media/tapetech_pahc12_01.webp,,2358.7,,,,,8,14,6,in,6.875,,"Drywall Finishing Tools, TapeTech",,"{""Size"": ""12\""""}",,100,100,
QB06-QSX,TapeTech QuickBox® QSX Finishing Box,"6.5""",149.0,,"The TapeTech QuickBox® QSX Finishing Box - 6.5"" is purpose-built for applying fast-setting compounds on narrow joints, featuring a rapid-disassembly design for easy cleaning. Its compact size and precision stainless steel blade ensure a professional finish in tight spaces.",TapeTech,873876002535,https://drywalltoolbox.com/wp-content/uploads/2026/media/tapetech_qb06qsx_01.webp,,884.5,,,,,6.5,9,8.5,in,6.875,,"Drywall Finishing Tools, TapeTech",,"{""Size"": ""6.5\""""}",,100,100,
QB08-QSX,TapeTech QuickBox® QSX Finishing Box,"8.5""",174.0,,"The TapeTech QuickBox® QSX Finishing Box - 8.5"" is purpose-built for fast-setting compounds, featuring a rapid-disassembly design for effortless cleaning. Its 8.5-inch width and stainless steel blade ensure a professional, smooth finish on every pass.",TapeTech,,https://drywalltoolbox.com/wp-content/uploads/2026/media/tapetech_qb08qsx_01.webp,,1156.7,,,,,7,12,9,in,6.875,,"Drywall Finishing Tools, TapeTech",,"{""Size"": ""8.5\""""}",,100,100,
FHTT,TapeTech Support Handle,Fiberglass,59.0,,The TapeTech Support Handle - Fiberglass provides the perfect ergonomic angle for corner finishing while reducing wrist fatigue. Its lightweight fiberglass build and quick-connect design ensure professional results with maximum comfort.,TapeTech,873876002726,https://drywalltoolbox.com/wp-content/uploads/2026/media/tapetech_fhtt_02.webp,,1496.9,,,,,2.25,45.5,2.25,in,6.875,,"Drywall Finishing Tools, TapeTech",,"{""Model"": ""Fiberglass""}",,100,100,
FHTT-CC,TapeTech Support Handle,Closet Crusher Fiberglass,50.0,,"The TapeTech Support Handle - Closet Crusher Fiberglass offers lightweight, ergonomic control for finishing corners in tight spaces. Its high-strength fiberglass construction ensures long-lasting durability while reducing wrist strain during high-volume production.",TapeTech,,https://drywalltoolbox.com/wp-content/uploads/2026/media/tapetech_fhttcc_04.webp,,997.9,,,,,2.25,30,2.25,in,6.875,,"Drywall Finishing Tools, TapeTech",,"{""Model"": ""Closet Crusher Fiberglass""}",,100,100,
XHTT,TapeTech Support Handle,Extension,179.0,,The TapeTech Support Handle - Extension provides the extra reach and ergonomic stability needed to maintain perfect tool angles during corner finishing. This durable extension reduces physical strain while ensuring consistent compound application.,TapeTech,873876002733,https://drywalltoolbox.com/wp-content/uploads/2026/media/tapetech_xhtt_02.webp,,1496.9,,,,,2.25,45.5,2.25,in,6.875,,"Drywall Finishing Tools, TapeTech",,"{""Model"": ""Extension""}",,100,100,
CAA-TT,TapeTech Support Handle Adapter,Corner Applicator,45.0,,"The TapeTech Support Handle Adapter for Corner Applicators ensures a rock-solid, precision-aligned connection for smooth and consistent corner finishing.",TapeTech,873876002696,https://drywalltoolbox.com/wp-content/uploads/2026/media/tapetech_caatt_01.webp,,317.5,,,,,4.25,6,4.5,in,6.875,,"Drywall Finishing Tools, TapeTech",,"{""Adapter Type"": ""Corner Applicator""}",,100,100,
CFA-TT,TapeTech Support Handle Adapter,Corner Finisher,49.0,,"This precision-machined aluminum adapter provides a rock-solid, wobble-free connection between TapeTech support handles and corner finishers for maximum control.",TapeTech,873876002719,https://drywalltoolbox.com/wp-content/uploads/2026/media/tapetech_cfatt_01.webp,,317.5,,,,,4.25,6,4.5,in,6.875,,"Drywall Finishing Tools, TapeTech",,"{""Adapter Type"": ""Corner Finisher""}",,100,100,
NSA-TT,TapeTech Support Handle Adapter,Nail Spotter,40.0,,"The TapeTech Support Handle Adapter - Nail Spotter delivers a rock-solid, precision-machined connection between your support handle and nail spotter for flawless fastener finishing.",TapeTech,873876002702,https://drywalltoolbox.com/wp-content/uploads/2026/media/tapetech_nsatt_01.webp,,317.5,,,,,4.25,6,4.5,in,6.875,,"Drywall Finishing Tools, TapeTech",,"{""Adapter Type"": ""Nail Spotter""}",,100,100,
8000TT,TapeTech Wizard® Compact Finishing Box Handle,Standard,109.0,,The TapeTech Wizard® Compact Finishing Box Handle - Standard provides exceptional agility and control for drywall finishing in tight spaces like closets and hallways. Its ergonomic design and lightweight aluminum build ensure a professional finish without the physical strain of longer handles.,TapeTech,873876002153,https://drywalltoolbox.com/wp-content/uploads/2026/media/tapetech_8000tt_01.webp,,589.7,,,,,8,10,6,in,6.875,,"Drywall Finishing Tools, TapeTech",,"{""Model"": ""Standard""}",,100,100,
8000TT-PA,TapeTech Wizard® Compact Finishing Box Handle,Power Assist,109.0,,The TapeTech Wizard Compact Finishing Box Handle - Power Assist delivers mechanical leverage and unparalleled agility in tight spaces. Its ergonomic design and power-assist mechanism ensure a professional finish with significantly less physical strain.,TapeTech,873876002160,https://drywalltoolbox.com/wp-content/uploads/2026/media/tapetech_8000ttpa_01.webp,,589.7,,,,,8,10,6,in,6.875,,"Drywall Finishing Tools, TapeTech",,"{""Model"": ""Power Assist""}",,100,100,
CA07XHTT,TapeTech Angle Box with Extendable XHTT Handle,"7""",494.0,,"The TapeTech Angle Box with Extendable XHTT Handle - 7"" offers a compact, agile solution for precision corner finishing. Its telescoping handle and anti-rotation lock provide unmatched control and reach for professional drywallers.",TapeTech,,https://drywalltoolbox.com/wp-content/uploads/2026/media/tapetech_ca07xhtt_01.webp,,2630.8,,,,,8,46,8,in,6.875,,"Drywall Finishing Tools, TapeTech",,"{""Size"": ""7\""""}",,100,100,
CA08TTXHTT,TapeTech Angle Box with Extendable XHTT Handle,"8""",509.0,,"The TapeTech 8"" Angle Box with XHTT Handle combines a high-capacity mud reservoir with a telescoping reach for efficient, high-volume corner finishing. Its anti-rotation locking system ensures total control and a smooth finish on every internal or external corner.",TapeTech,,https://drywalltoolbox.com/wp-content/uploads/2026/media/tapetech_ca08ttxhtt_01.webp,,2766.9,,,,,9,46,9,in,6.875,,"Drywall Finishing Tools, TapeTech",,"{""Size"": ""8\""""}",,100,100,
NS02WX1HDL,"TapeTech 2"" Nail Spotter with X1 Extension Handle",,1.0,,"The TapeTech 2"" Nail Spotter with X1 Extension Handle provides a fast, efficient way to cover fastener rows on walls and ceilings without the need for stilts. Its durable stainless steel build and telescoping reach ensure professional results with minimal effort.",TapeTech,,https://drywalltoolbox.com/wp-content/uploads/2026/media/tapetech_ns02wx1hdl_01.webp,,1496.9,,,,,4,38,4,in,6.875,,"Drywall Finishing Tools, TapeTech",,{},,100,100,
ATX01TT,TapeTech Automatic Taper Extension,,399.0,,"The TapeTech Automatic Taper Extension adds 30 inches of reach to your 07TT taper, enabling you to finish joints up to 11.8 feet high without ladders. This tool-free attachment maintains full control over tape advancement and creasing for professional results.",TapeTech,,https://drywalltoolbox.com/wp-content/uploads/2026/media/tapetech_atx01tt_03.webp,,680.4,,,,,4,20,4,in,6.875,,"Drywall Finishing Tools, TapeTech",,{},,100,100,
88TTE,TapeTech Box XTender Handle,,378.0,,"The TapeTech Box XTender Handle offers a versatile 41-63 inch reach and a reliable Brake Anywhere design for total control over your finishing boxes. It fits all major brands, providing a smooth, ergonomic grip that reduces fatigue on every job.",TapeTech,873876000739,https://drywalltoolbox.com/wp-content/uploads/2026/media/tapetech_88tte_02.webp,,1678.3,,,,,3,5.75,44,in,6.875,,"Drywall Finishing Tools, TapeTech",,{},,100,100,
CROLLHAN2,TapeTech Compound Roller Support Handle,,24.99,,"The TapeTech Compound Roller Support Handle offers a versatile 44 to 79-inch reach, eliminating the need for stilts during high-volume compound application. Its secure twist-lock design and lightweight frame provide professional finishers with the perfect balance of control and comfort.",TapeTech,,https://drywalltoolbox.com/wp-content/uploads/2026/media/tapetech_crollhan2_01.webp,,589.7,,,,,1.5,48,1.5,in,6.875,,"Drywall Finishing Tools, TapeTech",,{},,100,100,
15TTEWHANDLE,TapeTech Corner Roller with Handle,Standard Handle,1.0,,"The TapeTech Corner Roller with Standard Handle features a 43-inch fiberglass pole and non-stick stainless steel wheels for embedding tape in 10-foot corners. This durable, low-maintenance tool ensures crisp, professional inside angles with every pass.",TapeTech,,https://drywalltoolbox.com/wp-content/uploads/2026/media/tapetech_15ttewhandle_01.webp,,1406.1,,,,,4,49,4,in,6.875,,"Drywall Finishing Tools, TapeTech",,"{""Handle Type"": ""Standard Handle""}",,100,100,
15TTEXHTT,TapeTech Corner Roller with Handle,Extendable XHTT Handle,368.0,,The TapeTech Corner Roller with Extendable XHTT Handle reaches up to 12-foot ceilings to bed tape perfectly without ladders. Its non-stick stainless steel wheels ensure smooth operation.,TapeTech,,https://drywalltoolbox.com/wp-content/uploads/2026/media/tapetech_15ttexhtt_01.webp,,2358.7,,,,,4,46,4,in,6.875,,"Drywall Finishing Tools, TapeTech",,"{""Handle Type"": ""Extendable XHTT Handle""}",,100,100,
FHTTCAATT,TapeTech Fiberglass Handle with Adapter,Angle Box,115.0,,The TapeTech Fiberglass Handle with Adapter - Angle Box is a lightweight 43-inch tool featuring an anti-rotation D-fitting for maximum control and reduced fatigue during corner finishing.,TapeTech,,https://drywalltoolbox.com/wp-content/uploads/2026/media/tapetech_fhttcaatt_01.webp,,1814.4,,,,,4.25,46,4.5,in,6.875,,"Drywall Finishing Tools, TapeTech",,"{""Tool Application"": ""Angle Box""}",,100,100,
FHTTCFA,TapeTech Fiberglass Handle with Adapter,Angle Head,125.0,,"The TapeTech Fiberglass Handle with Adapter - Angle Head is a lightweight, 43-inch ergonomic tool designed for superior control and stability when finishing corner joints. Its specialized adapter and anti-rotation fitting ensure a precise, professional-grade finish with minimal fatigue.",TapeTech,,https://drywalltoolbox.com/wp-content/uploads/2026/media/tapetech_fhttcfa_01.webp,,1814.4,,,,,4.25,46,4.5,in,6.875,,"Drywall Finishing Tools, TapeTech",,"{""Tool Application"": ""Angle Head""}",,100,100,
FHTTNSA,TapeTech Fiberglass Handle with Adapter,Nail Spotter,120.0,,"The TapeTech Fiberglass Handle with Adapter - Nail Spotter is a lightweight, 43-inch ergonomic handle designed specifically for precise fastener coverage and reduced operator fatigue.",TapeTech,,https://drywalltoolbox.com/wp-content/uploads/2026/media/tapetech_fhttnsa_01.webp,,1814.4,,,,,4.25,46,4.5,in,6.875,,"Drywall Finishing Tools, TapeTech",,"{""Tool Application"": ""Nail Spotter""}",,100,100,
14TT,TapeTech MudRunner® Compound Applicator,Standard,900.0,,"The TapeTech MudRunner® Compound Applicator - Standard uses a pressurized piston system to deliver a consistent flow of mud to corners, reducing fatigue and boosting job site efficiency.",TapeTech,873876000371,https://drywalltoolbox.com/wp-content/uploads/2026/media/tapetech_14tt_01.webp,,3968.9,,,,,6.5,65,6.5,in,6.875,,"Drywall Finishing Tools, TapeTech",,"{""Model"": ""Standard""}",,100,100,
MR01TT,TapeTech MudRunner® Compound Applicator,Pro,1099.0,,The TapeTech MudRunner Pro features a 20% stronger piston and a clear reservoir for maximum visibility and power during high-volume corner finishing. This pressurized applicator reduces physical strain while delivering a perfectly consistent mud flow every time.,TapeTech,,https://drywalltoolbox.com/wp-content/uploads/2026/media/tapetech_mr01tt_02.webp,,3968.9,,,,,6.5,65,6.5,in,6.875,,"Drywall Finishing Tools, TapeTech",,"{""Model"": ""Pro""}",,100,100,
CTA01TT,TapeTech Compound Tube Filler Adapter,,19.99,,"The TapeTech Compound Tube Filler Adapter offers a lightweight, pump-free way to fill finishing boxes directly from the bucket using your compound tube. It is the perfect solution for high-mobility jobs where heavy equipment isn't practical.",TapeTech,,https://drywalltoolbox.com/wp-content/uploads/2026/media/tapetech_cta01tt_01.webp,,1360.8,,,,,6.7,5,34.25,in,6.875,,"Drywall Finishing Tools, TapeTech",,{},,100,100,
MRX01TT,TapeTech Extension,,179.0,,"The TapeTech Extension adds 12 inches of modular reach to your MudRunner Pro, doubling as the primary control lever for high-wall finishing.",TapeTech,,https://drywalltoolbox.com/wp-content/uploads/2026/media/tapetech_mrx01tt_01.webp,,680.4,,,,,4,20,4,in,6.875,,"Drywall Finishing Tools, TapeTech",,{},,100,100,
90T,TapeTech Filler Adapter,,79.0,,"This heavy-duty, single-piece cast adapter provides a seamless connection between your TapeTech pump and finishing tools for faster, cleaner refills. It eliminates weak points found in multi-part designs to ensure long-lasting performance on every job site.",TapeTech,873876000708,https://drywalltoolbox.com/wp-content/uploads/2026/media/tapetech_90t_01.webp,,340.2,,,,,4,6,4,in,6.875,,"Drywall Finishing Tools, TapeTech",,{},,100,100,
GSR-TT,TapeTech Gooseneck Riser,,13.99,,"The TapeTech Gooseneck Riser prevents hose kinks and pressure loss by optimizing the connection angle between your pump and taper. This durable aluminum adapter ensures a smooth, consistent flow of joint compound for high-speed drywall finishing.",TapeTech,873876002849,https://drywalltoolbox.com/wp-content/uploads/2026/media/tapetech_gsrtt_02.webp,,136.1,,,,,3,4,3,in,6.875,,"Drywall Finishing Tools, TapeTech",,{},,100,100,
804003F,TapeTech Grip Assembly For Box Handle,,73.91,,"Restore the comfort and control of your flat box handle with this genuine TapeTech replacement grip. It is a simple, cost-effective way to reduce hand fatigue and keep your finishing tools performing like new.",TapeTech,,https://drywalltoolbox.com/wp-content/uploads/2026/media/tapetech_804003f_01.webp,,226.8,,,,,4,10,2,in,6.875,,"Drywall Finishing Tools, TapeTech",,{},,100,100,
