disposition,issue_code,issue_label,brand,part_ref,source_sku,source_display_id,part_name,relationship_count,hotspot_occurrences,schematics,candidate_evidence,required_action
catalog_identity_correction,catalog_product_missing_or_identifier_mismatch,"Catalog identity gap",level5,9,7177,9,"#10 Brass Washer",13,1,level5-9333-cutter-chain-assembly|level5-7-inch-mega-flat-box-4-767|level5-7-inch-flat-box-4-764|level5-12-inch-mega-box-4-769|level5-12-inch-flat-box-4-766|level5-10-inch-mega-flat-box-4-768|level5-10-inch-flat-box-4-765,,"Verify that this manufacturer part is intentionally sold. If sold, create/correct the WooCommerce product or variation so its protected SKU, brand and MPN identity exactly match authoritative catalog data, then rebuild the plan. If not sold, record an explicit not-sold disposition."
catalog_identity_correction,catalog_product_missing_or_identifier_mismatch,"Catalog identity gap",columbia,cf4l,CF4L,"CF 4L","Ball Spring Long Flusher (CF4L)",5,5,columbia-direct-corner-flusher|columbia-combo-flusher|columbia-standard-corner-flusher|columbia-external-corner-applicator|columbia-2-way-internal-corner,,"Verify that this manufacturer part is intentionally sold. If sold, create/correct the WooCommerce product or variation so its protected SKU, brand and MPN identity exactly match authoritative catalog data, then rebuild the plan. If not sold, record an explicit not-sold disposition."
catalog_identity_correction,catalog_product_missing_or_identifier_mismatch,"Catalog identity gap",columbia,ext35,EXT35,"EXT 35","Extension Tube 35 in (EXT35)",4,4,columbia-long-extendable-handle|columbia-cam-lock-tube|columbia-compound-tube|columbia-one,,"Verify that this manufacturer part is intentionally sold. If sold, create/correct the WooCommerce product or variation so its protected SKU, brand and MPN identity exactly match authoritative catalog data, then rebuild the plan. If not sold, record an explicit not-sold disposition."
catalog_identity_correction,catalog_product_missing_or_identifier_mismatch,"Catalog identity gap",columbia,fa221,FA221,FA221,"#6 Belleville Washer (FA221)",4,4,columbia-flat-box|columbia-fat-boy-box|columbia-angle-head|columbia-automatic-flat-box,,"Verify that this manufacturer part is intentionally sold. If sold, create/correct the WooCommerce product or variation so its protected SKU, brand and MPN identity exactly match authoritative catalog data, then rebuild the plan. If not sold, record an explicit not-sold disposition."
catalog_identity_correction,catalog_product_missing_or_identifier_mismatch,"Catalog identity gap",columbia,fa324,FA324,"FA 324","10-24 x 1/4 Set Screw (FA324)",4,4,columbia-direct-corner-flusher|columbia-combo-flusher|columbia-semi-automatic-taper|columbia-standard-corner-flusher,,"Verify that this manufacturer part is intentionally sold. If sold, create/correct the WooCommerce product or variation so its protected SKU, brand and MPN identity exactly match authoritative catalog data, then rebuild the plan. If not sold, record an explicit not-sold disposition."
catalog_identity_correction,catalog_product_missing_or_identifier_mismatch,"Catalog identity gap",columbia,fa290,FA290,FA290,"1/4-20 Nyloc Nut (FA290)",4,4,columbia-mud-pump|columbia-predator-taper|columbia-standard-outside-corner-roller|columbia-tall-boy-mud-pump,,"Verify that this manufacturer part is intentionally sold. If sold, create/correct the WooCommerce product or variation so its protected SKU, brand and MPN identity exactly match authoritative catalog data, then rebuild the plan. If not sold, record an explicit not-sold disposition."
catalog_identity_correction,catalog_product_missing_or_identifier_mismatch,"Catalog identity gap",level5,2,7178,2,"#14 Brass Washer",7,1,level5-corner-roller-4-707|level5-7-inch-mega-flat-box-4-767|level5-7-inch-flat-box-4-764|level5-12-inch-mega-box-4-769|level5-12-inch-flat-box-4-766|level5-10-inch-mega-flat-box-4-768|level5-10-inch-flat-box-4-765,,"Verify that this manufacturer part is intentionally sold. If sold, create/correct the WooCommerce product or variation so its protected SKU, brand and MPN identity exactly match authoritative catalog data, then rebuild the plan. If not sold, record an explicit not-sold disposition."
catalog_identity_correction,catalog_product_missing_or_identifier_mismatch,"Catalog identity gap",level5,12,7015,12,"#6-32 Thin Pattern Locknut",7,1,level5-7377-cover-plate-assembly-old-style|level5-7-inch-mega-flat-box-4-767|level5-7-inch-flat-box-4-764|level5-12-inch-mega-box-4-769|level5-12-inch-flat-box-4-766|level5-10-inch-mega-flat-box-4-768|level5-10-inch-flat-box-4-765,,"Verify that this manufacturer part is intentionally sold. If sold, create/correct the WooCommerce product or variation so its protected SKU, brand and MPN identity exactly match authoritative catalog data, then rebuild the plan. If not sold, record an explicit not-sold disposition."
catalog_identity_correction,catalog_product_missing_or_identifier_mismatch,"Catalog identity gap",columbia,ffb40-10,FFB40-10,"FFB40-10""","Flat Box Door Gasket 10 in (FFB40-10)",3,3,columbia-flat-box|columbia-fat-boy-box|columbia-automatic-flat-box,,"Verify that this manufacturer part is intentionally sold. If sold, create/correct the WooCommerce product or variation so its protected SKU, brand and MPN identity exactly match authoritative catalog data, then rebuild the plan. If not sold, record an explicit not-sold disposition."
catalog_identity_correction,catalog_product_missing_or_identifier_mismatch,"Catalog identity gap",columbia,ffb4c,FFB4C,FFB4C,"Flat Box Corner Blade Assembly 4 in (FFB4C)",3,3,columbia-flat-box|columbia-automatic-flat-box|columbia-nailspotter,,"Verify that this manufacturer part is intentionally sold. If sold, create/correct the WooCommerce product or variation so its protected SKU, brand and MPN identity exactly match authoritative catalog data, then rebuild the plan. If not sold, record an explicit not-sold disposition."
catalog_identity_correction,catalog_product_missing_or_identifier_mismatch,"Catalog identity gap",columbia,ffb43,FFB43,FFB43,"Bead Wheel Bushing (FFB43)",3,3,columbia-flat-box|columbia-fat-boy-box|columbia-automatic-flat-box,,"Verify that this manufacturer part is intentionally sold. If sold, create/correct the WooCommerce product or variation so its protected SKU, brand and MPN identity exactly match authoritative catalog data, then rebuild the plan. If not sold, record an explicit not-sold disposition."
catalog_identity_correction,catalog_product_missing_or_identifier_mismatch,"Catalog identity gap",columbia,ffb41,FFB41,FFB41,"Flat Box Axle Assembly (FFB41)",3,3,columbia-flat-box|columbia-fat-boy-box|columbia-automatic-flat-box,,"Verify that this manufacturer part is intentionally sold. If sold, create/correct the WooCommerce product or variation so its protected SKU, brand and MPN identity exactly match authoritative catalog data, then rebuild the plan. If not sold, record an explicit not-sold disposition."
catalog_identity_correction,catalog_product_missing_or_identifier_mismatch,"Catalog identity gap",columbia,ffb44,FFB44,FFB44,"Flat Box Door Pivot Pin (FFB44)",3,3,columbia-flat-box|columbia-fat-boy-box|columbia-automatic-flat-box,,"Verify that this manufacturer part is intentionally sold. If sold, create/correct the WooCommerce product or variation so its protected SKU, brand and MPN identity exactly match authoritative catalog data, then rebuild the plan. If not sold, record an explicit not-sold disposition."
catalog_identity_correction,catalog_product_missing_or_identifier_mismatch,"Catalog identity gap",columbia,ffb12,FFB12,FFB12,"Adjuster Dial Assembly 12 in (FFB12)",3,3,columbia-flat-box|columbia-fat-boy-box|columbia-automatic-flat-box,,"Verify that this manufacturer part is intentionally sold. If sold, create/correct the WooCommerce product or variation so its protected SKU, brand and MPN identity exactly match authoritative catalog data, then rebuild the plan. If not sold, record an explicit not-sold disposition."
catalog_identity_correction,catalog_product_missing_or_identifier_mismatch,"Catalog identity gap",columbia,ffb2a,FFB2A,FFB2A,"Bushing (FFB2A)",3,3,columbia-flat-box|columbia-fat-boy-box|columbia-automatic-flat-box,,"Verify that this manufacturer part is intentionally sold. If sold, create/correct the WooCommerce product or variation so its protected SKU, brand and MPN identity exactly match authoritative catalog data, then rebuild the plan. If not sold, record an explicit not-sold disposition."
catalog_identity_correction,catalog_product_missing_or_identifier_mismatch,"Catalog identity gap",columbia,ffb19,FFB19,FFB19,"Brass Adjuster Pin (FFB19)",3,3,columbia-flat-box|columbia-fat-boy-box|columbia-automatic-flat-box,,"Verify that this manufacturer part is intentionally sold. If sold, create/correct the WooCommerce product or variation so its protected SKU, brand and MPN identity exactly match authoritative catalog data, then rebuild the plan. If not sold, record an explicit not-sold disposition."
catalog_identity_correction,catalog_product_missing_or_identifier_mismatch,"Catalog identity gap",columbia,cf3a,CF3A,"CF 3A","Screw for Corner Flusher Wheel (CF3A)",3,3,columbia-direct-corner-flusher|columbia-combo-flusher|columbia-standard-corner-flusher,,"Verify that this manufacturer part is intentionally sold. If sold, create/correct the WooCommerce product or variation so its protected SKU, brand and MPN identity exactly match authoritative catalog data, then rebuild the plan. If not sold, record an explicit not-sold disposition."
catalog_identity_correction,catalog_product_missing_or_identifier_mismatch,"Catalog identity gap",columbia,ah2-3l,AH-23,"AH 2-3"" L","Left Frame Sub-Assembly 3 in (AHA2-3L)",3,3,columbia-angle-head,,"Verify that this manufacturer part is intentionally sold. If sold, create/correct the WooCommerce product or variation so its protected SKU, brand and MPN identity exactly match authoritative catalog data, then rebuild the plan. If not sold, record an explicit not-sold disposition."
catalog_identity_correction,catalog_product_missing_or_identifier_mismatch,"Catalog identity gap",columbia,mp33a,MP33A,"MP 33A","Mud Pump Spring Assembly (MP33A)",3,3,columbia-box-filler|columbia-mud-pump|columbia-tall-boy-mud-pump,,"Verify that this manufacturer part is intentionally sold. If sold, create/correct the WooCommerce product or variation so its protected SKU, brand and MPN identity exactly match authoritative catalog data, then rebuild the plan. If not sold, record an explicit not-sold disposition."
catalog_identity_correction,catalog_product_missing_or_identifier_mismatch,"Catalog identity gap",columbia,ct110,CT110,"CT 110","Piston Cup Relief Washer (CT110)",3,3,columbia-cam-lock-tube|columbia-compound-tube|columbia-predator-taper,,"Verify that this manufacturer part is intentionally sold. If sold, create/correct the WooCommerce product or variation so its protected SKU, brand and MPN identity exactly match authoritative catalog data, then rebuild the plan. If not sold, record an explicit not-sold disposition."
catalog_identity_correction,catalog_product_missing_or_identifier_mismatch,"Catalog identity gap",columbia,fa284,FA284,"FA 284","3/16 x 3/8 SS Pop Rivet (FA284)",3,3,columbia-cam-lock-tube|columbia-compound-tube|columbia-one,,"Verify that this manufacturer part is intentionally sold. If sold, create/correct the WooCommerce product or variation so its protected SKU, brand and MPN identity exactly match authoritative catalog data, then rebuild the plan. If not sold, record an explicit not-sold disposition."
catalog_identity_correction,catalog_product_missing_or_identifier_mismatch,"Catalog identity gap",columbia,cfb5a,CFB5A,"CFB 5A","Corner Box Cone Ball End (Large)",3,3,columbia-cam-lock-tube|columbia-compound-tube|columbia-throttle-box,,"Verify that this manufacturer part is intentionally sold. If sold, create/correct the WooCommerce product or variation so its protected SKU, brand and MPN identity exactly match authoritative catalog data, then rebuild the plan. If not sold, record an explicit not-sold disposition."
catalog_identity_correction,catalog_product_missing_or_identifier_mismatch,"Catalog identity gap",columbia,cfb5c,CFB5C,"CFB 5C","Corner Box Cone Ball End (Standard)",3,3,columbia-cam-lock-tube|columbia-compound-tube|columbia-throttle-box,,"Verify that this manufacturer part is intentionally sold. If sold, create/correct the WooCommerce product or variation so its protected SKU, brand and MPN identity exactly match authoritative catalog data, then rebuild the plan. If not sold, record an explicit not-sold disposition."
catalog_identity_correction,catalog_product_missing_or_identifier_mismatch,"Catalog identity gap",tape-tech,209030,209030,209030,"Wing Nut: 10-24",3,3,tapetech-quickbox-qsx|tapetech-power-assist-maxxbox|tapetech-76tt,,"Verify that this manufacturer part is intentionally sold. If sold, create/correct the WooCommerce product or variation so its protected SKU, brand and MPN identity exactly match authoritative catalog data, then rebuild the plan. If not sold, record an explicit not-sold disposition."
catalog_identity_correction,catalog_product_missing_or_identifier_mismatch,"Catalog identity gap",level5,14,7116,14,"1/16 x 1/2in Cotter Pin Fastenal 74268",3,3,level5-corner-roller-4-707|level5-9333-cutter-chain-assembly|level5-7097-drive-dog-assembly,,"Verify that this manufacturer part is intentionally sold. If sold, create/correct the WooCommerce product or variation so its protected SKU, brand and MPN identity exactly match authoritative catalog data, then rebuild the plan. If not sold, record an explicit not-sold disposition."
catalog_identity_correction,catalog_product_missing_or_identifier_mismatch,"Catalog identity gap",columbia,fa377,FA377,FA377,"6-32 x 1/4 Flat Head Screw (FA377)",2,3,columbia-standard-corner-flusher|columbia-inside-corner-applicator,,"Verify that this manufacturer part is intentionally sold. If sold, create/correct the WooCommerce product or variation so its protected SKU, brand and MPN identity exactly match authoritative catalog data, then rebuild the plan. If not sold, record an explicit not-sold disposition."
catalog_identity_correction,catalog_product_missing_or_identifier_mismatch,"Catalog identity gap",tape-tech,489023,489023,489023,"Flat Washer, #6 S.S.",3,2,tapetech-maxxbox-ehc|tapetech-quickbox-qsx|tapetech-power-assist-maxxbox,,"Verify that this manufacturer part is intentionally sold. If sold, create/correct the WooCommerce product or variation so its protected SKU, brand and MPN identity exactly match authoritative catalog data, then rebuild the plan. If not sold, record an explicit not-sold disposition."
catalog_identity_correction,catalog_product_missing_or_identifier_mismatch,"Catalog identity gap",tape-tech,499023,499023,499023,"Part (499023)",2,3,tapetech-xhtt|tapetech-quickbox-qsx,,"Verify that this manufacturer part is intentionally sold. If sold, create/correct the WooCommerce product or variation so its protected SKU, brand and MPN identity exactly match authoritative catalog data, then rebuild the plan. If not sold, record an explicit not-sold disposition."
catalog_identity_correction,catalog_product_missing_or_identifier_mismatch,"Catalog identity gap",columbia,fg4-45,FG4-45,"FG 4-45","Flat Box 45 Degree Corner Guide 4 in (FG4-45)",2,2,columbia-long-extendable-handle|columbia-one,,"Verify that this manufacturer part is intentionally sold. If sold, create/correct the WooCommerce product or variation so its protected SKU, brand and MPN identity exactly match authoritative catalog data, then rebuild the plan. If not sold, record an explicit not-sold disposition."
catalog_identity_correction,catalog_product_missing_or_identifier_mismatch,"Catalog identity gap",columbia,fa362,FA362,"FA 362","10-24 x 3/4 Flat Head Screw (FA362)",2,2,columbia-matrix|columbia-predator-taper,,"Verify that this manufacturer part is intentionally sold. If sold, create/correct the WooCommerce product or variation so its protected SKU, brand and MPN identity exactly match authoritative catalog data, then rebuild the plan. If not sold, record an explicit not-sold disposition."
catalog_identity_correction,catalog_product_missing_or_identifier_mismatch,"Catalog identity gap",columbia,ffb42,FFB42,FFB42,"Flat Box Door Pivot (FFB 42)",2,2,columbia-flat-box|columbia-fat-boy-box,,"Verify that this manufacturer part is intentionally sold. If sold, create/correct the WooCommerce product or variation so its protected SKU, brand and MPN identity exactly match authoritative catalog data, then rebuild the plan. If not sold, record an explicit not-sold disposition."
catalog_identity_correction,catalog_product_missing_or_identifier_mismatch,"Catalog identity gap",columbia,fa327,FA327,FA327,"8-32 x 1/4 Pan Head Screw (FA327)",2,2,columbia-flat-box|columbia-automatic-flat-box,,"Verify that this manufacturer part is intentionally sold. If sold, create/correct the WooCommerce product or variation so its protected SKU, brand and MPN identity exactly match authoritative catalog data, then rebuild the plan. If not sold, record an explicit not-sold disposition."
catalog_identity_correction,catalog_product_missing_or_identifier_mismatch,"Catalog identity gap",columbia,ffb35,FFB35,FFB35,"Flat Box Spring Assembly (FFB35)",2,2,columbia-flat-box|columbia-automatic-flat-box,,"Verify that this manufacturer part is intentionally sold. If sold, create/correct the WooCommerce product or variation so its protected SKU, brand and MPN identity exactly match authoritative catalog data, then rebuild the plan. If not sold, record an explicit not-sold disposition."
catalog_identity_correction,catalog_product_missing_or_identifier_mismatch,"Catalog identity gap",columbia,ffb18,FFB18,FFB18,"Rear Plate 8"" (FFB1-8)",2,2,columbia-flat-box|columbia-automatic-flat-box,,"Verify that this manufacturer part is intentionally sold. If sold, create/correct the WooCommerce product or variation so its protected SKU, brand and MPN identity exactly match authoritative catalog data, then rebuild the plan. If not sold, record an explicit not-sold disposition."
catalog_identity_correction,catalog_product_missing_or_identifier_mismatch,"Catalog identity gap",columbia,ffb2-10,FFB2-10,FFB2-10',"Roll Face 10"" (FFB2-10)",2,2,columbia-flat-box|columbia-automatic-flat-box,,"Verify that this manufacturer part is intentionally sold. If sold, create/correct the WooCommerce product or variation so its protected SKU, brand and MPN identity exactly match authoritative catalog data, then rebuild the plan. If not sold, record an explicit not-sold disposition."
catalog_identity_correction,catalog_product_missing_or_identifier_mismatch,"Catalog identity gap",columbia,ffb10-10,FFB10-10,FFB10-10',"Flat Box Side Cover 10 in (FFB10-10)",2,2,columbia-flat-box|columbia-automatic-flat-box,,"Verify that this manufacturer part is intentionally sold. If sold, create/correct the WooCommerce product or variation so its protected SKU, brand and MPN identity exactly match authoritative catalog data, then rebuild the plan. If not sold, record an explicit not-sold disposition."
catalog_identity_correction,catalog_product_missing_or_identifier_mismatch,"Catalog identity gap",columbia,hfbb14-10,HFBB14-10,"HFBB 14-10","Hinged Door Gasket 10 in Fat Boy (HFBB14-10)",2,2,columbia-fat-boy-box|columbia-automatic-flat-box,,"Verify that this manufacturer part is intentionally sold. If sold, create/correct the WooCommerce product or variation so its protected SKU, brand and MPN identity exactly match authoritative catalog data, then rebuild the plan. If not sold, record an explicit not-sold disposition."
catalog_identity_correction,catalog_product_missing_or_identifier_mismatch,"Catalog identity gap",columbia,cf1b,CF1B,"CF 1B","Direct Plate - Flusher (CF1B)",2,2,columbia-direct-corner-flusher|columbia-standard-corner-flusher,,"Verify that this manufacturer part is intentionally sold. If sold, create/correct the WooCommerce product or variation so its protected SKU, brand and MPN identity exactly match authoritative catalog data, then rebuild the plan. If not sold, record an explicit not-sold disposition."
catalog_identity_correction,catalog_product_missing_or_identifier_mismatch,"Catalog identity gap",columbia,cf1c,CF-1C,"CF 1C","Corner Flusher Direct Plate C (CF1C)",2,2,columbia-direct-corner-flusher|columbia-combo-flusher,,"Verify that this manufacturer part is intentionally sold. If sold, create/correct the WooCommerce product or variation so its protected SKU, brand and MPN identity exactly match authoritative catalog data, then rebuild the plan. If not sold, record an explicit not-sold disposition."
catalog_identity_correction,catalog_product_missing_or_identifier_mismatch,"Catalog identity gap",columbia,ab44,AB44,AB44,"Automatic Box Clutch Spring (AB44)",2,2,columbia-automatic-flat-box|columbia-throttle-box,,"Verify that this manufacturer part is intentionally sold. If sold, create/correct the WooCommerce product or variation so its protected SKU, brand and MPN identity exactly match authoritative catalog data, then rebuild the plan. If not sold, record an explicit not-sold disposition."
catalog_identity_correction,catalog_product_missing_or_identifier_mismatch,"Catalog identity gap",columbia,ab45,AB45,AB45,"Automatic Box Throttle Set Screw (AB45)",2,2,columbia-automatic-flat-box|columbia-throttle-box,,"Verify that this manufacturer part is intentionally sold. If sold, create/correct the WooCommerce product or variation so its protected SKU, brand and MPN identity exactly match authoritative catalog data, then rebuild the plan. If not sold, record an explicit not-sold disposition."
catalog_identity_correction,catalog_product_missing_or_identifier_mismatch,"Catalog identity gap",columbia,ab49,AB49,AB49,"Automatic Box Handle Mount (AB49)",2,2,columbia-automatic-flat-box|columbia-throttle-box,,"Verify that this manufacturer part is intentionally sold. If sold, create/correct the WooCommerce product or variation so its protected SKU, brand and MPN identity exactly match authoritative catalog data, then rebuild the plan. If not sold, record an explicit not-sold disposition."
catalog_identity_correction,catalog_product_missing_or_identifier_mismatch,"Catalog identity gap",columbia,mp9c,MP9C,"MP 9C","Connecting Link (MP9C)",2,2,columbia-box-filler|columbia-predator-taper,,"Verify that this manufacturer part is intentionally sold. If sold, create/correct the WooCommerce product or variation so its protected SKU, brand and MPN identity exactly match authoritative catalog data, then rebuild the plan. If not sold, record an explicit not-sold disposition."
catalog_identity_correction,catalog_product_missing_or_identifier_mismatch,"Catalog identity gap",columbia,fa323,FA323,"FA 323","1/4-20 X 1"" Hex Bolt (FA323)",2,2,columbia-cam-lock-tube|columbia-compound-tube,,"Verify that this manufacturer part is intentionally sold. If sold, create/correct the WooCommerce product or variation so its protected SKU, brand and MPN identity exactly match authoritative catalog data, then rebuild the plan. If not sold, record an explicit not-sold disposition."
catalog_identity_correction,catalog_product_missing_or_identifier_mismatch,"Catalog identity gap",columbia,cmt8,CMT8,"CMT 8","Mastic Tube Washer (CMT8)",2,2,columbia-cam-lock-tube|columbia-compound-tube,,"Verify that this manufacturer part is intentionally sold. If sold, create/correct the WooCommerce product or variation so its protected SKU, brand and MPN identity exactly match authoritative catalog data, then rebuild the plan. If not sold, record an explicit not-sold disposition."
catalog_identity_correction,catalog_product_missing_or_identifier_mismatch,"Catalog identity gap",columbia,clt15,CLT15,"CLT 15","Cam Lock Tube Return Spring (CLT15)",2,2,columbia-cam-lock-tube|columbia-corner-cobra,,"Verify that this manufacturer part is intentionally sold. If sold, create/correct the WooCommerce product or variation so its protected SKU, brand and MPN identity exactly match authoritative catalog data, then rebuild the plan. If not sold, record an explicit not-sold disposition."
catalog_identity_correction,catalog_product_missing_or_identifier_mismatch,"Catalog identity gap",columbia,cmt4,CMT4,"CMT 4","Plunger Housing (CMT4)",2,2,columbia-cam-lock-tube|columbia-compound-tube,,"Verify that this manufacturer part is intentionally sold. If sold, create/correct the WooCommerce product or variation so its protected SKU, brand and MPN identity exactly match authoritative catalog data, then rebuild the plan. If not sold, record an explicit not-sold disposition."
catalog_identity_correction,catalog_product_missing_or_identifier_mismatch,"Catalog identity gap",columbia,cmt1-24,CMT-1-24,"CMT 1-24","Barrel Main Body 24 in (CMT1-24)",2,2,columbia-cam-lock-tube|columbia-compound-tube,,"Verify that this manufacturer part is intentionally sold. If sold, create/correct the WooCommerce product or variation so its protected SKU, brand and MPN identity exactly match authoritative catalog data, then rebuild the plan. If not sold, record an explicit not-sold disposition."
catalog_identity_correction,catalog_product_missing_or_identifier_mismatch,"Catalog identity gap",columbia,cmt5,CMT5,"CMT 5","Plastic Handle Collar (CMT5)",2,2,columbia-cam-lock-tube|columbia-compound-tube,,"Verify that this manufacturer part is intentionally sold. If sold, create/correct the WooCommerce product or variation so its protected SKU, brand and MPN identity exactly match authoritative catalog data, then rebuild the plan. If not sold, record an explicit not-sold disposition."
catalog_identity_correction,catalog_product_missing_or_identifier_mismatch,"Catalog identity gap",columbia,cmt6,CMT6,"CMT 6","Cone insert(Top)",2,2,columbia-cam-lock-tube|columbia-compound-tube,,"Verify that this manufacturer part is intentionally sold. If sold, create/correct the WooCommerce product or variation so its protected SKU, brand and MPN identity exactly match authoritative catalog data, then rebuild the plan. If not sold, record an explicit not-sold disposition."
catalog_identity_correction,catalog_product_missing_or_identifier_mismatch,"Catalog identity gap",columbia,cf3b,CF3B,"CF 3B","Wheel for Corner Flusher (CF-3B)",2,2,columbia-combo-flusher|columbia-standard-corner-flusher,,"Verify that this manufacturer part is intentionally sold. If sold, create/correct the WooCommerce product or variation so its protected SKU, brand and MPN identity exactly match authoritative catalog data, then rebuild the plan. If not sold, record an explicit not-sold disposition."
catalog_identity_correction,catalog_product_missing_or_identifier_mismatch,"Catalog identity gap",columbia,ct115a,CT115A,CT115A,"Taper Gasket New Style End Ring (CT115A)",2,2,columbia-compound-tube|columbia-predator-taper,,"Verify that this manufacturer part is intentionally sold. If sold, create/correct the WooCommerce product or variation so its protected SKU, brand and MPN identity exactly match authoritative catalog data, then rebuild the plan. If not sold, record an explicit not-sold disposition."
catalog_identity_correction,catalog_product_missing_or_identifier_mismatch,"Catalog identity gap",columbia,mp7a,MP7A,MP7A,"Mud Pump Foot Valve A (MP7A)",2,2,columbia-mud-pump|columbia-tall-boy-mud-pump,,"Verify that this manufacturer part is intentionally sold. If sold, create/correct the WooCommerce product or variation so its protected SKU, brand and MPN identity exactly match authoritative catalog data, then rebuild the plan. If not sold, record an explicit not-sold disposition."
catalog_identity_correction,catalog_product_missing_or_identifier_mismatch,"Catalog identity gap",columbia,mp7d,MP7D,MP7D,"Special Nut for Pump Handle (MP7D)",2,2,columbia-mud-pump|columbia-tall-boy-mud-pump,,"Verify that this manufacturer part is intentionally sold. If sold, create/correct the WooCommerce product or variation so its protected SKU, brand and MPN identity exactly match authoritative catalog data, then rebuild the plan. If not sold, record an explicit not-sold disposition."
catalog_identity_correction,catalog_product_missing_or_identifier_mismatch,"Catalog identity gap",columbia,mp7c,MP7C,MP7C,"Mud Pump O-Ring Retainer C (replaces MP7D)",2,2,columbia-mud-pump|columbia-tall-boy-mud-pump,,"Verify that this manufacturer part is intentionally sold. If sold, create/correct the WooCommerce product or variation so its protected SKU, brand and MPN identity exactly match authoritative catalog data, then rebuild the plan. If not sold, record an explicit not-sold disposition."
catalog_identity_correction,catalog_product_missing_or_identifier_mismatch,"Catalog identity gap",columbia,fa287,FA287,FA287,"1/4 x 5/8 Split Pin (FA287)",2,2,columbia-mud-pump|columbia-tall-boy-mud-pump,,"Verify that this manufacturer part is intentionally sold. If sold, create/correct the WooCommerce product or variation so its protected SKU, brand and MPN identity exactly match authoritative catalog data, then rebuild the plan. If not sold, record an explicit not-sold disposition."
catalog_identity_correction,catalog_product_missing_or_identifier_mismatch,"Catalog identity gap",columbia,ffh14,FFH14,FFH14,"Handle Grip (FFH14)",2,2,columbia-mud-pump|columbia-tall-boy-mud-pump,,"Verify that this manufacturer part is intentionally sold. If sold, create/correct the WooCommerce product or variation so its protected SKU, brand and MPN identity exactly match authoritative catalog data, then rebuild the plan. If not sold, record an explicit not-sold disposition."
catalog_identity_correction,catalog_product_missing_or_identifier_mismatch,"Catalog identity gap",columbia,mp7e,MP7E,MP7E,"Mud Pump Foot Valve E (MP7E)",2,2,columbia-mud-pump|columbia-tall-boy-mud-pump,,"Verify that this manufacturer part is intentionally sold. If sold, create/correct the WooCommerce product or variation so its protected SKU, brand and MPN identity exactly match authoritative catalog data, then rebuild the plan. If not sold, record an explicit not-sold disposition."
catalog_identity_correction,catalog_product_missing_or_identifier_mismatch,"Catalog identity gap",columbia,mp8a,MP8A,MP8A,"Mud Pump Valve Spring A (MP8A)",2,2,columbia-mud-pump|columbia-tall-boy-mud-pump,,"Verify that this manufacturer part is intentionally sold. If sold, create/correct the WooCommerce product or variation so its protected SKU, brand and MPN identity exactly match authoritative catalog data, then rebuild the plan. If not sold, record an explicit not-sold disposition."
catalog_identity_correction,catalog_product_missing_or_identifier_mismatch,"Catalog identity gap",columbia,hp48,HP48,HP48,"Handle Pin (HP48)",2,2,columbia-mud-pump|columbia-tall-boy-mud-pump,,"Verify that this manufacturer part is intentionally sold. If sold, create/correct the WooCommerce product or variation so its protected SKU, brand and MPN identity exactly match authoritative catalog data, then rebuild the plan. If not sold, record an explicit not-sold disposition."
catalog_identity_correction,catalog_product_missing_or_identifier_mismatch,"Catalog identity gap",columbia,hp48a,HP48A,HP48A,"Hot Mud Pump HP48 Body A (HP48A)",2,2,columbia-mud-pump|columbia-tall-boy-mud-pump,,"Verify that this manufacturer part is intentionally sold. If sold, create/correct the WooCommerce product or variation so its protected SKU, brand and MPN identity exactly match authoritative catalog data, then rebuild the plan. If not sold, record an explicit not-sold disposition."
catalog_identity_correction,catalog_product_missing_or_identifier_mismatch,"Catalog identity gap",columbia,fa308,FA308,FA308,"33/64 X 7/8in Flat Washer (FA-308)",2,2,columbia-mud-pump|columbia-tall-boy-mud-pump,,"Verify that this manufacturer part is intentionally sold. If sold, create/correct the WooCommerce product or variation so its protected SKU, brand and MPN identity exactly match authoritative catalog data, then rebuild the plan. If not sold, record an explicit not-sold disposition."
catalog_identity_correction,catalog_product_missing_or_identifier_mismatch,"Catalog identity gap",tape-tech,059143,059143,059143,"Cotter Pin 1/16 X 1/2 SST.",2,2,tapetech-80xxtt|tapetech-17tt,,"Verify that this manufacturer part is intentionally sold. If sold, create/correct the WooCommerce product or variation so its protected SKU, brand and MPN identity exactly match authoritative catalog data, then rebuild the plan. If not sold, record an explicit not-sold disposition."
catalog_identity_correction,catalog_product_missing_or_identifier_mismatch,"Catalog identity gap",tape-tech,179009,179009,179009,"5L10-Fk Type 6 Nyliner",3,1,tapetech-maxxbox-ehc|tapetech-power-assist-maxxbox|tapetech-17tt,,"Verify that this manufacturer part is intentionally sold. If sold, create/correct the WooCommerce product or variation so its protected SKU, brand and MPN identity exactly match authoritative catalog data, then rebuild the plan. If not sold, record an explicit not-sold disposition."
catalog_identity_correction,catalog_product_missing_or_identifier_mismatch,"Catalog identity gap",tape-tech,059018,059018,059018,"Stopnut 6-32 Thin Pat.",3,1,tapetech-maxxbox-ehc|tapetech-88tte|tapetech-power-assist-maxxbox,,"Verify that this manufacturer part is intentionally sold. If sold, create/correct the WooCommerce product or variation so its protected SKU, brand and MPN identity exactly match authoritative catalog data, then rebuild the plan. If not sold, record an explicit not-sold disposition."
catalog_identity_correction,catalog_product_missing_or_identifier_mismatch,"Catalog identity gap",tape-tech,882039,882039,882039,"Part (882039)",2,2,tapetech-88tte|tapetech-xhtt,,"Verify that this manufacturer part is intentionally sold. If sold, create/correct the WooCommerce product or variation so its protected SKU, brand and MPN identity exactly match authoritative catalog data, then rebuild the plan. If not sold, record an explicit not-sold disposition."
catalog_identity_correction,catalog_product_missing_or_identifier_mismatch,"Catalog identity gap",tape-tech,359005,359005,359005,"Screw: 6-32 X 1/4 Bind Hd.",2,2,tapetech-42tt|tapetech-17tt,,"Verify that this manufacturer part is intentionally sold. If sold, create/correct the WooCommerce product or variation so its protected SKU, brand and MPN identity exactly match authoritative catalog data, then rebuild the plan. If not sold, record an explicit not-sold disposition."
catalog_identity_correction,catalog_product_missing_or_identifier_mismatch,"Catalog identity gap",tape-tech,339073,339073,339073,"10-24 X 1 1/4 Sl. Fillister Hd.Screw",2,2,tapetech-quickbox-qsx|tapetech-power-assist-maxxbox,,"Verify that this manufacturer part is intentionally sold. If sold, create/correct the WooCommerce product or variation so its protected SKU, brand and MPN identity exactly match authoritative catalog data, then rebuild the plan. If not sold, record an explicit not-sold disposition."
catalog_identity_correction,catalog_product_missing_or_identifier_mismatch,"Catalog identity gap",tape-tech,202028,202028,202028,"Threaded Washer",2,2,tapetech-quickbox-qsx|tapetech-power-assist-maxxbox,,"Verify that this manufacturer part is intentionally sold. If sold, create/correct the WooCommerce product or variation so its protected SKU, brand and MPN identity exactly match authoritative catalog data, then rebuild the plan. If not sold, record an explicit not-sold disposition."
catalog_identity_correction,catalog_product_missing_or_identifier_mismatch,"Catalog identity gap",tape-tech,209017,209017,209017,"10-24 Locknut 18-18 S.S.",2,2,tapetech-quickbox-qsx|tapetech-power-assist-maxxbox,,"Verify that this manufacturer part is intentionally sold. If sold, create/correct the WooCommerce product or variation so its protected SKU, brand and MPN identity exactly match authoritative catalog data, then rebuild the plan. If not sold, record an explicit not-sold disposition."
catalog_identity_correction,catalog_product_missing_or_identifier_mismatch,"Catalog identity gap",tape-tech,709034,709034,709034,"O'Ring 568-210 Buna",2,2,tapetech-90t|tapetech-85t,,"Verify that this manufacturer part is intentionally sold. If sold, create/correct the WooCommerce product or variation so its protected SKU, brand and MPN identity exactly match authoritative catalog data, then rebuild the plan. If not sold, record an explicit not-sold disposition."
catalog_identity_correction,catalog_product_missing_or_identifier_mismatch,"Catalog identity gap",level5,4,7042,4,"6-32X3/16 Fillister Head Screw",2,2,level5-7377-cover-plate-assembly-old-style|level5-7293-gooser-assembly,,"Verify that this manufacturer part is intentionally sold. If sold, create/correct the WooCommerce product or variation so its protected SKU, brand and MPN identity exactly match authoritative catalog data, then rebuild the plan. If not sold, record an explicit not-sold disposition."
catalog_identity_correction,catalog_product_missing_or_identifier_mismatch,"Catalog identity gap",level5,7,9509,7,"CF Frame Tabs",2,2,level5-4-734-3-5-corner-finisher,,"Verify that this manufacturer part is intentionally sold. If sold, create/correct the WooCommerce product or variation so its protected SKU, brand and MPN identity exactly match authoritative catalog data, then rebuild the plan. If not sold, record an explicit not-sold disposition."
catalog_identity_correction,catalog_product_missing_or_identifier_mismatch,"Catalog identity gap",columbia,cext3,CEXT-3,"CEXT 3","Wheel for ICATW (CEXT3)",2,2,columbia-external-corner-applicator|columbia-2-way-internal-corner,,"Verify that this manufacturer part is intentionally sold. If sold, create/correct the WooCommerce product or variation so its protected SKU, brand and MPN identity exactly match authoritative catalog data, then rebuild the plan. If not sold, record an explicit not-sold disposition."
catalog_identity_correction,catalog_product_missing_or_identifier_mismatch,"Catalog identity gap",tape-tech,809012,809012,809012,"8-32 X 3/8 Hex Socket Capscrew 18-8 S.S.",1,2,tapetech-80xxtt,,"Verify that this manufacturer part is intentionally sold. If sold, create/correct the WooCommerce product or variation so its protected SKU, brand and MPN identity exactly match authoritative catalog data, then rebuild the plan. If not sold, record an explicit not-sold disposition."
catalog_identity_correction,catalog_product_missing_or_identifier_mismatch,"Catalog identity gap",tape-tech,059012,059012,059012,"Screw 6-32 X 3/8 Fil. Hd. S.S.",2,1,tapetech-80xxtt|tapetech-power-assist-maxxbox,,"Verify that this manufacturer part is intentionally sold. If sold, create/correct the WooCommerce product or variation so its protected SKU, brand and MPN identity exactly match authoritative catalog data, then rebuild the plan. If not sold, record an explicit not-sold disposition."
catalog_identity_correction,catalog_product_missing_or_identifier_mismatch,"Catalog identity gap",tape-tech,808017,808017,808017,"Part (808017)",1,2,tapetech-80xxtt,,"Verify that this manufacturer part is intentionally sold. If sold, create/correct the WooCommerce product or variation so its protected SKU, brand and MPN identity exactly match authoritative catalog data, then rebuild the plan. If not sold, record an explicit not-sold disposition."
catalog_identity_correction,catalog_product_missing_or_identifier_mismatch,"Catalog identity gap",tape-tech,724061f,724061F,724061F,"Part (724061F)",1,2,tapetech-76tt,,"Verify that this manufacturer part is intentionally sold. If sold, create/correct the WooCommerce product or variation so its protected SKU, brand and MPN identity exactly match authoritative catalog data, then rebuild the plan. If not sold, record an explicit not-sold disposition."
catalog_identity_correction,catalog_product_missing_or_identifier_mismatch,"Catalog identity gap",tape-tech,700010f,700010F,700010F,"Part (700010F)",1,2,tapetech-76tt,,"Verify that this manufacturer part is intentionally sold. If sold, create/correct the WooCommerce product or variation so its protected SKU, brand and MPN identity exactly match authoritative catalog data, then rebuild the plan. If not sold, record an explicit not-sold disposition."
catalog_identity_correction,catalog_product_missing_or_identifier_mismatch,"Catalog identity gap",tape-tech,164348,164348,164348,"Corner Roller Handle Assembly, Sold",1,2,tapetech-17tt,,"Verify that this manufacturer part is intentionally sold. If sold, create/correct the WooCommerce product or variation so its protected SKU, brand and MPN identity exactly match authoritative catalog data, then rebuild the plan. If not sold, record an explicit not-sold disposition."
catalog_identity_correction,catalog_product_missing_or_identifier_mismatch,"Catalog identity gap",columbia,ica1,ICA-1,"ICA 1","Inside Corner Applicator Body (ICA1)",1,2,columbia-inside-corner-applicator,,"Verify that this manufacturer part is intentionally sold. If sold, create/correct the WooCommerce product or variation so its protected SKU, brand and MPN identity exactly match authoritative catalog data, then rebuild the plan. If not sold, record an explicit not-sold disposition."
catalog_identity_correction,catalog_product_missing_or_identifier_mismatch,"Catalog identity gap",columbia,ica3,ICA-3,"ICA 3","Inside Corner Applicator Wheel (ICA3)",1,2,columbia-inside-corner-applicator,,"Verify that this manufacturer part is intentionally sold. If sold, create/correct the WooCommerce product or variation so its protected SKU, brand and MPN identity exactly match authoritative catalog data, then rebuild the plan. If not sold, record an explicit not-sold disposition."
catalog_identity_correction,catalog_product_missing_or_identifier_mismatch,"Catalog identity gap",columbia,ica2,ICA-2,"ICA 2","Inside Corner Applicator Axle (ICA2)",1,2,columbia-inside-corner-applicator,,"Verify that this manufacturer part is intentionally sold. If sold, create/correct the WooCommerce product or variation so its protected SKU, brand and MPN identity exactly match authoritative catalog data, then rebuild the plan. If not sold, record an explicit not-sold disposition."
catalog_identity_correction,catalog_product_missing_or_identifier_mismatch,"Catalog identity gap",columbia,cf4s,CF-4S,"CF 4S","Corner Flusher Ball Spring Short (CF4S)",1,2,columbia-inside-corner-applicator,,"Verify that this manufacturer part is intentionally sold. If sold, create/correct the WooCommerce product or variation so its protected SKU, brand and MPN identity exactly match authoritative catalog data, then rebuild the plan. If not sold, record an explicit not-sold disposition."
catalog_identity_correction,catalog_product_missing_or_identifier_mismatch,"Catalog identity gap",columbia,fa321,FA-321,"FA 321","3/8-16 x 3/4 Socket Head Screw (FA321)",1,1,columbia-long-extendable-handle,,"Verify that this manufacturer part is intentionally sold. If sold, create/correct the WooCommerce product or variation so its protected SKU, brand and MPN identity exactly match authoritative catalog data, then rebuild the plan. If not sold, record an explicit not-sold disposition."
catalog_identity_correction,catalog_product_missing_or_identifier_mismatch,"Catalog identity gap",columbia,fg3a,FG-3A,"FG 3A","Flat Box Angle Guide 3A (FG3A)",1,1,columbia-long-extendable-handle,,"Verify that this manufacturer part is intentionally sold. If sold, create/correct the WooCommerce product or variation so its protected SKU, brand and MPN identity exactly match authoritative catalog data, then rebuild the plan. If not sold, record an explicit not-sold disposition."
catalog_identity_correction,catalog_product_missing_or_identifier_mismatch,"Catalog identity gap",columbia,hh10extlong,HH10-EXTLONG,"HH10 EXTLONG","Octogon Tube for Hydro Handle for COL88 (HH10)",1,1,columbia-long-extendable-handle,,"Verify that this manufacturer part is intentionally sold. If sold, create/correct the WooCommerce product or variation so its protected SKU, brand and MPN identity exactly match authoritative catalog data, then rebuild the plan. If not sold, record an explicit not-sold disposition."
catalog_identity_correction,catalog_product_missing_or_identifier_mismatch,"Catalog identity gap",columbia,fa383,FA-383,"FA 383","1/4-20 x 3/8 Flat Head Screw (FA383)",1,1,columbia-matrix,,"Verify that this manufacturer part is intentionally sold. If sold, create/correct the WooCommerce product or variation so its protected SKU, brand and MPN identity exactly match authoritative catalog data, then rebuild the plan. If not sold, record an explicit not-sold disposition."
catalog_identity_correction,catalog_product_missing_or_identifier_mismatch,"Catalog identity gap",columbia,fa319,FA-319,"FA 319","3/8-16 Hex Nut (FA319)",1,1,columbia-matrix,,"Verify that this manufacturer part is intentionally sold. If sold, create/correct the WooCommerce product or variation so its protected SKU, brand and MPN identity exactly match authoritative catalog data, then rebuild the plan. If not sold, record an explicit not-sold disposition."
catalog_identity_correction,catalog_product_missing_or_identifier_mismatch,"Catalog identity gap",columbia,mh14,MH-14,"MH 14","Matrix Extendable Flat Box Handle (MH)",1,1,columbia-matrix,,"Verify that this manufacturer part is intentionally sold. If sold, create/correct the WooCommerce product or variation so its protected SKU, brand and MPN identity exactly match authoritative catalog data, then rebuild the plan. If not sold, record an explicit not-sold disposition."
catalog_identity_correction,catalog_product_missing_or_identifier_mismatch,"Catalog identity gap",columbia,cr2a,CR-2A,"CR 2A","Corner Roller (CR)",1,1,columbia-inside-corner-roller,,"Verify that this manufacturer part is intentionally sold. If sold, create/correct the WooCommerce product or variation so its protected SKU, brand and MPN identity exactly match authoritative catalog data, then rebuild the plan. If not sold, record an explicit not-sold disposition."
catalog_identity_correction,catalog_product_missing_or_identifier_mismatch,"Catalog identity gap",columbia,cr2b,CR-2B,"CR 2B","Corner Roller (CR)",1,1,columbia-inside-corner-roller,,"Verify that this manufacturer part is intentionally sold. If sold, create/correct the WooCommerce product or variation so its protected SKU, brand and MPN identity exactly match authoritative catalog data, then rebuild the plan. If not sold, record an explicit not-sold disposition."
catalog_identity_correction,catalog_product_missing_or_identifier_mismatch,"Catalog identity gap",columbia,mp27b,MP-27B,"MP 27B","Mud Pump O-Ring Retainer B (MP27B)",1,1,columbia-gooseneck-adapter,,"Verify that this manufacturer part is intentionally sold. If sold, create/correct the WooCommerce product or variation so its protected SKU, brand and MPN identity exactly match authoritative catalog data, then rebuild the plan. If not sold, record an explicit not-sold disposition."
catalog_identity_correction,catalog_product_missing_or_identifier_mismatch,"Catalog identity gap",columbia,mp27c,MP-27C,"MP 27C","Mud Pump O Ring Retainer - MP27C (MP-27C)",1,1,columbia-gooseneck-adapter,,"Verify that this manufacturer part is intentionally sold. If sold, create/correct the WooCommerce product or variation so its protected SKU, brand and MPN identity exactly match authoritative catalog data, then rebuild the plan. If not sold, record an explicit not-sold disposition."
catalog_identity_correction,catalog_product_missing_or_identifier_mismatch,"Catalog identity gap",columbia,mp27,MP-27,"MP 27","Mud Pump O-Ring Retainer (MP27)",1,1,columbia-gooseneck-adapter,,"Verify that this manufacturer part is intentionally sold. If sold, create/correct the WooCommerce product or variation so its protected SKU, brand and MPN identity exactly match authoritative catalog data, then rebuild the plan. If not sold, record an explicit not-sold disposition."
catalog_identity_correction,catalog_product_missing_or_identifier_mismatch,"Catalog identity gap",columbia,bh8-3,BH-8-3,"BH 8-3'","3 ft Box Handle 8 in (BH8-3)",1,1,columbia-flat-box-handle,,"Verify that this manufacturer part is intentionally sold. If sold, create/correct the WooCommerce product or variation so its protected SKU, brand and MPN identity exactly match authoritative catalog data, then rebuild the plan. If not sold, record an explicit not-sold disposition."
catalog_identity_correction,catalog_product_missing_or_identifier_mismatch,"Catalog identity gap",columbia,ffb1b,FFB1B,FFB1B,"Flat Box Body 1B (FFB1B)",1,1,columbia-flat-box,,"Verify that this manufacturer part is intentionally sold. If sold, create/correct the WooCommerce product or variation so its protected SKU, brand and MPN identity exactly match authoritative catalog data, then rebuild the plan. If not sold, record an explicit not-sold disposition."
catalog_identity_correction,catalog_product_missing_or_identifier_mismatch,"Catalog identity gap",columbia,hffb1-10,HFFB1-10,HFFB1-10',"10 in Heavy Flat Box Body (HFFB1-10)",1,1,columbia-flat-box,,"Verify that this manufacturer part is intentionally sold. If sold, create/correct the WooCommerce product or variation so its protected SKU, brand and MPN identity exactly match authoritative catalog data, then rebuild the plan. If not sold, record an explicit not-sold disposition."
catalog_identity_correction,catalog_product_missing_or_identifier_mismatch,"Catalog identity gap",columbia,hffb4-10,HFFB4-10,HFFB4-10',"10 in Heavy Flat Box Door (HFFB4-10)",1,1,columbia-flat-box,,"Verify that this manufacturer part is intentionally sold. If sold, create/correct the WooCommerce product or variation so its protected SKU, brand and MPN identity exactly match authoritative catalog data, then rebuild the plan. If not sold, record an explicit not-sold disposition."
catalog_identity_correction,catalog_product_missing_or_identifier_mismatch,"Catalog identity gap",columbia,ff812,FF8-12,"FF8 12","Adjuster Dial Assy (5.5,7,8,10)",1,1,columbia-fat-boy-box,,"Verify that this manufacturer part is intentionally sold. If sold, create/correct the WooCommerce product or variation so its protected SKU, brand and MPN identity exactly match authoritative catalog data, then rebuild the plan. If not sold, record an explicit not-sold disposition."
catalog_identity_correction,catalog_product_missing_or_identifier_mismatch,"Catalog identity gap",columbia,ffb16a,FFB-16A,"FFB 16A","Flat Box Handle Bracket 16A (FFB 16A)",1,1,columbia-fat-boy-box,,"Verify that this manufacturer part is intentionally sold. If sold, create/correct the WooCommerce product or variation so its protected SKU, brand and MPN identity exactly match authoritative catalog data, then rebuild the plan. If not sold, record an explicit not-sold disposition."
catalog_identity_correction,catalog_product_missing_or_identifier_mismatch,"Catalog identity gap",columbia,ff819,FF8-19,"FF8 19","Brass Adjuster Pin (FFB19)",1,1,columbia-fat-boy-box,,"Verify that this manufacturer part is intentionally sold. If sold, create/correct the WooCommerce product or variation so its protected SKU, brand and MPN identity exactly match authoritative catalog data, then rebuild the plan. If not sold, record an explicit not-sold disposition."
catalog_identity_correction,catalog_product_missing_or_identifier_mismatch,"Catalog identity gap",columbia,ffb2s-10,FFB-2S-10,"FFB 2S-10","Flat Box Side Plate 10 in Short (FFB 2S-10)",1,1,columbia-fat-boy-box,,"Verify that this manufacturer part is intentionally sold. If sold, create/correct the WooCommerce product or variation so its protected SKU, brand and MPN identity exactly match authoritative catalog data, then rebuild the plan. If not sold, record an explicit not-sold disposition."
catalog_identity_correction,catalog_product_missing_or_identifier_mismatch,"Catalog identity gap",columbia,ff8a10-10,FF8A-10-10,"FF8A 10-10","Blade Bar Assembly 10 in (FFBA10-10)",1,1,columbia-fat-boy-box,,"Verify that this manufacturer part is intentionally sold. If sold, create/correct the WooCommerce product or variation so its protected SKU, brand and MPN identity exactly match authoritative catalog data, then rebuild the plan. If not sold, record an explicit not-sold disposition."
catalog_identity_correction,catalog_product_missing_or_identifier_mismatch,"Catalog identity gap",columbia,hffb1a,HFFB-1A,"HFFB 1A","Heavy Flat Box Body 1A (HFFB1A)",1,1,columbia-fat-boy-box,,"Verify that this manufacturer part is intentionally sold. If sold, create/correct the WooCommerce product or variation so its protected SKU, brand and MPN identity exactly match authoritative catalog data, then rebuild the plan. If not sold, record an explicit not-sold disposition."
catalog_identity_correction,catalog_product_missing_or_identifier_mismatch,"Catalog identity gap",columbia,ff84c,FF8-4C,"FF8 4C","Flat Box Corner Blade Assembly 4 in (FFB4C)",1,1,columbia-fat-boy-box,,"Verify that this manufacturer part is intentionally sold. If sold, create/correct the WooCommerce product or variation so its protected SKU, brand and MPN identity exactly match authoritative catalog data, then rebuild the plan. If not sold, record an explicit not-sold disposition."
catalog_identity_correction,catalog_product_missing_or_identifier_mismatch,"Catalog identity gap",columbia,fa279,FA-279,"FA 279","10-24 X 1-1/4in Hex Bolt (FA279)",1,1,columbia-fat-boy-box,,"Verify that this manufacturer part is intentionally sold. If sold, create/correct the WooCommerce product or variation so its protected SKU, brand and MPN identity exactly match authoritative catalog data, then rebuild the plan. If not sold, record an explicit not-sold disposition."
catalog_identity_correction,catalog_product_missing_or_identifier_mismatch,"Catalog identity gap",columbia,hfb17,HFB-17,"HFB 17","Heavy Flat Box Wheel Set (HFFB17)",1,1,columbia-fat-boy-box,,"Verify that this manufacturer part is intentionally sold. If sold, create/correct the WooCommerce product or variation so its protected SKU, brand and MPN identity exactly match authoritative catalog data, then rebuild the plan. If not sold, record an explicit not-sold disposition."
catalog_identity_correction,catalog_product_missing_or_identifier_mismatch,"Catalog identity gap",columbia,fa266,FA-266,"FA 266","8-32 X 1"" Flat Head Screw (FA266)",1,1,columbia-direct-corner-flusher,,"Verify that this manufacturer part is intentionally sold. If sold, create/correct the WooCommerce product or variation so its protected SKU, brand and MPN identity exactly match authoritative catalog data, then rebuild the plan. If not sold, record an explicit not-sold disposition."
catalog_identity_correction,catalog_product_missing_or_identifier_mismatch,"Catalog identity gap",columbia,cf38,CF-38,"CF 38","Corner Flusher Skid Long (CF38)",1,1,columbia-direct-corner-flusher,,"Verify that this manufacturer part is intentionally sold. If sold, create/correct the WooCommerce product or variation so its protected SKU, brand and MPN identity exactly match authoritative catalog data, then rebuild the plan. If not sold, record an explicit not-sold disposition."
catalog_identity_correction,catalog_product_missing_or_identifier_mismatch,"Catalog identity gap",columbia,cf15-35,CF-15-3.5in,"CF 15-3.5""","Corner Flusher Tension Spring 15 x 3.5 in (CF15-3.5)",1,1,columbia-direct-corner-flusher,,"Verify that this manufacturer part is intentionally sold. If sold, create/correct the WooCommerce product or variation so its protected SKU, brand and MPN identity exactly match authoritative catalog data, then rebuild the plan. If not sold, record an explicit not-sold disposition."
catalog_identity_correction,catalog_product_missing_or_identifier_mismatch,"Catalog identity gap",columbia,fas26,FA-S26,"FA S26","6-32 x 1/4 Set Screw (FA S26)",1,1,columbia-direct-corner-flusher,,"Verify that this manufacturer part is intentionally sold. If sold, create/correct the WooCommerce product or variation so its protected SKU, brand and MPN identity exactly match authoritative catalog data, then rebuild the plan. If not sold, record an explicit not-sold disposition."
catalog_identity_correction,catalog_product_missing_or_identifier_mismatch,"Catalog identity gap",columbia,ah16,AH-16,"AH 16","Retaining Spring Backer (AH16)",1,1,columbia-angle-head,,"Verify that this manufacturer part is intentionally sold. If sold, create/correct the WooCommerce product or variation so its protected SKU, brand and MPN identity exactly match authoritative catalog data, then rebuild the plan. If not sold, record an explicit not-sold disposition."
catalog_identity_correction,catalog_product_missing_or_identifier_mismatch,"Catalog identity gap",columbia,ah11,AH-11,"AH 11","Return Spring Post Angle Head (AH11)",1,1,columbia-angle-head,,"Verify that this manufacturer part is intentionally sold. If sold, create/correct the WooCommerce product or variation so its protected SKU, brand and MPN identity exactly match authoritative catalog data, then rebuild the plan. If not sold, record an explicit not-sold disposition."
catalog_identity_correction,catalog_product_missing_or_identifier_mismatch,"Catalog identity gap",columbia,ah21,AH-21,"AH 21","Angle Head Hinge Spacer (AH21)",1,1,columbia-angle-head,,"Verify that this manufacturer part is intentionally sold. If sold, create/correct the WooCommerce product or variation so its protected SKU, brand and MPN identity exactly match authoritative catalog data, then rebuild the plan. If not sold, record an explicit not-sold disposition."
catalog_identity_correction,catalog_product_missing_or_identifier_mismatch,"Catalog identity gap",columbia,ah20,AH-20,"AH 20","Angle Head Pivot Pin (AH20)",1,1,columbia-angle-head,,"Verify that this manufacturer part is intentionally sold. If sold, create/correct the WooCommerce product or variation so its protected SKU, brand and MPN identity exactly match authoritative catalog data, then rebuild the plan. If not sold, record an explicit not-sold disposition."
catalog_identity_correction,catalog_product_missing_or_identifier_mismatch,"Catalog identity gap",columbia,ah22,AH-22,"AH 22","Angle Head Frame Clamp (AH22)",1,1,columbia-angle-head,,"Verify that this manufacturer part is intentionally sold. If sold, create/correct the WooCommerce product or variation so its protected SKU, brand and MPN identity exactly match authoritative catalog data, then rebuild the plan. If not sold, record an explicit not-sold disposition."
catalog_identity_correction,catalog_product_missing_or_identifier_mismatch,"Catalog identity gap",columbia,ab46,AB46,AB46,"Automatic Box Throttle Pin (AB46)",1,1,columbia-automatic-flat-box,,"Verify that this manufacturer part is intentionally sold. If sold, create/correct the WooCommerce product or variation so its protected SKU, brand and MPN identity exactly match authoritative catalog data, then rebuild the plan. If not sold, record an explicit not-sold disposition."
catalog_identity_correction,catalog_product_missing_or_identifier_mismatch,"Catalog identity gap",columbia,ab43,AB43,AB43,"Automatic Box Throttle Housing (AB43)",1,1,columbia-automatic-flat-box,,"Verify that this manufacturer part is intentionally sold. If sold, create/correct the WooCommerce product or variation so its protected SKU, brand and MPN identity exactly match authoritative catalog data, then rebuild the plan. If not sold, record an explicit not-sold disposition."
catalog_identity_correction,catalog_product_missing_or_identifier_mismatch,"Catalog identity gap",columbia,ab47,AB47,AB47,"Automatic Box Thumb Valve (AB47)",1,1,columbia-automatic-flat-box,,"Verify that this manufacturer part is intentionally sold. If sold, create/correct the WooCommerce product or variation so its protected SKU, brand and MPN identity exactly match authoritative catalog data, then rebuild the plan. If not sold, record an explicit not-sold disposition."
catalog_identity_correction,catalog_product_missing_or_identifier_mismatch,"Catalog identity gap",columbia,ab3aleft,AB3A-LEFT,"AB3A LEFT","Automatic Box End Plate Left (AB3A LEFT)",1,1,columbia-automatic-flat-box,,"Verify that this manufacturer part is intentionally sold. If sold, create/correct the WooCommerce product or variation so its protected SKU, brand and MPN identity exactly match authoritative catalog data, then rebuild the plan. If not sold, record an explicit not-sold disposition."
catalog_identity_correction,catalog_product_missing_or_identifier_mismatch,"Catalog identity gap",columbia,ab42,AB42,AB42,"Automatic Box Air Valve Body (AB42)",1,1,columbia-automatic-flat-box,,"Verify that this manufacturer part is intentionally sold. If sold, create/correct the WooCommerce product or variation so its protected SKU, brand and MPN identity exactly match authoritative catalog data, then rebuild the plan. If not sold, record an explicit not-sold disposition."
catalog_identity_correction,catalog_product_missing_or_identifier_mismatch,"Catalog identity gap",columbia,fa318,FA318,FA318,"3/8-16 x 1-1/4 Hex Bolt (FA318)",1,1,columbia-automatic-flat-box,,"Verify that this manufacturer part is intentionally sold. If sold, create/correct the WooCommerce product or variation so its protected SKU, brand and MPN identity exactly match authoritative catalog data, then rebuild the plan. If not sold, record an explicit not-sold disposition."
catalog_identity_correction,catalog_product_missing_or_identifier_mismatch,"Catalog identity gap",columbia,ab52,AB52,AB52,"Automatic Box Thumb Valve Seat (AB52)",1,1,columbia-automatic-flat-box,,"Verify that this manufacturer part is intentionally sold. If sold, create/correct the WooCommerce product or variation so its protected SKU, brand and MPN identity exactly match authoritative catalog data, then rebuild the plan. If not sold, record an explicit not-sold disposition."
catalog_identity_correction,catalog_product_missing_or_identifier_mismatch,"Catalog identity gap",columbia,ab40,AB40,AB40,"Automatic Box Air Valve Seat (AB40)",1,1,columbia-automatic-flat-box,,"Verify that this manufacturer part is intentionally sold. If sold, create/correct the WooCommerce product or variation so its protected SKU, brand and MPN identity exactly match authoritative catalog data, then rebuild the plan. If not sold, record an explicit not-sold disposition."
catalog_identity_correction,catalog_product_missing_or_identifier_mismatch,"Catalog identity gap",columbia,ab41,AB41,AB41,"Automatic Box Air Valve Stem (AB41)",1,1,columbia-automatic-flat-box,,"Verify that this manufacturer part is intentionally sold. If sold, create/correct the WooCommerce product or variation so its protected SKU, brand and MPN identity exactly match authoritative catalog data, then rebuild the plan. If not sold, record an explicit not-sold disposition."
catalog_identity_correction,catalog_product_missing_or_identifier_mismatch,"Catalog identity gap",columbia,ab50,AB50,AB50,"Automatic Box Pressure Spring (AB50)",1,1,columbia-automatic-flat-box,,"Verify that this manufacturer part is intentionally sold. If sold, create/correct the WooCommerce product or variation so its protected SKU, brand and MPN identity exactly match authoritative catalog data, then rebuild the plan. If not sold, record an explicit not-sold disposition."
catalog_identity_correction,catalog_product_missing_or_identifier_mismatch,"Catalog identity gap",columbia,ab48,AB48,AB48,"Automatic Box Air Valve O-Ring (AB48)",1,1,columbia-automatic-flat-box,,"Verify that this manufacturer part is intentionally sold. If sold, create/correct the WooCommerce product or variation so its protected SKU, brand and MPN identity exactly match authoritative catalog data, then rebuild the plan. If not sold, record an explicit not-sold disposition."
catalog_identity_correction,catalog_product_missing_or_identifier_mismatch,"Catalog identity gap",columbia,ab51,AB51,AB51,"Automatic Box Release Clip (AB51)",1,1,columbia-automatic-flat-box,,"Verify that this manufacturer part is intentionally sold. If sold, create/correct the WooCommerce product or variation so its protected SKU, brand and MPN identity exactly match authoritative catalog data, then rebuild the plan. If not sold, record an explicit not-sold disposition."
catalog_identity_correction,catalog_product_missing_or_identifier_mismatch,"Catalog identity gap",columbia,fa393,FA393,FA393,"6-32 x 1-1/2 Pan Head Screw (FA393)",1,1,columbia-automatic-flat-box,,"Verify that this manufacturer part is intentionally sold. If sold, create/correct the WooCommerce product or variation so its protected SKU, brand and MPN identity exactly match authoritative catalog data, then rebuild the plan. If not sold, record an explicit not-sold disposition."
catalog_identity_correction,catalog_product_missing_or_identifier_mismatch,"Catalog identity gap",columbia,ab54,AB54,AB54,"Automatic Box Air Valve Assembly (AB54)",1,1,columbia-automatic-flat-box,,"Verify that this manufacturer part is intentionally sold. If sold, create/correct the WooCommerce product or variation so its protected SKU, brand and MPN identity exactly match authoritative catalog data, then rebuild the plan. If not sold, record an explicit not-sold disposition."
catalog_identity_correction,catalog_product_missing_or_identifier_mismatch,"Catalog identity gap",columbia,fa328,FA328,FA328,"3/8 Flat Washer (FA328)",1,1,columbia-automatic-flat-box,,"Verify that this manufacturer part is intentionally sold. If sold, create/correct the WooCommerce product or variation so its protected SKU, brand and MPN identity exactly match authoritative catalog data, then rebuild the plan. If not sold, record an explicit not-sold disposition."
catalog_identity_correction,catalog_product_missing_or_identifier_mismatch,"Catalog identity gap",columbia,ab3aright,AB3A-RIGHT,"AB3A RIGHT","Automatic Box End Plate Right (AB3A RIGHT)",1,1,columbia-automatic-flat-box,,"Verify that this manufacturer part is intentionally sold. If sold, create/correct the WooCommerce product or variation so its protected SKU, brand and MPN identity exactly match authoritative catalog data, then rebuild the plan. If not sold, record an explicit not-sold disposition."
catalog_identity_correction,catalog_product_missing_or_identifier_mismatch,"Catalog identity gap",columbia,ffb24-10,FFB24-10,FFB24-10,"Flat Box Wheel Axle 24 in 10 in (FFB24-10)",1,1,columbia-automatic-flat-box,,"Verify that this manufacturer part is intentionally sold. If sold, create/correct the WooCommerce product or variation so its protected SKU, brand and MPN identity exactly match authoritative catalog data, then rebuild the plan. If not sold, record an explicit not-sold disposition."
catalog_identity_correction,catalog_product_missing_or_identifier_mismatch,"Catalog identity gap",columbia,mp9a,MP-9A,"MP 9A","Connecting Chain (MP9A)",1,1,columbia-box-filler,,"Verify that this manufacturer part is intentionally sold. If sold, create/correct the WooCommerce product or variation so its protected SKU, brand and MPN identity exactly match authoritative catalog data, then rebuild the plan. If not sold, record an explicit not-sold disposition."
catalog_identity_correction,catalog_product_missing_or_identifier_mismatch,"Catalog identity gap",columbia,mp34,MP-34,"MP 34","Adaptor (MP34)",1,1,columbia-box-filler,,"Verify that this manufacturer part is intentionally sold. If sold, create/correct the WooCommerce product or variation so its protected SKU, brand and MPN identity exactly match authoritative catalog data, then rebuild the plan. If not sold, record an explicit not-sold disposition."
catalog_identity_correction,catalog_product_missing_or_identifier_mismatch,"Catalog identity gap",columbia,cmt1a-22,CMT-1A-22,"CMT 1A-22","Draw Tube 22 in (CMT1A-22)",1,1,columbia-cam-lock-tube,,"Verify that this manufacturer part is intentionally sold. If sold, create/correct the WooCommerce product or variation so its protected SKU, brand and MPN identity exactly match authoritative catalog data, then rebuild the plan. If not sold, record an explicit not-sold disposition."
catalog_identity_correction,catalog_product_missing_or_identifier_mismatch,"Catalog identity gap",columbia,clt16,CLT-16,"CLT 16","Cam Lock Tube End Cap (CLT16)",1,1,columbia-cam-lock-tube,,"Verify that this manufacturer part is intentionally sold. If sold, create/correct the WooCommerce product or variation so its protected SKU, brand and MPN identity exactly match authoritative catalog data, then rebuild the plan. If not sold, record an explicit not-sold disposition."
catalog_identity_correction,catalog_product_missing_or_identifier_mismatch,"Catalog identity gap",columbia,clt13,CLT-13,"CLT 13","Cam Lock Tube Cam Body (CLT13)",1,1,columbia-cam-lock-tube,,"Verify that this manufacturer part is intentionally sold. If sold, create/correct the WooCommerce product or variation so its protected SKU, brand and MPN identity exactly match authoritative catalog data, then rebuild the plan. If not sold, record an explicit not-sold disposition."
catalog_identity_correction,catalog_product_missing_or_identifier_mismatch,"Catalog identity gap",columbia,clt14,CLT-14,"CLT 14","Cam Lock Tube Locking Pin (CLT14)",1,1,columbia-cam-lock-tube,,"Verify that this manufacturer part is intentionally sold. If sold, create/correct the WooCommerce product or variation so its protected SKU, brand and MPN identity exactly match authoritative catalog data, then rebuild the plan. If not sold, record an explicit not-sold disposition."
catalog_identity_correction,catalog_product_missing_or_identifier_mismatch,"Catalog identity gap",columbia,clt12,CLT-12,"CLT 12","Cam Lock Tube Locking Sleeve (CLT12)",1,1,columbia-cam-lock-tube,,"Verify that this manufacturer part is intentionally sold. If sold, create/correct the WooCommerce product or variation so its protected SKU, brand and MPN identity exactly match authoritative catalog data, then rebuild the plan. If not sold, record an explicit not-sold disposition."
catalog_identity_correction,catalog_product_missing_or_identifier_mismatch,"Catalog identity gap",columbia,fa347,FA-347,"FA 347","1/4-20 Nyloc Nut (FA347)",1,1,columbia-cam-lock-tube,,"Verify that this manufacturer part is intentionally sold. If sold, create/correct the WooCommerce product or variation so its protected SKU, brand and MPN identity exactly match authoritative catalog data, then rebuild the plan. If not sold, record an explicit not-sold disposition."
catalog_identity_correction,catalog_product_missing_or_identifier_mismatch,"Catalog identity gap",columbia,fa348,FA-348,"FA 348","1/4 Flat Washer (FA348)",1,1,columbia-cam-lock-tube,,"Verify that this manufacturer part is intentionally sold. If sold, create/correct the WooCommerce product or variation so its protected SKU, brand and MPN identity exactly match authoritative catalog data, then rebuild the plan. If not sold, record an explicit not-sold disposition."
catalog_identity_correction,catalog_product_missing_or_identifier_mismatch,"Catalog identity gap",columbia,cmh8,CMH-8,"CMH 8","Closet Monster 18"" Flat Box Handle (CMH)",1,1,columbia-closet-monster-flat-box-handle,,"Verify that this manufacturer part is intentionally sold. If sold, create/correct the WooCommerce product or variation so its protected SKU, brand and MPN identity exactly match authoritative catalog data, then rebuild the plan. If not sold, record an explicit not-sold disposition."
catalog_identity_correction,catalog_product_missing_or_identifier_mismatch,"Catalog identity gap",columbia,ah15,AH-15,"AH 15","Handle Ball (AH15)",1,1,columbia-closet-monster-flat-box-handle,,"Verify that this manufacturer part is intentionally sold. If sold, create/correct the WooCommerce product or variation so its protected SKU, brand and MPN identity exactly match authoritative catalog data, then rebuild the plan. If not sold, record an explicit not-sold disposition."
catalog_identity_correction,catalog_product_missing_or_identifier_mismatch,"Catalog identity gap",columbia,cmh2,CMH-2,"CMH 2","Closet Monster 18"" Flat Box Handle (CMH)",1,1,columbia-closet-monster-flat-box-handle,,"Verify that this manufacturer part is intentionally sold. If sold, create/correct the WooCommerce product or variation so its protected SKU, brand and MPN identity exactly match authoritative catalog data, then rebuild the plan. If not sold, record an explicit not-sold disposition."
catalog_identity_correction,catalog_product_missing_or_identifier_mismatch,"Catalog identity gap",columbia,fa325,FA-325,"FA 325","3/8-16 x 1-1/2 Socket Head Screw (FA325)",1,1,columbia-closet-monster-flat-box-handle,,"Verify that this manufacturer part is intentionally sold. If sold, create/correct the WooCommerce product or variation so its protected SKU, brand and MPN identity exactly match authoritative catalog data, then rebuild the plan. If not sold, record an explicit not-sold disposition."
catalog_identity_correction,catalog_product_missing_or_identifier_mismatch,"Catalog identity gap",columbia,cc12,CC12,CC12,"Corner Cobra Adjustable Inside & Outside Corner Roller (CC)",1,1,columbia-corner-cobra,,"Verify that this manufacturer part is intentionally sold. If sold, create/correct the WooCommerce product or variation so its protected SKU, brand and MPN identity exactly match authoritative catalog data, then rebuild the plan. If not sold, record an explicit not-sold disposition."
catalog_identity_correction,catalog_product_missing_or_identifier_mismatch,"Catalog identity gap",columbia,fa358,FA358,FA358,"3/8-16 Nyloc Nut (FA358)",1,1,columbia-corner-cobra,,"Verify that this manufacturer part is intentionally sold. If sold, create/correct the WooCommerce product or variation so its protected SKU, brand and MPN identity exactly match authoritative catalog data, then rebuild the plan. If not sold, record an explicit not-sold disposition."
catalog_identity_correction,catalog_product_missing_or_identifier_mismatch,"Catalog identity gap",columbia,cc17,CC17,CC17,"Corner Cobra Adjustable Inside & Outside Corner Roller (CC)",1,1,columbia-corner-cobra,,"Verify that this manufacturer part is intentionally sold. If sold, create/correct the WooCommerce product or variation so its protected SKU, brand and MPN identity exactly match authoritative catalog data, then rebuild the plan. If not sold, record an explicit not-sold disposition."
catalog_identity_correction,catalog_product_missing_or_identifier_mismatch,"Catalog identity gap",columbia,fa355,FA355,FA355,"3/8-16 x 5/8 Flat Head Screw (FA355)",1,1,columbia-corner-cobra,,"Verify that this manufacturer part is intentionally sold. If sold, create/correct the WooCommerce product or variation so its protected SKU, brand and MPN identity exactly match authoritative catalog data, then rebuild the plan. If not sold, record an explicit not-sold disposition."
catalog_identity_correction,catalog_product_missing_or_identifier_mismatch,"Catalog identity gap",columbia,hh21,HH21,HH21,"Reservoir Piston Spring for COL88 (HH21)",1,1,columbia-corner-cobra,,"Verify that this manufacturer part is intentionally sold. If sold, create/correct the WooCommerce product or variation so its protected SKU, brand and MPN identity exactly match authoritative catalog data, then rebuild the plan. If not sold, record an explicit not-sold disposition."
catalog_identity_correction,catalog_product_missing_or_identifier_mismatch,"Catalog identity gap",columbia,cc18,CC18,CC18,"Corner Cobra Adjustable Inside & Outside Corner Roller (CC)",1,1,columbia-corner-cobra,,"Verify that this manufacturer part is intentionally sold. If sold, create/correct the WooCommerce product or variation so its protected SKU, brand and MPN identity exactly match authoritative catalog data, then rebuild the plan. If not sold, record an explicit not-sold disposition."
catalog_identity_correction,catalog_product_missing_or_identifier_mismatch,"Catalog identity gap",columbia,fa28,FA28,FA28,"#8 Lock Washer (FA28)",1,1,columbia-corner-cobra,,"Verify that this manufacturer part is intentionally sold. If sold, create/correct the WooCommerce product or variation so its protected SKU, brand and MPN identity exactly match authoritative catalog data, then rebuild the plan. If not sold, record an explicit not-sold disposition."
catalog_identity_correction,catalog_product_missing_or_identifier_mismatch,"Catalog identity gap",columbia,fa359,FA359,FA359,"3/8 x 1/2 Roll Pin (FA359)",1,1,columbia-corner-cobra,,"Verify that this manufacturer part is intentionally sold. If sold, create/correct the WooCommerce product or variation so its protected SKU, brand and MPN identity exactly match authoritative catalog data, then rebuild the plan. If not sold, record an explicit not-sold disposition."
catalog_identity_correction,catalog_product_missing_or_identifier_mismatch,"Catalog identity gap",columbia,fa360,FA360,FA360,"3/8 Lock Washer (FA360)",1,1,columbia-corner-cobra,,"Verify that this manufacturer part is intentionally sold. If sold, create/correct the WooCommerce product or variation so its protected SKU, brand and MPN identity exactly match authoritative catalog data, then rebuild the plan. If not sold, record an explicit not-sold disposition."
catalog_identity_correction,catalog_product_missing_or_identifier_mismatch,"Catalog identity gap",columbia,cc16,CC16,CC16,"Corner Cobra Adjustable Inside & Outside Corner Roller (CC)",1,1,columbia-corner-cobra,,"Verify that this manufacturer part is intentionally sold. If sold, create/correct the WooCommerce product or variation so its protected SKU, brand and MPN identity exactly match authoritative catalog data, then rebuild the plan. If not sold, record an explicit not-sold disposition."
catalog_identity_correction,catalog_product_missing_or_identifier_mismatch,"Catalog identity gap",columbia,cc1a,CC1A,CC1A,"Corner Cobra Adjustable Inside & Outside Corner Roller (CC)",1,1,columbia-corner-cobra,,"Verify that this manufacturer part is intentionally sold. If sold, create/correct the WooCommerce product or variation so its protected SKU, brand and MPN identity exactly match authoritative catalog data, then rebuild the plan. If not sold, record an explicit not-sold disposition."
catalog_identity_correction,catalog_product_missing_or_identifier_mismatch,"Catalog identity gap",columbia,cc19,CC19,CC19,"Corner Cobra Adjustable Inside & Outside Corner Roller (CC)",1,1,columbia-corner-cobra,,"Verify that this manufacturer part is intentionally sold. If sold, create/correct the WooCommerce product or variation so its protected SKU, brand and MPN identity exactly match authoritative catalog data, then rebuild the plan. If not sold, record an explicit not-sold disposition."
catalog_identity_correction,catalog_product_missing_or_identifier_mismatch,"Catalog identity gap",columbia,fa326,FA-326,"FA 326","Rivet - Flusher (FA326)",1,1,columbia-combo-flusher,,"Verify that this manufacturer part is intentionally sold. If sold, create/correct the WooCommerce product or variation so its protected SKU, brand and MPN identity exactly match authoritative catalog data, then rebuild the plan. If not sold, record an explicit not-sold disposition."
catalog_identity_correction,catalog_product_missing_or_identifier_mismatch,"Catalog identity gap",columbia,cmt1a-24,CMT1A-24in,"CMT1A-24""","Draw Tube - 24"" (CMT1A-24)",1,1,columbia-compound-tube,,"Verify that this manufacturer part is intentionally sold. If sold, create/correct the WooCommerce product or variation so its protected SKU, brand and MPN identity exactly match authoritative catalog data, then rebuild the plan. If not sold, record an explicit not-sold disposition."
catalog_identity_correction,catalog_product_missing_or_identifier_mismatch,"Catalog identity gap",columbia,cmt2,CMT2,CMT2,"Cone insert(Bottom)",1,1,columbia-compound-tube,,"Verify that this manufacturer part is intentionally sold. If sold, create/correct the WooCommerce product or variation so its protected SKU, brand and MPN identity exactly match authoritative catalog data, then rebuild the plan. If not sold, record an explicit not-sold disposition."
catalog_identity_correction,catalog_product_missing_or_identifier_mismatch,"Catalog identity gap",columbia,mp7b,MP7B,MP7B,"Mud Pump O-Ring Retainer B (MP7B)",1,1,columbia-mud-pump,,"Verify that this manufacturer part is intentionally sold. If sold, create/correct the WooCommerce product or variation so its protected SKU, brand and MPN identity exactly match authoritative catalog data, then rebuild the plan. If not sold, record an explicit not-sold disposition."
catalog_identity_correction,catalog_product_missing_or_identifier_mismatch,"Catalog identity gap",columbia,mp8b,MP8B,MP8B,"Mud Pump Valve Spring B (MP8B)",1,1,columbia-mud-pump,,"Verify that this manufacturer part is intentionally sold. If sold, create/correct the WooCommerce product or variation so its protected SKU, brand and MPN identity exactly match authoritative catalog data, then rebuild the plan. If not sold, record an explicit not-sold disposition."
catalog_identity_correction,catalog_product_missing_or_identifier_mismatch,"Catalog identity gap",columbia,hp48b,HP48B,HP48B,"Hot Mud Pump HP48 Body B (HP48B)",1,1,columbia-mud-pump,,"Verify that this manufacturer part is intentionally sold. If sold, create/correct the WooCommerce product or variation so its protected SKU, brand and MPN identity exactly match authoritative catalog data, then rebuild the plan. If not sold, record an explicit not-sold disposition."
catalog_identity_correction,catalog_product_missing_or_identifier_mismatch,"Catalog identity gap",columbia,fa371,FA371,FA371,"10-24 x 7/8 Hex Bolt (FA371)",1,1,columbia-nailspotter,,"Verify that this manufacturer part is intentionally sold. If sold, create/correct the WooCommerce product or variation so its protected SKU, brand and MPN identity exactly match authoritative catalog data, then rebuild the plan. If not sold, record an explicit not-sold disposition."
catalog_identity_correction,catalog_product_missing_or_identifier_mismatch,"Catalog identity gap",columbia,fa375,FA375,FA375,"10-32 x 3/8 Flat Head Screw (FA375)",1,1,columbia-nailspotter,,"Verify that this manufacturer part is intentionally sold. If sold, create/correct the WooCommerce product or variation so its protected SKU, brand and MPN identity exactly match authoritative catalog data, then rebuild the plan. If not sold, record an explicit not-sold disposition."
catalog_identity_correction,catalog_product_missing_or_identifier_mismatch,"Catalog identity gap",columbia,hns14a,HNS14A,HNS14A,"Handle Link New Style (HNS14A)",1,1,columbia-nailspotter,,"Verify that this manufacturer part is intentionally sold. If sold, create/correct the WooCommerce product or variation so its protected SKU, brand and MPN identity exactly match authoritative catalog data, then rebuild the plan. If not sold, record an explicit not-sold disposition."
catalog_identity_correction,catalog_product_missing_or_identifier_mismatch,"Catalog identity gap",columbia,hns14-pr,HNS14-PR,HNS14-PR,"Nail Spotter 14 in Pad and Rod Assembly (HNS14PR)",1,1,columbia-nailspotter,,"Verify that this manufacturer part is intentionally sold. If sold, create/correct the WooCommerce product or variation so its protected SKU, brand and MPN identity exactly match authoritative catalog data, then rebuild the plan. If not sold, record an explicit not-sold disposition."
catalog_identity_correction,catalog_product_missing_or_identifier_mismatch,"Catalog identity gap",columbia,hns19-3,HNS19-3,HNS19-3',"Triangle Shoe 3 in (HNS19-3”)",1,1,columbia-nailspotter,,"Verify that this manufacturer part is intentionally sold. If sold, create/correct the WooCommerce product or variation so its protected SKU, brand and MPN identity exactly match authoritative catalog data, then rebuild the plan. If not sold, record an explicit not-sold disposition."
catalog_identity_correction,catalog_product_missing_or_identifier_mismatch,"Catalog identity gap",columbia,fa314,FA314,FA314,"10-24 X 1-1/2 Pan Slot (FA314)",1,1,columbia-nailspotter,,"Verify that this manufacturer part is intentionally sold. If sold, create/correct the WooCommerce product or variation so its protected SKU, brand and MPN identity exactly match authoritative catalog data, then rebuild the plan. If not sold, record an explicit not-sold disposition."
catalog_identity_correction,catalog_product_missing_or_identifier_mismatch,"Catalog identity gap",columbia,ffb1a,FFB1A,FFB1A,"Nail Spotter Flat Plate 1A (FFB1A)",1,1,columbia-nailspotter,,"Verify that this manufacturer part is intentionally sold. If sold, create/correct the WooCommerce product or variation so its protected SKU, brand and MPN identity exactly match authoritative catalog data, then rebuild the plan. If not sold, record an explicit not-sold disposition."
catalog_identity_correction,catalog_product_missing_or_identifier_mismatch,"Catalog identity gap",columbia,hns3,HNS-3,"HNS 3","Nail Spotter Front Plate (HNS3)",1,1,columbia-nailspotter,,"Verify that this manufacturer part is intentionally sold. If sold, create/correct the WooCommerce product or variation so its protected SKU, brand and MPN identity exactly match authoritative catalog data, then rebuild the plan. If not sold, record an explicit not-sold disposition."
catalog_identity_correction,catalog_product_missing_or_identifier_mismatch,"Catalog identity gap",columbia,hns2-3,HNS2-3,HNS2-3',"Nail Spotter Front Plate (HNS3)",1,1,columbia-nailspotter,,"Verify that this manufacturer part is intentionally sold. If sold, create/correct the WooCommerce product or variation so its protected SKU, brand and MPN identity exactly match authoritative catalog data, then rebuild the plan. If not sold, record an explicit not-sold disposition."
catalog_identity_correction,catalog_product_missing_or_identifier_mismatch,"Catalog identity gap",columbia,hns9-3,HNS9-3,HNS9-3',"Face Plate 3 in (HNS9-3”)",1,1,columbia-nailspotter,,"Verify that this manufacturer part is intentionally sold. If sold, create/correct the WooCommerce product or variation so its protected SKU, brand and MPN identity exactly match authoritative catalog data, then rebuild the plan. If not sold, record an explicit not-sold disposition."
catalog_identity_correction,catalog_product_missing_or_identifier_mismatch,"Catalog identity gap",columbia,hns2a,HNS2A,HNS2A,"Rollface Post (HNS2A)",1,1,columbia-nailspotter,,"Verify that this manufacturer part is intentionally sold. If sold, create/correct the WooCommerce product or variation so its protected SKU, brand and MPN identity exactly match authoritative catalog data, then rebuild the plan. If not sold, record an explicit not-sold disposition."
catalog_identity_correction,catalog_product_missing_or_identifier_mismatch,"Catalog identity gap",columbia,ct121b,CT121B,CT121B,"Tape Spool Shaft (Quick Release)",1,1,columbia-predator-taper,,"Verify that this manufacturer part is intentionally sold. If sold, create/correct the WooCommerce product or variation so its protected SKU, brand and MPN identity exactly match authoritative catalog data, then rebuild the plan. If not sold, record an explicit not-sold disposition."
catalog_identity_correction,catalog_product_missing_or_identifier_mismatch,"Catalog identity gap",columbia,ct118a,CT118A,CT118A,"Retaining Spring Clip(Quick Realease)",1,1,columbia-predator-taper,,"Verify that this manufacturer part is intentionally sold. If sold, create/correct the WooCommerce product or variation so its protected SKU, brand and MPN identity exactly match authoritative catalog data, then rebuild the plan. If not sold, record an explicit not-sold disposition."
catalog_identity_correction,catalog_product_missing_or_identifier_mismatch,"Catalog identity gap",columbia,ct106a,CT106A,CT106A,"Taper Bearing Shaft - CT106 (CT-106A)",1,1,columbia-predator-taper,,"Verify that this manufacturer part is intentionally sold. If sold, create/correct the WooCommerce product or variation so its protected SKU, brand and MPN identity exactly match authoritative catalog data, then rebuild the plan. If not sold, record an explicit not-sold disposition."
catalog_identity_correction,catalog_product_missing_or_identifier_mismatch,"Catalog identity gap",columbia,ct123a,CT123A,CT123A,"Taper Retaining Spring Shaft (CT-123)",1,1,columbia-predator-taper,,"Verify that this manufacturer part is intentionally sold. If sold, create/correct the WooCommerce product or variation so its protected SKU, brand and MPN identity exactly match authoritative catalog data, then rebuild the plan. If not sold, record an explicit not-sold disposition."
catalog_identity_correction,catalog_product_missing_or_identifier_mismatch,"Catalog identity gap",columbia,ct117a,CT117A,CT117A,"Base-New (CT117A)",1,1,columbia-predator-taper,,"Verify that this manufacturer part is intentionally sold. If sold, create/correct the WooCommerce product or variation so its protected SKU, brand and MPN identity exactly match authoritative catalog data, then rebuild the plan. If not sold, record an explicit not-sold disposition."
catalog_identity_correction,catalog_product_missing_or_identifier_mismatch,"Catalog identity gap",columbia,ct122a,CT122A,CT122A,"Taper Strap - CT122 (CT-122A)",1,1,columbia-predator-taper,,"Verify that this manufacturer part is intentionally sold. If sold, create/correct the WooCommerce product or variation so its protected SKU, brand and MPN identity exactly match authoritative catalog data, then rebuild the plan. If not sold, record an explicit not-sold disposition."
catalog_identity_correction,catalog_product_missing_or_identifier_mismatch,"Catalog identity gap",columbia,cta128,CTA128,CTA128,"Predator Taper Shaft Guide Roller Bushing Assembly (CTA128)",1,1,columbia-predator-taper,,"Verify that this manufacturer part is intentionally sold. If sold, create/correct the WooCommerce product or variation so its protected SKU, brand and MPN identity exactly match authoritative catalog data, then rebuild the plan. If not sold, record an explicit not-sold disposition."
catalog_identity_correction,catalog_product_missing_or_identifier_mismatch,"Catalog identity gap",columbia,fa342,FA342,FA342,"1/4-20 x 3/4 Hex Bolt (FA342)",1,1,columbia-predator-taper,,"Verify that this manufacturer part is intentionally sold. If sold, create/correct the WooCommerce product or variation so its protected SKU, brand and MPN identity exactly match authoritative catalog data, then rebuild the plan. If not sold, record an explicit not-sold disposition."
catalog_identity_correction,catalog_product_missing_or_identifier_mismatch,"Catalog identity gap",columbia,ct128a,CT128A,CT128A,"Taper Shaft Guide Roller Bushing (CT128A)",1,1,columbia-predator-taper,,"Verify that this manufacturer part is intentionally sold. If sold, create/correct the WooCommerce product or variation so its protected SKU, brand and MPN identity exactly match authoritative catalog data, then rebuild the plan. If not sold, record an explicit not-sold disposition."
catalog_identity_correction,catalog_product_missing_or_identifier_mismatch,"Catalog identity gap",columbia,ct126pa,CT126PA,CT126PA,"Hand Grip Body Pump Action (CT126PA)",1,1,columbia-predator-taper,,"Verify that this manufacturer part is intentionally sold. If sold, create/correct the WooCommerce product or variation so its protected SKU, brand and MPN identity exactly match authoritative catalog data, then rebuild the plan. If not sold, record an explicit not-sold disposition."
catalog_identity_correction,catalog_product_missing_or_identifier_mismatch,"Catalog identity gap",columbia,cpt125b,CPT125B,CPT125B,"Teflon Threaded Insert (CPT125B)",1,1,columbia-predator-taper,,"Verify that this manufacturer part is intentionally sold. If sold, create/correct the WooCommerce product or variation so its protected SKU, brand and MPN identity exactly match authoritative catalog data, then rebuild the plan. If not sold, record an explicit not-sold disposition."
catalog_identity_correction,catalog_product_missing_or_identifier_mismatch,"Catalog identity gap",columbia,ct124b,CT124B,CT124B,"Grip Guard Ring Bottom (CT124B)",1,1,columbia-predator-taper,,"Verify that this manufacturer part is intentionally sold. If sold, create/correct the WooCommerce product or variation so its protected SKU, brand and MPN identity exactly match authoritative catalog data, then rebuild the plan. If not sold, record an explicit not-sold disposition."
catalog_identity_correction,catalog_product_missing_or_identifier_mismatch,"Catalog identity gap",columbia,ct124a,CT124A,CT124A,"Grip Guard Ring Top (CT124A)",1,1,columbia-predator-taper,,"Verify that this manufacturer part is intentionally sold. If sold, create/correct the WooCommerce product or variation so its protected SKU, brand and MPN identity exactly match authoritative catalog data, then rebuild the plan. If not sold, record an explicit not-sold disposition."
catalog_identity_correction,catalog_product_missing_or_identifier_mismatch,"Catalog identity gap",columbia,fa374,FA374,FA374,"10-32 x 1/4 Flat Head Screw (FA374)",1,1,columbia-predator-taper,,"Verify that this manufacturer part is intentionally sold. If sold, create/correct the WooCommerce product or variation so its protected SKU, brand and MPN identity exactly match authoritative catalog data, then rebuild the plan. If not sold, record an explicit not-sold disposition."
catalog_identity_correction,catalog_product_missing_or_identifier_mismatch,"Catalog identity gap",columbia,faj144,FAJ144,FAJ144,"Predator Joint Fastener 14-4 (FAJ144)",1,1,columbia-predator-taper,,"Verify that this manufacturer part is intentionally sold. If sold, create/correct the WooCommerce product or variation so its protected SKU, brand and MPN identity exactly match authoritative catalog data, then rebuild the plan. If not sold, record an explicit not-sold disposition."
catalog_identity_correction,catalog_product_missing_or_identifier_mismatch,"Catalog identity gap",columbia,ct94,CT94,CT94,"Mud Shut-Off Upper Plate (CT94)",1,1,columbia-predator-taper,,"Verify that this manufacturer part is intentionally sold. If sold, create/correct the WooCommerce product or variation so its protected SKU, brand and MPN identity exactly match authoritative catalog data, then rebuild the plan. If not sold, record an explicit not-sold disposition."
catalog_identity_correction,catalog_product_missing_or_identifier_mismatch,"Catalog identity gap",columbia,pa266,PA266,PA266,"Predator Taper Head Sub Assembly (PA266)",1,1,columbia-predator-taper,,"Verify that this manufacturer part is intentionally sold. If sold, create/correct the WooCommerce product or variation so its protected SKU, brand and MPN identity exactly match authoritative catalog data, then rebuild the plan. If not sold, record an explicit not-sold disposition."
catalog_identity_correction,catalog_product_missing_or_identifier_mismatch,"Catalog identity gap",columbia,ct794,CT794,CT794,"Predator Taper Mud Shut Off Upper Plate (CT794)",1,1,columbia-predator-taper,,"Verify that this manufacturer part is intentionally sold. If sold, create/correct the WooCommerce product or variation so its protected SKU, brand and MPN identity exactly match authoritative catalog data, then rebuild the plan. If not sold, record an explicit not-sold disposition."
catalog_identity_correction,catalog_product_missing_or_identifier_mismatch,"Catalog identity gap",columbia,ct624,CT624,CT624,"Predator Taper Needle Shaft Assembly (CT624)",1,1,columbia-predator-taper,,"Verify that this manufacturer part is intentionally sold. If sold, create/correct the WooCommerce product or variation so its protected SKU, brand and MPN identity exactly match authoritative catalog data, then rebuild the plan. If not sold, record an explicit not-sold disposition."
catalog_identity_correction,catalog_product_missing_or_identifier_mismatch,"Catalog identity gap",columbia,ct87-cl,CT87-CL,CT87-CL,"Cam Lock Taper Cap (CT87-CL)",1,1,columbia-predator-taper,,"Verify that this manufacturer part is intentionally sold. If sold, create/correct the WooCommerce product or variation so its protected SKU, brand and MPN identity exactly match authoritative catalog data, then rebuild the plan. If not sold, record an explicit not-sold disposition."
catalog_identity_correction,catalog_product_missing_or_identifier_mismatch,"Catalog identity gap",columbia,faz1s,FAZ1S,FAZ1S,"Predator Taper 4-40 x 1/8 Set Screw (FAZ1S)",1,1,columbia-predator-taper,,"Verify that this manufacturer part is intentionally sold. If sold, create/correct the WooCommerce product or variation so its protected SKU, brand and MPN identity exactly match authoritative catalog data, then rebuild the plan. If not sold, record an explicit not-sold disposition."
catalog_identity_correction,catalog_product_missing_or_identifier_mismatch,"Catalog identity gap",columbia,faz21s,FAZ21S,FAZ21S,"Predator Taper 6-32 x 1/8 Set Screw (FAZ21S)",1,1,columbia-predator-taper,,"Verify that this manufacturer part is intentionally sold. If sold, create/correct the WooCommerce product or variation so its protected SKU, brand and MPN identity exactly match authoritative catalog data, then rebuild the plan. If not sold, record an explicit not-sold disposition."
catalog_identity_correction,catalog_product_missing_or_identifier_mismatch,"Catalog identity gap",columbia,ct1r,CT1R,CT1R,"Head (No Holes for Cap) (CT1R)",1,1,columbia-predator-taper,,"Verify that this manufacturer part is intentionally sold. If sold, create/correct the WooCommerce product or variation so its protected SKU, brand and MPN identity exactly match authoritative catalog data, then rebuild the plan. If not sold, record an explicit not-sold disposition."
catalog_identity_correction,catalog_product_missing_or_identifier_mismatch,"Catalog identity gap",columbia,ct6r,CT6R,CT6R,"Taper Side Plate Right - CT6 (CT-6)",1,1,columbia-predator-taper,,"Verify that this manufacturer part is intentionally sold. If sold, create/correct the WooCommerce product or variation so its protected SKU, brand and MPN identity exactly match authoritative catalog data, then rebuild the plan. If not sold, record an explicit not-sold disposition."
catalog_identity_correction,catalog_product_missing_or_identifier_mismatch,"Catalog identity gap",columbia,ct34cl,CT34CL,CT34CL,"Cam Lock Cap Side Block (CT34-CL)",1,1,columbia-predator-taper,,"Verify that this manufacturer part is intentionally sold. If sold, create/correct the WooCommerce product or variation so its protected SKU, brand and MPN identity exactly match authoritative catalog data, then rebuild the plan. If not sold, record an explicit not-sold disposition."
catalog_identity_correction,catalog_product_missing_or_identifier_mismatch,"Catalog identity gap",columbia,pa2ls,PA2LS,PA2LS,"Predator Taper Left Side Assembly (PA2LS)",1,1,columbia-predator-taper,,"Verify that this manufacturer part is intentionally sold. If sold, create/correct the WooCommerce product or variation so its protected SKU, brand and MPN identity exactly match authoritative catalog data, then rebuild the plan. If not sold, record an explicit not-sold disposition."
catalog_identity_correction,catalog_product_missing_or_identifier_mismatch,"Catalog identity gap",columbia,ct240-dl,CT240-DL,CT240-DL,"Predator Taper Deep Lever Assembly (CT240-DL)",1,1,columbia-predator-taper,,"Verify that this manufacturer part is intentionally sold. If sold, create/correct the WooCommerce product or variation so its protected SKU, brand and MPN identity exactly match authoritative catalog data, then rebuild the plan. If not sold, record an explicit not-sold disposition."
catalog_identity_correction,catalog_product_missing_or_identifier_mismatch,"Catalog identity gap",columbia,faz20,FAZ20,FAZ20,"Predator Taper 6-32 x 3/4 Hex Bolt (FAZ20)",1,1,columbia-predator-taper,,"Verify that this manufacturer part is intentionally sold. If sold, create/correct the WooCommerce product or variation so its protected SKU, brand and MPN identity exactly match authoritative catalog data, then rebuild the plan. If not sold, record an explicit not-sold disposition."
catalog_identity_correction,catalog_product_missing_or_identifier_mismatch,"Catalog identity gap",columbia,faz07,FAZ07,FAZ07,"Predator Taper 4-40 x 3/16 Binder Slot (FAZ07)",1,1,columbia-predator-taper,,"Verify that this manufacturer part is intentionally sold. If sold, create/correct the WooCommerce product or variation so its protected SKU, brand and MPN identity exactly match authoritative catalog data, then rebuild the plan. If not sold, record an explicit not-sold disposition."
catalog_identity_correction,catalog_product_missing_or_identifier_mismatch,"Catalog identity gap",columbia,ct10i,CT10I,CT10I,"Taper Crimping Arm Bushing Right (CT10)",1,1,columbia-predator-taper,,"Verify that this manufacturer part is intentionally sold. If sold, create/correct the WooCommerce product or variation so its protected SKU, brand and MPN identity exactly match authoritative catalog data, then rebuild the plan. If not sold, record an explicit not-sold disposition."
catalog_identity_correction,catalog_product_missing_or_identifier_mismatch,"Catalog identity gap",columbia,faz2r,FAZ2R,FAZ2R,"Predator Taper 6-32 Nyloc Nut (FAZ2R)",1,1,columbia-predator-taper,,"Verify that this manufacturer part is intentionally sold. If sold, create/correct the WooCommerce product or variation so its protected SKU, brand and MPN identity exactly match authoritative catalog data, then rebuild the plan. If not sold, record an explicit not-sold disposition."
catalog_identity_correction,catalog_product_missing_or_identifier_mismatch,"Catalog identity gap",columbia,ct17,CT17,CT17,"Separation Plate (CT17)",1,1,columbia-predator-taper,,"Verify that this manufacturer part is intentionally sold. If sold, create/correct the WooCommerce product or variation so its protected SKU, brand and MPN identity exactly match authoritative catalog data, then rebuild the plan. If not sold, record an explicit not-sold disposition."
catalog_identity_correction,catalog_product_missing_or_identifier_mismatch,"Catalog identity gap",columbia,ct23,CT23,CT23,"Reinforcing Rod (CT23)",1,1,columbia-predator-taper,,"Verify that this manufacturer part is intentionally sold. If sold, create/correct the WooCommerce product or variation so its protected SKU, brand and MPN identity exactly match authoritative catalog data, then rebuild the plan. If not sold, record an explicit not-sold disposition."
catalog_identity_correction,catalog_product_missing_or_identifier_mismatch,"Catalog identity gap",columbia,faz6s,FAZ6S,FAZ6S,"Predator Taper 8-32 x 3/16 Set Screw (FAZ6S)",1,1,columbia-predator-taper,,"Verify that this manufacturer part is intentionally sold. If sold, create/correct the WooCommerce product or variation so its protected SKU, brand and MPN identity exactly match authoritative catalog data, then rebuild the plan. If not sold, record an explicit not-sold disposition."
catalog_identity_correction,catalog_product_missing_or_identifier_mismatch,"Catalog identity gap",columbia,ct726,CT726,CT726,"Predator Taper Drive Chain Predator (CT726)",1,1,columbia-predator-taper,,"Verify that this manufacturer part is intentionally sold. If sold, create/correct the WooCommerce product or variation so its protected SKU, brand and MPN identity exactly match authoritative catalog data, then rebuild the plan. If not sold, record an explicit not-sold disposition."
catalog_identity_correction,catalog_product_missing_or_identifier_mismatch,"Catalog identity gap",columbia,ct00,CT00,CT00,"Predator Taper Head Cover Plate (CT00)",1,1,columbia-predator-taper,,"Verify that this manufacturer part is intentionally sold. If sold, create/correct the WooCommerce product or variation so its protected SKU, brand and MPN identity exactly match authoritative catalog data, then rebuild the plan. If not sold, record an explicit not-sold disposition."
catalog_identity_correction,catalog_product_missing_or_identifier_mismatch,"Catalog identity gap",columbia,vaz10,VAZ10,VAZ10,"Predator Taper Valve Assembly Zinc (VAZ10)",1,1,columbia-predator-taper,,"Verify that this manufacturer part is intentionally sold. If sold, create/correct the WooCommerce product or variation so its protected SKU, brand and MPN identity exactly match authoritative catalog data, then rebuild the plan. If not sold, record an explicit not-sold disposition."
catalog_identity_correction,catalog_product_missing_or_identifier_mismatch,"Catalog identity gap",columbia,faz5s,FAZ5S,FAZ5S,"Predator Taper 8-32 x 1/4 Set Screw (FAZ5S)",1,1,columbia-predator-taper,,"Verify that this manufacturer part is intentionally sold. If sold, create/correct the WooCommerce product or variation so its protected SKU, brand and MPN identity exactly match authoritative catalog data, then rebuild the plan. If not sold, record an explicit not-sold disposition."
catalog_identity_correction,catalog_product_missing_or_identifier_mismatch,"Catalog identity gap",columbia,ct25,CT25,CT25,"Taper Knife Guide Square Tube (CT-25)",1,1,columbia-predator-taper,,"Verify that this manufacturer part is intentionally sold. If sold, create/correct the WooCommerce product or variation so its protected SKU, brand and MPN identity exactly match authoritative catalog data, then rebuild the plan. If not sold, record an explicit not-sold disposition."
catalog_identity_correction,catalog_product_missing_or_identifier_mismatch,"Catalog identity gap",columbia,faz54,FAZ54,FAZ54,"Predator Taper 3/8-16 x 3/4 Socket Head (FAZ54)",1,1,columbia-predator-taper,,"Verify that this manufacturer part is intentionally sold. If sold, create/correct the WooCommerce product or variation so its protected SKU, brand and MPN identity exactly match authoritative catalog data, then rebuild the plan. If not sold, record an explicit not-sold disposition."
catalog_identity_correction,catalog_product_missing_or_identifier_mismatch,"Catalog identity gap",columbia,paz49,PAZ49,PAZ49,"Predator Taper Zinc Pivot Pin (PAZ49)",1,1,columbia-predator-taper,,"Verify that this manufacturer part is intentionally sold. If sold, create/correct the WooCommerce product or variation so its protected SKU, brand and MPN identity exactly match authoritative catalog data, then rebuild the plan. If not sold, record an explicit not-sold disposition."
catalog_identity_correction,catalog_product_missing_or_identifier_mismatch,"Catalog identity gap",columbia,faz0a,FAZ0A,FAZ0A,"Predator Taper 4-40 Lock Washer (FAZ0A)",1,1,columbia-predator-taper,,"Verify that this manufacturer part is intentionally sold. If sold, create/correct the WooCommerce product or variation so its protected SKU, brand and MPN identity exactly match authoritative catalog data, then rebuild the plan. If not sold, record an explicit not-sold disposition."
catalog_identity_correction,catalog_product_missing_or_identifier_mismatch,"Catalog identity gap",columbia,ct364,CT364,CT364,"Predator Taper Knife Guide Bracket (CT364)",1,1,columbia-predator-taper,,"Verify that this manufacturer part is intentionally sold. If sold, create/correct the WooCommerce product or variation so its protected SKU, brand and MPN identity exactly match authoritative catalog data, then rebuild the plan. If not sold, record an explicit not-sold disposition."
catalog_identity_correction,catalog_product_missing_or_identifier_mismatch,"Catalog identity gap",columbia,ct840,CT840,CT840,"Predator Taper Control Valve Body (CT840)",1,1,columbia-predator-taper,,"Verify that this manufacturer part is intentionally sold. If sold, create/correct the WooCommerce product or variation so its protected SKU, brand and MPN identity exactly match authoritative catalog data, then rebuild the plan. If not sold, record an explicit not-sold disposition."
catalog_identity_correction,catalog_product_missing_or_identifier_mismatch,"Catalog identity gap",columbia,ct99,CT99,CT99,"Removable Cover Plate Pin (CT-99)",1,1,columbia-predator-taper,,"Verify that this manufacturer part is intentionally sold. If sold, create/correct the WooCommerce product or variation so its protected SKU, brand and MPN identity exactly match authoritative catalog data, then rebuild the plan. If not sold, record an explicit not-sold disposition."
catalog_identity_correction,catalog_product_missing_or_identifier_mismatch,"Catalog identity gap",columbia,ct790,CT790,CT790,"Predator Taper Rod Sleeve Housing (CT790)",1,1,columbia-predator-taper,,"Verify that this manufacturer part is intentionally sold. If sold, create/correct the WooCommerce product or variation so its protected SKU, brand and MPN identity exactly match authoritative catalog data, then rebuild the plan. If not sold, record an explicit not-sold disposition."
catalog_identity_correction,catalog_product_missing_or_identifier_mismatch,"Catalog identity gap",columbia,c78s,C78S,C78S,"Predator Carbon Fiber Drive Chain Short (C78S)",1,1,columbia-predator-taper,,"Verify that this manufacturer part is intentionally sold. If sold, create/correct the WooCommerce product or variation so its protected SKU, brand and MPN identity exactly match authoritative catalog data, then rebuild the plan. If not sold, record an explicit not-sold disposition."
catalog_identity_correction,catalog_product_missing_or_identifier_mismatch,"Catalog identity gap",columbia,faz14,FAZ14,FAZ14,"Predator Taper 4-40 x 3/8 Hex Bolt (FAZ14)",1,1,columbia-predator-taper,,"Verify that this manufacturer part is intentionally sold. If sold, create/correct the WooCommerce product or variation so its protected SKU, brand and MPN identity exactly match authoritative catalog data, then rebuild the plan. If not sold, record an explicit not-sold disposition."
catalog_identity_correction,catalog_product_missing_or_identifier_mismatch,"Catalog identity gap",columbia,ct24,CT24,CT24,"Predator Taper Brass Bushing (CT24)",1,1,columbia-predator-taper,,"Verify that this manufacturer part is intentionally sold. If sold, create/correct the WooCommerce product or variation so its protected SKU, brand and MPN identity exactly match authoritative catalog data, then rebuild the plan. If not sold, record an explicit not-sold disposition."
catalog_identity_correction,catalog_product_missing_or_identifier_mismatch,"Catalog identity gap",columbia,ct34,CT34,CT34,"Cover Plate Attachment Block (CT34)",1,1,columbia-predator-taper,,"Verify that this manufacturer part is intentionally sold. If sold, create/correct the WooCommerce product or variation so its protected SKU, brand and MPN identity exactly match authoritative catalog data, then rebuild the plan. If not sold, record an explicit not-sold disposition."
catalog_identity_correction,catalog_product_missing_or_identifier_mismatch,"Catalog identity gap",columbia,faz10,FAZ10,FAZ10,"Predator Taper 4-40 x 1/4 Fillister Slot (FAZ10)",1,1,columbia-predator-taper,,"Verify that this manufacturer part is intentionally sold. If sold, create/correct the WooCommerce product or variation so its protected SKU, brand and MPN identity exactly match authoritative catalog data, then rebuild the plan. If not sold, record an explicit not-sold disposition."
catalog_identity_correction,catalog_product_missing_or_identifier_mismatch,"Catalog identity gap",columbia,ct18,CT18,CT18,"Predator Taper Guide Bracket (CT18)",1,1,columbia-predator-taper,,"Verify that this manufacturer part is intentionally sold. If sold, create/correct the WooCommerce product or variation so its protected SKU, brand and MPN identity exactly match authoritative catalog data, then rebuild the plan. If not sold, record an explicit not-sold disposition."
catalog_identity_correction,catalog_product_missing_or_identifier_mismatch,"Catalog identity gap",columbia,fa2l3,FA2L3,FA2L3,"4-40 X 3/4"" Hex Bolt (FA283)",1,1,columbia-predator-taper,,"Verify that this manufacturer part is intentionally sold. If sold, create/correct the WooCommerce product or variation so its protected SKU, brand and MPN identity exactly match authoritative catalog data, then rebuild the plan. If not sold, record an explicit not-sold disposition."
catalog_identity_correction,catalog_product_missing_or_identifier_mismatch,"Catalog identity gap",columbia,ct15a,CT15A,CT15A,"Old Style Ratchet Rod (CT15A)",1,1,columbia-predator-taper,,"Verify that this manufacturer part is intentionally sold. If sold, create/correct the WooCommerce product or variation so its protected SKU, brand and MPN identity exactly match authoritative catalog data, then rebuild the plan. If not sold, record an explicit not-sold disposition."
catalog_identity_correction,catalog_product_missing_or_identifier_mismatch,"Catalog identity gap",columbia,pas80,PAS80,PAS80,"Predator Taper Pull Rod Assembly (PAS80)",1,1,columbia-predator-taper,,"Verify that this manufacturer part is intentionally sold. If sold, create/correct the WooCommerce product or variation so its protected SKU, brand and MPN identity exactly match authoritative catalog data, then rebuild the plan. If not sold, record an explicit not-sold disposition."
catalog_identity_correction,catalog_product_missing_or_identifier_mismatch,"Catalog identity gap",columbia,pas07,PAS07,PAS07,"Predator Taper Pivot Assembly Small (PAS07)",1,1,columbia-predator-taper,,"Verify that this manufacturer part is intentionally sold. If sold, create/correct the WooCommerce product or variation so its protected SKU, brand and MPN identity exactly match authoritative catalog data, then rebuild the plan. If not sold, record an explicit not-sold disposition."
catalog_identity_correction,catalog_product_missing_or_identifier_mismatch,"Catalog identity gap",columbia,ct114,CT114,CT114,"Predator Taper Locking Block (CT114)",1,1,columbia-predator-taper,,"Verify that this manufacturer part is intentionally sold. If sold, create/correct the WooCommerce product or variation so its protected SKU, brand and MPN identity exactly match authoritative catalog data, then rebuild the plan. If not sold, record an explicit not-sold disposition."
catalog_identity_correction,catalog_product_missing_or_identifier_mismatch,"Catalog identity gap",columbia,ct140,CT-140,"CT 140","Predator Taper Tape Advance Plate (CT140)",1,1,columbia-predator-taper,,"Verify that this manufacturer part is intentionally sold. If sold, create/correct the WooCommerce product or variation so its protected SKU, brand and MPN identity exactly match authoritative catalog data, then rebuild the plan. If not sold, record an explicit not-sold disposition."
catalog_identity_correction,catalog_product_missing_or_identifier_mismatch,"Catalog identity gap",columbia,pa277,PA277,PA277,"Predator Taper Creaser Arm Assembly (PA277)",1,1,columbia-predator-taper,,"Verify that this manufacturer part is intentionally sold. If sold, create/correct the WooCommerce product or variation so its protected SKU, brand and MPN identity exactly match authoritative catalog data, then rebuild the plan. If not sold, record an explicit not-sold disposition."
catalog_identity_correction,catalog_product_missing_or_identifier_mismatch,"Catalog identity gap",columbia,ct12,CT12,CT12,"Tape Advance Release Bracket (CT12)",1,1,columbia-predator-taper,,"Verify that this manufacturer part is intentionally sold. If sold, create/correct the WooCommerce product or variation so its protected SKU, brand and MPN identity exactly match authoritative catalog data, then rebuild the plan. If not sold, record an explicit not-sold disposition."
catalog_identity_correction,catalog_product_missing_or_identifier_mismatch,"Catalog identity gap",columbia,ct741a,CT741A,CT741A,"Predator Taper Cutter Block Clamp (CT741A)",1,1,columbia-predator-taper,,"Verify that this manufacturer part is intentionally sold. If sold, create/correct the WooCommerce product or variation so its protected SKU, brand and MPN identity exactly match authoritative catalog data, then rebuild the plan. If not sold, record an explicit not-sold disposition."
catalog_identity_correction,catalog_product_missing_or_identifier_mismatch,"Catalog identity gap",columbia,cta1a,CTA1A,CTA1A,"Predator Taper Cutter Block Assembly (CTA1A)",1,1,columbia-predator-taper,,"Verify that this manufacturer part is intentionally sold. If sold, create/correct the WooCommerce product or variation so its protected SKU, brand and MPN identity exactly match authoritative catalog data, then rebuild the plan. If not sold, record an explicit not-sold disposition."
catalog_identity_correction,catalog_product_missing_or_identifier_mismatch,"Catalog identity gap",columbia,fas46,FAS46,FAS46,"Predator Taper 4-40 x 5/16 Set Screw (FAS46)",1,1,columbia-predator-taper,,"Verify that this manufacturer part is intentionally sold. If sold, create/correct the WooCommerce product or variation so its protected SKU, brand and MPN identity exactly match authoritative catalog data, then rebuild the plan. If not sold, record an explicit not-sold disposition."
catalog_identity_correction,catalog_product_missing_or_identifier_mismatch,"Catalog identity gap",columbia,ct22,CT22,CT22,"Taper Brass Bracket (CT22)",1,1,columbia-predator-taper,,"Verify that this manufacturer part is intentionally sold. If sold, create/correct the WooCommerce product or variation so its protected SKU, brand and MPN identity exactly match authoritative catalog data, then rebuild the plan. If not sold, record an explicit not-sold disposition."
catalog_identity_correction,catalog_product_missing_or_identifier_mismatch,"Catalog identity gap",columbia,ct59,CT59,CT59,"Magnet (CT59)",1,1,columbia-predator-taper,,"Verify that this manufacturer part is intentionally sold. If sold, create/correct the WooCommerce product or variation so its protected SKU, brand and MPN identity exactly match authoritative catalog data, then rebuild the plan. If not sold, record an explicit not-sold disposition."
catalog_identity_correction,catalog_product_missing_or_identifier_mismatch,"Catalog identity gap",columbia,fa2as,FA2AS,FA2AS,"1/4 in Plastic Washer (FA285)",1,1,columbia-predator-taper,,"Verify that this manufacturer part is intentionally sold. If sold, create/correct the WooCommerce product or variation so its protected SKU, brand and MPN identity exactly match authoritative catalog data, then rebuild the plan. If not sold, record an explicit not-sold disposition."
catalog_identity_correction,catalog_product_missing_or_identifier_mismatch,"Catalog identity gap",columbia,paz20,PAZ20,PAZ20,"Predator Taper Zinc Cam Roller (PAZ20)",1,1,columbia-predator-taper,,"Verify that this manufacturer part is intentionally sold. If sold, create/correct the WooCommerce product or variation so its protected SKU, brand and MPN identity exactly match authoritative catalog data, then rebuild the plan. If not sold, record an explicit not-sold disposition."
catalog_identity_correction,catalog_product_missing_or_identifier_mismatch,"Catalog identity gap",columbia,ct759,CT759,CT759,"Predator Taper Hollow Shaft Predator (CT759)",1,1,columbia-predator-taper,,"Verify that this manufacturer part is intentionally sold. If sold, create/correct the WooCommerce product or variation so its protected SKU, brand and MPN identity exactly match authoritative catalog data, then rebuild the plan. If not sold, record an explicit not-sold disposition."
catalog_identity_correction,catalog_product_missing_or_identifier_mismatch,"Catalog identity gap",columbia,lt54,LT54,LT54,"Predator Taper Titanium Pull Rod 54 (LT54)",1,1,columbia-predator-taper,,"Verify that this manufacturer part is intentionally sold. If sold, create/correct the WooCommerce product or variation so its protected SKU, brand and MPN identity exactly match authoritative catalog data, then rebuild the plan. If not sold, record an explicit not-sold disposition."
catalog_identity_correction,catalog_product_missing_or_identifier_mismatch,"Catalog identity gap",columbia,ct93,CT93,CT93,"Taper Mud Shut Off Lever Arm (CT93)",1,1,columbia-predator-taper,,"Verify that this manufacturer part is intentionally sold. If sold, create/correct the WooCommerce product or variation so its protected SKU, brand and MPN identity exactly match authoritative catalog data, then rebuild the plan. If not sold, record an explicit not-sold disposition."
catalog_identity_correction,catalog_product_missing_or_identifier_mismatch,"Catalog identity gap",columbia,fa32s,FA32S,FA32S,"1/4-20 X 1"" Hex Bolt (FA323)",1,1,columbia-predator-taper,,"Verify that this manufacturer part is intentionally sold. If sold, create/correct the WooCommerce product or variation so its protected SKU, brand and MPN identity exactly match authoritative catalog data, then rebuild the plan. If not sold, record an explicit not-sold disposition."
catalog_identity_correction,catalog_product_missing_or_identifier_mismatch,"Catalog identity gap",columbia,cts9,CTS9,CTS9,"Magnet (CT59)",1,1,columbia-predator-taper,,"Verify that this manufacturer part is intentionally sold. If sold, create/correct the WooCommerce product or variation so its protected SKU, brand and MPN identity exactly match authoritative catalog data, then rebuild the plan. If not sold, record an explicit not-sold disposition."
catalog_identity_correction,catalog_product_missing_or_identifier_mismatch,"Catalog identity gap",columbia,faz48,FAZ48,FAZ48,"Predator Taper 5/16-18 x 3/4 Hex Bolt (FAZ48)",1,1,columbia-predator-taper,,"Verify that this manufacturer part is intentionally sold. If sold, create/correct the WooCommerce product or variation so its protected SKU, brand and MPN identity exactly match authoritative catalog data, then rebuild the plan. If not sold, record an explicit not-sold disposition."
catalog_identity_correction,catalog_product_missing_or_identifier_mismatch,"Catalog identity gap",columbia,er2lt,ER2LT,ER2LT,"Predator Taper Tension Rod Left (ER2LT)",1,1,columbia-predator-taper,,"Verify that this manufacturer part is intentionally sold. If sold, create/correct the WooCommerce product or variation so its protected SKU, brand and MPN identity exactly match authoritative catalog data, then rebuild the plan. If not sold, record an explicit not-sold disposition."
catalog_identity_correction,catalog_product_missing_or_identifier_mismatch,"Catalog identity gap",columbia,lt06,LT06,LT06,"Predator Taper Lightweight Frame Bracket (LT06)",1,1,columbia-predator-taper,,"Verify that this manufacturer part is intentionally sold. If sold, create/correct the WooCommerce product or variation so its protected SKU, brand and MPN identity exactly match authoritative catalog data, then rebuild the plan. If not sold, record an explicit not-sold disposition."
catalog_identity_correction,catalog_product_missing_or_identifier_mismatch,"Catalog identity gap",columbia,pa214,PA214,PA214,"Predator Taper Head Assembly 14 in (PA214)",1,1,columbia-predator-taper,,"Verify that this manufacturer part is intentionally sold. If sold, create/correct the WooCommerce product or variation so its protected SKU, brand and MPN identity exactly match authoritative catalog data, then rebuild the plan. If not sold, record an explicit not-sold disposition."
catalog_identity_correction,catalog_product_missing_or_identifier_mismatch,"Catalog identity gap",columbia,ct711a,CT711A,CT711A,"Predator Taper Crimping Arm Bearing (CT711A)",1,1,columbia-predator-taper,,"Verify that this manufacturer part is intentionally sold. If sold, create/correct the WooCommerce product or variation so its protected SKU, brand and MPN identity exactly match authoritative catalog data, then rebuild the plan. If not sold, record an explicit not-sold disposition."
catalog_identity_correction,catalog_product_missing_or_identifier_mismatch,"Catalog identity gap",columbia,frz13,FRZ13,FRZ13,"Predator Taper Zinc Frame Rivet (FRZ13)",1,1,columbia-predator-taper,,"Verify that this manufacturer part is intentionally sold. If sold, create/correct the WooCommerce product or variation so its protected SKU, brand and MPN identity exactly match authoritative catalog data, then rebuild the plan. If not sold, record an explicit not-sold disposition."
catalog_identity_correction,catalog_product_missing_or_identifier_mismatch,"Catalog identity gap",columbia,ct95,CT95,CT95,"Control Valve (CT95)",1,1,columbia-predator-taper,,"Verify that this manufacturer part is intentionally sold. If sold, create/correct the WooCommerce product or variation so its protected SKU, brand and MPN identity exactly match authoritative catalog data, then rebuild the plan. If not sold, record an explicit not-sold disposition."
catalog_identity_correction,catalog_product_missing_or_identifier_mismatch,"Catalog identity gap",columbia,ct776,CT776,CT776,"Predator Taper Drive Sprocket Large (CT776)",1,1,columbia-predator-taper,,"Verify that this manufacturer part is intentionally sold. If sold, create/correct the WooCommerce product or variation so its protected SKU, brand and MPN identity exactly match authoritative catalog data, then rebuild the plan. If not sold, record an explicit not-sold disposition."
catalog_identity_correction,catalog_product_missing_or_identifier_mismatch,"Catalog identity gap",columbia,c779-cs,C779-CS,C779-CS,"Predator Carbon Fiber Cover Plate Cork Seal (C779-CS)",1,1,columbia-predator-taper,,"Verify that this manufacturer part is intentionally sold. If sold, create/correct the WooCommerce product or variation so its protected SKU, brand and MPN identity exactly match authoritative catalog data, then rebuild the plan. If not sold, record an explicit not-sold disposition."
catalog_identity_correction,catalog_product_missing_or_identifier_mismatch,"Catalog identity gap",columbia,fr258,FR258,FR258,"Predator Taper Frame Reinforcement (FR258)",1,1,columbia-predator-taper,,"Verify that this manufacturer part is intentionally sold. If sold, create/correct the WooCommerce product or variation so its protected SKU, brand and MPN identity exactly match authoritative catalog data, then rebuild the plan. If not sold, record an explicit not-sold disposition."
catalog_identity_correction,catalog_product_missing_or_identifier_mismatch,"Catalog identity gap",columbia,fa22k,FA22K,FA22K,"4-40 Nyloc Nut (FA22K)",1,1,columbia-predator-taper,,"Verify that this manufacturer part is intentionally sold. If sold, create/correct the WooCommerce product or variation so its protected SKU, brand and MPN identity exactly match authoritative catalog data, then rebuild the plan. If not sold, record an explicit not-sold disposition."
catalog_identity_correction,catalog_product_missing_or_identifier_mismatch,"Catalog identity gap",columbia,pa2s4,PA2S4,PA2S4,"Predator Taper Side Plate Assembly (PA2S4)",1,1,columbia-predator-taper,,"Verify that this manufacturer part is intentionally sold. If sold, create/correct the WooCommerce product or variation so its protected SKU, brand and MPN identity exactly match authoritative catalog data, then rebuild the plan. If not sold, record an explicit not-sold disposition."
catalog_identity_correction,catalog_product_missing_or_identifier_mismatch,"Catalog identity gap",columbia,ct10,CT10,CT10,"Taper Crimping Arm Bushing Right (CT10)",1,1,columbia-predator-taper,,"Verify that this manufacturer part is intentionally sold. If sold, create/correct the WooCommerce product or variation so its protected SKU, brand and MPN identity exactly match authoritative catalog data, then rebuild the plan. If not sold, record an explicit not-sold disposition."
catalog_identity_correction,catalog_product_missing_or_identifier_mismatch,"Catalog identity gap",columbia,ea200,EA200,EA200,"Predator Taper External Adapter 200 (EA200)",1,1,columbia-predator-taper,,"Verify that this manufacturer part is intentionally sold. If sold, create/correct the WooCommerce product or variation so its protected SKU, brand and MPN identity exactly match authoritative catalog data, then rebuild the plan. If not sold, record an explicit not-sold disposition."
catalog_identity_correction,catalog_product_missing_or_identifier_mismatch,"Catalog identity gap",columbia,ca239,CA239,CA239,"Predator Taper Adjusting Screw (CA239)",1,1,columbia-predator-taper,,"Verify that this manufacturer part is intentionally sold. If sold, create/correct the WooCommerce product or variation so its protected SKU, brand and MPN identity exactly match authoritative catalog data, then rebuild the plan. If not sold, record an explicit not-sold disposition."
catalog_identity_correction,catalog_product_missing_or_identifier_mismatch,"Catalog identity gap",columbia,ct154,CT154,CT154,"Predator Taper Cam Roller (CT154)",1,1,columbia-predator-taper,,"Verify that this manufacturer part is intentionally sold. If sold, create/correct the WooCommerce product or variation so its protected SKU, brand and MPN identity exactly match authoritative catalog data, then rebuild the plan. If not sold, record an explicit not-sold disposition."
catalog_identity_correction,catalog_product_missing_or_identifier_mismatch,"Catalog identity gap",columbia,ct52,CT52,CT52,"Predator Taper Spacer Bar (CT52)",1,1,columbia-predator-taper,,"Verify that this manufacturer part is intentionally sold. If sold, create/correct the WooCommerce product or variation so its protected SKU, brand and MPN identity exactly match authoritative catalog data, then rebuild the plan. If not sold, record an explicit not-sold disposition."
catalog_identity_correction,catalog_product_missing_or_identifier_mismatch,"Catalog identity gap",columbia,fa20a,FA20A,FA20A,"4-40 x 3/16 Flat Head Screw (FA20A)",1,1,columbia-predator-taper,,"Verify that this manufacturer part is intentionally sold. If sold, create/correct the WooCommerce product or variation so its protected SKU, brand and MPN identity exactly match authoritative catalog data, then rebuild the plan. If not sold, record an explicit not-sold disposition."
catalog_identity_correction,catalog_product_missing_or_identifier_mismatch,"Catalog identity gap",columbia,fa27a,FA27A,FA27A,"6-32 x 1/4 Pan Head Screw (FA27A)",1,1,columbia-predator-taper,,"Verify that this manufacturer part is intentionally sold. If sold, create/correct the WooCommerce product or variation so its protected SKU, brand and MPN identity exactly match authoritative catalog data, then rebuild the plan. If not sold, record an explicit not-sold disposition."
catalog_identity_correction,catalog_product_missing_or_identifier_mismatch,"Catalog identity gap",columbia,ct74,CT74,CT74,"Predator Taper Cable Guide Pulley (CT74)",1,1,columbia-predator-taper,,"Verify that this manufacturer part is intentionally sold. If sold, create/correct the WooCommerce product or variation so its protected SKU, brand and MPN identity exactly match authoritative catalog data, then rebuild the plan. If not sold, record an explicit not-sold disposition."
catalog_identity_correction,catalog_product_missing_or_identifier_mismatch,"Catalog identity gap",columbia,c154,C154,C154,"Predator Carbon Fiber Cam Roller (C154)",1,1,columbia-predator-taper,,"Verify that this manufacturer part is intentionally sold. If sold, create/correct the WooCommerce product or variation so its protected SKU, brand and MPN identity exactly match authoritative catalog data, then rebuild the plan. If not sold, record an explicit not-sold disposition."
catalog_identity_correction,catalog_product_missing_or_identifier_mismatch,"Catalog identity gap",columbia,fa526,FA526,FA526,"3/8-16 x 1 Hex Bolt (FA526)",1,1,columbia-predator-taper,,"Verify that this manufacturer part is intentionally sold. If sold, create/correct the WooCommerce product or variation so its protected SKU, brand and MPN identity exactly match authoritative catalog data, then rebuild the plan. If not sold, record an explicit not-sold disposition."
catalog_identity_correction,catalog_product_missing_or_identifier_mismatch,"Catalog identity gap",columbia,faj706,FAJ706,FAJ706,"Predator Joint Fastener 70-6 (FAJ706)",1,1,columbia-predator-taper,,"Verify that this manufacturer part is intentionally sold. If sold, create/correct the WooCommerce product or variation so its protected SKU, brand and MPN identity exactly match authoritative catalog data, then rebuild the plan. If not sold, record an explicit not-sold disposition."
catalog_identity_correction,catalog_product_missing_or_identifier_mismatch,"Catalog identity gap",columbia,cts6a,CTS6A,CTS6A,"Carriage Guide Rod Stop A (CT56A)",1,1,columbia-predator-taper,,"Verify that this manufacturer part is intentionally sold. If sold, create/correct the WooCommerce product or variation so its protected SKU, brand and MPN identity exactly match authoritative catalog data, then rebuild the plan. If not sold, record an explicit not-sold disposition."
catalog_identity_correction,catalog_product_missing_or_identifier_mismatch,"Catalog identity gap",columbia,ct771,CT771,CT771,"Predator Taper Drive Sprocket Small (CT771)",1,1,columbia-predator-taper,,"Verify that this manufacturer part is intentionally sold. If sold, create/correct the WooCommerce product or variation so its protected SKU, brand and MPN identity exactly match authoritative catalog data, then rebuild the plan. If not sold, record an explicit not-sold disposition."
catalog_identity_correction,catalog_product_missing_or_identifier_mismatch,"Catalog identity gap",columbia,ct66,CT66,CT66,"Taper Drive Drum (CT66)",1,1,columbia-predator-taper,,"Verify that this manufacturer part is intentionally sold. If sold, create/correct the WooCommerce product or variation so its protected SKU, brand and MPN identity exactly match authoritative catalog data, then rebuild the plan. If not sold, record an explicit not-sold disposition."
catalog_identity_correction,catalog_product_missing_or_identifier_mismatch,"Catalog identity gap",columbia,ct69,CT69,CT69,"Predator Taper Drive Cam (CT69)",1,1,columbia-predator-taper,,"Verify that this manufacturer part is intentionally sold. If sold, create/correct the WooCommerce product or variation so its protected SKU, brand and MPN identity exactly match authoritative catalog data, then rebuild the plan. If not sold, record an explicit not-sold disposition."
catalog_identity_correction,catalog_product_missing_or_identifier_mismatch,"Catalog identity gap",columbia,fa283,FA283,FA283,"4-40 X 3/4"" Hex Bolt (FA283)",1,1,columbia-predator-taper,,"Verify that this manufacturer part is intentionally sold. If sold, create/correct the WooCommerce product or variation so its protected SKU, brand and MPN identity exactly match authoritative catalog data, then rebuild the plan. If not sold, record an explicit not-sold disposition."
catalog_identity_correction,catalog_product_missing_or_identifier_mismatch,"Catalog identity gap",columbia,c159,C159,C159,"Predator Carbon Fiber Magnet (C159)",1,1,columbia-predator-taper,,"Verify that this manufacturer part is intentionally sold. If sold, create/correct the WooCommerce product or variation so its protected SKU, brand and MPN identity exactly match authoritative catalog data, then rebuild the plan. If not sold, record an explicit not-sold disposition."
catalog_identity_correction,catalog_product_missing_or_identifier_mismatch,"Catalog identity gap",columbia,ct768,CT768,CT768,"Predator Taper Clutch Lever (CT768)",1,1,columbia-predator-taper,,"Verify that this manufacturer part is intentionally sold. If sold, create/correct the WooCommerce product or variation so its protected SKU, brand and MPN identity exactly match authoritative catalog data, then rebuild the plan. If not sold, record an explicit not-sold disposition."
catalog_identity_correction,catalog_product_missing_or_identifier_mismatch,"Catalog identity gap",columbia,ct765,CT765,CT765,"Predator Taper Manual Drive Grip (CT765)",1,1,columbia-predator-taper,,"Verify that this manufacturer part is intentionally sold. If sold, create/correct the WooCommerce product or variation so its protected SKU, brand and MPN identity exactly match authoritative catalog data, then rebuild the plan. If not sold, record an explicit not-sold disposition."
catalog_identity_correction,catalog_product_missing_or_identifier_mismatch,"Catalog identity gap",columbia,c148,C148,C148,"Predator Carbon Fiber Crimping Arm Left (C148)",1,1,columbia-predator-taper,,"Verify that this manufacturer part is intentionally sold. If sold, create/correct the WooCommerce product or variation so its protected SKU, brand and MPN identity exactly match authoritative catalog data, then rebuild the plan. If not sold, record an explicit not-sold disposition."
catalog_identity_correction,catalog_product_missing_or_identifier_mismatch,"Catalog identity gap",columbia,ct747,CT747,CT747,"Predator Taper Crimping Wheel Bushing (CT747)",1,1,columbia-predator-taper,,"Verify that this manufacturer part is intentionally sold. If sold, create/correct the WooCommerce product or variation so its protected SKU, brand and MPN identity exactly match authoritative catalog data, then rebuild the plan. If not sold, record an explicit not-sold disposition."
catalog_identity_correction,catalog_product_missing_or_identifier_mismatch,"Catalog identity gap",columbia,pass9,PASS9,PASS9,"Predator Taper Spring Set (PASS9)",1,1,columbia-predator-taper,,"Verify that this manufacturer part is intentionally sold. If sold, create/correct the WooCommerce product or variation so its protected SKU, brand and MPN identity exactly match authoritative catalog data, then rebuild the plan. If not sold, record an explicit not-sold disposition."
catalog_identity_correction,catalog_product_missing_or_identifier_mismatch,"Catalog identity gap",columbia,ct49,CT49,CT49,"Taper Crimping Arm Right (CT49)",1,1,columbia-predator-taper,,"Verify that this manufacturer part is intentionally sold. If sold, create/correct the WooCommerce product or variation so its protected SKU, brand and MPN identity exactly match authoritative catalog data, then rebuild the plan. If not sold, record an explicit not-sold disposition."
catalog_identity_correction,catalog_product_missing_or_identifier_mismatch,"Catalog identity gap",columbia,sat4,SAT4,SAT4,"Semi Auto Taper Drywall Taping Tool (SAT4)",1,1,columbia-semi-automatic-taper,,"Verify that this manufacturer part is intentionally sold. If sold, create/correct the WooCommerce product or variation so its protected SKU, brand and MPN identity exactly match authoritative catalog data, then rebuild the plan. If not sold, record an explicit not-sold disposition."
catalog_identity_correction,catalog_product_missing_or_identifier_mismatch,"Catalog identity gap",columbia,sat5,SAT5,SAT5,"Semi Auto Taper Drywall Taping Tool (SAT5)",1,1,columbia-semi-automatic-taper,,"Verify that this manufacturer part is intentionally sold. If sold, create/correct the WooCommerce product or variation so its protected SKU, brand and MPN identity exactly match authoritative catalog data, then rebuild the plan. If not sold, record an explicit not-sold disposition."
catalog_identity_correction,catalog_product_missing_or_identifier_mismatch,"Catalog identity gap",columbia,fa337,FA337,FA337,"1/4-20 x 5/8 Flat Socket Head (FA337)",1,1,columbia-semi-automatic-taper,,"Verify that this manufacturer part is intentionally sold. If sold, create/correct the WooCommerce product or variation so its protected SKU, brand and MPN identity exactly match authoritative catalog data, then rebuild the plan. If not sold, record an explicit not-sold disposition."
catalog_identity_correction,catalog_product_missing_or_identifier_mismatch,"Catalog identity gap",columbia,fa341,FA341,FA341,"1/4-20 x 1-3/4 Hex Bolt (FA341)",1,1,columbia-semi-automatic-taper,,"Verify that this manufacturer part is intentionally sold. If sold, create/correct the WooCommerce product or variation so its protected SKU, brand and MPN identity exactly match authoritative catalog data, then rebuild the plan. If not sold, record an explicit not-sold disposition."
catalog_identity_correction,catalog_product_missing_or_identifier_mismatch,"Catalog identity gap",columbia,sat18,SAT18,SAT18,"Semi Auto Taper Drywall Taping Tool (SAT18)",1,1,columbia-semi-automatic-taper,,"Verify that this manufacturer part is intentionally sold. If sold, create/correct the WooCommerce product or variation so its protected SKU, brand and MPN identity exactly match authoritative catalog data, then rebuild the plan. If not sold, record an explicit not-sold disposition."
catalog_identity_correction,catalog_product_missing_or_identifier_mismatch,"Catalog identity gap",columbia,sat17,SAT17,SAT17,"Semi Auto Taper Drywall Taping Tool (SAT17)",1,1,columbia-semi-automatic-taper,,"Verify that this manufacturer part is intentionally sold. If sold, create/correct the WooCommerce product or variation so its protected SKU, brand and MPN identity exactly match authoritative catalog data, then rebuild the plan. If not sold, record an explicit not-sold disposition."
catalog_identity_correction,catalog_product_missing_or_identifier_mismatch,"Catalog identity gap",columbia,sat15,SAT15,SAT15,"Semi Auto Taper Drywall Taping Tool (SAT15)",1,1,columbia-semi-automatic-taper,,"Verify that this manufacturer part is intentionally sold. If sold, create/correct the WooCommerce product or variation so its protected SKU, brand and MPN identity exactly match authoritative catalog data, then rebuild the plan. If not sold, record an explicit not-sold disposition."
catalog_identity_correction,catalog_product_missing_or_identifier_mismatch,"Catalog identity gap",columbia,fa340,FA340,FA340,"1/4-20 x 1-1/4 Socket Head (FA340)",1,1,columbia-semi-automatic-taper,,"Verify that this manufacturer part is intentionally sold. If sold, create/correct the WooCommerce product or variation so its protected SKU, brand and MPN identity exactly match authoritative catalog data, then rebuild the plan. If not sold, record an explicit not-sold disposition."
catalog_identity_correction,catalog_product_missing_or_identifier_mismatch,"Catalog identity gap",columbia,fa285,FA285,FA285,"1/4"" Plastic Washer (FA285)",1,1,columbia-semi-automatic-taper,,"Verify that this manufacturer part is intentionally sold. If sold, create/correct the WooCommerce product or variation so its protected SKU, brand and MPN identity exactly match authoritative catalog data, then rebuild the plan. If not sold, record an explicit not-sold disposition."
catalog_identity_correction,catalog_product_missing_or_identifier_mismatch,"Catalog identity gap",columbia,sat16,SAT16,SAT16,"Semi Auto Taper Drywall Taping Tool (SAT16)",1,1,columbia-semi-automatic-taper,,"Verify that this manufacturer part is intentionally sold. If sold, create/correct the WooCommerce product or variation so its protected SKU, brand and MPN identity exactly match authoritative catalog data, then rebuild the plan. If not sold, record an explicit not-sold disposition."
catalog_identity_correction,catalog_product_missing_or_identifier_mismatch,"Catalog identity gap",columbia,sat13,SAT13,SAT13,"Semi Auto Taper Drywall Taping Tool (SAT13)",1,1,columbia-semi-automatic-taper,,"Verify that this manufacturer part is intentionally sold. If sold, create/correct the WooCommerce product or variation so its protected SKU, brand and MPN identity exactly match authoritative catalog data, then rebuild the plan. If not sold, record an explicit not-sold disposition."
catalog_identity_correction,catalog_product_missing_or_identifier_mismatch,"Catalog identity gap",columbia,sat11,SAT11,SAT11,"Semi Auto Taper Drywall Taping Tool (SAT11)",1,1,columbia-semi-automatic-taper,,"Verify that this manufacturer part is intentionally sold. If sold, create/correct the WooCommerce product or variation so its protected SKU, brand and MPN identity exactly match authoritative catalog data, then rebuild the plan. If not sold, record an explicit not-sold disposition."
catalog_identity_correction,catalog_product_missing_or_identifier_mismatch,"Catalog identity gap",columbia,sat7,SAT7,SAT7,"Semi Auto Taper Drywall Taping Tool (SAT7)",1,1,columbia-semi-automatic-taper,,"Verify that this manufacturer part is intentionally sold. If sold, create/correct the WooCommerce product or variation so its protected SKU, brand and MPN identity exactly match authoritative catalog data, then rebuild the plan. If not sold, record an explicit not-sold disposition."
catalog_identity_correction,catalog_product_missing_or_identifier_mismatch,"Catalog identity gap",columbia,fa391,FA391,FA391,"6-32 x 1 Pan Head Screw (FA391)",1,1,columbia-semi-automatic-taper,,"Verify that this manufacturer part is intentionally sold. If sold, create/correct the WooCommerce product or variation so its protected SKU, brand and MPN identity exactly match authoritative catalog data, then rebuild the plan. If not sold, record an explicit not-sold disposition."
catalog_identity_correction,catalog_product_missing_or_identifier_mismatch,"Catalog identity gap",columbia,sat22,SAT22,SAT22,"Semi Auto Taper Drywall Taping Tool (SAT22)",1,1,columbia-semi-automatic-taper,,"Verify that this manufacturer part is intentionally sold. If sold, create/correct the WooCommerce product or variation so its protected SKU, brand and MPN identity exactly match authoritative catalog data, then rebuild the plan. If not sold, record an explicit not-sold disposition."
catalog_identity_correction,catalog_product_missing_or_identifier_mismatch,"Catalog identity gap",columbia,sat20,SAT20,SAT20,"Semi Auto Taper Drywall Taping Tool (SAT20)",1,1,columbia-semi-automatic-taper,,"Verify that this manufacturer part is intentionally sold. If sold, create/correct the WooCommerce product or variation so its protected SKU, brand and MPN identity exactly match authoritative catalog data, then rebuild the plan. If not sold, record an explicit not-sold disposition."
catalog_identity_correction,catalog_product_missing_or_identifier_mismatch,"Catalog identity gap",columbia,sat19,SAT19,SAT19,"Semi Auto Taper Drywall Taping Tool (SAT19)",1,1,columbia-semi-automatic-taper,,"Verify that this manufacturer part is intentionally sold. If sold, create/correct the WooCommerce product or variation so its protected SKU, brand and MPN identity exactly match authoritative catalog data, then rebuild the plan. If not sold, record an explicit not-sold disposition."
catalog_identity_correction,catalog_product_missing_or_identifier_mismatch,"Catalog identity gap",columbia,sat10,SAT10,SAT10,"Semi Auto Taper Drywall Taping Tool (SAT10)",1,1,columbia-semi-automatic-taper,,"Verify that this manufacturer part is intentionally sold. If sold, create/correct the WooCommerce product or variation so its protected SKU, brand and MPN identity exactly match authoritative catalog data, then rebuild the plan. If not sold, record an explicit not-sold disposition."
catalog_identity_correction,catalog_product_missing_or_identifier_mismatch,"Catalog identity gap",columbia,sat21,SAT21,SAT21,"Semi Auto Taper Drywall Taping Tool (SAT21)",1,1,columbia-semi-automatic-taper,,"Verify that this manufacturer part is intentionally sold. If sold, create/correct the WooCommerce product or variation so its protected SKU, brand and MPN identity exactly match authoritative catalog data, then rebuild the plan. If not sold, record an explicit not-sold disposition."
catalog_identity_correction,catalog_product_missing_or_identifier_mismatch,"Catalog identity gap",columbia,fa390,FA390,FA390,"6-32 x 7/8 Pan Head Screw (FA390)",1,1,columbia-semi-automatic-taper,,"Verify that this manufacturer part is intentionally sold. If sold, create/correct the WooCommerce product or variation so its protected SKU, brand and MPN identity exactly match authoritative catalog data, then rebuild the plan. If not sold, record an explicit not-sold disposition."
catalog_identity_correction,catalog_product_missing_or_identifier_mismatch,"Catalog identity gap",columbia,sat9,SAT9,SAT9,"Semi Auto Taper Drywall Taping Tool (SAT9)",1,1,columbia-semi-automatic-taper,,"Verify that this manufacturer part is intentionally sold. If sold, create/correct the WooCommerce product or variation so its protected SKU, brand and MPN identity exactly match authoritative catalog data, then rebuild the plan. If not sold, record an explicit not-sold disposition."
catalog_identity_correction,catalog_product_missing_or_identifier_mismatch,"Catalog identity gap",columbia,sat6,SAT6,SAT6,"Semi Auto Taper Drywall Taping Tool (SAT6)",1,1,columbia-semi-automatic-taper,,"Verify that this manufacturer part is intentionally sold. If sold, create/correct the WooCommerce product or variation so its protected SKU, brand and MPN identity exactly match authoritative catalog data, then rebuild the plan. If not sold, record an explicit not-sold disposition."
catalog_identity_correction,catalog_product_missing_or_identifier_mismatch,"Catalog identity gap",columbia,sat8,SAT8,SAT8,"Semi Auto Taper Drywall Taping Tool (SAT8)",1,1,columbia-semi-automatic-taper,,"Verify that this manufacturer part is intentionally sold. If sold, create/correct the WooCommerce product or variation so its protected SKU, brand and MPN identity exactly match authoritative catalog data, then rebuild the plan. If not sold, record an explicit not-sold disposition."
catalog_identity_correction,catalog_product_missing_or_identifier_mismatch,"Catalog identity gap",columbia,fa392,FA392,FA392,"6-32 x 1-1/4 Pan Head Screw (FA392)",1,1,columbia-semi-automatic-taper,,"Verify that this manufacturer part is intentionally sold. If sold, create/correct the WooCommerce product or variation so its protected SKU, brand and MPN identity exactly match authoritative catalog data, then rebuild the plan. If not sold, record an explicit not-sold disposition."
catalog_identity_correction,catalog_product_missing_or_identifier_mismatch,"Catalog identity gap",columbia,sat12,SAT12,SAT12,"Semi Auto Taper Drywall Taping Tool (SAT12)",1,1,columbia-semi-automatic-taper,,"Verify that this manufacturer part is intentionally sold. If sold, create/correct the WooCommerce product or variation so its protected SKU, brand and MPN identity exactly match authoritative catalog data, then rebuild the plan. If not sold, record an explicit not-sold disposition."
catalog_identity_correction,catalog_product_missing_or_identifier_mismatch,"Catalog identity gap",columbia,fa345,FA345,FA345,"1/4 x 1/4 Roll Pin (FA345)",1,1,columbia-semi-automatic-taper,,"Verify that this manufacturer part is intentionally sold. If sold, create/correct the WooCommerce product or variation so its protected SKU, brand and MPN identity exactly match authoritative catalog data, then rebuild the plan. If not sold, record an explicit not-sold disposition."
catalog_identity_correction,catalog_product_missing_or_identifier_mismatch,"Catalog identity gap",columbia,sat1,SAT1,SAT1,"Semi Auto Taper Drywall Taping Tool (SAT1)",1,1,columbia-semi-automatic-taper,,"Verify that this manufacturer part is intentionally sold. If sold, create/correct the WooCommerce product or variation so its protected SKU, brand and MPN identity exactly match authoritative catalog data, then rebuild the plan. If not sold, record an explicit not-sold disposition."
catalog_identity_correction,catalog_product_missing_or_identifier_mismatch,"Catalog identity gap",columbia,sat2,SAT2,SAT2,"Semi Auto Taper Drywall Taping Tool (SAT2)",1,1,columbia-semi-automatic-taper,,"Verify that this manufacturer part is intentionally sold. If sold, create/correct the WooCommerce product or variation so its protected SKU, brand and MPN identity exactly match authoritative catalog data, then rebuild the plan. If not sold, record an explicit not-sold disposition."
catalog_identity_correction,catalog_product_missing_or_identifier_mismatch,"Catalog identity gap",columbia,sat3,SAT3,SAT3,"Semi Auto Taper Drywall Taping Tool (SAT3)",1,1,columbia-semi-automatic-taper,,"Verify that this manufacturer part is intentionally sold. If sold, create/correct the WooCommerce product or variation so its protected SKU, brand and MPN identity exactly match authoritative catalog data, then rebuild the plan. If not sold, record an explicit not-sold disposition."
catalog_identity_correction,catalog_product_missing_or_identifier_mismatch,"Catalog identity gap",columbia,cf1a,CF1A,CF1A,"Direct Plate - Flusher (CF1B)",1,1,columbia-standard-corner-flusher,,"Verify that this manufacturer part is intentionally sold. If sold, create/correct the WooCommerce product or variation so its protected SKU, brand and MPN identity exactly match authoritative catalog data, then rebuild the plan. If not sold, record an explicit not-sold disposition."
catalog_identity_correction,catalog_product_missing_or_identifier_mismatch,"Catalog identity gap",columbia,ocr5,OCR-5,"OCR 5","Corner Roller Wheel CR5 (CR5)",1,1,columbia-standard-outside-corner-roller,,"Verify that this manufacturer part is intentionally sold. If sold, create/correct the WooCommerce product or variation so its protected SKU, brand and MPN identity exactly match authoritative catalog data, then rebuild the plan. If not sold, record an explicit not-sold disposition."
catalog_identity_correction,catalog_product_missing_or_identifier_mismatch,"Catalog identity gap",columbia,hb48b,HB48B,HB48B,"Hot Mud Pump Handle B (HB48B)",1,1,columbia-tall-boy-mud-pump,,"Verify that this manufacturer part is intentionally sold. If sold, create/correct the WooCommerce product or variation so its protected SKU, brand and MPN identity exactly match authoritative catalog data, then rebuild the plan. If not sold, record an explicit not-sold disposition."
catalog_identity_correction,catalog_product_missing_or_identifier_mismatch,"Catalog identity gap",columbia,tbmp8b,TBMP8B,TBMP8B,"Tall Boy Loading Pump (TBMP)",1,1,columbia-tall-boy-mud-pump,,"Verify that this manufacturer part is intentionally sold. If sold, create/correct the WooCommerce product or variation so its protected SKU, brand and MPN identity exactly match authoritative catalog data, then rebuild the plan. If not sold, record an explicit not-sold disposition."
catalog_identity_correction,catalog_product_missing_or_identifier_mismatch,"Catalog identity gap",columbia,fa346,FA346,FA346,"1/4 Star Washer (FA346)",1,1,columbia-tall-boy-mud-pump,,"Verify that this manufacturer part is intentionally sold. If sold, create/correct the WooCommerce product or variation so its protected SKU, brand and MPN identity exactly match authoritative catalog data, then rebuild the plan. If not sold, record an explicit not-sold disposition."
catalog_identity_correction,catalog_product_missing_or_identifier_mismatch,"Catalog identity gap",columbia,tbmp1,TBMP1,TBMP1,"Tall Boy Loading Pump (TBMP)",1,1,columbia-tall-boy-mud-pump,,"Verify that this manufacturer part is intentionally sold. If sold, create/correct the WooCommerce product or variation so its protected SKU, brand and MPN identity exactly match authoritative catalog data, then rebuild the plan. If not sold, record an explicit not-sold disposition."
catalog_identity_correction,catalog_product_missing_or_identifier_mismatch,"Catalog identity gap",columbia,tbmp8c,TBMP8C,TBMP8C,"Tall Boy Lef Stabilizer (TBMP8C)",1,1,columbia-tall-boy-mud-pump,,"Verify that this manufacturer part is intentionally sold. If sold, create/correct the WooCommerce product or variation so its protected SKU, brand and MPN identity exactly match authoritative catalog data, then rebuild the plan. If not sold, record an explicit not-sold disposition."
catalog_identity_correction,catalog_product_missing_or_identifier_mismatch,"Catalog identity gap",columbia,fa304,FA304,FA304,"5/16 Flat Washer (FA-304)",1,1,columbia-tall-boy-mud-pump,,"Verify that this manufacturer part is intentionally sold. If sold, create/correct the WooCommerce product or variation so its protected SKU, brand and MPN identity exactly match authoritative catalog data, then rebuild the plan. If not sold, record an explicit not-sold disposition."
catalog_identity_correction,catalog_product_missing_or_identifier_mismatch,"Catalog identity gap",columbia,tbmp11,TBMP11,TBMP11,"Tall Boy Loading Pump (TBMP)",1,1,columbia-tall-boy-mud-pump,,"Verify that this manufacturer part is intentionally sold. If sold, create/correct the WooCommerce product or variation so its protected SKU, brand and MPN identity exactly match authoritative catalog data, then rebuild the plan. If not sold, record an explicit not-sold disposition."
catalog_identity_correction,catalog_product_missing_or_identifier_mismatch,"Catalog identity gap",columbia,tbmp2,TBMP2,TBMP2,"Tall Boy Loading Pump (TBMP)",1,1,columbia-tall-boy-mud-pump,,"Verify that this manufacturer part is intentionally sold. If sold, create/correct the WooCommerce product or variation so its protected SKU, brand and MPN identity exactly match authoritative catalog data, then rebuild the plan. If not sold, record an explicit not-sold disposition."
catalog_identity_correction,catalog_product_missing_or_identifier_mismatch,"Catalog identity gap",columbia,fa350,FA350,FA350,"5/16-18 x 7/8 Socket Head Screw (FA350)",1,1,columbia-tall-boy-mud-pump,,"Verify that this manufacturer part is intentionally sold. If sold, create/correct the WooCommerce product or variation so its protected SKU, brand and MPN identity exactly match authoritative catalog data, then rebuild the plan. If not sold, record an explicit not-sold disposition."
catalog_identity_correction,catalog_product_missing_or_identifier_mismatch,"Catalog identity gap",columbia,hp48l,HP48L,HP48L,"Hot Mud Pump HP48 Long Body (HP48L)",1,1,columbia-tall-boy-mud-pump,,"Verify that this manufacturer part is intentionally sold. If sold, create/correct the WooCommerce product or variation so its protected SKU, brand and MPN identity exactly match authoritative catalog data, then rebuild the plan. If not sold, record an explicit not-sold disposition."
catalog_identity_correction,catalog_product_missing_or_identifier_mismatch,"Catalog identity gap",columbia,tbmp24,TBMP24,TBMP24,"Tall Boy Loading Pump (TBMP)",1,1,columbia-tall-boy-mud-pump,,"Verify that this manufacturer part is intentionally sold. If sold, create/correct the WooCommerce product or variation so its protected SKU, brand and MPN identity exactly match authoritative catalog data, then rebuild the plan. If not sold, record an explicit not-sold disposition."
catalog_identity_correction,catalog_product_missing_or_identifier_mismatch,"Catalog identity gap",columbia,tbmp8,TBMP8,TBMP8,"Tall Boy Loading Pump (TBMP)",1,1,columbia-tall-boy-mud-pump,,"Verify that this manufacturer part is intentionally sold. If sold, create/correct the WooCommerce product or variation so its protected SKU, brand and MPN identity exactly match authoritative catalog data, then rebuild the plan. If not sold, record an explicit not-sold disposition."
catalog_identity_correction,catalog_product_missing_or_identifier_mismatch,"Catalog identity gap",columbia,cfb18,CFB1-8in,"CFB1 8""","Rear Plate 8 in (CFB1-8)",1,1,columbia-throttle-box,,"Verify that this manufacturer part is intentionally sold. If sold, create/correct the WooCommerce product or variation so its protected SKU, brand and MPN identity exactly match authoritative catalog data, then rebuild the plan. If not sold, record an explicit not-sold disposition."
catalog_identity_correction,catalog_product_missing_or_identifier_mismatch,"Catalog identity gap",columbia,cfb28,CFB2-8in,"CFB2 8""","8"" Roll Face (CFB28)",1,1,columbia-throttle-box,,"Verify that this manufacturer part is intentionally sold. If sold, create/correct the WooCommerce product or variation so its protected SKU, brand and MPN identity exactly match authoritative catalog data, then rebuild the plan. If not sold, record an explicit not-sold disposition."
catalog_identity_correction,catalog_product_missing_or_identifier_mismatch,"Catalog identity gap",columbia,cfb8a,CFB8A,CFB8A,"ONE Angle Box Door Adaptor #14499 (CFB8A)",1,1,columbia-throttle-box,,"Verify that this manufacturer part is intentionally sold. If sold, create/correct the WooCommerce product or variation so its protected SKU, brand and MPN identity exactly match authoritative catalog data, then rebuild the plan. If not sold, record an explicit not-sold disposition."
catalog_identity_correction,catalog_product_missing_or_identifier_mismatch,"Catalog identity gap",columbia,cfb19,CFB19,CFB19,"Angle Box Nylatron Bushing (CFB-19)",1,1,columbia-throttle-box,,"Verify that this manufacturer part is intentionally sold. If sold, create/correct the WooCommerce product or variation so its protected SKU, brand and MPN identity exactly match authoritative catalog data, then rebuild the plan. If not sold, record an explicit not-sold disposition."
catalog_identity_correction,catalog_product_missing_or_identifier_mismatch,"Catalog identity gap",columbia,fa242,FA242,FA242,"6-32 x 3/8 Pan Head Screw (FA242)",1,1,columbia-throttle-box,,"Verify that this manufacturer part is intentionally sold. If sold, create/correct the WooCommerce product or variation so its protected SKU, brand and MPN identity exactly match authoritative catalog data, then rebuild the plan. If not sold, record an explicit not-sold disposition."
catalog_identity_correction,catalog_product_missing_or_identifier_mismatch,"Catalog identity gap",columbia,cfb1a,CFB1A,CFB1A,"Angle Box Hinge Seal (CFB-1A)",1,1,columbia-throttle-box,,"Verify that this manufacturer part is intentionally sold. If sold, create/correct the WooCommerce product or variation so its protected SKU, brand and MPN identity exactly match authoritative catalog data, then rebuild the plan. If not sold, record an explicit not-sold disposition."
catalog_identity_correction,catalog_product_missing_or_identifier_mismatch,"Catalog identity gap",columbia,ab44a,AB44A,AB44A,"Automatic Box Clutch Spring Short (AB44A)",1,1,columbia-throttle-box,,"Verify that this manufacturer part is intentionally sold. If sold, create/correct the WooCommerce product or variation so its protected SKU, brand and MPN identity exactly match authoritative catalog data, then rebuild the plan. If not sold, record an explicit not-sold disposition."
catalog_identity_correction,catalog_product_missing_or_identifier_mismatch,"Catalog identity gap",columbia,ab44b,AB44B,AB44B,"Automatic Box Clutch Spring Long (AB44B)",1,1,columbia-throttle-box,,"Verify that this manufacturer part is intentionally sold. If sold, create/correct the WooCommerce product or variation so its protected SKU, brand and MPN identity exactly match authoritative catalog data, then rebuild the plan. If not sold, record an explicit not-sold disposition."
catalog_identity_correction,catalog_product_missing_or_identifier_mismatch,"Catalog identity gap",columbia,fa263,FA263,FA263,"8-32 x 5/8 Flat Head Screw (FA263)",1,1,columbia-throttle-box,,"Verify that this manufacturer part is intentionally sold. If sold, create/correct the WooCommerce product or variation so its protected SKU, brand and MPN identity exactly match authoritative catalog data, then rebuild the plan. If not sold, record an explicit not-sold disposition."
catalog_identity_correction,catalog_product_missing_or_identifier_mismatch,"Catalog identity gap",columbia,ct39,CT39,CT39,"Taper Knife Return Spring (CT39)",1,1,columbia-throttle-box,,"Verify that this manufacturer part is intentionally sold. If sold, create/correct the WooCommerce product or variation so its protected SKU, brand and MPN identity exactly match authoritative catalog data, then rebuild the plan. If not sold, record an explicit not-sold disposition."
catalog_identity_correction,catalog_product_missing_or_identifier_mismatch,"Catalog identity gap",columbia,fa309,FA309,FA309,"5/16-18 x 1/2 Socket Head Screw (FA309)",1,1,columbia-throttle-box,,"Verify that this manufacturer part is intentionally sold. If sold, create/correct the WooCommerce product or variation so its protected SKU, brand and MPN identity exactly match authoritative catalog data, then rebuild the plan. If not sold, record an explicit not-sold disposition."
catalog_identity_correction,catalog_product_missing_or_identifier_mismatch,"Catalog identity gap",tape-tech,809025,809025,809025,"Slotted Spring Pin 1/8 X 3/4 Sst.",1,1,tapetech-80xxtt,,"Verify that this manufacturer part is intentionally sold. If sold, create/correct the WooCommerce product or variation so its protected SKU, brand and MPN identity exactly match authoritative catalog data, then rebuild the plan. If not sold, record an explicit not-sold disposition."
catalog_identity_correction,catalog_product_missing_or_identifier_mismatch,"Catalog identity gap",tape-tech,809024,809024,809024,"Stscrew 1/4-28X1/4",1,1,tapetech-80xxtt,,"Verify that this manufacturer part is intentionally sold. If sold, create/correct the WooCommerce product or variation so its protected SKU, brand and MPN identity exactly match authoritative catalog data, then rebuild the plan. If not sold, record an explicit not-sold disposition."
catalog_identity_correction,catalog_product_missing_or_identifier_mismatch,"Catalog identity gap",tape-tech,809011,809011,809011,"Thumbscrew 5/16 - 18 X 3/4 Dog Point",1,1,tapetech-80xxtt,,"Verify that this manufacturer part is intentionally sold. If sold, create/correct the WooCommerce product or variation so its protected SKU, brand and MPN identity exactly match authoritative catalog data, then rebuild the plan. If not sold, record an explicit not-sold disposition."
catalog_identity_correction,catalog_product_missing_or_identifier_mismatch,"Catalog identity gap",tape-tech,808015f,808015F,808015F,"Hinge Assy",1,1,tapetech-80xxtt,,"Verify that this manufacturer part is intentionally sold. If sold, create/correct the WooCommerce product or variation so its protected SKU, brand and MPN identity exactly match authoritative catalog data, then rebuild the plan. If not sold, record an explicit not-sold disposition."
catalog_identity_correction,catalog_product_missing_or_identifier_mismatch,"Catalog identity gap",tape-tech,809017,809017,809017,"#8 Reg. Spring Helical Lockwasher, Sst.",1,1,tapetech-80xxtt,,"Verify that this manufacturer part is intentionally sold. If sold, create/correct the WooCommerce product or variation so its protected SKU, brand and MPN identity exactly match authoritative catalog data, then rebuild the plan. If not sold, record an explicit not-sold disposition."
catalog_identity_correction,catalog_product_missing_or_identifier_mismatch,"Catalog identity gap",tape-tech,800021f,800021F,800021F,Pin,1,1,tapetech-80xxtt,,"Verify that this manufacturer part is intentionally sold. If sold, create/correct the WooCommerce product or variation so its protected SKU, brand and MPN identity exactly match authoritative catalog data, then rebuild the plan. If not sold, record an explicit not-sold disposition."
catalog_identity_correction,catalog_product_missing_or_identifier_mismatch,"Catalog identity gap",tape-tech,800008,800008,800008,"Pivot Arm",1,1,tapetech-80xxtt,,"Verify that this manufacturer part is intentionally sold. If sold, create/correct the WooCommerce product or variation so its protected SKU, brand and MPN identity exactly match authoritative catalog data, then rebuild the plan. If not sold, record an explicit not-sold disposition."
catalog_identity_correction,catalog_product_missing_or_identifier_mismatch,"Catalog identity gap",tape-tech,809004,809004,809004,"8-32 x 3/4 Hex Soc Set Screw",1,1,tapetech-80xxtt,,"Verify that this manufacturer part is intentionally sold. If sold, create/correct the WooCommerce product or variation so its protected SKU, brand and MPN identity exactly match authoritative catalog data, then rebuild the plan. If not sold, record an explicit not-sold disposition."
catalog_identity_correction,catalog_product_missing_or_identifier_mismatch,"Catalog identity gap",tape-tech,800018f,800018F,800018F,"Connector Plate, Notched",1,1,tapetech-80xxtt,,"Verify that this manufacturer part is intentionally sold. If sold, create/correct the WooCommerce product or variation so its protected SKU, brand and MPN identity exactly match authoritative catalog data, then rebuild the plan. If not sold, record an explicit not-sold disposition."
catalog_identity_correction,catalog_product_missing_or_identifier_mismatch,"Catalog identity gap",tape-tech,800016,800016,800016,Quadrant,1,1,tapetech-80xxtt,,"Verify that this manufacturer part is intentionally sold. If sold, create/correct the WooCommerce product or variation so its protected SKU, brand and MPN identity exactly match authoritative catalog data, then rebuild the plan. If not sold, record an explicit not-sold disposition."
catalog_identity_correction,catalog_product_missing_or_identifier_mismatch,"Catalog identity gap",tape-tech,804024,804024,804024,"Part (804024)",1,1,tapetech-80xxtt,,"Verify that this manufacturer part is intentionally sold. If sold, create/correct the WooCommerce product or variation so its protected SKU, brand and MPN identity exactly match authoritative catalog data, then rebuild the plan. If not sold, record an explicit not-sold disposition."
catalog_identity_correction,catalog_product_missing_or_identifier_mismatch,"Catalog identity gap",tape-tech,800037,800037,800037,"Part (800037)",1,1,tapetech-80xxtt,,"Verify that this manufacturer part is intentionally sold. If sold, create/correct the WooCommerce product or variation so its protected SKU, brand and MPN identity exactly match authoritative catalog data, then rebuild the plan. If not sold, record an explicit not-sold disposition."
catalog_identity_correction,catalog_product_missing_or_identifier_mismatch,"Catalog identity gap",tape-tech,800027,800027,800027,"Part (800027)",1,1,tapetech-80xxtt,,"Verify that this manufacturer part is intentionally sold. If sold, create/correct the WooCommerce product or variation so its protected SKU, brand and MPN identity exactly match authoritative catalog data, then rebuild the plan. If not sold, record an explicit not-sold disposition."
catalog_identity_correction,catalog_product_missing_or_identifier_mismatch,"Catalog identity gap",tape-tech,801000,801000,801000,"Part (801000)",1,1,tapetech-80xxtt,,"Verify that this manufacturer part is intentionally sold. If sold, create/correct the WooCommerce product or variation so its protected SKU, brand and MPN identity exactly match authoritative catalog data, then rebuild the plan. If not sold, record an explicit not-sold disposition."
catalog_identity_correction,catalog_product_missing_or_identifier_mismatch,"Catalog identity gap",tape-tech,000280,000280,000280,"Part (000280)",1,1,tapetech-80xxtt,,"Verify that this manufacturer part is intentionally sold. If sold, create/correct the WooCommerce product or variation so its protected SKU, brand and MPN identity exactly match authoritative catalog data, then rebuild the plan. If not sold, record an explicit not-sold disposition."
catalog_identity_correction,catalog_product_missing_or_identifier_mismatch,"Catalog identity gap",tape-tech,191006,191006,191006,"Part (191006)",1,1,tapetech-88tte,,"Verify that this manufacturer part is intentionally sold. If sold, create/correct the WooCommerce product or variation so its protected SKU, brand and MPN identity exactly match authoritative catalog data, then rebuild the plan. If not sold, record an explicit not-sold disposition."
catalog_identity_correction,catalog_product_missing_or_identifier_mismatch,"Catalog identity gap",tape-tech,191001,191001,191001,"Part (191001)",1,1,tapetech-88tte,,"Verify that this manufacturer part is intentionally sold. If sold, create/correct the WooCommerce product or variation so its protected SKU, brand and MPN identity exactly match authoritative catalog data, then rebuild the plan. If not sold, record an explicit not-sold disposition."
catalog_identity_correction,catalog_product_missing_or_identifier_mismatch,"Catalog identity gap",tape-tech,219080,219080,219080,"Part (219080)",1,1,tapetech-88tte,,"Verify that this manufacturer part is intentionally sold. If sold, create/correct the WooCommerce product or variation so its protected SKU, brand and MPN identity exactly match authoritative catalog data, then rebuild the plan. If not sold, record an explicit not-sold disposition."
catalog_identity_correction,catalog_product_missing_or_identifier_mismatch,"Catalog identity gap",tape-tech,191007,191007,191007,"Part (191007)",1,1,tapetech-88tte,,"Verify that this manufacturer part is intentionally sold. If sold, create/correct the WooCommerce product or variation so its protected SKU, brand and MPN identity exactly match authoritative catalog data, then rebuild the plan. If not sold, record an explicit not-sold disposition."
catalog_identity_correction,catalog_product_missing_or_identifier_mismatch,"Catalog identity gap",tape-tech,889027,889027,889027,"Part (889027)",1,1,tapetech-88tte,,"Verify that this manufacturer part is intentionally sold. If sold, create/correct the WooCommerce product or variation so its protected SKU, brand and MPN identity exactly match authoritative catalog data, then rebuild the plan. If not sold, record an explicit not-sold disposition."
catalog_identity_correction,catalog_product_missing_or_identifier_mismatch,"Catalog identity gap",tape-tech,880006f,880006F,880006F,"Part (880006F)",1,1,tapetech-88tte,,"Verify that this manufacturer part is intentionally sold. If sold, create/correct the WooCommerce product or variation so its protected SKU, brand and MPN identity exactly match authoritative catalog data, then rebuild the plan. If not sold, record an explicit not-sold disposition."
catalog_identity_correction,catalog_product_missing_or_identifier_mismatch,"Catalog identity gap",tape-tech,880038,880038,880038,"Part (880038)",1,1,tapetech-88tte,,"Verify that this manufacturer part is intentionally sold. If sold, create/correct the WooCommerce product or variation so its protected SKU, brand and MPN identity exactly match authoritative catalog data, then rebuild the plan. If not sold, record an explicit not-sold disposition."
catalog_identity_correction,catalog_product_missing_or_identifier_mismatch,"Catalog identity gap",tape-tech,882002,882002,882002,"Part (882002)",1,1,tapetech-88tte,,"Verify that this manufacturer part is intentionally sold. If sold, create/correct the WooCommerce product or variation so its protected SKU, brand and MPN identity exactly match authoritative catalog data, then rebuild the plan. If not sold, record an explicit not-sold disposition."
catalog_identity_correction,catalog_product_missing_or_identifier_mismatch,"Catalog identity gap",tape-tech,882001g,882001G,882001G,"Part (882001G)",1,1,tapetech-88tte,,"Verify that this manufacturer part is intentionally sold. If sold, create/correct the WooCommerce product or variation so its protected SKU, brand and MPN identity exactly match authoritative catalog data, then rebuild the plan. If not sold, record an explicit not-sold disposition."
catalog_identity_correction,catalog_product_missing_or_identifier_mismatch,"Catalog identity gap",tape-tech,880042,880042,880042,"Part (880042)",1,1,tapetech-88tte,,"Verify that this manufacturer part is intentionally sold. If sold, create/correct the WooCommerce product or variation so its protected SKU, brand and MPN identity exactly match authoritative catalog data, then rebuild the plan. If not sold, record an explicit not-sold disposition."
catalog_identity_correction,catalog_product_missing_or_identifier_mismatch,"Catalog identity gap",tape-tech,880028,880028,880028,"Part (880028)",1,1,tapetech-88tte,,"Verify that this manufacturer part is intentionally sold. If sold, create/correct the WooCommerce product or variation so its protected SKU, brand and MPN identity exactly match authoritative catalog data, then rebuild the plan. If not sold, record an explicit not-sold disposition."
catalog_identity_correction,catalog_product_missing_or_identifier_mismatch,"Catalog identity gap",tape-tech,196003,196003,196003,"Part (196003)",1,1,tapetech-88tte,,"Verify that this manufacturer part is intentionally sold. If sold, create/correct the WooCommerce product or variation so its protected SKU, brand and MPN identity exactly match authoritative catalog data, then rebuild the plan. If not sold, record an explicit not-sold disposition."
catalog_identity_correction,catalog_product_missing_or_identifier_mismatch,"Catalog identity gap",tape-tech,196002,196002,196002,"Part (196002)",1,1,tapetech-88tte,,"Verify that this manufacturer part is intentionally sold. If sold, create/correct the WooCommerce product or variation so its protected SKU, brand and MPN identity exactly match authoritative catalog data, then rebuild the plan. If not sold, record an explicit not-sold disposition."
catalog_identity_correction,catalog_product_missing_or_identifier_mismatch,"Catalog identity gap",tape-tech,199011,199011,199011,"Part (199011)",1,1,tapetech-88tte,,"Verify that this manufacturer part is intentionally sold. If sold, create/correct the WooCommerce product or variation so its protected SKU, brand and MPN identity exactly match authoritative catalog data, then rebuild the plan. If not sold, record an explicit not-sold disposition."
catalog_identity_correction,catalog_product_missing_or_identifier_mismatch,"Catalog identity gap",tape-tech,199010,199010,199010,"Part (199010)",1,1,tapetech-88tte,,"Verify that this manufacturer part is intentionally sold. If sold, create/correct the WooCommerce product or variation so its protected SKU, brand and MPN identity exactly match authoritative catalog data, then rebuild the plan. If not sold, record an explicit not-sold disposition."
catalog_identity_correction,catalog_product_missing_or_identifier_mismatch,"Catalog identity gap",tape-tech,811018,811018,811018,"Part (811018)",1,1,tapetech-88tte,,"Verify that this manufacturer part is intentionally sold. If sold, create/correct the WooCommerce product or variation so its protected SKU, brand and MPN identity exactly match authoritative catalog data, then rebuild the plan. If not sold, record an explicit not-sold disposition."
catalog_identity_correction,catalog_product_missing_or_identifier_mismatch,"Catalog identity gap",tape-tech,059091,059091,059091,"Screw 6-32 X 1/2 Slotted Fil. Hd., S.S.",1,1,tapetech-42tt,,"Verify that this manufacturer part is intentionally sold. If sold, create/correct the WooCommerce product or variation so its protected SKU, brand and MPN identity exactly match authoritative catalog data, then rebuild the plan. If not sold, record an explicit not-sold disposition."
catalog_identity_correction,catalog_product_missing_or_identifier_mismatch,"Catalog identity gap",tape-tech,402002f,402002F,402002F,"Spring Retainer",1,1,tapetech-42tt,,"Verify that this manufacturer part is intentionally sold. If sold, create/correct the WooCommerce product or variation so its protected SKU, brand and MPN identity exactly match authoritative catalog data, then rebuild the plan. If not sold, record an explicit not-sold disposition."
catalog_identity_correction,catalog_product_missing_or_identifier_mismatch,"Catalog identity gap",tape-tech,402012,402012,402012,"Ball Retainer",1,1,tapetech-42tt,,"Verify that this manufacturer part is intentionally sold. If sold, create/correct the WooCommerce product or variation so its protected SKU, brand and MPN identity exactly match authoritative catalog data, then rebuild the plan. If not sold, record an explicit not-sold disposition."
catalog_identity_correction,catalog_product_missing_or_identifier_mismatch,"Catalog identity gap",tape-tech,489013,489013,489013,"6-32 X 1/8 Setscrew",1,1,tapetech-42tt,,"Verify that this manufacturer part is intentionally sold. If sold, create/correct the WooCommerce product or variation so its protected SKU, brand and MPN identity exactly match authoritative catalog data, then rebuild the plan. If not sold, record an explicit not-sold disposition."
catalog_identity_correction,catalog_product_missing_or_identifier_mismatch,"Catalog identity gap",tape-tech,420009,420009,420009,"Blade, Carbide, 2.5"" C.F.",1,1,tapetech-42tt,,"Verify that this manufacturer part is intentionally sold. If sold, create/correct the WooCommerce product or variation so its protected SKU, brand and MPN identity exactly match authoritative catalog data, then rebuild the plan. If not sold, record an explicit not-sold disposition."
catalog_identity_correction,catalog_product_missing_or_identifier_mismatch,"Catalog identity gap",tape-tech,480017f,480017F,480017F,"Center Clip",1,1,tapetech-42tt,,"Verify that this manufacturer part is intentionally sold. If sold, create/correct the WooCommerce product or variation so its protected SKU, brand and MPN identity exactly match authoritative catalog data, then rebuild the plan. If not sold, record an explicit not-sold disposition."
catalog_identity_correction,catalog_product_missing_or_identifier_mismatch,"Catalog identity gap",tape-tech,480230,480230,480230,"Head Frame Stop",1,1,tapetech-42tt,,"Verify that this manufacturer part is intentionally sold. If sold, create/correct the WooCommerce product or variation so its protected SKU, brand and MPN identity exactly match authoritative catalog data, then rebuild the plan. If not sold, record an explicit not-sold disposition."
catalog_identity_correction,catalog_product_missing_or_identifier_mismatch,"Catalog identity gap",tape-tech,420015,420015,420015,"EasyRoll Frame, 2.5"", Left",1,1,tapetech-42tt,,"Verify that this manufacturer part is intentionally sold. If sold, create/correct the WooCommerce product or variation so its protected SKU, brand and MPN identity exactly match authoritative catalog data, then rebuild the plan. If not sold, record an explicit not-sold disposition."
catalog_identity_correction,catalog_product_missing_or_identifier_mismatch,"Catalog identity gap",tape-tech,426001,426001,426001,"EasyRoll Head, 2.5"", Universal",1,1,tapetech-42tt,,"Verify that this manufacturer part is intentionally sold. If sold, create/correct the WooCommerce product or variation so its protected SKU, brand and MPN identity exactly match authoritative catalog data, then rebuild the plan. If not sold, record an explicit not-sold disposition."
catalog_identity_correction,catalog_product_missing_or_identifier_mismatch,"Catalog identity gap",tape-tech,059084,059084,059084,Setscrew,1,1,tapetech-42tt,,"Verify that this manufacturer part is intentionally sold. If sold, create/correct the WooCommerce product or variation so its protected SKU, brand and MPN identity exactly match authoritative catalog data, then rebuild the plan. If not sold, record an explicit not-sold disposition."
catalog_identity_correction,catalog_product_missing_or_identifier_mismatch,"Catalog identity gap",tape-tech,402019,402019,402019,"Frame Stop",1,1,tapetech-42tt,,"Verify that this manufacturer part is intentionally sold. If sold, create/correct the WooCommerce product or variation so its protected SKU, brand and MPN identity exactly match authoritative catalog data, then rebuild the plan. If not sold, record an explicit not-sold disposition."
catalog_identity_correction,catalog_product_missing_or_identifier_mismatch,"Catalog identity gap",tape-tech,420016,420016,420016,"EasyRoll Frame, 2.5"", Right",1,1,tapetech-42tt,,"Verify that this manufacturer part is intentionally sold. If sold, create/correct the WooCommerce product or variation so its protected SKU, brand and MPN identity exactly match authoritative catalog data, then rebuild the plan. If not sold, record an explicit not-sold disposition."
catalog_identity_correction,catalog_product_missing_or_identifier_mismatch,"Catalog identity gap",tape-tech,059037,059037,059037,"Screw 4-40 X 1/4 Bind Hd. S.S",1,1,tapetech-42tt,,"Verify that this manufacturer part is intentionally sold. If sold, create/correct the WooCommerce product or variation so its protected SKU, brand and MPN identity exactly match authoritative catalog data, then rebuild the plan. If not sold, record an explicit not-sold disposition."
catalog_identity_correction,catalog_product_missing_or_identifier_mismatch,"Catalog identity gap",tape-tech,489022,489022,489022,"Screw, 4-40 X 31/64",1,1,tapetech-42tt,,"Verify that this manufacturer part is intentionally sold. If sold, create/correct the WooCommerce product or variation so its protected SKU, brand and MPN identity exactly match authoritative catalog data, then rebuild the plan. If not sold, record an explicit not-sold disposition."
catalog_identity_correction,catalog_product_missing_or_identifier_mismatch,"Catalog identity gap",tape-tech,402006,402006,402006,"Insert Socket",1,1,tapetech-42tt,,"Verify that this manufacturer part is intentionally sold. If sold, create/correct the WooCommerce product or variation so its protected SKU, brand and MPN identity exactly match authoritative catalog data, then rebuild the plan. If not sold, record an explicit not-sold disposition."
catalog_identity_correction,catalog_product_missing_or_identifier_mismatch,"Catalog identity gap",tape-tech,484014f,484014F,484014F,"Center Clip Ass'Y",1,1,tapetech-42tt,,"Verify that this manufacturer part is intentionally sold. If sold, create/correct the WooCommerce product or variation so its protected SKU, brand and MPN identity exactly match authoritative catalog data, then rebuild the plan. If not sold, record an explicit not-sold disposition."
catalog_identity_correction,catalog_product_missing_or_identifier_mismatch,"Catalog identity gap",tape-tech,880061,880061,880061,"Part (880061)",1,1,tapetech-xhtt,,"Verify that this manufacturer part is intentionally sold. If sold, create/correct the WooCommerce product or variation so its protected SKU, brand and MPN identity exactly match authoritative catalog data, then rebuild the plan. If not sold, record an explicit not-sold disposition."
catalog_identity_correction,catalog_product_missing_or_identifier_mismatch,"Catalog identity gap",tape-tech,883002,883002,883002,"Part (883002)",1,1,tapetech-xhtt,,"Verify that this manufacturer part is intentionally sold. If sold, create/correct the WooCommerce product or variation so its protected SKU, brand and MPN identity exactly match authoritative catalog data, then rebuild the plan. If not sold, record an explicit not-sold disposition."
catalog_identity_correction,catalog_product_missing_or_identifier_mismatch,"Catalog identity gap",tape-tech,883020,883020,883020,"Part (883020)",1,1,tapetech-xhtt,,"Verify that this manufacturer part is intentionally sold. If sold, create/correct the WooCommerce product or variation so its protected SKU, brand and MPN identity exactly match authoritative catalog data, then rebuild the plan. If not sold, record an explicit not-sold disposition."
catalog_identity_correction,catalog_product_missing_or_identifier_mismatch,"Catalog identity gap",tape-tech,883011,883011,883011,"Part (883011)",1,1,tapetech-xhtt,,"Verify that this manufacturer part is intentionally sold. If sold, create/correct the WooCommerce product or variation so its protected SKU, brand and MPN identity exactly match authoritative catalog data, then rebuild the plan. If not sold, record an explicit not-sold disposition."
catalog_identity_correction,catalog_product_missing_or_identifier_mismatch,"Catalog identity gap",tape-tech,883014,883014,883014,"Part (883014)",1,1,tapetech-xhtt,,"Verify that this manufacturer part is intentionally sold. If sold, create/correct the WooCommerce product or variation so its protected SKU, brand and MPN identity exactly match authoritative catalog data, then rebuild the plan. If not sold, record an explicit not-sold disposition."
catalog_identity_correction,catalog_product_missing_or_identifier_mismatch,"Catalog identity gap",tape-tech,882013,882013,882013,"Part (882013)",1,1,tapetech-xhtt,,"Verify that this manufacturer part is intentionally sold. If sold, create/correct the WooCommerce product or variation so its protected SKU, brand and MPN identity exactly match authoritative catalog data, then rebuild the plan. If not sold, record an explicit not-sold disposition."
catalog_identity_correction,catalog_product_missing_or_identifier_mismatch,"Catalog identity gap",tape-tech,889017,889017,889017,"Part (889017)",1,1,tapetech-xhtt,,"Verify that this manufacturer part is intentionally sold. If sold, create/correct the WooCommerce product or variation so its protected SKU, brand and MPN identity exactly match authoritative catalog data, then rebuild the plan. If not sold, record an explicit not-sold disposition."
catalog_identity_correction,catalog_product_missing_or_identifier_mismatch,"Catalog identity gap",tape-tech,880053,880053,880053,"Part (880053)",1,1,tapetech-xhtt,,"Verify that this manufacturer part is intentionally sold. If sold, create/correct the WooCommerce product or variation so its protected SKU, brand and MPN identity exactly match authoritative catalog data, then rebuild the plan. If not sold, record an explicit not-sold disposition."
catalog_identity_correction,catalog_product_missing_or_identifier_mismatch,"Catalog identity gap",tape-tech,889057,889057,889057,"Part (889057)",1,1,tapetech-xhtt,,"Verify that this manufacturer part is intentionally sold. If sold, create/correct the WooCommerce product or variation so its protected SKU, brand and MPN identity exactly match authoritative catalog data, then rebuild the plan. If not sold, record an explicit not-sold disposition."
catalog_identity_correction,catalog_product_missing_or_identifier_mismatch,"Catalog identity gap",tape-tech,880003,880003,880003,"Part (880003)",1,1,tapetech-xhtt,,"Verify that this manufacturer part is intentionally sold. If sold, create/correct the WooCommerce product or variation so its protected SKU, brand and MPN identity exactly match authoritative catalog data, then rebuild the plan. If not sold, record an explicit not-sold disposition."
catalog_identity_correction,catalog_product_missing_or_identifier_mismatch,"Catalog identity gap",tape-tech,883001g,883001G,883001G,"Part (883001G)",1,1,tapetech-xhtt,,"Verify that this manufacturer part is intentionally sold. If sold, create/correct the WooCommerce product or variation so its protected SKU, brand and MPN identity exactly match authoritative catalog data, then rebuild the plan. If not sold, record an explicit not-sold disposition."
catalog_identity_correction,catalog_product_missing_or_identifier_mismatch,"Catalog identity gap",tape-tech,883005,883005,883005,"Part (883005)",1,1,tapetech-xhtt,,"Verify that this manufacturer part is intentionally sold. If sold, create/correct the WooCommerce product or variation so its protected SKU, brand and MPN identity exactly match authoritative catalog data, then rebuild the plan. If not sold, record an explicit not-sold disposition."
catalog_identity_correction,catalog_product_missing_or_identifier_mismatch,"Catalog identity gap",tape-tech,8800060,8800060,8800060,"Part (8800060)",1,1,tapetech-xhtt,,"Verify that this manufacturer part is intentionally sold. If sold, create/correct the WooCommerce product or variation so its protected SKU, brand and MPN identity exactly match authoritative catalog data, then rebuild the plan. If not sold, record an explicit not-sold disposition."
catalog_identity_correction,catalog_product_missing_or_identifier_mismatch,"Catalog identity gap",tape-tech,210059,210059,210059,"Shoulder Screw",1,1,tapetech-quickbox-qsx,,"Verify that this manufacturer part is intentionally sold. If sold, create/correct the WooCommerce product or variation so its protected SKU, brand and MPN identity exactly match authoritative catalog data, then rebuild the plan. If not sold, record an explicit not-sold disposition."
catalog_identity_correction,catalog_product_missing_or_identifier_mismatch,"Catalog identity gap",tape-tech,qb0005,QB0005,QB0005,"Screw, #8 x 1/2 Fl Hd Self Tapping",1,1,tapetech-quickbox-qsx,,"Verify that this manufacturer part is intentionally sold. If sold, create/correct the WooCommerce product or variation so its protected SKU, brand and MPN identity exactly match authoritative catalog data, then rebuild the plan. If not sold, record an explicit not-sold disposition."
catalog_identity_correction,catalog_product_missing_or_identifier_mismatch,"Catalog identity gap",tape-tech,qb6003-5,QB6003-5,QB6003-5,"Unknown Part",1,1,tapetech-quickbox-qsx,,"Verify that this manufacturer part is intentionally sold. If sold, create/correct the WooCommerce product or variation so its protected SKU, brand and MPN identity exactly match authoritative catalog data, then rebuild the plan. If not sold, record an explicit not-sold disposition."
catalog_identity_correction,catalog_product_missing_or_identifier_mismatch,"Catalog identity gap",tape-tech,149029,149029,149029,"Washer, Nas620C 1/4 L, Sst",1,1,tapetech-quickbox-qsx,,"Verify that this manufacturer part is intentionally sold. If sold, create/correct the WooCommerce product or variation so its protected SKU, brand and MPN identity exactly match authoritative catalog data, then rebuild the plan. If not sold, record an explicit not-sold disposition."
catalog_identity_correction,catalog_product_missing_or_identifier_mismatch,"Catalog identity gap",tape-tech,qb8002,QB8002,QB8002,"Part (QB8002)",1,1,tapetech-quickbox-qsx,,"Verify that this manufacturer part is intentionally sold. If sold, create/correct the WooCommerce product or variation so its protected SKU, brand and MPN identity exactly match authoritative catalog data, then rebuild the plan. If not sold, record an explicit not-sold disposition."
catalog_identity_correction,catalog_product_missing_or_identifier_mismatch,"Catalog identity gap",tape-tech,qb8015,QB8015,QB8015,"Part (QB8015)",1,1,tapetech-quickbox-qsx,,"Verify that this manufacturer part is intentionally sold. If sold, create/correct the WooCommerce product or variation so its protected SKU, brand and MPN identity exactly match authoritative catalog data, then rebuild the plan. If not sold, record an explicit not-sold disposition."
catalog_identity_correction,catalog_product_missing_or_identifier_mismatch,"Catalog identity gap",tape-tech,149029typ,"149029 TYP","149029 TYP","Part (149029 TYP)",1,1,tapetech-quickbox-qsx,,"Verify that this manufacturer part is intentionally sold. If sold, create/correct the WooCommerce product or variation so its protected SKU, brand and MPN identity exactly match authoritative catalog data, then rebuild the plan. If not sold, record an explicit not-sold disposition."
catalog_identity_correction,catalog_product_missing_or_identifier_mismatch,"Catalog identity gap",tape-tech,qb8001,QB8001,QB8001,"Part (QB8001)",1,1,tapetech-quickbox-qsx,,"Verify that this manufacturer part is intentionally sold. If sold, create/correct the WooCommerce product or variation so its protected SKU, brand and MPN identity exactly match authoritative catalog data, then rebuild the plan. If not sold, record an explicit not-sold disposition."
catalog_identity_correction,catalog_product_missing_or_identifier_mismatch,"Catalog identity gap",tape-tech,qb8004,QB8004,QB8004,"Part (QB8004)",1,1,tapetech-quickbox-qsx,,"Verify that this manufacturer part is intentionally sold. If sold, create/correct the WooCommerce product or variation so its protected SKU, brand and MPN identity exactly match authoritative catalog data, then rebuild the plan. If not sold, record an explicit not-sold disposition."
catalog_identity_correction,catalog_product_missing_or_identifier_mismatch,"Catalog identity gap",tape-tech,qb0013,QB0013,QB0013,"Part (QB0013)",1,1,tapetech-quickbox-qsx,,"Verify that this manufacturer part is intentionally sold. If sold, create/correct the WooCommerce product or variation so its protected SKU, brand and MPN identity exactly match authoritative catalog data, then rebuild the plan. If not sold, record an explicit not-sold disposition."
catalog_identity_correction,catalog_product_missing_or_identifier_mismatch,"Catalog identity gap",tape-tech,qb8005typ,"QB8005 TYP","QB8005 TYP","Part (QB8005 TYP)",1,1,tapetech-quickbox-qsx,,"Verify that this manufacturer part is intentionally sold. If sold, create/correct the WooCommerce product or variation so its protected SKU, brand and MPN identity exactly match authoritative catalog data, then rebuild the plan. If not sold, record an explicit not-sold disposition."
catalog_identity_correction,catalog_product_missing_or_identifier_mismatch,"Catalog identity gap",tape-tech,qb8012,QB8012,QB8012,"Part (QB8012)",1,1,tapetech-quickbox-qsx,,"Verify that this manufacturer part is intentionally sold. If sold, create/correct the WooCommerce product or variation so its protected SKU, brand and MPN identity exactly match authoritative catalog data, then rebuild the plan. If not sold, record an explicit not-sold disposition."
catalog_identity_correction,catalog_product_missing_or_identifier_mismatch,"Catalog identity gap",tape-tech,qb8016,QB8016,QB8016,"Part (QB8016)",1,1,tapetech-quickbox-qsx,,"Verify that this manufacturer part is intentionally sold. If sold, create/correct the WooCommerce product or variation so its protected SKU, brand and MPN identity exactly match authoritative catalog data, then rebuild the plan. If not sold, record an explicit not-sold disposition."
catalog_identity_correction,catalog_product_missing_or_identifier_mismatch,"Catalog identity gap",tape-tech,qb8010,QB8010,QB8010,"Part (QB8010)",1,1,tapetech-quickbox-qsx,,"Verify that this manufacturer part is intentionally sold. If sold, create/correct the WooCommerce product or variation so its protected SKU, brand and MPN identity exactly match authoritative catalog data, then rebuild the plan. If not sold, record an explicit not-sold disposition."
catalog_identity_correction,catalog_product_missing_or_identifier_mismatch,"Catalog identity gap",tape-tech,722039,722039,722039,"Discharge Tube",1,1,tapetech-90t,,"Verify that this manufacturer part is intentionally sold. If sold, create/correct the WooCommerce product or variation so its protected SKU, brand and MPN identity exactly match authoritative catalog data, then rebuild the plan. If not sold, record an explicit not-sold disposition."
catalog_identity_correction,catalog_product_missing_or_identifier_mismatch,"Catalog identity gap",tape-tech,709043,709043,709043,"#63 ""S"" Hook 18-8 S.S.",1,1,tapetech-90t,,"Verify that this manufacturer part is intentionally sold. If sold, create/correct the WooCommerce product or variation so its protected SKU, brand and MPN identity exactly match authoritative catalog data, then rebuild the plan. If not sold, record an explicit not-sold disposition."
catalog_identity_correction,catalog_product_missing_or_identifier_mismatch,"Catalog identity gap",tape-tech,700042,700042,700042,Lanyard,1,1,tapetech-90t,,"Verify that this manufacturer part is intentionally sold. If sold, create/correct the WooCommerce product or variation so its protected SKU, brand and MPN identity exactly match authoritative catalog data, then rebuild the plan. If not sold, record an explicit not-sold disposition."
catalog_identity_correction,catalog_product_missing_or_identifier_mismatch,"Catalog identity gap",tape-tech,704040,704040,704040,"Filler Tube, Assy.",1,1,tapetech-90t,,"Verify that this manufacturer part is intentionally sold. If sold, create/correct the WooCommerce product or variation so its protected SKU, brand and MPN identity exactly match authoritative catalog data, then rebuild the plan. If not sold, record an explicit not-sold disposition."
catalog_identity_correction,catalog_product_missing_or_identifier_mismatch,"Catalog identity gap",tape-tech,856003f,856003F,856003F,"Part (856003F)",1,1,tapetech-85t,,"Verify that this manufacturer part is intentionally sold. If sold, create/correct the WooCommerce product or variation so its protected SKU, brand and MPN identity exactly match authoritative catalog data, then rebuild the plan. If not sold, record an explicit not-sold disposition."
catalog_identity_correction,catalog_product_missing_or_identifier_mismatch,"Catalog identity gap",tape-tech,861014,861014,861014,"Part (861014)",1,1,tapetech-85t,,"Verify that this manufacturer part is intentionally sold. If sold, create/correct the WooCommerce product or variation so its protected SKU, brand and MPN identity exactly match authoritative catalog data, then rebuild the plan. If not sold, record an explicit not-sold disposition."
catalog_identity_correction,catalog_product_missing_or_identifier_mismatch,"Catalog identity gap",tape-tech,729063,729063,729063,"Part (729063)",1,1,tapetech-76tt,,"Verify that this manufacturer part is intentionally sold. If sold, create/correct the WooCommerce product or variation so its protected SKU, brand and MPN identity exactly match authoritative catalog data, then rebuild the plan. If not sold, record an explicit not-sold disposition."
catalog_identity_correction,catalog_product_missing_or_identifier_mismatch,"Catalog identity gap",tape-tech,722003g,722003G,722003G,"Part (722003G)",1,1,tapetech-76tt,,"Verify that this manufacturer part is intentionally sold. If sold, create/correct the WooCommerce product or variation so its protected SKU, brand and MPN identity exactly match authoritative catalog data, then rebuild the plan. If not sold, record an explicit not-sold disposition."
catalog_identity_correction,catalog_product_missing_or_identifier_mismatch,"Catalog identity gap",tape-tech,709055,709055,709055,"Part (709055)",1,1,tapetech-76tt,,"Verify that this manufacturer part is intentionally sold. If sold, create/correct the WooCommerce product or variation so its protected SKU, brand and MPN identity exactly match authoritative catalog data, then rebuild the plan. If not sold, record an explicit not-sold disposition."
catalog_identity_correction,catalog_product_missing_or_identifier_mismatch,"Catalog identity gap",tape-tech,762011,762011,762011,"Part (762011)",1,1,tapetech-76tt,,"Verify that this manufacturer part is intentionally sold. If sold, create/correct the WooCommerce product or variation so its protected SKU, brand and MPN identity exactly match authoritative catalog data, then rebuild the plan. If not sold, record an explicit not-sold disposition."
catalog_identity_correction,catalog_product_missing_or_identifier_mismatch,"Catalog identity gap",tape-tech,709056,709056,709056,"Part (709056)",1,1,tapetech-76tt,,"Verify that this manufacturer part is intentionally sold. If sold, create/correct the WooCommerce product or variation so its protected SKU, brand and MPN identity exactly match authoritative catalog data, then rebuild the plan. If not sold, record an explicit not-sold disposition."
catalog_identity_correction,catalog_product_missing_or_identifier_mismatch,"Catalog identity gap",tape-tech,722070,722070,722070,"Part (722070)",1,1,tapetech-76tt,,"Verify that this manufacturer part is intentionally sold. If sold, create/correct the WooCommerce product or variation so its protected SKU, brand and MPN identity exactly match authoritative catalog data, then rebuild the plan. If not sold, record an explicit not-sold disposition."
catalog_identity_correction,catalog_product_missing_or_identifier_mismatch,"Catalog identity gap",tape-tech,709012,709012,709012,"Part (709012)",1,1,tapetech-76tt,,"Verify that this manufacturer part is intentionally sold. If sold, create/correct the WooCommerce product or variation so its protected SKU, brand and MPN identity exactly match authoritative catalog data, then rebuild the plan. If not sold, record an explicit not-sold disposition."
catalog_identity_correction,catalog_product_missing_or_identifier_mismatch,"Catalog identity gap",tape-tech,729027,729027,729027,"Part (729027)",1,1,tapetech-76tt,,"Verify that this manufacturer part is intentionally sold. If sold, create/correct the WooCommerce product or variation so its protected SKU, brand and MPN identity exactly match authoritative catalog data, then rebuild the plan. If not sold, record an explicit not-sold disposition."
catalog_identity_correction,catalog_product_missing_or_identifier_mismatch,"Catalog identity gap",tape-tech,729009,729009,729009,"Part (729009)",1,1,tapetech-76tt,,"Verify that this manufacturer part is intentionally sold. If sold, create/correct the WooCommerce product or variation so its protected SKU, brand and MPN identity exactly match authoritative catalog data, then rebuild the plan. If not sold, record an explicit not-sold disposition."
catalog_identity_correction,catalog_product_missing_or_identifier_mismatch,"Catalog identity gap",tape-tech,720045,720045,720045,"Part (720045)",1,1,tapetech-76tt,,"Verify that this manufacturer part is intentionally sold. If sold, create/correct the WooCommerce product or variation so its protected SKU, brand and MPN identity exactly match authoritative catalog data, then rebuild the plan. If not sold, record an explicit not-sold disposition."
catalog_identity_correction,catalog_product_missing_or_identifier_mismatch,"Catalog identity gap",tape-tech,700002f,700002F,700002F,"Part (700002F)",1,1,tapetech-76tt,,"Verify that this manufacturer part is intentionally sold. If sold, create/correct the WooCommerce product or variation so its protected SKU, brand and MPN identity exactly match authoritative catalog data, then rebuild the plan. If not sold, record an explicit not-sold disposition."
catalog_identity_correction,catalog_product_missing_or_identifier_mismatch,"Catalog identity gap",tape-tech,729072,729072,729072,"Part (729072)",1,1,tapetech-76tt,,"Verify that this manufacturer part is intentionally sold. If sold, create/correct the WooCommerce product or variation so its protected SKU, brand and MPN identity exactly match authoritative catalog data, then rebuild the plan. If not sold, record an explicit not-sold disposition."
catalog_identity_correction,catalog_product_missing_or_identifier_mismatch,"Catalog identity gap",tape-tech,709007,709007,709007,"Part (709007)",1,1,tapetech-76tt,,"Verify that this manufacturer part is intentionally sold. If sold, create/correct the WooCommerce product or variation so its protected SKU, brand and MPN identity exactly match authoritative catalog data, then rebuild the plan. If not sold, record an explicit not-sold disposition."
catalog_identity_correction,catalog_product_missing_or_identifier_mismatch,"Catalog identity gap",tape-tech,709006,709006,709006,"Part (709006)",1,1,tapetech-76tt,,"Verify that this manufacturer part is intentionally sold. If sold, create/correct the WooCommerce product or variation so its protected SKU, brand and MPN identity exactly match authoritative catalog data, then rebuild the plan. If not sold, record an explicit not-sold disposition."
catalog_identity_correction,catalog_product_missing_or_identifier_mismatch,"Catalog identity gap",tape-tech,729071,729071,729071,"Part (729071)",1,1,tapetech-76tt,,"Verify that this manufacturer part is intentionally sold. If sold, create/correct the WooCommerce product or variation so its protected SKU, brand and MPN identity exactly match authoritative catalog data, then rebuild the plan. If not sold, record an explicit not-sold disposition."
catalog_identity_correction,catalog_product_missing_or_identifier_mismatch,"Catalog identity gap",tape-tech,700037,700037,700037,"Part (700037)",1,1,tapetech-76tt,,"Verify that this manufacturer part is intentionally sold. If sold, create/correct the WooCommerce product or variation so its protected SKU, brand and MPN identity exactly match authoritative catalog data, then rebuild the plan. If not sold, record an explicit not-sold disposition."
catalog_identity_correction,catalog_product_missing_or_identifier_mismatch,"Catalog identity gap",tape-tech,700036,700036,700036,"Part (700036)",1,1,tapetech-76tt,,"Verify that this manufacturer part is intentionally sold. If sold, create/correct the WooCommerce product or variation so its protected SKU, brand and MPN identity exactly match authoritative catalog data, then rebuild the plan. If not sold, record an explicit not-sold disposition."
catalog_identity_correction,catalog_product_missing_or_identifier_mismatch,"Catalog identity gap",tape-tech,724001,724001,724001,"Part (724001)",1,1,tapetech-76tt,,"Verify that this manufacturer part is intentionally sold. If sold, create/correct the WooCommerce product or variation so its protected SKU, brand and MPN identity exactly match authoritative catalog data, then rebuild the plan. If not sold, record an explicit not-sold disposition."
catalog_identity_correction,catalog_product_missing_or_identifier_mismatch,"Catalog identity gap",tape-tech,700015f,700015F,700015F,"Part (700015F)",1,1,tapetech-76tt,,"Verify that this manufacturer part is intentionally sold. If sold, create/correct the WooCommerce product or variation so its protected SKU, brand and MPN identity exactly match authoritative catalog data, then rebuild the plan. If not sold, record an explicit not-sold disposition."
catalog_identity_correction,catalog_product_missing_or_identifier_mismatch,"Catalog identity gap",tape-tech,724065,724065,724065,"Part (724065)",1,1,tapetech-76tt,,"Verify that this manufacturer part is intentionally sold. If sold, create/correct the WooCommerce product or variation so its protected SKU, brand and MPN identity exactly match authoritative catalog data, then rebuild the plan. If not sold, record an explicit not-sold disposition."
catalog_identity_correction,catalog_product_missing_or_identifier_mismatch,"Catalog identity gap",tape-tech,700029,700029,700029,"Part (700029)",1,1,tapetech-76tt,,"Verify that this manufacturer part is intentionally sold. If sold, create/correct the WooCommerce product or variation so its protected SKU, brand and MPN identity exactly match authoritative catalog data, then rebuild the plan. If not sold, record an explicit not-sold disposition."
catalog_identity_correction,catalog_product_missing_or_identifier_mismatch,"Catalog identity gap",tape-tech,700004f,700004F,700004F,"Part (700004F)",1,1,tapetech-76tt,,"Verify that this manufacturer part is intentionally sold. If sold, create/correct the WooCommerce product or variation so its protected SKU, brand and MPN identity exactly match authoritative catalog data, then rebuild the plan. If not sold, record an explicit not-sold disposition."
catalog_identity_correction,catalog_product_missing_or_identifier_mismatch,"Catalog identity gap",tape-tech,700005,700005,700005,"Part (700005)",1,1,tapetech-76tt,,"Verify that this manufacturer part is intentionally sold. If sold, create/correct the WooCommerce product or variation so its protected SKU, brand and MPN identity exactly match authoritative catalog data, then rebuild the plan. If not sold, record an explicit not-sold disposition."
catalog_identity_correction,catalog_product_missing_or_identifier_mismatch,"Catalog identity gap",tape-tech,729061,729061,729061,"Part (729061)",1,1,tapetech-76tt,,"Verify that this manufacturer part is intentionally sold. If sold, create/correct the WooCommerce product or variation so its protected SKU, brand and MPN identity exactly match authoritative catalog data, then rebuild the plan. If not sold, record an explicit not-sold disposition."
catalog_identity_correction,catalog_product_missing_or_identifier_mismatch,"Catalog identity gap",tape-tech,726018,726018,726018,"Part (726018)",1,1,tapetech-76tt,,"Verify that this manufacturer part is intentionally sold. If sold, create/correct the WooCommerce product or variation so its protected SKU, brand and MPN identity exactly match authoritative catalog data, then rebuild the plan. If not sold, record an explicit not-sold disposition."
catalog_identity_correction,catalog_product_missing_or_identifier_mismatch,"Catalog identity gap",tape-tech,729064,729064,729064,"Part (729064)",1,1,tapetech-76tt,,"Verify that this manufacturer part is intentionally sold. If sold, create/correct the WooCommerce product or variation so its protected SKU, brand and MPN identity exactly match authoritative catalog data, then rebuild the plan. If not sold, record an explicit not-sold disposition."
catalog_identity_correction,catalog_product_missing_or_identifier_mismatch,"Catalog identity gap",tape-tech,706030b,706030B,706030B,"Part (706030B)",1,1,tapetech-76tt,,"Verify that this manufacturer part is intentionally sold. If sold, create/correct the WooCommerce product or variation so its protected SKU, brand and MPN identity exactly match authoritative catalog data, then rebuild the plan. If not sold, record an explicit not-sold disposition."
catalog_identity_correction,catalog_product_missing_or_identifier_mismatch,"Catalog identity gap",tape-tech,709024,709024,709024,"Part (709024)",1,1,tapetech-76tt,,"Verify that this manufacturer part is intentionally sold. If sold, create/correct the WooCommerce product or variation so its protected SKU, brand and MPN identity exactly match authoritative catalog data, then rebuild the plan. If not sold, record an explicit not-sold disposition."
catalog_identity_correction,catalog_product_missing_or_identifier_mismatch,"Catalog identity gap",tape-tech,709023,709023,709023,"Part (709023)",1,1,tapetech-76tt,,"Verify that this manufacturer part is intentionally sold. If sold, create/correct the WooCommerce product or variation so its protected SKU, brand and MPN identity exactly match authoritative catalog data, then rebuild the plan. If not sold, record an explicit not-sold disposition."
catalog_identity_correction,catalog_product_missing_or_identifier_mismatch,"Catalog identity gap",tape-tech,179004,179004,179004,"6-32 X 3/16 Hex Soc Setscrew Cup Pt 18-8",1,1,tapetech-17tt,,"Verify that this manufacturer part is intentionally sold. If sold, create/correct the WooCommerce product or variation so its protected SKU, brand and MPN identity exactly match authoritative catalog data, then rebuild the plan. If not sold, record an explicit not-sold disposition."
catalog_identity_correction,catalog_product_missing_or_identifier_mismatch,"Catalog identity gap",tape-tech,150009,150009,150009,"Swivel Axle",1,1,tapetech-17tt,,"Verify that this manufacturer part is intentionally sold. If sold, create/correct the WooCommerce product or variation so its protected SKU, brand and MPN identity exactly match authoritative catalog data, then rebuild the plan. If not sold, record an explicit not-sold disposition."
catalog_identity_correction,catalog_product_missing_or_identifier_mismatch,"Catalog identity gap",tape-tech,176001,176001,176001,"Bracket, No Logo, Serialized",1,1,tapetech-17tt,,"Verify that this manufacturer part is intentionally sold. If sold, create/correct the WooCommerce product or variation so its protected SKU, brand and MPN identity exactly match authoritative catalog data, then rebuild the plan. If not sold, record an explicit not-sold disposition."
catalog_identity_correction,catalog_product_missing_or_identifier_mismatch,"Catalog identity gap",tape-tech,154007,154007,154007,"Swivel Ass'Y",1,1,tapetech-17tt,,"Verify that this manufacturer part is intentionally sold. If sold, create/correct the WooCommerce product or variation so its protected SKU, brand and MPN identity exactly match authoritative catalog data, then rebuild the plan. If not sold, record an explicit not-sold disposition."
catalog_identity_correction,catalog_product_missing_or_identifier_mismatch,"Catalog identity gap",tape-tech,359046,359046,359046,"Nut, Hex 10-32",1,1,tapetech-17tt,,"Verify that this manufacturer part is intentionally sold. If sold, create/correct the WooCommerce product or variation so its protected SKU, brand and MPN identity exactly match authoritative catalog data, then rebuild the plan. If not sold, record an explicit not-sold disposition."
catalog_identity_correction,catalog_product_missing_or_identifier_mismatch,"Catalog identity gap",tape-tech,179006,179006,179006,"#10 Medium Lockwasher 18-8 S.S.",1,1,tapetech-17tt,,"Verify that this manufacturer part is intentionally sold. If sold, create/correct the WooCommerce product or variation so its protected SKU, brand and MPN identity exactly match authoritative catalog data, then rebuild the plan. If not sold, record an explicit not-sold disposition."
catalog_identity_correction,catalog_product_missing_or_identifier_mismatch,"Catalog identity gap",tape-tech,179007,179007,179007,"#10 Flat Washer, 18-8 S.S.",1,1,tapetech-17tt,,"Verify that this manufacturer part is intentionally sold. If sold, create/correct the WooCommerce product or variation so its protected SKU, brand and MPN identity exactly match authoritative catalog data, then rebuild the plan. If not sold, record an explicit not-sold disposition."
catalog_identity_correction,catalog_product_missing_or_identifier_mismatch,"Catalog identity gap",tape-tech,179010,179010,179010,".312 Ext. Retainer ""E"" Ring, 18-8 S.S.",1,1,tapetech-17tt,,"Verify that this manufacturer part is intentionally sold. If sold, create/correct the WooCommerce product or variation so its protected SKU, brand and MPN identity exactly match authoritative catalog data, then rebuild the plan. If not sold, record an explicit not-sold disposition."
catalog_identity_correction,catalog_product_missing_or_identifier_mismatch,"Catalog identity gap",tape-tech,059025,059025,059025,"Cotter Pin. 5/64 X 1/2 S.S",1,1,tapetech-17tt,,"Verify that this manufacturer part is intentionally sold. If sold, create/correct the WooCommerce product or variation so its protected SKU, brand and MPN identity exactly match authoritative catalog data, then rebuild the plan. If not sold, record an explicit not-sold disposition."
catalog_identity_correction,catalog_product_missing_or_identifier_mismatch,"Catalog identity gap",tape-tech,179008,179008,179008,"5/16 Flat Washer",1,1,tapetech-17tt,,"Verify that this manufacturer part is intentionally sold. If sold, create/correct the WooCommerce product or variation so its protected SKU, brand and MPN identity exactly match authoritative catalog data, then rebuild the plan. If not sold, record an explicit not-sold disposition."
catalog_identity_correction,catalog_product_missing_or_identifier_mismatch,"Catalog identity gap",level5,1,7203,1,"1/4-20x1-1/4in HH Screw",1,1,level5-corner-roller-4-707,,"Verify that this manufacturer part is intentionally sold. If sold, create/correct the WooCommerce product or variation so its protected SKU, brand and MPN identity exactly match authoritative catalog data, then rebuild the plan. If not sold, record an explicit not-sold disposition."
catalog_identity_correction,catalog_product_missing_or_identifier_mismatch,"Catalog identity gap",level5,4,7409,4,"Bearing, 5L7D-642",1,1,level5-corner-roller-4-707,,"Verify that this manufacturer part is intentionally sold. If sold, create/correct the WooCommerce product or variation so its protected SKU, brand and MPN identity exactly match authoritative catalog data, then rebuild the plan. If not sold, record an explicit not-sold disposition."
catalog_identity_correction,catalog_product_missing_or_identifier_mismatch,"Catalog identity gap",level5,7,7200,7,"Trust Washer",1,1,level5-corner-roller-4-707,,"Verify that this manufacturer part is intentionally sold. If sold, create/correct the WooCommerce product or variation so its protected SKU, brand and MPN identity exactly match authoritative catalog data, then rebuild the plan. If not sold, record an explicit not-sold disposition."
catalog_identity_correction,catalog_product_missing_or_identifier_mismatch,"Catalog identity gap",level5,8,7069,8,"8-32 x 5/16 Setscrew",1,1,level5-corner-roller-4-707,,"Verify that this manufacturer part is intentionally sold. If sold, create/correct the WooCommerce product or variation so its protected SKU, brand and MPN identity exactly match authoritative catalog data, then rebuild the plan. If not sold, record an explicit not-sold disposition."
catalog_identity_correction,catalog_product_missing_or_identifier_mismatch,"Catalog identity gap",level5,11,7206,11,"Swivel Axle",1,1,level5-corner-roller-4-707,,"Verify that this manufacturer part is intentionally sold. If sold, create/correct the WooCommerce product or variation so its protected SKU, brand and MPN identity exactly match authoritative catalog data, then rebuild the plan. If not sold, record an explicit not-sold disposition."
catalog_identity_correction,catalog_product_missing_or_identifier_mismatch,"Catalog identity gap",level5,2,7332,2,"Cutter Chain without Spring",1,1,level5-9333-cutter-chain-assembly,,"Verify that this manufacturer part is intentionally sold. If sold, create/correct the WooCommerce product or variation so its protected SKU, brand and MPN identity exactly match authoritative catalog data, then rebuild the plan. If not sold, record an explicit not-sold disposition."
catalog_identity_correction,catalog_product_missing_or_identifier_mismatch,"Catalog identity gap",level5,3,7136,3,"4-40 x 6.3MM FLH Screw, Phillips",1,1,level5-9333-cutter-chain-assembly,,"Verify that this manufacturer part is intentionally sold. If sold, create/correct the WooCommerce product or variation so its protected SKU, brand and MPN identity exactly match authoritative catalog data, then rebuild the plan. If not sold, record an explicit not-sold disposition."
catalog_identity_correction,catalog_product_missing_or_identifier_mismatch,"Catalog identity gap",level5,4,7111,4,"Pyramid Blade",1,1,level5-9333-cutter-chain-assembly,,"Verify that this manufacturer part is intentionally sold. If sold, create/correct the WooCommerce product or variation so its protected SKU, brand and MPN identity exactly match authoritative catalog data, then rebuild the plan. If not sold, record an explicit not-sold disposition."
catalog_identity_correction,catalog_product_missing_or_identifier_mismatch,"Catalog identity gap",level5,5,7112,5,"Cutter Block Clamp",1,1,level5-9333-cutter-chain-assembly,,"Verify that this manufacturer part is intentionally sold. If sold, create/correct the WooCommerce product or variation so its protected SKU, brand and MPN identity exactly match authoritative catalog data, then rebuild the plan. If not sold, record an explicit not-sold disposition."
catalog_identity_correction,catalog_product_missing_or_identifier_mismatch,"Catalog identity gap",level5,6,9108,6,"Cutter Chain Spring",1,1,level5-9333-cutter-chain-assembly,,"Verify that this manufacturer part is intentionally sold. If sold, create/correct the WooCommerce product or variation so its protected SKU, brand and MPN identity exactly match authoritative catalog data, then rebuild the plan. If not sold, record an explicit not-sold disposition."
catalog_identity_correction,catalog_product_missing_or_identifier_mismatch,"Catalog identity gap",level5,8,9917,8,"AT Key Ring Holder",1,1,level5-9333-cutter-chain-assembly,,"Verify that this manufacturer part is intentionally sold. If sold, create/correct the WooCommerce product or variation so its protected SKU, brand and MPN identity exactly match authoritative catalog data, then rebuild the plan. If not sold, record an explicit not-sold disposition."
catalog_identity_correction,catalog_product_missing_or_identifier_mismatch,"Catalog identity gap",level5,1,7034,1,"Disengaging Rod Bearing",1,1,level5-7377-cover-plate-assembly-old-style,,"Verify that this manufacturer part is intentionally sold. If sold, create/correct the WooCommerce product or variation so its protected SKU, brand and MPN identity exactly match authoritative catalog data, then rebuild the plan. If not sold, record an explicit not-sold disposition."
catalog_identity_correction,catalog_product_missing_or_identifier_mismatch,"Catalog identity gap",level5,2,7033,2,O'Ring,1,1,level5-7377-cover-plate-assembly-old-style,,"Verify that this manufacturer part is intentionally sold. If sold, create/correct the WooCommerce product or variation so its protected SKU, brand and MPN identity exactly match authoritative catalog data, then rebuild the plan. If not sold, record an explicit not-sold disposition."
catalog_identity_correction,catalog_product_missing_or_identifier_mismatch,"Catalog identity gap",level5,3,7032,3,"O'Ring Housing",1,1,level5-7377-cover-plate-assembly-old-style,,"Verify that this manufacturer part is intentionally sold. If sold, create/correct the WooCommerce product or variation so its protected SKU, brand and MPN identity exactly match authoritative catalog data, then rebuild the plan. If not sold, record an explicit not-sold disposition."
catalog_identity_correction,catalog_product_missing_or_identifier_mismatch,"Catalog identity gap",level5,5,7013,5,"#6 Lockwasher Medium",1,1,level5-7377-cover-plate-assembly-old-style,,"Verify that this manufacturer part is intentionally sold. If sold, create/correct the WooCommerce product or variation so its protected SKU, brand and MPN identity exactly match authoritative catalog data, then rebuild the plan. If not sold, record an explicit not-sold disposition."
catalog_identity_correction,catalog_product_missing_or_identifier_mismatch,"Catalog identity gap",level5,7,7126,7,"4-40 x 5/16 BH Screw- Fastenal 70657",1,1,level5-7377-cover-plate-assembly-old-style,,"Verify that this manufacturer part is intentionally sold. If sold, create/correct the WooCommerce product or variation so its protected SKU, brand and MPN identity exactly match authoritative catalog data, then rebuild the plan. If not sold, record an explicit not-sold disposition."
catalog_identity_correction,catalog_product_missing_or_identifier_mismatch,"Catalog identity gap",level5,8,7017,8,"6-32 x 3/8 Bind Head Screw",1,1,level5-7377-cover-plate-assembly-old-style,,"Verify that this manufacturer part is intentionally sold. If sold, create/correct the WooCommerce product or variation so its protected SKU, brand and MPN identity exactly match authoritative catalog data, then rebuild the plan. If not sold, record an explicit not-sold disposition."
catalog_identity_correction,catalog_product_missing_or_identifier_mismatch,"Catalog identity gap",level5,10,7014,10,"Collar Bushing",1,1,level5-7377-cover-plate-assembly-old-style,,"Verify that this manufacturer part is intentionally sold. If sold, create/correct the WooCommerce product or variation so its protected SKU, brand and MPN identity exactly match authoritative catalog data, then rebuild the plan. If not sold, record an explicit not-sold disposition."
catalog_identity_correction,catalog_product_missing_or_identifier_mismatch,"Catalog identity gap",level5,11,7016,11,"Disengaging Cam",1,1,level5-7377-cover-plate-assembly-old-style,,"Verify that this manufacturer part is intentionally sold. If sold, create/correct the WooCommerce product or variation so its protected SKU, brand and MPN identity exactly match authoritative catalog data, then rebuild the plan. If not sold, record an explicit not-sold disposition."
catalog_identity_correction,catalog_product_missing_or_identifier_mismatch,"Catalog identity gap",level5,13,7028,13,"Disengaging Rod (shaft)",1,1,level5-7377-cover-plate-assembly-old-style,,"Verify that this manufacturer part is intentionally sold. If sold, create/correct the WooCommerce product or variation so its protected SKU, brand and MPN identity exactly match authoritative catalog data, then rebuild the plan. If not sold, record an explicit not-sold disposition."
catalog_identity_correction,catalog_product_missing_or_identifier_mismatch,"Catalog identity gap",level5,2,7041,2,"Gooser Needle Holder",1,1,level5-7293-gooser-assembly,,"Verify that this manufacturer part is intentionally sold. If sold, create/correct the WooCommerce product or variation so its protected SKU, brand and MPN identity exactly match authoritative catalog data, then rebuild the plan. If not sold, record an explicit not-sold disposition."
catalog_identity_correction,catalog_product_missing_or_identifier_mismatch,"Catalog identity gap",level5,3,7023,3,"Gooser Body",1,1,level5-7293-gooser-assembly,,"Verify that this manufacturer part is intentionally sold. If sold, create/correct the WooCommerce product or variation so its protected SKU, brand and MPN identity exactly match authoritative catalog data, then rebuild the plan. If not sold, record an explicit not-sold disposition."
catalog_identity_correction,catalog_product_missing_or_identifier_mismatch,"Catalog identity gap",level5,5,7025,5,"Magnet Assembly",1,1,level5-7293-gooser-assembly,,"Verify that this manufacturer part is intentionally sold. If sold, create/correct the WooCommerce product or variation so its protected SKU, brand and MPN identity exactly match authoritative catalog data, then rebuild the plan. If not sold, record an explicit not-sold disposition."
catalog_identity_correction,catalog_product_missing_or_identifier_mismatch,"Catalog identity gap",level5,7,7031,7,"#4 Lock Washer",1,1,level5-7293-gooser-assembly,,"Verify that this manufacturer part is intentionally sold. If sold, create/correct the WooCommerce product or variation so its protected SKU, brand and MPN identity exactly match authoritative catalog data, then rebuild the plan. If not sold, record an explicit not-sold disposition."
catalog_identity_correction,catalog_product_missing_or_identifier_mismatch,"Catalog identity gap",level5,8,7010,8,"6-32 x 5/16 Round Head Screw",1,1,level5-7293-gooser-assembly,,"Verify that this manufacturer part is intentionally sold. If sold, create/correct the WooCommerce product or variation so its protected SKU, brand and MPN identity exactly match authoritative catalog data, then rebuild the plan. If not sold, record an explicit not-sold disposition."
catalog_identity_correction,catalog_product_missing_or_identifier_mismatch,"Catalog identity gap",level5,9,7022,9,"Needle Holder Lock",1,1,level5-7293-gooser-assembly,,"Verify that this manufacturer part is intentionally sold. If sold, create/correct the WooCommerce product or variation so its protected SKU, brand and MPN identity exactly match authoritative catalog data, then rebuild the plan. If not sold, record an explicit not-sold disposition."
catalog_identity_correction,catalog_product_missing_or_identifier_mismatch,"Catalog identity gap",level5,10,7040,10,"Needle Gooser",1,1,level5-7293-gooser-assembly,,"Verify that this manufacturer part is intentionally sold. If sold, create/correct the WooCommerce product or variation so its protected SKU, brand and MPN identity exactly match authoritative catalog data, then rebuild the plan. If not sold, record an explicit not-sold disposition."
catalog_identity_correction,catalog_product_missing_or_identifier_mismatch,"Catalog identity gap",level5,1,7047,1,"4-40 x3/16 Bind Head Screw",1,1,level5-7218-taper-wheel-assembly,,"Verify that this manufacturer part is intentionally sold. If sold, create/correct the WooCommerce product or variation so its protected SKU, brand and MPN identity exactly match authoritative catalog data, then rebuild the plan. If not sold, record an explicit not-sold disposition."
catalog_identity_correction,catalog_product_missing_or_identifier_mismatch,"Catalog identity gap",level5,3,7090,3,"Drive hub",1,1,level5-7218-taper-wheel-assembly,,"Verify that this manufacturer part is intentionally sold. If sold, create/correct the WooCommerce product or variation so its protected SKU, brand and MPN identity exactly match authoritative catalog data, then rebuild the plan. If not sold, record an explicit not-sold disposition."
catalog_identity_correction,catalog_product_missing_or_identifier_mismatch,"Catalog identity gap",level5,4,7078,4,"Taper Wheel Spool",1,1,level5-7218-taper-wheel-assembly,,"Verify that this manufacturer part is intentionally sold. If sold, create/correct the WooCommerce product or variation so its protected SKU, brand and MPN identity exactly match authoritative catalog data, then rebuild the plan. If not sold, record an explicit not-sold disposition."
catalog_identity_correction,catalog_product_missing_or_identifier_mismatch,"Catalog identity gap",level5,5,7070,5,"8-32 x 1/4 FH Screw",1,1,level5-7218-taper-wheel-assembly,,"Verify that this manufacturer part is intentionally sold. If sold, create/correct the WooCommerce product or variation so its protected SKU, brand and MPN identity exactly match authoritative catalog data, then rebuild the plan. If not sold, record an explicit not-sold disposition."
catalog_identity_correction,catalog_product_missing_or_identifier_mismatch,"Catalog identity gap",level5,1,7094,1,"Spring Drive Dog",1,1,level5-7097-drive-dog-assembly,,"Verify that this manufacturer part is intentionally sold. If sold, create/correct the WooCommerce product or variation so its protected SKU, brand and MPN identity exactly match authoritative catalog data, then rebuild the plan. If not sold, record an explicit not-sold disposition."
catalog_identity_correction,catalog_product_missing_or_identifier_mismatch,"Catalog identity gap",level5,2,7269,2,"Drive Dog Body",1,1,level5-7097-drive-dog-assembly,,"Verify that this manufacturer part is intentionally sold. If sold, create/correct the WooCommerce product or variation so its protected SKU, brand and MPN identity exactly match authoritative catalog data, then rebuild the plan. If not sold, record an explicit not-sold disposition."
catalog_identity_correction,catalog_product_missing_or_identifier_mismatch,"Catalog identity gap",level5,3,7060,3,"Drive Dog Screw 8-32",1,1,level5-7097-drive-dog-assembly,,"Verify that this manufacturer part is intentionally sold. If sold, create/correct the WooCommerce product or variation so its protected SKU, brand and MPN identity exactly match authoritative catalog data, then rebuild the plan. If not sold, record an explicit not-sold disposition."
catalog_identity_correction,catalog_product_missing_or_identifier_mismatch,"Catalog identity gap",level5,5,7100,5,"Cable Drum Shaft",1,1,level5-7097-drive-dog-assembly,,"Verify that this manufacturer part is intentionally sold. If sold, create/correct the WooCommerce product or variation so its protected SKU, brand and MPN identity exactly match authoritative catalog data, then rebuild the plan. If not sold, record an explicit not-sold disposition."
catalog_identity_correction,catalog_product_missing_or_identifier_mismatch,"Catalog identity gap",level5,6,7089,6,"Drive dog roller",1,1,level5-7097-drive-dog-assembly,,"Verify that this manufacturer part is intentionally sold. If sold, create/correct the WooCommerce product or variation so its protected SKU, brand and MPN identity exactly match authoritative catalog data, then rebuild the plan. If not sold, record an explicit not-sold disposition."
catalog_identity_correction,catalog_product_missing_or_identifier_mismatch,"Catalog identity gap",level5,1,9510,1,"CF Screw 6-32x15",1,1,level5-4-734-3-5-corner-finisher,,"Verify that this manufacturer part is intentionally sold. If sold, create/correct the WooCommerce product or variation so its protected SKU, brand and MPN identity exactly match authoritative catalog data, then rebuild the plan. If not sold, record an explicit not-sold disposition."
catalog_identity_correction,catalog_product_missing_or_identifier_mismatch,"Catalog identity gap",level5,2,9511,2,"CF SS Flat Washer",1,1,level5-4-734-3-5-corner-finisher,,"Verify that this manufacturer part is intentionally sold. If sold, create/correct the WooCommerce product or variation so its protected SKU, brand and MPN identity exactly match authoritative catalog data, then rebuild the plan. If not sold, record an explicit not-sold disposition."
catalog_identity_correction,catalog_product_missing_or_identifier_mismatch,"Catalog identity gap",level5,3,9512,3,"CF Rubber Tire",1,1,level5-4-734-3-5-corner-finisher,,"Verify that this manufacturer part is intentionally sold. If sold, create/correct the WooCommerce product or variation so its protected SKU, brand and MPN identity exactly match authoritative catalog data, then rebuild the plan. If not sold, record an explicit not-sold disposition."
catalog_identity_correction,catalog_product_missing_or_identifier_mismatch,"Catalog identity gap",level5,4,9513,4,"CF Wheel Bushing",1,1,level5-4-734-3-5-corner-finisher,,"Verify that this manufacturer part is intentionally sold. If sold, create/correct the WooCommerce product or variation so its protected SKU, brand and MPN identity exactly match authoritative catalog data, then rebuild the plan. If not sold, record an explicit not-sold disposition."
catalog_identity_correction,catalog_product_missing_or_identifier_mismatch,"Catalog identity gap",level5,6,7740,6,"CF Lock Clip Spring",1,1,level5-4-734-3-5-corner-finisher,,"Verify that this manufacturer part is intentionally sold. If sold, create/correct the WooCommerce product or variation so its protected SKU, brand and MPN identity exactly match authoritative catalog data, then rebuild the plan. If not sold, record an explicit not-sold disposition."
catalog_identity_correction,catalog_product_missing_or_identifier_mismatch,"Catalog identity gap",level5,8,7190,8,"CF Slotted Screw 8-32 x 6.35",1,1,level5-4-734-3-5-corner-finisher,,"Verify that this manufacturer part is intentionally sold. If sold, create/correct the WooCommerce product or variation so its protected SKU, brand and MPN identity exactly match authoritative catalog data, then rebuild the plan. If not sold, record an explicit not-sold disposition."
catalog_identity_correction,catalog_product_missing_or_identifier_mismatch,"Catalog identity gap",level5,9,9196,9,"CF Buttom Clip 3.5in & 4in",1,1,level5-4-734-3-5-corner-finisher,,"Verify that this manufacturer part is intentionally sold. If sold, create/correct the WooCommerce product or variation so its protected SKU, brand and MPN identity exactly match authoritative catalog data, then rebuild the plan. If not sold, record an explicit not-sold disposition."
catalog_identity_correction,catalog_product_missing_or_identifier_mismatch,"Catalog identity gap",level5,10,9807,10,"CF 3.5in Body",1,1,level5-4-734-3-5-corner-finisher,,"Verify that this manufacturer part is intentionally sold. If sold, create/correct the WooCommerce product or variation so its protected SKU, brand and MPN identity exactly match authoritative catalog data, then rebuild the plan. If not sold, record an explicit not-sold disposition."
catalog_identity_correction,catalog_product_missing_or_identifier_mismatch,"Catalog identity gap",level5,11,9803,11,"CF 3.5in Left Frame",1,1,level5-4-734-3-5-corner-finisher,,"Verify that this manufacturer part is intentionally sold. If sold, create/correct the WooCommerce product or variation so its protected SKU, brand and MPN identity exactly match authoritative catalog data, then rebuild the plan. If not sold, record an explicit not-sold disposition."
catalog_identity_correction,catalog_product_missing_or_identifier_mismatch,"Catalog identity gap",level5,12,9525,12,"CF 3.5in & 4in Skids",1,1,level5-4-734-3-5-corner-finisher,,"Verify that this manufacturer part is intentionally sold. If sold, create/correct the WooCommerce product or variation so its protected SKU, brand and MPN identity exactly match authoritative catalog data, then rebuild the plan. If not sold, record an explicit not-sold disposition."
catalog_identity_correction,catalog_product_missing_or_identifier_mismatch,"Catalog identity gap",level5,13,9191,13,"CF 6-32 x 1/8 SS Hex",1,1,level5-4-734-3-5-corner-finisher,,"Verify that this manufacturer part is intentionally sold. If sold, create/correct the WooCommerce product or variation so its protected SKU, brand and MPN identity exactly match authoritative catalog data, then rebuild the plan. If not sold, record an explicit not-sold disposition."
catalog_identity_correction,catalog_product_missing_or_identifier_mismatch,"Catalog identity gap",level5,14,9815,14,"CF 3.5in Blade",1,1,level5-4-734-3-5-corner-finisher,,"Verify that this manufacturer part is intentionally sold. If sold, create/correct the WooCommerce product or variation so its protected SKU, brand and MPN identity exactly match authoritative catalog data, then rebuild the plan. If not sold, record an explicit not-sold disposition."
catalog_identity_correction,catalog_product_missing_or_identifier_mismatch,"Catalog identity gap",level5,17,9197,17,"CF Top Clip 3.5in & 4in",1,1,level5-4-734-3-5-corner-finisher,,"Verify that this manufacturer part is intentionally sold. If sold, create/correct the WooCommerce product or variation so its protected SKU, brand and MPN identity exactly match authoritative catalog data, then rebuild the plan. If not sold, record an explicit not-sold disposition."
catalog_identity_correction,catalog_product_missing_or_identifier_mismatch,"Catalog identity gap",level5,19,9523,19,"CF 3.5in Spring (Big)",1,1,level5-4-734-3-5-corner-finisher,,"Verify that this manufacturer part is intentionally sold. If sold, create/correct the WooCommerce product or variation so its protected SKU, brand and MPN identity exactly match authoritative catalog data, then rebuild the plan. If not sold, record an explicit not-sold disposition."
catalog_identity_correction,catalog_product_missing_or_identifier_mismatch,"Catalog identity gap",level5,20,7741,20,"CF Ball Locking Clip",1,1,level5-4-734-3-5-corner-finisher,,"Verify that this manufacturer part is intentionally sold. If sold, create/correct the WooCommerce product or variation so its protected SKU, brand and MPN identity exactly match authoritative catalog data, then rebuild the plan. If not sold, record an explicit not-sold disposition."
catalog_identity_correction,catalog_product_missing_or_identifier_mismatch,"Catalog identity gap",level5,21,7742,21,"CF Locking Clip Tab",1,1,level5-4-734-3-5-corner-finisher,,"Verify that this manufacturer part is intentionally sold. If sold, create/correct the WooCommerce product or variation so its protected SKU, brand and MPN identity exactly match authoritative catalog data, then rebuild the plan. If not sold, record an explicit not-sold disposition."
catalog_identity_correction,catalog_product_missing_or_identifier_mismatch,"Catalog identity gap",level5,22,7075,22,"6-32 x 1/2 FillisterHeadScrew",1,1,level5-4-734-3-5-corner-finisher,,"Verify that this manufacturer part is intentionally sold. If sold, create/correct the WooCommerce product or variation so its protected SKU, brand and MPN identity exactly match authoritative catalog data, then rebuild the plan. If not sold, record an explicit not-sold disposition."
catalog_identity_correction,catalog_product_missing_or_identifier_mismatch,"Catalog identity gap",level5,23,7183,23,"Insert Socket",1,1,level5-4-734-3-5-corner-finisher,,"Verify that this manufacturer part is intentionally sold. If sold, create/correct the WooCommerce product or variation so its protected SKU, brand and MPN identity exactly match authoritative catalog data, then rebuild the plan. If not sold, record an explicit not-sold disposition."
catalog_identity_correction,catalog_product_missing_or_identifier_mismatch,"Catalog identity gap",columbia,ica4l,ICA-4L,"ICA 4L","Inside Corner Applicator Left Frame Sub-Assembly (ICA4L)",1,1,columbia-inside-corner-applicator,,"Verify that this manufacturer part is intentionally sold. If sold, create/correct the WooCommerce product or variation so its protected SKU, brand and MPN identity exactly match authoritative catalog data, then rebuild the plan. If not sold, record an explicit not-sold disposition."
catalog_identity_correction,catalog_product_missing_or_identifier_mismatch,"Catalog identity gap",columbia,ica4r,ICA-4R,"ICA 4R","Inside Corner Applicator Right Frame Sub-Assembly (ICA4R)",1,1,columbia-inside-corner-applicator,,"Verify that this manufacturer part is intentionally sold. If sold, create/correct the WooCommerce product or variation so its protected SKU, brand and MPN identity exactly match authoritative catalog data, then rebuild the plan. If not sold, record an explicit not-sold disposition."
catalog_identity_correction,catalog_product_missing_or_identifier_mismatch,"Catalog identity gap",columbia,cext2,CEXT-2,"CEXT 2","External Corner Applicator Wheel Small (CEXT2)",1,1,columbia-external-corner-applicator,,"Verify that this manufacturer part is intentionally sold. If sold, create/correct the WooCommerce product or variation so its protected SKU, brand and MPN identity exactly match authoritative catalog data, then rebuild the plan. If not sold, record an explicit not-sold disposition."
catalog_identity_correction,catalog_product_missing_or_identifier_mismatch,"Catalog identity gap",columbia,cext1,CEXT-1,"CEXT 1","External Corner Applicator Wheel Large (CEXT1)",1,1,columbia-external-corner-applicator,,"Verify that this manufacturer part is intentionally sold. If sold, create/correct the WooCommerce product or variation so its protected SKU, brand and MPN identity exactly match authoritative catalog data, then rebuild the plan. If not sold, record an explicit not-sold disposition."
catalog_identity_correction,catalog_product_missing_or_identifier_mismatch,"Catalog identity gap",columbia,icatw2,ICATW-2,"ICATW 2","Inside 90 Applicator with Wheels (ICATW)",1,1,columbia-2-way-internal-corner,,"Verify that this manufacturer part is intentionally sold. If sold, create/correct the WooCommerce product or variation so its protected SKU, brand and MPN identity exactly match authoritative catalog data, then rebuild the plan. If not sold, record an explicit not-sold disposition."
catalog_identity_correction,catalog_product_missing_or_identifier_mismatch,"Catalog identity gap",columbia,icatw1,ICATW-1,"ICATW 1","Inside 90 Applicator with Wheels (ICATW)",1,1,columbia-2-way-internal-corner,,"Verify that this manufacturer part is intentionally sold. If sold, create/correct the WooCommerce product or variation so its protected SKU, brand and MPN identity exactly match authoritative catalog data, then rebuild the plan. If not sold, record an explicit not-sold disposition."
catalog_identity_correction,catalog_product_missing_or_identifier_mismatch,"Catalog identity gap",level5,3,7217,3,"#4-40 x 1/4 Fillister Head Screw",6,0,level5-7-inch-mega-flat-box-4-767|level5-7-inch-flat-box-4-764|level5-12-inch-mega-box-4-769|level5-12-inch-flat-box-4-766|level5-10-inch-mega-flat-box-4-768|level5-10-inch-flat-box-4-765,,"Verify that this manufacturer part is intentionally sold. If sold, create/correct the WooCommerce product or variation so its protected SKU, brand and MPN identity exactly match authoritative catalog data, then rebuild the plan. If not sold, record an explicit not-sold disposition."
catalog_identity_correction,catalog_product_missing_or_identifier_mismatch,"Catalog identity gap",level5,4,9219,4,"Flat box Screw (#4)",6,0,level5-7-inch-mega-flat-box-4-767|level5-7-inch-flat-box-4-764|level5-12-inch-mega-box-4-769|level5-12-inch-flat-box-4-766|level5-10-inch-mega-flat-box-4-768|level5-10-inch-flat-box-4-765,,"Verify that this manufacturer part is intentionally sold. If sold, create/correct the WooCommerce product or variation so its protected SKU, brand and MPN identity exactly match authoritative catalog data, then rebuild the plan. If not sold, record an explicit not-sold disposition."
catalog_identity_correction,catalog_product_missing_or_identifier_mismatch,"Catalog identity gap",level5,11,7793,11,"Shoulder Screw",6,0,level5-7-inch-mega-flat-box-4-767|level5-7-inch-flat-box-4-764|level5-12-inch-mega-box-4-769|level5-12-inch-flat-box-4-766|level5-10-inch-mega-flat-box-4-768|level5-10-inch-flat-box-4-765,,"Verify that this manufacturer part is intentionally sold. If sold, create/correct the WooCommerce product or variation so its protected SKU, brand and MPN identity exactly match authoritative catalog data, then rebuild the plan. If not sold, record an explicit not-sold disposition."
catalog_identity_correction,catalog_product_missing_or_identifier_mismatch,"Catalog identity gap",level5,14,7239,14,"Skid Cover Left Side Universal",6,0,level5-7-inch-mega-flat-box-4-767|level5-7-inch-flat-box-4-764|level5-12-inch-mega-box-4-769|level5-12-inch-flat-box-4-766|level5-10-inch-mega-flat-box-4-768|level5-10-inch-flat-box-4-765,,"Verify that this manufacturer part is intentionally sold. If sold, create/correct the WooCommerce product or variation so its protected SKU, brand and MPN identity exactly match authoritative catalog data, then rebuild the plan. If not sold, record an explicit not-sold disposition."
catalog_identity_correction,catalog_product_missing_or_identifier_mismatch,"Catalog identity gap",level5,15,7012,15,"#6-32 x 1/4 Fillister Head",6,0,level5-7-inch-mega-flat-box-4-767|level5-7-inch-flat-box-4-764|level5-12-inch-mega-box-4-769|level5-12-inch-flat-box-4-766|level5-10-inch-mega-flat-box-4-768|level5-10-inch-flat-box-4-765,,"Verify that this manufacturer part is intentionally sold. If sold, create/correct the WooCommerce product or variation so its protected SKU, brand and MPN identity exactly match authoritative catalog data, then rebuild the plan. If not sold, record an explicit not-sold disposition."
catalog_identity_correction,catalog_product_missing_or_identifier_mismatch,"Catalog identity gap",level5,16,9701,16,"FB Screw (Side Plate",6,0,level5-7-inch-mega-flat-box-4-767|level5-7-inch-flat-box-4-764|level5-12-inch-mega-box-4-769|level5-12-inch-flat-box-4-766|level5-10-inch-mega-flat-box-4-768|level5-10-inch-flat-box-4-765,,"Verify that this manufacturer part is intentionally sold. If sold, create/correct the WooCommerce product or variation so its protected SKU, brand and MPN identity exactly match authoritative catalog data, then rebuild the plan. If not sold, record an explicit not-sold disposition."
catalog_identity_correction,catalog_product_missing_or_identifier_mismatch,"Catalog identity gap",level5,18,9240,18,"FB Pressure Spring Holder",6,0,level5-7-inch-mega-flat-box-4-767|level5-7-inch-flat-box-4-764|level5-12-inch-mega-box-4-769|level5-12-inch-flat-box-4-766|level5-10-inch-mega-flat-box-4-768|level5-10-inch-flat-box-4-765,,"Verify that this manufacturer part is intentionally sold. If sold, create/correct the WooCommerce product or variation so its protected SKU, brand and MPN identity exactly match authoritative catalog data, then rebuild the plan. If not sold, record an explicit not-sold disposition."
catalog_identity_correction,catalog_product_missing_or_identifier_mismatch,"Catalog identity gap",level5,20,8302,20,"#10-32 Lock Nut",6,0,level5-7-inch-mega-flat-box-4-767|level5-7-inch-flat-box-4-764|level5-12-inch-mega-box-4-769|level5-12-inch-flat-box-4-766|level5-10-inch-mega-flat-box-4-768|level5-10-inch-flat-box-4-765,,"Verify that this manufacturer part is intentionally sold. If sold, create/correct the WooCommerce product or variation so its protected SKU, brand and MPN identity exactly match authoritative catalog data, then rebuild the plan. If not sold, record an explicit not-sold disposition."
catalog_identity_correction,catalog_product_missing_or_identifier_mismatch,"Catalog identity gap",level5,23,8301,23,"#10-32 Hex Head Shoulder Screw",6,0,level5-7-inch-mega-flat-box-4-767|level5-7-inch-flat-box-4-764|level5-12-inch-mega-box-4-769|level5-12-inch-flat-box-4-766|level5-10-inch-mega-flat-box-4-768|level5-10-inch-flat-box-4-765,,"Verify that this manufacturer part is intentionally sold. If sold, create/correct the WooCommerce product or variation so its protected SKU, brand and MPN identity exactly match authoritative catalog data, then rebuild the plan. If not sold, record an explicit not-sold disposition."
catalog_identity_correction,catalog_product_missing_or_identifier_mismatch,"Catalog identity gap",level5,24,7119,24,"Nyliner Bearing-Straight",6,0,level5-7-inch-mega-flat-box-4-767|level5-7-inch-flat-box-4-764|level5-12-inch-mega-box-4-769|level5-12-inch-flat-box-4-766|level5-10-inch-mega-flat-box-4-768|level5-10-inch-flat-box-4-765,,"Verify that this manufacturer part is intentionally sold. If sold, create/correct the WooCommerce product or variation so its protected SKU, brand and MPN identity exactly match authoritative catalog data, then rebuild the plan. If not sold, record an explicit not-sold disposition."
catalog_identity_correction,catalog_product_missing_or_identifier_mismatch,"Catalog identity gap",level5,25,9685,25,"FB Box Tire",6,0,level5-7-inch-mega-flat-box-4-767|level5-7-inch-flat-box-4-764|level5-12-inch-mega-box-4-769|level5-12-inch-flat-box-4-766|level5-10-inch-mega-flat-box-4-768|level5-10-inch-flat-box-4-765,,"Verify that this manufacturer part is intentionally sold. If sold, create/correct the WooCommerce product or variation so its protected SKU, brand and MPN identity exactly match authoritative catalog data, then rebuild the plan. If not sold, record an explicit not-sold disposition."
catalog_identity_correction,catalog_product_missing_or_identifier_mismatch,"Catalog identity gap",level5,26,9719,26,"FB Box Wheel, Black",6,0,level5-7-inch-mega-flat-box-4-767|level5-7-inch-flat-box-4-764|level5-12-inch-mega-box-4-769|level5-12-inch-flat-box-4-766|level5-10-inch-mega-flat-box-4-768|level5-10-inch-flat-box-4-765,,"Verify that this manufacturer part is intentionally sold. If sold, create/correct the WooCommerce product or variation so its protected SKU, brand and MPN identity exactly match authoritative catalog data, then rebuild the plan. If not sold, record an explicit not-sold disposition."
catalog_identity_correction,catalog_product_missing_or_identifier_mismatch,"Catalog identity gap",level5,30,9237,30,"FB Bolt (holds axle on)",6,0,level5-7-inch-mega-flat-box-4-767|level5-7-inch-flat-box-4-764|level5-12-inch-mega-box-4-769|level5-12-inch-flat-box-4-766|level5-10-inch-mega-flat-box-4-768|level5-10-inch-flat-box-4-765,,"Verify that this manufacturer part is intentionally sold. If sold, create/correct the WooCommerce product or variation so its protected SKU, brand and MPN identity exactly match authoritative catalog data, then rebuild the plan. If not sold, record an explicit not-sold disposition."
catalog_identity_correction,catalog_product_missing_or_identifier_mismatch,"Catalog identity gap",level5,32,7212,32,"Skid Cover Rt Side, Universal",6,0,level5-7-inch-mega-flat-box-4-767|level5-7-inch-flat-box-4-764|level5-12-inch-mega-box-4-769|level5-12-inch-flat-box-4-766|level5-10-inch-mega-flat-box-4-768|level5-10-inch-flat-box-4-765,,"Verify that this manufacturer part is intentionally sold. If sold, create/correct the WooCommerce product or variation so its protected SKU, brand and MPN identity exactly match authoritative catalog data, then rebuild the plan. If not sold, record an explicit not-sold disposition."
catalog_identity_correction,catalog_product_missing_or_identifier_mismatch,"Catalog identity gap",level5,36,8306,36,"Pressure Plate Nut",6,0,level5-7-inch-mega-flat-box-4-767|level5-7-inch-flat-box-4-764|level5-12-inch-mega-box-4-769|level5-12-inch-flat-box-4-766|level5-10-inch-mega-flat-box-4-768|level5-10-inch-flat-box-4-765,,"Verify that this manufacturer part is intentionally sold. If sold, create/correct the WooCommerce product or variation so its protected SKU, brand and MPN identity exactly match authoritative catalog data, then rebuild the plan. If not sold, record an explicit not-sold disposition."
catalog_identity_correction,catalog_product_missing_or_identifier_mismatch,"Catalog identity gap",level5,37,8232,37,T-Nut,6,0,level5-7-inch-mega-flat-box-4-767|level5-7-inch-flat-box-4-764|level5-12-inch-mega-box-4-769|level5-12-inch-flat-box-4-766|level5-10-inch-mega-flat-box-4-768|level5-10-inch-flat-box-4-765,,"Verify that this manufacturer part is intentionally sold. If sold, create/correct the WooCommerce product or variation so its protected SKU, brand and MPN identity exactly match authoritative catalog data, then rebuild the plan. If not sold, record an explicit not-sold disposition."
catalog_identity_correction,catalog_product_missing_or_identifier_mismatch,"Catalog identity gap",level5,39,8303,39,"#10-32 X 1in SHC Screw",6,0,level5-7-inch-mega-flat-box-4-767|level5-7-inch-flat-box-4-764|level5-12-inch-mega-box-4-769|level5-12-inch-flat-box-4-766|level5-10-inch-mega-flat-box-4-768|level5-10-inch-flat-box-4-765,,"Verify that this manufacturer part is intentionally sold. If sold, create/correct the WooCommerce product or variation so its protected SKU, brand and MPN identity exactly match authoritative catalog data, then rebuild the plan. If not sold, record an explicit not-sold disposition."
catalog_identity_correction,catalog_product_missing_or_identifier_mismatch,"Catalog identity gap",level5,40,9273,40,"Lightweight Pressure Plate Spring",6,0,level5-7-inch-mega-flat-box-4-767|level5-7-inch-flat-box-4-764|level5-12-inch-mega-box-4-769|level5-12-inch-flat-box-4-766|level5-10-inch-mega-flat-box-4-768|level5-10-inch-flat-box-4-765,,"Verify that this manufacturer part is intentionally sold. If sold, create/correct the WooCommerce product or variation so its protected SKU, brand and MPN identity exactly match authoritative catalog data, then rebuild the plan. If not sold, record an explicit not-sold disposition."
catalog_identity_correction,catalog_product_missing_or_identifier_mismatch,"Catalog identity gap",level5,42,8291,42,"8-32 X 3/8, BHC Screw",6,0,level5-7-inch-mega-flat-box-4-767|level5-7-inch-flat-box-4-764|level5-12-inch-mega-box-4-769|level5-12-inch-flat-box-4-766|level5-10-inch-mega-flat-box-4-768|level5-10-inch-flat-box-4-765,,"Verify that this manufacturer part is intentionally sold. If sold, create/correct the WooCommerce product or variation so its protected SKU, brand and MPN identity exactly match authoritative catalog data, then rebuild the plan. If not sold, record an explicit not-sold disposition."
catalog_identity_correction,catalog_product_missing_or_identifier_mismatch,"Catalog identity gap",level5,44,7251,44,"Dial Assembly",6,0,level5-7-inch-mega-flat-box-4-767|level5-7-inch-flat-box-4-764|level5-12-inch-mega-box-4-769|level5-12-inch-flat-box-4-766|level5-10-inch-mega-flat-box-4-768|level5-10-inch-flat-box-4-765,,"Verify that this manufacturer part is intentionally sold. If sold, create/correct the WooCommerce product or variation so its protected SKU, brand and MPN identity exactly match authoritative catalog data, then rebuild the plan. If not sold, record an explicit not-sold disposition."
catalog_identity_correction,catalog_product_missing_or_identifier_mismatch,"Catalog identity gap",level5,47,7213,47,"Brass Pins",6,0,level5-7-inch-mega-flat-box-4-767|level5-7-inch-flat-box-4-764|level5-12-inch-mega-box-4-769|level5-12-inch-flat-box-4-766|level5-10-inch-mega-flat-box-4-768|level5-10-inch-flat-box-4-765,,"Verify that this manufacturer part is intentionally sold. If sold, create/correct the WooCommerce product or variation so its protected SKU, brand and MPN identity exactly match authoritative catalog data, then rebuild the plan. If not sold, record an explicit not-sold disposition."
catalog_identity_correction,catalog_product_missing_or_identifier_mismatch,"Catalog identity gap",level5,35,9268,35,"10in Blade Holder Bracket",4,0,level5-7-inch-mega-flat-box-4-767|level5-7-inch-flat-box-4-764|level5-10-inch-mega-flat-box-4-768|level5-10-inch-flat-box-4-765,,"Verify that this manufacturer part is intentionally sold. If sold, create/correct the WooCommerce product or variation so its protected SKU, brand and MPN identity exactly match authoritative catalog data, then rebuild the plan. If not sold, record an explicit not-sold disposition."
catalog_identity_correction,catalog_product_missing_or_identifier_mismatch,"Catalog identity gap",level5,45,7216,45,"Crown Spring",4,0,level5-7-inch-mega-flat-box-4-767|level5-7-inch-flat-box-4-764|level5-10-inch-mega-flat-box-4-768|level5-10-inch-flat-box-4-765,,"Verify that this manufacturer part is intentionally sold. If sold, create/correct the WooCommerce product or variation so its protected SKU, brand and MPN identity exactly match authoritative catalog data, then rebuild the plan. If not sold, record an explicit not-sold disposition."
catalog_identity_correction,catalog_product_missing_or_identifier_mismatch,"Catalog identity gap",level5,12,9596,12,"FB MEGA Side Plate - Left",3,0,level5-7-inch-mega-flat-box-4-767|level5-12-inch-mega-box-4-769|level5-10-inch-mega-flat-box-4-768,,"Verify that this manufacturer part is intentionally sold. If sold, create/correct the WooCommerce product or variation so its protected SKU, brand and MPN identity exactly match authoritative catalog data, then rebuild the plan. If not sold, record an explicit not-sold disposition."
catalog_identity_correction,catalog_product_missing_or_identifier_mismatch,"Catalog identity gap",level5,31,9597,31,"FB MEGA Side Plate - Right",3,0,level5-7-inch-mega-flat-box-4-767|level5-12-inch-mega-box-4-769|level5-10-inch-mega-flat-box-4-768,,"Verify that this manufacturer part is intentionally sold. If sold, create/correct the WooCommerce product or variation so its protected SKU, brand and MPN identity exactly match authoritative catalog data, then rebuild the plan. If not sold, record an explicit not-sold disposition."
catalog_identity_correction,catalog_product_missing_or_identifier_mismatch,"Catalog identity gap",tape-tech,609012,609012,609012,"Stopnut 4-40 S.S",2,0,tapetech-80xxtt|tapetech-power-assist-maxxbox,,"Verify that this manufacturer part is intentionally sold. If sold, create/correct the WooCommerce product or variation so its protected SKU, brand and MPN identity exactly match authoritative catalog data, then rebuild the plan. If not sold, record an explicit not-sold disposition."
catalog_identity_correction,catalog_product_missing_or_identifier_mismatch,"Catalog identity gap",tape-tech,254005,254005,254005,"Clamp Assy.",2,0,tapetech-maxxbox-ehc|tapetech-power-assist-maxxbox,,"Verify that this manufacturer part is intentionally sold. If sold, create/correct the WooCommerce product or variation so its protected SKU, brand and MPN identity exactly match authoritative catalog data, then rebuild the plan. If not sold, record an explicit not-sold disposition."
catalog_identity_correction,catalog_product_missing_or_identifier_mismatch,"Catalog identity gap",tape-tech,202007,202007,202007,"Push Rod, Crown Adj.",2,0,tapetech-maxxbox-ehc|tapetech-power-assist-maxxbox,,"Verify that this manufacturer part is intentionally sold. If sold, create/correct the WooCommerce product or variation so its protected SKU, brand and MPN identity exactly match authoritative catalog data, then rebuild the plan. If not sold, record an explicit not-sold disposition."
catalog_identity_correction,catalog_product_missing_or_identifier_mismatch,"Catalog identity gap",tape-tech,254002,254002,254002,"Blade Holder Assy.",2,0,tapetech-maxxbox-ehc|tapetech-power-assist-maxxbox,,"Verify that this manufacturer part is intentionally sold. If sold, create/correct the WooCommerce product or variation so its protected SKU, brand and MPN identity exactly match authoritative catalog data, then rebuild the plan. If not sold, record an explicit not-sold disposition."
catalog_identity_correction,catalog_product_missing_or_identifier_mismatch,"Catalog identity gap",tape-tech,240023g,240023G,240023G,"7"" Side Plate, Right",2,0,tapetech-maxxbox-ehc|tapetech-power-assist-maxxbox,,"Verify that this manufacturer part is intentionally sold. If sold, create/correct the WooCommerce product or variation so its protected SKU, brand and MPN identity exactly match authoritative catalog data, then rebuild the plan. If not sold, record an explicit not-sold disposition."
catalog_identity_correction,catalog_product_missing_or_identifier_mismatch,"Catalog identity gap",tape-tech,260031g,260031G,260031G,"10"" Bottom Plate",2,0,tapetech-maxxbox-ehc|tapetech-power-assist-maxxbox,,"Verify that this manufacturer part is intentionally sold. If sold, create/correct the WooCommerce product or variation so its protected SKU, brand and MPN identity exactly match authoritative catalog data, then rebuild the plan. If not sold, record an explicit not-sold disposition."
catalog_identity_correction,catalog_product_missing_or_identifier_mismatch,"Catalog identity gap",tape-tech,265045g,265045G,265045G,"Axle, 10"" Maxx, EasyRoll Wheels",2,0,tapetech-maxxbox-ehc|tapetech-power-assist-maxxbox,,"Verify that this manufacturer part is intentionally sold. If sold, create/correct the WooCommerce product or variation so its protected SKU, brand and MPN identity exactly match authoritative catalog data, then rebuild the plan. If not sold, record an explicit not-sold disposition."
catalog_identity_correction,catalog_product_missing_or_identifier_mismatch,"Catalog identity gap",tape-tech,219067,219067,219067,"# 310 Buna""O""Ring",2,0,tapetech-maxxbox-ehc|tapetech-power-assist-maxxbox,,"Verify that this manufacturer part is intentionally sold. If sold, create/correct the WooCommerce product or variation so its protected SKU, brand and MPN identity exactly match authoritative catalog data, then rebuild the plan. If not sold, record an explicit not-sold disposition."
catalog_identity_correction,catalog_product_missing_or_identifier_mismatch,"Catalog identity gap",tape-tech,260097,260097,260097,"Seal Plate, 10""",2,0,tapetech-maxxbox-ehc|tapetech-power-assist-maxxbox,,"Verify that this manufacturer part is intentionally sold. If sold, create/correct the WooCommerce product or variation so its protected SKU, brand and MPN identity exactly match authoritative catalog data, then rebuild the plan. If not sold, record an explicit not-sold disposition."
catalog_identity_correction,catalog_product_missing_or_identifier_mismatch,"Catalog identity gap",tape-tech,280009g,280009G,280009G,"10"" Pivot Axle",2,0,tapetech-maxxbox-ehc|tapetech-power-assist-maxxbox,,"Verify that this manufacturer part is intentionally sold. If sold, create/correct the WooCommerce product or variation so its protected SKU, brand and MPN identity exactly match authoritative catalog data, then rebuild the plan. If not sold, record an explicit not-sold disposition."
catalog_identity_correction,catalog_product_missing_or_identifier_mismatch,"Catalog identity gap",tape-tech,059051,059051,059051,"Screw 6-32 X 3/16 Fil. Hd. S.S",2,0,tapetech-maxxbox-ehc|tapetech-power-assist-maxxbox,,"Verify that this manufacturer part is intentionally sold. If sold, create/correct the WooCommerce product or variation so its protected SKU, brand and MPN identity exactly match authoritative catalog data, then rebuild the plan. If not sold, record an explicit not-sold disposition."
catalog_identity_correction,catalog_product_missing_or_identifier_mismatch,"Catalog identity gap",tape-tech,889030,889030,889030,"4-40 X 3/16 Fillister Head, 18-8 S.S/",2,0,tapetech-maxxbox-ehc|tapetech-power-assist-maxxbox,,"Verify that this manufacturer part is intentionally sold. If sold, create/correct the WooCommerce product or variation so its protected SKU, brand and MPN identity exactly match authoritative catalog data, then rebuild the plan. If not sold, record an explicit not-sold disposition."
catalog_identity_correction,catalog_product_missing_or_identifier_mismatch,"Catalog identity gap",tape-tech,280050g,280050G,280050G,"10"" Power Assist Pivot Retainer,Anodized",2,0,tapetech-maxxbox-ehc|tapetech-power-assist-maxxbox,,"Verify that this manufacturer part is intentionally sold. If sold, create/correct the WooCommerce product or variation so its protected SKU, brand and MPN identity exactly match authoritative catalog data, then rebuild the plan. If not sold, record an explicit not-sold disposition."
catalog_identity_correction,catalog_product_missing_or_identifier_mismatch,"Catalog identity gap",tape-tech,219081,219081,219081,"Screw - 6-32 X 7/16 Flat Head S.S.",2,0,tapetech-maxxbox-ehc|tapetech-power-assist-maxxbox,,"Verify that this manufacturer part is intentionally sold. If sold, create/correct the WooCommerce product or variation so its protected SKU, brand and MPN identity exactly match authoritative catalog data, then rebuild the plan. If not sold, record an explicit not-sold disposition."
catalog_identity_correction,catalog_product_missing_or_identifier_mismatch,"Catalog identity gap",tape-tech,210060,210060,210060,"Pivot Bearing",2,0,tapetech-maxxbox-ehc|tapetech-power-assist-maxxbox,,"Verify that this manufacturer part is intentionally sold. If sold, create/correct the WooCommerce product or variation so its protected SKU, brand and MPN identity exactly match authoritative catalog data, then rebuild the plan. If not sold, record an explicit not-sold disposition."
catalog_identity_correction,catalog_product_missing_or_identifier_mismatch,"Catalog identity gap",tape-tech,250001,250001,250001,"Blade, S.S. 10""",2,0,tapetech-maxxbox-ehc|tapetech-power-assist-maxxbox,,"Verify that this manufacturer part is intentionally sold. If sold, create/correct the WooCommerce product or variation so its protected SKU, brand and MPN identity exactly match authoritative catalog data, then rebuild the plan. If not sold, record an explicit not-sold disposition."
catalog_identity_correction,catalog_product_missing_or_identifier_mismatch,"Catalog identity gap",tape-tech,260071,260071,260071,"10"" Spacer Rod",2,0,tapetech-maxxbox-ehc|tapetech-power-assist-maxxbox,,"Verify that this manufacturer part is intentionally sold. If sold, create/correct the WooCommerce product or variation so its protected SKU, brand and MPN identity exactly match authoritative catalog data, then rebuild the plan. If not sold, record an explicit not-sold disposition."
catalog_identity_correction,catalog_product_missing_or_identifier_mismatch,"Catalog identity gap",tape-tech,280132g,280132G,280132G,"10"" Radius Plate, High Cap, Gold",2,0,tapetech-maxxbox-ehc|tapetech-power-assist-maxxbox,,"Verify that this manufacturer part is intentionally sold. If sold, create/correct the WooCommerce product or variation so its protected SKU, brand and MPN identity exactly match authoritative catalog data, then rebuild the plan. If not sold, record an explicit not-sold disposition."
catalog_identity_correction,catalog_product_missing_or_identifier_mismatch,"Catalog identity gap",tape-tech,260024f,260024F,260024F,"10"" Wiper",2,0,tapetech-maxxbox-ehc|tapetech-power-assist-maxxbox,,"Verify that this manufacturer part is intentionally sold. If sold, create/correct the WooCommerce product or variation so its protected SKU, brand and MPN identity exactly match authoritative catalog data, then rebuild the plan. If not sold, record an explicit not-sold disposition."
catalog_identity_correction,catalog_product_missing_or_identifier_mismatch,"Catalog identity gap",tape-tech,240025g,240025G,240025G,"7"" Side Plate, Generic, Left",2,0,tapetech-maxxbox-ehc|tapetech-power-assist-maxxbox,,"Verify that this manufacturer part is intentionally sold. If sold, create/correct the WooCommerce product or variation so its protected SKU, brand and MPN identity exactly match authoritative catalog data, then rebuild the plan. If not sold, record an explicit not-sold disposition."
catalog_identity_correction,catalog_product_missing_or_identifier_mismatch,"Catalog identity gap",tape-tech,304002,304002,304002,"Blade Holder Assy.",2,0,tapetech-maxxbox-ehc|tapetech-power-assist-maxxbox,,"Verify that this manufacturer part is intentionally sold. If sold, create/correct the WooCommerce product or variation so its protected SKU, brand and MPN identity exactly match authoritative catalog data, then rebuild the plan. If not sold, record an explicit not-sold disposition."
catalog_identity_correction,catalog_product_missing_or_identifier_mismatch,"Catalog identity gap",tape-tech,304005,304005,304005,"Clamp Assy.",2,0,tapetech-maxxbox-ehc|tapetech-power-assist-maxxbox,,"Verify that this manufacturer part is intentionally sold. If sold, create/correct the WooCommerce product or variation so its protected SKU, brand and MPN identity exactly match authoritative catalog data, then rebuild the plan. If not sold, record an explicit not-sold disposition."
catalog_identity_correction,catalog_product_missing_or_identifier_mismatch,"Catalog identity gap",tape-tech,303010,303010,303010,"12 Inch Crown Spring",2,0,tapetech-maxxbox-ehc|tapetech-power-assist-maxxbox,,"Verify that this manufacturer part is intentionally sold. If sold, create/correct the WooCommerce product or variation so its protected SKU, brand and MPN identity exactly match authoritative catalog data, then rebuild the plan. If not sold, record an explicit not-sold disposition."
catalog_identity_correction,catalog_product_missing_or_identifier_mismatch,"Catalog identity gap",tape-tech,330132g,330132G,330132G,"12"" Radius Plate, High Cap, Gold",2,0,tapetech-maxxbox-ehc|tapetech-power-assist-maxxbox,,"Verify that this manufacturer part is intentionally sold. If sold, create/correct the WooCommerce product or variation so its protected SKU, brand and MPN identity exactly match authoritative catalog data, then rebuild the plan. If not sold, record an explicit not-sold disposition."
catalog_identity_correction,catalog_product_missing_or_identifier_mismatch,"Catalog identity gap",tape-tech,310024f,310024F,310024F,"12"" Wiper",2,0,tapetech-maxxbox-ehc|tapetech-power-assist-maxxbox,,"Verify that this manufacturer part is intentionally sold. If sold, create/correct the WooCommerce product or variation so its protected SKU, brand and MPN identity exactly match authoritative catalog data, then rebuild the plan. If not sold, record an explicit not-sold disposition."
catalog_identity_correction,catalog_product_missing_or_identifier_mismatch,"Catalog identity gap",tape-tech,310071,310071,310071,"12"" Spacer Rod",2,0,tapetech-maxxbox-ehc|tapetech-power-assist-maxxbox,,"Verify that this manufacturer part is intentionally sold. If sold, create/correct the WooCommerce product or variation so its protected SKU, brand and MPN identity exactly match authoritative catalog data, then rebuild the plan. If not sold, record an explicit not-sold disposition."
catalog_identity_correction,catalog_product_missing_or_identifier_mismatch,"Catalog identity gap",tape-tech,300001,300001,300001,"Blade, S.S. 12""",2,0,tapetech-maxxbox-ehc|tapetech-power-assist-maxxbox,,"Verify that this manufacturer part is intentionally sold. If sold, create/correct the WooCommerce product or variation so its protected SKU, brand and MPN identity exactly match authoritative catalog data, then rebuild the plan. If not sold, record an explicit not-sold disposition."
catalog_identity_correction,catalog_product_missing_or_identifier_mismatch,"Catalog identity gap",tape-tech,330052,330052,330052,"4-40 Standoff",2,0,tapetech-maxxbox-ehc|tapetech-power-assist-maxxbox,,"Verify that this manufacturer part is intentionally sold. If sold, create/correct the WooCommerce product or variation so its protected SKU, brand and MPN identity exactly match authoritative catalog data, then rebuild the plan. If not sold, record an explicit not-sold disposition."
catalog_identity_correction,catalog_product_missing_or_identifier_mismatch,"Catalog identity gap",tape-tech,509010,509010,509010,"Screw: 4-40 X 5/16 Fl. Hd. S.S.",2,0,tapetech-maxxbox-ehc|tapetech-power-assist-maxxbox,,"Verify that this manufacturer part is intentionally sold. If sold, create/correct the WooCommerce product or variation so its protected SKU, brand and MPN identity exactly match authoritative catalog data, then rebuild the plan. If not sold, record an explicit not-sold disposition."
catalog_identity_correction,catalog_product_missing_or_identifier_mismatch,"Catalog identity gap",tape-tech,330031g,330031G,330031G,"12"" Bottom Plate (Tapetech)",2,0,tapetech-maxxbox-ehc|tapetech-power-assist-maxxbox,,"Verify that this manufacturer part is intentionally sold. If sold, create/correct the WooCommerce product or variation so its protected SKU, brand and MPN identity exactly match authoritative catalog data, then rebuild the plan. If not sold, record an explicit not-sold disposition."
catalog_identity_correction,catalog_product_missing_or_identifier_mismatch,"Catalog identity gap",tape-tech,315045g,315045G,315045G,"Axle, 12"" Maxx, EasyRoll Wheels",2,0,tapetech-maxxbox-ehc|tapetech-power-assist-maxxbox,,"Verify that this manufacturer part is intentionally sold. If sold, create/correct the WooCommerce product or variation so its protected SKU, brand and MPN identity exactly match authoritative catalog data, then rebuild the plan. If not sold, record an explicit not-sold disposition."
catalog_identity_correction,catalog_product_missing_or_identifier_mismatch,"Catalog identity gap",tape-tech,310097,310097,310097,"Seal Plate, 12""",2,0,tapetech-maxxbox-ehc|tapetech-power-assist-maxxbox,,"Verify that this manufacturer part is intentionally sold. If sold, create/correct the WooCommerce product or variation so its protected SKU, brand and MPN identity exactly match authoritative catalog data, then rebuild the plan. If not sold, record an explicit not-sold disposition."
catalog_identity_correction,catalog_product_missing_or_identifier_mismatch,"Catalog identity gap",tape-tech,330009g,330009G,330009G,"12"" Pivot Axle",2,0,tapetech-maxxbox-ehc|tapetech-power-assist-maxxbox,,"Verify that this manufacturer part is intentionally sold. If sold, create/correct the WooCommerce product or variation so its protected SKU, brand and MPN identity exactly match authoritative catalog data, then rebuild the plan. If not sold, record an explicit not-sold disposition."
catalog_identity_correction,catalog_product_missing_or_identifier_mismatch,"Catalog identity gap",level5,1,7207,1,"7in Flat Box Blade",2,0,level5-7-inch-mega-flat-box-4-767|level5-7-inch-flat-box-4-764,,"Verify that this manufacturer part is intentionally sold. If sold, create/correct the WooCommerce product or variation so its protected SKU, brand and MPN identity exactly match authoritative catalog data, then rebuild the plan. If not sold, record an explicit not-sold disposition."
catalog_identity_correction,catalog_product_missing_or_identifier_mismatch,"Catalog identity gap",level5,2,7208,2,"7in Blade Holder Assembly",2,0,level5-7-inch-mega-flat-box-4-767|level5-7-inch-flat-box-4-764,,"Verify that this manufacturer part is intentionally sold. If sold, create/correct the WooCommerce product or variation so its protected SKU, brand and MPN identity exactly match authoritative catalog data, then rebuild the plan. If not sold, record an explicit not-sold disposition."
catalog_identity_correction,catalog_product_missing_or_identifier_mismatch,"Catalog identity gap",level5,5,9285,5,"7in Blade Holder Bracket",2,0,level5-7-inch-mega-flat-box-4-767|level5-7-inch-flat-box-4-764,,"Verify that this manufacturer part is intentionally sold. If sold, create/correct the WooCommerce product or variation so its protected SKU, brand and MPN identity exactly match authoritative catalog data, then rebuild the plan. If not sold, record an explicit not-sold disposition."
catalog_identity_correction,catalog_product_missing_or_identifier_mismatch,"Catalog identity gap",level5,28,9281,28,"7in Axle",2,0,level5-7-inch-mega-flat-box-4-767|level5-7-inch-flat-box-4-764,,"Verify that this manufacturer part is intentionally sold. If sold, create/correct the WooCommerce product or variation so its protected SKU, brand and MPN identity exactly match authoritative catalog data, then rebuild the plan. If not sold, record an explicit not-sold disposition."
catalog_identity_correction,catalog_product_missing_or_identifier_mismatch,"Catalog identity gap",level5,33,9215,33,"FB 7in Metal Hinge",2,0,level5-7-inch-mega-flat-box-4-767|level5-7-inch-flat-box-4-764,,"Verify that this manufacturer part is intentionally sold. If sold, create/correct the WooCommerce product or variation so its protected SKU, brand and MPN identity exactly match authoritative catalog data, then rebuild the plan. If not sold, record an explicit not-sold disposition."
catalog_identity_correction,catalog_product_missing_or_identifier_mismatch,"Catalog identity gap",level5,43,8271,43,"Flat Box Seal, 7in",2,0,level5-7-inch-mega-flat-box-4-767|level5-7-inch-flat-box-4-764,,"Verify that this manufacturer part is intentionally sold. If sold, create/correct the WooCommerce product or variation so its protected SKU, brand and MPN identity exactly match authoritative catalog data, then rebuild the plan. If not sold, record an explicit not-sold disposition."
catalog_identity_correction,catalog_product_missing_or_identifier_mismatch,"Catalog identity gap",level5,1,7270,1,"12in Flat Box Blade",2,0,level5-12-inch-mega-box-4-769|level5-12-inch-flat-box-4-766,,"Verify that this manufacturer part is intentionally sold. If sold, create/correct the WooCommerce product or variation so its protected SKU, brand and MPN identity exactly match authoritative catalog data, then rebuild the plan. If not sold, record an explicit not-sold disposition."
catalog_identity_correction,catalog_product_missing_or_identifier_mismatch,"Catalog identity gap",level5,2,7284,2,"12in Blade Holder Assembly",2,0,level5-12-inch-mega-box-4-769|level5-12-inch-flat-box-4-766,,"Verify that this manufacturer part is intentionally sold. If sold, create/correct the WooCommerce product or variation so its protected SKU, brand and MPN identity exactly match authoritative catalog data, then rebuild the plan. If not sold, record an explicit not-sold disposition."
catalog_identity_correction,catalog_product_missing_or_identifier_mismatch,"Catalog identity gap",level5,5,9270,5,"12in Blade Holder Bracket",2,0,level5-12-inch-mega-box-4-769|level5-12-inch-flat-box-4-766,,"Verify that this manufacturer part is intentionally sold. If sold, create/correct the WooCommerce product or variation so its protected SKU, brand and MPN identity exactly match authoritative catalog data, then rebuild the plan. If not sold, record an explicit not-sold disposition."
catalog_identity_correction,catalog_product_missing_or_identifier_mismatch,"Catalog identity gap",level5,33,9274,33,"FB 12in Mental Hinge",2,0,level5-12-inch-mega-box-4-769|level5-12-inch-flat-box-4-766,,"Verify that this manufacturer part is intentionally sold. If sold, create/correct the WooCommerce product or variation so its protected SKU, brand and MPN identity exactly match authoritative catalog data, then rebuild the plan. If not sold, record an explicit not-sold disposition."
catalog_identity_correction,catalog_product_missing_or_identifier_mismatch,"Catalog identity gap",level5,35,9269,35,"12in Pressure Plate",2,0,level5-12-inch-mega-box-4-769|level5-12-inch-flat-box-4-766,,"Verify that this manufacturer part is intentionally sold. If sold, create/correct the WooCommerce product or variation so its protected SKU, brand and MPN identity exactly match authoritative catalog data, then rebuild the plan. If not sold, record an explicit not-sold disposition."
catalog_identity_correction,catalog_product_missing_or_identifier_mismatch,"Catalog identity gap",level5,43,8272,43,"Flat Box Seal, 12in",2,0,level5-12-inch-mega-box-4-769|level5-12-inch-flat-box-4-766,,"Verify that this manufacturer part is intentionally sold. If sold, create/correct the WooCommerce product or variation so its protected SKU, brand and MPN identity exactly match authoritative catalog data, then rebuild the plan. If not sold, record an explicit not-sold disposition."
catalog_identity_correction,catalog_product_missing_or_identifier_mismatch,"Catalog identity gap",level5,45,7275,45,"12/14in Crown Spring",2,0,level5-12-inch-mega-box-4-769|level5-12-inch-flat-box-4-766,,"Verify that this manufacturer part is intentionally sold. If sold, create/correct the WooCommerce product or variation so its protected SKU, brand and MPN identity exactly match authoritative catalog data, then rebuild the plan. If not sold, record an explicit not-sold disposition."
catalog_identity_correction,catalog_product_missing_or_identifier_mismatch,"Catalog identity gap",level5,1,7254,1,"10in Flat Box Blade",2,0,level5-10-inch-mega-flat-box-4-768|level5-10-inch-flat-box-4-765,,"Verify that this manufacturer part is intentionally sold. If sold, create/correct the WooCommerce product or variation so its protected SKU, brand and MPN identity exactly match authoritative catalog data, then rebuild the plan. If not sold, record an explicit not-sold disposition."
catalog_identity_correction,catalog_product_missing_or_identifier_mismatch,"Catalog identity gap",level5,2,7267,2,"10in Blade Holder Assembly",2,0,level5-10-inch-mega-flat-box-4-768|level5-10-inch-flat-box-4-765,,"Verify that this manufacturer part is intentionally sold. If sold, create/correct the WooCommerce product or variation so its protected SKU, brand and MPN identity exactly match authoritative catalog data, then rebuild the plan. If not sold, record an explicit not-sold disposition."
catalog_identity_correction,catalog_product_missing_or_identifier_mismatch,"Catalog identity gap",level5,28,9280,28,"10in Axle",2,0,level5-10-inch-mega-flat-box-4-768|level5-10-inch-flat-box-4-765,,"Verify that this manufacturer part is intentionally sold. If sold, create/correct the WooCommerce product or variation so its protected SKU, brand and MPN identity exactly match authoritative catalog data, then rebuild the plan. If not sold, record an explicit not-sold disposition."
catalog_identity_correction,catalog_product_missing_or_identifier_mismatch,"Catalog identity gap",level5,33,9258,33,"FB 10in Mental Hinge",2,0,level5-10-inch-mega-flat-box-4-768|level5-10-inch-flat-box-4-765,,"Verify that this manufacturer part is intentionally sold. If sold, create/correct the WooCommerce product or variation so its protected SKU, brand and MPN identity exactly match authoritative catalog data, then rebuild the plan. If not sold, record an explicit not-sold disposition."
catalog_identity_correction,catalog_product_missing_or_identifier_mismatch,"Catalog identity gap",level5,35,9267,35,"10in Pressure Plate",2,0,level5-10-inch-mega-flat-box-4-768|level5-10-inch-flat-box-4-765,,"Verify that this manufacturer part is intentionally sold. If sold, create/correct the WooCommerce product or variation so its protected SKU, brand and MPN identity exactly match authoritative catalog data, then rebuild the plan. If not sold, record an explicit not-sold disposition."
catalog_identity_correction,catalog_product_missing_or_identifier_mismatch,"Catalog identity gap",level5,43,8270,43,"Flat Box Seal, 10in",2,0,level5-10-inch-mega-flat-box-4-768|level5-10-inch-flat-box-4-765,,"Verify that this manufacturer part is intentionally sold. If sold, create/correct the WooCommerce product or variation so its protected SKU, brand and MPN identity exactly match authoritative catalog data, then rebuild the plan. If not sold, record an explicit not-sold disposition."
catalog_identity_correction,catalog_product_missing_or_identifier_mismatch,"Catalog identity gap",tape-tech,059217,059217,059217,"Screw 4-40 X 3/8 Bind. Hd. S.S",1,0,tapetech-80xxtt,,"Verify that this manufacturer part is intentionally sold. If sold, create/correct the WooCommerce product or variation so its protected SKU, brand and MPN identity exactly match authoritative catalog data, then rebuild the plan. If not sold, record an explicit not-sold disposition."
catalog_identity_correction,catalog_product_missing_or_identifier_mismatch,"Catalog identity gap",tape-tech,810028,810028,810028,"Swivel Axle",1,0,tapetech-80xxtt,,"Verify that this manufacturer part is intentionally sold. If sold, create/correct the WooCommerce product or variation so its protected SKU, brand and MPN identity exactly match authoritative catalog data, then rebuild the plan. If not sold, record an explicit not-sold disposition."
catalog_identity_correction,catalog_product_missing_or_identifier_mismatch,"Catalog identity gap",tape-tech,810029,810029,810029,"Connector Coupling",1,0,tapetech-80xxtt,,"Verify that this manufacturer part is intentionally sold. If sold, create/correct the WooCommerce product or variation so its protected SKU, brand and MPN identity exactly match authoritative catalog data, then rebuild the plan. If not sold, record an explicit not-sold disposition."
catalog_identity_correction,catalog_product_missing_or_identifier_mismatch,"Catalog identity gap",tape-tech,810027,810027,810027,"Short Connector",1,0,tapetech-80xxtt,,"Verify that this manufacturer part is intentionally sold. If sold, create/correct the WooCommerce product or variation so its protected SKU, brand and MPN identity exactly match authoritative catalog data, then rebuild the plan. If not sold, record an explicit not-sold disposition."
catalog_identity_correction,catalog_product_missing_or_identifier_mismatch,"Catalog identity gap",tape-tech,801009,801009,801009,"Unknown Part",1,0,tapetech-80xxtt,,"Verify that this manufacturer part is intentionally sold. If sold, create/correct the WooCommerce product or variation so its protected SKU, brand and MPN identity exactly match authoritative catalog data, then rebuild the plan. If not sold, record an explicit not-sold disposition."
catalog_identity_correction,catalog_product_missing_or_identifier_mismatch,"Catalog identity gap",tape-tech,059260,059260,059260,"Nut 8-32 Hex. H.D. S.S",1,0,tapetech-80xxtt,,"Verify that this manufacturer part is intentionally sold. If sold, create/correct the WooCommerce product or variation so its protected SKU, brand and MPN identity exactly match authoritative catalog data, then rebuild the plan. If not sold, record an explicit not-sold disposition."
catalog_identity_correction,catalog_product_missing_or_identifier_mismatch,"Catalog identity gap",tape-tech,059225,059225,059225,"Nut 10-32 Elastic",1,0,tapetech-maxxbox-ehc,,"Verify that this manufacturer part is intentionally sold. If sold, create/correct the WooCommerce product or variation so its protected SKU, brand and MPN identity exactly match authoritative catalog data, then rebuild the plan. If not sold, record an explicit not-sold disposition."
catalog_identity_correction,catalog_product_missing_or_identifier_mismatch,"Catalog identity gap",tape-tech,260033g,260033G,260033G,"10"" Axle Support",1,0,tapetech-maxxbox-ehc,,"Verify that this manufacturer part is intentionally sold. If sold, create/correct the WooCommerce product or variation so its protected SKU, brand and MPN identity exactly match authoritative catalog data, then rebuild the plan. If not sold, record an explicit not-sold disposition."
catalog_identity_correction,catalog_product_missing_or_identifier_mismatch,"Catalog identity gap",tape-tech,260027g,260027G,260027G,"10"" Pressure Plate, Universal",1,0,tapetech-maxxbox-ehc,,"Verify that this manufacturer part is intentionally sold. If sold, create/correct the WooCommerce product or variation so its protected SKU, brand and MPN identity exactly match authoritative catalog data, then rebuild the plan. If not sold, record an explicit not-sold disposition."
catalog_identity_correction,catalog_product_missing_or_identifier_mismatch,"Catalog identity gap",tape-tech,280023g,280023G,280023G,"10"" Side Plate, Left",1,0,tapetech-maxxbox-ehc,,"Verify that this manufacturer part is intentionally sold. If sold, create/correct the WooCommerce product or variation so its protected SKU, brand and MPN identity exactly match authoritative catalog data, then rebuild the plan. If not sold, record an explicit not-sold disposition."
catalog_identity_correction,catalog_product_missing_or_identifier_mismatch,"Catalog identity gap",tape-tech,310027g,310027G,310027G,"12"" Pressure Plate, Universal",1,0,tapetech-maxxbox-ehc,,"Verify that this manufacturer part is intentionally sold. If sold, create/correct the WooCommerce product or variation so its protected SKU, brand and MPN identity exactly match authoritative catalog data, then rebuild the plan. If not sold, record an explicit not-sold disposition."
catalog_identity_correction,catalog_product_missing_or_identifier_mismatch,"Catalog identity gap",tape-tech,280025g,280025G,280025G,"10"" Side Plate, Generic, Right",1,0,tapetech-maxxbox-ehc,,"Verify that this manufacturer part is intentionally sold. If sold, create/correct the WooCommerce product or variation so its protected SKU, brand and MPN identity exactly match authoritative catalog data, then rebuild the plan. If not sold, record an explicit not-sold disposition."
catalog_identity_correction,catalog_product_missing_or_identifier_mismatch,"Catalog identity gap",tape-tech,qb6023-5,QB6023-5,QB6023-5,"Unknown Part",1,0,tapetech-quickbox-qsx,,"Verify that this manufacturer part is intentionally sold. If sold, create/correct the WooCommerce product or variation so its protected SKU, brand and MPN identity exactly match authoritative catalog data, then rebuild the plan. If not sold, record an explicit not-sold disposition."
catalog_identity_correction,catalog_product_missing_or_identifier_mismatch,"Catalog identity gap",tape-tech,qb6033-5,QB6033-5,QB6033-5,"Unknown Part",1,0,tapetech-quickbox-qsx,,"Verify that this manufacturer part is intentionally sold. If sold, create/correct the WooCommerce product or variation so its protected SKU, brand and MPN identity exactly match authoritative catalog data, then rebuild the plan. If not sold, record an explicit not-sold disposition."
catalog_identity_correction,catalog_product_missing_or_identifier_mismatch,"Catalog identity gap",tape-tech,qb6043-5,QB6043-5,QB6043-5,"Unknown Part",1,0,tapetech-quickbox-qsx,,"Verify that this manufacturer part is intentionally sold. If sold, create/correct the WooCommerce product or variation so its protected SKU, brand and MPN identity exactly match authoritative catalog data, then rebuild the plan. If not sold, record an explicit not-sold disposition."
catalog_identity_correction,catalog_product_missing_or_identifier_mismatch,"Catalog identity gap",tape-tech,209058,209058,209058,"6-32 Brass Nut",1,0,tapetech-power-assist-maxxbox,,"Verify that this manufacturer part is intentionally sold. If sold, create/correct the WooCommerce product or variation so its protected SKU, brand and MPN identity exactly match authoritative catalog data, then rebuild the plan. If not sold, record an explicit not-sold disposition."
catalog_identity_correction,catalog_product_missing_or_identifier_mismatch,"Catalog identity gap",tape-tech,203010,203010,203010,"7 and 10 Inch Crown Spring",1,0,tapetech-power-assist-maxxbox,,"Verify that this manufacturer part is intentionally sold. If sold, create/correct the WooCommerce product or variation so its protected SKU, brand and MPN identity exactly match authoritative catalog data, then rebuild the plan. If not sold, record an explicit not-sold disposition."
catalog_identity_correction,catalog_product_missing_or_identifier_mismatch,"Catalog identity gap",tape-tech,206003,206003,206003,"Dial Assy.",1,0,tapetech-power-assist-maxxbox,,"Verify that this manufacturer part is intentionally sold. If sold, create/correct the WooCommerce product or variation so its protected SKU, brand and MPN identity exactly match authoritative catalog data, then rebuild the plan. If not sold, record an explicit not-sold disposition."
catalog_identity_correction,catalog_product_missing_or_identifier_mismatch,"Catalog identity gap",tape-tech,240132g,240132G,240132G,"7"" Radius Plate, High Cap, Gold",1,0,tapetech-power-assist-maxxbox,,"Verify that this manufacturer part is intentionally sold. If sold, create/correct the WooCommerce product or variation so its protected SKU, brand and MPN identity exactly match authoritative catalog data, then rebuild the plan. If not sold, record an explicit not-sold disposition."
catalog_identity_correction,catalog_product_missing_or_identifier_mismatch,"Catalog identity gap",tape-tech,059020,059020,059020,"Screw 6-32 X 3/8 Bind Hd.",1,0,tapetech-power-assist-maxxbox,,"Verify that this manufacturer part is intentionally sold. If sold, create/correct the WooCommerce product or variation so its protected SKU, brand and MPN identity exactly match authoritative catalog data, then rebuild the plan. If not sold, record an explicit not-sold disposition."
catalog_identity_correction,catalog_product_missing_or_identifier_mismatch,"Catalog identity gap",tape-tech,212089,212089,212089,"Spacer (Power Assist)",1,0,tapetech-power-assist-maxxbox,,"Verify that this manufacturer part is intentionally sold. If sold, create/correct the WooCommerce product or variation so its protected SKU, brand and MPN identity exactly match authoritative catalog data, then rebuild the plan. If not sold, record an explicit not-sold disposition."
catalog_identity_correction,catalog_product_missing_or_identifier_mismatch,"Catalog identity gap",tape-tech,212087,212087,212087,"Lock (Power Assist)",1,0,tapetech-power-assist-maxxbox,,"Verify that this manufacturer part is intentionally sold. If sold, create/correct the WooCommerce product or variation so its protected SKU, brand and MPN identity exactly match authoritative catalog data, then rebuild the plan. If not sold, record an explicit not-sold disposition."
catalog_identity_correction,catalog_product_missing_or_identifier_mismatch,"Catalog identity gap",tape-tech,240125g,240125G,240125G,"7"" Side Plate, Left, High Cap, Gold",1,0,tapetech-power-assist-maxxbox,,"Verify that this manufacturer part is intentionally sold. If sold, create/correct the WooCommerce product or variation so its protected SKU, brand and MPN identity exactly match authoritative catalog data, then rebuild the plan. If not sold, record an explicit not-sold disposition."
catalog_identity_correction,catalog_product_missing_or_identifier_mismatch,"Catalog identity gap",tape-tech,059038,059038,059038,"Lockwasher 4 Med. Spring",1,0,tapetech-power-assist-maxxbox,,"Verify that this manufacturer part is intentionally sold. If sold, create/correct the WooCommerce product or variation so its protected SKU, brand and MPN identity exactly match authoritative catalog data, then rebuild the plan. If not sold, record an explicit not-sold disposition."
catalog_identity_correction,catalog_product_missing_or_identifier_mismatch,"Catalog identity gap",tape-tech,059161,059161,059161,"Screw 4-40 X 3/8 Fil. Hd. S.S",1,0,tapetech-power-assist-maxxbox,,"Verify that this manufacturer part is intentionally sold. If sold, create/correct the WooCommerce product or variation so its protected SKU, brand and MPN identity exactly match authoritative catalog data, then rebuild the plan. If not sold, record an explicit not-sold disposition."
catalog_identity_correction,catalog_product_missing_or_identifier_mismatch,"Catalog identity gap",tape-tech,059015,059015,059015,"Screw 6-32 X 1/4 Fil. Hd. S.S.",1,0,tapetech-power-assist-maxxbox,,"Verify that this manufacturer part is intentionally sold. If sold, create/correct the WooCommerce product or variation so its protected SKU, brand and MPN identity exactly match authoritative catalog data, then rebuild the plan. If not sold, record an explicit not-sold disposition."
catalog_identity_correction,catalog_product_missing_or_identifier_mismatch,"Catalog identity gap",tape-tech,059102,059102,059102,"Screw 4-40 X .225/.235 Fl.Hd.SST.",1,0,tapetech-power-assist-maxxbox,,"Verify that this manufacturer part is intentionally sold. If sold, create/correct the WooCommerce product or variation so its protected SKU, brand and MPN identity exactly match authoritative catalog data, then rebuild the plan. If not sold, record an explicit not-sold disposition."
catalog_identity_correction,catalog_product_missing_or_identifier_mismatch,"Catalog identity gap",tape-tech,059016,059016,059016,"Lockwasher, #6 Medium Spring",1,0,tapetech-power-assist-maxxbox,,"Verify that this manufacturer part is intentionally sold. If sold, create/correct the WooCommerce product or variation so its protected SKU, brand and MPN identity exactly match authoritative catalog data, then rebuild the plan. If not sold, record an explicit not-sold disposition."
catalog_identity_correction,catalog_product_missing_or_identifier_mismatch,"Catalog identity gap",tape-tech,212086,212086,212086,"Hook (Power Assist)",1,0,tapetech-power-assist-maxxbox,,"Verify that this manufacturer part is intentionally sold. If sold, create/correct the WooCommerce product or variation so its protected SKU, brand and MPN identity exactly match authoritative catalog data, then rebuild the plan. If not sold, record an explicit not-sold disposition."
catalog_identity_correction,catalog_product_missing_or_identifier_mismatch,"Catalog identity gap",tape-tech,212081,212081,212081,"Arm (Power Assist)",1,0,tapetech-power-assist-maxxbox,,"Verify that this manufacturer part is intentionally sold. If sold, create/correct the WooCommerce product or variation so its protected SKU, brand and MPN identity exactly match authoritative catalog data, then rebuild the plan. If not sold, record an explicit not-sold disposition."
catalog_identity_correction,catalog_product_missing_or_identifier_mismatch,"Catalog identity gap",tape-tech,213083,213083,213083,"Cog (Power Assist)",1,0,tapetech-power-assist-maxxbox,,"Verify that this manufacturer part is intentionally sold. If sold, create/correct the WooCommerce product or variation so its protected SKU, brand and MPN identity exactly match authoritative catalog data, then rebuild the plan. If not sold, record an explicit not-sold disposition."
catalog_identity_correction,catalog_product_missing_or_identifier_mismatch,"Catalog identity gap",tape-tech,219092,219092,219092,"Screw 4-40 X 1"" Bind Hd 18-8",1,0,tapetech-power-assist-maxxbox,,"Verify that this manufacturer part is intentionally sold. If sold, create/correct the WooCommerce product or variation so its protected SKU, brand and MPN identity exactly match authoritative catalog data, then rebuild the plan. If not sold, record an explicit not-sold disposition."
catalog_identity_correction,catalog_product_missing_or_identifier_mismatch,"Catalog identity gap",tape-tech,212084,212084,212084,"Flange, Left (Power Assist)",1,0,tapetech-power-assist-maxxbox,,"Verify that this manufacturer part is intentionally sold. If sold, create/correct the WooCommerce product or variation so its protected SKU, brand and MPN identity exactly match authoritative catalog data, then rebuild the plan. If not sold, record an explicit not-sold disposition."
catalog_identity_correction,catalog_product_missing_or_identifier_mismatch,"Catalog identity gap",tape-tech,212082,212082,212082,"Bushing (Power Assist)",1,0,tapetech-power-assist-maxxbox,,"Verify that this manufacturer part is intentionally sold. If sold, create/correct the WooCommerce product or variation so its protected SKU, brand and MPN identity exactly match authoritative catalog data, then rebuild the plan. If not sold, record an explicit not-sold disposition."
catalog_identity_correction,catalog_product_missing_or_identifier_mismatch,"Catalog identity gap",tape-tech,212088,212088,212088,"Prawl (Power Assist)",1,0,tapetech-power-assist-maxxbox,,"Verify that this manufacturer part is intentionally sold. If sold, create/correct the WooCommerce product or variation so its protected SKU, brand and MPN identity exactly match authoritative catalog data, then rebuild the plan. If not sold, record an explicit not-sold disposition."
catalog_identity_correction,catalog_product_missing_or_identifier_mismatch,"Catalog identity gap",tape-tech,210073,210073,210073,"Shoulder Screw",1,0,tapetech-power-assist-maxxbox,,"Verify that this manufacturer part is intentionally sold. If sold, create/correct the WooCommerce product or variation so its protected SKU, brand and MPN identity exactly match authoritative catalog data, then rebuild the plan. If not sold, record an explicit not-sold disposition."
catalog_identity_correction,catalog_product_missing_or_identifier_mismatch,"Catalog identity gap",tape-tech,213051,213051,213051,"Box Wheel, Side Guide",1,0,tapetech-power-assist-maxxbox,,"Verify that this manufacturer part is intentionally sold. If sold, create/correct the WooCommerce product or variation so its protected SKU, brand and MPN identity exactly match authoritative catalog data, then rebuild the plan. If not sold, record an explicit not-sold disposition."
catalog_identity_correction,catalog_product_missing_or_identifier_mismatch,"Catalog identity gap",tape-tech,215045g,215045G,215045G,"Axle, 7"" Maxx, EasyRoll Wheels",1,0,tapetech-power-assist-maxxbox,,"Verify that this manufacturer part is intentionally sold. If sold, create/correct the WooCommerce product or variation so its protected SKU, brand and MPN identity exactly match authoritative catalog data, then rebuild the plan. If not sold, record an explicit not-sold disposition."
catalog_identity_correction,catalog_product_missing_or_identifier_mismatch,"Catalog identity gap",tape-tech,209042,209042,209042,"#10 Brass Washer",1,0,tapetech-power-assist-maxxbox,,"Verify that this manufacturer part is intentionally sold. If sold, create/correct the WooCommerce product or variation so its protected SKU, brand and MPN identity exactly match authoritative catalog data, then rebuild the plan. If not sold, record an explicit not-sold disposition."
catalog_identity_correction,catalog_product_missing_or_identifier_mismatch,"Catalog identity gap",tape-tech,809006,809006,809006,"Washer:#14 Brass",1,0,tapetech-power-assist-maxxbox,,"Verify that this manufacturer part is intentionally sold. If sold, create/correct the WooCommerce product or variation so its protected SKU, brand and MPN identity exactly match authoritative catalog data, then rebuild the plan. If not sold, record an explicit not-sold disposition."
catalog_identity_correction,catalog_product_missing_or_identifier_mismatch,"Catalog identity gap",tape-tech,202036,202036,202036,"Shoulder Screw",1,0,tapetech-power-assist-maxxbox,,"Verify that this manufacturer part is intentionally sold. If sold, create/correct the WooCommerce product or variation so its protected SKU, brand and MPN identity exactly match authoritative catalog data, then rebuild the plan. If not sold, record an explicit not-sold disposition."
catalog_identity_correction,catalog_product_missing_or_identifier_mismatch,"Catalog identity gap",tape-tech,212090,212090,212090,"Spring (Power Assist)",1,0,tapetech-power-assist-maxxbox,,"Verify that this manufacturer part is intentionally sold. If sold, create/correct the WooCommerce product or variation so its protected SKU, brand and MPN identity exactly match authoritative catalog data, then rebuild the plan. If not sold, record an explicit not-sold disposition."
catalog_identity_correction,catalog_product_missing_or_identifier_mismatch,"Catalog identity gap",tape-tech,212085,212085,212085,"Flange, Right (Power Assist)",1,0,tapetech-power-assist-maxxbox,,"Verify that this manufacturer part is intentionally sold. If sold, create/correct the WooCommerce product or variation so its protected SKU, brand and MPN identity exactly match authoritative catalog data, then rebuild the plan. If not sold, record an explicit not-sold disposition."
catalog_identity_correction,catalog_product_missing_or_identifier_mismatch,"Catalog identity gap",tape-tech,240050g,240050G,240050G,"7"" Power Assist Pivot Retainer,Anodized",1,0,tapetech-power-assist-maxxbox,,"Verify that this manufacturer part is intentionally sold. If sold, create/correct the WooCommerce product or variation so its protected SKU, brand and MPN identity exactly match authoritative catalog data, then rebuild the plan. If not sold, record an explicit not-sold disposition."
catalog_identity_correction,catalog_product_missing_or_identifier_mismatch,"Catalog identity gap",tape-tech,240009g,240009G,240009G,"7"" Pivot Axle",1,0,tapetech-power-assist-maxxbox,,"Verify that this manufacturer part is intentionally sold. If sold, create/correct the WooCommerce product or variation so its protected SKU, brand and MPN identity exactly match authoritative catalog data, then rebuild the plan. If not sold, record an explicit not-sold disposition."
catalog_identity_correction,catalog_product_missing_or_identifier_mismatch,"Catalog identity gap",tape-tech,219093,219093,219093,"6-32 X 3/4 Fl Hd Slotted Sst",1,0,tapetech-power-assist-maxxbox,,"Verify that this manufacturer part is intentionally sold. If sold, create/correct the WooCommerce product or variation so its protected SKU, brand and MPN identity exactly match authoritative catalog data, then rebuild the plan. If not sold, record an explicit not-sold disposition."
catalog_identity_correction,catalog_product_missing_or_identifier_mismatch,"Catalog identity gap",tape-tech,200001,200001,200001,"Blade, S.S. 7""",1,0,tapetech-power-assist-maxxbox,,"Verify that this manufacturer part is intentionally sold. If sold, create/correct the WooCommerce product or variation so its protected SKU, brand and MPN identity exactly match authoritative catalog data, then rebuild the plan. If not sold, record an explicit not-sold disposition."
catalog_identity_correction,catalog_product_missing_or_identifier_mismatch,"Catalog identity gap",tape-tech,204002,204002,204002,"Blade Holder Assy.",1,0,tapetech-power-assist-maxxbox,,"Verify that this manufacturer part is intentionally sold. If sold, create/correct the WooCommerce product or variation so its protected SKU, brand and MPN identity exactly match authoritative catalog data, then rebuild the plan. If not sold, record an explicit not-sold disposition."
catalog_identity_correction,catalog_product_missing_or_identifier_mismatch,"Catalog identity gap",tape-tech,209012,209012,209012,"Screw 4-40 X 1/4 Fillister Head 18-8 S.S",1,0,tapetech-power-assist-maxxbox,,"Verify that this manufacturer part is intentionally sold. If sold, create/correct the WooCommerce product or variation so its protected SKU, brand and MPN identity exactly match authoritative catalog data, then rebuild the plan. If not sold, record an explicit not-sold disposition."
catalog_identity_correction,catalog_product_missing_or_identifier_mismatch,"Catalog identity gap",tape-tech,204005,204005,204005,"Blade Clamp Assy.",1,0,tapetech-power-assist-maxxbox,,"Verify that this manufacturer part is intentionally sold. If sold, create/correct the WooCommerce product or variation so its protected SKU, brand and MPN identity exactly match authoritative catalog data, then rebuild the plan. If not sold, record an explicit not-sold disposition."
catalog_identity_correction,catalog_product_missing_or_identifier_mismatch,"Catalog identity gap",tape-tech,209016,209016,209016,"Screw 4-40 X 7/32 Bind Hd.",1,0,tapetech-power-assist-maxxbox,,"Verify that this manufacturer part is intentionally sold. If sold, create/correct the WooCommerce product or variation so its protected SKU, brand and MPN identity exactly match authoritative catalog data, then rebuild the plan. If not sold, record an explicit not-sold disposition."
catalog_identity_correction,catalog_product_missing_or_identifier_mismatch,"Catalog identity gap",tape-tech,210031g,210031G,210031G,"7"" Bottom Plate",1,0,tapetech-power-assist-maxxbox,,"Verify that this manufacturer part is intentionally sold. If sold, create/correct the WooCommerce product or variation so its protected SKU, brand and MPN identity exactly match authoritative catalog data, then rebuild the plan. If not sold, record an explicit not-sold disposition."
catalog_identity_correction,catalog_product_missing_or_identifier_mismatch,"Catalog identity gap",tape-tech,210071,210071,210071,"Spacer Rod",1,0,tapetech-power-assist-maxxbox,,"Verify that this manufacturer part is intentionally sold. If sold, create/correct the WooCommerce product or variation so its protected SKU, brand and MPN identity exactly match authoritative catalog data, then rebuild the plan. If not sold, record an explicit not-sold disposition."
catalog_identity_correction,catalog_product_missing_or_identifier_mismatch,"Catalog identity gap",tape-tech,330050g,330050G,330050G,"12"" Power Assist Pivot Retainer,Anodized",1,0,tapetech-power-assist-maxxbox,,"Verify that this manufacturer part is intentionally sold. If sold, create/correct the WooCommerce product or variation so its protected SKU, brand and MPN identity exactly match authoritative catalog data, then rebuild the plan. If not sold, record an explicit not-sold disposition."
catalog_identity_correction,catalog_product_missing_or_identifier_mismatch,"Catalog identity gap",level5,1,9751,1,"Pump Foot Bracket",1,0,level5-compound-pump-4-771,,"Verify that this manufacturer part is intentionally sold. If sold, create/correct the WooCommerce product or variation so its protected SKU, brand and MPN identity exactly match authoritative catalog data, then rebuild the plan. If not sold, record an explicit not-sold disposition."
catalog_identity_correction,catalog_product_missing_or_identifier_mismatch,"Catalog identity gap",level5,4,7554,4,"Wrench Bracket",1,0,level5-compound-pump-4-771,,"Verify that this manufacturer part is intentionally sold. If sold, create/correct the WooCommerce product or variation so its protected SKU, brand and MPN identity exactly match authoritative catalog data, then rebuild the plan. If not sold, record an explicit not-sold disposition."
catalog_identity_correction,catalog_product_missing_or_identifier_mismatch,"Catalog identity gap",level5,7,7553,7,"Black Plastic Washer (Link)",1,0,level5-compound-pump-4-771,,"Verify that this manufacturer part is intentionally sold. If sold, create/correct the WooCommerce product or variation so its protected SKU, brand and MPN identity exactly match authoritative catalog data, then rebuild the plan. If not sold, record an explicit not-sold disposition."
catalog_identity_correction,catalog_product_missing_or_identifier_mismatch,"Catalog identity gap",level5,8,7555,8,"Metal Link Washer",1,0,level5-compound-pump-4-771,,"Verify that this manufacturer part is intentionally sold. If sold, create/correct the WooCommerce product or variation so its protected SKU, brand and MPN identity exactly match authoritative catalog data, then rebuild the plan. If not sold, record an explicit not-sold disposition."
catalog_identity_correction,catalog_product_missing_or_identifier_mismatch,"Catalog identity gap",level5,9,7363,9,"1/4-20x2 Hex Head Screw",1,0,level5-compound-pump-4-771,,"Verify that this manufacturer part is intentionally sold. If sold, create/correct the WooCommerce product or variation so its protected SKU, brand and MPN identity exactly match authoritative catalog data, then rebuild the plan. If not sold, record an explicit not-sold disposition."
catalog_identity_correction,catalog_product_missing_or_identifier_mismatch,"Catalog identity gap",level5,13,7128,13,"Pumpball Screw",1,0,level5-compound-pump-4-771,,"Verify that this manufacturer part is intentionally sold. If sold, create/correct the WooCommerce product or variation so its protected SKU, brand and MPN identity exactly match authoritative catalog data, then rebuild the plan. If not sold, record an explicit not-sold disposition."
catalog_identity_correction,catalog_product_missing_or_identifier_mismatch,"Catalog identity gap",level5,15,7341,15,"5/16-18 x 7/8 Hex Head Screw",1,0,level5-compound-pump-4-771,,"Verify that this manufacturer part is intentionally sold. If sold, create/correct the WooCommerce product or variation so its protected SKU, brand and MPN identity exactly match authoritative catalog data, then rebuild the plan. If not sold, record an explicit not-sold disposition."
catalog_identity_correction,catalog_product_missing_or_identifier_mismatch,"Catalog identity gap",level5,16,7342,16,"5/16 Lockwasher",1,0,level5-compound-pump-4-771,,"Verify that this manufacturer part is intentionally sold. If sold, create/correct the WooCommerce product or variation so its protected SKU, brand and MPN identity exactly match authoritative catalog data, then rebuild the plan. If not sold, record an explicit not-sold disposition."
catalog_identity_correction,catalog_product_missing_or_identifier_mismatch,"Catalog identity gap",level5,19,7324,19,U-Seal,1,0,level5-compound-pump-4-771,,"Verify that this manufacturer part is intentionally sold. If sold, create/correct the WooCommerce product or variation so its protected SKU, brand and MPN identity exactly match authoritative catalog data, then rebuild the plan. If not sold, record an explicit not-sold disposition."
catalog_identity_correction,catalog_product_missing_or_identifier_mismatch,"Catalog identity gap",level5,20,7323,20,Gland,1,0,level5-compound-pump-4-771,,"Verify that this manufacturer part is intentionally sold. If sold, create/correct the WooCommerce product or variation so its protected SKU, brand and MPN identity exactly match authoritative catalog data, then rebuild the plan. If not sold, record an explicit not-sold disposition."
catalog_identity_correction,catalog_product_missing_or_identifier_mismatch,"Catalog identity gap",level5,22,7325,22,"1/4-20 x 5/8 Socket Head Screw",1,0,level5-compound-pump-4-771,,"Verify that this manufacturer part is intentionally sold. If sold, create/correct the WooCommerce product or variation so its protected SKU, brand and MPN identity exactly match authoritative catalog data, then rebuild the plan. If not sold, record an explicit not-sold disposition."
catalog_identity_correction,catalog_product_missing_or_identifier_mismatch,"Catalog identity gap",level5,23,7326,23,"5/16-24 Hex Head",1,0,level5-compound-pump-4-771,,"Verify that this manufacturer part is intentionally sold. If sold, create/correct the WooCommerce product or variation so its protected SKU, brand and MPN identity exactly match authoritative catalog data, then rebuild the plan. If not sold, record an explicit not-sold disposition."
catalog_identity_correction,catalog_product_missing_or_identifier_mismatch,"Catalog identity gap",level5,24,7352,24,"5-16-24 x 1 7/16 Std Screw",1,0,level5-compound-pump-4-771,,"Verify that this manufacturer part is intentionally sold. If sold, create/correct the WooCommerce product or variation so its protected SKU, brand and MPN identity exactly match authoritative catalog data, then rebuild the plan. If not sold, record an explicit not-sold disposition."
catalog_identity_correction,catalog_product_missing_or_identifier_mismatch,"Catalog identity gap",level5,29,7168,29,S-Hook,1,0,level5-compound-pump-4-771,,"Verify that this manufacturer part is intentionally sold. If sold, create/correct the WooCommerce product or variation so its protected SKU, brand and MPN identity exactly match authoritative catalog data, then rebuild the plan. If not sold, record an explicit not-sold disposition."
catalog_identity_correction,catalog_product_missing_or_identifier_mismatch,"Catalog identity gap",level5,30,7358,30,"Chain Assembly (W/ 1 S Hook)",1,0,level5-compound-pump-4-771,,"Verify that this manufacturer part is intentionally sold. If sold, create/correct the WooCommerce product or variation so its protected SKU, brand and MPN identity exactly match authoritative catalog data, then rebuild the plan. If not sold, record an explicit not-sold disposition."
catalog_identity_correction,catalog_product_missing_or_identifier_mismatch,"Catalog identity gap",level5,31,7356,31,"Discharge Tube",1,0,level5-compound-pump-4-771,,"Verify that this manufacturer part is intentionally sold. If sold, create/correct the WooCommerce product or variation so its protected SKU, brand and MPN identity exactly match authoritative catalog data, then rebuild the plan. If not sold, record an explicit not-sold disposition."
catalog_identity_correction,catalog_product_missing_or_identifier_mismatch,"Catalog identity gap",level5,33,7329,33,"Valve Disc",1,0,level5-compound-pump-4-771,,"Verify that this manufacturer part is intentionally sold. If sold, create/correct the WooCommerce product or variation so its protected SKU, brand and MPN identity exactly match authoritative catalog data, then rebuild the plan. If not sold, record an explicit not-sold disposition."
catalog_identity_correction,catalog_product_missing_or_identifier_mismatch,"Catalog identity gap",level5,36,7327,36,"Retainer, Large",1,0,level5-compound-pump-4-771,,"Verify that this manufacturer part is intentionally sold. If sold, create/correct the WooCommerce product or variation so its protected SKU, brand and MPN identity exactly match authoritative catalog data, then rebuild the plan. If not sold, record an explicit not-sold disposition."
catalog_identity_correction,catalog_product_missing_or_identifier_mismatch,"Catalog identity gap",level5,38,7343,38,"3/8-16 Lock Nut",1,0,level5-compound-pump-4-771,,"Verify that this manufacturer part is intentionally sold. If sold, create/correct the WooCommerce product or variation so its protected SKU, brand and MPN identity exactly match authoritative catalog data, then rebuild the plan. If not sold, record an explicit not-sold disposition."
catalog_identity_correction,catalog_product_missing_or_identifier_mismatch,"Catalog identity gap",level5,39,7625,39,"8-32 x 3/16 BH Screw",1,0,level5-compound-pump-4-771,,"Verify that this manufacturer part is intentionally sold. If sold, create/correct the WooCommerce product or variation so its protected SKU, brand and MPN identity exactly match authoritative catalog data, then rebuild the plan. If not sold, record an explicit not-sold disposition."
catalog_identity_correction,catalog_product_missing_or_identifier_mismatch,"Catalog identity gap",level5,40,9623,40,"New pump latches",1,0,level5-compound-pump-4-771,,"Verify that this manufacturer part is intentionally sold. If sold, create/correct the WooCommerce product or variation so its protected SKU, brand and MPN identity exactly match authoritative catalog data, then rebuild the plan. If not sold, record an explicit not-sold disposition."
catalog_identity_correction,catalog_product_missing_or_identifier_mismatch,"Catalog identity gap",level5,44,7557,44,"Foot Valve Spacer",1,0,level5-compound-pump-4-771,,"Verify that this manufacturer part is intentionally sold. If sold, create/correct the WooCommerce product or variation so its protected SKU, brand and MPN identity exactly match authoritative catalog data, then rebuild the plan. If not sold, record an explicit not-sold disposition."
catalog_identity_correction,catalog_product_missing_or_identifier_mismatch,"Catalog identity gap",level5,45,7621,45,Pin,1,0,level5-compound-pump-4-771,,"Verify that this manufacturer part is intentionally sold. If sold, create/correct the WooCommerce product or variation so its protected SKU, brand and MPN identity exactly match authoritative catalog data, then rebuild the plan. If not sold, record an explicit not-sold disposition."
catalog_identity_correction,catalog_product_missing_or_identifier_mismatch,"Catalog identity gap",level5,46,9330,46,"Pump Tube Foot",1,0,level5-compound-pump-4-771,,"Verify that this manufacturer part is intentionally sold. If sold, create/correct the WooCommerce product or variation so its protected SKU, brand and MPN identity exactly match authoritative catalog data, then rebuild the plan. If not sold, record an explicit not-sold disposition."
catalog_identity_correction,catalog_product_missing_or_identifier_mismatch,"Catalog identity gap",level5,48,9348,48,"Screen for New Pump",1,0,level5-compound-pump-4-771,,"Verify that this manufacturer part is intentionally sold. If sold, create/correct the WooCommerce product or variation so its protected SKU, brand and MPN identity exactly match authoritative catalog data, then rebuild the plan. If not sold, record an explicit not-sold disposition."
catalog_identity_correction,catalog_product_missing_or_identifier_mismatch,"Catalog identity gap",level5,6,9600,6,"FB 7in MEGA Front Plate",1,0,level5-7-inch-mega-flat-box-4-767,,"Verify that this manufacturer part is intentionally sold. If sold, create/correct the WooCommerce product or variation so its protected SKU, brand and MPN identity exactly match authoritative catalog data, then rebuild the plan. If not sold, record an explicit not-sold disposition."
catalog_identity_correction,catalog_product_missing_or_identifier_mismatch,"Catalog identity gap",level5,17,9620,17,"7in Mega Bottom Plate",1,0,level5-7-inch-mega-flat-box-4-767,,"Verify that this manufacturer part is intentionally sold. If sold, create/correct the WooCommerce product or variation so its protected SKU, brand and MPN identity exactly match authoritative catalog data, then rebuild the plan. If not sold, record an explicit not-sold disposition."
catalog_identity_correction,catalog_product_missing_or_identifier_mismatch,"Catalog identity gap",level5,18,9522,18,"CF Spring (Small)",1,0,level5-4-734-3-5-corner-finisher,,"Verify that this manufacturer part is intentionally sold. If sold, create/correct the WooCommerce product or variation so its protected SKU, brand and MPN identity exactly match authoritative catalog data, then rebuild the plan. If not sold, record an explicit not-sold disposition."
catalog_identity_correction,catalog_product_missing_or_identifier_mismatch,"Catalog identity gap",level5,24,7312,24,"CF 6-32 X 1/4 Bind Head Screw SST",1,0,level5-4-734-3-5-corner-finisher,,"Verify that this manufacturer part is intentionally sold. If sold, create/correct the WooCommerce product or variation so its protected SKU, brand and MPN identity exactly match authoritative catalog data, then rebuild the plan. If not sold, record an explicit not-sold disposition."
catalog_identity_correction,catalog_product_missing_or_identifier_mismatch,"Catalog identity gap",level5,25,9817,25,"CF 3.5in Right Frame",1,0,level5-4-734-3-5-corner-finisher,,"Verify that this manufacturer part is intentionally sold. If sold, create/correct the WooCommerce product or variation so its protected SKU, brand and MPN identity exactly match authoritative catalog data, then rebuild the plan. If not sold, record an explicit not-sold disposition."
catalog_identity_correction,catalog_product_missing_or_identifier_mismatch,"Catalog identity gap",level5,6,9554,6,"7in Front Plate",1,0,level5-7-inch-flat-box-4-764,,"Verify that this manufacturer part is intentionally sold. If sold, create/correct the WooCommerce product or variation so its protected SKU, brand and MPN identity exactly match authoritative catalog data, then rebuild the plan. If not sold, record an explicit not-sold disposition."
catalog_identity_correction,catalog_product_missing_or_identifier_mismatch,"Catalog identity gap",level5,17,9255,17,"7in Bottom Plate",1,0,level5-7-inch-flat-box-4-764,,"Verify that this manufacturer part is intentionally sold. If sold, create/correct the WooCommerce product or variation so its protected SKU, brand and MPN identity exactly match authoritative catalog data, then rebuild the plan. If not sold, record an explicit not-sold disposition."
catalog_identity_correction,catalog_product_missing_or_identifier_mismatch,"Catalog identity gap",level5,6,9599,6,"FB 12in MEGA Front Plate",1,0,level5-12-inch-mega-box-4-769,,"Verify that this manufacturer part is intentionally sold. If sold, create/correct the WooCommerce product or variation so its protected SKU, brand and MPN identity exactly match authoritative catalog data, then rebuild the plan. If not sold, record an explicit not-sold disposition."
catalog_identity_correction,catalog_product_missing_or_identifier_mismatch,"Catalog identity gap",level5,17,9622,17,"12in MEGA Bottom Plate",1,0,level5-12-inch-mega-box-4-769,,"Verify that this manufacturer part is intentionally sold. If sold, create/correct the WooCommerce product or variation so its protected SKU, brand and MPN identity exactly match authoritative catalog data, then rebuild the plan. If not sold, record an explicit not-sold disposition."
catalog_identity_correction,catalog_product_missing_or_identifier_mismatch,"Catalog identity gap",level5,6,9556,6,"12in Front Plate",1,0,level5-12-inch-flat-box-4-766,,"Verify that this manufacturer part is intentionally sold. If sold, create/correct the WooCommerce product or variation so its protected SKU, brand and MPN identity exactly match authoritative catalog data, then rebuild the plan. If not sold, record an explicit not-sold disposition."
catalog_identity_correction,catalog_product_missing_or_identifier_mismatch,"Catalog identity gap",level5,17,9257,17,"12in Bottom Plate",1,0,level5-12-inch-flat-box-4-766,,"Verify that this manufacturer part is intentionally sold. If sold, create/correct the WooCommerce product or variation so its protected SKU, brand and MPN identity exactly match authoritative catalog data, then rebuild the plan. If not sold, record an explicit not-sold disposition."
catalog_identity_correction,catalog_product_missing_or_identifier_mismatch,"Catalog identity gap",level5,6,9552,6,"10in Front Plate",1,0,level5-10-inch-flat-box-4-765,,"Verify that this manufacturer part is intentionally sold. If sold, create/correct the WooCommerce product or variation so its protected SKU, brand and MPN identity exactly match authoritative catalog data, then rebuild the plan. If not sold, record an explicit not-sold disposition."
catalog_identity_correction,catalog_product_missing_or_identifier_mismatch,"Catalog identity gap",level5,17,9253,17,"10in Bottom Plate",1,0,level5-10-inch-flat-box-4-765,,"Verify that this manufacturer part is intentionally sold. If sold, create/correct the WooCommerce product or variation so its protected SKU, brand and MPN identity exactly match authoritative catalog data, then rebuild the plan. If not sold, record an explicit not-sold disposition."
