type,sku,name,brand,parent_sku,native_cost_of_goods,brikpanel_cogs,verified_source,source_brand,source_sku,source_cost,match_basis,reconciliation_status,native_matches_source,brikpanel_matches_source
variable,COL-BOX-FILLER,Columbia Box Filler,Columbia Tools,,,,,,,,,NOT_A_PRICE_OWNER,false,false
variation,BF,Columbia Box Filler - Standard,Columbia Tools,COL-BOX-FILLER,41.82,41.82,TSW,Columbia Tools,BF,41.82,brand_scoped_exact_identifier,SOURCE_VERIFIED_MATCH,true,true
variation,TBBF,Columbia Box Filler - Tall Boy,Columbia Tools,COL-BOX-FILLER,41.82,41.82,TSW,Columbia Tools,TBBF,41.82,brand_scoped_exact_identifier,SOURCE_VERIFIED_MATCH,true,true
variable,COL-GOOSENECK,Columbia Gooseneck,Columbia Tools,,,,,,,,,NOT_A_PRICE_OWNER,false,false
variation,GN,Columbia Gooseneck - Standard,Columbia Tools,COL-GOOSENECK,68.28,68.28,TSW,Columbia Tools,GN,68.28,brand_scoped_exact_identifier,SOURCE_VERIFIED_MATCH,true,true
variation,TBGN,Columbia Gooseneck - Tall Boy,Columbia Tools,COL-GOOSENECK,99.00,99.00,TSW,Columbia Tools,TBGN,99.00,brand_scoped_exact_identifier,SOURCE_VERIFIED_MATCH,true,true
simple,CPFGN,Columbia Powerfill 5 Gallon Taper Gooseneck Fill Tube,Columbia Tools,,160.99,160.99,TSW,Columbia Tools,CPFGN,160.99,brand_scoped_exact_identifier,SOURCE_VERIFIED_MATCH,true,true
simple,FA280,#10 Belleville Washer,Columbia Tools,,0.32,0.32,TSW,Columbia Tools,FA280,0.32,brand_scoped_exact_identifier,SOURCE_VERIFIED_MATCH,true,true
simple,FA268,#10 Flat Washer,Columbia Tools,,0.32,0.32,TSW,Columbia Tools,FA268,0.32,brand_scoped_exact_identifier,SOURCE_VERIFIED_MATCH,true,true
simple,FA270,"#10 x 3/4"" Fender Washer",Columbia Tools,,0.89,0.89,TSW,Columbia Tools,FA270,0.89,brand_scoped_exact_identifier,SOURCE_VERIFIED_MATCH,true,true
simple,FA228,#6 Flat Washer,Columbia Tools,,0.65,0.65,,,,,,EXISTING_COST_NOT_MATCHED_TO_INSPECTED_SOURCES,false,false
simple,FA229,#6 Lock Washer,Columbia Tools,,0.65,0.65,,,,,,EXISTING_COST_NOT_MATCHED_TO_INSPECTED_SOURCES,false,false
simple,FA230,#6 Star Washer,Columbia Tools,,0.65,0.65,,,,,,EXISTING_COST_NOT_MATCHED_TO_INSPECTED_SOURCES,false,false
simple,FA253,#8 Flat Washer,Columbia Tools,,0.32,0.32,TSW,Columbia Tools,FA253,0.32,brand_scoped_exact_identifier,SOURCE_VERIFIED_MATCH,true,true
simple,FA252,#8 Star Washer,Columbia Tools,,0.32,0.32,TSW,Columbia Tools,FA252,0.32,brand_scoped_exact_identifier,SOURCE_VERIFIED_MATCH,true,true
simple,FA202,"1/16 X 1/2"" Cotter Pin",Columbia Tools,,0.65,0.65,,,,,,EXISTING_COST_NOT_MATCHED_TO_INSPECTED_SOURCES,false,false
simple,FA200,"1/16 x 1/4"" Split Pin",Columbia Tools,,0.65,0.65,,,,,,EXISTING_COST_NOT_MATCHED_TO_INSPECTED_SOURCES,false,false
simple,FA203,"1/16 x 3/4"" Cotter Pin",Columbia Tools,,0.65,0.65,,,,,,EXISTING_COST_NOT_MATCHED_TO_INSPECTED_SOURCES,false,false
simple,FA3,"1/2"" x 7/8"" Flat Washer",Columbia Tools,,0.89,0.89,,,,,,EXISTING_COST_NOT_MATCHED_TO_INSPECTED_SOURCES,false,false
simple,CT109,1/4 - 20 Hex Nut,Columbia Tools,,2.72,2.72,TSW,Columbia Tools,CT109,2.72,brand_scoped_exact_identifier,SOURCE_VERIFIED_MATCH,true,true
simple,FA296,"1/4 -20 x 1/2"" Hex Bolt",Columbia Tools,,0.41,0.41,TSW,Columbia Tools,FA296,0.41,brand_scoped_exact_identifier,SOURCE_VERIFIED_MATCH,true,true
simple,FA295,"1/4 x 1/2"" Flathead Socket",Columbia Tools,,0.32,0.32,TSW,Columbia Tools,FA295,0.32,brand_scoped_exact_identifier,SOURCE_VERIFIED_MATCH,true,true
simple,FA379,"1/4"" SS E-Clip",Columbia Tools,,1.71,1.71,TSW,Columbia Tools,FA379,1.71,brand_scoped_exact_identifier,SOURCE_VERIFIED_MATCH,true,true
simple,FA286,"1/4"" x 1/2"" Flat Washer",Columbia Tools,,0.65,0.65,,,,,,EXISTING_COST_NOT_MATCHED_TO_INSPECTED_SOURCES,false,false
simple,FA288,"1/4"" X 3/4"" Split Pin",Columbia Tools,,1.46,1.46,,,,,,EXISTING_COST_NOT_MATCHED_TO_INSPECTED_SOURCES,false,false
simple,FA291,1/4-20 Hex Nut,Columbia Tools,,1.3,1.3,,,,,,EXISTING_COST_NOT_MATCHED_TO_INSPECTED_SOURCES,false,false
simple,FA299,"1/4-20 x 1 1/2"" Pan Phillips",Columbia Tools,,2.6,2.6,,,,,,EXISTING_COST_NOT_MATCHED_TO_INSPECTED_SOURCES,false,false
simple,FA313,1/4-20 X 1/4 Socket Head Set Screw,Columbia Tools,,1.3,1.3,,,,,,EXISTING_COST_NOT_MATCHED_TO_INSPECTED_SOURCES,false,false
simple,FA301,"1/4-20 x 2 1/4"" Hex Bolt",Columbia Tools,,1.95,1.95,,,,,,EXISTING_COST_NOT_MATCHED_TO_INSPECTED_SOURCES,false,false
simple,FA300,"1/4-20 x 2"" Hex Bolt",Columbia Tools,,1.63,1.63,TSW,Columbia Tools,FA300,1.63,brand_scoped_exact_identifier,SOURCE_VERIFIED_MATCH,true,true
simple,FA294,"1/4-20 x 38"" Socket",Columbia Tools,,1.21,1.21,TSW,Columbia Tools,FA294,1.21,brand_scoped_exact_identifier,SOURCE_VERIFIED_MATCH,true,true
simple,FA297,"1/4-20 x 5/8"" Socket",Columbia Tools,,1.3,1.3,,,,,,EXISTING_COST_NOT_MATCHED_TO_INSPECTED_SOURCES,false,false
simple,FA298,"1/4-20 x 7/8"" Flat Socket",Columbia Tools,,0.32,0.32,TSW,Columbia Tools,FA298,0.32,brand_scoped_exact_identifier,SOURCE_VERIFIED_MATCH,true,true
simple,FA302,"1/4-28 x 1/4"" Set Screw",Columbia Tools,,0.89,0.89,TSW,Columbia Tools,FA302,0.89,brand_scoped_exact_identifier,SOURCE_VERIFIED_MATCH,true,true
simple,FA320,"1/4-28-3/8"" Socket Set Screw",Columbia Tools,,1.3,1.3,,,,,,EXISTING_COST_NOT_MATCHED_TO_INSPECTED_SOURCES,false,false
simple,FA380,"1/8"" SS E-Clip",Columbia Tools,,1.71,1.71,TSW,Columbia Tools,FA380,1.71,brand_scoped_exact_identifier,SOURCE_VERIFIED_MATCH,true,true
simple,FA225,"1/8"" x 3/8"" Rivet Shoulder Washer",Columbia Tools,,0.89,0.89,TSW,Columbia Tools,FA225,0.89,brand_scoped_exact_identifier,SOURCE_VERIFIED_MATCH,true,true
simple,FA224,"1/8"" x 3/8"" Split Pin",Columbia Tools,,0.48,0.48,TSW,Columbia Tools,FA224,0.48,brand_scoped_exact_identifier,SOURCE_VERIFIED_MATCH,true,true
simple,FA271,10-24 Nyloc Nut,Columbia Tools,,1.3,1.3,,,,,,EXISTING_COST_NOT_MATCHED_TO_INSPECTED_SOURCES,false,false
simple,FA272,10-24 Wing Nut,Columbia Tools,,1.3,1.3,,,,,,EXISTING_COST_NOT_MATCHED_TO_INSPECTED_SOURCES,false,false
simple,FA273,"10-24 x 1"" Hex Bolt",Columbia Tools,,0.89,0.89,TSW,Columbia Tools,FA273,0.89,brand_scoped_exact_identifier,SOURCE_VERIFIED_MATCH,true,true
simple,FA312,"10-24 X 1/4"" Socket Hand Set",Columbia Tools,,0.89,0.89,TSW,Columbia Tools,FA312,0.89,brand_scoped_exact_identifier,SOURCE_VERIFIED_MATCH,true,true
simple,FA274,"10-24 x 3/8"" Socket",Columbia Tools,,1.21,1.21,TSW,Columbia Tools,FA274,1.21,brand_scoped_exact_identifier,SOURCE_VERIFIED_MATCH,true,true
simple,FA275,"10-24 x 7/8"" Hex Bolt",Columbia Tools,,0.89,0.89,TSW,Columbia Tools,FA275,0.89,brand_scoped_exact_identifier,SOURCE_VERIFIED_MATCH,true,true
simple,FA276,"10-24 x 7/8"" Pan Slot",Columbia Tools,,0.32,0.32,TSW,Columbia Tools,FA276,0.32,brand_scoped_exact_identifier,SOURCE_VERIFIED_MATCH,true,true
simple,FA316,"10-32 X 1/2"" Flat Socket Head",Columbia Tools,,1.3,1.3,,,,,,EXISTING_COST_NOT_MATCHED_TO_INSPECTED_SOURCES,false,false
simple,FA382,"10-32 x 1/4"" SS Set Screw",Columbia Tools,,0.65,0.65,,,,,,EXISTING_COST_NOT_MATCHED_TO_INSPECTED_SOURCES,false,false
simple,FA199,"2-56 x 3/16"" Binder Slot",Columbia Tools,,0.65,0.65,,,,,,EXISTING_COST_NOT_MATCHED_TO_INSPECTED_SOURCES,false,false
simple,FA365,"3/16 x 1"" Sping Pin SS",Columbia Tools,,1.95,1.95,,,,,,EXISTING_COST_NOT_MATCHED_TO_INSPECTED_SOURCES,false,false
simple,FA206,4-40 Hex Nut,Columbia Tools,,1.3,1.3,,,,,,EXISTING_COST_NOT_MATCHED_TO_INSPECTED_SOURCES,false,false
simple,FA207,4-40 Nyloc Nut,Columbia Tools,,1.63,1.63,,,,,,EXISTING_COST_NOT_MATCHED_TO_INSPECTED_SOURCES,false,false
simple,FA219,"4-40 x 1/2"" Fillister Slot",Columbia Tools,,0.65,0.65,,,,,,EXISTING_COST_NOT_MATCHED_TO_INSPECTED_SOURCES,false,false
simple,FA213,"4-40 x 1/4"" Binder Slot",Columbia Tools,,0.65,0.65,,,,,,EXISTING_COST_NOT_MATCHED_TO_INSPECTED_SOURCES,false,false
simple,FA214,"4-40 x 1/4"" Flat Slot",Columbia Tools,,0.65,0.65,,,,,,EXISTING_COST_NOT_MATCHED_TO_INSPECTED_SOURCES,false,false
simple,FA2,"4-40 x 1/8"" Binder Slot",Columbia Tools,,0.32,0.32,,,,,,EXISTING_COST_NOT_MATCHED_TO_INSPECTED_SOURCES,false,false
simple,FA210,"4-40 x 3/16"" Binder Slot",Columbia Tools,,0.65,0.65,,,,,,EXISTING_COST_NOT_MATCHED_TO_INSPECTED_SOURCES,false,false
simple,FA212,"4-40 x 3/16"" Truss Slot",Columbia Tools,,0.65,0.65,,,,,,EXISTING_COST_NOT_MATCHED_TO_INSPECTED_SOURCES,false,false
simple,FA220,"4-40 x 3/4"" Hex Bolt",Columbia Tools,,0.32,0.32,TSW,Columbia Tools,FA220,0.32,brand_scoped_exact_identifier,SOURCE_VERIFIED_MATCH,true,true
simple,FA218,"4-40 x 3/8"" Flat Slot",Columbia Tools,,0.65,0.65,,,,,,EXISTING_COST_NOT_MATCHED_TO_INSPECTED_SOURCES,false,false
simple,FA216,4-40 X 3/8” Fillister Slot,Columbia Tools,,1.3,1.3,,,,,,EXISTING_COST_NOT_MATCHED_TO_INSPECTED_SOURCES,false,false
simple,FA215,"4-40 x 5/16"" Binder Slot",Columbia Tools,,0.32,0.32,TSW,Columbia Tools,FA215,0.32,brand_scoped_exact_identifier,SOURCE_VERIFIED_MATCH,true,true
simple,FA303,5-16 Flat Washer,Columbia Tools,,1.95,1.95,,,,,,EXISTING_COST_NOT_MATCHED_TO_INSPECTED_SOURCES,false,false
simple,FA307,5-16 x 24 Jam Nut,Columbia Tools,,1.95,1.95,,,,,,EXISTING_COST_NOT_MATCHED_TO_INSPECTED_SOURCES,false,false
simple,FA305,"5/16 -18 x 3/4"" Hex Bolt",Columbia Tools,,1.63,1.63,TSW,Columbia Tools,FA305,1.63,brand_scoped_exact_identifier,SOURCE_VERIFIED_MATCH,true,true
simple,FA306,"5/16-18 x 1 1/4"" Hex Bolt",Columbia Tools,,1.63,1.63,TSW,Columbia Tools,FA306,1.63,brand_scoped_exact_identifier,SOURCE_VERIFIED_MATCH,true,true
simple,CFB10,"5/16-18 x 3/4"" Thumb Screw",Columbia Tools,,3.9,3.9,,,,,,EXISTING_COST_NOT_MATCHED_TO_INSPECTED_SOURCES,false,false
simple,FA317,"5/32"" x 7/8"" Roll Pin",Columbia Tools,,1.3,1.3,,,,,,EXISTING_COST_NOT_MATCHED_TO_INSPECTED_SOURCES,false,false
simple,FA232,6-32 Hex Nut,Columbia Tools,,0.89,0.89,TSW,Columbia Tools,FA232,0.89,brand_scoped_exact_identifier,SOURCE_VERIFIED_MATCH,true,true
simple,FA234,6-32 Nyloc Jam Nut,Columbia Tools,,0.79,0.79,TSW,Columbia Tools,FA234,0.79,brand_scoped_exact_identifier,SOURCE_VERIFIED_MATCH,true,true
simple,FA233,6-32 Nyloc Nut,Columbia Tools,,0.79,0.79,,,,,,EXISTING_COST_NOT_MATCHED_TO_INSPECTED_SOURCES,false,false
simple,FA245,"6-32 x 1/2"" Fillister Slot",Columbia Tools,,0.41,0.41,TSW,Columbia Tools,FA245,0.41,brand_scoped_exact_identifier,SOURCE_VERIFIED_MATCH,true,true
simple,FA244,"6-32 x 1/2"" Pan Slot",Columbia Tools,,0.65,0.65,,,,,,EXISTING_COST_NOT_MATCHED_TO_INSPECTED_SOURCES,false,false
simple,FA239,"6-32 X 1/4"" Binder Slot",Columbia Tools,,0.65,0.65,,,,,,EXISTING_COST_NOT_MATCHED_TO_INSPECTED_SOURCES,false,false
simple,FA227,"6-32 X 1/4"" Flat Slot",Columbia Tools,,1.3,1.3,,,,,,EXISTING_COST_NOT_MATCHED_TO_INSPECTED_SOURCES,false,false
simple,FA236,"6-32 X 1/8"" Binder Slot",Columbia Tools,,0.65,0.65,,,,,,EXISTING_COST_NOT_MATCHED_TO_INSPECTED_SOURCES,false,false
simple,FA235,"6-32 X 1/8"" Set Screw",Columbia Tools,,1.3,1.3,,,,,,EXISTING_COST_NOT_MATCHED_TO_INSPECTED_SOURCES,false,false
simple,FA237,"6-32 x 3/16"" Binder Slot",Columbia Tools,,0.65,0.65,,,,,,EXISTING_COST_NOT_MATCHED_TO_INSPECTED_SOURCES,false,false
simple,FA238,"6-32 X 3/16"" Fillister Slot",Columbia Tools,,1.3,1.3,,,,,,EXISTING_COST_NOT_MATCHED_TO_INSPECTED_SOURCES,false,false
simple,FA241,"6-32 X 3/8"" Binder Slot",Columbia Tools,,0.65,0.65,,,,,,EXISTING_COST_NOT_MATCHED_TO_INSPECTED_SOURCES,false,false
simple,FA243,"6-32 x 3/8"" Flat Slot",Columbia Tools,,0.65,0.65,,,,,,EXISTING_COST_NOT_MATCHED_TO_INSPECTED_SOURCES,false,false
simple,FA231,"6-32 x 3/8"" Hex Bolt",Columbia Tools,,0.64,0.64,TSW,Columbia Tools,FA231,0.64,brand_scoped_exact_identifier,SOURCE_VERIFIED_MATCH,true,true
simple,FA247,"6-32 X 5/8"" Hex Bolt",Columbia Tools,,0.80,0.80,TSW,Columbia Tools,FA247,0.80,brand_scoped_exact_identifier,SOURCE_VERIFIED_MATCH,true,true
simple,FA254,8-32 Nyloc Nut,Columbia Tools,,1.3,1.3,,,,,,EXISTING_COST_NOT_MATCHED_TO_INSPECTED_SOURCES,false,false
simple,FA267,"8-32 x 1 1/2"" Pan Slot",Columbia Tools,,0.41,0.41,TSW,Columbia Tools,FA267,0.41,brand_scoped_exact_identifier,SOURCE_VERIFIED_MATCH,true,true
simple,FA262,"8-32 x 1/2"" Socket",Columbia Tools,,1.11,1.11,TSW,Columbia Tools,FA262,1.11,brand_scoped_exact_identifier,SOURCE_VERIFIED_MATCH,true,true
simple,FA257,"8-32 x 1/4"" Fillister Slot",Columbia Tools,,0.65,0.65,,,,,,EXISTING_COST_NOT_MATCHED_TO_INSPECTED_SOURCES,false,false
simple,FA256,"8-32 X 3/16"" Pan Slot",Columbia Tools,,0.32,0.32,TSW,Columbia Tools,FA256,0.32,brand_scoped_exact_identifier,SOURCE_VERIFIED_MATCH,true,true
simple,FA265,"8-32 x 3/4"" Truss Slot",Columbia Tools,,0.65,0.65,,,,,,EXISTING_COST_NOT_MATCHED_TO_INSPECTED_SOURCES,false,false
simple,FA260,"8-32 x 3/8"" Pan Slot",Columbia Tools,,0.65,0.65,,,,,,EXISTING_COST_NOT_MATCHED_TO_INSPECTED_SOURCES,false,false
simple,FA261,"8-32 X 3/8"" Socket Screw",Columbia Tools,,0.43,0.43,TSW,Columbia Tools,FA261,0.43,brand_scoped_exact_identifier,SOURCE_VERIFIED_MATCH,true,true
simple,FA376,8-32 x 5/16 SS Socket Head,Columbia Tools,,1.3,1.3,,,,,,EXISTING_COST_NOT_MATCHED_TO_INSPECTED_SOURCES,false,false
simple,FA264,"8-32 x 5/8"" Truss Slot",Columbia Tools,,0.65,0.65,,,,,,EXISTING_COST_NOT_MATCHED_TO_INSPECTED_SOURCES,false,false
simple,FA258,8-32X 1/4 Half Dog Set,Columbia Tools,,1.3,1.3,,,,,,EXISTING_COST_NOT_MATCHED_TO_INSPECTED_SOURCES,false,false
simple,FA249,"8-32X3/16"" Set Screw",Columbia Tools,,1.3,1.3,,,,,,EXISTING_COST_NOT_MATCHED_TO_INSPECTED_SOURCES,false,false
variable,FFB11,Adjuster Spring,Columbia Tools,,,,,,,,,NOT_A_PRICE_OWNER,false,false
variation,FFB11-8,"Adjuster Spring - 8""",Columbia Tools,FFB11,5.2,5.2,,,,,,EXISTING_COST_NOT_MATCHED_TO_INSPECTED_SOURCES,false,false
variation,FFB11-10,"Adjuster Spring - 10""",Columbia Tools,FFB11,5.2,5.2,,,,,,EXISTING_COST_NOT_MATCHED_TO_INSPECTED_SOURCES,false,false
variation,FFB11-12,"Adjuster Spring - 12""",Columbia Tools,FFB11,5.2,5.2,,,,,,EXISTING_COST_NOT_MATCHED_TO_INSPECTED_SOURCES,false,false
simple,AHA,Angle Head Adapter,Columbia Tools,,14.56,14.56,TSW,Columbia Tools,AHA,14.56,brand_scoped_exact_identifier,SOURCE_VERIFIED_MATCH,true,true
simple,FFB5A,Axel Bushing,Columbia Tools,,1.95,1.95,,,,,,EXISTING_COST_NOT_MATCHED_TO_INSPECTED_SOURCES,false,false
variable,FFB5,Axle,Columbia Tools,,,,,,,,,NOT_A_PRICE_OWNER,false,false
variation,FFB5-7,"Axle - 7""",Columbia Tools,FFB5,28.6,28.6,,,,,,EXISTING_COST_NOT_MATCHED_TO_INSPECTED_SOURCES,false,false
variation,FFB5-8,"Axle - 8""",Columbia Tools,FFB5,28.6,28.6,,,,,,EXISTING_COST_NOT_MATCHED_TO_INSPECTED_SOURCES,false,false
variation,FFB5-10,"Axle - 10""",Columbia Tools,FFB5,28.6,28.6,,,,,,EXISTING_COST_NOT_MATCHED_TO_INSPECTED_SOURCES,false,false
variation,FFB5-12,"Axle - 12""",Columbia Tools,FFB5,28.6,28.6,,,,,,EXISTING_COST_NOT_MATCHED_TO_INSPECTED_SOURCES,false,false
variation,FFB5-14,"Axle - 14""",Columbia Tools,FFB5,28.6,28.6,,,,,,EXISTING_COST_NOT_MATCHED_TO_INSPECTED_SOURCES,false,false
simple,MP32,Backing Washer Locator,Columbia Tools,,12.32,12.32,,,,,,EXISTING_COST_NOT_MATCHED_TO_INSPECTED_SOURCES,false,false
simple,FFB8,Bar Retainer Clip,Columbia Tools,,1.3,1.3,,,,,,EXISTING_COST_NOT_MATCHED_TO_INSPECTED_SOURCES,false,false
simple,CT103,Barrel- Main Body,Columbia Tools,,77.59,77.59,TSW,Columbia Tools,CT103,77.59,brand_scoped_exact_identifier,SOURCE_VERIFIED_MATCH,true,true
simple,CT125A,Bearing,Columbia Tools,,1.93,1.93,TSW,Columbia Tools,CT125A,1.93,brand_scoped_exact_identifier,SOURCE_VERIFIED_MATCH,true,true
simple,BH24A,Bearing Sleeve,Columbia Tools,,2.6,2.6,,,,,,EXISTING_COST_NOT_MATCHED_TO_INSPECTED_SOURCES,false,false
simple,CFB16,Bearing Sleeve,Columbia Tools,,3.09,3.09,TSW,Columbia Tools,CFB16,3.09,brand_scoped_exact_identifier,SOURCE_VERIFIED_MATCH,true,true
simple,CR-3,Bearing Sleeve,Columbia Tools,,12.99,12.99,,,,,,EXISTING_COST_NOT_MATCHED_TO_INSPECTED_SOURCES,false,false
variable,FFB9,Blade,Columbia Tools,,,,,,,,,NOT_A_PRICE_OWNER,false,false
variation,FFB9-5.5,"Blade - 5.5""",Columbia Tools,FFB9,12.19,12.19,,,,,,EXISTING_COST_NOT_MATCHED_TO_INSPECTED_SOURCES,false,false
variation,FFB9-7,"Blade - 7""",Columbia Tools,FFB9,14.63,14.63,,,,,,EXISTING_COST_NOT_MATCHED_TO_INSPECTED_SOURCES,false,false
variation,FFB9-8,"Blade - 8""",Columbia Tools,FFB9,16.22,16.22,,,,,,EXISTING_COST_NOT_MATCHED_TO_INSPECTED_SOURCES,false,false
variation,FFB9-10,"Blade - 10""",Columbia Tools,FFB9,18.82,18.82,,,,,,EXISTING_COST_NOT_MATCHED_TO_INSPECTED_SOURCES,false,false
variation,FFB9-12,"Blade - 12""",Columbia Tools,FFB9,21.13,21.13,,,,,,EXISTING_COST_NOT_MATCHED_TO_INSPECTED_SOURCES,false,false
variation,FFB9-14,"Blade - 14""",Columbia Tools,FFB9,24.02,24.02,,,,,,EXISTING_COST_NOT_MATCHED_TO_INSPECTED_SOURCES,false,false
variable,HNS7,Blade,Columbia Tools,,,,,,,,,NOT_A_PRICE_OWNER,false,false
variation,HNS7-2,"Blade - 2""",Columbia Tools,HNS7,14.95,14.95,,,,,,EXISTING_COST_NOT_MATCHED_TO_INSPECTED_SOURCES,false,false
variation,HNS7-3,"Blade - 3""",Columbia Tools,HNS7,14.95,14.95,,,,,,EXISTING_COST_NOT_MATCHED_TO_INSPECTED_SOURCES,false,false
variable,HNS8,Blade Holder,Columbia Tools,,,,,,,,,NOT_A_PRICE_OWNER,false,false
variation,HNS8-2,"Blade Holder - 2""",Columbia Tools,HNS8,21.45,21.45,,,,,,EXISTING_COST_NOT_MATCHED_TO_INSPECTED_SOURCES,false,false
variation,HNS8-3,"Blade Holder - 3""",Columbia Tools,HNS8,21.45,21.45,,,,,,EXISTING_COST_NOT_MATCHED_TO_INSPECTED_SOURCES,false,false
simple,HH16A,Bleeder Screw,Columbia Tools,,11.05,11.05,,,,,,EXISTING_COST_NOT_MATCHED_TO_INSPECTED_SOURCES,false,false
simple,HH10B,Bottom Cap,Columbia Tools,,1.3,1.3,,,,,,EXISTING_COST_NOT_MATCHED_TO_INSPECTED_SOURCES,false,false
variable,AH9-CLIP,Bottom Retainer Corner Clip,Columbia Tools,,,,,,,,,NOT_A_PRICE_OWNER,false,false
variation,AH9A,"Bottom Retainer Corner Clip - 3.5""",Columbia Tools,AH9-CLIP,7.48,7.48,,,,,,EXISTING_COST_NOT_MATCHED_TO_INSPECTED_SOURCES,false,false
variation,AH9,Bottom Retainer Corner Clip - Standard,Columbia Tools,AH9-CLIP,5.07,5.07,TSW,Columbia Tools,AH9,5.07,brand_scoped_exact_identifier,SOURCE_VERIFIED_MATCH,true,true
simple,CFB8,Box Mount,Columbia Tools,,27.15,27.15,TSW,Columbia Tools,CFB8,27.15,brand_scoped_exact_identifier,SOURCE_VERIFIED_MATCH,true,true
simple,FFB36,Box Wheel,Columbia Tools,,3.25,3.25,,,,,,EXISTING_COST_NOT_MATCHED_TO_INSPECTED_SOURCES,false,false
simple,CT87A,Bracket Brace,Columbia Tools,,4.67,4.67,TSW,Columbia Tools,CT87A,4.67,brand_scoped_exact_identifier,SOURCE_VERIFIED_MATCH,true,true
simple,HH7,Brake,Columbia Tools,,14.3,14.3,,,,,,EXISTING_COST_NOT_MATCHED_TO_INSPECTED_SOURCES,false,false
simple,MH9A,Brake Activation Rod,Columbia Tools,,15.6,15.6,,,,,,EXISTING_COST_NOT_MATCHED_TO_INSPECTED_SOURCES,false,false
variable,BH9,Brake Connecting Strap,Columbia Tools,,,,,,,,,NOT_A_PRICE_OWNER,false,false
variation,BH9-3,Brake Connecting Strap - 3',Columbia Tools,BH9,17.55,17.55,,,,,,EXISTING_COST_NOT_MATCHED_TO_INSPECTED_SOURCES,false,false
variation,BH9-42,"Brake Connecting Strap - 42""",Columbia Tools,BH9,18.85,18.85,,,,,,EXISTING_COST_NOT_MATCHED_TO_INSPECTED_SOURCES,false,false
variation,BH9-4,Brake Connecting Strap - 4',Columbia Tools,BH9,20.15,20.15,,,,,,EXISTING_COST_NOT_MATCHED_TO_INSPECTED_SOURCES,false,false
variation,BH9-5,Brake Connecting Strap - 5',Columbia Tools,BH9,21.45,21.45,,,,,,EXISTING_COST_NOT_MATCHED_TO_INSPECTED_SOURCES,false,false
variation,BH9-6,Brake Connecting Strap - 6',Columbia Tools,BH9,22.75,22.75,,,,,,EXISTING_COST_NOT_MATCHED_TO_INSPECTED_SOURCES,false,false
simple,CT16,Brake Dog,Columbia Tools,,9.75,9.75,,,,,,EXISTING_COST_NOT_MATCHED_TO_INSPECTED_SOURCES,false,false
simple,HH13,Brake Pin,Columbia Tools,,10.4,10.4,,,,,,EXISTING_COST_NOT_MATCHED_TO_INSPECTED_SOURCES,false,false
simple,HH14,Brake Piston,Columbia Tools,,11.05,11.05,,,,,,EXISTING_COST_NOT_MATCHED_TO_INSPECTED_SOURCES,false,false
simple,MH8,Brake Rod Bushing,Columbia Tools,,5.2,5.2,,,,,,EXISTING_COST_NOT_MATCHED_TO_INSPECTED_SOURCES,false,false
simple,HH12,Brake Spring,Columbia Tools,,3.25,3.25,,,,,,EXISTING_COST_NOT_MATCHED_TO_INSPECTED_SOURCES,false,false
variable,HH-BRASS-CONNECTOR,Brass Connector,Columbia Tools,,,,,,,,,NOT_A_PRICE_OWNER,false,false
variation,HH17A,Brass Connector - 1,Columbia Tools,HH-BRASS-CONNECTOR,3.25,3.25,,,,,,EXISTING_COST_NOT_MATCHED_TO_INSPECTED_SOURCES,false,false
variation,HH17B,Brass Connector - 2,Columbia Tools,HH-BRASS-CONNECTOR,3.25,3.25,,,,,,EXISTING_COST_NOT_MATCHED_TO_INSPECTED_SOURCES,false,false
simple,CT72,Cable,Columbia Tools,,6.5,6.5,,,,,,EXISTING_COST_NOT_MATCHED_TO_INSPECTED_SOURCES,false,false
simple,CT73,Cable Drum,Columbia Tools,,23.27,23.27,TSW,Columbia Tools,CT73,23.27,brand_scoped_exact_identifier,SOURCE_VERIFIED_MATCH,true,true
simple,BH26,Cam,Columbia Tools,,14.27,14.27,,,,,,EXISTING_COST_NOT_MATCHED_TO_INSPECTED_SOURCES,false,false
simple,BH7,Cam Follower,Columbia Tools,,8.05,8.05,TSW,Columbia Tools,BH07,8.05,reviewed_explicit_mapping,SOURCE_VERIFIED_MATCH,true,true
simple,HH19,Cap,Columbia Tools,,11.05,11.05,,,,,,EXISTING_COST_NOT_MATCHED_TO_INSPECTED_SOURCES,false,false
simple,CT35,Cap Reinforcing Tab,Columbia Tools,,1.93,1.93,TSW,Columbia Tools,CT35,1.93,brand_scoped_exact_identifier,SOURCE_VERIFIED_MATCH,true,true
simple,CT55,Carriage Guide Rod,Columbia Tools,,7.8,7.8,,,,,,EXISTING_COST_NOT_MATCHED_TO_INSPECTED_SOURCES,false,false
simple,CT56,Carriage Guide Rod Stop,Columbia Tools,,4.55,4.55,,,,,,EXISTING_COST_NOT_MATCHED_TO_INSPECTED_SOURCES,false,false
simple,CT31,Chain Tension & Guide Bracket,Columbia Tools,,3.49,3.49,TSW,Columbia Tools,CT31,3.49,brand_scoped_exact_identifier,SOURCE_VERIFIED_MATCH,true,true
simple,CT83,Clutch Dog,Columbia Tools,,1.95,1.95,,,,,,EXISTING_COST_NOT_MATCHED_TO_INSPECTED_SOURCES,false,false
simple,CT82,Clutch Lever,Columbia Tools,,12.84,12.84,,,,,,EXISTING_COST_NOT_MATCHED_TO_INSPECTED_SOURCES,false,false
simple,CT88,Clutch Release Rod,Columbia Tools,,9.31,9.31,TSW,Columbia Tools,CT88,9.31,brand_scoped_exact_identifier,SOURCE_VERIFIED_MATCH,true,true
simple,CT85,Clutch Release Shaft,Columbia Tools,,23.27,23.27,TSW,Columbia Tools,CT85,23.27,brand_scoped_exact_identifier,SOURCE_VERIFIED_MATCH,true,true
simple,CT81,Clutch Return Spring,Columbia Tools,,1.56,1.56,TSW,Columbia Tools,CT81,1.56,brand_scoped_exact_identifier,SOURCE_VERIFIED_MATCH,true,true
simple,HH9,Coiled Hydraulic Line,Columbia Tools,,26,26,,,,,,EXISTING_COST_NOT_MATCHED_TO_INSPECTED_SOURCES,false,false
simple,HP44,Collar O-Ring,Columbia Tools,,1.3,1.3,,,,,,EXISTING_COST_NOT_MATCHED_TO_INSPECTED_SOURCES,false,false
simple,FA278,Columbia #8 Belleville Washer,Columbia Tools,,0.33,0.33,TSW,Columbia Tools,FA278,0.33,brand_scoped_exact_identifier,SOURCE_VERIFIED_MATCH,true,true
simple,FA201,"Columbia 1/16"" X 3/8"" Split Pin",Columbia Tools,,0.32,0.32,TSW,Columbia Tools,FA201,0.32,brand_scoped_exact_identifier,SOURCE_VERIFIED_MATCH,true,true
simple,FA285,"Columbia 1/4"" Plastic Washer",Columbia Tools,,0.77,0.77,TSW,Columbia Tools,FA285,0.77,brand_scoped_exact_identifier,SOURCE_VERIFIED_MATCH,true,true
simple,FA290,Columbia 1/4-20 Nyloc Nut,Columbia Tools,,0.89,0.89,TSW,Columbia Tools,FA290,0.89,brand_scoped_exact_identifier,SOURCE_VERIFIED_MATCH,true,true
simple,FA314,Columbia 10-24 X 1-1/2 Pan Slot,Columbia Tools,,0.31,0.31,TSW,Columbia Tools,FA314,0.31,brand_scoped_exact_identifier,SOURCE_VERIFIED_MATCH,true,true
simple,FA279,Columbia 10-24 X 1-1/4in Hex Bolt,Columbia Tools,,0.80,0.80,TSW,Columbia Tools,FA279,0.80,brand_scoped_exact_identifier,SOURCE_VERIFIED_MATCH,true,true
simple,FA281,Columbia 10-32 X Nyloc Jam Nut-2 per pack,Columbia Tools,,0.89,0.89,TSW,Columbia Tools,FA281,0.89,brand_scoped_exact_identifier,SOURCE_VERIFIED_MATCH,true,true
simple,AH32,"Columbia 2"" Angle Head Carbide Blade",Columbia Tools,,18.72,18.72,TSW,Columbia Tools,AH32,18.72,brand_scoped_exact_identifier,SOURCE_VERIFIED_MATCH,true,true
simple,AH72,"Columbia 2"" Angle Head Frame Tension Spring",Columbia Tools,,0.79,0.79,TSW,Columbia Tools,AH72,0.79,brand_scoped_exact_identifier,SOURCE_VERIFIED_MATCH,true,true
simple,AH325,"Columbia 2.5"" Angle Head Carbide Blade",Columbia Tools,,18.72,18.72,TSW,Columbia Tools,AH325,18.72,brand_scoped_exact_identifier,SOURCE_VERIFIED_MATCH,true,true
simple,AH725,"Columbia 2.5"" Angle Head Frame Tension Spring",Columbia Tools,,0.79,0.79,TSW,Columbia Tools,AH725,0.79,brand_scoped_exact_identifier,SOURCE_VERIFIED_MATCH,true,true
simple,AH33,"Columbia 3"" Angle Head Carbide Blade",Columbia Tools,,18.72,18.72,TSW,Columbia Tools,AH33,18.72,brand_scoped_exact_identifier,SOURCE_VERIFIED_MATCH,true,true
simple,AH73,"Columbia 3"" Angle Head Tension Spring",Columbia Tools,,0.79,0.79,TSW,Columbia Tools,AH73,0.79,brand_scoped_exact_identifier,SOURCE_VERIFIED_MATCH,true,true
simple,AH335,"Columbia 3.5"" Angle Head Carbide Blade",Columbia Tools,,18.72,18.72,TSW,Columbia Tools,AH335,18.72,brand_scoped_exact_identifier,SOURCE_VERIFIED_MATCH,true,true
simple,AH735,"Columbia 3.5"" Angle Head Frame Tension Spring",Columbia Tools,,0.79,0.79,TSW,Columbia Tools,AH735,0.79,brand_scoped_exact_identifier,SOURCE_VERIFIED_MATCH,true,true
simple,FA308,"Columbia 33/64 X 7/8"" Flat Washer",Columbia Tools,,0.89,0.89,TSW,Columbia Tools,FA308,0.89,brand_scoped_exact_identifier,SOURCE_VERIFIED_MATCH,true,true
simple,FA208,"Columbia 4-40 x 1/8"" Binder Slot",Columbia Tools,,0.32,0.32,TSW,Columbia Tools,FA208,0.32,brand_scoped_exact_identifier,SOURCE_VERIFIED_MATCH,true,true
simple,FA222,"Columbia 5-40 X 3/8"" Bind Head Screw",Columbia Tools,,0.32,0.32,TSW,Columbia Tools,FA222,0.32,brand_scoped_exact_identifier,SOURCE_VERIFIED_MATCH,true,true
simple,CFB77,"Columbia 7"" Angle Box Door Gasket",Columbia Tools,,23.27,23.27,TSW,Columbia Tools,CFB77,23.27,brand_scoped_exact_identifier,SOURCE_VERIFIED_MATCH,true,true
simple,CFB47,"Columbia 7"" Pressure Door",Columbia Tools,,7.76,7.76,TSW,Columbia Tools,CFB47,7.76,brand_scoped_exact_identifier,SOURCE_VERIFIED_MATCH,true,true
simple,CFB78,"Columbia 8"" Door Gasket for Angle Box",Columbia Tools,,23.27,23.27,TSW,Columbia Tools,CFB78,23.27,brand_scoped_exact_identifier,SOURCE_VERIFIED_MATCH,true,true
simple,CFB48,"Columbia 8"" Pressure Door",Columbia Tools,,7.76,7.76,TSW,Columbia Tools,CFB48,7.76,brand_scoped_exact_identifier,SOURCE_VERIFIED_MATCH,true,true
simple,CFB28,"Columbia 8"" Roll Face",Columbia Tools,,27.15,27.15,TSW,Columbia Tools,CFB28,27.15,brand_scoped_exact_identifier,SOURCE_VERIFIED_MATCH,true,true
simple,FA266,"Columbia 8-32 X 1"" Flat Head Screw",Columbia Tools,,0.13,0.13,TSW,Columbia Tools,FA266,0.13,brand_scoped_exact_identifier,SOURCE_VERIFIED_MATCH,true,true
simple,CF4L,Columbia Ball Spring Long Flusher,Columbia Tools,,4.24,4.24,TSW,Columbia Tools,CF4L,4.24,brand_scoped_exact_identifier,SOURCE_VERIFIED_MATCH,true,true
simple,FFB43,Columbia Bead Wheel Bushing,Columbia Tools,,1.49,1.49,TSW,Columbia Tools,FFB43,1.49,brand_scoped_exact_identifier,SOURCE_VERIFIED_MATCH,true,true
simple,CTA84,Columbia Cable Pulley Guide,Columbia Tools,,7.76,7.76,TSW,Columbia Tools,CTA84,7.76,brand_scoped_exact_identifier,SOURCE_VERIFIED_MATCH,true,true
simple,CLTBF,Columbia Compound Tube Box Filler,Columbia Tools,,49.27,49.27,TSW,Columbia Tools,CLTBF,49.27,brand_scoped_exact_identifier,SOURCE_VERIFIED_MATCH,true,true
simple,CTA87CL,Columbia Cover Plate Assembly,Columbia Tools,,112.28,112.28,TSW,Columbia Tools,CTA87CL,112.28,brand_scoped_exact_identifier,SOURCE_VERIFIED_MATCH,true,true
simple,CT87CS,Columbia Cover Plate Cork Seal,Columbia Tools,,4.25,4.25,TSW,Columbia Tools,CT87CS,4.25,brand_scoped_exact_identifier,SOURCE_VERIFIED_MATCH,true,true
simple,CF1B,Columbia Direct Plate - Flusher,Columbia Tools,,9.53,9.53,TSW,Columbia Tools,CF1B,9.53,brand_scoped_exact_identifier,SOURCE_VERIFIED_MATCH,true,true
simple,CFB1A,Columbia Hinge Seal,Columbia Tools,,2.32,2.32,TSW,Columbia Tools,CFB1A,2.32,brand_scoped_exact_identifier,SOURCE_VERIFIED_MATCH,true,true
simple,CFB8A,Columbia ONE Angle Box Door Adaptor,Columbia Tools,,27.15,27.15,TSW,Columbia Tools,CFB8A,27.15,brand_scoped_exact_identifier,SOURCE_VERIFIED_MATCH,true,true
simple,CT34R,Columbia Removable Cover Plate Attachment Block,Columbia Tools,,3.39,3.39,TSW,Columbia Tools,CT34R,3.39,brand_scoped_exact_identifier,SOURCE_VERIFIED_MATCH,true,true
simple,CTA99,Columbia Removable Cover Plate Pin,Columbia Tools,,8.21,8.21,TSW,Columbia Tools,CTA99,8.21,brand_scoped_exact_identifier,SOURCE_VERIFIED_MATCH,true,true
simple,SB212,"Columbia Replacement 12"" Blade for Tomahawk",Columbia Tools,,19.09,19.09,TSW,Columbia Tools,SB212,19.09,brand_scoped_exact_identifier,SOURCE_VERIFIED_MATCH,true,true
simple,CT118A,Columbia Retaining Quick Release Spring Clip,Columbia Tools,,3.49,3.49,TSW,Columbia Tools,CT118A,3.49,brand_scoped_exact_identifier,SOURCE_VERIFIED_MATCH,true,true
simple,CT123,Columbia Retaining Quick Release Spring Shaft,Columbia Tools,,6.21,6.21,TSW,Columbia Tools,CT123,6.21,brand_scoped_exact_identifier,SOURCE_VERIFIED_MATCH,true,true
simple,FA289,"Columbia Split Pin 1/4"" X 2""",Columbia Tools,,1.21,1.21,TSW,Columbia Tools,FA289,1.21,brand_scoped_exact_identifier,SOURCE_VERIFIED_MATCH,true,true
simple,CT22,Columbia Taper Brass Bracket,Columbia Tools,,12.41,12.41,TSW,Columbia Tools,CT22,12.41,brand_scoped_exact_identifier,SOURCE_VERIFIED_MATCH,true,true
simple,CT95,Columbia Taper Control Valve,Columbia Tools,,4.67,4.67,TSW,Columbia Tools,CT95,4.67,brand_scoped_exact_identifier,SOURCE_VERIFIED_MATCH,true,true
simple,CT10,Columbia Taper Crimping Arm Bushing Right,Columbia Tools,,2.91,2.91,TSW,Columbia Tools,CT10,2.91,brand_scoped_exact_identifier,SOURCE_VERIFIED_MATCH,true,true
simple,CT49,Columbia Taper Crimping Arm Right,Columbia Tools,,34.88,34.88,TSW,Columbia Tools,CT49,34.88,brand_scoped_exact_identifier,SOURCE_VERIFIED_MATCH,true,true
simple,CT41,Columbia Taper Cutter Block,Columbia Tools,,0.97,0.97,TSW,Columbia Tools,CT41,0.97,brand_scoped_exact_identifier,SOURCE_VERIFIED_MATCH,true,true
simple,CT115A,Columbia Taper Gasket New Style End Ring,Columbia Tools,,1.16,1.16,TSW,Columbia Tools,CT115A,1.16,brand_scoped_exact_identifier,SOURCE_VERIFIED_MATCH,true,true
simple,CT93,Columbia Taper Mud Shut Off Lever Arm,Columbia Tools,,31.03,31.03,TSW,Columbia Tools,CT93,31.03,brand_scoped_exact_identifier,SOURCE_VERIFIED_MATCH,true,true
simple,CT94,Columbia Taper Mud Shut Off Upper Plate,Columbia Tools,,2.72,2.72,TSW,Columbia Tools,CT94,2.72,brand_scoped_exact_identifier,SOURCE_VERIFIED_MATCH,true,true
simple,CT23,Columbia Taper Reinforcing Rod,Columbia Tools,,4.67,4.67,TSW,Columbia Tools,CT23,4.67,brand_scoped_exact_identifier,SOURCE_VERIFIED_MATCH,true,true
simple,CT17,Columbia Taper Separation Plate,Columbia Tools,,10.85,10.85,TSW,Columbia Tools,CT17,10.85,brand_scoped_exact_identifier,SOURCE_VERIFIED_MATCH,true,true
simple,CT128A,Columbia Taper Shaft Guide Roller Bushing,Columbia Tools,,15.51,15.51,TSW,Columbia Tools,CT128A,15.51,brand_scoped_exact_identifier,SOURCE_VERIFIED_MATCH,true,true
simple,CT6,Columbia Taper Side Plate Right,Columbia Tools,,18.63,18.63,TSW,Columbia Tools,CT6,18.63,brand_scoped_exact_identifier,SOURCE_VERIFIED_MATCH,true,true
simple,CT7,Columbia Taper Side Plate Support Left,Columbia Tools,,35.29,35.29,TSW,Columbia Tools,CT7,35.29,brand_scoped_exact_identifier,SOURCE_VERIFIED_MATCH,true,true
simple,CT8,Columbia Taper Side Plate Support Right,Columbia Tools,,35.29,35.29,TSW,Columbia Tools,CT8,35.29,brand_scoped_exact_identifier,SOURCE_VERIFIED_MATCH,true,true
simple,CT122A,Columbia Taper Strap,Columbia Tools,,11.64,11.64,TSW,Columbia Tools,CT122A,11.64,brand_scoped_exact_identifier,SOURCE_VERIFIED_MATCH,true,true
simple,CT12,Columbia Taper Tape Advance Release Bracket,Columbia Tools,,4.27,4.27,TSW,Columbia Tools,CT12,4.27,brand_scoped_exact_identifier,SOURCE_VERIFIED_MATCH,true,true
simple,CFB5B,Cone Ball,Columbia Tools,,10.4,10.4,,,,,,EXISTING_COST_NOT_MATCHED_TO_INSPECTED_SOURCES,false,false
simple,CT132,Connecting Link,Columbia Tools,,1.3,1.3,,,,,,EXISTING_COST_NOT_MATCHED_TO_INSPECTED_SOURCES,false,false
simple,MH7,Connecting Link Fork,Columbia Tools,,18.85,18.85,,,,,,EXISTING_COST_NOT_MATCHED_TO_INSPECTED_SOURCES,false,false
simple,MH5,Connecting Link Pin,Columbia Tools,,3.25,3.25,,,,,,EXISTING_COST_NOT_MATCHED_TO_INSPECTED_SOURCES,false,false
simple,CT45,Connecting Rod,Columbia Tools,,10.48,10.48,TSW,Columbia Tools,CT45,10.48,brand_scoped_exact_identifier,SOURCE_VERIFIED_MATCH,true,true
simple,MH16,Connecting Rod Housing,Columbia Tools,,5.2,5.2,,,,,,EXISTING_COST_NOT_MATCHED_TO_INSPECTED_SOURCES,false,false
simple,CT112,Connecting Stud,Columbia Tools,,6.51,6.51,TSW,Columbia Tools,CT112,6.51,brand_scoped_exact_identifier,SOURCE_VERIFIED_MATCH,true,true
simple,CT104,Connection Strap,Columbia Tools,,12.32,12.32,,,,,,EXISTING_COST_NOT_MATCHED_TO_INSPECTED_SOURCES,false,false
simple,CT105,Crimper Lever,Columbia Tools,,17.83,17.83,TSW,Columbia Tools,CT105,17.83,brand_scoped_exact_identifier,SOURCE_VERIFIED_MATCH,true,true
simple,CT10A,Crimping Arm Shaft Bushing - L,Columbia Tools,,2.91,2.91,TSW,Columbia Tools,CT10A,2.91,brand_scoped_exact_identifier,SOURCE_VERIFIED_MATCH,true,true
simple,CT47,Crimping Wheel,Columbia Tools,,7.76,7.76,TSW,Columbia Tools,CT47,7.76,brand_scoped_exact_identifier,SOURCE_VERIFIED_MATCH,true,true
simple,CT50,Crimping Wheel Bushing,Columbia Tools,,3.49,3.49,TSW,Columbia Tools,CT50,3.49,brand_scoped_exact_identifier,SOURCE_VERIFIED_MATCH,true,true
simple,CT86,CT86 – Toe Kicker Cable,Columbia Tools,,11.64,11.64,TSW,Columbia Tools,CT86,11.64,brand_scoped_exact_identifier,SOURCE_VERIFIED_MATCH,true,true
simple,MH9,CTTMH9,Columbia Tools,,10.31,10.31,TSW,Columbia Tools,MH9,10.31,brand_scoped_exact_identifier,SOURCE_VERIFIED_MATCH,true,true
simple,CR4,Cut Washer,Columbia Tools,,1.95,1.95,,,,,,EXISTING_COST_NOT_MATCHED_TO_INSPECTED_SOURCES,false,false
simple,CT42A,Diamond Blade,Columbia Tools,,1.3,1.3,,,,,,EXISTING_COST_NOT_MATCHED_TO_INSPECTED_SOURCES,false,false
simple,CT13,Dog Base Bracket,Columbia Tools,,7.44,7.44,TSW,Columbia Tools,CTA13,7.44,reviewed_explicit_mapping,SOURCE_VERIFIED_MATCH,true,true
variable,CFB4,Door,Columbia Tools,,,,,,,,,NOT_A_PRICE_OWNER,false,false
variation,CFB4-7,"Door - 7""",Columbia Tools,CFB4,7.76,7.76,,,,,,EXISTING_COST_NOT_MATCHED_TO_INSPECTED_SOURCES,false,false
variation,CFB4-8,"Door - 8""",Columbia Tools,CFB4,7.76,7.76,,,,,,EXISTING_COST_NOT_MATCHED_TO_INSPECTED_SOURCES,false,false
variable,HNS4,Door,Columbia Tools,,,,,,,,,NOT_A_PRICE_OWNER,false,false
variation,HNS4-2,"Door - 2""",Columbia Tools,HNS4,21.45,21.45,,,,,,EXISTING_COST_NOT_MATCHED_TO_INSPECTED_SOURCES,false,false
variation,HNS4-3,"Door - 3""",Columbia Tools,HNS4,21.45,21.45,,,,,,EXISTING_COST_NOT_MATCHED_TO_INSPECTED_SOURCES,false,false
variable,CFB7,Door Gasket,Columbia Tools,,,,,,,,,NOT_A_PRICE_OWNER,false,false
variation,CFB7-7,"Door Gasket - 7""",Columbia Tools,CFB7,23.27,23.27,,,,,,EXISTING_COST_NOT_MATCHED_TO_INSPECTED_SOURCES,false,false
variation,CFB7-8,"Door Gasket - 8""",Columbia Tools,CFB7,23.27,23.27,,,,,,EXISTING_COST_NOT_MATCHED_TO_INSPECTED_SOURCES,false,false
variable,HNS15,Door Gasket,Columbia Tools,,,,,,,,,NOT_A_PRICE_OWNER,false,false
variation,HNS15-2,"Door Gasket - 2""",Columbia Tools,HNS15,23.4,23.4,,,,,,EXISTING_COST_NOT_MATCHED_TO_INSPECTED_SOURCES,false,false
variation,HNS15-3,"Door Gasket - 3""",Columbia Tools,HNS15,22.75,22.75,,,,,,EXISTING_COST_NOT_MATCHED_TO_INSPECTED_SOURCES,false,false
simple,CFB15,Door Hinge,Columbia Tools,,15.51,15.51,TSW,Columbia Tools,CFB15,15.51,brand_scoped_exact_identifier,SOURCE_VERIFIED_MATCH,true,true
simple,FFB17,Door Spring,Columbia Tools,,2.72,2.72,TSW,Columbia Tools,FFB17,2.72,brand_scoped_exact_identifier,SOURCE_VERIFIED_MATCH,true,true
variable,HNS-DOOR-SPRING,Door Spring,Columbia Tools,,,,,,,,,NOT_A_PRICE_OWNER,false,false
variation,HNS10A,Door Spring - Short,Columbia Tools,HNS-DOOR-SPRING,12.19,12.19,,,,,,EXISTING_COST_NOT_MATCHED_TO_INSPECTED_SOURCES,false,false
variation,HNS10,Door Spring - Long,Columbia Tools,HNS-DOOR-SPRING,12.19,12.19,,,,,,EXISTING_COST_NOT_MATCHED_TO_INSPECTED_SOURCES,false,false
simple,FFB16,Door Spring Nut,Columbia Tools,,3.25,3.25,,,,,,EXISTING_COST_NOT_MATCHED_TO_INSPECTED_SOURCES,false,false
simple,CFB11A,Door Stop,Columbia Tools,,1.95,1.95,,,,,,EXISTING_COST_NOT_MATCHED_TO_INSPECTED_SOURCES,false,false
simple,FFB32,Door Stop,Columbia Tools,,1.95,1.95,,,,,,EXISTING_COST_NOT_MATCHED_TO_INSPECTED_SOURCES,false,false
simple,CT78,Drive Chain,Columbia Tools,,51.20,51.20,TSW,Columbia Tools,CT78,51.20,brand_scoped_exact_identifier,SOURCE_VERIFIED_MATCH,true,true
simple,CT70,Drive Shaft,Columbia Tools,,21.45,21.45,,,,,,EXISTING_COST_NOT_MATCHED_TO_INSPECTED_SOURCES,false,false
variable,CT-SPROCKET,Drive Sprocket,Columbia Tools,,,,,,,,,NOT_A_PRICE_OWNER,false,false
variation,CT71,Drive Sprocket - Small,Columbia Tools,CT-SPROCKET,9.31,9.31,TSW,Columbia Tools,CT71,9.31,brand_scoped_exact_identifier,SOURCE_VERIFIED_MATCH,true,true
variation,CT77,Drive Sprocket - Large,Columbia Tools,CT-SPROCKET,38.77,38.77,TSW,Columbia Tools,CT77,38.77,brand_scoped_exact_identifier,SOURCE_VERIFIED_MATCH,true,true
simple,CT87,Engraved Cover Plate Cap,Columbia Tools,,27.3,27.3,,,,,,EXISTING_COST_NOT_MATCHED_TO_INSPECTED_SOURCES,false,false
simple,HH5,Extension Housing,Columbia Tools,,21.45,21.45,,,,,,EXISTING_COST_NOT_MATCHED_TO_INSPECTED_SOURCES,false,false
simple,HH30,Extension Release Trigger,Columbia Tools,,9.26,9.26,,,,,,EXISTING_COST_NOT_MATCHED_TO_INSPECTED_SOURCES,false,false
simple,CT130,Extension Shaft,Columbia Tools,,13.97,13.97,TSW,Columbia Tools,CT130,13.97,brand_scoped_exact_identifier,SOURCE_VERIFIED_MATCH,true,true
simple,CT127,Extension Shaft Bracket,Columbia Tools,,19.39,19.39,TSW,Columbia Tools,CT127,19.39,brand_scoped_exact_identifier,SOURCE_VERIFIED_MATCH,true,true
simple,FA259,"FA259 8-32 X 5/16"" Binder Slot",Columbia Tools,,0.65,0.65,,,,,,EXISTING_COST_NOT_MATCHED_TO_INSPECTED_SOURCES,false,false
simple,FA292,FA292 1/4-20 Nyloc Jam Nut,Columbia Tools,,0.81,0.81,TSW,Columbia Tools,FA292,0.81,brand_scoped_exact_identifier,SOURCE_VERIFIED_MATCH,true,true
simple,FA311,"FA311 1/4-28 X 1/2"" Socket Head",Columbia Tools,,1.3,1.3,,,,,,EXISTING_COST_NOT_MATCHED_TO_INSPECTED_SOURCES,false,false
simple,FA315,"FA315 10-32 X 3/8"" Flat Socket Head",Columbia Tools,,1.3,1.3,,,,,,EXISTING_COST_NOT_MATCHED_TO_INSPECTED_SOURCES,false,false
simple,MP33,Filler Gasket,Columbia Tools,,1.3,1.3,,,,,,EXISTING_COST_NOT_MATCHED_TO_INSPECTED_SOURCES,false,false
simple,MP28,Filler Nut,Columbia Tools,,7.96,7.96,,,,,,EXISTING_COST_NOT_MATCHED_TO_INSPECTED_SOURCES,false,false
simple,MP25,Filler Studs,Columbia Tools,,6.5,6.5,,,,,,EXISTING_COST_NOT_MATCHED_TO_INSPECTED_SOURCES,false,false
variable,HFFB14,Flat Box Hinged Door Gasket,Columbia Tools,,,,,,,,,NOT_A_PRICE_OWNER,false,false
variation,HFFB14-8,"Flat Box Hinged Door Gasket - 8""",Columbia Tools,HFFB14,10.72,10.72,,,,,,EXISTING_COST_NOT_MATCHED_TO_INSPECTED_SOURCES,false,false
variation,HFFB14-10,"Flat Box Hinged Door Gasket - 10""",Columbia Tools,HFFB14,27.3,27.3,,,,,,EXISTING_COST_NOT_MATCHED_TO_INSPECTED_SOURCES,false,false
variation,HFFB14-12,"Flat Box Hinged Door Gasket - 12""",Columbia Tools,HFFB14,27.3,27.3,,,,,,EXISTING_COST_NOT_MATCHED_TO_INSPECTED_SOURCES,false,false
variation,HFFB14-14,"Flat Box Hinged Door Gasket - 14""",Columbia Tools,HFFB14,27.3,27.3,,,,,,EXISTING_COST_NOT_MATCHED_TO_INSPECTED_SOURCES,false,false
simple,MP2,Foot Valve Casting,Columbia Tools,,18.85,18.85,,,,,,EXISTING_COST_NOT_MATCHED_TO_INSPECTED_SOURCES,false,false
simple,AH5,Frame Retainer Clip,Columbia Tools,,1.3,1.3,,,,,,EXISTING_COST_NOT_MATCHED_TO_INSPECTED_SOURCES,false,false
variable,AH7,Frame Tension Spring,Columbia Tools,,,,,,,,,NOT_A_PRICE_OWNER,false,false
variation,AH7-2,"Frame Tension Spring - 2""",Columbia Tools,AH7,0.79,0.79,,,,,,EXISTING_COST_NOT_MATCHED_TO_INSPECTED_SOURCES,false,false
variation,AH7-2.5,"Frame Tension Spring - 2.5""",Columbia Tools,AH7,0.79,0.79,,,,,,EXISTING_COST_NOT_MATCHED_TO_INSPECTED_SOURCES,false,false
variation,AH7-3,"Frame Tension Spring - 3""",Columbia Tools,AH7,0.79,0.79,,,,,,EXISTING_COST_NOT_MATCHED_TO_INSPECTED_SOURCES,false,false
variation,AH7-3.5,"Frame Tension Spring - 3.5""",Columbia Tools,AH7,0.79,0.79,,,,,,EXISTING_COST_NOT_MATCHED_TO_INSPECTED_SOURCES,false,false
simple,AH6A,Funnel Retainer Clip,Columbia Tools,,12.03,12.03,TSW,Columbia Tools,AH6A,12.03,brand_scoped_exact_identifier,SOURCE_VERIFIED_MATCH,true,true
simple,MH21,Grip Adjuster Housing,Columbia Tools,,4.40,4.40,TSW,Columbia Tools,MH21,4.40,brand_scoped_exact_identifier,SOURCE_VERIFIED_MATCH,true,true
simple,MH23,Grip Adjusting Fastener,Columbia Tools,,7.15,7.15,,,,,,EXISTING_COST_NOT_MATCHED_TO_INSPECTED_SOURCES,false,false
simple,MH22,Grip Adjustment Pin,Columbia Tools,,7.15,7.15,,,,,,EXISTING_COST_NOT_MATCHED_TO_INSPECTED_SOURCES,false,false
simple,HH15,Grip Sleeve Octagon,Columbia Tools,,9.75,9.75,,,,,,EXISTING_COST_NOT_MATCHED_TO_INSPECTED_SOURCES,false,false
simple,CT115,Guard Ring,Columbia Tools,,11.64,11.64,TSW,Columbia Tools,CT115,11.64,brand_scoped_exact_identifier,SOURCE_VERIFIED_MATCH,true,true
simple,CT58,Guide Rod Bushing,Columbia Tools,,4.67,4.67,TSW,Columbia Tools,CT58,4.67,brand_scoped_exact_identifier,SOURCE_VERIFIED_MATCH,true,true
simple,CT126,Hand Grip Body,Columbia Tools,,42.9,42.9,,,,,,EXISTING_COST_NOT_MATCHED_TO_INSPECTED_SOURCES,false,false
simple,CT124,Hand Grip Guard Ring,Columbia Tools,,13,13,,,,,,EXISTING_COST_NOT_MATCHED_TO_INSPECTED_SOURCES,false,false
simple,HNS12,Handle Clamp,Columbia Tools,,11.05,11.05,,,,,,EXISTING_COST_NOT_MATCHED_TO_INSPECTED_SOURCES,false,false
simple,CR11,Handle Connecting Link,Columbia Tools,,12.32,12.32,,,,,,EXISTING_COST_NOT_MATCHED_TO_INSPECTED_SOURCES,false,false
simple,HH35,Handle Grip,Columbia Tools,,4.55,4.55,,,,,,EXISTING_COST_NOT_MATCHED_TO_INSPECTED_SOURCES,false,false
simple,MH4,Handle Grip,Columbia Tools,,24.05,24.05,,,,,,EXISTING_COST_NOT_MATCHED_TO_INSPECTED_SOURCES,false,false
simple,MH11,Handle Grip Bushing,Columbia Tools,,3.9,3.9,,,,,,EXISTING_COST_NOT_MATCHED_TO_INSPECTED_SOURCES,false,false
simple,MP6,Handle Link,Columbia Tools,,21.45,21.45,,,,,,EXISTING_COST_NOT_MATCHED_TO_INSPECTED_SOURCES,false,false
simple,HNSA-14,Handle Link Assembly,Columbia Tools,,29.25,29.25,,,,,,EXISTING_COST_NOT_MATCHED_TO_INSPECTED_SOURCES,false,false
simple,MH1,Handle Mount Plate,Columbia Tools,,48.75,48.75,,,,,,EXISTING_COST_NOT_MATCHED_TO_INSPECTED_SOURCES,false,false
simple,CR6,Handle Mounting Swivel,Columbia Tools,,9.11,9.11,TSW,Columbia Tools,CR6,9.11,brand_scoped_exact_identifier,SOURCE_VERIFIED_MATCH,true,true
simple,HPA-48,Handle Pin Assembly,Columbia Tools,,3.25,3.25,,,,,,EXISTING_COST_NOT_MATCHED_TO_INSPECTED_SOURCES,false,false
simple,HH8,Handle Tube,Columbia Tools,,29.25,29.25,,,,,,EXISTING_COST_NOT_MATCHED_TO_INSPECTED_SOURCES,false,false
simple,MP5,Head Bushing,Columbia Tools,,9.07,9.07,,,,,,EXISTING_COST_NOT_MATCHED_TO_INSPECTED_SOURCES,false,false
variable,AH1,Head Casting,Columbia Tools,,,,,,,,,NOT_A_PRICE_OWNER,false,false
variation,AH1-2,"Head Casting - 2""",Columbia Tools,AH1,99.45,99.45,,,,,,EXISTING_COST_NOT_MATCHED_TO_INSPECTED_SOURCES,false,false
variation,AH1-2.5,"Head Casting - 2.5""",Columbia Tools,AH1,113,113,,,,,,EXISTING_COST_NOT_MATCHED_TO_INSPECTED_SOURCES,false,false
variation,AH1-3,"Head Casting - 3""",Columbia Tools,AH1,99.45,99.45,,,,,,EXISTING_COST_NOT_MATCHED_TO_INSPECTED_SOURCES,false,false
variation,AH1-3.5,"Head Casting - 3.5""",Columbia Tools,AH1,99.45,99.45,,,,,,EXISTING_COST_NOT_MATCHED_TO_INSPECTED_SOURCES,false,false
simple,CR1,Head Casting,Columbia Tools,,93.08,93.08,TSW,Columbia Tools,CT1,93.08,reviewed_explicit_mapping,SOURCE_VERIFIED_MATCH,true,true
simple,FFB39,Hex Bolt,Columbia Tools,,1.95,1.95,,,,,,EXISTING_COST_NOT_MATCHED_TO_INSPECTED_SOURCES,false,false
simple,CT20,Hinge Block,Columbia Tools,,6.21,6.21,TSW,Columbia Tools,CT20,6.21,brand_scoped_exact_identifier,SOURCE_VERIFIED_MATCH,true,true
variable,HFFB3-PLATE,Hinge Box End Plate,Columbia Tools,,,,,,,,,NOT_A_PRICE_OWNER,false,false
variation,HFFB3,Hinge Box End Plate - Right,Columbia Tools,HFFB3-PLATE,23.4,23.4,,,,,,EXISTING_COST_NOT_MATCHED_TO_INSPECTED_SOURCES,false,false
variation,HFFB3A,Hinge Box End Plate - Left,Columbia Tools,HFFB3-PLATE,23.4,23.4,,,,,,EXISTING_COST_NOT_MATCHED_TO_INSPECTED_SOURCES,false,false
simple,CFB15A,Hinge Bushing (Plastic Washer),Columbia Tools,,5.53,5.53,,,,,,EXISTING_COST_NOT_MATCHED_TO_INSPECTED_SOURCES,false,false
simple,BH6,Hinge Pin,Columbia Tools,,7.31,7.31,,,,,,EXISTING_COST_NOT_MATCHED_TO_INSPECTED_SOURCES,false,false
simple,MH6,Hinge Pin,Columbia Tools,,2.6,2.6,,,,,,EXISTING_COST_NOT_MATCHED_TO_INSPECTED_SOURCES,false,false
simple,CT79,Hollow Shaft,Columbia Tools,,23.27,23.27,TSW,Columbia Tools,CT79,23.27,brand_scoped_exact_identifier,SOURCE_VERIFIED_MATCH,true,true
simple,CT68,Hub,Columbia Tools,,9.31,9.31,TSW,Columbia Tools,CT68,9.31,brand_scoped_exact_identifier,SOURCE_VERIFIED_MATCH,true,true
variable,CT-INSERT-BUSHING,Insert Bushing,Columbia Tools,,,,,,,,,NOT_A_PRICE_OWNER,false,false
variation,CT3,Insert Bushing - Right,Columbia Tools,CT-INSERT-BUSHING,7.8,7.8,,,,,,EXISTING_COST_NOT_MATCHED_TO_INSPECTED_SOURCES,false,false
variation,CT3A,Insert Bushing - Left,Columbia Tools,CT-INSERT-BUSHING,9.43,9.43,,,,,,EXISTING_COST_NOT_MATCHED_TO_INSPECTED_SOURCES,false,false
simple,CT2,Insert Bushing for CT#7A,Columbia Tools,,2.32,2.32,TSW,Columbia Tools,CT2,2.32,brand_scoped_exact_identifier,SOURCE_VERIFIED_MATCH,true,true
simple,MH13,Large Nyliner Bushing,Columbia Tools,,3.25,3.25,,,,,,EXISTING_COST_NOT_MATCHED_TO_INSPECTED_SOURCES,false,false
simple,HP47,Latch Clamp Assembly,Columbia Tools,,18.82,18.82,,,,,,EXISTING_COST_NOT_MATCHED_TO_INSPECTED_SOURCES,false,false
simple,HP46,Latch Keeper,Columbia Tools,,12.84,12.84,,,,,,EXISTING_COST_NOT_MATCHED_TO_INSPECTED_SOURCES,false,false
simple,MP8,Leg,Columbia Tools,,46.15,46.15,,,,,,EXISTING_COST_NOT_MATCHED_TO_INSPECTED_SOURCES,false,false
simple,HH17C,Line Pincher,Columbia Tools,,2.6,2.6,,,,,,EXISTING_COST_NOT_MATCHED_TO_INSPECTED_SOURCES,false,false
simple,BH4,Lower Brake Lever,Columbia Tools,,15.32,15.32,TSW,Columbia Tools,BH4,15.32,brand_scoped_exact_identifier,SOURCE_VERIFIED_MATCH,true,true
simple,MH3,Lower Mount Bracket,Columbia Tools,,21.45,21.45,,,,,,EXISTING_COST_NOT_MATCHED_TO_INSPECTED_SOURCES,false,false
simple,BH3,Lower Mounting Bracket,Columbia Tools,,20.8,20.8,,,,,,EXISTING_COST_NOT_MATCHED_TO_INSPECTED_SOURCES,false,false
simple,CT80,Manual Drive Grip,Columbia Tools,,12.19,12.19,,,,,,EXISTING_COST_NOT_MATCHED_TO_INSPECTED_SOURCES,false,false
simple,MH2,Matrix Handle Head,Columbia Tools,,2.6,2.6,,,,,,EXISTING_COST_NOT_MATCHED_TO_INSPECTED_SOURCES,false,false
simple,CT43,Micro Chain,Columbia Tools,,19.39,19.39,TSW,Columbia Tools,CT43,19.39,brand_scoped_exact_identifier,SOURCE_VERIFIED_MATCH,true,true
simple,MH3A,Mounting Bracket Stem,Columbia Tools,,2.6,2.6,,,,,,EXISTING_COST_NOT_MATCHED_TO_INSPECTED_SOURCES,false,false
simple,BH1,Mounting Plate,Columbia Tools,,37.15,37.15,TSW,Columbia Tools,BH1,37.15,brand_scoped_exact_identifier,SOURCE_VERIFIED_MATCH,true,true
simple,MP24,Mud Pump Screen,Columbia Tools,,2.6,2.6,,,,,,EXISTING_COST_NOT_MATCHED_TO_INSPECTED_SOURCES,false,false
simple,MP23,Mud Pump Seal,Columbia Tools,,10.72,10.72,,,,,,EXISTING_COST_NOT_MATCHED_TO_INSPECTED_SOURCES,false,false
simple,HFFB1A-10,"Mud Seal Strip - 10""",Columbia Tools,,6.5,6.5,,,,,,EXISTING_COST_NOT_MATCHED_TO_INSPECTED_SOURCES,false,false
simple,CT96,Mud Shut-Off Gasket,Columbia Tools,,1.36,1.36,TSW,Columbia Tools,CT96,1.36,brand_scoped_exact_identifier,SOURCE_VERIFIED_MATCH,true,true
simple,CT98,Mud Supply Seal Plate & Shaft,Columbia Tools,,3.09,3.09,TSW,Columbia Tools,CT98,3.09,brand_scoped_exact_identifier,SOURCE_VERIFIED_MATCH,true,true
simple,CT97,Mud Supply Valve Body,Columbia Tools,,15.52,15.52,TSW,Columbia Tools,CT97,15.52,brand_scoped_exact_identifier,SOURCE_VERIFIED_MATCH,true,true
simple,CFB6,Mud Supply Valve Unit,Columbia Tools,,17.07,17.07,TSW,Columbia Tools,CFB6,17.07,brand_scoped_exact_identifier,SOURCE_VERIFIED_MATCH,true,true
simple,HNS17A,Nail Spotter Handle Tightness Screw,Columbia Tools,,3.25,3.25,,,,,,EXISTING_COST_NOT_MATCHED_TO_INSPECTED_SOURCES,false,false
simple,CT63,Needle,Columbia Tools,,1.3,1.3,,,,,,EXISTING_COST_NOT_MATCHED_TO_INSPECTED_SOURCES,false,false
simple,CT62,Needle Holding Shaft,Columbia Tools,,10.4,10.4,,,,,,EXISTING_COST_NOT_MATCHED_TO_INSPECTED_SOURCES,false,false
simple,CT64,Needle Return Shaft,Columbia Tools,,3.09,3.09,TSW,Columbia Tools,CT64,3.09,brand_scoped_exact_identifier,SOURCE_VERIFIED_MATCH,true,true
simple,CT65,Needle Return Spring,Columbia Tools,,2.13,2.13,TSW,Columbia Tools,CT65,2.13,brand_scoped_exact_identifier,SOURCE_VERIFIED_MATCH,true,true
simple,HFFB4D,Nylatron Bushing,Columbia Tools,,1.95,1.95,,,,,,EXISTING_COST_NOT_MATCHED_TO_INSPECTED_SOURCES,false,false
simple,MP36,Nylatron Bushing,Columbia Tools,,7.48,7.48,,,,,,EXISTING_COST_NOT_MATCHED_TO_INSPECTED_SOURCES,false,false
variable,CT-NYLATRON-CHAIN-ROLLER,Nylatron Chain Roller,Columbia Tools,,,,,,,,,NOT_A_PRICE_OWNER,false,false
variation,CT29,Nylatron Chain Roller - Right (Small),Columbia Tools,CT-NYLATRON-CHAIN-ROLLER,1.93,1.93,TSW,Columbia Tools,CT29,1.93,brand_scoped_exact_identifier,SOURCE_VERIFIED_MATCH,true,true
variation,CT29A,Nylatron Chain Roller - Left (Large),Columbia Tools,CT-NYLATRON-CHAIN-ROLLER,1.93,1.93,TSW,Columbia Tools,CT29A,1.93,brand_scoped_exact_identifier,SOURCE_VERIFIED_MATCH,true,true
simple,CT76,Nylatron Washer,Columbia Tools,,4.06,4.06,,,,,,EXISTING_COST_NOT_MATCHED_TO_INSPECTED_SOURCES,false,false
simple,FFB38,Nyliner Bearing,Columbia Tools,,1.3,1.3,,,,,,EXISTING_COST_NOT_MATCHED_TO_INSPECTED_SOURCES,false,false
simple,HP45,O Ring Enclosure,Columbia Tools,,14.3,14.3,,,,,,EXISTING_COST_NOT_MATCHED_TO_INSPECTED_SOURCES,false,false
simple,CT121A,O-Ring,Columbia Tools,,1.3,1.3,,,,,,EXISTING_COST_NOT_MATCHED_TO_INSPECTED_SOURCES,false,false
simple,MP23A,O-Ring,Columbia Tools,,1.3,1.3,,,,,,EXISTING_COST_NOT_MATCHED_TO_INSPECTED_SOURCES,false,false
simple,MH10,Octagon,Columbia Tools,,23.4,23.4,,,,,,EXISTING_COST_NOT_MATCHED_TO_INSPECTED_SOURCES,false,false
simple,CT19,Paper Feed Guide,Columbia Tools,,20.96,20.96,TSW,Columbia Tools,CT19,20.96,brand_scoped_exact_identifier,SOURCE_VERIFIED_MATCH,true,true
simple,MH17,Pinch Brake,Columbia Tools,,10.77,10.77,TSW,Columbia Tools,MH17,10.77,brand_scoped_exact_identifier,SOURCE_VERIFIED_MATCH,true,true
simple,MH15,Pinch Brake Activator,Columbia Tools,,14.3,14.3,,,,,,EXISTING_COST_NOT_MATCHED_TO_INSPECTED_SOURCES,false,false
simple,MH24,Pinch Brake Bushing,Columbia Tools,,5.88,5.88,TSW,Columbia Tools,MH24,5.88,brand_scoped_exact_identifier,SOURCE_VERIFIED_MATCH,true,true
simple,MH18,Pinch Brake Housing,Columbia Tools,,13,13,,,,,,EXISTING_COST_NOT_MATCHED_TO_INSPECTED_SOURCES,false,false
simple,MH19,Pinch Brake Sleeve,Columbia Tools,,18.2,18.2,,,,,,EXISTING_COST_NOT_MATCHED_TO_INSPECTED_SOURCES,false,false
simple,MH25,Pinch Brake Stem,Columbia Tools,,6.36,6.36,TSW,Columbia Tools,MH25,6.36,brand_scoped_exact_identifier,SOURCE_VERIFIED_MATCH,true,true
simple,MH12,PinchBrake Spring,Columbia Tools,,2.6,2.6,,,,,,EXISTING_COST_NOT_MATCHED_TO_INSPECTED_SOURCES,false,false
variable,MP-PISTON-BACKING-WASHER,Piston Backing Washer,Columbia Tools,,,,,,,,,NOT_A_PRICE_OWNER,false,false
variation,MP13A,Piston Backing Washer - Small,Columbia Tools,MP-PISTON-BACKING-WASHER,8.13,8.13,,,,,,EXISTING_COST_NOT_MATCHED_TO_INSPECTED_SOURCES,false,false
variation,MP13,Piston Backing Washer - Large,Columbia Tools,MP-PISTON-BACKING-WASHER,9.26,9.26,,,,,,EXISTING_COST_NOT_MATCHED_TO_INSPECTED_SOURCES,false,false
simple,CT107,Piston Body,Columbia Tools,,15.51,15.51,TSW,Columbia Tools,CT107,15.51,brand_scoped_exact_identifier,SOURCE_VERIFIED_MATCH,true,true
simple,CT111,Piston Cup,Columbia Tools,,9.31,9.31,TSW,Columbia Tools,CT111,9.31,brand_scoped_exact_identifier,SOURCE_VERIFIED_MATCH,true,true
simple,MP14,Piston Cup,Columbia Tools,,7.64,7.64,,,,,,EXISTING_COST_NOT_MATCHED_TO_INSPECTED_SOURCES,false,false
simple,HH16,Piston Housing,Columbia Tools,,17.55,17.55,,,,,,EXISTING_COST_NOT_MATCHED_TO_INSPECTED_SOURCES,false,false
simple,HH23,Piston O-Ring,Columbia Tools,,1.3,1.3,,,,,,EXISTING_COST_NOT_MATCHED_TO_INSPECTED_SOURCES,false,false
simple,MP11,Piston Shaft,Columbia Tools,,18.53,18.53,,,,,,EXISTING_COST_NOT_MATCHED_TO_INSPECTED_SOURCES,false,false
simple,HNS18,Pivot,Columbia Tools,,2.6,2.6,,,,,,EXISTING_COST_NOT_MATCHED_TO_INSPECTED_SOURCES,false,false
simple,BH2,Plate,Columbia Tools,,22.92,22.92,TSW,Columbia Tools,BH2,22.92,brand_scoped_exact_identifier,SOURCE_VERIFIED_MATCH,true,true
simple,HP1,Pump Cylinder,Columbia Tools,,33.8,33.8,,,,,,EXISTING_COST_NOT_MATCHED_TO_INSPECTED_SOURCES,false,false
simple,MP3,Pump Flapper Valve,Columbia Tools,,2.6,2.6,,,,,,EXISTING_COST_NOT_MATCHED_TO_INSPECTED_SOURCES,false,false
simple,MP7,Pump Handle,Columbia Tools,,56.55,56.55,,,,,,EXISTING_COST_NOT_MATCHED_TO_INSPECTED_SOURCES,false,false
simple,CT67,Ratchet Gear,Columbia Tools,,3.09,3.09,TSW,Columbia Tools,CT67,3.09,brand_scoped_exact_identifier,SOURCE_VERIFIED_MATCH,true,true
simple,CT15,Ratchet Rod for Adjustable Brake,Columbia Tools,,3.9,3.9,,,,,,EXISTING_COST_NOT_MATCHED_TO_INSPECTED_SOURCES,false,false
simple,CT92,Release Clip Bushing,Columbia Tools,,6.21,6.21,TSW,Columbia Tools,CT92,6.21,brand_scoped_exact_identifier,SOURCE_VERIFIED_MATCH,true,true
simple,HH31,Release Clip Pin,Columbia Tools,,8.42,8.42,,,,,,EXISTING_COST_NOT_MATCHED_TO_INSPECTED_SOURCES,false,false
simple,HH32,Release Clip Washer,Columbia Tools,,14.3,14.3,,,,,,EXISTING_COST_NOT_MATCHED_TO_INSPECTED_SOURCES,false,false
simple,CT89,Release Rod Sleeve,Columbia Tools,,9.31,9.31,TSW,Columbia Tools,CT89,9.31,brand_scoped_exact_identifier,SOURCE_VERIFIED_MATCH,true,true
simple,AH1B,Return Spring,Columbia Tools,,1.95,1.95,,,,,,EXISTING_COST_NOT_MATCHED_TO_INSPECTED_SOURCES,false,false
simple,CT101,Return Spring,Columbia Tools,,6.01,6.01,,,,,,EXISTING_COST_NOT_MATCHED_TO_INSPECTED_SOURCES,false,false
simple,CT54,Return Spring,Columbia Tools,,1.95,1.95,,,,,,EXISTING_COST_NOT_MATCHED_TO_INSPECTED_SOURCES,false,false
simple,CT40,Return Spring Ring,Columbia Tools,,1.3,1.3,,,,,,EXISTING_COST_NOT_MATCHED_TO_INSPECTED_SOURCES,false,false
simple,CT36,Return Spring Tube,Columbia Tools,,20.16,20.16,TSW,Columbia Tools,CT36,20.16,brand_scoped_exact_identifier,SOURCE_VERIFIED_MATCH,true,true
simple,HH33,Rlease Trigger Spring,Columbia Tools,,7.64,7.64,,,,,,EXISTING_COST_NOT_MATCHED_TO_INSPECTED_SOURCES,false,false
simple,CT90,Rod Sleeve Housing,Columbia Tools,,14.63,14.63,,,,,,EXISTING_COST_NOT_MATCHED_TO_INSPECTED_SOURCES,false,false
simple,HNS12A,Roll Pin,Columbia Tools,,3.9,3.9,,,,,,EXISTING_COST_NOT_MATCHED_TO_INSPECTED_SOURCES,false,false
simple,HNS13,Roll Pin Bushing,Columbia Tools,,6.47,6.47,,,,,,EXISTING_COST_NOT_MATCHED_TO_INSPECTED_SOURCES,false,false
simple,CR2,Roller,Columbia Tools,,7.8,7.8,,,,,,EXISTING_COST_NOT_MATCHED_TO_INSPECTED_SOURCES,false,false
simple,CT28,Roller Bushing,Columbia Tools,,2.32,2.32,TSW,Columbia Tools,CT28,2.32,brand_scoped_exact_identifier,SOURCE_VERIFIED_MATCH,true,true
simple,CT125,Rollers,Columbia Tools,,1.93,1.93,TSW,Columbia Tools,CT125,1.93,brand_scoped_exact_identifier,SOURCE_VERIFIED_MATCH,true,true
simple,FFB37,Rubber for Box Wheel,Columbia Tools,,1.3,1.3,,,,,,EXISTING_COST_NOT_MATCHED_TO_INSPECTED_SOURCES,false,false
variable,FFB25,Rubber Gasket Retainer,Columbia Tools,,,,,,,,,NOT_A_PRICE_OWNER,false,false
variation,FFB25-10,"Rubber Gasket Retainer - 10""",Columbia Tools,FFB25,16.22,16.22,,,,,,EXISTING_COST_NOT_MATCHED_TO_INSPECTED_SOURCES,false,false
variation,FFB25-12,"Rubber Gasket Retainer - 12""",Columbia Tools,FFB25,18.53,18.53,,,,,,EXISTING_COST_NOT_MATCHED_TO_INSPECTED_SOURCES,false,false
simple,CT87-CS,Rubber Seal,Columbia Tools,,4.25,4.25,,,,,,EXISTING_COST_NOT_MATCHED_TO_INSPECTED_SOURCES,false,false
variable,FFB7-SHOE,Shoe,Columbia Tools,,,,,,,,,NOT_A_PRICE_OWNER,false,false
variation,FFB7,Shoe - Right,Columbia Tools,FFB7-SHOE,27.92,27.92,,,,,,EXISTING_COST_NOT_MATCHED_TO_INSPECTED_SOURCES,false,false
variation,FFB7A,Shoe - Left,Columbia Tools,FFB7-SHOE,27.92,27.92,,,,,,EXISTING_COST_NOT_MATCHED_TO_INSPECTED_SOURCES,false,false
simple,AH4,Side Blade,Columbia Tools,,2.13,2.13,TSW,Columbia Tools,AH4,2.13,brand_scoped_exact_identifier,SOURCE_VERIFIED_MATCH,true,true
variable,CFB3,Side Plate,Columbia Tools,,,,,,,,,NOT_A_PRICE_OWNER,false,false
variation,CFB3-7,"Side Plate - 7""",Columbia Tools,CFB3,26,26,,,,,,EXISTING_COST_NOT_MATCHED_TO_INSPECTED_SOURCES,false,false
variation,CFB3-8,"Side Plate - 8""",Columbia Tools,CFB3,26,26,,,,,,EXISTING_COST_NOT_MATCHED_TO_INSPECTED_SOURCES,false,false
simple,CT7A,Side Plate Hub,Columbia Tools,,7.76,7.76,TSW,Columbia Tools,CT7A,7.76,brand_scoped_exact_identifier,SOURCE_VERIFIED_MATCH,true,true
simple,MP39,Sleeve,Columbia Tools,,9.59,9.59,,,,,,EXISTING_COST_NOT_MATCHED_TO_INSPECTED_SOURCES,false,false
simple,MH20,Small Nyliner Bushing,Columbia Tools,,1.95,1.95,,,,,,EXISTING_COST_NOT_MATCHED_TO_INSPECTED_SOURCES,false,false
simple,AH18,Socket Wear Cap,Columbia Tools,,5.85,5.85,,,,,,EXISTING_COST_NOT_MATCHED_TO_INSPECTED_SOURCES,false,false
simple,CT119,Spool Retaining Spring,Columbia Tools,,3.49,3.49,TSW,Columbia Tools,CT119,3.49,brand_scoped_exact_identifier,SOURCE_VERIFIED_MATCH,true,true
simple,AH1A,Spring Housing,Columbia Tools,,5.2,5.2,,,,,,EXISTING_COST_NOT_MATCHED_TO_INSPECTED_SOURCES,false,false
simple,FFB4B,Stainless Steel Backing Washer,Columbia Tools,,2.6,2.6,,,,,,EXISTING_COST_NOT_MATCHED_TO_INSPECTED_SOURCES,false,false
simple,CT6A,Stainless Steel Side Plate - Left,Columbia Tools,,22.32,22.32,TSW,Columbia Tools,CT6A,22.32,brand_scoped_exact_identifier,SOURCE_VERIFIED_MATCH,true,true
simple,FFB4A,Stainless Steel Washer,Columbia Tools,,3.25,3.25,,,,,,EXISTING_COST_NOT_MATCHED_TO_INSPECTED_SOURCES,false,false
simple,CT116A,Strap,Columbia Tools,,11.64,11.64,TSW,Columbia Tools,CT116A,11.64,brand_scoped_exact_identifier,SOURCE_VERIFIED_MATCH,true,true
simple,BH11,Strap Connecting Pin,Columbia Tools,,5.17,5.17,,,,,,EXISTING_COST_NOT_MATCHED_TO_INSPECTED_SOURCES,false,false
simple,CR12,Swivel Coupling Pin,Columbia Tools,,2.40,2.40,TSW,Columbia Tools,CR12,2.40,brand_scoped_exact_identifier,SOURCE_VERIFIED_MATCH,true,true
simple,CT57,Tape Advance Carriage,Columbia Tools,,52.75,52.75,TSW,Columbia Tools,CT57,52.75,brand_scoped_exact_identifier,SOURCE_VERIFIED_MATCH,true,true
simple,CT120,Tape Spool,Columbia Tools,,15.51,15.51,TSW,Columbia Tools,CT120,15.51,brand_scoped_exact_identifier,SOURCE_VERIFIED_MATCH,true,true
simple,CT14A,Taper Adjustable Brake,Columbia Tools,,3.69,3.69,TSW,Columbia Tools,CT14A,3.69,brand_scoped_exact_identifier,SOURCE_VERIFIED_MATCH,true,true
simple,FFB32A,Thumb Release Clip Screw,Columbia Tools,,8.13,8.13,,,,,,EXISTING_COST_NOT_MATCHED_TO_INSPECTED_SOURCES,false,false
simple,CT53,Toe Kicker,Columbia Tools,,13.59,13.59,TSW,Columbia Tools,CT53,13.59,brand_scoped_exact_identifier,SOURCE_VERIFIED_MATCH,true,true
simple,CT92A,Toe Kicker Caple Retainer Clip,Columbia Tools,,1.56,1.56,TSW,Columbia Tools,CT92A,1.56,brand_scoped_exact_identifier,SOURCE_VERIFIED_MATCH,true,true
variable,AH3,Top Blade,Columbia Tools,,,,,,,,,NOT_A_PRICE_OWNER,false,false
variation,AH3-2,"Top Blade - 2""",Columbia Tools,AH3,18.72,18.72,,,,,,EXISTING_COST_NOT_MATCHED_TO_INSPECTED_SOURCES,false,false
variation,AH3-2.5,"Top Blade - 2.5""",Columbia Tools,AH3,18.72,18.72,,,,,,EXISTING_COST_NOT_MATCHED_TO_INSPECTED_SOURCES,false,false
variation,AH3-3,"Top Blade - 3""",Columbia Tools,AH3,18.72,18.72,,,,,,EXISTING_COST_NOT_MATCHED_TO_INSPECTED_SOURCES,false,false
variation,AH3-3.5,"Top Blade - 3.5""",Columbia Tools,AH3,18.72,18.72,,,,,,EXISTING_COST_NOT_MATCHED_TO_INSPECTED_SOURCES,false,false
simple,HH10A,Top Cap,Columbia Tools,,1.3,1.3,,,,,,EXISTING_COST_NOT_MATCHED_TO_INSPECTED_SOURCES,false,false
variable,AH8-CLIP,Top Retainer Corner Clip,Columbia Tools,,,,,,,,,NOT_A_PRICE_OWNER,false,false
variation,AH8A,"Top Retainer Corner Clip - 3.5""",Columbia Tools,AH8-CLIP,6.34,6.34,,,,,,EXISTING_COST_NOT_MATCHED_TO_INSPECTED_SOURCES,false,false
variation,AH8,Top Retainer Corner Clip - Standard,Columbia Tools,AH8-CLIP,3.84,3.84,TSW,Columbia Tools,AH8,3.84,brand_scoped_exact_identifier,SOURCE_VERIFIED_MATCH,true,true
simple,BH5,Upper Mounting Bracket,Columbia Tools,,5.43,5.43,TSW,Columbia Tools,BH5,5.43,brand_scoped_exact_identifier,SOURCE_VERIFIED_MATCH,true,true
simple,HH2,Upper Mounting Bracket,Columbia Tools,,42.9,42.9,,,,,,EXISTING_COST_NOT_MATCHED_TO_INSPECTED_SOURCES,false,false
variable,CT-WAFER-BUSHING,Wafer Bushing,Columbia Tools,,,,,,,,,NOT_A_PRICE_OWNER,false,false
variation,CT4,Wafer Bushing - Left,Columbia Tools,CT-WAFER-BUSHING,1.3,1.3,,,,,,EXISTING_COST_NOT_MATCHED_TO_INSPECTED_SOURCES,false,false
variation,CT5,Wafer Bushing - Right,Columbia Tools,CT-WAFER-BUSHING,0.77,0.77,TSW,Columbia Tools,CT5,0.77,brand_scoped_exact_identifier,SOURCE_VERIFIED_MATCH,true,true
simple,HNS20,Wedge,Columbia Tools,,14.63,14.63,,,,,,EXISTING_COST_NOT_MATCHED_TO_INSPECTED_SOURCES,false,false
variable,COL-BILLET-MUD-APPLICATOR,Columbia Billet Mud Applicator,Columbia Tools,,,,,,,,,NOT_A_PRICE_OWNER,false,false
variation,ICA2-1,"Columbia Billet Mud Applicator - Inside Corner - 2 Wheels - 1""",Columbia Tools,COL-BILLET-MUD-APPLICATOR,39.41,39.41,TSW,Columbia Tools,ICA21,39.41,brand_scoped_exact_identifier,SOURCE_VERIFIED_MATCH,true,true
variation,ICA4-1,"Columbia Billet Mud Applicator - Inside Corner - 4 Wheels - 1""",Columbia Tools,COL-BILLET-MUD-APPLICATOR,50.51,50.51,TSW,Columbia Tools,ICA41,50.51,brand_scoped_exact_identifier,SOURCE_VERIFIED_MATCH,true,true
variation,ICATW,Columbia Billet Mud Applicator - Two-Way Internal Corner - 4 Wheels,Columbia Tools,COL-BILLET-MUD-APPLICATOR,66.51,66.51,TSW,Columbia Tools,ICATW,66.51,brand_scoped_exact_identifier,SOURCE_VERIFIED_MATCH,true,true
variation,CEXT90,Columbia Billet Mud Applicator - External 90,Columbia Tools,COL-BILLET-MUD-APPLICATOR,78.82,78.82,TSW,Columbia Tools,CEXT90,78.82,brand_scoped_exact_identifier,SOURCE_VERIFIED_MATCH,true,true
variation,CFLT,Columbia Billet Mud Applicator - Flat,Columbia Tools,COL-BILLET-MUD-APPLICATOR,48.04,48.04,TSW,Columbia Tools,CFLT,48.04,brand_scoped_exact_identifier,SOURCE_VERIFIED_MATCH,true,true
variable,COL-UHMW-MUD-APPLICATOR,Columbia UHMW Mud Applicator,Columbia Tools,,,,,,,,,NOT_A_PRICE_OWNER,false,false
variation,FMH,Columbia UHMW Mud Applicator - L-Trim,Columbia Tools,COL-UHMW-MUD-APPLICATOR,60.09,60.09,TSW,Columbia Tools,FMH,60.09,brand_scoped_exact_identifier,SOURCE_VERIFIED_MATCH,true,true
variation,IA90,Columbia UHMW Mud Applicator - Inside 90°,Columbia Tools,COL-UHMW-MUD-APPLICATOR,60.09,60.09,TSW,Columbia Tools,IA90,60.09,brand_scoped_exact_identifier,SOURCE_VERIFIED_MATCH,true,true
variation,OA90,Columbia UHMW Mud Applicator - Outside 90°,Columbia Tools,COL-UHMW-MUD-APPLICATOR,60.09,60.09,TSW,Columbia Tools,OA90,60.09,brand_scoped_exact_identifier,SOURCE_VERIFIED_MATCH,true,true
variation,OA90-325,Columbia UHMW Mud Applicator - Outside 90° 325,Columbia Tools,COL-UHMW-MUD-APPLICATOR,58.01,58.01,,,,,,EXISTING_COST_NOT_MATCHED_TO_INSPECTED_SOURCES,false,false
variable,COL-AUTOMATIC-TAPER,Columbia Automatic Taper,Columbia Tools,,,,,,,,,NOT_A_PRICE_OWNER,false,false
variation,TAPER,"Columbia Automatic Taper - Standard 53""",Columbia Tools,COL-AUTOMATIC-TAPER,1166.49,1166.49,TSW,Columbia Tools,TAPER,1166.49,brand_scoped_exact_identifier,SOURCE_VERIFIED_MATCH,true,true
variation,STAPER,"Columbia Automatic Taper - Sawed Off 39""",Columbia Tools,COL-AUTOMATIC-TAPER,1166.49,1166.49,TSW,Columbia Tools,STAPER,1166.49,brand_scoped_exact_identifier,SOURCE_VERIFIED_MATCH,true,true
simple,PTAPER,Columbia One Predator Taper,Columbia Tools,,1458.91,1458.91,TSW,Columbia Tools,PTAPER,1458.91,brand_scoped_exact_identifier,SOURCE_VERIFIED_MATCH,true,true
variable,COL-CAM-LOCK-TUBE,Columbia Cam Lock Tube,Columbia Tools,,,,,,,,,NOT_A_PRICE_OWNER,false,false
variation,CLT24,"Columbia Cam Lock Tube - 24""",Columbia Tools,COL-CAM-LOCK-TUBE,189.66,189.66,TSW,Columbia Tools,CLT24,189.66,brand_scoped_exact_identifier,SOURCE_VERIFIED_MATCH,true,true
variation,CLT32,"Columbia Cam Lock Tube - 32""",Columbia Tools,COL-CAM-LOCK-TUBE,195.80,195.80,TSW,Columbia Tools,CLT32,195.80,brand_scoped_exact_identifier,SOURCE_VERIFIED_MATCH,true,true
variation,CLT42,"Columbia Cam Lock Tube - 42""",Columbia Tools,COL-CAM-LOCK-TUBE,208.13,208.13,TSW,Columbia Tools,CLT42,208.13,brand_scoped_exact_identifier,SOURCE_VERIFIED_MATCH,true,true
variation,CLT55,"Columbia Cam Lock Tube - 55""",Columbia Tools,COL-CAM-LOCK-TUBE,215.52,215.52,TSW,Columbia Tools,CLT55,215.52,brand_scoped_exact_identifier,SOURCE_VERIFIED_MATCH,true,true
variable,COL-COMPOUND-TUBE,Columbia Compound Tube,Columbia Tools,,,,,,,,,NOT_A_PRICE_OWNER,false,false
variation,CMT24,"Columbia Compound Tube - 24""",Columbia Tools,COL-COMPOUND-TUBE,128.07,128.07,TSW,Columbia Tools,CMT24,128.07,brand_scoped_exact_identifier,SOURCE_VERIFIED_MATCH,true,true
variation,CMT32,"Columbia Compound Tube - 32""",Columbia Tools,COL-COMPOUND-TUBE,134.24,134.24,TSW,Columbia Tools,CMT32,134.24,brand_scoped_exact_identifier,SOURCE_VERIFIED_MATCH,true,true
variation,CMT42,"Columbia Compound Tube - 42""",Columbia Tools,COL-COMPOUND-TUBE,146.56,146.56,TSW,Columbia Tools,CMT42,146.56,brand_scoped_exact_identifier,SOURCE_VERIFIED_MATCH,true,true
variation,CMT55,"Columbia Compound Tube - 55""",Columbia Tools,COL-COMPOUND-TUBE,153.95,153.95,TSW,Columbia Tools,CMT55,153.95,brand_scoped_exact_identifier,SOURCE_VERIFIED_MATCH,true,true
simple,PCLT42,Columbia Predator Camlock Tube,Columbia Tools,,242.69,242.69,TSW,Columbia Tools,PCLT42,242.69,brand_scoped_exact_identifier,SOURCE_VERIFIED_MATCH,true,true
simple,PCMT42,"Columbia Predator Compound Tube 42""",Columbia Tools,,181.28,181.28,TSW,Columbia Tools,PCMT42,181.28,brand_scoped_exact_identifier,SOURCE_VERIFIED_MATCH,true,true
variable,COL-THROTTLE-CORNER-FLUSHER-BOX,Columbia Throttle Corner Flusher Box,Columbia Tools,,,,,,,,,NOT_A_PRICE_OWNER,false,false
variation,7CFB,"Columbia Throttle Corner Flusher Box - 7""",Columbia Tools,COL-THROTTLE-CORNER-FLUSHER-BOX,210.29,210.29,TSW,Columbia Tools,7CFB,210.29,brand_scoped_exact_identifier,SOURCE_VERIFIED_MATCH,true,true
variation,8CFB,"Columbia Throttle Corner Flusher Box - 8""",Columbia Tools,COL-THROTTLE-CORNER-FLUSHER-BOX,227.37,227.37,TSW,Columbia Tools,8CFB,227.37,brand_scoped_exact_identifier,SOURCE_VERIFIED_MATCH,true,true
variable,COL-ANGLE-HEAD,Columbia Angle Head,Columbia Tools,,,,,,,,,NOT_A_PRICE_OWNER,false,false
variation,2AH,"Columbia Angle Head - 2""",Columbia Tools,COL-ANGLE-HEAD,268.93,268.93,TSW,Columbia Tools,2AH,268.93,brand_scoped_exact_identifier,SOURCE_VERIFIED_MATCH,true,true
variation,2.5AH,"Columbia Angle Head - 2.5""",Columbia Tools,COL-ANGLE-HEAD,277.45,277.45,TSW,Columbia Tools,25AH,277.45,brand_scoped_exact_identifier,SOURCE_VERIFIED_MATCH,true,true
variation,3AH,"Columbia Angle Head - 3""",Columbia Tools,COL-ANGLE-HEAD,285.99,285.99,TSW,Columbia Tools,3AH,285.99,brand_scoped_exact_identifier,SOURCE_VERIFIED_MATCH,true,true
variation,3.5AH,"Columbia Angle Head - 3.5""",Columbia Tools,COL-ANGLE-HEAD,320.14,320.14,TSW,Columbia Tools,35AH,320.14,brand_scoped_exact_identifier,SOURCE_VERIFIED_MATCH,true,true
variable,COL-COMBO-FLUSHER,Columbia Combo Flusher,Columbia Tools,,,,,,,,,NOT_A_PRICE_OWNER,false,false
variation,2.5CSF,"Columbia Combo Flusher - 2.5""",Columbia Tools,COL-COMBO-FLUSHER,117.01,117.01,TSW,Columbia Tools,25CSF,117.01,brand_scoped_exact_identifier,SOURCE_VERIFIED_MATCH,true,true
variation,3CSF,"Columbia Combo Flusher - 3""",Columbia Tools,COL-COMBO-FLUSHER,120.69,120.69,TSW,Columbia Tools,3CSF,120.69,brand_scoped_exact_identifier,SOURCE_VERIFIED_MATCH,true,true
variation,3WTCSF,"Columbia Combo Flusher - 3"" Widetrack",Columbia Tools,COL-COMBO-FLUSHER,120.69,120.69,,,,,,EXISTING_COST_NOT_MATCHED_TO_INSPECTED_SOURCES,false,false
variation,3.5CSF,"Columbia Combo Flusher - 3.5""",Columbia Tools,COL-COMBO-FLUSHER,124.38,124.38,TSW,Columbia Tools,35CSF,124.38,brand_scoped_exact_identifier,SOURCE_VERIFIED_MATCH,true,true
variable,COL-DIRECT-FLUSHER,Columbia Direct Flusher,Columbia Tools,,,,,,,,,NOT_A_PRICE_OWNER,false,false
variation,2.5DF,"Columbia Direct Flusher - 2.5""",Columbia Tools,COL-DIRECT-FLUSHER,76.37,76.37,TSW,Columbia Tools,25DF,76.37,brand_scoped_exact_identifier,SOURCE_VERIFIED_MATCH,true,true
variation,3DF,"Columbia Direct Flusher - 3""",Columbia Tools,COL-DIRECT-FLUSHER,78.82,78.82,TSW,Columbia Tools,3DF,78.82,brand_scoped_exact_identifier,SOURCE_VERIFIED_MATCH,true,true
variation,3WTDF,"Columbia Direct Flusher - 3"" Widetrack",Columbia Tools,COL-DIRECT-FLUSHER,81.28,81.28,TSW,Columbia Tools,3WTDF,81.28,brand_scoped_exact_identifier,SOURCE_VERIFIED_MATCH,true,true
variation,3.5DF,"Columbia Direct Flusher - 3.5""",Columbia Tools,COL-DIRECT-FLUSHER,83.75,83.75,TSW,Columbia Tools,35DF,83.75,brand_scoped_exact_identifier,SOURCE_VERIFIED_MATCH,true,true
variation,4DF,"Columbia Direct Flusher - 4""",Columbia Tools,COL-DIRECT-FLUSHER,87.44,87.44,TSW,Columbia Tools,4DF,87.44,brand_scoped_exact_identifier,SOURCE_VERIFIED_MATCH,true,true
variable,COL-STANDARD-FLUSHER,Columbia Standard Flusher,Columbia Tools,,,,,,,,,NOT_A_PRICE_OWNER,false,false
variation,2.5SF,"Columbia Standard Flusher - 2.5""",Columbia Tools,COL-STANDARD-FLUSHER,70.20,70.20,TSW,Columbia Tools,25SF,70.20,brand_scoped_exact_identifier,SOURCE_VERIFIED_MATCH,true,true
variation,3SF,"Columbia Standard Flusher - 3""",Columbia Tools,COL-STANDARD-FLUSHER,73.91,73.91,TSW,Columbia Tools,3SF,73.91,brand_scoped_exact_identifier,SOURCE_VERIFIED_MATCH,true,true
variation,3WTSF,"Columbia Standard Flusher - 3"" Widetrack",Columbia Tools,COL-STANDARD-FLUSHER,75.12,75.12,TSW,Columbia Tools,3WTSF,75.12,brand_scoped_exact_identifier,SOURCE_VERIFIED_MATCH,true,true
variation,3.5SF,"Columbia Standard Flusher - 3.5""",Columbia Tools,COL-STANDARD-FLUSHER,77.59,77.59,TSW,Columbia Tools,35SF,77.59,brand_scoped_exact_identifier,SOURCE_VERIFIED_MATCH,true,true
variation,4SF,"Columbia Standard Flusher - 4""",Columbia Tools,COL-STANDARD-FLUSHER,68.25,68.25,,,,,,EXISTING_COST_NOT_MATCHED_TO_INSPECTED_SOURCES,false,false
simple,CC,Columbia Corner Cobra,Columbia Tools,,245.62,245.62,TSW,Columbia Tools,CC,245.62,brand_scoped_exact_identifier,SOURCE_VERIFIED_MATCH,true,true
simple,CR,Columbia Corner Roller,Columbia Tools,,104.43,104.43,TSW,Columbia Tools,CR,104.43,brand_scoped_exact_identifier,SOURCE_VERIFIED_MATCH,true,true
variable,COL-OUTSIDE-CORNER-ROLLER,Columbia Outside Corner Roller,Columbia Tools,,,,,,,,,NOT_A_PRICE_OWNER,false,false
variation,COBCR,Columbia Outside Corner Roller - Standard,Columbia Tools,COL-OUTSIDE-CORNER-ROLLER,52.97,52.97,TSW,Columbia Tools,COBCR,52.97,brand_scoped_exact_identifier,SOURCE_VERIFIED_MATCH,true,true
variation,CBNCR,Columbia Outside Corner Roller - Bullnose,Columbia Tools,COL-OUTSIDE-CORNER-ROLLER,55.12,55.12,TSW,Columbia Tools,CBNCR,55.12,brand_scoped_exact_identifier,SOURCE_VERIFIED_MATCH,true,true
variation,COBCRE,Columbia Outside Corner Roller - European,Columbia Tools,COL-OUTSIDE-CORNER-ROLLER,52.97,52.97,,,,,,EXISTING_COST_NOT_MATCHED_TO_INSPECTED_SOURCES,false,false
variation,COBCRW,Columbia Outside Corner Roller - Wide,Columbia Tools,COL-OUTSIDE-CORNER-ROLLER,55.12,55.12,TSW,Columbia Tools,COBCRW,55.12,brand_scoped_exact_identifier,SOURCE_VERIFIED_MATCH,true,true
variable,COL-AUTOMATIC-FAT-BOY-BOX,Columbia Automatic Fat Boy Box,Columbia Tools,,,,,,,,,NOT_A_PRICE_OWNER,false,false
variation,8FBBA,"Columbia Automatic Fat Boy Box - 8""",Columbia Tools,COL-AUTOMATIC-FAT-BOY-BOX,313.52,313.52,TSW,Columbia Tools,8FBBA,313.52,brand_scoped_exact_identifier,SOURCE_VERIFIED_MATCH,true,true
variation,10FBBA,"Columbia Automatic Fat Boy Box - 10""",Columbia Tools,COL-AUTOMATIC-FAT-BOY-BOX,317.93,317.93,TSW,Columbia Tools,10FBBA,317.93,brand_scoped_exact_identifier,SOURCE_VERIFIED_MATCH,true,true
variation,12FBBA,"Columbia Automatic Fat Boy Box - 12""",Columbia Tools,COL-AUTOMATIC-FAT-BOY-BOX,324.25,324.25,TSW,Columbia Tools,12FBBA,324.25,brand_scoped_exact_identifier,SOURCE_VERIFIED_MATCH,true,true
variable,COL-AUTOMATIC-FLAT-BOX,Columbia Automatic Flat Box,Columbia Tools,,,,,,,,,NOT_A_PRICE_OWNER,false,false
variation,8FFBA,"Columbia Automatic Flat Box - 8""",Columbia Tools,COL-AUTOMATIC-FLAT-BOX,281.39,281.39,TSW,Columbia Tools,8FFBA,281.39,brand_scoped_exact_identifier,SOURCE_VERIFIED_MATCH,true,true
variation,10FFBA,"Columbia Automatic Flat Box - 10""",Columbia Tools,COL-AUTOMATIC-FLAT-BOX,283.00,283.00,TSW,Columbia Tools,10FFBA,283.00,brand_scoped_exact_identifier,SOURCE_VERIFIED_MATCH,true,true
variation,12FFBA,"Columbia Automatic Flat Box - 12""",Columbia Tools,COL-AUTOMATIC-FLAT-BOX,287.07,287.07,TSW,Columbia Tools,12FFBA,287.07,brand_scoped_exact_identifier,SOURCE_VERIFIED_MATCH,true,true
variation,14FFBA,"Columbia Automatic Flat Box - 14""",Columbia Tools,COL-AUTOMATIC-FLAT-BOX,289.14,289.14,TSW,Columbia Tools,14FFBA,289.14,brand_scoped_exact_identifier,SOURCE_VERIFIED_MATCH,true,true
variable,COL-FAT-BOY-FLAT-BOX,Columbia Fat Boy Flat Box,Columbia Tools,,,,,,,,,NOT_A_PRICE_OWNER,false,false
variation,5.5FBB,"Columbia Fat Boy Flat Box - 5.5""",Columbia Tools,COL-FAT-BOY-FLAT-BOX,269.07,269.07,TSW,Columbia Tools,55FBB,269.07,brand_scoped_exact_identifier,SOURCE_VERIFIED_MATCH,true,true
variation,8FBB,"Columbia Fat Boy Flat Box - 8""",Columbia Tools,COL-FAT-BOY-FLAT-BOX,285.99,285.99,TSW,Columbia Tools,8FBB,285.99,brand_scoped_exact_identifier,SOURCE_VERIFIED_MATCH,true,true
variation,10FBB,"Columbia Fat Boy Flat Box - 10""",Columbia Tools,COL-FAT-BOY-FLAT-BOX,294.51,294.51,TSW,Columbia Tools,10FBB,294.51,brand_scoped_exact_identifier,SOURCE_VERIFIED_MATCH,true,true
variation,12FBB,"Columbia Fat Boy Flat Box - 12""",Columbia Tools,COL-FAT-BOY-FLAT-BOX,303.46,303.46,TSW,Columbia Tools,12FBB,303.46,brand_scoped_exact_identifier,SOURCE_VERIFIED_MATCH,true,true
variable,COL-FLAT-FINISHER-BOX,Columbia Flat Finisher Box,Columbia Tools,,,,,,,,,NOT_A_PRICE_OWNER,false,false
variation,5.5FFB,"Columbia Flat Finisher Box - 5.5""",Columbia Tools,COL-FLAT-FINISHER-BOX,252.99,252.99,TSW,Columbia Tools,55FFB,252.99,brand_scoped_exact_identifier,SOURCE_VERIFIED_MATCH,true,true
variation,7FFB,"Columbia Flat Finisher Box - 7""",Columbia Tools,COL-FLAT-FINISHER-BOX,255.24,255.24,TSW,Columbia Tools,7FFB,255.24,brand_scoped_exact_identifier,SOURCE_VERIFIED_MATCH,true,true
variation,8FFB,"Columbia Flat Finisher Box - 8""",Columbia Tools,COL-FLAT-FINISHER-BOX,256.12,256.12,TSW,Columbia Tools,8FFB,256.12,brand_scoped_exact_identifier,SOURCE_VERIFIED_MATCH,true,true
variation,10FFB,"Columbia Flat Finisher Box - 10""",Columbia Tools,COL-FLAT-FINISHER-BOX,257.82,257.82,TSW,Columbia Tools,10FFB,257.82,brand_scoped_exact_identifier,SOURCE_VERIFIED_MATCH,true,true
variation,12FFB,"Columbia Flat Finisher Box - 12""",Columbia Tools,COL-FLAT-FINISHER-BOX,262.08,262.08,TSW,Columbia Tools,12FFB,262.08,brand_scoped_exact_identifier,SOURCE_VERIFIED_MATCH,true,true
variation,14FFB,"Columbia Flat Finisher Box - 14""",Columbia Tools,COL-FLAT-FINISHER-BOX,264.05,264.05,TSW,Columbia Tools,14FFB,264.05,brand_scoped_exact_identifier,SOURCE_VERIFIED_MATCH,true,true
variable,COL-180-GRIP-FLAT-BOX-HANDLE,Columbia 180° Grip Flat Box Handle,Columbia Tools,,,,,,,,,NOT_A_PRICE_OWNER,false,false
variation,3BH,Columbia 180° Grip Flat Box Handle - 3',Columbia Tools,COL-180-GRIP-FLAT-BOX-HANDLE,127.21,127.21,TSW,Columbia Tools,3BH,127.21,brand_scoped_exact_identifier,SOURCE_VERIFIED_MATCH,true,true
variation,42BH,"Columbia 180° Grip Flat Box Handle - 42""",Columbia Tools,COL-180-GRIP-FLAT-BOX-HANDLE,128.92,128.92,TSW,Columbia Tools,42BH,128.92,brand_scoped_exact_identifier,SOURCE_VERIFIED_MATCH,true,true
variation,4BH,Columbia 180° Grip Flat Box Handle - 4',Columbia Tools,COL-180-GRIP-FLAT-BOX-HANDLE,130.59,130.59,TSW,Columbia Tools,4BH,130.59,brand_scoped_exact_identifier,SOURCE_VERIFIED_MATCH,true,true
variation,5BH,Columbia 180° Grip Flat Box Handle - 5',Columbia Tools,COL-180-GRIP-FLAT-BOX-HANDLE,132.32,132.32,TSW,Columbia Tools,5BH,132.32,brand_scoped_exact_identifier,SOURCE_VERIFIED_MATCH,true,true
variation,6BH,Columbia 180° Grip Flat Box Handle - 6',Columbia Tools,COL-180-GRIP-FLAT-BOX-HANDLE,134.04,134.04,TSW,Columbia Tools,6BH,134.04,brand_scoped_exact_identifier,SOURCE_VERIFIED_MATCH,true,true
simple,CMH,Columbia Closet Monster Handle,Columbia Tools,,83.83,83.83,TSW,Columbia Tools,CMH,83.83,brand_scoped_exact_identifier,SOURCE_VERIFIED_MATCH,true,true
variable,COL-MATRIX-FLAT-BOX-HANDLE,Columbia Matrix Flat Box Handle,Columbia Tools,,,,,,,,,NOT_A_PRICE_OWNER,false,false
variation,MHS,"Columbia Matrix Flat Box Handle - 29""-39""",Columbia Tools,COL-MATRIX-FLAT-BOX-HANDLE,221.07,221.07,TSW,Columbia Tools,MHS,221.07,brand_scoped_exact_identifier,SOURCE_VERIFIED_MATCH,true,true
variation,MH,"Columbia Matrix Flat Box Handle - 40""-60""",Columbia Tools,COL-MATRIX-FLAT-BOX-HANDLE,232.76,232.76,TSW,Columbia Tools,MH,232.76,brand_scoped_exact_identifier,SOURCE_VERIFIED_MATCH,true,true
variation,MHL,"Columbia Matrix Flat Box Handle - 56""-76""",Columbia Tools,COL-MATRIX-FLAT-BOX-HANDLE,256.15,256.15,TSW,Columbia Tools,MHL,256.15,brand_scoped_exact_identifier,SOURCE_VERIFIED_MATCH,true,true
variable,COL-ONE-HANDLE,Columbia One Handle,Columbia Tools,,,,,,,,,NOT_A_PRICE_OWNER,false,false
variation,C1HEXT,Columbia One Handle - Extendable 3'-5',Columbia Tools,COL-ONE-HANDLE,92.10,92.10,TSW,Columbia Tools,C1HEXT,92.10,brand_scoped_exact_identifier,SOURCE_VERIFIED_MATCH,true,true
variation,CHXL,Columbia One Handle - Long Extendable 4'-8',Columbia Tools,COL-ONE-HANDLE,118.65,118.65,TSW,Columbia Tools,CHXL,118.65,brand_scoped_exact_identifier,SOURCE_VERIFIED_MATCH,true,true
variation,C1HS,Columbia One Handle - Stubby,Columbia Tools,COL-ONE-HANDLE,26,26,,,,,,EXISTING_COST_NOT_MATCHED_TO_INSPECTED_SOURCES,false,false
variation,C1H,Columbia One Handle - Fixed,Columbia Tools,COL-ONE-HANDLE,27.90,27.90,TSW,Columbia Tools,C1H,27.90,brand_scoped_exact_identifier,SOURCE_VERIFIED_MATCH,true,true
variable,COL-PREDATOR-MATRIX-HANDLE,Columbia Predator Matrix Handle,Columbia Tools,,,,,,,,,NOT_A_PRICE_OWNER,false,false
variation,PMHS,"Columbia Predator Matrix Handle - Short 29""-39""",Columbia Tools,COL-PREDATOR-MATRIX-HANDLE,250.07,250.07,TSW,Columbia Tools,PMHS,250.07,brand_scoped_exact_identifier,SOURCE_VERIFIED_MATCH,true,true
variation,PMH,"Columbia Predator Matrix Handle - 40""-60""",Columbia Tools,COL-PREDATOR-MATRIX-HANDLE,256.05,256.05,TSW,Columbia Tools,PMH,256.05,brand_scoped_exact_identifier,SOURCE_VERIFIED_MATCH,true,true
variation,PMHL,"Columbia Predator Matrix Handle - Long 56""-76""",Columbia Tools,COL-PREDATOR-MATRIX-HANDLE,285.59,285.59,TSW,Columbia Tools,PMHL,285.59,brand_scoped_exact_identifier,SOURCE_VERIFIED_MATCH,true,true
variable,COL-PREDATOR-ONE-HANDLE,Columbia Predator One Handle,Columbia Tools,,,,,,,,,NOT_A_PRICE_OWNER,false,false
variation,PC1HEXT,Columbia Predator One Handle - Extendable 3'-5',Columbia Tools,COL-PREDATOR-ONE-HANDLE,115.39,115.39,TSW,Columbia Tools,PC1HEXT,115.39,brand_scoped_exact_identifier,SOURCE_VERIFIED_MATCH,true,true
variation,PC1H,Columbia Predator One Handle - 4' Fixed,Columbia Tools,COL-PREDATOR-ONE-HANDLE,57.33,57.33,TSW,Columbia Tools,PC1H,57.33,brand_scoped_exact_identifier,SOURCE_VERIFIED_MATCH,true,true
variation,PCHXL,Columbia Predator One Handle - Long Extendable 4'-8',Columbia Tools,COL-PREDATOR-ONE-HANDLE,142.51,142.51,TSW,Columbia Tools,PCHXL,142.51,brand_scoped_exact_identifier,SOURCE_VERIFIED_MATCH,true,true
variable,COL-HOT-MUD-PUMP,Columbia Hot Mud Pump,Columbia Tools,,,,,,,,,NOT_A_PRICE_OWNER,false,false
variation,HMP,Columbia Hot Mud Pump - Standard,Columbia Tools,COL-HOT-MUD-PUMP,277.45,277.45,TSW,Columbia Tools,HMP,277.45,brand_scoped_exact_identifier,SOURCE_VERIFIED_MATCH,true,true
variation,TBMP,Columbia Hot Mud Pump - Tall Boy,Columbia Tools,COL-HOT-MUD-PUMP,367.22,367.22,TSW,Columbia Tools,TBMP,367.22,brand_scoped_exact_identifier,SOURCE_VERIFIED_MATCH,true,true
variation,HMP-C,Columbia Hot Mud Pump - CDN,Columbia Tools,COL-HOT-MUD-PUMP,247,247,,,,,,EXISTING_COST_NOT_MATCHED_TO_INSPECTED_SOURCES,false,false
simple,CPFP,Columbia PowerFill 3.5 Pro Series Cordless Loading Pump,Columbia Tools,,990.71,990.71,TSW,Columbia Tools,CPFP,990.71,brand_scoped_exact_identifier,SOURCE_VERIFIED_MATCH,true,true
simple,PHMP,Columbia Predator Mud Pump,Columbia Tools,,327.49,327.49,TSW,Columbia Tools,PHMP,327.49,brand_scoped_exact_identifier,SOURCE_VERIFIED_MATCH,true,true
variable,COL-NAIL-SPOTTER,Columbia Nail Spotter,Columbia Tools,,,,,,,,,NOT_A_PRICE_OWNER,false,false
variation,2NS,"Columbia Nail Spotter - 2""",Columbia Tools,COL-NAIL-SPOTTER,189.80,189.80,TSW,Columbia Tools,2NS,189.80,brand_scoped_exact_identifier,SOURCE_VERIFIED_MATCH,true,true
variation,3NS,"Columbia Nail Spotter - 3""",Columbia Tools,COL-NAIL-SPOTTER,198.35,198.35,TSW,Columbia Tools,3NS,198.35,brand_scoped_exact_identifier,SOURCE_VERIFIED_MATCH,true,true
simple,SAT,Columbia Semi Automatic Taper,Columbia Tools,,166.26,166.26,TSW,Columbia Tools,SAT,166.26,brand_scoped_exact_identifier,SOURCE_VERIFIED_MATCH,true,true
simple,SACS,Columbia Commando Set,Columbia Tools,,718.35,718.35,TSW,Columbia Tools,SACS,718.35,brand_scoped_exact_identifier,SOURCE_VERIFIED_MATCH,true,true
simple,RC,Columbia Road Case,Columbia Tools,,658.08,658.08,TSW,Columbia Tools,RC,658.08,brand_scoped_exact_identifier,SOURCE_VERIFIED_MATCH,true,true
simple,TCS,Columbia Semi-Automatic Tool Case,Columbia Tools,,138.38,138.38,TSW,Columbia Tools,TCS,138.38,brand_scoped_exact_identifier,SOURCE_VERIFIED_MATCH,true,true
variable,DS-DURA-III,Dura-III Adjustable,Dura-Stilts,,,,,,,,,NOT_A_PRICE_OWNER,false,false
variation,DSS1422US,Dura-III Adjustable - 14”-22”,Dura-Stilts,DS-DURA-III,281.25,281.25,TSW,Dura-Stilts,1422US,281.25,exact_tsw_supplier_sku_crosswalk,SOURCE_VERIFIED_MATCH,true,true
variation,DSS1830US,Dura-III Adjustable - 18”-30”,Dura-Stilts,DS-DURA-III,298.75,298.75,TSW,Dura-Stilts,1830US,298.75,exact_tsw_supplier_sku_crosswalk,SOURCE_VERIFIED_MATCH,true,true
variation,DSS2440US,Dura-III Adjustable - 24”-40”,Dura-Stilts,DS-DURA-III,315.00,315.00,TSW,Dura-Stilts,2440US,315.00,exact_tsw_supplier_sku_crosswalk,SOURCE_VERIFIED_MATCH,true,true
variation,DSS3864US,Dura-III Adjustable - 38”-64”,Dura-Stilts,DS-DURA-III,,315,,,,,,BRIKPANEL_ONLY_UNVERIFIED,false,false
simple,4-715,LEVEL5 Box Filler,LEVEL5,,47.3,47.3,LEVEL5,LEVEL5,4-715,47.30,brand_scoped_exact_sku,SOURCE_VERIFIED_MATCH,true,true
simple,4-714,LEVEL5 Gooseneck,LEVEL5,,70.8,70.8,LEVEL5,LEVEL5,4-714,70.80,brand_scoped_exact_sku,SOURCE_VERIFIED_MATCH,true,true
simple,4-760,LEVEL5 Automatic Taper,LEVEL5,,1011.49,1011.49,LEVEL5,LEVEL5,4-760,1011.49,brand_scoped_exact_sku,SOURCE_VERIFIED_MATCH,true,true
simple,4-741,LEVEL5 Compound Tube,LEVEL5,,142.69,142.69,LEVEL5,LEVEL5,4-741,142.69,brand_scoped_exact_sku,SOURCE_VERIFIED_MATCH,true,true
variable,LV5-CORNER-APPLICATOR,LEVEL5 Corner Applicator,LEVEL5,,,,,,,,,NOT_A_PRICE_OWNER,false,false
variation,4-701,LEVEL5 Corner Applicator - 7”,LEVEL5,LV5-CORNER-APPLICATOR,199.91,199.91,LEVEL5,LEVEL5,4-701,199.91,brand_scoped_exact_sku,SOURCE_VERIFIED_MATCH,true,true
variation,4-702,LEVEL5 Corner Applicator - 8”,LEVEL5,LV5-CORNER-APPLICATOR,206.16,206.16,LEVEL5,LEVEL5,4-702,206.16,brand_scoped_exact_sku,SOURCE_VERIFIED_MATCH,true,true
variable,LV5-CORNER-FINISHER,LEVEL5 Corner Finisher,LEVEL5,,,,,,,,,NOT_A_PRICE_OWNER,false,false
variation,4-732,LEVEL5 Corner Finisher - 2.5”,LEVEL5,LV5-CORNER-FINISHER,278.16,278.16,LEVEL5,LEVEL5,4-732,278.16,brand_scoped_exact_sku,SOURCE_VERIFIED_MATCH,true,true
variation,4-733,LEVEL5 Corner Finisher - 3”,LEVEL5,LV5-CORNER-FINISHER,284.7,284.7,LEVEL5,LEVEL5,4-733,284.70,brand_scoped_exact_sku,SOURCE_VERIFIED_MATCH,true,true
variation,4-734,LEVEL5 Corner Finisher - 3.5”,LEVEL5,LV5-CORNER-FINISHER,291.25,291.25,LEVEL5,LEVEL5,4-734,291.25,brand_scoped_exact_sku,SOURCE_VERIFIED_MATCH,true,true
variation,4-735,LEVEL5 Corner Finisher - 4”,LEVEL5,LV5-CORNER-FINISHER,297.79,297.79,LEVEL5,LEVEL5,4-735,297.79,brand_scoped_exact_sku,SOURCE_VERIFIED_MATCH,true,true
variable,LV5-CORNER-FLUSHER,LEVEL5 Corner Flusher,LEVEL5,,,,,,,,,NOT_A_PRICE_OWNER,false,false
variation,4-743,LEVEL5 Corner Flusher - 3”,LEVEL5,LV5-CORNER-FLUSHER,90.08,90.08,LEVEL5,LEVEL5,4-743,90.08,brand_scoped_exact_sku,SOURCE_VERIFIED_MATCH,true,true
variation,4-744,LEVEL5 Corner Flusher - 3.5”,LEVEL5,LV5-CORNER-FLUSHER,92.92,92.92,LEVEL5,LEVEL5,4-744,92.92,brand_scoped_exact_sku,SOURCE_VERIFIED_MATCH,true,true
simple,4-707,LEVEL5 Corner Roller,LEVEL5,,106.5,106.5,LEVEL5,LEVEL5,4-707,106.50,brand_scoped_exact_sku,SOURCE_VERIFIED_MATCH,true,true
simple,4-746,LEVEL5 Outside Corner Tool,LEVEL5,,51.76,51.76,LEVEL5,LEVEL5,4-746,51.76,brand_scoped_exact_sku,SOURCE_VERIFIED_MATCH,true,true
variable,LV5-FLAT-BOX-MEGA,LEVEL5 Flat Box (MEGA),LEVEL5,,,,,,,,,NOT_A_PRICE_OWNER,false,false
variation,4-767,LEVEL5 Flat Box (MEGA) - 7”,LEVEL5,LV5-FLAT-BOX-MEGA,279.05,279.05,LEVEL5,LEVEL5,4-767,279.05,brand_scoped_exact_sku,SOURCE_VERIFIED_MATCH,true,true
variation,4-768,LEVEL5 Flat Box (MEGA) - 10”,LEVEL5,LV5-FLAT-BOX-MEGA,285.59,285.59,LEVEL5,LEVEL5,4-768,285.59,brand_scoped_exact_sku,SOURCE_VERIFIED_MATCH,true,true
variation,4-769,LEVEL5 Flat Box (MEGA) - 12”,LEVEL5,LV5-FLAT-BOX-MEGA,295.41,295.41,LEVEL5,LEVEL5,4-769,295.41,brand_scoped_exact_sku,SOURCE_VERIFIED_MATCH,true,true
variable,LV5-FLAT-BOX-STANDARD,LEVEL5 Flat Box (Standard),LEVEL5,,,,,,,,,NOT_A_PRICE_OWNER,false,false
variation,4-764,LEVEL5 Flat Box (Standard) - 7”,LEVEL5,LV5-FLAT-BOX-STANDARD,265.66,265.66,LEVEL5,LEVEL5,4-764,265.66,brand_scoped_exact_sku,SOURCE_VERIFIED_MATCH,true,true
variation,4-765,LEVEL5 Flat Box (Standard) - 10”,LEVEL5,LV5-FLAT-BOX-STANDARD,272.21,272.21,LEVEL5,LEVEL5,4-765,272.21,brand_scoped_exact_sku,SOURCE_VERIFIED_MATCH,true,true
variation,4-766,LEVEL5 Flat Box (Standard) - 12”,LEVEL5,LV5-FLAT-BOX-STANDARD,279.05,279.05,LEVEL5,LEVEL5,4-766,279.05,brand_scoped_exact_sku,SOURCE_VERIFIED_MATCH,true,true
variation,4-770,LEVEL5 Flat Box (Standard) - 14”,LEVEL5,LV5-FLAT-BOX-STANDARD,288.87,288.87,LEVEL5,LEVEL5,4-770,288.87,brand_scoped_exact_sku,SOURCE_VERIFIED_MATCH,true,true
simple,4-792,"LEVEL5 31""- 50"" Corner Roller/Nail Spotter Handle",LEVEL5,,125.53,125.53,LEVEL5,LEVEL5,4-792,125.53,brand_scoped_exact_sku,SOURCE_VERIFIED_MATCH,true,true
variable,LV5-FIXED-HANDLE-50,"LEVEL5 50"" Fixed Handle",LEVEL5,,,,,,,,,NOT_A_PRICE_OWNER,false,false
variation,4-778,"LEVEL5 50"" Fixed Handle - Corner Applicator",LEVEL5,LV5-FIXED-HANDLE-50,64.55,64.55,LEVEL5,LEVEL5,4-778,64.55,brand_scoped_exact_sku,SOURCE_VERIFIED_MATCH,true,true
variation,4-779,"LEVEL5 50"" Fixed Handle - Corner Finisher",LEVEL5,LV5-FIXED-HANDLE-50,64.55,64.55,LEVEL5,LEVEL5,4-779,64.55,brand_scoped_exact_sku,SOURCE_VERIFIED_MATCH,true,true
variable,LV5-CORNER-HANDLE-APPLICATOR-EXT,LEVEL5 Corner Applicator Handle (Extendable),LEVEL5,,,,,,,,,NOT_A_PRICE_OWNER,false,false
variation,4-794,LEVEL5 Corner Applicator Handle (Extendable) - 31”- 50”,LEVEL5,LV5-CORNER-HANDLE-APPLICATOR-EXT,122.56,122.56,LEVEL5,LEVEL5,4-794,122.56,brand_scoped_exact_sku,SOURCE_VERIFIED_MATCH,true,true
variation,4-798,LEVEL5 Corner Applicator Handle (Extendable) - 43”- 72”,LEVEL5,LV5-CORNER-HANDLE-APPLICATOR-EXT,135.65,135.65,LEVEL5,LEVEL5,4-798,135.65,brand_scoped_exact_sku,SOURCE_VERIFIED_MATCH,true,true
variable,LV5-CORNER-HANDLE-FINISHER-EXT,LEVEL5 Corner Finisher Handle (Extendable),LEVEL5,,,,,,,,,NOT_A_PRICE_OWNER,false,false
variation,4-795,LEVEL5 Corner Finisher Handle (Extendable) - 31”- 50”,LEVEL5,LV5-CORNER-HANDLE-FINISHER-EXT,130.89,130.89,LEVEL5,LEVEL5,4-795,130.89,brand_scoped_exact_sku,SOURCE_VERIFIED_MATCH,true,true
variation,4-799,LEVEL5 Corner Finisher Handle (Extendable) - 43”- 72”,LEVEL5,LV5-CORNER-HANDLE-FINISHER-EXT,143.98,143.98,LEVEL5,LEVEL5,4-799,143.98,brand_scoped_exact_sku,SOURCE_VERIFIED_MATCH,true,true
variable,LV5-CORNER-ROLLER-HANDLE,LEVEL5 Corner Roller Handle,LEVEL5,,,,,,,,,NOT_A_PRICE_OWNER,false,false
variation,5-777,"LEVEL5 Corner Roller Handle - 50""",LEVEL5,LV5-CORNER-ROLLER-HANDLE,58.49,58.49,,,,,,EXISTING_COST_NOT_MATCHED_TO_INSPECTED_SOURCES,false,false
variation,4-777,"LEVEL5 Corner Roller Handle - 54""",LEVEL5,LV5-CORNER-ROLLER-HANDLE,64.55,64.55,LEVEL5,LEVEL5,4-777,64.55,brand_scoped_exact_sku,SOURCE_VERIFIED_MATCH,true,true
variable,LV5-FLAT-BOX-HANDLE-EXT,LEVEL5 Flat Box Handle (Extendable),LEVEL5,,,,,,,,,NOT_A_PRICE_OWNER,false,false
variation,4-759,LEVEL5 Flat Box Handle (Extendable) - 48” - 78”,LEVEL5,LV5-FLAT-BOX-HANDLE-EXT,219.25,219.25,LEVEL5,LEVEL5,4-759,219.25,brand_scoped_exact_sku,SOURCE_VERIFIED_MATCH,true,true
variation,4-780,LEVEL5 Flat Box Handle (Extendable) - 40” - 62”,LEVEL5,LV5-FLAT-BOX-HANDLE-EXT,212.71,212.71,LEVEL5,LEVEL5,4-780,212.71,brand_scoped_exact_sku,SOURCE_VERIFIED_MATCH,true,true
variation,4-781,LEVEL5 Flat Box Handle (Extendable) - 30” - 42”,LEVEL5,LV5-FLAT-BOX-HANDLE-EXT,206.16,206.16,LEVEL5,LEVEL5,4-781,206.16,brand_scoped_exact_sku,SOURCE_VERIFIED_MATCH,true,true
variation,4-782,LEVEL5 Flat Box Handle (Extendable) - 23” - 32”,LEVEL5,LV5-FLAT-BOX-HANDLE-EXT,193.37,193.37,LEVEL5,LEVEL5,4-782,193.37,brand_scoped_exact_sku,SOURCE_VERIFIED_MATCH,true,true
variable,LV5-FLAT-BOX-HANDLE-FIXED,LEVEL5 Flat Box Handle (Fixed Length),LEVEL5,,,,,,,,,NOT_A_PRICE_OWNER,false,false
variation,4-711,LEVEL5 Flat Box Handle (Fixed Length) - 34”,LEVEL5,LV5-FLAT-BOX-HANDLE-FIXED,122.56,122.56,LEVEL5,LEVEL5,4-711,122.56,brand_scoped_exact_sku,SOURCE_VERIFIED_MATCH,true,true
variation,4-712,LEVEL5 Flat Box Handle (Fixed Length) - 42”,LEVEL5,LV5-FLAT-BOX-HANDLE-FIXED,128.81,128.81,LEVEL5,LEVEL5,4-712,128.81,brand_scoped_exact_sku,SOURCE_VERIFIED_MATCH,true,true
variation,4-740,LEVEL5 Flat Box Handle (Fixed Length) - 54”,LEVEL5,LV5-FLAT-BOX-HANDLE-FIXED,141.9,141.9,LEVEL5,LEVEL5,4-740,141.90,brand_scoped_exact_sku,SOURCE_VERIFIED_MATCH,true,true
simple,4-773,LEVEL5 MiniShot Ext. Handle,LEVEL5,,51.76,51.76,LEVEL5,LEVEL5,4-773,51.76,brand_scoped_exact_sku,SOURCE_VERIFIED_MATCH,true,true
simple,4-771,LEVEL5 Compound Pump,LEVEL5,,316.83,316.83,LEVEL5,LEVEL5,4-771,316.83,brand_scoped_exact_sku,SOURCE_VERIFIED_MATCH,true,true
variable,LV5-NAIL-SPOTTER,LEVEL5 Nail Spotter,LEVEL5,,,,,,,,,NOT_A_PRICE_OWNER,false,false
variation,4-754,LEVEL5 Nail Spotter - 2”,LEVEL5,LV5-NAIL-SPOTTER,189.8,189.8,LEVEL5,LEVEL5,4-754,189.80,brand_scoped_exact_sku,SOURCE_VERIFIED_MATCH,true,true
variation,4-755,LEVEL5 Nail Spotter - 3”,LEVEL5,LV5-NAIL-SPOTTER,202.89,202.89,LEVEL5,LEVEL5,4-755,202.89,brand_scoped_exact_sku,SOURCE_VERIFIED_MATCH,true,true
simple,4-772,LEVEL5 MiniShot,LEVEL5,,654.49,654.49,LEVEL5,LEVEL5,4-772,654.49,brand_scoped_exact_sku,SOURCE_VERIFIED_MATCH,true,true
simple,5-311,LEVEL5 Drywall Banjo,LEVEL5,,105.2,105.2,LEVEL5,LEVEL5,5-311,105.20,brand_scoped_exact_sku,SOURCE_VERIFIED_MATCH,true,true
variable,LV5-ENTRY-FINISHING-SET,LEVEL5 Entry to Automatic Finishing Set,LEVEL5,,,,,,,,,NOT_A_PRICE_OWNER,false,false
variation,4-600P,LEVEL5 Entry to Automatic Finishing Set - With Automatic Taper,LEVEL5,LV5-ENTRY-FINISHING-SET,2695.49,2695.49,LEVEL5,LEVEL5,4-600P,2695.49,brand_scoped_exact_sku,SOURCE_VERIFIED_MATCH,true,true
variation,4-602,LEVEL5 Entry to Automatic Finishing Set - Tools Only,LEVEL5,LV5-ENTRY-FINISHING-SET,1676.86,1676.86,LEVEL5,LEVEL5,4-602,1676.86,brand_scoped_exact_sku,SOURCE_VERIFIED_MATCH,true,true
simple,4-630,LEVEL5 The Starter Taping Set,LEVEL5,,1477.81,1477.81,LEVEL5,LEVEL5,4-630,1477.81,brand_scoped_exact_sku,SOURCE_VERIFIED_MATCH,true,true
simple,4-677P,LEVEL5 The Ultimate Taping & Finishing Set,LEVEL5,,4439.85,4439.85,LEVEL5,LEVEL5,4-677P,4439.85,brand_scoped_exact_sku,SOURCE_VERIFIED_MATCH,true,true
simple,PT-BF,Platinum Box Filler Attachment,Platinum Drywall Tools,,31.85,31.85,,,,,,EXISTING_COST_NOT_MATCHED_TO_INSPECTED_SOURCES,false,false
simple,PT-GN,Platinum Gooseneck,Platinum Drywall Tools,,38.35,38.35,,,,,,EXISTING_COST_NOT_MATCHED_TO_INSPECTED_SOURCES,false,false
simple,H-03,Ball Grip,Platinum Drywall Tools,,,,,,,,,NO_VERIFIED_COST_SOURCE,false,false
simple,FB-26-12,Flat Box Door Wiper,Platinum Drywall Tools,,,,,,,,,NO_VERIFIED_COST_SOURCE,false,false
simple,FB-26-10,"Platinum 10"" Flat Box Door Rubber Wiper Gasket – 2nd Generation",Platinum Drywall Tools,,,,,,,,,NO_VERIFIED_COST_SOURCE,false,false
simple,NS-30,Platinum 2-Inch & 3-Inch Nail Spotter – NS-30 Pivot Spacer Sleeve,Platinum Drywall Tools,,,,,,,,,NO_VERIFIED_COST_SOURCE,false,false
simple,NS-31,Platinum 2-Inch & 3-Inch Nail Spotter – NS-31 Split Nylon Flange Bushing,Platinum Drywall Tools,,,,,,,,,NO_VERIFIED_COST_SOURCE,false,false
simple,NS-33,Platinum 2-Inch & 3-Inch Nail Spotter – NS-33 Linkage Arm Assembly,Platinum Drywall Tools,,,,,,,,,NO_VERIFIED_COST_SOURCE,false,false
simple,NS-34,Platinum 2-Inch & 3-Inch Nail Spotter – NS-34 Domed Hex Cap Nut,Platinum Drywall Tools,,,,,,,,,NO_VERIFIED_COST_SOURCE,false,false
simple,NS-41,Platinum 2-Inch & 3-Inch Nail Spotter – NS-41 Handle Pivot Shoulder Fastener,Platinum Drywall Tools,,,,,,,,,NO_VERIFIED_COST_SOURCE,false,false
simple,NS-43,Platinum 2-Inch & 3-Inch Nail Spotter – NS-43 Short Linkage Screw,Platinum Drywall Tools,,,,,,,,,NO_VERIFIED_COST_SOURCE,false,false
simple,CP-20,Platinum Compound Pump Discharge Tube – CP-20,Platinum Drywall Tools,,,,,,,,,NO_VERIFIED_COST_SOURCE,false,false
simple,CP-2,Platinum Compound Pump Foot Bracket,Platinum Drywall Tools,,,,,,,,,NO_VERIFIED_COST_SOURCE,false,false
simple,CP-7,Platinum Compound Pump Handle Pin – CP-7,Platinum Drywall Tools,,,,,,,,,NO_VERIFIED_COST_SOURCE,false,false
simple,CP-39,Platinum Compound Pump Handle with Ball Knob,Platinum Drywall Tools,,,,,,,,,NO_VERIFIED_COST_SOURCE,false,false
simple,CP-56,Platinum Compound Pump Intake Screen,Platinum Drywall Tools,,,,,,,,,NO_VERIFIED_COST_SOURCE,false,false
simple,CP-32,Platinum Compound Pump Large Nut – CP-32,Platinum Drywall Tools,,1.52,1.52,,,,,,EXISTING_COST_NOT_MATCHED_TO_INSPECTED_SOURCES,false,false
simple,CP-1,Platinum Compound Pump Large O-Ring – CP-1,Platinum Drywall Tools,,0.15,0.15,,,,,,EXISTING_COST_NOT_MATCHED_TO_INSPECTED_SOURCES,false,false
simple,CP-11,Platinum Compound Pump Latch – Quick-Release Cylinder Clamp,Platinum Drywall Tools,,,,,,,,,NO_VERIFIED_COST_SOURCE,false,false
simple,CP-50,Platinum Compound Pump Nylon-Insert Lock Nut,Platinum Drywall Tools,,,,,,,,,NO_VERIFIED_COST_SOURCE,false,false
simple,CP-48,Platinum Compound Pump Piston Cup – CP-48,Platinum Drywall Tools,,1.21,1.21,,,,,,EXISTING_COST_NOT_MATCHED_TO_INSPECTED_SOURCES,false,false
simple,CP-59,Platinum Compound Pump Screen Wing Nut,Platinum Drywall Tools,,,,,,,,,NO_VERIFIED_COST_SOURCE,false,false
simple,CP-26,Platinum Compound Pump U-Cup Seal – CP-26,Platinum Drywall Tools,,0.75,0.75,,,,,,EXISTING_COST_NOT_MATCHED_TO_INSPECTED_SOURCES,false,false
simple,CP-45,Platinum Compound Pump Valve Disc – CP-45,Platinum Drywall Tools,,0.92,0.92,,,,,,EXISTING_COST_NOT_MATCHED_TO_INSPECTED_SOURCES,false,false
simple,PT-AICA,Platinum 4 Wheel Inside Angle / Corner Applicator,Platinum Drywall Tools,,30.35,30.35,,,,,,EXISTING_COST_NOT_MATCHED_TO_INSPECTED_SOURCES,false,false
simple,PT-FA,"Platinum 4"" Flat Applicator",Platinum Drywall Tools,,38.35,38.35,,,,,,EXISTING_COST_NOT_MATCHED_TO_INSPECTED_SOURCES,false,false
variable,PT-90-APPLICATOR,Platinum 90° Corner Applicator,Platinum Drywall Tools,,,,,,,,,NOT_A_PRICE_OWNER,false,false
variation,PT-ICA,Platinum 90° Corner Applicator - Inside,Platinum Drywall Tools,PT-90-APPLICATOR,38.35,38.35,,,,,,EXISTING_COST_NOT_MATCHED_TO_INSPECTED_SOURCES,false,false
variation,PT-OCA,Platinum 90° Corner Applicator - Outside,Platinum Drywall Tools,PT-90-APPLICATOR,38.35,38.35,,,,,,EXISTING_COST_NOT_MATCHED_TO_INSPECTED_SOURCES,false,false
variable,PT-CT,Platinum Compound Tube,Platinum Drywall Tools,,,,,,,,,NOT_A_PRICE_OWNER,false,false
variation,PT-CT24,"Platinum Compound Tube - 24""",Platinum Drywall Tools,PT-CT,97.5,97.5,,,,,,EXISTING_COST_NOT_MATCHED_TO_INSPECTED_SOURCES,false,false
variation,PT-CT36,"Platinum Compound Tube - 36""",Platinum Drywall Tools,PT-CT,100.75,100.75,,,,,,EXISTING_COST_NOT_MATCHED_TO_INSPECTED_SOURCES,false,false
variation,PT-CT42,"Platinum Compound Tube - 42""",Platinum Drywall Tools,PT-CT,104,104,,,,,,EXISTING_COST_NOT_MATCHED_TO_INSPECTED_SOURCES,false,false
simple,PT-CA8,"Platinum 8"" Corner Applicator",Platinum Drywall Tools,,103.35,103.35,,,,,,EXISTING_COST_NOT_MATCHED_TO_INSPECTED_SOURCES,false,false
variable,PT-CF,Platinum Angle Head Corner Finisher with Wheels,Platinum Drywall Tools,,,,,,,,,NOT_A_PRICE_OWNER,false,false
variation,PT-CF2.5,"Platinum Angle Head Corner Finisher with Wheels - 2.5""",Platinum Drywall Tools,PT-CF,155.35,155.35,,,,,,EXISTING_COST_NOT_MATCHED_TO_INSPECTED_SOURCES,false,false
variation,PT-3CF,"Platinum Angle Head Corner Finisher with Wheels - 3""",Platinum Drywall Tools,PT-CF,161.85,161.85,,,,,,EXISTING_COST_NOT_MATCHED_TO_INSPECTED_SOURCES,false,false
variation,PT-CF3.5,"Platinum Angle Head Corner Finisher with Wheels - 3.5""",Platinum Drywall Tools,PT-CF,168.35,168.35,,,,,,EXISTING_COST_NOT_MATCHED_TO_INSPECTED_SOURCES,false,false
simple,CF3,"Platinum 3"" Corner Flusher",Platinum Drywall Tools,,,,,,,,,NO_VERIFIED_COST_SOURCE,false,false
variable,PT-SSCF,Platinum Stainless Steel Corner Flusher,Platinum Drywall Tools,,,,,,,,,NOT_A_PRICE_OWNER,false,false
variation,PT-3.5CF,"Platinum Stainless Steel Corner Flusher - 3.5""",Platinum Drywall Tools,PT-SSCF,52,52,,,,,,EXISTING_COST_NOT_MATCHED_TO_INSPECTED_SOURCES,false,false
variation,PT-2.5CF,"Platinum Stainless Steel Corner Flusher - 2.5""",Platinum Drywall Tools,PT-SSCF,48.75,48.75,,,,,,EXISTING_COST_NOT_MATCHED_TO_INSPECTED_SOURCES,false,false
variable,PT-CORNER-ROLLER,Platinum Corner Roller,Platinum Drywall Tools,,,,,,,,,NOT_A_PRICE_OWNER,false,false
variation,PT-CRE,Platinum Corner Roller - ECO Inside,Platinum Drywall Tools,PT-CORNER-ROLLER,38.35,38.35,,,,,,EXISTING_COST_NOT_MATCHED_TO_INSPECTED_SOURCES,false,false
variation,PT-CR,Platinum Corner Roller - Inside,Platinum Drywall Tools,PT-CORNER-ROLLER,51.99,51.99,,,,,,EXISTING_COST_NOT_MATCHED_TO_INSPECTED_SOURCES,false,false
variation,PT-OCR,Platinum Corner Roller - Outside 90°,Platinum Drywall Tools,PT-CORNER-ROLLER,45.49,45.49,,,,,,EXISTING_COST_NOT_MATCHED_TO_INSPECTED_SOURCES,false,false
simple,PT-FB12,"12"" Flat Finishing Box",Platinum Drywall Tools,,,,,,,,,NO_VERIFIED_COST_SOURCE,false,false
variable,PT-FB,Platinum Flat Finishing Box,Platinum Drywall Tools,,,,,,,,,NOT_A_PRICE_OWNER,false,false
variation,PT-10FB,"Platinum Flat Finishing Box - 10""",Platinum Drywall Tools,PT-FB,126.75,126.75,,,,,,EXISTING_COST_NOT_MATCHED_TO_INSPECTED_SOURCES,false,false
variation,PT-12FB,"Platinum Flat Finishing Box - 12""",Platinum Drywall Tools,PT-FB,133.25,133.25,,,,,,EXISTING_COST_NOT_MATCHED_TO_INSPECTED_SOURCES,false,false
variation,PT-14FB,"Platinum Flat Finishing Box - 14""",Platinum Drywall Tools,PT-FB,139.75,139.75,,,,,,EXISTING_COST_NOT_MATCHED_TO_INSPECTED_SOURCES,false,false
variation,PT-8FB,"Platinum Flat Finishing Box - 8""",Platinum Drywall Tools,PT-FB,120.25,120.25,,,,,,EXISTING_COST_NOT_MATCHED_TO_INSPECTED_SOURCES,false,false
variable,PT-CORNER-HANDLE-50,"Platinum 50"" Corner Tool Handle",Platinum Drywall Tools,,,,,,,,,NOT_A_PRICE_OWNER,false,false
variation,PT-CFH50,"Platinum 50"" Corner Tool Handle - Angle Head",Platinum Drywall Tools,PT-CORNER-HANDLE-50,31.85,31.85,,,,,,EXISTING_COST_NOT_MATCHED_TO_INSPECTED_SOURCES,false,false
variation,PT-CAH50,"Platinum 50"" Corner Tool Handle - Corner Box",Platinum Drywall Tools,PT-CORNER-HANDLE-50,31.85,31.85,,,,,,EXISTING_COST_NOT_MATCHED_TO_INSPECTED_SOURCES,false,false
variation,PT-CRH50,"Platinum 50"" Corner Tool Handle - Corner Roller",Platinum Drywall Tools,PT-CORNER-HANDLE-50,38.35,38.35,,,,,,EXISTING_COST_NOT_MATCHED_TO_INSPECTED_SOURCES,false,false
simple,PT-EXT3IN1-1,Platinum Extendable Angle Head Handle,Platinum Drywall Tools,,48.75,48.75,,,,,,EXISTING_COST_NOT_MATCHED_TO_INSPECTED_SOURCES,false,false
simple,PT-EBH,"Platinum Extendable Flat Box Handle 40"" – 64""",Platinum Drywall Tools,,109.85,109.85,,,,,,EXISTING_COST_NOT_MATCHED_TO_INSPECTED_SOURCES,false,false
variable,PT-BH,Platinum Flat Box Handle,Platinum Drywall Tools,,,,,,,,,NOT_A_PRICE_OWNER,false,false
variation,PT-BH34,"Platinum Flat Box Handle - 34""",Platinum Drywall Tools,PT-BH,58.5,58.5,,,,,,EXISTING_COST_NOT_MATCHED_TO_INSPECTED_SOURCES,false,false
variation,PT-BH42,"Platinum Flat Box Handle - 42""",Platinum Drywall Tools,PT-BH,61.75,61.75,,,,,,EXISTING_COST_NOT_MATCHED_TO_INSPECTED_SOURCES,false,false
variation,PT-BH54,"Platinum Flat Box Handle - 54""",Platinum Drywall Tools,PT-BH,65,65,,,,,,EXISTING_COST_NOT_MATCHED_TO_INSPECTED_SOURCES,false,false
simple,PT-MNBH,Platinum Mini Box Handle,Platinum Drywall Tools,,40.3,40.3,,,,,,EXISTING_COST_NOT_MATCHED_TO_INSPECTED_SOURCES,false,false
simple,PT-CP,Platinum Drywall Pump w/Filler,Platinum Drywall Tools,,174.85,174.85,,,,,,EXISTING_COST_NOT_MATCHED_TO_INSPECTED_SOURCES,false,false
variable,PT-NS,Platinum Nail Spotter,Platinum Drywall Tools,,,,,,,,,NOT_A_PRICE_OWNER,false,false
variation,PT-2NS,"Platinum Nail Spotter - 2""",Platinum Drywall Tools,PT-NS,104,104,,,,,,EXISTING_COST_NOT_MATCHED_TO_INSPECTED_SOURCES,false,false
variation,PT-3NS,"Platinum Nail Spotter - 3""",Platinum Drywall Tools,PT-NS,104,104,,,,,,EXISTING_COST_NOT_MATCHED_TO_INSPECTED_SOURCES,false,false
simple,PT-TP,Platinum Semi Automatic Drywall Taper,Platinum Drywall Tools,,94.25,94.25,,,,,,EXISTING_COST_NOT_MATCHED_TO_INSPECTED_SOURCES,false,false
simple,PT-FIN,Platinum Drywall Starter Finishing Set,Platinum Drywall Tools,,909.35,909.35,,,,,,EXISTING_COST_NOT_MATCHED_TO_INSPECTED_SOURCES,false,false
variable,SP-S1-A,SurPro S1 Aluminum Drywall Stilts,SurPro,,,,,,,,,NOT_A_PRICE_OWNER,false,false
variation,S1-A-1624,"SurPro S1 Aluminum Drywall Stilts - 16""-24""",SurPro,SP-S1-A,209.3,209.3,,,,,,EXISTING_COST_NOT_MATCHED_TO_INSPECTED_SOURCES,false,false
variation,S1-A-2030,"SurPro S1 Aluminum Drywall Stilts - 20""-30""",SurPro,SP-S1-A,215.15,215.15,,,,,,EXISTING_COST_NOT_MATCHED_TO_INSPECTED_SOURCES,false,false
variation,S1-A-2640,"SurPro S1 Aluminum Drywall Stilts - 26""-40""",SurPro,SP-S1-A,221,221,,,,,,EXISTING_COST_NOT_MATCHED_TO_INSPECTED_SOURCES,false,false
variable,SP-S1-M,SurPro S1 Magnesium Drywall Stilts,SurPro,,,,,,,,,NOT_A_PRICE_OWNER,false,false
variation,S1-M-1624,"SurPro S1 Magnesium Drywall Stilts - 16""-24""",SurPro,SP-S1-M,239.2,239.2,,,,,,EXISTING_COST_NOT_MATCHED_TO_INSPECTED_SOURCES,false,false
variation,S1-M-2030,"SurPro S1 Magnesium Drywall Stilts - 20""-30""",SurPro,SP-S1-M,244.72,244.72,,,,,,EXISTING_COST_NOT_MATCHED_TO_INSPECTED_SOURCES,false,false
variation,S1-M-2640,"SurPro S1 Magnesium Drywall Stilts - 26""-40""",SurPro,SP-S1-M,250.25,250.25,,,,,,EXISTING_COST_NOT_MATCHED_TO_INSPECTED_SOURCES,false,false
variable,SP-S1X-A,SurPro S1X Aluminum Drywall Stilts,SurPro,,,,,,,,,NOT_A_PRICE_OWNER,false,false
variation,S1X-A-2131,"SurPro S1X Aluminum Drywall Stilts - 21""-31""",SurPro,SP-S1X-A,264.55,264.55,,,,,,EXISTING_COST_NOT_MATCHED_TO_INSPECTED_SOURCES,false,false
variation,S1X-A-2640,"SurPro S1X Aluminum Drywall Stilts - 26""-40""",SurPro,SP-S1X-A,264.55,264.55,,,,,,EXISTING_COST_NOT_MATCHED_TO_INSPECTED_SOURCES,false,false
variable,SP-S1X-M,SurPro S1X Magnesium Drywall Stilts,SurPro,,,,,,,,,NOT_A_PRICE_OWNER,false,false
variation,S1X-M-2131,"SurPro S1X Magnesium Drywall Stilts - 21""-31""",SurPro,SP-S1X-M,279.5,279.5,,,,,,EXISTING_COST_NOT_MATCHED_TO_INSPECTED_SOURCES,false,false
variation,S1X-M-2640,"SurPro S1X Magnesium Drywall Stilts - 26""-40""",SurPro,SP-S1X-M,286.65,286.65,,,,,,EXISTING_COST_NOT_MATCHED_TO_INSPECTED_SOURCES,false,false
variable,SP-S2-A,SurPro S2 Aluminum Drywall Stilts,SurPro,,,,,,,,,NOT_A_PRICE_OWNER,false,false
variation,S2-A-1624,"SurPro S2 Aluminum Drywall Stilts - 16""-24""",SurPro,SP-S2-A,231.4,231.4,,,,,,EXISTING_COST_NOT_MATCHED_TO_INSPECTED_SOURCES,false,false
variation,S2-A-2030,"SurPro S2 Aluminum Drywall Stilts - 20""-30""",SurPro,SP-S2-A,237.25,237.25,,,,,,EXISTING_COST_NOT_MATCHED_TO_INSPECTED_SOURCES,false,false
variation,S2-A-2640,"SurPro S2 Aluminum Drywall Stilts - 26""-40""",SurPro,SP-S2-A,243.1,243.1,,,,,,EXISTING_COST_NOT_MATCHED_TO_INSPECTED_SOURCES,false,false
variable,SP-S2-M,SurPro S2 Magnesium Drywall Stilts,SurPro,,,,,,,,,NOT_A_PRICE_OWNER,false,false
variation,S2-M-1624,"SurPro S2 Magnesium Drywall Stilts - 16""-24""",SurPro,SP-S2-M,256.75,256.75,,,,,,EXISTING_COST_NOT_MATCHED_TO_INSPECTED_SOURCES,false,false
variation,S2-M-2030,"SurPro S2 Magnesium Drywall Stilts - 20""-30""",SurPro,SP-S2-M,262.28,262.28,,,,,,EXISTING_COST_NOT_MATCHED_TO_INSPECTED_SOURCES,false,false
variation,S2-M-2640,"SurPro S2 Magnesium Drywall Stilts - 26""-40""",SurPro,SP-S2-M,267.8,267.8,,,,,,EXISTING_COST_NOT_MATCHED_TO_INSPECTED_SOURCES,false,false
variable,SP-S2X-A,SurPro S2X Aluminum Drywall Stilts,SurPro,,,,,,,,,NOT_A_PRICE_OWNER,false,false
variation,S2X-A-3852,"SurPro S2X Aluminum Drywall Stilts - 38""-52""",SurPro,SP-S2X-A,315.9,315.9,,,,,,EXISTING_COST_NOT_MATCHED_TO_INSPECTED_SOURCES,false,false
variation,S2X-A-2640,"SurPro S2X Aluminum Drywall Stilts - 26""-40""",SurPro,SP-S2X-A,297.05,297.05,,,,,,EXISTING_COST_NOT_MATCHED_TO_INSPECTED_SOURCES,false,false
variable,SP-S2X-M,SurPro S2X Magnesium Drywall Stilts,SurPro,,,,,,,,,NOT_A_PRICE_OWNER,false,false
variation,S2X-M-2131,"SurPro S2X Magnesium Drywall Stilts - 21""-31""",SurPro,SP-S2X-M,311.35,311.35,,,,,,EXISTING_COST_NOT_MATCHED_TO_INSPECTED_SOURCES,false,false
variation,S2X-M-2640,"SurPro S2X Magnesium Drywall Stilts - 26""-40""",SurPro,SP-S2X-M,318.5,318.5,,,,,,EXISTING_COST_NOT_MATCHED_TO_INSPECTED_SOURCES,false,false
simple,CTA01TT,TapeTech Compound Tube Filler Adapter,TapeTech,,12.57,12.57,TSW,TapeTech,CTA01TT,12.57,brand_scoped_exact_identifier,SOURCE_VERIFIED_MATCH,true,true
simple,90T,TapeTech Filler Adapter,TapeTech,,54.28,54.28,,,,,,EXISTING_COST_NOT_MATCHED_TO_INSPECTED_SOURCES,false,false
variable,TT-GOOSENECK,TapeTech Gooseneck,TapeTech,,,,,,,,,NOT_A_PRICE_OWNER,false,false
variation,85T,TapeTech Gooseneck - Standard,TapeTech,TT-GOOSENECK,74.00,74.00,TSW,TapeTech,85TT,74.00,reviewed_explicit_mapping,SOURCE_VERIFIED_MATCH,true,true
variation,85XLTT,TapeTech Gooseneck - Extra Long,TapeTech,TT-GOOSENECK,136.64,136.64,TSW,TapeTech,85XLTT,136.64,brand_scoped_exact_identifier,SOURCE_VERIFIED_MATCH,true,true
simple,GSR-TT,TapeTech Gooseneck Riser,TapeTech,,6.56,6.56,,,,,,EXISTING_COST_NOT_MATCHED_TO_INSPECTED_SOURCES,false,false
simple,219095,#4 NYLON FLAT WASHER,TapeTech,,0.44,0.44,TSW,TapeTech,219095,0.44,brand_scoped_exact_identifier,SOURCE_VERIFIED_MATCH,true,true
simple,059038,#4 TapeTech Medium Spring Lockwasher,TapeTech,,0.44,0.44,TSW,TapeTech,059038,0.44,brand_scoped_exact_identifier,SOURCE_VERIFIED_MATCH,true,true
simple,059024,.15 Chain Keeper,TapeTech,,2.44,2.44,TSW,TapeTech,059024,2.44,brand_scoped_exact_identifier,SOURCE_VERIFIED_MATCH,true,true
simple,059107,1/4 in x 6-32 TapeTech Stainless Steel Flat Head Screw,TapeTech,,0.44,0.44,TSW,TapeTech,059107,0.44,brand_scoped_exact_identifier,SOURCE_VERIFIED_MATCH,true,true
simple,250009,"10"" Shim",TapeTech,,5.79,5.79,TSW,TapeTech,250009,5.79,brand_scoped_exact_identifier,SOURCE_VERIFIED_MATCH,true,true
simple,250040F,"10"" Tie Rod",TapeTech,,15.89,15.89,TSW,TapeTech,250040F,15.89,brand_scoped_exact_identifier,SOURCE_VERIFIED_MATCH,true,true
simple,260024F,"10"" Wiper",TapeTech,,24.94,24.94,TSW,TapeTech,260024F,24.94,brand_scoped_exact_identifier,SOURCE_VERIFIED_MATCH,true,true
simple,509008,"10-32 X 1/2"" Bind Head Screw +",TapeTech,,0.44,0.44,TSW,TapeTech,509008,0.44,brand_scoped_exact_identifier,SOURCE_VERIFIED_MATCH,true,true
simple,300026F,12 in TapeTech Flat Box Wiper,TapeTech,,22.42,22.42,TSW,TapeTech,300026F,22.42,brand_scoped_exact_identifier,SOURCE_VERIFIED_MATCH,true,true
simple,310096,"12"" SEAL",TapeTech,,18.83,18.83,TSW,TapeTech,310096,18.83,brand_scoped_exact_identifier,SOURCE_VERIFIED_MATCH,true,true
simple,300009,"12"" Shim",TapeTech,,6.44,6.44,TSW,TapeTech,300009,6.44,brand_scoped_exact_identifier,SOURCE_VERIFIED_MATCH,true,true
simple,300040F,"12"" Tie Rod",TapeTech,,18.75,18.75,TSW,TapeTech,300040F,18.75,brand_scoped_exact_identifier,SOURCE_VERIFIED_MATCH,true,true
simple,310024F,"12"" Viton Wiper",TapeTech,,27.31,27.31,TSW,TapeTech,310024F,27.31,brand_scoped_exact_identifier,SOURCE_VERIFIED_MATCH,true,true
simple,486001F,"3"" Easy Roll Head Casting",TapeTech,,110.72,110.72,TSW,TapeTech,486001F,110.72,brand_scoped_exact_identifier,SOURCE_VERIFIED_MATCH,true,true
simple,681015,"3"" Wiper For EZ Clean Nailspotter",TapeTech,,45.58,45.58,TSW,TapeTech,681015,45.58,brand_scoped_exact_identifier,SOURCE_VERIFIED_MATCH,true,true
simple,809011,3/4 in x 5/16-18 TapeTech Dog Point Thumbscrew,TapeTech,,7.74,7.74,TSW,TapeTech,809011,7.74,brand_scoped_exact_identifier,SOURCE_VERIFIED_MATCH,true,true
simple,804234,"34"" Connector Assembly",TapeTech,,38.16,38.16,TSW,TapeTech,804234,38.16,brand_scoped_exact_identifier,SOURCE_VERIFIED_MATCH,true,true
simple,059005,4-40 Hex S.S. Nut,TapeTech,,0.44,0.44,TSW,TapeTech,059005,0.44,brand_scoped_exact_identifier,SOURCE_VERIFIED_MATCH,true,true
simple,219092,"4-40 X 1"" Bind Head Screw",TapeTech,,0.48,0.48,TSW,TapeTech,219092,0.48,brand_scoped_exact_identifier,SOURCE_VERIFIED_MATCH,true,true
simple,889030,4-40 X 3/16 Fillisterhead Screw,TapeTech,,0.44,0.44,TSW,TapeTech,889030,0.44,brand_scoped_exact_identifier,SOURCE_VERIFIED_MATCH,true,true
simple,059217,"4-40 X 3/8"" BIND HEADSST SCREW",TapeTech,,0.44,0.44,TSW,TapeTech,059217,0.44,brand_scoped_exact_identifier,SOURCE_VERIFIED_MATCH,true,true
simple,059161,"4-40 X 3/8"" Fillister Head Sst Screw +",TapeTech,,0.44,0.44,TSW,TapeTech,059161,0.44,brand_scoped_exact_identifier,SOURCE_VERIFIED_MATCH,true,true
simple,480002F,4040 Wear Pad,TapeTech,,9.38,9.38,TSW,TapeTech,480002F,9.38,brand_scoped_exact_identifier,SOURCE_VERIFIED_MATCH,true,true
simple,402002F,4800 Spring Retainer,TapeTech,,10.43,10.43,TSW,TapeTech,402002F,10.43,brand_scoped_exact_identifier,SOURCE_VERIFIED_MATCH,true,true
simple,700036,5/16-24 X 1-7/16 Stud,TapeTech,,11.41,11.41,TSW,TapeTech,700036,11.41,brand_scoped_exact_identifier,SOURCE_VERIFIED_MATCH,true,true
simple,804254,54 in TapeTech Connector Assembly,TapeTech,,53.48,53.48,TSW,TapeTech,804254,53.48,brand_scoped_exact_identifier,SOURCE_VERIFIED_MATCH,true,true
simple,209058,6-32 Brass Nut,TapeTech,,4.07,4.07,TSW,TapeTech,209058,4.07,brand_scoped_exact_identifier,SOURCE_VERIFIED_MATCH,true,true
simple,059091,"6-32 X 1/2"" Fillister Head Sst Screw",TapeTech,,0.44,0.44,TSW,TapeTech,059091,0.44,brand_scoped_exact_identifier,SOURCE_VERIFIED_MATCH,true,true
simple,889035,6-32 x 1/4 Pan Head Screw,TapeTech,,0.44,0.44,TSW,TapeTech,889035,0.44,brand_scoped_exact_identifier,SOURCE_VERIFIED_MATCH,true,true
simple,203010,7 & 10 Inch Crown Spring,TapeTech,,4.29,4.29,TSW,TapeTech,203010,4.29,brand_scoped_exact_identifier,SOURCE_VERIFIED_MATCH,true,true
simple,500028,7 in TapeTech Wiper,TapeTech,,10.19,10.19,TSW,TapeTech,500028,10.19,brand_scoped_exact_identifier,SOURCE_VERIFIED_MATCH,true,true
simple,502005F,"7"" Pivot Pressure Plate",TapeTech,,22.01,22.01,TSW,TapeTech,502005F,22.01,brand_scoped_exact_identifier,SOURCE_VERIFIED_MATCH,true,true
simple,210024F,"7"" Wiper For Power Assist ECH/TTEC Boxes",TapeTech,,19.16,19.16,TSW,TapeTech,210024F,19.16,brand_scoped_exact_identifier,SOURCE_VERIFIED_MATCH,true,true
simple,804272,"72"" Connector Assembly",TapeTech,,65.30,65.30,TSW,TapeTech,804272,65.30,brand_scoped_exact_identifier,SOURCE_VERIFIED_MATCH,true,true
simple,059092,"8-32"" x 1-1/2"" Round Head Screw SST",TapeTech,,0.44,0.44,TSW,TapeTech,059092,0.44,brand_scoped_exact_identifier,SOURCE_VERIFIED_MATCH,true,true
simple,882012,Acutator Clip Pin,TapeTech,,9.71,9.71,TSW,TapeTech,882012,9.71,brand_scoped_exact_identifier,SOURCE_VERIFIED_MATCH,true,true
simple,050043F,Anvil,TapeTech,,9.78,9.78,TSW,TapeTech,050043F,9.78,brand_scoped_exact_identifier,SOURCE_VERIFIED_MATCH,true,true
simple,050064F,Automatic Taper Valve,TapeTech,,7.25,7.25,TSW,TapeTech,050064F,7.25,brand_scoped_exact_identifier,SOURCE_VERIFIED_MATCH,true,true
simple,050070F,Axle Creaser Wheel,TapeTech,,4.24,4.24,TSW,TapeTech,050070F,4.24,brand_scoped_exact_identifier,SOURCE_VERIFIED_MATCH,true,true
simple,059120,"Axle, Drive Dog",TapeTech,,0.44,0.44,TSW,TapeTech,059120,0.44,brand_scoped_exact_identifier,SOURCE_VERIFIED_MATCH,true,true
simple,402033,Ball Coupling,TapeTech,,9.97,9.97,TSW,TapeTech,402033,9.97,brand_scoped_exact_identifier,SOURCE_VERIFIED_MATCH,true,true
simple,920003,Ball Coupling,TapeTech,,11.52,11.52,TSW,TapeTech,920003,11.52,brand_scoped_exact_identifier,SOURCE_VERIFIED_MATCH,true,true
simple,402012,Ball Retainer,TapeTech,,11.41,11.41,TSW,TapeTech,402012,11.41,brand_scoped_exact_identifier,SOURCE_VERIFIED_MATCH,true,true
simple,502007,Bearing,TapeTech,,1.71,1.71,TSW,TapeTech,502007,1.71,brand_scoped_exact_identifier,SOURCE_VERIFIED_MATCH,true,true
simple,050154,Bearing Bracket,TapeTech,,1.71,1.71,TSW,TapeTech,050154,1.71,brand_scoped_exact_identifier,SOURCE_VERIFIED_MATCH,true,true
simple,190002,Block,TapeTech,,7.17,7.17,TSW,TapeTech,190002,7.17,brand_scoped_exact_identifier,SOURCE_VERIFIED_MATCH,true,true
simple,209050,Box Screw 209050,TapeTech,,1.22,1.22,TSW,TapeTech,209050,1.22,brand_scoped_exact_identifier,SOURCE_VERIFIED_MATCH,true,true
simple,213051,"Box Wheel, side guide",TapeTech,,8.93,8.93,TSW,TapeTech,213051,8.93,brand_scoped_exact_identifier,SOURCE_VERIFIED_MATCH,true,true
simple,052150,Brake Adjuster,TapeTech,,4.89,4.89,TSW,TapeTech,052150,4.89,brand_scoped_exact_identifier,SOURCE_VERIFIED_MATCH,true,true
simple,052576,Brake Spring Mount,TapeTech,,8.56,8.56,TSW,TapeTech,052576,8.56,brand_scoped_exact_identifier,SOURCE_VERIFIED_MATCH,true,true
simple,050086F,Bushing Head,TapeTech,,5.13,5.13,TSW,TapeTech,050086F,5.13,brand_scoped_exact_identifier,SOURCE_VERIFIED_MATCH,true,true
simple,050083F,Cable Drum,TapeTech,,29.03,29.03,TSW,TapeTech,050083F,29.03,brand_scoped_exact_identifier,SOURCE_VERIFIED_MATCH,true,true
simple,050123,CAM,TapeTech,,6.93,6.93,TSW,TapeTech,050123,6.93,brand_scoped_exact_identifier,SOURCE_VERIFIED_MATCH,true,true
simple,402017F,Center Clip (Short),TapeTech,,1.32,1.32,TSW,TapeTech,402017F,1.32,brand_scoped_exact_identifier,SOURCE_VERIFIED_MATCH,true,true
simple,050128F,Chain Roller Bushing,TapeTech,,5.71,5.71,TSW,TapeTech,050128F,5.71,brand_scoped_exact_identifier,SOURCE_VERIFIED_MATCH,true,true
simple,CNTT,Cleaning Nozzle,TapeTech,,10.22,10.22,TSW,TapeTech,CNTT,10.22,brand_scoped_exact_identifier,SOURCE_VERIFIED_MATCH,true,true
simple,880028,Compression Spring,TapeTech,,2.12,2.12,TSW,TapeTech,880028,2.12,brand_scoped_exact_identifier,SOURCE_VERIFIED_MATCH,true,true
simple,889017,Conical Spring,TapeTech,,2.77,2.77,TSW,TapeTech,889017,2.77,brand_scoped_exact_identifier,SOURCE_VERIFIED_MATCH,true,true
simple,880038,CONNECTING ROD,TapeTech,,16.31,16.31,TSW,TapeTech,880038,16.31,brand_scoped_exact_identifier,SOURCE_VERIFIED_MATCH,true,true
simple,811018,"Connector Plate, Notched",TapeTech,,26.09,26.09,TSW,TapeTech,811018,26.09,brand_scoped_exact_identifier,SOURCE_VERIFIED_MATCH,true,true
simple,190034,Coupler,TapeTech,,11.00,11.00,TSW,TapeTech,190034,11.00,brand_scoped_exact_identifier,SOURCE_VERIFIED_MATCH,true,true
simple,801009,Coupling Pin (Repair Only Box Handles),TapeTech,,4.82,4.82,TSW,TapeTech,801009,4.82,brand_scoped_exact_identifier,SOURCE_VERIFIED_MATCH,true,true
simple,050204,Cup Washer,TapeTech,,6.35,6.35,TSW,TapeTech,050204,6.35,brand_scoped_exact_identifier,SOURCE_VERIFIED_MATCH,true,true
simple,050063,Cut Off Cover,TapeTech,,15.57,15.57,TSW,TapeTech,050063,15.57,brand_scoped_exact_identifier,SOURCE_VERIFIED_MATCH,true,true
simple,059129,Cutter Block Pin,TapeTech,,0.44,0.44,TSW,TapeTech,059129,0.44,brand_scoped_exact_identifier,SOURCE_VERIFIED_MATCH,true,true
simple,050113F,Cutter Block Tube,TapeTech,,6.35,6.35,TSW,TapeTech,050113F,6.35,brand_scoped_exact_identifier,SOURCE_VERIFIED_MATCH,true,true
simple,056142F,Cutter Chain,TapeTech,,21.74,21.74,TSW,TapeTech,056142F,21.74,brand_scoped_exact_identifier,SOURCE_VERIFIED_MATCH,true,true
simple,722039,Discharge Tube,TapeTech,,26.50,26.50,TSW,TapeTech,722039,26.50,brand_scoped_exact_identifier,SOURCE_VERIFIED_MATCH,true,true
simple,050034F,Disengaging Rod,TapeTech,,6.52,6.52,TSW,TapeTech,050034F,6.52,brand_scoped_exact_identifier,SOURCE_VERIFIED_MATCH,true,true
simple,050041F,Disengaging Rod Bearing,TapeTech,,18.75,18.75,TSW,TapeTech,050041F,18.75,brand_scoped_exact_identifier,SOURCE_VERIFIED_MATCH,true,true
simple,054116F,Drive Dog Assembly,TapeTech,,11.82,11.82,TSW,TapeTech,054116F,11.82,brand_scoped_exact_identifier,SOURCE_VERIFIED_MATCH,true,true
simple,054118F,Drive Dog Holder Assembly,TapeTech,,14.92,14.92,TSW,TapeTech,054118F,14.92,brand_scoped_exact_identifier,SOURCE_VERIFIED_MATCH,true,true
simple,059119,Drive Dog Holder Pin,TapeTech,,0.44,0.44,TSW,TapeTech,059119,0.44,brand_scoped_exact_identifier,SOURCE_VERIFIED_MATCH,true,true
simple,050110F,Driver Shaft,TapeTech,,11.51,11.51,TSW,TapeTech,050110F,11.51,brand_scoped_exact_identifier,SOURCE_VERIFIED_MATCH,true,true
simple,052121F,Driver Shaft,TapeTech,,18.26,18.26,TSW,TapeTech,052121F,18.26,brand_scoped_exact_identifier,SOURCE_VERIFIED_MATCH,true,true
simple,159024,External Retaining Ring,TapeTech,,1.12,1.12,TSW,TapeTech,159024,1.12,brand_scoped_exact_identifier,SOURCE_VERIFIED_MATCH,true,true
simple,054059F,Filler Tube Assembly,TapeTech,,16.86,16.86,TSW,TapeTech,054059F,16.86,brand_scoped_exact_identifier,SOURCE_VERIFIED_MATCH,true,true
simple,200052F,Finishing Box Shoulder Screw,TapeTech,,2.87,2.87,TSW,TapeTech,200052F,2.87,brand_scoped_exact_identifier,SOURCE_VERIFIED_MATCH,true,true
simple,209047,Flat Box Nyliner Bearing,TapeTech,,1.06,1.06,TSW,TapeTech,209047,1.06,brand_scoped_exact_identifier,SOURCE_VERIFIED_MATCH,true,true
simple,762011,"Foot Valve, Universal",TapeTech,,6.32,6.32,TSW,TapeTech,762011,6.32,brand_scoped_exact_identifier,SOURCE_VERIFIED_MATCH,true,true
simple,700004F,Gland,TapeTech,,13.94,13.94,TSW,TapeTech,700004F,13.94,brand_scoped_exact_identifier,SOURCE_VERIFIED_MATCH,true,true
simple,857355,Gooseneck Cleaning Brush,TapeTech,,32.34,32.34,TSW,TapeTech,857355,32.34,brand_scoped_exact_identifier,SOURCE_VERIFIED_MATCH,true,true
simple,861014,Gooseneck Spacer,TapeTech,,2.67,2.67,TSW,TapeTech,861014,2.67,brand_scoped_exact_identifier,SOURCE_VERIFIED_MATCH,true,true
simple,054028,Gooser Assembly,TapeTech,,8.48,8.48,TSW,TapeTech,054028,8.48,brand_scoped_exact_identifier,SOURCE_VERIFIED_MATCH,true,true
simple,819038,Grip Adjuster Spring,TapeTech,,1.55,1.55,TSW,TapeTech,819038,1.55,brand_scoped_exact_identifier,SOURCE_VERIFIED_MATCH,true,true
simple,050205,"Hex Head Cup Bolt 1/4-20X3 /4""",TapeTech,,6.84,6.84,TSW,TapeTech,050205,6.84,brand_scoped_exact_identifier,SOURCE_VERIFIED_MATCH,true,true
simple,709007,"Hex Head Nut - 5/16"" X 24 - 6 Pack",TapeTech,,0.44,0.44,TSW,TapeTech,709007,0.44,brand_scoped_exact_identifier,SOURCE_VERIFIED_MATCH,true,true
simple,808015F,"Hing Assy., Universal With Serial Number",TapeTech,,25.68,25.68,TSW,TapeTech,808015F,25.68,brand_scoped_exact_identifier,SOURCE_VERIFIED_MATCH,true,true
simple,151011,Inner Roller,TapeTech,,5.61,5.61,TSW,TapeTech,151011,5.61,brand_scoped_exact_identifier,SOURCE_VERIFIED_MATCH,true,true
simple,059044,Insert,TapeTech,,8.56,8.56,TSW,TapeTech,059044,8.56,brand_scoped_exact_identifier,SOURCE_VERIFIED_MATCH,true,true
simple,480021,Inside Tension Spring,TapeTech,,2.86,2.86,TSW,TapeTech,480021,2.86,brand_scoped_exact_identifier,SOURCE_VERIFIED_MATCH,true,true
simple,050405B,Keeper Axle - Black,TapeTech,,7.34,7.34,TSW,TapeTech,050405B,7.34,brand_scoped_exact_identifier,SOURCE_VERIFIED_MATCH,true,true
simple,052404B,Keeper Yoke,TapeTech,,12.63,12.63,TSW,TapeTech,052404B,12.63,brand_scoped_exact_identifier,SOURCE_VERIFIED_MATCH,true,true
simple,059067,Key Ring,TapeTech,,0.80,0.80,TSW,TapeTech,059067,0.80,brand_scoped_exact_identifier,SOURCE_VERIFIED_MATCH,true,true
simple,050141,Left Chain Support,TapeTech,,11.25,11.25,TSW,TapeTech,050141,11.25,brand_scoped_exact_identifier,SOURCE_VERIFIED_MATCH,true,true
simple,880053,Lock Block,TapeTech,,8.48,8.48,TSW,TapeTech,880053,8.48,brand_scoped_exact_identifier,SOURCE_VERIFIED_MATCH,true,true
simple,709046,Lock Clip,TapeTech,,4.32,4.32,TSW,TapeTech,709046,4.32,brand_scoped_exact_identifier,SOURCE_VERIFIED_MATCH,true,true
simple,882013,Locking Pin,TapeTech,,6.19,6.19,TSW,TapeTech,882013,6.19,brand_scoped_exact_identifier,SOURCE_VERIFIED_MATCH,true,true
simple,054095F,Long Creaser Assembly,TapeTech,,11.82,11.82,TSW,TapeTech,054095F,11.82,brand_scoped_exact_identifier,SOURCE_VERIFIED_MATCH,true,true
simple,159026,Long Nut,TapeTech,,1.63,1.63,TSW,TapeTech,159026,1.63,brand_scoped_exact_identifier,SOURCE_VERIFIED_MATCH,true,true
simple,140002C,MudRunner Main Tube,TapeTech,,152.06,152.06,TSW,TapeTech,140002C,152.06,brand_scoped_exact_identifier,SOURCE_VERIFIED_MATCH,true,true
simple,250026F,"New Wiper One Piece For 10"" Flat Box",TapeTech,,20.38,20.38,TSW,TapeTech,250026F,20.38,brand_scoped_exact_identifier,SOURCE_VERIFIED_MATCH,true,true
simple,179009,Nyliner Type 6,TapeTech,,1.01,1.01,TSW,TapeTech,179009,1.01,brand_scoped_exact_identifier,SOURCE_VERIFIED_MATCH,true,true
simple,149028,Nylon Bushing #6,TapeTech,,0.66,0.66,TSW,TapeTech,149028,0.66,brand_scoped_exact_identifier,SOURCE_VERIFIED_MATCH,true,true
simple,889055,Nylon Spacer,TapeTech,,0.66,0.66,TSW,TapeTech,889055,0.66,brand_scoped_exact_identifier,SOURCE_VERIFIED_MATCH,true,true
simple,159023,Nylon Washer,TapeTech,,0.58,0.58,TSW,TapeTech,159023,0.58,brand_scoped_exact_identifier,SOURCE_VERIFIED_MATCH,true,true
simple,059040,O Ring 568-006 Buna,TapeTech,,0.44,0.44,TSW,TapeTech,059040,0.44,brand_scoped_exact_identifier,SOURCE_VERIFIED_MATCH,true,true
simple,149032,"O-Ring, Buna, 2-230",TapeTech,,1.04,1.04,TSW,TapeTech,149032,1.04,brand_scoped_exact_identifier,SOURCE_VERIFIED_MATCH,true,true
simple,480005,Outside Tension Spring,TapeTech,,3.19,3.19,TSW,TapeTech,480005,3.19,brand_scoped_exact_identifier,SOURCE_VERIFIED_MATCH,true,true
simple,720009,Piston Cup,TapeTech,,4.81,4.81,TSW,TapeTech,720009,4.81,brand_scoped_exact_identifier,SOURCE_VERIFIED_MATCH,true,true
simple,502006,PIVOTBEARING,TapeTech,,5.54,5.54,TSW,TapeTech,502006,5.54,brand_scoped_exact_identifier,SOURCE_VERIFIED_MATCH,true,true
simple,052403,PLUNGER STOP LOCKING STRAP,TapeTech,,8.64,8.64,TSW,TapeTech,052403,8.64,brand_scoped_exact_identifier,SOURCE_VERIFIED_MATCH,true,true
simple,212086,Power Assist Hook,TapeTech,,22.42,22.42,TSW,TapeTech,212086,22.42,brand_scoped_exact_identifier,SOURCE_VERIFIED_MATCH,true,true
simple,054032F,Push Rod Assembly,TapeTech,,24.30,24.30,TSW,TapeTech,054032F,24.30,brand_scoped_exact_identifier,SOURCE_VERIFIED_MATCH,true,true
simple,QCATT,Quick-Connect Adapter,TapeTech,,9.29,9.29,TSW,TapeTech,QCATT,9.29,brand_scoped_exact_identifier,SOURCE_VERIFIED_MATCH,true,true
simple,059201,Screw 5-40 X 3/4 RD Head SST,TapeTech,,5.27,5.27,TSW,TapeTech,059201,5.27,brand_scoped_exact_identifier,SOURCE_VERIFIED_MATCH,true,true
simple,059013,Screw 6-32 X 5/16 Rd.,TapeTech,,0.44,0.44,TSW,TapeTech,059013,0.44,brand_scoped_exact_identifier,SOURCE_VERIFIED_MATCH,true,true
simple,059029,Screw 6-32 X 5/8 Fl.,TapeTech,,0.44,0.44,TSW,TapeTech,059029,0.44,brand_scoped_exact_identifier,SOURCE_VERIFIED_MATCH,true,true
simple,059117,"Screw Self Tap #8 x5/16""",TapeTech,,0.69,0.69,TSW,TapeTech,059117,0.69,brand_scoped_exact_identifier,SOURCE_VERIFIED_MATCH,true,true
simple,350033F,Seal Block,TapeTech,,28.54,28.54,TSW,TapeTech,350033F,28.54,brand_scoped_exact_identifier,SOURCE_VERIFIED_MATCH,true,true
simple,054110F,Shaft Drive Assembly - Includes Sprocket,TapeTech,,22.66,22.66,TSW,TapeTech,054110F,22.66,brand_scoped_exact_identifier,SOURCE_VERIFIED_MATCH,true,true
simple,059098,"Shim, Side Plate",TapeTech,,2.60,2.60,TSW,TapeTech,059098,2.60,brand_scoped_exact_identifier,SOURCE_VERIFIED_MATCH,true,true
simple,054096F,Short Creaser Assembly,TapeTech,,6.93,6.93,TSW,TapeTech,054096F,6.93,brand_scoped_exact_identifier,SOURCE_VERIFIED_MATCH,true,true
simple,202036,Shoulder Screw,TapeTech,,3.26,3.26,TSW,TapeTech,202036,3.26,brand_scoped_exact_identifier,SOURCE_VERIFIED_MATCH,true,true
simple,210059,Shoulder Screw,TapeTech,,4.40,4.40,TSW,TapeTech,210059,4.40,brand_scoped_exact_identifier,SOURCE_VERIFIED_MATCH,true,true
simple,251023G,Side Plate,TapeTech,,40.60,40.60,TSW,TapeTech,251023G,40.60,brand_scoped_exact_identifier,SOURCE_VERIFIED_MATCH,true,true
simple,251025G,Side Plate,TapeTech,,40.60,40.60,TSW,TapeTech,251025G,40.60,brand_scoped_exact_identifier,SOURCE_VERIFIED_MATCH,true,true
simple,051105,Side Plate- Stainless Steel,TapeTech,,36.52,36.52,TSW,TapeTech,051105,36.52,brand_scoped_exact_identifier,SOURCE_VERIFIED_MATCH,true,true
simple,050023F,Spacer Bar,TapeTech,,3.34,3.34,TSW,TapeTech,050023F,3.34,brand_scoped_exact_identifier,SOURCE_VERIFIED_MATCH,true,true
simple,050152F,Spacer Rod,TapeTech,,4.61,4.61,TSW,TapeTech,050152F,4.61,brand_scoped_exact_identifier,SOURCE_VERIFIED_MATCH,true,true
simple,219091,Spring,TapeTech,,3.67,3.67,TSW,TapeTech,219091,3.67,brand_scoped_exact_identifier,SOURCE_VERIFIED_MATCH,true,true
simple,202020,Spring Anchor,TapeTech,,3.42,3.42,TSW,TapeTech,202020,3.42,brand_scoped_exact_identifier,SOURCE_VERIFIED_MATCH,true,true
simple,632026,"Spring, Nail Spotter",TapeTech,,2.93,2.93,TSW,TapeTech,632026,2.93,brand_scoped_exact_identifier,SOURCE_VERIFIED_MATCH,true,true
simple,0521496,Sprocket Bushing [6],TapeTech,,10.41,10.41,TSW,TapeTech,0521496,10.41,brand_scoped_exact_identifier,SOURCE_VERIFIED_MATCH,true,true
simple,052125,Sprocket Driver,TapeTech,,6.11,6.11,TSW,TapeTech,052125,6.11,brand_scoped_exact_identifier,SOURCE_VERIFIED_MATCH,true,true
simple,506009,Stainless Steel Cone,TapeTech,,70.52,70.52,TSW,TapeTech,506009,70.52,brand_scoped_exact_identifier,SOURCE_VERIFIED_MATCH,true,true
simple,059060,"Stopnut 3-48 Hex., Nyloc SST",TapeTech,,0.44,0.44,TSW,TapeTech,059060,0.44,brand_scoped_exact_identifier,SOURCE_VERIFIED_MATCH,true,true
simple,054075,Tape Runner Assembly,TapeTech,,15.98,15.98,TSW,TapeTech,054075,15.98,brand_scoped_exact_identifier,SOURCE_VERIFIED_MATCH,true,true
simple,054104,Tape Runner Assembly,TapeTech,,15.98,15.98,TSW,TapeTech,054104,15.98,brand_scoped_exact_identifier,SOURCE_VERIFIED_MATCH,true,true
simple,055007,Tape Tech Automatic Taper Locking Roller Assembly Brake Part #055007,TapeTech,,5.48,5.48,TSW,TapeTech,055007,5.48,brand_scoped_exact_identifier,SOURCE_VERIFIED_MATCH,true,true
simple,411003,Tape Tech Part 411003,TapeTech,,19.65,19.65,TSW,TapeTech,411003,19.65,brand_scoped_exact_identifier,SOURCE_VERIFIED_MATCH,true,true
simple,RTTCTT,Taper Cable Repair Tool,TapeTech,,7.36,7.36,TSW,TapeTech,RTTCTT,7.36,brand_scoped_exact_identifier,SOURCE_VERIFIED_MATCH,true,true
simple,050027,TapeTech 04TT Automatic Taper Replacement Needle Holder Lock,TapeTech,,3.26,3.26,TSW,TapeTech,050027,3.26,brand_scoped_exact_identifier,SOURCE_VERIFIED_MATCH,true,true
simple,254005,"TapeTech 10"" Clamp Assembly",TapeTech,,13.86,13.86,TSW,TapeTech,254005,13.86,brand_scoped_exact_identifier,SOURCE_VERIFIED_MATCH,true,true
simple,256027G,"TapeTech 10"" Gold Pressure Plate",TapeTech,,53.16,53.16,TSW,TapeTech,256027G,53.16,brand_scoped_exact_identifier,SOURCE_VERIFIED_MATCH,true,true
simple,306027G,"TapeTech 12"" Pressure Plate (Gold)",TapeTech,,57.56,57.56,TSW,TapeTech,306027G,57.56,brand_scoped_exact_identifier,SOURCE_VERIFIED_MATCH,true,true
simple,310071,"TapeTech 12"" Spacer Rod",TapeTech,,11.41,11.41,TSW,TapeTech,310071,11.41,brand_scoped_exact_identifier,SOURCE_VERIFIED_MATCH,true,true
simple,634028,"TapeTech 2"" Pressure Plate Assembly w/ New Style Tab",TapeTech,,95.80,95.80,TSW,TapeTech,634028,95.80,brand_scoped_exact_identifier,SOURCE_VERIFIED_MATCH,true,true
simple,ERASP0214,TapeTech 2″ x 14″ Tungsten Carbide Rasp,TapeTech,,45.12,45.12,TSW,TapeTech,ERASP0214,45.12,brand_scoped_exact_identifier,SOURCE_VERIFIED_MATCH,true,true
simple,EALFED48,TapeTech 4′ Aluminum Featheredge,TapeTech,,20.95,20.95,TSW,TapeTech,EALFED48,20.95,brand_scoped_exact_identifier,SOURCE_VERIFIED_MATCH,true,true
simple,ERASPSERRATED0414,TapeTech 4″ x 14″ Tungsten Carbide EIFS Claw Rasp,TapeTech,,64.79,64.79,TSW,TapeTech,ERASPSERRATED0414,64.79,brand_scoped_exact_identifier,SOURCE_VERIFIED_MATCH,true,true
simple,ERASP0414,TapeTech 4″ x 14″ Tungsten Carbide EIFS Rasp,TapeTech,,57.85,57.85,TSW,TapeTech,ERASP0414,57.85,brand_scoped_exact_identifier,SOURCE_VERIFIED_MATCH,true,true
simple,EALFED60,TapeTech 5′ Aluminum Featheredge,TapeTech,,25.12,25.12,TSW,TapeTech,EALFED60,25.12,brand_scoped_exact_identifier,SOURCE_VERIFIED_MATCH,true,true
simple,ERASPSERRATED0614,"TapeTech 6"" x 14"" Tungsten Carbide Claw Rasp",TapeTech,,77.52,77.52,TSW,TapeTech,ERASPSERRATED0614,77.52,brand_scoped_exact_identifier,SOURCE_VERIFIED_MATCH,true,true
simple,EALFED72,TapeTech 6′ Aluminum Featheredge,TapeTech,,31.41,31.41,TSW,TapeTech,EALFED72,31.41,brand_scoped_exact_identifier,SOURCE_VERIFIED_MATCH,true,true
simple,EIFSAND0614,TapeTech 6″ x 14″ EIFS Vacuum Hand Rasp,TapeTech,,171.24,171.24,TSW,TapeTech,EIFSAND0614,171.24,brand_scoped_exact_identifier,SOURCE_VERIFIED_MATCH,true,true
simple,ERASP0614,TapeTech 6″ x 14″ Tungsten Carbide EIFS Rasp,TapeTech,,70.58,70.58,TSW,TapeTech,ERASP0614,70.58,brand_scoped_exact_identifier,SOURCE_VERIFIED_MATCH,true,true
simple,SCP001WD,"TapeTech 7""X13"" Galvaniz Steel Bucket Scoop",TapeTech,,11.20,11.20,TSW,TapeTech,SCP001WD,11.20,brand_scoped_exact_identifier,SOURCE_VERIFIED_MATCH,true,true
simple,ERASP0814,TapeTech 8″ x 14″ Tungsten Carbide EIFS Rasp,TapeTech,,90.94,90.94,TSW,TapeTech,ERASP0814,90.94,brand_scoped_exact_identifier,SOURCE_VERIFIED_MATCH,true,true
simple,800018F,TapeTech Box Handle Notched Connector Plate,TapeTech,,22.42,22.42,TSW,TapeTech,800018F,22.42,brand_scoped_exact_identifier,SOURCE_VERIFIED_MATCH,true,true
simple,050500,TapeTech Brake Roller,TapeTech,,11.00,11.00,TSW,TapeTech,050500,11.00,brand_scoped_exact_identifier,SOURCE_VERIFIED_MATCH,true,true
simple,050410B,TapeTech Control Tube Flange - Black,TapeTech,,11.00,11.00,TSW,TapeTech,050410B,11.00,brand_scoped_exact_identifier,SOURCE_VERIFIED_MATCH,true,true
simple,050413,TapeTech Control Tube Wheel,TapeTech,,0.58,0.58,TSW,TapeTech,050413,0.58,brand_scoped_exact_identifier,SOURCE_VERIFIED_MATCH,true,true
simple,050058,TapeTech Control Valve,TapeTech,,5.22,5.22,TSW,TapeTech,050058,5.22,brand_scoped_exact_identifier,SOURCE_VERIFIED_MATCH,true,true
simple,050145,TapeTech Creaser Chain,TapeTech,,8.97,8.97,TSW,TapeTech,050145,8.97,brand_scoped_exact_identifier,SOURCE_VERIFIED_MATCH,true,true
simple,050249,TapeTech Creaser Connector,TapeTech,,24.76,24.76,TSW,TapeTech,050249,24.76,brand_scoped_exact_identifier,SOURCE_VERIFIED_MATCH,true,true
simple,050132F,TapeTech Cut-Off Spring,TapeTech,,4.54,4.54,TSW,TapeTech,050132F,4.54,brand_scoped_exact_identifier,SOURCE_VERIFIED_MATCH,true,true
simple,050019,TapeTech Disengaging Cam,TapeTech,,10.68,10.68,TSW,TapeTech,050019,10.68,brand_scoped_exact_identifier,SOURCE_VERIFIED_MATCH,true,true
simple,883020,TapeTech Extrusion Insert for XH-TT,TapeTech,,21.60,21.60,TSW,TapeTech,883020,21.60,brand_scoped_exact_identifier,SOURCE_VERIFIED_MATCH,true,true
simple,90TT,TapeTech Filler Adapter,TapeTech,,54.28,54.28,TSW,TapeTech,90TT,54.28,brand_scoped_exact_identifier,SOURCE_VERIFIED_MATCH,true,true
simple,704040,TapeTech Filler Tube Assembly,TapeTech,,12.64,12.64,TSW,TapeTech,704040,12.64,brand_scoped_exact_identifier,SOURCE_VERIFIED_MATCH,true,true
simple,202028,TapeTech Flat Box Threaded Washer,TapeTech,,2.85,2.85,TSW,TapeTech,202028,2.85,brand_scoped_exact_identifier,SOURCE_VERIFIED_MATCH,true,true
simple,209046,TapeTech Flat Box Washer,TapeTech,,2.44,2.44,TSW,TapeTech,209046,2.44,brand_scoped_exact_identifier,SOURCE_VERIFIED_MATCH,true,true
simple,310051F,TapeTech Flat Box Wheel,TapeTech,,3.04,3.04,TSW,TapeTech,310051F,3.04,brand_scoped_exact_identifier,SOURCE_VERIFIED_MATCH,true,true
simple,GSRTT,TapeTech Gooseneck Riser,TapeTech,,6.56,6.56,TSW,TapeTech,GSRTT,6.56,brand_scoped_exact_identifier,SOURCE_VERIFIED_MATCH,true,true
simple,054111F,TapeTech Gooser Guide Bushing,TapeTech,,7.74,7.74,TSW,TapeTech,054111F,7.74,brand_scoped_exact_identifier,SOURCE_VERIFIED_MATCH,true,true
simple,T032,TapeTech Gooser Release Cam,TapeTech,,3.45,3.45,TSW,TapeTech,T032,3.45,brand_scoped_exact_identifier,SOURCE_VERIFIED_MATCH,true,true
simple,804003F,TapeTech Grip Assembly For Box Handle,TapeTech,,36.28,36.28,TSW,TapeTech,804003F,36.28,brand_scoped_exact_identifier,SOURCE_VERIFIED_MATCH,true,true
simple,729072,TapeTech Head O-Ring,TapeTech,,0.90,0.90,TSW,TapeTech,729072,0.90,brand_scoped_exact_identifier,SOURCE_VERIFIED_MATCH,true,true
simple,196003,TapeTech Hinge Casting Assembly,TapeTech,,81.40,81.40,TSW,TapeTech,196003,81.40,brand_scoped_exact_identifier,SOURCE_VERIFIED_MATCH,true,true
simple,050150F,TapeTech Hub,TapeTech,,11.41,11.41,TSW,TapeTech,050150F,11.41,brand_scoped_exact_identifier,SOURCE_VERIFIED_MATCH,true,true
simple,JCT01TT,TapeTech Jam Clearing Tool,TapeTech,,3.52,3.52,TSW,TapeTech,JCT01TT,3.52,brand_scoped_exact_identifier,SOURCE_VERIFIED_MATCH,true,true
simple,052407B,TapeTech Keeper Tube Cradle,TapeTech,,5.56,5.56,TSW,TapeTech,052407B,5.56,brand_scoped_exact_identifier,SOURCE_VERIFIED_MATCH,true,true
simple,052409,TapeTech Keeper Wireform,TapeTech,,18.67,18.67,TSW,TapeTech,052409,18.67,brand_scoped_exact_identifier,SOURCE_VERIFIED_MATCH,true,true
simple,210058F,TapeTech Latch,TapeTech,,3.01,3.01,TSW,TapeTech,210058F,3.01,brand_scoped_exact_identifier,SOURCE_VERIFIED_MATCH,true,true
simple,502034,TapeTech Latch for Corner Box,TapeTech,,4.97,4.97,TSW,TapeTech,502034,4.97,brand_scoped_exact_identifier,SOURCE_VERIFIED_MATCH,true,true
simple,050212F,TapeTech Lock Block for 07TT,TapeTech,,6.11,6.11,TSW,TapeTech,050212F,6.11,brand_scoped_exact_identifier,SOURCE_VERIFIED_MATCH,true,true
simple,052052,TapeTech Lock for 07TT,TapeTech,,5.13,5.13,TSW,TapeTech,052052,5.13,brand_scoped_exact_identifier,SOURCE_VERIFIED_MATCH,true,true
simple,882014,TapeTech Locking Clip,TapeTech,,10.76,10.76,TSW,TapeTech,882014,10.76,brand_scoped_exact_identifier,SOURCE_VERIFIED_MATCH,true,true
simple,050163,TapeTech Main Chain Guide,TapeTech,,6.04,6.04,TSW,TapeTech,050163,6.04,brand_scoped_exact_identifier,SOURCE_VERIFIED_MATCH,true,true
simple,729060,TapeTech O-Ring Gasket - Large,TapeTech,,1.03,1.03,TSW,TapeTech,729060,1.03,brand_scoped_exact_identifier,SOURCE_VERIFIED_MATCH,true,true
simple,800021F,TapeTech Pin,TapeTech,,4.81,4.81,TSW,TapeTech,800021F,4.81,brand_scoped_exact_identifier,SOURCE_VERIFIED_MATCH,true,true
simple,050200,TapeTech Plastic Piston,TapeTech,,18.34,18.34,TSW,TapeTech,050200,18.34,brand_scoped_exact_identifier,SOURCE_VERIFIED_MATCH,true,true
simple,EHWJS100,TapeTech Portable Hot Wire Foam Cutter,TapeTech,,471.60,471.60,TSW,TapeTech,EHWJS100,471.60,brand_scoped_exact_identifier,SOURCE_VERIFIED_MATCH,true,true
simple,149021,TapeTech Round Lip U-Cup,TapeTech,,12.64,12.64,TSW,TapeTech,149021,12.64,brand_scoped_exact_identifier,SOURCE_VERIFIED_MATCH,true,true
simple,859016,"TapeTech Round Vinyl Black Cap, .315- ID, 2"" DP",TapeTech,,1.06,1.06,TSW,TapeTech,859016,1.06,brand_scoped_exact_identifier,SOURCE_VERIFIED_MATCH,true,true
simple,800027,TapeTech Short Connector,TapeTech,,17.86,17.86,TSW,TapeTech,800027,17.86,brand_scoped_exact_identifier,SOURCE_VERIFIED_MATCH,true,true
simple,650007,TapeTech Skid for NS03TT,TapeTech,,24.46,24.46,TSW,TapeTech,650007,24.46,brand_scoped_exact_identifier,SOURCE_VERIFIED_MATCH,true,true
simple,650040,TapeTech Special Washer,TapeTech,,4.40,4.40,TSW,TapeTech,650040,4.40,brand_scoped_exact_identifier,SOURCE_VERIFIED_MATCH,true,true
simple,056135,TapeTech Stainless Steel Cutter Chain Assembly,TapeTech,,72.97,72.97,TSW,TapeTech,056135,72.97,brand_scoped_exact_identifier,SOURCE_VERIFIED_MATCH,true,true
simple,054101,TapeTech Tape Guide Assembly,TapeTech,,25.27,25.27,TSW,TapeTech,054101,25.27,brand_scoped_exact_identifier,SOURCE_VERIFIED_MATCH,true,true
simple,149120,Tapetech Threaded Gas Spring,TapeTech,,76.85,76.85,TSW,TapeTech,149120,76.85,brand_scoped_exact_identifier,SOURCE_VERIFIED_MATCH,true,true
simple,050412,TapeTech Wheel Keeper Wire Form,TapeTech,,1.87,1.87,TSW,TapeTech,050412,1.87,brand_scoped_exact_identifier,SOURCE_VERIFIED_MATCH,true,true
simple,700010F,TapeTechï¿½ï¿½ 700010F Valve Seal,TapeTech,,4.26,4.26,TSW,TapeTech,700010F,4.26,brand_scoped_exact_identifier,SOURCE_VERIFIED_MATCH,true,true
simple,TC01TT,Tool Caddy,TapeTech,,37.37,37.37,TSW,TapeTech,TC01TT,37.37,brand_scoped_exact_identifier,SOURCE_VERIFIED_MATCH,true,true
simple,140003,Tube Cap,TapeTech,,13.78,13.78,TSW,TapeTech,140003,13.78,brand_scoped_exact_identifier,SOURCE_VERIFIED_MATCH,true,true
simple,142001,Tube Only for Mudrunner,TapeTech,,86.83,86.83,TSW,TapeTech,142001,86.83,brand_scoped_exact_identifier,SOURCE_VERIFIED_MATCH,true,true
simple,050251F,Tube Protector,TapeTech,,16.00,16.00,TSW,TapeTech,050251F,16.00,brand_scoped_exact_identifier,SOURCE_VERIFIED_MATCH,true,true
simple,059061F,Valve Spring,TapeTech,,1.95,1.95,TSW,TapeTech,059061F,1.95,brand_scoped_exact_identifier,SOURCE_VERIFIED_MATCH,true,true
simple,499024,Washer - .188Id X,TapeTech,,0.44,0.44,TSW,TapeTech,499024,0.44,brand_scoped_exact_identifier,SOURCE_VERIFIED_MATCH,true,true
simple,159027,"Washer 3/8"" OD 3/16"" IDSST",TapeTech,,0.58,0.58,TSW,TapeTech,159027,0.58,brand_scoped_exact_identifier,SOURCE_VERIFIED_MATCH,true,true
simple,151005,Wheel Angle Roller Roller,TapeTech,,20.79,20.79,TSW,TapeTech,151005,20.79,brand_scoped_exact_identifier,SOURCE_VERIFIED_MATCH,true,true
simple,480027,Wheel Bushing,TapeTech,,3.26,3.26,TSW,TapeTech,480027,3.26,brand_scoped_exact_identifier,SOURCE_VERIFIED_MATCH,true,true
simple,052214,WHEEL ENCLOSURE,TapeTech,,20.87,20.87,TSW,TapeTech,052214,20.87,brand_scoped_exact_identifier,SOURCE_VERIFIED_MATCH,true,true
simple,729009,"Wiper, U-Cup",TapeTech,,6.86,6.86,TSW,TapeTech,729009,6.86,brand_scoped_exact_identifier,SOURCE_VERIFIED_MATCH,true,true
variable,TT-APPLICATOR-HEAD,TapeTech Applicator Head,TapeTech,,,,,,,,,NOT_A_PRICE_OWNER,false,false
variation,16TT,TapeTech Applicator Head - Outside Corner,TapeTech,TT-APPLICATOR-HEAD,59.80,59.80,TSW,TapeTech,16TT,59.80,brand_scoped_exact_identifier,SOURCE_VERIFIED_MATCH,true,true
variation,16TT90,TapeTech Applicator Head - Inside Corner,TapeTech,TT-APPLICATOR-HEAD,59.80,59.80,TSW,TapeTech,16TT90,59.80,brand_scoped_exact_identifier,SOURCE_VERIFIED_MATCH,true,true
variable,TT-COVE-APPLICATOR-HEAD,TapeTech Cove Applicator Head,TapeTech,,,,,,,,,NOT_A_PRICE_OWNER,false,false
variation,CH55TT,TapeTech Cove Applicator Head - 55 mm,TapeTech,TT-COVE-APPLICATOR-HEAD,64.35,64.35,,,,,,EXISTING_COST_NOT_MATCHED_TO_INSPECTED_SOURCES,false,false
variation,CH75TT,TapeTech Cove Applicator Head - 75 mm,TapeTech,TT-COVE-APPLICATOR-HEAD,64.35,64.35,,,,,,EXISTING_COST_NOT_MATCHED_TO_INSPECTED_SOURCES,false,false
variation,CH83TT,TapeTech Cove Applicator Head - 83 mm,TapeTech,TT-COVE-APPLICATOR-HEAD,64.35,64.35,,,,,,EXISTING_COST_NOT_MATCHED_TO_INSPECTED_SOURCES,false,false
variation,CH90TT,TapeTech Cove Applicator Head - 90 mm,TapeTech,TT-COVE-APPLICATOR-HEAD,64.35,64.35,,,,,,EXISTING_COST_NOT_MATCHED_TO_INSPECTED_SOURCES,false,false
variable,TT-EASYCLEAN-AUTOMATIC-TAPER,TapeTech EasyClean® Automatic Taper,TapeTech,,,,,,,,,NOT_A_PRICE_OWNER,false,false
variation,07TT,TapeTech EasyClean® Automatic Taper - Standard,TapeTech,TT-EASYCLEAN-AUTOMATIC-TAPER,1170.48,1170.48,TSW,TapeTech,07TT,1170.48,brand_scoped_exact_identifier,SOURCE_VERIFIED_MATCH,true,true
variation,07TT-C,TapeTech EasyClean® Automatic Taper - Carbon Fiber,TapeTech,TT-EASYCLEAN-AUTOMATIC-TAPER,1271.32,1271.32,TSW,TapeTech,07TTC,1271.32,brand_scoped_exact_identifier,SOURCE_VERIFIED_MATCH,true,true
variation,03TT,"TapeTech EasyClean® Automatic Taper - Mini-Taper 40.5""",TapeTech,TT-EASYCLEAN-AUTOMATIC-TAPER,1153.75,1153.75,,,,,,EXISTING_COST_NOT_MATCHED_TO_INSPECTED_SOURCES,false,false
variable,TT-COMPOUND-TUBE,TapeTech Compound Tube,TapeTech,,,,,,,,,NOT_A_PRICE_OWNER,false,false
variation,CT24TT,"TapeTech Compound Tube - 24""",TapeTech,TT-COMPOUND-TUBE,129.64,129.64,TSW,TapeTech,CT24TT,129.64,brand_scoped_exact_identifier,SOURCE_VERIFIED_MATCH,true,true
variation,CT36TT,"TapeTech Compound Tube - 36""",TapeTech,TT-COMPOUND-TUBE,137.96,137.96,TSW,TapeTech,CT36TT,137.96,brand_scoped_exact_identifier,SOURCE_VERIFIED_MATCH,true,true
variation,CT42TT,"TapeTech Compound Tube - 42""",TapeTech,TT-COMPOUND-TUBE,147.76,147.76,TSW,TapeTech,CT42TT,147.76,brand_scoped_exact_identifier,SOURCE_VERIFIED_MATCH,true,true
variable,TT-CORNER-APPLICATOR,TapeTech Corner Applicator,TapeTech,,,,,,,,,NOT_A_PRICE_OWNER,false,false
variation,CA07TT,"TapeTech Corner Applicator - 7""",TapeTech,TT-CORNER-APPLICATOR,206.89,206.89,TSW,TapeTech,CA07TT,206.89,brand_scoped_exact_identifier,SOURCE_VERIFIED_MATCH,true,true
variation,CA08TT,"TapeTech Corner Applicator - 8""",TapeTech,TT-CORNER-APPLICATOR,218.63,218.63,TSW,TapeTech,CA08TT,218.63,brand_scoped_exact_identifier,SOURCE_VERIFIED_MATCH,true,true
variable,TT-CORNER-FINISHER,TapeTech Corner Finisher,TapeTech,,,,,,,,,NOT_A_PRICE_OWNER,false,false
variation,40XTT,"TapeTech Corner Finisher - 2""",TapeTech,TT-CORNER-FINISHER,262.50,262.50,TSW,TapeTech,40XTT,262.50,brand_scoped_exact_identifier,SOURCE_VERIFIED_MATCH,true,true
variation,42TT,"TapeTech Corner Finisher - 2.5""",TapeTech,TT-CORNER-FINISHER,271.00,271.00,TSW,TapeTech,42TT,271.00,brand_scoped_exact_identifier,SOURCE_VERIFIED_MATCH,true,true
variation,48TT,"TapeTech Corner Finisher - 3"" EasyRoll® Adjustable",TapeTech,TT-CORNER-FINISHER,278.50,278.50,TSW,TapeTech,48TT,278.50,brand_scoped_exact_identifier,SOURCE_VERIFIED_MATCH,true,true
variation,48XTT,"TapeTech Corner Finisher - 3.5"" EasyRoll® Adjustable",TapeTech,TT-CORNER-FINISHER,313.75,313.75,TSW,TapeTech,48XTT,313.75,brand_scoped_exact_identifier,SOURCE_VERIFIED_MATCH,true,true
variable,TT-COMBO-CORNER-FLUSHER,TapeTech Combo Corner Flusher,TapeTech,,,,,,,,,NOT_A_PRICE_OWNER,false,false
variation,CF25COMBO,"TapeTech Combo Corner Flusher - 2.5""",TapeTech,TT-COMBO-CORNER-FLUSHER,116.35,116.35,,,,,,EXISTING_COST_NOT_MATCHED_TO_INSPECTED_SOURCES,false,false
variation,CF30COMBO,"TapeTech Combo Corner Flusher - 3""",TapeTech,TT-COMBO-CORNER-FLUSHER,119.6,119.6,,,,,,EXISTING_COST_NOT_MATCHED_TO_INSPECTED_SOURCES,false,false
variation,CF35COMBO,"TapeTech Combo Corner Flusher - 3.5""",TapeTech,TT-COMBO-CORNER-FLUSHER,122.85,122.85,,,,,,EXISTING_COST_NOT_MATCHED_TO_INSPECTED_SOURCES,false,false
variation,CF40COMBO,"TapeTech Combo Corner Flusher - 4""",TapeTech,TT-COMBO-CORNER-FLUSHER,126.1,126.1,,,,,,EXISTING_COST_NOT_MATCHED_TO_INSPECTED_SOURCES,false,false
variable,TT-DIRECT-CORNER-FLUSHER,TapeTech Direct Corner Flusher,TapeTech,,,,,,,,,NOT_A_PRICE_OWNER,false,false
variation,CF25TT,"TapeTech Direct Corner Flusher - 2.5""",TapeTech,TT-DIRECT-CORNER-FLUSHER,70.88,70.88,TSW,TapeTech,CF25TT,70.88,brand_scoped_exact_identifier,SOURCE_VERIFIED_MATCH,true,true
variation,CF30TT,"TapeTech Direct Corner Flusher - 3""",TapeTech,TT-DIRECT-CORNER-FLUSHER,69.08,69.08,TSW,TapeTech,CF30TT,69.08,brand_scoped_exact_identifier,SOURCE_VERIFIED_MATCH,true,true
variation,CF35TT,"TapeTech Direct Corner Flusher - 3.5""",TapeTech,TT-DIRECT-CORNER-FLUSHER,69.35,69.35,TSW,TapeTech,CF35TT,69.35,brand_scoped_exact_identifier,SOURCE_VERIFIED_MATCH,true,true
variation,CF40TT,"TapeTech Direct Corner Flusher - 4""",TapeTech,TT-DIRECT-CORNER-FLUSHER,72.86,72.86,TSW,TapeTech,CF40TT,72.86,brand_scoped_exact_identifier,SOURCE_VERIFIED_MATCH,true,true
variable,TT-CORNER-ROLLER,TapeTech Corner Roller,TapeTech,,,,,,,,,NOT_A_PRICE_OWNER,false,false
variation,15TTE,TapeTech Corner Roller - Inside Corner,TapeTech,TT-CORNER-ROLLER,122.85,122.85,,,,,,EXISTING_COST_NOT_MATCHED_TO_INSPECTED_SOURCES,false,false
variation,17TT,TapeTech Corner Roller - Outside Corner,TapeTech,TT-CORNER-ROLLER,113.32,113.32,TSW,TapeTech,17TT,113.32,brand_scoped_exact_identifier,SOURCE_VERIFIED_MATCH,true,true
variation,17TTE,TapeTech Corner Roller - Flex Tape Outside Corner,TapeTech,TT-CORNER-ROLLER,128.84,128.84,TSW,TapeTech,17TTE,128.84,brand_scoped_exact_identifier,SOURCE_VERIFIED_MATCH,true,true
variable,TT-EASYCLEAN-FINISHING-BOX,TapeTech EasyClean® Finishing Box,TapeTech,,,,,,,,,NOT_A_PRICE_OWNER,false,false
variation,EZ07TT,"TapeTech EasyClean® Finishing Box - 7""",TapeTech,TT-EASYCLEAN-FINISHING-BOX,264.31,264.31,TSW,TapeTech,EZ07TT,264.31,brand_scoped_exact_identifier,SOURCE_VERIFIED_MATCH,true,true
variation,EZ10TT,"TapeTech EasyClean® Finishing Box - 10""",TapeTech,TT-EASYCLEAN-FINISHING-BOX,274.18,274.18,TSW,TapeTech,EZ10TT,274.18,brand_scoped_exact_identifier,SOURCE_VERIFIED_MATCH,true,true
variation,EZ12TT,"TapeTech EasyClean® Finishing Box - 12""",TapeTech,TT-EASYCLEAN-FINISHING-BOX,284.00,284.00,TSW,TapeTech,EZ12TT,284.00,brand_scoped_exact_identifier,SOURCE_VERIFIED_MATCH,true,true
variation,EZ15TT,"TapeTech EasyClean® Finishing Box - 15""",TapeTech,TT-EASYCLEAN-FINISHING-BOX,278.85,278.85,,,,,,EXISTING_COST_NOT_MATCHED_TO_INSPECTED_SOURCES,false,false
variable,TT-MAXXBOX-HIGH-CAPACITY-FINISHING-BOX,TapeTech MaxxBox® High Capacity Finishing Box,TapeTech,,,,,,,,,NOT_A_PRICE_OWNER,false,false
variation,EHC07,"TapeTech MaxxBox® High Capacity Finishing Box - 7""",TapeTech,TT-MAXXBOX-HIGH-CAPACITY-FINISHING-BOX,272.35,272.35,,,,,,EXISTING_COST_NOT_MATCHED_TO_INSPECTED_SOURCES,false,false
variation,EHC10,"TapeTech MaxxBox® High Capacity Finishing Box - 10""",TapeTech,TT-MAXXBOX-HIGH-CAPACITY-FINISHING-BOX,272.35,272.35,,,,,,EXISTING_COST_NOT_MATCHED_TO_INSPECTED_SOURCES,false,false
variation,EHC12,"TapeTech MaxxBox® High Capacity Finishing Box - 12""",TapeTech,TT-MAXXBOX-HIGH-CAPACITY-FINISHING-BOX,288.6,288.6,,,,,,EXISTING_COST_NOT_MATCHED_TO_INSPECTED_SOURCES,false,false
variable,TT-POWER-ASSIST-MAXXBOX-FINISHING-BOX,TapeTech Power Assist® MaxxBox® Finishing Box,TapeTech,,,,,,,,,NOT_A_PRICE_OWNER,false,false
variation,PAHC07,"TapeTech Power Assist® MaxxBox® Finishing Box - 7""",TapeTech,TT-POWER-ASSIST-MAXXBOX-FINISHING-BOX,343.88,343.88,TSW,TapeTech,PAHC07,343.88,brand_scoped_exact_identifier,SOURCE_VERIFIED_MATCH,true,true
variation,PAHC10,"TapeTech Power Assist® MaxxBox® Finishing Box - 10""",TapeTech,TT-POWER-ASSIST-MAXXBOX-FINISHING-BOX,346.45,346.45,TSW,TapeTech,PAHC10,346.45,brand_scoped_exact_identifier,SOURCE_VERIFIED_MATCH,true,true
variation,PAHC12,"TapeTech Power Assist® MaxxBox® Finishing Box - 12""",TapeTech,TT-POWER-ASSIST-MAXXBOX-FINISHING-BOX,364.11,364.11,TSW,TapeTech,PAHC12,364.11,brand_scoped_exact_identifier,SOURCE_VERIFIED_MATCH,true,true
variable,TT-QUICKBOX-QSX-FINISHING-BOX,TapeTech QuickBox® QSX Finishing Box,TapeTech,,,,,,,,,NOT_A_PRICE_OWNER,false,false
variation,QB06-QSX,"TapeTech QuickBox® QSX Finishing Box - 6.5""",TapeTech,TT-QUICKBOX-QSX-FINISHING-BOX,97.23,97.23,TSW,TapeTech,QB06QSX,97.23,brand_scoped_exact_identifier,SOURCE_VERIFIED_MATCH,true,true
variation,QB08-QSX,"TapeTech QuickBox® QSX Finishing Box - 8.5""",TapeTech,TT-QUICKBOX-QSX-FINISHING-BOX,126.13,126.13,TSW,TapeTech,QB08QSX,126.13,brand_scoped_exact_identifier,SOURCE_VERIFIED_MATCH,true,true
variable,TT-BRAKELESS-BOX-HANDLE,TapeTech Brakeless Box Handle,TapeTech,,,,,,,,,NOT_A_PRICE_OWNER,false,false
variation,BHE-SW,"TapeTech Brakeless Box Handle - Rotational Extendable 34""-60""",TapeTech,TT-BRAKELESS-BOX-HANDLE,238.55,238.55,TSW,TapeTech,BHESW,238.55,brand_scoped_exact_identifier,SOURCE_VERIFIED_MATCH,true,true
variation,BH,"TapeTech Brakeless Box Handle - Fixed 34""",TapeTech,TT-BRAKELESS-BOX-HANDLE,99.12,99.12,TSW,TapeTech,BH,99.12,brand_scoped_exact_identifier,SOURCE_VERIFIED_MATCH,true,true
variation,BHE,"TapeTech Brakeless Box Handle - Extendable 34""-60""",TapeTech,TT-BRAKELESS-BOX-HANDLE,214.00,214.00,TSW,TapeTech,BHE,214.00,brand_scoped_exact_identifier,SOURCE_VERIFIED_MATCH,true,true
variable,TT-EASYFINISH-BOX-HANDLE,TapeTech EasyFinish™ Box Handle,TapeTech,,,,,,,,,NOT_A_PRICE_OWNER,false,false
variation,8134TT,"TapeTech EasyFinish™ Box Handle - 34""",TapeTech,TT-EASYFINISH-BOX-HANDLE,181.83,181.83,TSW,TapeTech,8134TT,181.83,brand_scoped_exact_identifier,SOURCE_VERIFIED_MATCH,true,true
variation,8142TT,"TapeTech EasyFinish™ Box Handle - 42""",TapeTech,TT-EASYFINISH-BOX-HANDLE,187.11,187.11,TSW,TapeTech,8142TT,187.11,brand_scoped_exact_identifier,SOURCE_VERIFIED_MATCH,true,true
variation,8154TT,"TapeTech EasyFinish™ Box Handle - 54""",TapeTech,TT-EASYFINISH-BOX-HANDLE,191.29,191.29,TSW,TapeTech,8154TT,191.29,brand_scoped_exact_identifier,SOURCE_VERIFIED_MATCH,true,true
variation,8172TT,"TapeTech EasyFinish™ Box Handle - 72""",TapeTech,TT-EASYFINISH-BOX-HANDLE,203.89,203.89,TSW,TapeTech,8172TT,203.89,brand_scoped_exact_identifier,SOURCE_VERIFIED_MATCH,true,true
simple,MRX01TT,TapeTech Extension,TapeTech,,116.35,116.35,,,,,,EXISTING_COST_NOT_MATCHED_TO_INSPECTED_SOURCES,false,false
variable,TT-FLAT-BOX-HANDLE,TapeTech Flat Box Handle,TapeTech,,,,,,,,,NOT_A_PRICE_OWNER,false,false
variation,8034TT,"TapeTech Flat Box Handle - 34""",TapeTech,TT-FLAT-BOX-HANDLE,146.00,146.00,TSW,TapeTech,8034TT,146.00,brand_scoped_exact_identifier,SOURCE_VERIFIED_MATCH,true,true
variation,8042TT,"TapeTech Flat Box Handle - 42""",TapeTech,TT-FLAT-BOX-HANDLE,162.14,162.14,TSW,TapeTech,8042TT,162.14,brand_scoped_exact_identifier,SOURCE_VERIFIED_MATCH,true,true
variation,8054TT,"TapeTech Flat Box Handle - 54""",TapeTech,TT-FLAT-BOX-HANDLE,164.00,164.00,TSW,TapeTech,8054TT,164.00,brand_scoped_exact_identifier,SOURCE_VERIFIED_MATCH,true,true
variation,8072TT,"TapeTech Flat Box Handle - 72""",TapeTech,TT-FLAT-BOX-HANDLE,167.00,167.00,TSW,TapeTech,8072TT,167.00,brand_scoped_exact_identifier,SOURCE_VERIFIED_MATCH,true,true
variable,TT-SUPPORT-HANDLE,TapeTech Support Handle,TapeTech,,,,,,,,,NOT_A_PRICE_OWNER,false,false
variation,FHTT,TapeTech Support Handle - Fiberglass,TapeTech,TT-SUPPORT-HANDLE,39.19,39.19,TSW,TapeTech,FHTT,39.19,brand_scoped_exact_identifier,SOURCE_VERIFIED_MATCH,true,true
variation,FHTT-CC,TapeTech Support Handle - Closet Crusher Fiberglass,TapeTech,TT-SUPPORT-HANDLE,34.64,34.64,TSW,TapeTech,FHTTCC,34.64,brand_scoped_exact_identifier,SOURCE_VERIFIED_MATCH,true,true
variation,XHTT,TapeTech Support Handle - Extension,TapeTech,TT-SUPPORT-HANDLE,122.22,122.22,TSW,TapeTech,XHTT,122.22,brand_scoped_exact_identifier,SOURCE_VERIFIED_MATCH,true,true
variable,TT-SUPPORT-HANDLE-ADAPTER,TapeTech Support Handle Adapter,TapeTech,,,,,,,,,NOT_A_PRICE_OWNER,false,false
variation,CAA-TT,TapeTech Support Handle Adapter - Corner Applicator,TapeTech,TT-SUPPORT-HANDLE-ADAPTER,29.80,29.80,TSW,TapeTech,CAATT,29.80,brand_scoped_exact_identifier,SOURCE_VERIFIED_MATCH,true,true
variation,CFA-TT,TapeTech Support Handle Adapter - Corner Finisher,TapeTech,TT-SUPPORT-HANDLE-ADAPTER,34.04,34.04,TSW,TapeTech,CFATT,34.04,brand_scoped_exact_identifier,SOURCE_VERIFIED_MATCH,true,true
variation,NSA-TT,TapeTech Support Handle Adapter - Nail Spotter,TapeTech,TT-SUPPORT-HANDLE-ADAPTER,29.90,29.90,TSW,TapeTech,NSATT,29.90,brand_scoped_exact_identifier,SOURCE_VERIFIED_MATCH,true,true
variable,TT-WIZARD-COMPACT-FINISHING-BOX-HANDLE,TapeTech Wizard® Compact Finishing Box Handle,TapeTech,,,,,,,,,NOT_A_PRICE_OWNER,false,false
variation,8000TT,TapeTech Wizard® Compact Finishing Box Handle - Standard,TapeTech,TT-WIZARD-COMPACT-FINISHING-BOX-HANDLE,55.47,55.47,TSW,TapeTech,8000TT,55.47,brand_scoped_exact_identifier,SOURCE_VERIFIED_MATCH,true,true
variation,8000TT-PA,TapeTech Wizard® Compact Finishing Box Handle - Power Assist,TapeTech,TT-WIZARD-COMPACT-FINISHING-BOX-HANDLE,55.47,55.47,TSW,TapeTech,8000TTPA,55.47,brand_scoped_exact_identifier,SOURCE_VERIFIED_MATCH,true,true
simple,88TTE,TapeTech XTender Finishing Box Handle,TapeTech,,259.39,259.39,TSW,TapeTech,88TTE,259.39,brand_scoped_exact_identifier,SOURCE_VERIFIED_MATCH,true,true
variable,TT-EASYCLEAN-PUMP,TapeTech EasyClean® Pump,TapeTech,,,,,,,,,NOT_A_PRICE_OWNER,false,false
variation,76TT,TapeTech EasyClean® Pump - Standard,TapeTech,TT-EASYCLEAN-PUMP,284.93,284.93,TSW,TapeTech,76TT,284.93,brand_scoped_exact_identifier,SOURCE_VERIFIED_MATCH,true,true
variation,76TT-CA,TapeTech EasyClean® Pump - Canada,TapeTech,TT-EASYCLEAN-PUMP,265.85,265.85,,,,,,EXISTING_COST_NOT_MATCHED_TO_INSPECTED_SOURCES,false,false
variation,76XLTT,TapeTech EasyClean® Pump - Extra Long,TapeTech,TT-EASYCLEAN-PUMP,455.91,455.91,TSW,TapeTech,76XLTT,455.91,brand_scoped_exact_identifier,SOURCE_VERIFIED_MATCH,true,true
variable,TT-NAIL-SPOTTER,TapeTech Nail Spotter,TapeTech,,,,,,,,,NOT_A_PRICE_OWNER,false,false
variation,NS02TT,"TapeTech Nail Spotter - 2""",TapeTech,TT-NAIL-SPOTTER,212.56,212.56,TSW,TapeTech,NS02TT,212.56,brand_scoped_exact_identifier,SOURCE_VERIFIED_MATCH,true,true
variation,NS03TT,"TapeTech Nail Spotter - 3""",TapeTech,TT-NAIL-SPOTTER,219.17,219.17,TSW,TapeTech,NS03TT,219.17,brand_scoped_exact_identifier,SOURCE_VERIFIED_MATCH,true,true
variable,TT-MUDRUNNER,TapeTech MudRunner® Compound Applicator,TapeTech,,,,,,,,,NOT_A_PRICE_OWNER,false,false
variation,14TT,TapeTech MudRunner® Compound Applicator - Standard,TapeTech,TT-MUDRUNNER,585,585,,,,,,EXISTING_COST_NOT_MATCHED_TO_INSPECTED_SOURCES,false,false
variation,MR01TT,TapeTech MudRunner® Compound Applicator - Pro,TapeTech,TT-MUDRUNNER,762.08,762.08,TSW,TapeTech,MR01TT,762.08,brand_scoped_exact_identifier,SOURCE_VERIFIED_MATCH,true,true
simple,TTBBS,TapeTech Basic Box Set,TapeTech,,1068.6,1068.6,,,,,,EXISTING_COST_NOT_MATCHED_TO_INSPECTED_SOURCES,false,false
simple,TTBTS,TapeTech Basic Taping Set,TapeTech,,1838.85,1838.85,,,,,,EXISTING_COST_NOT_MATCHED_TO_INSPECTED_SOURCES,false,false
simple,TTCFS,TapeTech Corner Finishing Set,TapeTech,,920.4,920.4,,,,,,EXISTING_COST_NOT_MATCHED_TO_INSPECTED_SOURCES,false,false
simple,TTCFS-M,TapeTech MudRunner Corner Finishing Set,TapeTech,,1253.2,1253.2,,,,,,EXISTING_COST_NOT_MATCHED_TO_INSPECTED_SOURCES,false,false
simple,TTPFB,TapeTech Paper Faced Bead Pro Set,TapeTech,,1266.85,1266.85,,,,,,EXISTING_COST_NOT_MATCHED_TO_INSPECTED_SOURCES,false,false
simple,TTPPS-EF,TapeTech Pro Performance Easy Finish Set,TapeTech,,4741.75,4741.75,,,,,,EXISTING_COST_NOT_MATCHED_TO_INSPECTED_SOURCES,false,false
simple,TTPPS,TapeTech Pro Performance Set,TapeTech,,4306.25,4306.25,,,,,,EXISTING_COST_NOT_MATCHED_TO_INSPECTED_SOURCES,false,false
simple,TTPSS,TapeTech Professional Starter Set,TapeTech,,2963.35,2963.35,,,,,,EXISTING_COST_NOT_MATCHED_TO_INSPECTED_SOURCES,false,false
simple,TTSFS,TapeTech Standard Full Set - Standard,TapeTech,,3222.7,3222.7,,,,,,EXISTING_COST_NOT_MATCHED_TO_INSPECTED_SOURCES,false,false
simple,TTSFS-2,TapeTech Standard Full Set - With 2 Pumps,TapeTech,,3482.05,3482.05,,,,,,EXISTING_COST_NOT_MATCHED_TO_INSPECTED_SOURCES,false,false
variable,USG-MAGNESIUM-STILTS,USG Sheetrock Tools Professional Magnesium Drywall Stilts,USG Sheetrock Tools,,,255.82,,,,,,NOT_A_PRICE_OWNER,false,false
variation,340925,"USG Sheetrock Tools 18""-30"" Professional Magnesium Drywall Stilts",USG Sheetrock Tools,USG-MAGNESIUM-STILTS,255.82,255.82,TSW,USG Sheetrock® Tools,340925,255.82,brand_scoped_exact_identifier,SOURCE_VERIFIED_MATCH,true,true
variation,340926,"USG Sheetrock Tools 24""-40"" Professional Magnesium Drywall Stilts",USG Sheetrock Tools,USG-MAGNESIUM-STILTS,263.68,263.68,TSW,USG Sheetrock® Tools,340926,263.68,brand_scoped_exact_identifier,SOURCE_VERIFIED_MATCH,true,true
simple,SRSSL,"1-1/2"" Leg Strap w/ Buckle for Stilt",USG Sheetrock Tools,,6.19,6.19,TSW,USG Sheetrock® Tools,SRSSL,6.19,brand_scoped_exact_identifier,SOURCE_VERIFIED_MATCH,true,true
simple,340405,10 in USG Sheetrock Tools Classic Stainless Steel Drywall Mud Pan,USG Sheetrock Tools,,24.76,24.76,TSW,USG Sheetrock® Tools,340405,24.76,brand_scoped_exact_identifier,SOURCE_VERIFIED_MATCH,true,true
simple,340401,10 in USG Sheetrock Tools MATRIX Stainless Steel Mud Pan,USG Sheetrock Tools,,27.25,27.25,TSW,USG Sheetrock® Tools,340401,27.25,brand_scoped_exact_identifier,SOURCE_VERIFIED_MATCH,true,true
simple,340406,12 in USG Sheetrock Tools Classic Stainless Steel Drywall Mud Pan,USG Sheetrock Tools,,25.56,25.56,TSW,USG Sheetrock® Tools,340406,25.56,brand_scoped_exact_identifier,SOURCE_VERIFIED_MATCH,true,true
simple,340402,12 in USG Sheetrock Tools MATRIX Stainless Steel Mud Pan,USG Sheetrock Tools,,28.74,28.74,TSW,USG Sheetrock® Tools,340402,28.74,brand_scoped_exact_identifier,SOURCE_VERIFIED_MATCH,true,true
simple,340407,14 in USG Sheetrock Tools Classic Stainless Steel Drywall Mud Pan,USG Sheetrock Tools,,26.38,26.38,TSW,USG Sheetrock® Tools,340407,26.38,brand_scoped_exact_identifier,SOURCE_VERIFIED_MATCH,true,true
simple,340403,14 in USG Sheetrock Tools MATRIX Stainless Steel Mud Pan,USG Sheetrock Tools,,30.10,30.10,TSW,USG Sheetrock® Tools,340403,30.10,brand_scoped_exact_identifier,SOURCE_VERIFIED_MATCH,true,true
simple,340413,30 in USG Sheetrock Tools Mud Mixer,USG Sheetrock Tools,,27.99,27.99,TSW,USG Sheetrock® Tools,340413,27.99,brand_scoped_exact_identifier,SOURCE_VERIFIED_MATCH,true,true
simple,340416,48 in USG Sheetrock Tools Heavy Duty T-Square,USG Sheetrock Tools,,19.97,19.97,TSW,USG Sheetrock® Tools,340416,19.97,brand_scoped_exact_identifier,SOURCE_VERIFIED_MATCH,true,true
simple,340417,54 in USG Sheetrock Tools Heavy Duty T-Square,USG Sheetrock Tools,,22.57,22.57,TSW,USG Sheetrock® Tools,340417,22.57,brand_scoped_exact_identifier,SOURCE_VERIFIED_MATCH,true,true
simple,340414,6 in USG Sheetrock Tools Jab Saw,USG Sheetrock Tools,,11.29,11.29,TSW,USG Sheetrock® Tools,340414,11.29,brand_scoped_exact_identifier,SOURCE_VERIFIED_MATCH,true,true
simple,114FDWS8M,"6 X 1-1/4"" Textured Head, Fine Thread Drywall Screw [Bulk]",USG Sheetrock Tools,,48.13,48.13,TSW,USG Sheetrock® Tools,114FDWS8M,48.13,brand_scoped_exact_identifier,SOURCE_VERIFIED_MATCH,true,true
simple,158FDWS5,"6 X 1-5/8"" Textured Head, Fine Thread Drywall Screw [5LB]",USG Sheetrock Tools,,13.89,13.89,TSW,USG Sheetrock® Tools,158FDWS5,13.89,brand_scoped_exact_identifier,SOURCE_VERIFIED_MATCH,true,true
simple,158FDWS5M,"6 X 1-5/8"" Textured Head, Fine Thread Drywall Screw [Bulk]",USG Sheetrock Tools,,43.58,43.58,TSW,USG Sheetrock® Tools,158FDWS5M,43.58,brand_scoped_exact_identifier,SOURCE_VERIFIED_MATCH,true,true
simple,340404,8 in USG Sheetrock Tools Mud Pan Grip,USG Sheetrock Tools,,7.69,7.69,TSW,USG Sheetrock® Tools,340404,7.69,brand_scoped_exact_identifier,SOURCE_VERIFIED_MATCH,true,true
simple,SRSST,"USG 1"" Adjustable Toe Strap w/ Buckle",USG Sheetrock Tools,,6.19,6.19,TSW,USG Sheetrock® Tools,SRSST,6.19,brand_scoped_exact_identifier,SOURCE_VERIFIED_MATCH,true,true
simple,SRSSA,"USG 1""Arch Foot Strap for Stilt",USG Sheetrock Tools,,6.19,6.19,TSW,USG Sheetrock® Tools,SRSSA,6.19,brand_scoped_exact_identifier,SOURCE_VERIFIED_MATCH,true,true
simple,SRS24,"USG 1/2-20 X 1-5/8"" Cap Screws w/ Nuts &amp; Washer",USG Sheetrock Tools,,2.07,2.07,TSW,USG Sheetrock® Tools,SRS24,2.07,brand_scoped_exact_identifier,SOURCE_VERIFIED_MATCH,true,true
simple,SRS27,"USG 1/4-20 X 3-1/8"" Cap Screw w/ Nut &amp; Bushing Washers",USG Sheetrock Tools,,2.29,2.29,TSW,USG Sheetrock® Tools,SRS27,2.29,brand_scoped_exact_identifier,SOURCE_VERIFIED_MATCH,true,true
simple,SRS10,USG Adjustable Heel Bracket w/ Screws,USG Sheetrock Tools,,2.53,2.53,TSW,USG Sheetrock® Tools,SRS10,2.53,brand_scoped_exact_identifier,SOURCE_VERIFIED_MATCH,true,true
simple,SRS42,USG Adjustable Height Knob Bolt w/ Washer,USG Sheetrock Tools,,2.40,2.40,TSW,USG Sheetrock® Tools,SRS42,2.40,brand_scoped_exact_identifier,SOURCE_VERIFIED_MATCH,true,true
simple,SRS31,USG Clamp Bracket w/ Nut Bolt and Washers,USG Sheetrock Tools,,3.44,3.44,TSW,USG Sheetrock® Tools,SRS31,3.44,brand_scoped_exact_identifier,SOURCE_VERIFIED_MATCH,true,true
simple,SRSKIT21830,USG Complete Leg Strut Assembly for Model 1830,USG Sheetrock Tools,,49.28,49.28,TSW,USG Sheetrock® Tools,SRSKIT21830,49.28,brand_scoped_exact_identifier,SOURCE_VERIFIED_MATCH,true,true
simple,SRSKIT22440,USG Complete Leg Strut for Model 2440,USG Sheetrock Tools,,52.49,52.49,TSW,USG Sheetrock® Tools,SRSKIT22440,52.49,brand_scoped_exact_identifier,SOURCE_VERIFIED_MATCH,true,true
simple,SRS501830,USG Front Upper Leg for Model 1830,USG Sheetrock Tools,,29.22,29.22,TSW,USG Sheetrock® Tools,SRS501830,29.22,brand_scoped_exact_identifier,SOURCE_VERIFIED_MATCH,true,true
simple,SRS502440,USG Front Upper Leg Model 2440,USG Sheetrock Tools,,33.24,33.24,TSW,USG Sheetrock® Tools,SRS502440,33.24,brand_scoped_exact_identifier,SOURCE_VERIFIED_MATCH,true,true
simple,SRS47L2440,USG Left Rear Upper Leg for Model 2440,USG Sheetrock Tools,,33.24,33.24,TSW,USG Sheetrock® Tools,SRS47L2440,33.24,brand_scoped_exact_identifier,SOURCE_VERIFIED_MATCH,true,true
simple,SRS47L1830,USG Left Rear Upper Leg Model 1830,USG Sheetrock Tools,,29.22,29.22,TSW,USG Sheetrock® Tools,SRS47L1830,29.22,brand_scoped_exact_identifier,SOURCE_VERIFIED_MATCH,true,true
simple,SRS3,USG Leg Band Spacer w/ Nut Bolt &amp; Washers,USG Sheetrock Tools,,2.07,2.07,TSW,USG Sheetrock® Tools,SRS3,2.07,brand_scoped_exact_identifier,SOURCE_VERIFIED_MATCH,true,true
simple,SRS1,USG Leg Band w/ Pad,USG Sheetrock Tools,,13.18,13.18,TSW,USG Sheetrock® Tools,SRS1,13.18,brand_scoped_exact_identifier,SOURCE_VERIFIED_MATCH,true,true
simple,SRS26,USG Lower Foot Plate,USG Sheetrock Tools,,12.03,12.03,TSW,USG Sheetrock® Tools,SRS26,12.03,brand_scoped_exact_identifier,SOURCE_VERIFIED_MATCH,true,true
simple,SRS511830,USG Lower Leg for Model 1830,USG Sheetrock Tools,,24.07,24.07,TSW,USG Sheetrock® Tools,SRS511830,24.07,brand_scoped_exact_identifier,SOURCE_VERIFIED_MATCH,true,true
simple,SRS512440,USG Lower Leg Model 2440,USG Sheetrock Tools,,28.65,28.65,TSW,USG Sheetrock® Tools,SRS512440,28.65,brand_scoped_exact_identifier,SOURCE_VERIFIED_MATCH,true,true
simple,SRS231830,USG Lower Strut Tube for Model 1830,USG Sheetrock Tools,,20.40,20.40,TSW,USG Sheetrock® Tools,SRS231830,20.40,brand_scoped_exact_identifier,SOURCE_VERIFIED_MATCH,true,true
simple,SRS232440,USG Lower Strut Tube for Model 2440,USG Sheetrock Tools,,22.69,22.69,TSW,USG Sheetrock® Tools,SRS232440,22.69,brand_scoped_exact_identifier,SOURCE_VERIFIED_MATCH,true,true
simple,SRS47R1830,USG Right Rear Upper Leg for Model 1830,USG Sheetrock Tools,,29.22,29.22,TSW,USG Sheetrock® Tools,SRS47R1830,29.22,brand_scoped_exact_identifier,SOURCE_VERIFIED_MATCH,true,true
simple,SRS47R2440,USG Right Rear Upper Leg for Model 2440,USG Sheetrock Tools,,33.24,33.24,TSW,USG Sheetrock® Tools,SRS47R2440,33.24,brand_scoped_exact_identifier,SOURCE_VERIFIED_MATCH,true,true
simple,1FDWS5,"USG Sheetrock 6 X 1"" Textured Head, Fine Thread Drywall Screw [5lbs.]",USG Sheetrock Tools,,14.70,14.70,TSW,USG Sheetrock® Tools,1FDWS5,14.70,brand_scoped_exact_identifier,SOURCE_VERIFIED_MATCH,true,true
simple,212CDWS5,"USG Sheetrock 8 X 2-1/2"" Textured Head, Coarse Thread Drywall Screw w/ TENZ [5lbs.]",USG Sheetrock Tools,,13.70,13.70,TSW,USG Sheetrock® Tools,212CDWS5,13.70,brand_scoped_exact_identifier,SOURCE_VERIFIED_MATCH,true,true
simple,3CDWS5,"USG Sheetrock 8 X 3"" Textured Head, Coarse Thread Drywall Screw w/ TENZ [5lbs]",USG Sheetrock Tools,,14.54,14.54,TSW,USG Sheetrock® Tools,3CDWS5,14.54,brand_scoped_exact_identifier,SOURCE_VERIFIED_MATCH,true,true
simple,030250,USG Sheetrock Acoustical Sealant,USG Sheetrock Tools,,8.64,8.64,TSW,USG Sheetrock® Tools,030250,8.64,brand_scoped_exact_identifier,SOURCE_VERIFIED_MATCH,true,true
simple,1CDWS5,"USG Sheetrock Tools #6 X 1"" Textured Head, Coarse Thread Drywall Screw w/ TENZ [5LB]",USG Sheetrock Tools,,14.59,14.59,TSW,USG Sheetrock® Tools,1CDWS5,14.59,brand_scoped_exact_identifier,SOURCE_VERIFIED_MATCH,true,true
simple,114SDSZ5,"USG Sheetrock Tools #6 X 1-1/4"" Textured Bugle Head, Self Drill Drywall Screw [5LB]",USG Sheetrock Tools,,14.54,14.54,TSW,USG Sheetrock® Tools,114SDSZ5,14.54,brand_scoped_exact_identifier,SOURCE_VERIFIED_MATCH,true,true
simple,114SDSZ8M,"USG Sheetrock Tools #6 X 1-1/4"" Textured Bugle Head, Self Drill Drywall Screw [Bulk]",USG Sheetrock Tools,,67.55,67.55,TSW,USG Sheetrock® Tools,114SDSZ8M,67.55,brand_scoped_exact_identifier,SOURCE_VERIFIED_MATCH,true,true
simple,114CDWS5,"USG Sheetrock Tools #6 X 1-1/4"" Textured Head, Coarse Thread Drywall Screw w/ TENZ [5LB]",USG Sheetrock Tools,,14.20,14.20,TSW,USG Sheetrock® Tools,114CDWS5,14.20,brand_scoped_exact_identifier,SOURCE_VERIFIED_MATCH,true,true
simple,114CDWS8M,"USG Sheetrock Tools #6 X 1-1/4"" Textured Head, Coarse Thread Drywall Screw w/ TENZ [Bulk]",USG Sheetrock Tools,,43.75,43.75,TSW,USG Sheetrock® Tools,114CDWS8M,43.75,brand_scoped_exact_identifier,SOURCE_VERIFIED_MATCH,true,true
simple,118SDSZ5,"USG Sheetrock Tools #6 X 1-1/8"" Textured Bugle Head, Self Drill Drywall Screw [5LB]",USG Sheetrock Tools,,14.54,14.54,TSW,USG Sheetrock® Tools,118SDSZ5,14.54,brand_scoped_exact_identifier,SOURCE_VERIFIED_MATCH,true,true
simple,118SDSZ10M,"USG Sheetrock Tools #6 X 1-1/8"" Textured Bugle Head, Self Drill Drywall Screw [Bulk]",USG Sheetrock Tools,,84.83,84.83,TSW,USG Sheetrock® Tools,118SDSZ10M,84.83,brand_scoped_exact_identifier,SOURCE_VERIFIED_MATCH,true,true
simple,158SDSZ5,"USG Sheetrock Tools #6 X 1-5/8"" Textured Bugle Head, Self Drill Drywall Screw [5LB]",USG Sheetrock Tools,,14.54,14.54,TSW,USG Sheetrock® Tools,158SDSZ5,14.54,brand_scoped_exact_identifier,SOURCE_VERIFIED_MATCH,true,true
simple,158SDSZ5M,"USG Sheetrock Tools #6 X 1-5/8"" Textured Bugle Head, Self Drill Drywall Screw [Bulk]",USG Sheetrock Tools,,43.11,43.11,TSW,USG Sheetrock® Tools,158SDSZ5M,43.11,brand_scoped_exact_identifier,SOURCE_VERIFIED_MATCH,true,true
simple,158CDWS5,"USG Sheetrock Tools #6 X 1-5/8"" Textured Head, Coarse Thread Drywall Screw w/ TENZ [5LB]",USG Sheetrock Tools,,13.84,13.84,TSW,USG Sheetrock® Tools,158CDWS5,13.84,brand_scoped_exact_identifier,SOURCE_VERIFIED_MATCH,true,true
simple,158CDWS5M,"USG Sheetrock Tools #6 X 1-5/8"" Textured Head, Coarse Thread Drywall Screw w/ TENZ [Bulk]",USG Sheetrock Tools,,40.54,40.54,TSW,USG Sheetrock® Tools,158CDWS5M,40.54,brand_scoped_exact_identifier,SOURCE_VERIFIED_MATCH,true,true
simple,178SDSZ5,"USG Sheetrock Tools #6 X 1-7/8"" Textured Bugle Head, Self Drill Drywall Screw [5LB]",USG Sheetrock Tools,,14.54,14.54,TSW,USG Sheetrock® Tools,178SDSZ5,14.54,brand_scoped_exact_identifier,SOURCE_VERIFIED_MATCH,true,true
simple,178SDSZ4M,"USG Sheetrock Tools #6 X 1-7/8"" Textured Bugle Head, Self Drill Drywall Screw [Bulk]",USG Sheetrock Tools,,43.75,43.75,TSW,USG Sheetrock® Tools,178SDSZ4M,43.75,brand_scoped_exact_identifier,SOURCE_VERIFIED_MATCH,true,true
simple,2CDWS5,"USG Sheetrock Tools #6 X 2"" Textured Head, Coarse Thread Drywall Screw w/ TENZ [5LB]",USG Sheetrock Tools,,13.74,13.74,TSW,USG Sheetrock® Tools,2CDWS5,13.74,brand_scoped_exact_identifier,SOURCE_VERIFIED_MATCH,true,true
simple,2FDWS5,"USG Sheetrock Tools #6 X 2"" Textured Head, Fine Thread Drywall Screw [5LB]",USG Sheetrock Tools,,13.79,13.79,TSW,USG Sheetrock® Tools,2FDWS5,13.79,brand_scoped_exact_identifier,SOURCE_VERIFIED_MATCH,true,true
simple,2FDWS35M,"USG Sheetrock Tools #6 X 2"" Textured Head, Fine Thread Drywall Screw [Bulk]",USG Sheetrock Tools,,36.24,36.24,TSW,USG Sheetrock® Tools,2FDWS35M,36.24,brand_scoped_exact_identifier,SOURCE_VERIFIED_MATCH,true,true
simple,238SDSZ5,"USG Sheetrock Tools #8 X 2-3/8"" Textured Bugle Head, Self Drill Drywall Screw [5LB]",USG Sheetrock Tools,,14.54,14.54,TSW,USG Sheetrock® Tools,238SDSZ5,14.54,brand_scoped_exact_identifier,SOURCE_VERIFIED_MATCH,true,true
simple,238SDSZ3M,"USG Sheetrock Tools #8 X 2-3/8"" Textured Bugle Head, Self Drill Drywall Screw [Bulk]",USG Sheetrock Tools,,39.58,39.58,TSW,USG Sheetrock® Tools,238SDSZ3M,39.58,brand_scoped_exact_identifier,SOURCE_VERIFIED_MATCH,true,true
simple,258SDSZ5,"USG Sheetrock Tools #8 X 2-5/8"" Textured Bugle Head, Self Drill Drywall Screw [5LB]",USG Sheetrock Tools,,16.78,16.78,TSW,USG Sheetrock® Tools,258SDSZ5,16.78,brand_scoped_exact_identifier,SOURCE_VERIFIED_MATCH,true,true
simple,258SDSZ2M,"USG Sheetrock Tools #8 X 2-5/8"" Textured Bugle Head, Self Drill Drywall Screw [Bulk]",USG Sheetrock Tools,,58.16,58.16,TSW,USG Sheetrock® Tools,258SDSZ2M,58.16,brand_scoped_exact_identifier,SOURCE_VERIFIED_MATCH,true,true
simple,3SDSZ2M,"USG Sheetrock Tools #8 X 3"" Textured Bugle Head, Self Drill Drywall Screw [Bulk]",USG Sheetrock Tools,,63.79,63.79,TSW,USG Sheetrock® Tools,3SDSZ2M,63.79,brand_scoped_exact_identifier,SOURCE_VERIFIED_MATCH,true,true
simple,3CDWS2M,"USG Sheetrock Tools #8 X 3"" Textured Head, Coarse Thread Drywall Screw w/ TENZ [Bulk]",USG Sheetrock Tools,,27.95,27.95,TSW,USG Sheetrock® Tools,3CDWS2M,27.95,brand_scoped_exact_identifier,SOURCE_VERIFIED_MATCH,true,true
simple,3FDWS5,"USG Sheetrock Tools #8 X 3"" Textured Head, Fine Thread Drywall Screw [5LB]",USG Sheetrock Tools,,14.54,14.54,TSW,USG Sheetrock® Tools,3FDWS5,14.54,brand_scoped_exact_identifier,SOURCE_VERIFIED_MATCH,true,true
simple,1FDWS10M,"USG Sheetrock Tools 6 X 1"" Textured Head, Fine Thread Drywall Screw [Bulk]",USG Sheetrock Tools,,58.13,58.13,TSW,USG Sheetrock® Tools,1FDWS10M,58.13,brand_scoped_exact_identifier,SOURCE_VERIFIED_MATCH,true,true
simple,114FDWS5,"USG Sheetrock Tools 6 X 1-1/4"" Textured Head, Fine Thread Drywall Screw [5LB]",USG Sheetrock Tools,,14.26,14.26,TSW,USG Sheetrock® Tools,114FDWS5,14.26,brand_scoped_exact_identifier,SOURCE_VERIFIED_MATCH,true,true
simple,212CDWS25M,"USG Sheetrock Tools 8 X 2-1/2"" Textured Head, Coarse Thread Drywall Screw w/ TENZ [Bulk]",USG Sheetrock Tools,,30.30,30.30,TSW,USG Sheetrock® Tools,212CDWS25M,30.30,brand_scoped_exact_identifier,SOURCE_VERIFIED_MATCH,true,true
simple,212FDWS5,"USG Sheetrock Tools 8 X 2-1/2"" Textured Head, Fine Thread Drywall Screw [5LB]",USG Sheetrock Tools,,13.78,13.78,TSW,USG Sheetrock® Tools,212FDWS5,13.78,brand_scoped_exact_identifier,SOURCE_VERIFIED_MATCH,true,true
simple,212FDWS25M,"USG Sheetrock Tools 8 X 2-1/2"" Textured Head, Fine Thread Drywall Screw [Bulk]",USG Sheetrock Tools,,30.30,30.30,TSW,USG Sheetrock® Tools,212FDWS25M,30.30,brand_scoped_exact_identifier,SOURCE_VERIFIED_MATCH,true,true
simple,3FDWS2M,"USG Sheetrock Tools 8 X 3"" Textured Head, Fine Thread Drywall Screw [Bulk]",USG Sheetrock Tools,,27.95,27.95,TSW,USG Sheetrock® Tools,3FDWS2M,27.95,brand_scoped_exact_identifier,SOURCE_VERIFIED_MATCH,true,true
simple,340310,USG Sheetrock Tools 90 Degree Outside Corner Paper Face Bead Roller,USG Sheetrock Tools,,74.99,74.99,TSW,USG Sheetrock® Tools,340310,74.99,brand_scoped_exact_identifier,SOURCE_VERIFIED_MATCH,true,true
simple,340311,USG Sheetrock Tools Paper Face Bead Hopper,USG Sheetrock Tools,,99.99,99.99,TSW,USG Sheetrock® Tools,340311,99.99,brand_scoped_exact_identifier,SOURCE_VERIFIED_MATCH,true,true
simple,340317,USG Sheetrock Tools Paper Face Bead Hopper Gate - Inside 90 Degree,USG Sheetrock Tools,,2.23,2.23,TSW,USG Sheetrock® Tools,340317,2.23,brand_scoped_exact_identifier,SOURCE_VERIFIED_MATCH,true,true
simple,340318,USG Sheetrock Tools Paper Face Bead Hopper Gate - Outside 90 Degree,USG Sheetrock Tools,,2.23,2.23,TSW,USG Sheetrock® Tools,340318,2.23,brand_scoped_exact_identifier,SOURCE_VERIFIED_MATCH,true,true
simple,340316,USG Sheetrock Tools Paper Face Bead Hopper Gate - Outside Bullnose,USG Sheetrock Tools,,2.23,2.23,TSW,USG Sheetrock® Tools,340316,2.23,brand_scoped_exact_identifier,SOURCE_VERIFIED_MATCH,true,true
simple,SRS28,USG Sheetrock Tools Quick Release Clamp w/ Nut Bolt and Washers,USG Sheetrock Tools,,11.35,11.35,TSW,USG Sheetrock® Tools,SRS28,11.35,brand_scoped_exact_identifier,SOURCE_VERIFIED_MATCH,true,true
simple,SRS33,USG Sheetrock Tools Strut Tube Plug Cap,USG Sheetrock Tools,,1.38,1.38,TSW,USG Sheetrock® Tools,SRS33,1.38,brand_scoped_exact_identifier,SOURCE_VERIFIED_MATCH,true,true
simple,340800,USG Sheetrock Tools The Dimpler Screw Setting Tool [Box of 10],USG Sheetrock Tools,,83.15,83.15,TSW,USG Sheetrock® Tools,340800,83.15,brand_scoped_exact_identifier,SOURCE_VERIFIED_MATCH,true,true
simple,SRS9,"USG Sheetrock Tools Upper Foot Plate (Screws, Washers, and Strap Plates)",USG Sheetrock Tools,,6.76,6.76,TSW,USG Sheetrock® Tools,SRS9,6.76,brand_scoped_exact_identifier,SOURCE_VERIFIED_MATCH,true,true
simple,SRSKIT1,USG Spring Assembly w/ Bracket Nut Bolts &amp; Washers,USG Sheetrock Tools,,10.89,10.89,TSW,USG Sheetrock® Tools,SRSKIT1,10.89,brand_scoped_exact_identifier,SOURCE_VERIFIED_MATCH,true,true
simple,SRS48,USG Upper &amp; Lower Nylon Tube Sleeve Set,USG Sheetrock Tools,,4.01,4.01,TSW,USG Sheetrock® Tools,SRS48,4.01,brand_scoped_exact_identifier,SOURCE_VERIFIED_MATCH,true,true
