site_key,source,method,resource_type,status,url,content_type,content_length,same_origin,structured,platform_hint,detected_fields,json_keys,elapsed_ms
als_taping_tools,browser,GET,image,200,https://cdn11.bigcommerce.com/s-dbb3r9a7se/images/stencil/80w/products/680/5560/col_ffb_1__46705.1675191963.jpg?c=1,image/jpeg,1871,False,False,bigcommerce,,,
als_taping_tools,browser,GET,image,200,https://cdn11.bigcommerce.com/s-dbb3r9a7se/images/stencil/80w/products/680/5527/hqdefault_15_6__17714.1675191962.jpg?c=1,image/jpeg,1939,False,False,bigcommerce,,,
als_taping_tools,browser,GET,image,200,https://cdn11.bigcommerce.com/s-dbb3r9a7se/images/stencil/80w/products/680/5241/columbia_waranty_9__32056.1675191954.jpg?c=1,image/jpeg,2025,False,False,bigcommerce,,,
als_taping_tools,browser,GET,image,200,https://cdn11.bigcommerce.com/s-dbb3r9a7se/images/stencil/80w/products/680/5150/10fbb__00214.1675191952.jpg?c=1,image/jpeg,1536,False,False,bigcommerce,,,
als_taping_tools,browser,GET,image,200,https://cdn11.bigcommerce.com/s-dbb3r9a7se/images/stencil/640w/products/680/5150/10fbb__00214.1675191952.jpg?c=1,image/jpeg,27849,False,False,bigcommerce,,,
als_taping_tools,browser,POST,xhr,200,https://bes.gcp.data.bigcommerce.com/nobot,text/html,7,False,False,bigcommerce,,,
als_taping_tools,browser,GET,xhr,200,https://cdn11.bigcommerce.com/s-dbb3r9a7se/stencil/382d9e80-277d-013e-e48e-4a4f5670f649/e/04e821c0-e5dd-013e-f544-2ec1a3f21564/img/icon-sprite.svg,image/svg+xml,267325,False,False,bigcommerce,,,
als_taping_tools,browser,POST,xhr,200,https://www.alstapingtools.com/cdn-cgi/challenge-platform/h/g/precursor/aae2b9a1c261/0.6956242871603898:1786957517:WQFgOJpQ6H0r5MtEFiwZsxGxGqAkKPjsw4TCOFu07tU/a2c7f2baacd2b98a,application/json,8,True,True,unknown,,i,
als_taping_tools,browser,GET,xhr,200,https://fast.a.klaviyo.com/custom-fonts/api/v1/company-fonts/onsite?company_id=QYJEPx,application/json,302,False,True,shopify,variants,custom|fallback|family|font_type|google|id|typekit|variant_value|variants,
als_taping_tools,browser,POST,fetch,204,https://www.google-analytics.com/g/collect?v=2&tid=G-9WQSKK8NB4&gtm=45je68c1v874547031za200zd874547031&_p=1786962048825&gcs=G100&gcd=13p3p3p3p5l1&npa=1&dma_cps=-&dma=0&gdid=dMjk3Nj&ecid=1782015161&_eu=AAAAAGAC&are=1&cid=761492394.1786962049&ec_mode=a&frm=0&pscdl=denied&rcb=4&sr=1280x720&uaa=x86&uab=64&uafvl=Chromium%3B140.0.7339.16%7CNot%253DA%253FBrand%3B24.0.0.0%7CHeadlessChrome%3B140.0.7339.16&uam=&uamb=0&uap=Windows&uapv=10.0&uaw=0&ul=en-us&gaf=2&_s=1&tag_exp=115938465~115938469~118897920~118897930~119367802~119367810~119527019~120385422&sid=1786962048&sct=1&seg=0&dl=https%3A%2F%2Fwww.alstapingtools.com%2Fcolumbia-10-fat-boy-drywall-flat-finishing-box%2F&dt=Columbia+10%22+Fat+Boy+Drywall+Flat+Finishing+Box+%7C+Columbia+%7C+Al%27s+Taping+Tools&en=page_view&_fv=1&_nsi=1&_ss=1&_ee=1&tfd=4675,text/plain,0,False,False,unknown,,,
als_taping_tools,browser,POST,xhr,200,https://ogads-pa.clients6.google.com/$rpc/google.internal.onegoogle.asyncdata.v1.AsyncDataService/GetAsyncData,application/json+protobuf,30,False,True,unknown,,,
als_taping_tools,browser,GET,xhr,200,https://static-forms.klaviyo.com/forms/api/v7/QYJEPx/full-forms,application/json,3310,False,True,unknown,name,a11y_identifier|action|action_id|action_type|active_color|alignment|allocation|alt_text|background_color|background_image|blacklist|block_background_color|blur|border|border_color|border_radius|border_style|border_width|bottom|channel_type|color|column_id|columns|company_sender_settings|component_id|component_type|components|content|cookie_timeout|coupon_data|coupon_type|cropped_asset_id|cropping_aspect_ratio|cropping_height|cropping_width|cropping_x|cropping_y|custom_company_font_id|custom_width|data|default_color|delay|device_type|direction|dismiss_button_styles|dismissed_alerts|display_order|drop_shadow|dynamic_info_config|email_address|email_settings|enabled|environment|existing_user|field_id|focus_color|font_family|font_size|font_style|font_weight|form_entity_form_view_dependencies|form_id|form_input_text_color|form_settings|form_specialties|form_type|form_type_direction|form_version_id|format|full_forms|full_width|height|hover_background_color|html|id|impact|independent_triggers|input_background_color|input_styles|is_max_width|label|left|letter_spacing|list_id|live_form_versions|margin|meta_fields|minimum_height|name|opt_in_keyword_id|opt_in_message|original_image_url|padding|padding_bottom|padding_top|parent_view_id|placeholder|placeholder_color|position|preset_size|related_nodes|reported_at|required|right|row_id|rows|show_klaviyo_branding|show_klaviyo_branding_fullpage_and_flyout_forms|show_label|size|specify_hover_background_color|styling|subject|suppress_success_form|teaser_id|teasers|text|text_styles|top|trigger_group_id|trigger_groups|trigger_id|trigger_type|triggers|type|update_timestamp|url|value|vertical_alignment|view_id|views|violations|vpph4i|whitelist|width|x_stroke|xcolor,
als_taping_tools,browser,POST,fetch,200,https://play.google.com/log?format=json&hasfast=true,text/plain,131,False,True,unknown,,175237375,
als_taping_tools,browser,POST,fetch,200,https://play.google.com/log?format=json&hasfast=true,text/plain,131,False,True,unknown,,175237375,
als_taping_tools,browser,POST,fetch,200,https://play.google.com/log?format=json&hasfast=true,text/plain,131,False,True,unknown,,175237375,
als_taping_tools,browser,GET,xhr,200,https://drive.google.com/viewer/upload?ds=APznzabAdrPboD033oLJHKmWv-xLfsYOdkJ2CHV_erPoGH3_qp3mi9p4IJP9E_hnvGbiz_wKXcPwtm0ZJUC5JmTRsPTVBODS07xJqiQOv4LevClFBncd4XJQLUyCeFlT-zugO5NrGibAw4RbqvYCaXJlXMbiqA8KL6_9Iv3mfFQasTRL9D1AKvJNKl4m3XG0B3-dEAkm58p8ZCxHx1q17pQsV5FFjhEp4UYigiu9HTNSrjIcOVKoh2UCJnXyj50PLSABVIeQk4375Ya116mZiMC3Q0EXv89Qbe-_h1D_Aqaka0es-6llozOvvWk_RaJM83L8rIch_GEFWGVUrhDooKOl_L1rD-TLcegPf9l3EIU7btG2ahNDDS-dC2VT-4PaQ5NeoI34SgK2ETNr_Xs2_PFM822lRztVRuif5_svXsMsCpBGp88zcZo%3D&ck=drive&dsmi=texmex&p=proj&fssid=1xsgi9l1jp5ssw0t0w5vl1228kq4,application/json,2042,False,False,unknown,,,
als_taping_tools,browser,GET,xhr,200,https://drive.google.com/viewer/meta?id=ACFrOgCfvFAjwHhqv3jLbIz1CMPKDe4tbzcA4uVVJ51t4WP7E5eJcri39jqh8wYonAU-dVNleNTOLaIWDQUnvAX3A6Q_iDxsTiiGZlFbsJNO9ptLEcr5Qp0xAEJjXOVnekUFXTnxrRl7uMbxBxaZUdIcKGmhD2_ZcPtPw1ZCBN4AQHEyjFs5mp2oaVSRdugSXDfPz617gPFb2n8HQr3l1M6oU6eYbDPcDGHM3SieGA%3D%3D&dsmi=texmex&fssid=1xsgi9l1jp5ssw0t0w5vl1228kq4,application/json,36,False,False,unknown,,,
als_taping_tools,browser,GET,xhr,200,https://a.klaviyo.com/forms/api/v3/geo-ip,application/json,43,False,True,shopify,,continent_code|country_code,
als_taping_tools,browser,GET,xhr,200,https://drive.google.com/viewer/presspage?id=ACFrOgCfvFAjwHhqv3jLbIz1CMPKDe4tbzcA4uVVJ51t4WP7E5eJcri39jqh8wYonAU-dVNleNTOLaIWDQUnvAX3A6Q_iDxsTiiGZlFbsJNO9ptLEcr5Qp0xAEJjXOVnekUFXTnxrRl7uMbxBxaZUdIcKGmhD2_ZcPtPw1ZCBN4AQHEyjFs5mp2oaVSRdugSXDfPz617gPFb2n8HQr3l1M6oU6eYbDPcDGHM3SieGA%3D%3D&dsmi=texmex&fssid=1xsgi9l1jp5ssw0t0w5vl1228kq4&auditContext=forDisplay&page=0,application/json,7507,False,False,unknown,,,
als_taping_tools,browser,GET,image,200,https://cdn11.bigcommerce.com/s-dbb3r9a7se/images/stencil/640w/products/680/5527/hqdefault_15_6__17714.1675191962.jpg?c=1,image/webp,16140,False,False,bigcommerce,,,
als_taping_tools,browser,GET,image,200,https://cdn11.bigcommerce.com/s-dbb3r9a7se/images/stencil/640w/products/680/5560/col_ffb_1__46705.1675191963.jpg?c=1,image/jpeg,21742,False,False,bigcommerce,,,
als_taping_tools,browser,GET,image,200,https://cdn11.bigcommerce.com/s-dbb3r9a7se/images/stencil/640w/products/680/5241/columbia_waranty_9__32056.1675191954.jpg?c=1,image/jpeg,30206,False,False,bigcommerce,,,
als_taping_tools,browser,GET,xhr,200,https://drive.google.com/viewer/img?id=ACFrOgCfvFAjwHhqv3jLbIz1CMPKDe4tbzcA4uVVJ51t4WP7E5eJcri39jqh8wYonAU-dVNleNTOLaIWDQUnvAX3A6Q_iDxsTiiGZlFbsJNO9ptLEcr5Qp0xAEJjXOVnekUFXTnxrRl7uMbxBxaZUdIcKGmhD2_ZcPtPw1ZCBN4AQHEyjFs5mp2oaVSRdugSXDfPz617gPFb2n8HQr3l1M6oU6eYbDPcDGHM3SieGA%3D%3D&dsmi=texmex&fssid=1xsgi9l1jp5ssw0t0w5vl1228kq4&auditContext=forDisplay&page=0&w=800&webp=true,image/png,96120,False,False,unknown,,,
als_taping_tools,browser,POST,xhr,200,https://play.google.com/log?format=json&hasfast=true,text/plain,131,False,True,unknown,,175237375,
als_taping_tools,browser,GET,image,200,https://cdn11.bigcommerce.com/s-dbb3r9a7se/images/stencil/50x50/products/680/5150/10fbb__00214.1675191952.jpg?c=1,image/jpeg,965,False,False,bigcommerce,,,
als_taping_tools,browser,PUT,xhr,200,https://clients6.google.com/drive/v2beta/files/1qJasDAXpEIcEkdcyc_L_kIi6iqnOKyfF?fields=id%2Ckind%2ClastViewedByMeDate&modifiedDateBehavior=NO_CHANGE&supportsTeamDrives=true&enforceSingleParent=true&key=%5BREDACTED%5D,application/json,86,False,True,unknown,,id|kind,
als_taping_tools,browser,GET,xhr,200,https://imgs.signifyd.com/fp/clear.png,image/png,81,False,False,unknown,,,
als_taping_tools,browser,POST,fetch,200,https://api-b2b.bigcommerce.com/graphql,application/json,928,False,True,bigcommerce,,b2benabled|b3channelid|backorderenabled|channelid|channellogo|data|display|export|extendeddisplay|iconurl|isenabled|multistorefrontenabled|offset|platform|storeaddress|storebasicinfo|storecountry|storelogo|storename|storesites|storeurl|timeformat|translationversion|type|urls,
als_taping_tools,browser,POST,fetch,200,https://api-b2b.bigcommerce.com/graphql,application/json,409,False,True,bigcommerce,,data|storefronttoken|token,
als_taping_tools,browser,POST,fetch,200,https://api-b2b.bigcommerce.com/graphql,application/json,5577,False,True,bigcommerce,name|title,b2b|b2c|backgroundcolor|bottomhtmlregionenabled|bottomhtmlregionhtml|classselector|color|createaccountbuttontext|createaccountpanelhtml|css|customcss|data|displaystorelogo|extrafields|guest|horizontalpadding|key|location|locationselector|message|name|pagetitle|primarybuttoncolor|primarycolor|signinbuttontext|size|storefrontconfigs|text|title|tophtmlregionenabled|tophtmlregionhtml|value|verticalpadding,
als_taping_tools,browser,PUT,fetch,200,https://api-b2b.bigcommerce.com/api/v2/store-configs/channel-storefront-type,application/json,42,False,True,bigcommerce,,code|data|message,
als_taping_tools,browser,POST,fetch,200,https://api-b2b.bigcommerce.com/graphql,application/json,318,False,True,bigcommerce,,backorderdisplaysettings|data|defaultshippingexpectationprompt|showbackordermessage|showdefaultshippingexpectationprompt|showquantityonbackorder|showquantityonhand|storefrontsettings,
als_taping_tools,browser,POST,fetch,200,https://www.alstapingtools.com/graphql,application/json,62,True,True,bigcommerce,,data|pdp|plp|settings|site|tax,
als_taping_tools,browser,POST,fetch,200,https://api-b2b.bigcommerce.com/graphql,application/json,379,False,True,bigcommerce,,accountsettings|addressbook|buyagain|config|configid|dashboard|data|enabledstatus|invoice|messages|orders|quickorderpad|quotes|recentlyviewed|returns|shoppinglists|storefrontconfig|tradeprofessionalapplication|usermanagement|value|wishlists,
als_taping_tools,browser,POST,fetch,200,https://api-b2b.bigcommerce.com/graphql,application/json,518,False,True,bigcommerce,name,auto_update|channel_id|channelcurrencies|country_iso2|currencies|currency_code|currency_exchange_rate|data|decimal_places|decimal_token|default_currency|default_for_country_codes|enabled|enabled_currencies|enteredinclusivetax|id|is_default|is_transactional|last_updated|name|thousands_token|token|token_location,
als_taping_tools,browser,POST,fetch,200,https://api-b2b.bigcommerce.com/graphql,application/json,56,False,True,bigcommerce,,data|language|storefrontdefaultlanguage,
als_taping_tools,browser,POST,fetch,200,https://www.alstapingtools.com/graphql,application/json,84,True,True,bigcommerce,,currencies|data|edges|entityid|isactive|node|site,
als_taping_tools,browser,GET,fetch,404,https://www.alstapingtools.com/customer/current.jwt?app_client_id=qxvapwlk4fbb9dyogdcxk9o50d9jqjo,application/json,110,True,True,bigcommerce,,detail|errors,
als_taping_tools,browser,POST,fetch,200,https://play.google.com/log?format=json&hasfast=true,text/plain,131,False,True,unknown,,175237375,
als_taping_tools,direct_probe,GET,probe,404,https://www.alstapingtools.com/columbia-10-fat-boy-drywall-flat-finishing-box.json,text/html,188040,True,False,bigcommerce,,,625
als_taping_tools,direct_probe,GET,probe,404,https://www.alstapingtools.com/columbia-10-fat-boy-drywall-flat-finishing-box.js,text/html,187563,True,False,bigcommerce,,,375
all_wall,browser,GET,script,200,https://www.all-wall.com/api/cms/v2/sites/cms-templates,text/javascript,574,True,False,unknown,,,
all_wall,browser,GET,fetch,200,https://www.all-wall.com/api/cms/v2/sites/domain,application/json,168,True,True,suitecommerce,,commercecategoriesenabled|companyid|data|hasimagesizecustomfields|siteid|sitemanagementtoolsenabled|systemdomain,
all_wall,browser,GET,image,200,https://www.all-wall.com/api/cacheable/items?c=590358&country=US&currency=USD&custitem60=false&facet.exclude=custitem60&fieldset=details&include=facets&language=en&n=6&pricelevel=5&url=TapeTech-EasyClean-Automatic-Taper&use_pcv=F,application/json,3531,True,True,unknown,currency|mpn|name,altimagetext|backend|backendtype|bycurrentuserloginstatus|bystockavailability|categories|code|commercecategory|corrections|country|currency|custitem26|custitem52|custitem53|custitem55|custitem56|custitem57|custitem_brand|custitem_item_image_full|custitem_ns_pr_count|custitem_ns_pr_item_attributes|custitem_ns_pr_rating|custitem_ns_pr_rating_by_rate|custitem_option10description|custitem_option10ids|custitem_option10price|custitem_option10value|custitem_option11description|custitem_option11ids|custitem_option11price|custitem_option11value|custitem_option12description|custitem_option12ids|custitem_option12price|custitem_option12value|custitem_option13description|custitem_option13ids|custitem_option13price|custitem_option13value|custitem_option14description|custitem_option14ids|custitem_option14price|custitem_option14value|custitem_option15description|custitem_option15ids|custitem_option15price|custitem_option15value|custitem_option16description|custitem_option16ids|custitem_option16price|custitem_option16value|custitem_option1description|custitem_option1ids|custitem_option1price|custitem_option1value|custitem_option2description|custitem_option2ids|custitem_option2price|custitem_option2value|custitem_option3description|custitem_option3ids|custitem_option3price|custitem_option3value|custitem_option4description|custitem_option4ids|custitem_option4price|custitem_option4value|custitem_option5description|custitem_option5ids|custitem_option5price|custitem_option5value|custitem_option6description|custitem_option6ids|custitem_option6price|custitem_option6value|custitem_option7description|custitem_option7ids|custitem_option7price|custitem_option7value|custitem_option8description|custitem_option8ids|custitem_option8price|custitem_option8value|custitem_option9description|custitem_option9ids|custitem_option9price|custitem_option9value|custitem_tab_video|custitem_tab_video_2|custitem_tab_video_2_thumbnail|custitem_tab_video_3|custitem_tab_video_3_thumbnail|custitem_tab_video_4|custitem_tab_video_4_thumbnail|custitem_user_manual|custitem_video_thumbnail|displayname|facets|fields|id|inpersonalizedcatalog|internalid|isbackorderable|isinstock|ispricevisible|ispricevisible_detail|ispurchasable|ispurchasable_detail|itemid|itemimages_detail|itemoptions_detail|items|itemtype|label|language|locale|manufacturer|max|media|metataghtml|min|mpn|name|onlinecustomerprice|onlinecustomerprice_detail|onlinecustomerprice_formatted|outofstockbehavior|outofstockmessage|pagetitle|pricelevel1|pricelevel1_formatted|pricelevel5|pricelevel5_formatted|primarypath|quantityavailable|ranges|region|relateditemsdescription|showoutofstockmessage|stockdescription|storedetaileddescription|storedisplayname2|type|url|url_fragment_aliases|urlcomponent|urls|values|volatility|warnings,
all_wall,browser,GET,xhr,200,https://ixfd2-api.bc0a.com/api/ixf/1.0.0/get_capsule/f00000000303991/332478547?client=js_sdk&client_version=1.5.36,application/json,3530,False,True,unknown,,account_id|capsule_version|config|date_created|date_published|engine_version|feature_group|is_universal_capsule_enabled|key|nodes|non_script_content|publishing_engine|script_content|type|version,
all_wall,browser,GET,xhr,200,https://www.all-wall.com/scs/services/ShoppingUserEnvironment.Service.ss?lang=en_US&cur=&X-SC-Touchpoint=shopping,application/json,3766,True,True,suitecommerce,currency|name,addressbook|balance|campaignsubscriptions|cases_config|checkout|code|companyname|consentlastupdate|continueshopping|cookieoptions|creditcards|creditholdoverride|creditlimit|currency|currencyname|customer|customercenter|customfields|date|dateformat|decimalseparator|defaultvalues|description|email|emailsubscribe|environment|firstname|groupseparator|gtm_datalayer|home|html|id|internalid|isdefault|isguest|isloggedin|isperson|isrecognized|language|languagename|lastname|listcase|listcompany|listcontact|listcrmmessage|listcustjob|listcustprofile|listexport|listfind|listissue|lists|listsubscriptions|locale|login|logout|longdateformat|middlename|name|negativeprefix|negativesuffix|origin|paymentterms|permissions|phoneinfo|precision|pricelevel|productlist_enabled|profile|published|register|regtacctrec|regtnonposting|serversync|session|sitesettings|stage|statusclose|statusstart|subscribed|subsidiary|symbol|symbolplacement|touchpoints|trancashsale|trancustcred|trancustdep|trancustinvc|trancustpymt|trandepappl|tranestimate|tranfind|tranitemship|tranpurchases|tranpurchasesreturns|tranrtnauth|transactions|transalesord|transalesordfulfill|transtatement|type|value|vatregistration|viewcart|welcome,
all_wall,browser,GET,xhr,200,https://www.all-wall.com/api/cacheable/items?c=590358&country=US&currency=USD&custitem60=false&facet.exclude=custitem60&fieldset=details&include=facets&language=en&n=6&pricelevel=5&url=TapeTech-EasyClean-Automatic-Taper&use_pcv=F,application/json,3531,True,True,unknown,currency|mpn|name,altimagetext|backend|backendtype|bycurrentuserloginstatus|bystockavailability|categories|code|commercecategory|corrections|country|currency|custitem26|custitem52|custitem53|custitem55|custitem56|custitem57|custitem_brand|custitem_item_image_full|custitem_ns_pr_count|custitem_ns_pr_item_attributes|custitem_ns_pr_rating|custitem_ns_pr_rating_by_rate|custitem_option10description|custitem_option10ids|custitem_option10price|custitem_option10value|custitem_option11description|custitem_option11ids|custitem_option11price|custitem_option11value|custitem_option12description|custitem_option12ids|custitem_option12price|custitem_option12value|custitem_option13description|custitem_option13ids|custitem_option13price|custitem_option13value|custitem_option14description|custitem_option14ids|custitem_option14price|custitem_option14value|custitem_option15description|custitem_option15ids|custitem_option15price|custitem_option15value|custitem_option16description|custitem_option16ids|custitem_option16price|custitem_option16value|custitem_option1description|custitem_option1ids|custitem_option1price|custitem_option1value|custitem_option2description|custitem_option2ids|custitem_option2price|custitem_option2value|custitem_option3description|custitem_option3ids|custitem_option3price|custitem_option3value|custitem_option4description|custitem_option4ids|custitem_option4price|custitem_option4value|custitem_option5description|custitem_option5ids|custitem_option5price|custitem_option5value|custitem_option6description|custitem_option6ids|custitem_option6price|custitem_option6value|custitem_option7description|custitem_option7ids|custitem_option7price|custitem_option7value|custitem_option8description|custitem_option8ids|custitem_option8price|custitem_option8value|custitem_option9description|custitem_option9ids|custitem_option9price|custitem_option9value|custitem_tab_video|custitem_tab_video_2|custitem_tab_video_2_thumbnail|custitem_tab_video_3|custitem_tab_video_3_thumbnail|custitem_tab_video_4|custitem_tab_video_4_thumbnail|custitem_user_manual|custitem_video_thumbnail|displayname|facets|fields|id|inpersonalizedcatalog|internalid|isbackorderable|isinstock|ispricevisible|ispricevisible_detail|ispurchasable|ispurchasable_detail|itemid|itemimages_detail|itemoptions_detail|items|itemtype|label|language|locale|manufacturer|max|media|metataghtml|min|mpn|name|onlinecustomerprice|onlinecustomerprice_detail|onlinecustomerprice_formatted|outofstockbehavior|outofstockmessage|pagetitle|pricelevel1|pricelevel1_formatted|pricelevel5|pricelevel5_formatted|primarypath|quantityavailable|ranges|region|relateditemsdescription|showoutofstockmessage|stockdescription|storedetaileddescription|storedisplayname2|type|url|url_fragment_aliases|urlcomponent|urls|values|volatility|warnings,
all_wall,browser,GET,script,200,https://ajax.googleapis.com/ajax/libs/webfont/1.5.18/webfont.js,text/javascript,6490,False,False,unknown,,,
all_wall,browser,GET,fetch,200,https://www.all-wall.com/api/cms/v2/contents?path=%2FTapeTech-EasyClean-Automatic-Taper&pagetype=ProductDetails.Full.View&locale=en_US,application/json,31,True,True,unknown,,data,
all_wall,browser,GET,xhr,200,https://www.all-wall.com/scs/services/LiveOrder.Service.ss?c=590358&cur=1&internalid=cart&n=6&t=1786962054881,application/json,740,True,True,suitecommerce,,addresses|agreetermcondition|billaddress|checkout|company|continueshopping|country|custbody_configurable_details|custbody_dotdigital_cart_id|customercenter|discountedsubtotal|discountedsubtotal_formatted|discountrate|discountrate_formatted|discounttotal|discounttotal_formatted|estimatedshipping|estimatedshipping_formatted|giftcertapplied|giftcertapplied_formatted|handlingcost|handlingcost_formatted|home|internalid|ismultishipto|ispaypalcomplete|itemcount|latest_addition|lines|lines_sort|login|logout|options|paymentmethods|promocodes|register|serversync|shipaddress|shipmethod|shipmethods|shippingcost|shippingcost_formatted|subtotal|subtotal_formatted|summary|tax2total|tax2total_formatted|taxondiscount|taxondiscount_formatted|taxonhandling|taxonhandling_formatted|taxonshipping|taxonshipping_formatted|taxtotal|taxtotal_formatted|total|total_formatted|totalcombinedtaxes|totalcombinedtaxes_formatted|touchpoints|viewcart|welcome|zip,
all_wall,browser,GET,script,200,https://cdn.searchspring.net/search/v3/js/searchspring.catalog.js,application/javascript,329750,False,False,unknown,,,
all_wall,browser,GET,xhr,200,https://www.all-wall.com/scs/services/ProductList.Service.ss?c=590358&n=6&_=1786962054552,application/json,125,True,True,suitecommerce,name,description|name|scopeid|scopename|templateid|typeid|typename,
all_wall,browser,GET,fetch,200,https://api.ipify.org/?format=json,application/json,21,False,True,unknown,,ip,
all_wall,browser,GET,xhr,200,https://www.all-wall.com/api/cacheable/items?c=590358&country=US&currency=USD&custitem60=false&facet.exclude=custitem60&fieldset=relateditems_details&id=11704&include=&language=en&n=6&pricelevel=5&use_pcv=F,application/json,3153,True,True,suitecommerce,currency|price,altimagetext|automatictaperrepairkitfor07tt|automatictaperreplacementcables6pk|backend|backendtype|bycurrentuserloginstatus|bystockavailability|code|corrections|country|currency|custitem_ns_pr_count|custitem_ns_pr_rating|displayname|fields|inpersonalizedcatalog|internalid|isbackorderable|isinstock|ispricevisible|ispricevisible_detail|ispurchasable|ispurchasable_detail|itemid|itemimages_detail|itemoptions_detail|items|label|language|locale|maximumquantity|media|minimumquantity|onlinecustomerprice|onlinecustomerprice_detail|onlinecustomerprice_formatted|outofstockbehavior|outofstockmessage|price|price_formatted|priceschedule|quantityavailable|region|relateditems_detail|showoutofstockmessage|stockdescription|storedescription|storedisplayname2|storedisplaythumbnail|tapetech76tteclp|tapetechbazookaoil|tapetechgooseneck|tapetechtaperrebuildkitpkat02|total|type|url|urlcomponent|urls|volatility|warnings,
all_wall,browser,GET,xhr,200,https://www.all-wall.com/api/cacheable/items?c=590358&country=US&currency=USD&custitem60=false&facet.exclude=custitem60&fieldset=correlateditems_details&id=11704&include=&language=en&n=6&pricelevel=5&use_pcv=F,application/json,2921,True,True,suitecommerce,currency|price,054209f|altimagetext|backend|backendtype|bycurrentuserloginstatus|bystockavailability|code|corrections|correlateditems_detail|country|currency|custitem_brand|custitem_ns_pr_count|custitem_ns_pr_rating|displayname|fields|inpersonalizedcatalog|internalid|isbackorderable|isinstock|ispricevisible|ispricevisible_detail|ispurchasable|ispurchasable_detail|itemid|itemimages_detail|itemoptions_detail|items|itemtype|label|language|locale|manufacturer|maximumquantity|media|minimumquantity|onlinecustomerprice|onlinecustomerprice_detail|onlinecustomerprice_formatted|outofstockbehavior|outofstockmessage|price|price_formatted|priceschedule|quantityavailable|region|showoutofstockmessage|stockdescription|storedescription|storedisplayname2|tapetech76tteclp|tapetechez10tt|tapetechez12tt|tapetechgooseneck|tapetechxtenderflatboxhandle88tte|total|type|url|urlcomponent|urls|volatility|warnings,
all_wall,browser,GET,xhr,200,https://ixfd2-api.bc0a.com/api/ixf/1.0.0/get_capsule/f00000000303991/332478547?client=js_sdk&client_version=1.5.36,application/json,3530,False,True,unknown,,account_id|capsule_version|config|date_created|date_published|engine_version|feature_group|is_universal_capsule_enabled|key|nodes|non_script_content|publishing_engine|script_content|type|version,
all_wall,browser,GET,xhr,200,https://www.all-wall.com/scs/services/ProductReviews.Service.ss?c=590358&itemid=11704&n=6&no-cache=1786962054863&order=created_on%3AASC&page=1,application/json,914,True,True,suitecommerce,name|title,created_on|id|internalid|isverified|itemid|name|not_useful_count|page|rating|rating_per_attribute|records|recordsperpage|text|title|totalrecordsfound|useful_count|writer,
all_wall,browser,GET,script,200,https://cdn.searchspring.net/ajax_search/sites/yufg4s/js/angular.js,application/javascript,6531,False,False,suitecommerce,,,
all_wall,browser,GET,fetch,200,https://www.affirm.com/api/v2/cookie_sent,application/json,22,False,True,unknown,,cookie_sent,
all_wall,browser,GET,fetch,200,https://www.affirm.com/api/v2/session/touch_track,application/json,46,False,True,unknown,,id,
all_wall,browser,GET,fetch,200,https://www.affirm.com/api/v2/cookie_sent,application/json,22,False,True,unknown,,cookie_sent,
all_wall,browser,GET,script,200,https://cdn.searchspring.net/search/v3/js/modules/autocomplete2.js,application/javascript,35880,False,False,unknown,,,
all_wall,browser,GET,script,200,https://cdn.searchspring.net/search/v3/js/modules/facet-slider.js,application/javascript,21163,False,False,unknown,,,
all_wall,browser,GET,script,200,https://cdn.searchspring.net/search/v3/js/modules/slideout.js,application/javascript,9227,False,False,unknown,,,
all_wall,browser,GET,script,200,https://cdn.searchspring.net/search/v3/js/modules/spatial-navigation.js,application/javascript,3575,False,False,unknown,,,
all_wall,browser,GET,stylesheet,200,https://cdn.searchspring.net/ajax_search/sites/yufg4s/css/yufg4s.css,text/css,4728,False,False,unknown,,,
all_wall,browser,POST,fetch,200,https://features.affirm.com/v1/initialize?k=client-BLeunOm46BdfZXjMSze5uyovKdEpzUhn7N21W2D4jiC&st=javascript-client&sv=3.14.1&t=1786962055740&sid=742b9e8d-8aa9-4440-9252-8a4d708b41fb&se=1,application/json,6427,False,True,unknown,name,1367233524|1514322023|1579767121|1876850083|1984400002|2042103365|2123354126|2441149960|2493480461|2499364797|2843591856|2893580290|2946869560|3090634860|3269982013|3446633318|3569783987|367862564|3701258714|3716627837|4017451054|4139716291|4179065854|4279199542|470561494|70009104|alaviewportimpressionsamplerate|browser_name|browser_version|browsername|browserversion|can_record_session|company_lcut|country|customids|derived_fields|device_id|dynamic_configs|evaluated_keys|feature_gates|full_checksum|gate|gatevalue|generator|generic_ari|group|group_name|has_updates|hash_used|hashed_sdk_key_used|id_type|ip|is_device_based|is_experiment_active|is_user_in_experiment|layer_configs|name|names|os_name|os_version|osname|osversion|param_stores|passed|publicapikeys|recording_blocked|rule_id|ruleid|sdkparams|secondary_exposures|session_recording_rate|stableid|target_app_used|time|value|variant,
all_wall,browser,POST,fetch,200,https://www.google.com/ccm/collect?rcb=10&frm=0&apvc=1&auid=111757381.1786962056&dt=TapeTech+EasyClean+Automatic+Taper+07TT+%7C+All-Wall.com&tid=AW-16588594151&en=page_view&dl=https%3A%2F%2Fwww.all-wall.com%2FTapeTech-EasyClean-Automatic-Taper&scrsrc=www.googletagmanager.com&rnd=1114076752.1786962056&navt=n&npa=0&gtm=45be68c1v9183929985z89199342379za20gzb9199342379zd9199342379xec&gcd=13l3l3l3l1l1&dma=0&tag_exp=115616986~115938465~115938469~118131810~118897920~118897930~119367802~119367810~119527019~120125305~120385423&tft=1786962055961&tfd=1867&tids=AW-16588594151&fmt=8,,,False,False,unknown,,,
all_wall,browser,POST,fetch,200,https://www.google.com/rmkt/collect/16588594151/?random=1786962055942&cv=11&fst=1786962055942&fmt=8&bg=ffffff&guid=ON&async=1&en=gtag.config&gtm=45be68c1v9183929985z89199342379za20gzb9199342379zd9199342379xec&gcd=13l3l3l3l1l1&dma=0&tag_exp=115616986~115938465~115938469~118131810~118897920~118897930~119367802~119367810~119527019~120125305~120385423&u_w=1280&u_h=720&url=https%3A%2F%2Fwww.all-wall.com%2FTapeTech-EasyClean-Automatic-Taper&rcb=10&frm=0&tiba=TapeTech+EasyClean+Automatic+Taper+07TT+%7C+All-Wall.com&hn=www.googleadservices.com&npa=0&pscdl=noapi&auid=111757381.1786962056&uaa=x86&uab=64&uafvl=Chromium%3B140.0.7339.16%7CNot%253DA%253FBrand%3B24.0.0.0%7CHeadlessChrome%3B140.0.7339.16&uamb=0&uam=&uap=Windows&uapv=10.0&uaw=0&data=event%3Dgtag.config&ept=68&gcp=5,,,False,False,unknown,,,
all_wall,browser,POST,fetch,204,https://analytics.google.com/g/collect?v=2&tid=G-0CLCRLZGH3&gtm=45be68c1v9183929985z89199342379za20gzb9199342379zd9199342379&_p=1786962054895&_gaz=1&gcd=13l3l3l3l1l1&npa=0&dma=0&ecid=1216196469&_eu=AAAAACAC&are=1&cid=632528294.1786962056&ec_mode=a&frm=0&ibt=1&ngs=1&pscdl=noapi&rcb=10&sr=1280x720&uaa=x86&uab=64&uafvl=Chromium%3B140.0.7339.16%7CNot%253DA%253FBrand%3B24.0.0.0%7CHeadlessChrome%3B140.0.7339.16&uam=&uamb=0&uap=Windows&uapv=10.0&uaw=0&ul=en-us&_s=1&tag_exp=115616986~115938465~115938469~118897920~118897930~119367802~119367810~119527019~120125305~120385423&sid=1786962055&sct=1&seg=0&dl=https%3A%2F%2Fwww.all-wall.com%2FTapeTech-EasyClean-Automatic-Taper&dt=TapeTech+EasyClean+Automatic+Taper+07TT+%7C+All-Wall.com&en=page_view&_fv=1&_ss=1&tfd=1815,text/plain,0,False,False,unknown,,,
all_wall,browser,POST,fetch,204,https://ad.doubleclick.net/ccm/s/collect?auid=111757381.1786962056&gtm=45be68c1v9183929985z89199342379za20gzb9199342379zd9199342379xec&fmt=8,,,False,False,unknown,,,
all_wall,browser,POST,fetch,200,https://www.google.com/rmkt/collect/1071460596/?random=1786962056028&cv=11&fst=1786962056028&fmt=8&bg=ffffff&guid=ON&async=1&en=gtag.config&gtm=45je68c1v888826923z89199342379za20gzb9199342379zd9199342379xec&gcd=13l3l3l3l1l1&dma=0&tag_exp=115616985~115938465~115938469~118131810~118897920~118897930~119367802~119367810~119527019~120213116~120385422&u_w=1280&u_h=720&url=https%3A%2F%2Fwww.all-wall.com%2FTapeTech-EasyClean-Automatic-Taper&rcb=13&frm=0&tiba=TapeTech+EasyClean+Automatic+Taper+07TT+%7C+All-Wall.com&hn=www.googleadservices.com&npa=0&pscdl=noapi&auid=111757381.1786962056&uaa=x86&uab=64&uafvl=Chromium%3B140.0.7339.16%7CNot%253DA%253FBrand%3B24.0.0.0%7CHeadlessChrome%3B140.0.7339.16&uamb=0&uam=&uap=Windows&uapv=10.0&uaw=0&data=event%3Dgtag.config&ept=68&gcp=5,,,False,False,unknown,,,
all_wall,browser,POST,fetch,204,https://analytics.google.com/g/collect?v=2&tid=G-W1T5NN5Z3P&gtm=45je68c1v888826923z89199342379za20gzb9199342379zd9199342379&_p=1786962054895&_gaz=1&gcd=13l3l3l3l1l1&npa=0&dma=0&ecid=709371994&_eu=AAAAAGAC&are=1&cid=632528294.1786962056&ec_mode=a&frm=0&pscdl=noapi&rcb=13&sr=1280x720&uaa=x86&uab=64&uafvl=Chromium%3B140.0.7339.16%7CNot%253DA%253FBrand%3B24.0.0.0%7CHeadlessChrome%3B140.0.7339.16&uam=&uamb=0&uap=Windows&uapv=10.0&uaw=0&ul=en-us&gaf=2&_s=1&tag_exp=115616985~115938465~115938469~118131810~118897920~118897930~119367802~119367810~119527019~120213116~120385422&sid=1786962056&sct=1&seg=0&dl=https%3A%2F%2Fwww.all-wall.com%2FTapeTech-EasyClean-Automatic-Taper&dt=TapeTech+EasyClean+Automatic+Taper+07TT+%7C+All-Wall.com&en=page_view&_fv=1&_ss=1&tfd=1995,text/plain,0,False,False,unknown,,,
all_wall,browser,POST,fetch,200,https://www.google.com/ccm/collect?rcb=13&frm=0&apvc=0&auid=111757381.1786962056&dt=TapeTech+EasyClean+Automatic+Taper+07TT+%7C+All-Wall.com&tid=AW-1071460596&en=page_view&dl=https%3A%2F%2Fwww.all-wall.com%2FTapeTech-EasyClean-Automatic-Taper&scrsrc=www.googletagmanager.com&rnd=1114076752.1786962056&navt=n&npa=0&gtm=45je68c1v888826923z89199342379za20gzb9199342379zd9199342379xec&gcd=13l3l3l3l1l1&dma=0&tag_exp=115616985~115938465~115938469~118131810~118897920~118897930~119367802~119367810~119527019~120213116~120385422&tft=1786962056107&tfd=2013&tids=AW-1071460596&fmt=8,,,False,False,unknown,,,
all_wall,browser,POST,fetch,200,https://r2.trackedweb.net/ddgtag-event/track,image/gif,43,False,False,unknown,,,
all_wall,browser,POST,fetch,200,https://www.affirm.com/api/chrono/v3/collect,,,False,False,unknown,,,
all_wall,browser,POST,xhr,200,https://email.all-wall.com/cdn-cgi/challenge-platform/h/g/jsd/oneshot/aae2b9a1c261/0.6044438120066207:1786957517:Ltbm9uvX0d6sG6t0UwOcZ1Nq8na8ibZMqv1tFP6pZhE/a2c7f2f26f084cab,text/plain,0,False,False,unknown,,,
all_wall,browser,POST,fetch,204,https://analytics.google.com/g/collect?v=2&tid=G-W1T5NN5Z3P&gtm=45je68c1v888826923z89199342379za20gzb9199342379zd9199342379&_p=1786962054895&gcd=13l3l3l3l1l1&npa=0&dma=0&ecid=709371994&_eu=YAAAAGQC&are=1&cid=632528294.1786962056&frm=0&pscdl=noapi&rcb=13&sr=1280x720&uaa=x86&uab=64&uafvl=Chromium%3B140.0.7339.16%7CNot%253DA%253FBrand%3B24.0.0.0%7CHeadlessChrome%3B140.0.7339.16&uam=&uamb=0&uap=Windows&uapv=10.0&uaw=0&ul=en-us&gaf=2&tag_exp=115616985~115938465~115938469~118131810~118897920~118897930~119367802~119367810~119527019~120213116~120385422&sid=1786962056&sct=1&seg=0&dl=https%3A%2F%2Fwww.all-wall.com%2FTapeTech-EasyClean-Automatic-Taper&dt=TapeTech+EasyClean+Automatic+Taper+07TT+%7C+All-Wall.com&_s=2&tfd=7005,text/plain,0,False,False,unknown,,,
all_wall,browser,POST,fetch,202,https://features.affirm.com/v1/rgstr?k=client-BLeunOm46BdfZXjMSze5uyovKdEpzUhn7N21W2D4jiC&st=javascript-client&sv=3.14.1&t=1786962065755&sid=742b9e8d-8aa9-4440-9252-8a4d708b41fb&ec=6,application/json,16,False,True,unknown,,success,
all_wall,direct_probe,GET,probe,0,https://www.all-wall.com/TapeTech-EasyClean-Automatic-Taper.json,,,True,False,unknown,,,30015
all_wall,direct_probe,GET,probe,0,https://www.all-wall.com/TapeTech-EasyClean-Automatic-Taper.js,,,True,False,unknown,,,30016
all_wall,browser,POST,fetch,200,https://www.affirm.com/api/axp/v4/assignments/impressions,application/json,17,False,False,unknown,,,
wall_tools,browser,GET,script,200,https://ajax.googleapis.com/ajax/libs/jquery/1.11.0/jquery.min.js,text/javascript,33576,False,False,unknown,,,
wall_tools,browser,GET,image,200,https://cdn11.bigcommerce.com/s-tircj30irf/images/stencil/80w/products/13224/19156/12ffb-1__64741.1630337969.jpg?c=2,image/jpeg,1806,False,False,bigcommerce,,,
wall_tools,browser,GET,image,200,https://cdn11.bigcommerce.com/s-tircj30irf/images/stencil/80w/products/13224/19161/COL-12FFB_02__40417.1630337998.jpg?c=2,image/jpeg,2439,False,False,bigcommerce,,,
wall_tools,browser,GET,image,200,https://cdn11.bigcommerce.com/s-tircj30irf/images/stencil/80w/products/14313/28099/FFB_Group__79084.1667915097.png?c=2,image/webp,5078,False,False,bigcommerce,,,
wall_tools,browser,GET,image,200,https://cdn11.bigcommerce.com/s-tircj30irf/images/stencil/80w/products/12324/17816/10ffb-1__36635.1630337182.jpg?c=2,image/jpeg,1822,False,False,bigcommerce,,,
wall_tools,browser,GET,image,200,https://cdn11.bigcommerce.com/s-tircj30irf/images/stencil/80w/products/13694/18889/hmp-1__34092.1631130107.jpg?c=2,image/jpeg,1670,False,False,bigcommerce,,,
wall_tools,browser,GET,image,200,https://cdn11.bigcommerce.com/s-tircj30irf/images/stencil/80w/products/16859/26718/10ffba__60181.1630352002.png?c=2,image/webp,3278,False,False,bigcommerce,,,
wall_tools,browser,GET,image,200,https://cdn11.bigcommerce.com/s-tircj30irf/images/stencil/80w/products/18119/27311/hffb5__75524.1617128311.png?c=2,image/webp,776,False,False,bigcommerce,,,
wall_tools,browser,POST,xhr,200,https://bes.gcp.data.bigcommerce.com/nobot,text/html,7,False,False,bigcommerce,,,
wall_tools,browser,GET,xhr,200,https://cdn11.bigcommerce.com/s-tircj30irf/stencil/0f675770-9426-013d-6074-5641df80a7c9/e/904e1450-a36f-013d-e179-662410f198fe/img/icon-sprite.svg,image/svg+xml,37086,False,False,bigcommerce,,,
wall_tools,browser,POST,xhr,200,https://walltools.com/cdn-cgi/challenge-platform/h/g/precursor/aae2b9a1c261/0.6956242871603898:1786957517:WQFgOJpQ6H0r5MtEFiwZsxGxGqAkKPjsw4TCOFu07tU/a2c7f481892be7f4,application/json,8,True,True,unknown,,i,
wall_tools,browser,GET,image,200,https://cdn11.bigcommerce.com/s-tircj30irf/images/stencil/640w/products/13224/19156/12ffb-1__64741.1630337969.jpg?c=2,image/webp,16970,False,False,bigcommerce,,,
wall_tools,browser,POST,fetch,204,https://analytics.google.com/g/collect?v=2&tid=G-3SLXYFWSKH&gtm=45je68c1v875973195za200zb810823772zd810823772&_p=1786962120419&_gaz=1&gcd=13l3l3l3l1l1&npa=0&dma=0&_eu=EAAAAGAC&are=1&cid=1875557268.1786962121&frm=0&ir=1&pscdl=noapi&rcb=19&sr=1280x720&uaa=x86&uab=64&uafvl=Chromium%3B140.0.7339.16%7CNot%253DA%253FBrand%3B24.0.0.0%7CHeadlessChrome%3B140.0.7339.16&uam=&uamb=0&uap=Windows&uapv=10.0&uaw=0&ul=en-us&gaf=2&_s=1&tag_exp=115938466~115938468~118395334~118897920~118897930~119367802~119367810~119527019~120385423&sid=1786962120&sct=1&seg=0&dl=https%3A%2F%2Fwalltools.com%2Fcolumbia-taping-tools-12-in-quick-clean-flat-box-COLM-12ffb%2F&dt=Columbia+12+in.+Quick+Clean+Flat+Box+-+Walltools.com&en=page_view&_fv=1&_nsi=1&_ss=1&_ee=1&tfd=1185,text/plain,0,False,False,unknown,,,
wall_tools,browser,POST,fetch,204,https://analytics.google.com/g/collect?v=2&tid=G-P2F4WMTMB0&gtm=45je68c1v875973195za200zb810823772zd810823772&_p=1786962120419&_gaz=1&gcd=13l3l3l3l1l1&npa=0&dma=0&_eu=EAAAAGAC&are=1&cid=1875557268.1786962121&frm=0&ir=1&pscdl=noapi&rcb=19&sr=1280x720&uaa=x86&uab=64&uafvl=Chromium%3B140.0.7339.16%7CNot%253DA%253FBrand%3B24.0.0.0%7CHeadlessChrome%3B140.0.7339.16&uam=&uamb=0&uap=Windows&uapv=10.0&uaw=0&ul=en-us&gaf=2&_s=1&tag_exp=115938466~115938468~118395334~118897920~118897930~119367802~119367810~119527019~120385423&sid=1786962120&sct=1&seg=0&dl=https%3A%2F%2Fwalltools.com%2Fcolumbia-taping-tools-12-in-quick-clean-flat-box-COLM-12ffb%2F&dt=Columbia+12+in.+Quick+Clean+Flat+Box+-+Walltools.com&en=page_view&_fv=1&_ss=1&_ee=1&tfd=1193,text/plain,0,False,False,unknown,,,
wall_tools,browser,GET,xhr,200,https://ct.pinterest.com/user/?tid=2613621058709&pd=%7B%22em%22%3A%22226e3622ebaef434aeb76b001d48fe7042b525572828bc18b81a7923d4275318%22%7D&cb=1786962121216&dep=2%2CPAGE_LOAD,application/json,221,False,True,unknown,,aemdbenabled|aemenabled|aemexternalidenabled|aemfnlnenabled|aemgeenabled|aemlocenabled|aemphenabled|aemstorageenabled|chromenewuseragentenabled|ctepikiframeenabled|gaclientidenabled|iseu|isrestrictedregion|isutilizingadvertiser1penabled|mdfrequency|nocodecapidomains|piaaendpoint,
wall_tools,browser,POST,xhr,200,https://www.google-analytics.com/j/collect?v=1&_v=j102&a=2070339971&t=pageview&_s=1&dl=https%3A%2F%2Fwalltools.com%2Fcolumbia-taping-tools-12-in-quick-clean-flat-box-COLM-12ffb%2F&ul=en-us&dt=Columbia+12+in.+Quick+Clean+Flat+Box+-+Walltools.com&sr=1280x720&vp=1280x720&_u=YADAAEABAAAAACAAI~&jid=1729071128&gjid=1006845504&cid=1875557268.1786962121&tid=UA-16102601-3&_gid=448288878.1786962121&_r=1&_slc=1&gtm=45He68c1n81NMHRVHTv810823772za200zd810823772&gcd=13l3l3l3l1l1&dma=0&tag_exp=115616986~115938466~115938469~118395333~118897920~118897930~119527019~120385423&z=973837729,text/plain,3,False,False,unknown,,,
wall_tools,browser,GET,fetch,200,https://ct.pinterest.com/v3/?tid=2613621058709&pd=%7B%22em%22%3A%22226e3622ebaef434aeb76b001d48fe7042b525572828bc18b81a7923d4275318%22%7D&event=init&ad=%7B%22loc%22%3A%22https%3A%2F%2Fwalltools.com%2Fcolumbia-taping-tools-12-in-quick-clean-flat-box-COLM-12ffb%2F%22%2C%22ref%22%3A%22%22%2C%22if%22%3Afalse%2C%22sh%22%3A720%2C%22sw%22%3A1280%2C%22mh%22%3A%2223a223e8%22%2C%22is_eu%22%3Atrue%2C%22architecture%22%3A%22x86%22%2C%22bitness%22%3A%2264%22%2C%22brands%22%3A%5B%7B%22brand%22%3A%22Chromium%22%2C%22version%22%3A%22140%22%7D%2C%7B%22brand%22%3A%22Not%3DA%3FBrand%22%2C%22version%22%3A%2224%22%7D%2C%7B%22brand%22%3A%22HeadlessChrome%22%2C%22version%22%3A%22140%22%7D%5D%2C%22mobile%22%3Afalse%2C%22model%22%3A%22%22%2C%22platform%22%3A%22Windows%22%2C%22platformVersion%22%3A%2210.0%22%2C%22uaFullVersion%22%3A%22140.0.7339.16%22%7D&cb=1786962121220,image/gif,35,False,False,unknown,,,
wall_tools,browser,GET,fetch,200,https://www.paypal.com/credit-presentment/experiments/hash?device_id=uid_e347b8df42_mta6mji6mda&client_id=AQ3RkiNHQ53oodRlTz7z-9ETC9xQNUgOLHjVDII9sgnF19qLXJzOwShAxcFW7OT7pVEF5B9bwjIArOvE&disableSetCookie=true&features=%5Bobject+Object%5D%2Cnative-modal,text/html,57,False,False,unknown,,,
wall_tools,browser,GET,fetch,200,https://form-assets.mailchimp.com/snippet/config/104194098?site=aef6c58f9182762cead8aafc0,application/json,6040,False,True,unknown,name|title,__ismodifyingstep|__lastaction|account_id|accountid|actiononclosed|actiononreload|analyticsendpointurl|appversion|cantakeoverall|capturedbyexperience|companylogourl|conjunction|connected_site_id|created_at|datacustomtype|datatype|devicetypes|displaymethod|displaymethodqueryselector|duration|embeddedselector|enabledintegrations|experience_id|experiences|fonts|format|frequency|front_id|geolocationserviceurl|googleanalyticsevent|haserrors|hash|hostedformpagebackgroundcolor|id|image|integrationconfig|is_winner|isembedded|linkedads|mcaudienceid|mcaudienceuniqueid|mcflags|meta|mobile_channel_config|name|namespace|occurrencescount|occurrencesmode|onloadcodeextensions|operation|options|order|pageshowrules|parent_front_id|paths|pauseifpageshowrulesnolongermatch|pauserules|pauserulesets|predicate|preventshowingifseenothercampaignwithininterval|priority|qualifier|realmid|rules|rulesets|segmentid|segments|selectedconnectedsiteid|sessionhandling|sms_multiple_country_select_enabled|startrules|startrulesets|startsegmentid|status|steps|stoprules|stoprulesets|subject|tags|template_id|timerange|title|triggerconfig|triggers|triggersfromvariation|triggersold|type|unit|updated_at|url|value|variations|version|version_id|versiontargetingconfig|viewports,
wall_tools,browser,POST,xhr,200,https://api.findify.io/v4/f701e626-1fc2-4ccd-a04d-fe3dad4311e6/recommend/product-findify-rec-1,application/json,13756,False,True,bigcommerce,availability|price|sku|title|variants,availability|boosted|created_at|custom_fields|discount|explanation|finalrank|free-shipping|id|image_2_url|image_url|in-stock|inventory_tracking|is_available|item_group_id|item_ids|items|limit|meta|offset|original|out-of-stock|pinned|popularityboost|price|product_url|quantity|recommendationtype|reviews|rid|sale_price|score|selected_variant_id|sku|stickers|tags|title|total|updated_at|user_id|variants,
wall_tools,browser,POST,xhr,200,https://api.findify.io/v4/f701e626-1fc2-4ccd-a04d-fe3dad4311e6/autocomplete,application/json,5347,False,True,bigcommerce,availability|price|sku|title|variants,availability|boosted|content|created_at|custom_fields|discount|explanation|finalrank|free-shipping|id|image_url|in-stock|is_available|item_group_id|item_limit|items|meta|original|out-of-stock|pinned|popularityboost|price|product_url|q|quantity|reviews|rid|sale_price|score|selected_variant_id|sku|stickers|suggestion_limit|suggestions|tags|thumbnail_url|title|value|variants,
wall_tools,browser,GET,xhr,200,https://sdk.beeketing.com/global/setting/production.json,application/json,3316,False,True,woocommerce,name,abtestlastchangetime|apps|built_at|data|devices|name|payments|platforms|value,
wall_tools,browser,POST,xhr,200,https://www.google.com/shopping/merchantverse/_/MerchantVerse/data/batchexecute?rpcids=BDBdAd&source-path=%2Fshopping%2Fmerchantverse%2F&bl=boq_shopping-merchantquality-merchantverse_20260812.04_p0&f.sid=3345156357438355802&hl=en-US&_reqid=19322&rt=c,application/json,222,False,False,unknown,,,
wall_tools,browser,GET,xhr,200,https://sdk.beeketing.com/shop/NTljNDQ1ZmFmNzgwOTVlMDdlY2U5M2MwODJhMGUyMGI=.json,application/json,5746,False,True,bigcommerce,currency|name,absolute_domain|active|active_button_position|addtocartidentity|api_key|applycodesuccessfully|apps|assetslastcheck|assetsversion|auto_url|auto_url_v2|autoajaxcartdetected|autoapply|bk_setting_already_write_review|buildtime|button|cart_discount|cartdiscount|cboost|cboost_timestamp|checkitout|checkout|checkout_flow|checkoutnowgift|cluster_id|codediscount|completenow|congratulation|content|copied|copydiscount|currency|customscript|customshopsettings|detectajaxcart|disableabtest|discount|discount_bar_color|discount_bar_message1|discount_bar_message2|discount_bar_message3|discount_bar_text_align|discount_bar_text_color|discountbarsetting|discountcode|discountcontent|discountlabel|discountmessage|domain|draft_order_url|email|enable|enable_discount_bar|enable_facebook|enable_minimize_icon|enable_remind_title_tab|enable_sale_motivator|enable_success_message|enable_twitter|enterinfo|facebookappid|free_gift|free_ship|freegift|freelabel|freeship|freeshipmessage|get_bulk_code_url|getdeal|getgiftsuccessfully|greatdiscount|header|id|intro_search_products_collections|is_first_time_show_progress_bar|is_test_apply_code|isexpired|ispurchased|isrequireajaxform|language|last_billing_cycle|level|message|message_align|message_font|message_font_size|message_is_bold|message_is_italic|message_is_underline|message_text_color|mins|mobile_disabled|moneyformat|moreitems|motivation_active|motivationtitle|name|not_support_url|nothank|number_cancel_subscription_via_button|offers|overrideaddcartbutton|paymentstatus|platform|popup_icon|remind_bar_active|remind_bar_active_continue_shopping|remind_bar_cart_discount_message|remind_bar_color_bar|remind_bar_color_checkout_button|remind_bar_color_text_checkout_button|remind_bar_color_text_content|remind_bar_direct_link|remind_bar_free_gift_message|remind_bar_free_ship_message|remind_bar_position_bar|remind_bar_text_checkout_button|remind_bar_text_content|remind_bar_text_continue_button|remind_title_tab_text|sale_motivator_position|sale_motivator_process_color|sale_motivator_progress_background|sale_motivator_show_on_mobile|salesmotivatorsetting|secs|settings|settingversion|shared_facebook_url|shared_facebook_url_sdk2|sharefacebook|sharetwitter|shop|shopassetversion|shopassetversionstracked|shopnow|shopnowonpopup|socials|subject_align|subject_font|subject_font_size|subject_is_bold|subject_is_italic|subject_is_underline|subject_text_color|thankyoudiscount|thankyougift|theme|theme_background|themecdown|timezone|toptext|translate|translation|unbindaddtocartbutton|uniquenames|usefbpixeltrack|yougotshipping,
wall_tools,browser,POST,xhr,204,https://eventcollector.mcf-prod.a.intuit.com/collect,,0,False,False,unknown,,,
wall_tools,browser,GET,image,200,https://cdn11.bigcommerce.com/s-tircj30irf/products/18357/images/28811/Stealth_Sander_6__57992.1724784608.386.513.jpg?c=2,image/jpeg,11697,False,False,bigcommerce,,,
wall_tools,browser,GET,image,200,https://cdn11.bigcommerce.com/s-tircj30irf/products/15766/images/24953/ADVA-866r__50138.1639581408.386.513.png?c=2,image/webp,13756,False,False,bigcommerce,,,
wall_tools,browser,GET,image,200,https://cdn11.bigcommerce.com/s-tircj30irf/products/16377/images/22513/ADV-20743_01_5__82860.1639581411.386.513.jpg?c=2,image/jpeg,8495,False,False,bigcommerce,,,
wall_tools,browser,GET,image,200,https://cdn11.bigcommerce.com/s-tircj30irf/products/14224/images/22327/ADV-51108_01_5__58661.1639581408.386.513.jpg?c=2,image/jpeg,16563,False,False,bigcommerce,,,
wall_tools,browser,POST,xhr,200,https://www.paypal.com/xoplatform/logger/api/logger?disableSetCookie=true,application/json,1063,False,True,unknown,name,country|cssbaseurl|datastring|date|debug|determiner|directionality|fpti|hostname|jsbaseurl|jsurl|language|links|locale|locality|name|pageinfo|resourcebaseurl|rlogid|script|serverurl|sys|templatebaseurl|timezone|tracking|value|varname,
wall_tools,browser,GET,image,200,https://cdn11.bigcommerce.com/s-tircj30irf/products/14905/images/17678/ADV-51101_03_2__36870.1708373780.386.513.jpg?c=2,image/jpeg,18608,False,False,bigcommerce,,,
wall_tools,browser,GET,image,200,https://cdn11.bigcommerce.com/s-tircj30irf/products/12451/images/28822/316-6_Paperhanging-Outfit__80241.1736781342.386.513.jpg?c=2,image/jpeg,21119,False,False,bigcommerce,,,
wall_tools,browser,GET,image,200,https://cdn11.bigcommerce.com/s-tircj30irf/products/17994/images/26823/0932__96181.1588615632.386.513.jpg?c=2,image/jpeg,18515,False,False,bigcommerce,,,
wall_tools,browser,GET,image,200,https://cdn11.bigcommerce.com/s-tircj30irf/products/13964/images/21710/adv-q-300_01__10322.1639581408.386.513.jpg?c=2,image/jpeg,42522,False,False,bigcommerce,,,
wall_tools,browser,GET,image,200,https://cdn11.bigcommerce.com/s-tircj30irf/products/12700/images/19965/ADV-HT211_01_5__18827.1639581407.386.513.jpg?c=2,image/jpeg,27769,False,False,bigcommerce,,,
wall_tools,browser,GET,image,200,https://cdn11.bigcommerce.com/s-tircj30irf/products/17428/images/17205/adv-a416_01__85600.1638221218.386.513.jpg?c=2,image/jpeg,30824,False,False,bigcommerce,,,
wall_tools,browser,POST,fetch,200,https://hn.inspectlet.com/ginit/609979791,application/json,56,False,True,unknown,,noinspectlet,
wall_tools,browser,GET,fetch,200,https://form-assets.mailchimp.com/snippet/config/104194098/variation/395325?site=aef6c58f9182762cead8aafc0,application/json,95998,False,True,unknown,name|title,1024|375|__ismodifyingstep|__lastaction|actiononclosed|actiononreload|actions|active|aligncontent|alignitems|animateonlyonce|animationdelay|animationduration|animationname|animations|background|backgroundimage|backgroundposition|backgroundrepeat|backgroundsize|bordercolor|borderradius|borderstyle|borderwidth|bottom|capturedbyexperience|codesnippets|color|connected_site_id|content|created_at|css|datacustomtype|datatype|devicetypes|disableddevices|disabledintegrations|display|displaymethod|displaymethodqueryselector|duration|eibackgroundimage|eifontprovider|eitextbalance|element_ids|elementid|elements|elementsubtype|elementtype|embeddedselector|error|experience_id|externalid|filesize|flexdirection|flexgrow|flexshrink|flexwrap|focus|fontfamily|fonts|fontsize|fontstyle|fontweight|format|front_id|gap|googleanalyticsevent|haserrors|hasphoneinputinfirststep|height|hover|id|image|imagesbybreakpoint|initialorder|inputerrorstyles|inputsubtype|integrationconfig|iphone6|is_winner|isdefault|isembedded|islogo|justifycontent|label|left|letterspacing|lineheight|linkedads|marginbottom|margintop|maxwidth|middle|mimetype|minheight|mobile_channel_config|name|normal|occurrencescount|occurrencesmode|omittedelementnames|opacity|operation|order|original_name|overflow|overflowx|overflowy|padding|paddingbottom|paddingleft|paddingright|paddingtop|parent_front_id|paths|pauserules|placeholder|position|predicate|priority|qualifier|relativestepid|reload|renderoutsideiframe|required|right|rules|segments|selected|sharedstyleid|sharedstyles|smalldesktop|startrules|status|steps|stoprules|strokelinecap|strokewidth|styles|subelementpseudostatestyles|subject|subtype|tags|template_id|textalign|textdecoration|texttransform|timerange|title|top|triggers|triggersold|ts|type|unit|updated_at|url|validatestep|value|variationhash|viewport|viewports|width,
wall_tools,browser,POST,xhr,204,https://sdk.beeketing.com/cdn-cgi/rum,text/plain,0,False,False,unknown,,,
wall_tools,browser,GET,xhr,200,https://walltools.com/cart.php?_=1786962121538,text/html,201542,True,False,bigcommerce,,,
wall_tools,browser,POST,xhr,200,https://www.paypal.com/xoplatform/logger/api/logger?disableSetCookie=true,application/json,1063,False,True,unknown,name,country|cssbaseurl|datastring|date|debug|determiner|directionality|fpti|hostname|jsbaseurl|jsurl|language|links|locale|locality|name|pageinfo|resourcebaseurl|rlogid|script|serverurl|sys|templatebaseurl|timezone|tracking|value|varname,
wall_tools,browser,POST,xhr,204,https://eventcollector.mcf-prod.a.intuit.com/collect,,0,False,False,unknown,,,
wall_tools,direct_probe,GET,probe,404,https://walltools.com/columbia-taping-tools-12-in-quick-clean-flat-box-COLM-12ffb.json,text/html,201975,True,False,bigcommerce,,,391
wall_tools,direct_probe,GET,probe,404,https://walltools.com/columbia-taping-tools-12-in-quick-clean-flat-box-COLM-12ffb.js,text/html,201500,True,False,bigcommerce,,,328
csr_building,browser,GET,document,200,https://csrbuilding.com/en-us/collections/columbia/products/columbia-corner-roller-cr,text/html,85650,True,False,shopify,,,
csr_building,browser,GET,image,200,https://csrbuilding.com/cdn/shop/products/CR.jpg?v=1576235459&width=500,image/webp,21124,True,False,unknown,,,
csr_building,browser,GET,document,200,https://csrbuilding.com/web-pixels@979a3e2fw137e9400p4daec9d4mf64d2306/custom/web-pixel-shopify-custom-pixel@0510/sandbox/modern/en-us/collections/columbia/products/columbia-corner-roller-cr,text/html,,True,False,shopify,,,
csr_building,browser,GET,stylesheet,200,https://csrbuilding.com/cdn/shop/t/22/assets/search-suggestions.css?v=84163686392962511531755318160,text/css,418,True,False,shopify,,,
csr_building,browser,GET,image,200,https://csrbuilding.com/cdn/shop/products/CR.jpg?v=1576235459&width=56,image/webp,4582,True,False,unknown,,,
csr_building,browser,GET,script,200,https://csrbuilding.com/cdn/shop/t/22/assets/search-form.js?v=43677551656194261111755318160,text/javascript,943,True,False,shopify,,,
csr_building,browser,GET,script,200,https://csrbuilding.com/cdn/shop/t/22/assets/cart-drawer.js?v=26715168632776164121755318159,text/javascript,1640,True,False,shopify,,,
csr_building,browser,GET,script,200,https://csrbuilding.com/cdn/shop/t/22/assets/cart-note.js?v=126131321468449833931755318159,text/javascript,433,True,False,shopify,,,
csr_building,browser,POST,fetch,200,https://monorail-edge.shopifysvc.com/v1/produce,,0,False,False,shopify,,,
csr_building,browser,POST,fetch,200,https://otlp-http-production.shopifysvc.com/v1/logs,application/json,21,False,True,shopify,,partialsuccess,
csr_building,browser,POST,fetch,200,https://csrbuilding.com/api/collect,text/html,0,True,False,shopify,,,
csr_building,browser,GET,fetch,200,https://shop.app/pay/session?v=1&token=%5BREDACTED%5D&shop_id=27766784139,application/json,18,False,True,shopify,,eligible,
csr_building,browser,GET,fetch,200,https://csrbuilding.com/en-us/variants/31471150596235/?section_id=pickup-availability,text/html,822,True,False,shopify,,,
csr_building,browser,GET,xhr,200,https://fast.a.klaviyo.com/custom-fonts/api/v1/company-fonts/onsite?company_id=VLBUtn,application/json,921,False,True,shopify,variants,custom|display_name|fallback|family|font_type|google|id|typekit|typekit_url|variant_value|variants,
csr_building,browser,GET,fetch,200,https://platform.smile.io/shopify_extensions/init/points_on_product_page?channel_key=channel_yleYDsBSl4eAucWdbk2QM9bJ,application/json,463,False,True,shopify,name,account|active_activity_rule_bonuses|candidate_participation|customer_locale|display_setting|exclude_discounted_products|excluded_shopify_product_ids|id|is_available|is_enabled|name|panel_header|points_delay_setting|points_label_plural|points_label_singular|points_program|visitor_title,
csr_building,browser,GET,xhr,200,https://static-forms.klaviyo.com/forms/api/v7/VLBUtn/full-forms,application/json,13292,False,True,unknown,name,a11y_identifier|action|action_id|action_type|alignment|allocation|alt_text|arrangement|back_in_stock|background_color|background_image|blacklist|block_background_color|blur|body|border|border_color|border_radius|border_style|border_width|bottom|button_styles|channel|channel_settings|channel_type|channels|checkbox_label|color|column_id|columns|company_sender_settings|compliance_company_name|component_id|component_type|components|consent_type|content|cookie_timeout|custom_company_font_id|custom_width|data|default_color|desktop_mobile_target|device_type|dismiss_button_styles|dismissed_alerts|docking|drop_shadow|dynamic_button_id|dynamic_buttons|dynamic_info_config|email_address|email_settings|embed_alignment|enabled|environment|existing_user|exit_intent|field_id|flyout_options|focus_color|font_color|font_family|font_size|font_style|font_weight|form_entity_form_view_dependencies|form_id|form_input_text_color|form_settings|form_specialties|form_type|form_type_direction|form_version_id|format|full_forms|full_width|groups_targeting|height|hover_background_color|hover_text_color|html|id|image|impact|independent_triggers|input_background_color|input_styles|invalid_error_message|is_max_width|is_sms_consent_field|is_updating_s_m_s_consent|js_custom_trigger|key|label|left|letter_spacing|link|list_id|live_form_versions|margin|message_priority|meta_fields|minimum_height|mobile_overlay|name|new_window|opt_in_keyword_id|opt_in_message|options|padding|padding_bottom|padding_top|parent_view_id|placeholder|placeholder_color|position|preset_size|privacy_policy_url|redirect_url|related_nodes|reported_at|required|required_error_message|rich_text_styles|right|row_id|rows|selected_country_code|shopify_visitor_api|show_klaviyo_branding|show_klaviyo_branding_fullpage_and_flyout_forms|show_label|side_image|size|size_multiplier|sms|sms_consent_type|specify_hover_background_color|styling|subject|suppress_success_form|sync_email_consent|sync_sms_consent|terms_of_service_url|text|text_color|text_decoration|text_styles|to_phone_number|top|trigger_group_id|trigger_groups|trigger_id|trigger_type|triggers|ty4zfd|type|update_timestamp|url|uyejfj|v9kryp|value|vertical_alignment|view_id|views|violations|whitelist|width|x_stroke|xcolor,
csr_building,browser,GET,document,200,https://csrbuilding.com/services/login_with_shop/buyer/callback?analytics_trace_id=2e18b094-2a0f-422b-821c-f18996c2ec06&target_origin=https%3A%2F%2Fcsrbuilding.com&token=%5BREDACTED%5D,text/html,,True,False,shopify,,,
csr_building,browser,POST,fetch,200,https://csrbuilding.com/shopify_pay/accelerated_checkout,text/html,,True,False,shopify,,,
csr_building,browser,POST,fetch,200,https://monorail-edge.shopifysvc.com/v1/produce,,0,False,False,shopify,,,
csr_building,browser,POST,fetch,200,https://otlp-http-production.shopifysvc.com/v1/metrics,application/json,21,False,True,shopify,,partialsuccess,
csr_building,browser,GET,fetch,200,https://csrbuilding.com/cart.js,text/javascript,303,True,True,shopify,currency,attributes|cart_level_discount_applications|currency|discount_codes|item_count|items|items_subtotal_price|note|original_total_price|requires_shipping|token|total_discount|total_price|total_weight,
csr_building,browser,GET,fetch,200,https://platform.smile.io/shopify_extensions/activity_rules?account_id=168972,application/json,9903,False,True,shopify,name,account_id|action_text|action_url|activity_rule_definition|activity_rule_type|activity_rules|activity_type|category|category_slug|consumable_codes_available_count|created_at|customized_description_template|customized_details|customized_fulfill_reason_text_template|customized_fulfillment_action_text_template|customized_fulfillment_action_url_template|customized_fulfillment_name_template|customized_fulfillment_usage_instructions_template|customized_image_temp_s3_key|customized_image_url|customized_name|customized_name_template|customized_value_description_template|default_activity_rule_details|default_activity_rule_image_url|default_activity_rule_name|default_activity_rule_value_description_template|default_fulfill_reason_text_template|default_fulfill_source_description_template|default_sort_order|description|details|expiry_interval|expiry_interval_count|external_id|fulfilled_rewards_count|fulfillment_action_text_template|fulfillment_action_url_template|fulfillment_name_template|fulfillment_usage_instructions_template|id|image_url|is_discontinued|is_enabled|max|min|multiplier|name|name_template|no_rate_limit_conditions_reason|required_integration_type|requires_rate_limit|reward|reward_fulfillments_count|reward_program_id|reward_value_type|rewarded_count|supports_consumable_codes|supports_expiry|supports_rate_limit_conditions|type|updated_at|username|value|value_description|value_description_template,
csr_building,browser,GET,fetch,200,https://csrbuilding.com/en-us/cart.json,application/json,303,True,True,shopify,currency,attributes|cart_level_discount_applications|currency|discount_codes|item_count|items|items_subtotal_price|note|original_total_price|requires_shipping|token|total_discount|total_price|total_weight,
csr_building,browser,POST,fetch,200,https://analytics.tiktok.com/api/v2/shopify_pixel,,0,False,False,shopify,,,
csr_building,browser,POST,ping,200,https://otlp-http-production.shopifysvc.com/v1/metrics,application/json,21,False,True,shopify,,partialsuccess,
csr_building,browser,POST,ping,200,https://otlp-http-production.shopifysvc.com/v1/logs,application/json,21,False,True,shopify,,partialsuccess,
csr_building,browser,POST,fetch,200,https://monorail-edge.shopifysvc.com/v1/produce,,0,False,False,shopify,,,
csr_building,browser,POST,fetch,200,https://data.securykit.com/api/visit/note,application/json,84,False,True,unknown,,cp|fa|hb|pv|ret|status|url,
csr_building,browser,GET,fetch,200,https://api.tapc.art/capture-kit/?shopStore=csr-building-supplies.myshopify.com&appId=,application/json,978,False,True,shopify,title,appinfo|appinstalledoverrides|appstoreid|appstorelink|background|button|buttonbackground|buttontext|colors|dataurl|deeppinkpath|display|en|enabled|family|font|frequency|icon|matches|mobiledownloadbanner|on|period|placement|playstoreid|playstorelink|qrcode|showreviews|text|title|triggerdelayinms|unit|url|value,
csr_building,browser,GET,fetch,200,https://cdn.codeblackbelt.com/json/preferences/also-bought.json?productIdList=4385033945227&recentlyViewedProductIdList=&shop=csr-building-supplies.myshopify.com&marketCountry=US&marketCurrency=USD&path=%2Fen-us%2Fcollections%2Fcolumbia%2Fproducts%2Fcolumbia-corner-roller-cr&version=202608171022,application/json,15639,False,True,shopify,name|sku|title|variants|vendor,add_to_cart_additional_styles|add_to_cart_background_color|add_to_cart_color|add_to_cart_hover_background_color|add_to_cart_hover_color|add_to_cart_label|added_to_cart_label|alireviews_rating_character|app_translation_support|background_color|border_color|buyable|cart_page_mobile_target|cart_page_mobile_target_placement|cart_page_target|cart_page_target_placement|compare_at_price_additional_styles|compare_at_price_bold|compare_at_price_color|control_button_additional_styles|control_icon_additional_styles|custom_css|custom_js|default_variant|description|disabled_on_cart_page|disabled_on_product_pages|enable_facebook_pixel|enable_tracking|id|image_alt_text|image_url|label|max_width|money_format|money_with_currency_format|name|preferences|product_box_additional_styles|product_box_content_centered|product_box_margins|product_box_width|product_description_additional_styles|product_description_bold|product_description_color|product_description_length|product_description_min_height|product_image_fitted|product_image_height|product_name_additional_styles|product_name_bold|product_name_color|product_name_min_height|product_name_tag|product_page_mobile_target|product_page_mobile_target_placement|product_page_target|product_page_target_placement|product_vendor_additional_styles|product_vendor_bold|product_vendor_color|product_vendor_length|product_vendor_min_height|products|products_excluded_from_primary_market|products_translation_support|recommendation_box_additional_styles|redirect_policy|regular_price_additional_styles|regular_price_bold|regular_price_color|review_count_additional_styles|review_count_color|reviews_app|sale_price_additional_styles|sale_price_bold|sale_price_color|sale_tag_additional_styles|sale_tag_background_color|sale_tag_color|sale_tag_label|shop_country_code|shop_currency_compare_at_price|shop_currency_price|shop_default_currency|shop_default_language|shop_id|show_add_to_cart|show_border|show_compare_at_price|show_compare_at_price_first|show_control_buttons|show_description|show_name|show_on_cart_page|show_on_product_pages|show_price|show_price_with_currency|show_rating|show_review_count|show_sale_tag|show_variant_selector|show_vendor|signature|sku|stamped_api_key|star_rating_additional_styles|star_rating_color|theme|title|title_additional_styles|title_bold|title_centered|title_color|title_length|title_size|title_tag|url|use_superscript_decimals|variant_id|variant_selector_additional_styles|variant_selector_background_color|variant_selector_border_color|variant_selector_color|variant_sku|variants|vendor|vertical_padding|yotpo_app_key,
csr_building,browser,GET,fetch,200,https://cdn.codeblackbelt.com/json/preferences/frequently-bought-together.json?productId=4385033945227&shop=csr-building-supplies.myshopify.com&marketCountry=US&marketCurrency=USD&path=%2Fen-us%2Fcollections%2Fcolumbia%2Fproducts%2Fcolumbia-corner-roller-cr&version=202608171022,application/json,6735,False,True,shopify,name|sku|title|variants|vendor,added_button_label|alireviews_rating_character|app_translation_support|background_color|border_color|box_additional_styles|button_additional_styles|button_background_color|button_color|button_hover_background_color|button_hover_color|button_label|buyable|cart_page_mobile_target|cart_page_mobile_target_placement|cart_page_target|cart_page_target_placement|checkbox_color|checkbox_size|compare_at_price_additional_styles|compare_at_price_bold|compare_at_price_color|custom_css|custom_js|default_variant|description|description_additional_styles|description_bold|description_color|description_length|disabled_on_cart_page|disabled_on_product_pages|discount_amount|discount_applied_message_additional_styles|discount_applied_message_mobile_target|discount_applied_message_mobile_target_placement|discount_applied_message_target|discount_applied_message_target_placement|discount_hmac|discount_individual|discount_message|discount_message_additional_styles|discount_message_background_color|discount_message_bold|discount_message_border|discount_message_border_color|discount_message_color|discount_message_horizontal_padding|discount_message_size|discount_message_vertical_padding|discount_minimum_amount_requirement|discount_percentage|discount_requirements_relaxed_in_secondary_markets|discount_timestamp|discount_type|enable_facebook_pixel|enable_tracking|id|image_additional_styles|image_alt_text|image_fitted|image_height|image_hide_if_unchecked|image_margins|image_opacity_if_unchecked|image_url|image_width|initial_selection_state|label|layout|max_width|mobile_target|mobile_target_placement|money_format|money_with_currency_format|name|name_additional_styles|name_bold|name_color|name_tag|number_of_recommendations_to_offer_discount|offer_discount|preferences|pricing_plan|product|product_id|product_page_mobile_target|product_page_mobile_target_placement|product_page_target|product_page_target_placement|products|products_excluded_from_primary_market|products_translation_support|redirect_policy|regular_price_additional_styles|regular_price_bold|regular_price_color|review_count_additional_styles|review_count_color|reviews_app|sale_price_additional_styles|sale_price_bold|sale_price_color|shop_country_code|shop_currency_compare_at_price|shop_currency_price|shop_default_currency|shop_default_language|shop_id|show_border|show_compare_at_price|show_compare_at_price_first|show_description|show_on_cart_page|show_on_product_pages|show_price|show_price_with_currency|show_rating|show_review_count|signature|sku|stamped_api_key|star_rating_additional_styles|star_rating_color|target|target_placement|theme|this_item_label|title|title_additional_styles|title_bold|title_color|title_length|title_size|title_tag|total_price_label|url|use_superscript_decimals|variant_id|variant_selector_additional_styles|variant_selector_background_color|variant_selector_border_color|variant_selector_color|variant_sku|variants|vendor|vertical_padding|white_plus_icon|yotpo_app_key,
csr_building,browser,POST,fetch,200,https://analytics-ipv6.tiktokw.us/ipv6/enrich_ipv6,,0,False,False,unknown,,,
csr_building,browser,POST,fetch,200,https://otlp-http-production.shopifysvc.com/v1/metrics,application/json,21,False,True,shopify,,partialsuccess,
csr_building,browser,GET,fetch,200,https://csrbuilding.com/services/login_with_shop/buyer/finalize,application/json,20,True,True,shopify,,recognized,
csr_building,browser,POST,fetch,200,https://analytics.tiktok.com/api/v2/shopify_pixel,,0,False,False,shopify,,,
csr_building,browser,GET,fetch,200,https://csrbuilding.com/en-us/products/columbia-angle-head-adaptor-aha,application/json,928,True,True,shopify,barcode|compare_at_price|handle|name|price|sku|title|variants|vendor,alt|barcode|body_html|compare_at_price|compare_at_price_currency|created_at|fulfillment_service|grams|handle|height|id|image|image_id|images|increment|inventory_management|max|min|name|option1|option2|option3|options|position|price|price_currency|product|product_id|product_type|published_at|published_scope|quantity_price_breaks|quantity_rule|requires_shipping|sku|src|tags|taxable|template_suffix|title|updated_at|values|variant_ids|variants|vendor|weight|weight_unit|width,
csr_building,browser,POST,fetch,200,https://otlp-http-production.shopifysvc.com/v1/metrics,application/json,21,False,True,shopify,,partialsuccess,
csr_building,browser,GET,fetch,200,https://csrbuilding.com/en-us/products/columbia-corner-roller-cr,application/json,1096,True,True,shopify,barcode|compare_at_price|handle|name|price|sku|title|variants|vendor,alt|barcode|body_html|compare_at_price|compare_at_price_currency|created_at|fulfillment_service|grams|handle|height|id|image|image_id|images|increment|inventory_management|max|min|name|option1|option2|option3|options|position|price|price_currency|product|product_id|product_type|published_at|published_scope|quantity_price_breaks|quantity_rule|requires_shipping|sku|src|tags|taxable|template_suffix|title|updated_at|values|variant_ids|variants|vendor|weight|weight_unit|width,
csr_building,browser,GET,fetch,200,https://csrbuilding.com/en-us/products/columbia-twist-and-lock-handle-3-8,application/json,1032,True,True,shopify,barcode|compare_at_price|handle|name|price|sku|title|variants|vendor,alt|barcode|body_html|compare_at_price|compare_at_price_currency|created_at|fulfillment_service|grams|handle|height|id|image|image_id|images|increment|inventory_management|max|min|name|option1|option2|option3|options|position|price|price_currency|product|product_id|product_type|published_at|published_scope|quantity_price_breaks|quantity_rule|requires_shipping|sku|src|tags|taxable|template_suffix|title|updated_at|values|variant_ids|variants|vendor|weight|weight_unit|width,
csr_building,browser,GET,fetch,200,https://csrbuilding.com/en-us/products/columbia-standard-flushers,application/json,1424,True,True,shopify,barcode|compare_at_price|handle|name|price|sku|title|variants|vendor,alt|barcode|body_html|compare_at_price|compare_at_price_currency|created_at|fulfillment_service|grams|handle|height|id|image|image_id|images|increment|inventory_management|max|min|name|option1|option2|option3|options|position|price|price_currency|product|product_id|product_type|published_at|published_scope|quantity_price_breaks|quantity_rule|requires_shipping|sku|src|tags|taxable|template_suffix|title|updated_at|values|variant_ids|variants|vendor|weight|weight_unit|width,
csr_building,browser,GET,fetch,200,https://csrbuilding.com/en-us/products/columbia-two-way-internal-corner-applicator,application/json,959,True,True,shopify,barcode|compare_at_price|handle|name|price|sku|title|variants|vendor,alt|barcode|body_html|compare_at_price|compare_at_price_currency|created_at|fulfillment_service|grams|handle|height|id|image|image_id|images|increment|inventory_management|max|min|name|option1|option2|option3|options|position|price|price_currency|product|product_id|product_type|published_at|published_scope|quantity_price_breaks|quantity_rule|requires_shipping|sku|src|tags|taxable|template_suffix|title|updated_at|values|variant_ids|variants|vendor|weight|weight_unit|width,
csr_building,browser,GET,fetch,200,https://csrbuilding.com/en-us/products/columbia-outside-bead-corner-roller-cobcr,application/json,845,True,True,shopify,barcode|compare_at_price|handle|name|price|sku|title|variants|vendor,alt|barcode|body_html|compare_at_price|compare_at_price_currency|created_at|fulfillment_service|grams|handle|height|id|image|image_id|images|increment|inventory_management|max|min|name|option1|option2|option3|options|position|price|price_currency|product|product_id|product_type|published_at|published_scope|quantity_price_breaks|quantity_rule|requires_shipping|sku|src|tags|taxable|template_suffix|title|updated_at|values|variant_ids|variants|vendor|weight|weight_unit|width,
csr_building,browser,GET,fetch,200,https://csrbuilding.com/en-us/products/columbia-flat-applicator,application/json,809,True,True,shopify,barcode|compare_at_price|handle|name|price|sku|title|variants|vendor,alt|barcode|body_html|compare_at_price|compare_at_price_currency|created_at|fulfillment_service|grams|handle|height|id|image|image_id|images|increment|inventory_management|max|min|name|option1|option2|option3|options|position|price|price_currency|product|product_id|product_type|published_at|published_scope|quantity_price_breaks|quantity_rule|requires_shipping|sku|src|tags|taxable|template_suffix|title|updated_at|values|variant_ids|variants|vendor|weight|weight_unit|width,
csr_building,browser,GET,xhr,200,https://a.klaviyo.com/forms/api/v3/geo-ip,application/json,43,False,True,shopify,,continent_code|country_code,
csr_building,browser,GET,fetch,200,https://csrbuilding.com/en-us/products/columbia-one-extendable-handle-3-5,application/json,1351,True,True,shopify,barcode|compare_at_price|handle|name|price|sku|title|variants|vendor,alt|barcode|body_html|compare_at_price|compare_at_price_currency|created_at|fulfillment_service|grams|handle|height|id|image|image_id|images|increment|inventory_management|max|min|name|option1|option2|option3|options|position|price|price_currency|product|product_id|product_type|published_at|published_scope|quantity_price_breaks|quantity_rule|requires_shipping|sku|src|tags|taxable|template_suffix|title|updated_at|values|variant_ids|variants|vendor|weight|weight_unit|width,
csr_building,browser,POST,fetch,204,https://www.merchant-center-analytics.goog/mc/collect?v=2&tid=MC-3DX6K5WQZD&gtm=45Pe68c1v9121004625za200zd9121004625&_p=1786962127157&gcs=G111&gcd=13t3t3t3t5l1&npa=0&dma=0&gdid=dN2ZkMj.dNTU0Yz.dYmNjMT&are=1&cid=1363705157.1786962128&excid=shp.8322297f-b3ac-4573-8cce-1f7d92541eea&frm=0&pscdl=noapi&rcb=19&sr=1280x720&uaa=x86&uab=64&uafvl=Chromium%3B140.0.7339.16%7CNot%253DA%253FBrand%3B24.0.0.0%7CHeadlessChrome%3B140.0.7339.16&uam=&uamb=0&uap=Windows&uapv=10.0&uaw=0&ul=en-us&_s=1&tag_exp=115938466~115938468~118395334~118897920~118897930~119367802~119367810~119527019~120385423~120474864&dp=%2Fen-us%2Fcollections%2Fcolumbia%2Fproducts%2Fcolumbia-corner-roller-cr&dt=Columbia+Corner+Roller+%E2%80%93+CSR+Building+Supplies&dl=https%3A%2F%2Fcsrbuilding.com%2Fen-us%2Fcollections%2Fcolumbia%2Fproducts%2Fcolumbia-corner-roller-cr&sid=1786962127&sct=1&seg=0&_tu=AAI&en=page_view&_fv=1&_nsi=1&_ss=1&_ee=1&edid=dNzYwYj&evnid=sh-0f3e29ad-6491-4597-BC32-8B0570027E65&tfd=1306,text/plain,0,False,False,unknown,,,
csr_building,browser,POST,fetch,200,https://otlp-http-production.shopifysvc.com/v1/metrics,application/json,21,False,True,shopify,,partialsuccess,
csr_building,browser,POST,fetch,200,https://otlp-http-production.shopifysvc.com/v1/metrics,application/json,21,False,True,shopify,,partialsuccess,
csr_building,browser,GET,fetch,200,https://csrbuilding.com/en-us/products/columbia-compound-tube,application/json,1097,True,True,shopify,barcode|compare_at_price|handle|name|price|sku|title|variants|vendor,alt|barcode|body_html|compare_at_price|compare_at_price_currency|created_at|fulfillment_service|grams|handle|height|id|image|image_id|images|increment|inventory_management|max|min|name|option1|option2|option3|options|position|price|price_currency|product|product_id|product_type|published_at|published_scope|quantity_price_breaks|quantity_rule|requires_shipping|sku|src|tags|taxable|template_suffix|title|updated_at|values|variant_ids|variants|vendor|weight|weight_unit|width,
csr_building,browser,GET,fetch,200,https://csrbuilding.com/en-us/products/columbia-angle-head,application/json,1703,True,True,shopify,barcode|compare_at_price|handle|name|price|sku|title|variants|vendor,alt|barcode|body_html|compare_at_price|compare_at_price_currency|created_at|fulfillment_service|grams|handle|height|id|image|image_id|images|increment|inventory_management|max|min|name|option1|option2|option3|options|position|price|price_currency|product|product_id|product_type|published_at|published_scope|quantity_price_breaks|quantity_rule|requires_shipping|sku|src|tags|taxable|template_suffix|title|updated_at|values|variant_ids|variants|vendor|weight|weight_unit|width,
csr_building,browser,POST,fetch,200,https://www.google.com/ccm/collect?rcb=1&frm=0&apvc=1&auid=375654125.1786962128&dt=Columbia+Corner+Roller+%E2%80%93+CSR+Building+Supplies&tid=AW-669074228&en=page_view&dl=https%3A%2F%2Fcsrbuilding.com%2Fen-us%2Fcollections%2Fcolumbia%2Fproducts%2Fcolumbia-corner-roller-cr&scrsrc=www.googletagmanager.com&rnd=1037922115.1786962128&navt=n&npa=0&did=dN2ZkMj%2CdNTU0Yz%2CdYmNjMT&gdid=dN2ZkMj.dNTU0Yz.dYmNjMT&_tu=AAI&gtm=45be68d0h2v9188502509za200zb9121004625zd9121004625xec&gcs=G111&gcd=13t3t3t3t5l1&dma=0&tag_exp=115616985~115938466~115938468~118897920~118897930~119367802~119367810~119527019~120213116~120385423&tft=1786962127860&tfd=1407&tids=AW-669074228&fmt=8,,,False,False,unknown,,,
csr_building,browser,POST,fetch,204,https://ad.doubleclick.net/ccm/s/collect?auid=375654125.1786962128&gtm=45be68d0h2v9188502509za200zb9121004625zd9121004625xec&fmt=8,,,False,False,unknown,,,
csr_building,browser,POST,fetch,200,https://otlp-http-production.shopifysvc.com/v1/metrics,application/json,21,False,True,shopify,,partialsuccess,
csr_building,browser,POST,fetch,204,https://analytics.google.com/g/collect?v=2&tid=G-C6CT784LP1&gtm=45je68d0h2v894359141za200zb9121004625zd9121004625&_p=1786962127157&_gaz=1&gcs=G111&gcd=13t3t3t3t5l1&npa=0&dma=0&gdid=dN2ZkMj.dNTU0Yz.dYmNjMT&_eu=AAAAACAC&are=1&cid=1363705157.1786962128&excid=shp.8322297f-b3ac-4573-8cce-1f7d92541eea&frm=0&ibt=1&ngs=1&pscdl=noapi&rcb=0&sr=1280x720&uaa=x86&uab=64&uafvl=Chromium%3B140.0.7339.16%7CNot%253DA%253FBrand%3B24.0.0.0%7CHeadlessChrome%3B140.0.7339.16&uam=&uamb=0&uap=Windows&uapv=10.0&uaw=0&ul=en-us&_s=1&tag_exp=115616985~115938466~115938468~118395333~118897920~118897930~119367802~119367810~119527020~120385423&dp=%2Fen-us%2Fcollections%2Fcolumbia%2Fproducts%2Fcolumbia-corner-roller-cr&dt=Columbia+Corner+Roller+%E2%80%93+CSR+Building+Supplies&dl=https%3A%2F%2Fcsrbuilding.com%2Fen-us%2Fcollections%2Fcolumbia%2Fproducts%2Fcolumbia-corner-roller-cr&sid=1786962127&sct=1&seg=0&_tu=AAI&en=page_view&_fv=1&_ss=1&_ee=1&edid=dNzYwYj&evnid=sh-0f3e29ad-6491-4597-BC32-8B0570027E65&tfd=1466,text/plain,0,False,False,unknown,,,
csr_building,browser,GET,fetch,200,https://csrbuilding.com/en-us/products/columbia-angle-head-adaptor-aha,application/json,928,True,True,shopify,barcode|compare_at_price|handle|name|price|sku|title|variants|vendor,alt|barcode|body_html|compare_at_price|compare_at_price_currency|created_at|fulfillment_service|grams|handle|height|id|image|image_id|images|increment|inventory_management|max|min|name|option1|option2|option3|options|position|price|price_currency|product|product_id|product_type|published_at|published_scope|quantity_price_breaks|quantity_rule|requires_shipping|sku|src|tags|taxable|template_suffix|title|updated_at|values|variant_ids|variants|vendor|weight|weight_unit|width,
csr_building,browser,GET,fetch,200,https://csrbuilding.com/en-us/products/columbia-one-fixed-handle,application/json,1354,True,True,shopify,barcode|compare_at_price|handle|name|price|sku|title|variants|vendor,alt|barcode|body_html|compare_at_price|compare_at_price_currency|created_at|fulfillment_service|grams|handle|height|id|image|image_id|images|increment|inventory_management|max|min|name|option1|option2|option3|options|position|price|price_currency|product|product_id|product_type|published_at|published_scope|quantity_price_breaks|quantity_rule|requires_shipping|sku|src|tags|taxable|template_suffix|title|updated_at|values|variant_ids|variants|vendor|weight|weight_unit|width,
csr_building,browser,GET,fetch,200,https://www.googleadservices.com/pagead/conversion/669074228/?random=1786962127849&cv=11&fst=1786962127849&fmt=7&bg=ffffff&guid=ON&async=1&en=view_item&gtm=45be68d0h2v9188502509za200zb9121004625zd9121004625xec&gcs=G111&gcd=13t3t3t3t5l1&dma=0&tag_exp=115616985~115938466~115938468~118897920~118897930~119367802~119367810~119527019~120213116~120385423&u_w=1280&u_h=720&url=https%3A%2F%2Fcsrbuilding.com%2Fen-us%2Fcollections%2Fcolumbia%2Fproducts%2Fcolumbia-corner-roller-cr&rcb=1&label=vbI8CIK3nMIBELSGhb8C&capi=1&gtm_ee=1&evnid=sh-0f3e29d8-C7AE-470A-75C6-27479566B5FD&excid=shp.8322297f-b3ac-4573-8cce-1f7d92541eea&frm=0&tiba=Columbia+Corner+Roller+%E2%80%93+CSR+Building+Supplies&did=dN2ZkMj%2CdNTU0Yz%2CdYmNjMT%2CdNzYwYj&gdid=dN2ZkMj.dNTU0Yz.dYmNjMT&edid=dNzYwYj&hn=www.googleadservices.com&rdp=0&npa=0&pscdl=noapi&auid=375654125.1786962128&uaa=x86&uab=64&uafvl=Chromium%3B140.0.7339.16%7CNot%253DA%253FBrand%3B24.0.0.0%7CHeadlessChrome%3B140.0.7339.16&uamb=0&uam=&uap=Windows&uapv=10.0&uaw=0&ec_mode=c&oid=678544066.1786962128&oidsrc=3&ecsid2=1188187866.1786962128&_tu=ABI&gcl_ctr=2~0~0~0&data=event%3Dview_item%3Becomm_prodid%3Dshopify_CA_4385033945227_31471150596235%3Becomm_totalvalue%3D138%3Becomm_pagetype%3Dproduct&category=acrcp_v1_512&em=tv.1&emd=tvd.1&ept=5,application/json,1438,False,False,shopify,,,
csr_building,browser,GET,fetch,200,https://www.googleadservices.com/pagead/conversion/669074228/?random=1786962127832&cv=11&fst=1786962127832&fmt=7&bg=ffffff&guid=ON&async=1&en=page_view&gtm=45be68d0h2v9188502509za200zb9121004625zd9121004625xec&gcs=G111&gcd=13t3t3t3t5l1&dma=0&tag_exp=115616985~115938466~115938468~118897920~118897930~119367802~119367810~119527019~120213116~120385423&u_w=1280&u_h=720&url=https%3A%2F%2Fcsrbuilding.com%2Fen-us%2Fcollections%2Fcolumbia%2Fproducts%2Fcolumbia-corner-roller-cr&rcb=1&label=6NWRCMi1nMIBELSGhb8C&capi=1&gtm_ee=1&evnid=sh-0f3e29ad-6491-4597-BC32-8B0570027E65&excid=shp.8322297f-b3ac-4573-8cce-1f7d92541eea&tiba=Columbia+Corner+Roller+%E2%80%93+CSR+Building+Supplies&frm=0&did=dN2ZkMj%2CdNTU0Yz%2CdYmNjMT%2CdNzYwYj&gdid=dN2ZkMj.dNTU0Yz.dYmNjMT&edid=dNzYwYj&hn=www.googleadservices.com&rdp=0&npa=0&pscdl=noapi&auid=375654125.1786962128&uaa=x86&uab=64&uafvl=Chromium%3B140.0.7339.16%7CNot%253DA%253FBrand%3B24.0.0.0%7CHeadlessChrome%3B140.0.7339.16&uamb=0&uam=&uap=Windows&uapv=10.0&uaw=0&ec_mode=c&oid=1840758802.1786962128&oidsrc=3&ecsid2=1188187866.1786962128&_tu=ABI&gcl_ctr=1~0~0~0&data=event%3Dpage_view%3Bpage_path%3D%2Fen-us%2Fcollections%2Fcolumbia%2Fproducts%2Fcolumbia-corner-roller-cr&category=acrcp_v1_512&em=tv.1&emd=tvd.1&ept=5,application/json,1379,False,False,unknown,,,
csr_building,browser,GET,fetch,200,https://fast.a.klaviyo.com/atlas/api/public/settings/VLBUtn,application/json,1605,False,True,unknown,,action_text|add_to_cart_button|add_to_cart_error|add_to_cart_fill_color|add_to_cart_popover_settings|add_to_cart_success|add_to_cart_text_color|agent_name|ai_agent_enabled|ai_agent_settings|alignment|allow_wishlist_sharing|app_block_fill_color|app_block_font|app_block_style_choice|are_conversation_starters_enabled|authentication|background_color|bottom|bottom_spacing|button|button_color|card|card_shape|cart|cart_name|color|content_blocks|coupon_name|custom_css|custom_layout|custom_text|customer_hub_onboarded|default_onsite_locale|default_returns_enabled|design|destination|element_order|embedded_integrations|embedded_product_recs|enabled|enabled_onsite|faq|favorites_fill_color|favorites_icon_color|feed_enabled|feed_id|feed_settings|fill_color|filter_out_of_stock_products|font|font_color|font_family|font_weight|fonts|foreground_color|general|heading_color|heading_font|heading_text|headless_shopify_settings|height|help_settings|hide_from_groups|horizontal_spacing|hub_launcher|icon_color|icon_image_url|icon_style|image_settings|is_custom|is_identified_state_enabled|is_otp_enabled|layout|left|locale|loyalty|marketing_list_id|max_products|max_width|modal_type|nav_type|notify_emails|onsite_app_block|onsite_visibility|order_tracking|orders_action_text|padding|paragraph_color|paragraph_font|placement|position_on_desktop|privacy_policy_link|product_grid_padding|profile_action_text|provider|replace_account_links|replace_cart_links|return_action_text|returns|returns_platform|returns_settings_option|returns_url|returns_url_template|review_stars|reviews|right|scroll_threshold_percentage|shape|shopify_storefront_public_access_token|should_prompt_email_marketing|should_prompt_sms_marketing|show_add_to_cart|show_favorites|show_price|show_recommendations|show_to_groups|side_spacing|sign_in_button|store_display_name|store_id|store_type|store_url_domain|subscriptions|terms_of_service_link|text_case|text_color|text_transform|top|vertical_spacing|view_cart_action|visibility|visual_style|web_chat|web_chat_onboarded|welcome_message|welcome_message_delay|widget|widget_color|width|wishlists,
csr_building,browser,GET,image,200,https://cdn.shopify.com/s/files/1/0277/6678/4139/products/C1HEXT_-_SQUARE_58889c6c-5be5-4df3-a223-ccd7ee75bdb7_265x265.jpg?v=1578074967,image/avif,6582,False,False,shopify,,,
csr_building,browser,GET,image,200,https://cdn.shopify.com/s/files/1/0277/6678/4139/products/2.5SF_265x265.jpg?v=1621021369,image/avif,3521,False,False,shopify,,,
csr_building,browser,GET,image,200,https://cdn.shopify.com/s/files/1/0277/6678/4139/products/AHAPack_265x265.jpg?v=1621426195,image/avif,3042,False,False,shopify,,,
csr_building,browser,GET,image,200,https://cdn.shopify.com/s/files/1/0277/6678/4139/products/08TL3-8_265x265.jpg?v=1660057346,image/avif,2717,False,False,shopify,,,
csr_building,browser,GET,image,200,https://cdn.shopify.com/s/files/1/0277/6678/4139/products/2wayinternalCA2_265x265.png?v=1576247474,image/avif,5114,False,False,shopify,,,
csr_building,browser,GET,fetch,200,https://fast.a.klaviyo.com/atlas/api/public/l10n/VLBUtn/en,application/json,4,False,False,unknown,,,
csr_building,browser,GET,image,200,https://cdn.shopify.com/s/files/1/0277/6678/4139/products/COBCR_265x265.jpg?v=1742310072,image/avif,5459,False,False,shopify,,,
csr_building,browser,GET,image,200,https://cdn.shopify.com/s/files/1/0277/6678/4139/products/CMT_265x265.jpg?v=1577726620,image/webp,7300,False,False,shopify,,,
csr_building,browser,GET,image,200,https://cdn.shopify.com/s/files/1/0277/6678/4139/products/2AH_6d45a26f-f3a1-4abf-9b9b-e9f0f63103cd_265x265.jpg?v=1620664290,image/avif,6518,False,False,shopify,,,
csr_building,browser,GET,image,200,https://cdn.shopify.com/s/files/1/0277/6678/4139/products/cfltb_265x265.jpg?v=1621356195,image/avif,3930,False,False,shopify,,,
csr_building,browser,GET,fetch,200,https://csrbuilding.com/en-us/products/columbia-one-fixed-handle,application/json,1354,True,True,shopify,barcode|compare_at_price|handle|name|price|sku|title|variants|vendor,alt|barcode|body_html|compare_at_price|compare_at_price_currency|created_at|fulfillment_service|grams|handle|height|id|image|image_id|images|increment|inventory_management|max|min|name|option1|option2|option3|options|position|price|price_currency|product|product_id|product_type|published_at|published_scope|quantity_price_breaks|quantity_rule|requires_shipping|sku|src|tags|taxable|template_suffix|title|updated_at|values|variant_ids|variants|vendor|weight|weight_unit|width,
csr_building,browser,GET,image,200,https://cdn.shopify.com/s/files/1/0277/6678/4139/products/CR_140x140.jpg?v=1576235459,image/webp,3100,False,False,shopify,,,
csr_building,browser,GET,image,200,https://cdn.shopify.com/s/files/1/0277/6678/4139/products/AHAPack_140x140.jpg?v=1621426195,image/webp,1742,False,False,shopify,,,
csr_building,browser,POST,fetch,302,https://googleads.g.doubleclick.net/pagead/viewthroughconversion/669074228/?random=1390481351&cv=11&fst=1786962127849&fmt=8&bg=ffffff&guid=ON&async=1&en=view_item&gtm=45be68d0h2v9188502509za200zb9121004625zd9121004625xec&gcs=G111&gcd=13t3t3t3t5l1&dma=0&tag_exp=115616985~115938466~115938468~118897920~118897930~119367802~119367810~119527019~120213116~120385423&u_w=1280&u_h=720&url=https%3A%2F%2Fcsrbuilding.com%2Fen-us%2Fcollections%2Fcolumbia%2Fproducts%2Fcolumbia-corner-roller-cr&rcb=1&label=vbI8CIK3nMIBELSGhb8C&capi=1&gtm_ee=1&evnid=sh-0f3e29d8-C7AE-470A-75C6-27479566B5FD&excid=shp.8322297f-b3ac-4573-8cce-1f7d92541eea&frm=0&tiba=Columbia+Corner+Roller+%E2%80%93+CSR+Building+Supplies&did=dN2ZkMj%2CdNTU0Yz%2CdYmNjMT%2CdNzYwYj&gdid=dN2ZkMj.dNTU0Yz.dYmNjMT&edid=dNzYwYj&hn=www.googleadservices.com&rdp=0&npa=0&pscdl=noapi&auid=375654125.1786962128&uaa=x86&uab=64&uafvl=Chromium%3B140.0.7339.16%7CNot%253DA%253FBrand%3B24.0.0.0%7CHeadlessChrome%3B140.0.7339.16&uamb=0&uam=&uap=Windows&uapv=10.0&uaw=0&ec_mode=c&oidsrc=3&ecsid2=1188187866.1786962128&_tu=ABI&gcl_ctr=2~0~0~0&data=event%3Dview_item%3Becomm_prodid%3Dshopify_CA_4385033945227_31471150596235%3Becomm_totalvalue%3D138%3Becomm_pagetype%3Dproduct&category=acrcp_v1_512&em=tv.1&emd=tvd.1&ept=5&ct_cookie_present=false&eoid=CkQKEQjw4orUBhDQ28bt8Im8nKkBEi8AsOU7gd8UPF80jIENBCfQ_7TEhUHKYPeCNYb_N-eRE0GokWMgct7VyCof60HXOvD_BwE&crd=CLTesQII8t-xAgit4bECCK_hsQIIobixAgixwbECCLDBsQIIscOxAgiKxbECCMLJsQII1-ixAgi0xrECCJPasQII29yxAgiH27ECCNPFsQII68yxAgjtzrECCNXPsQII9NqxAgiS67ECCMnjsQIIl9SxAgjJ27ECCM3msQII1OaxAgix4bECCLPhsQIIpt2xAgiA27ECCMvhsQJKGW5vdC1ldmVudC1zb3VyY2UsIHRyaWdnZXJaAwoBAWIDCgED&cerd=Chzs370t24m-Laanvi2DsL4tubK-LYO-vi35z74t&fsk=ChEI8OKK1AYQwdDawfe8iuvkARIsAIFUdcQXIH2Pf-0pP-niHihnWvBgEMPrgPfzUEQQBBhQzaqFWsGJBo6wSfYaAhG6&pscrd=IhMIqrf51rinlgMVE_8YAh0WlANIOhhodHRwczovL2NzcmJ1aWxkaW5nLmNvbS9CWENoRUk4T0tLMUFZUTVObXR1OTZpb3FXdkFSSXRBRWJBRmI5dktYbXhwZ3FwMFJpdmU4VVFja1dGY2ZQQnNRR1BkdWNYUHdpMHRqYXc2OG9NQTZiVXFTWTd6DAgJYggIABAAGAAgAA,text/html,0,False,False,shopify,,,
csr_building,browser,POST,fetch,302,https://googleads.g.doubleclick.net/pagead/viewthroughconversion/669074228/?random=1643623320&cv=11&fst=1786962127832&fmt=8&bg=ffffff&guid=ON&async=1&en=page_view&gtm=45be68d0h2v9188502509za200zb9121004625zd9121004625xec&gcs=G111&gcd=13t3t3t3t5l1&dma=0&tag_exp=115616985~115938466~115938468~118897920~118897930~119367802~119367810~119527019~120213116~120385423&u_w=1280&u_h=720&url=https%3A%2F%2Fcsrbuilding.com%2Fen-us%2Fcollections%2Fcolumbia%2Fproducts%2Fcolumbia-corner-roller-cr&rcb=1&label=6NWRCMi1nMIBELSGhb8C&capi=1&gtm_ee=1&evnid=sh-0f3e29ad-6491-4597-BC32-8B0570027E65&excid=shp.8322297f-b3ac-4573-8cce-1f7d92541eea&tiba=Columbia+Corner+Roller+%E2%80%93+CSR+Building+Supplies&frm=0&did=dN2ZkMj%2CdNTU0Yz%2CdYmNjMT%2CdNzYwYj&gdid=dN2ZkMj.dNTU0Yz.dYmNjMT&edid=dNzYwYj&hn=www.googleadservices.com&rdp=0&npa=0&pscdl=noapi&auid=375654125.1786962128&uaa=x86&uab=64&uafvl=Chromium%3B140.0.7339.16%7CNot%253DA%253FBrand%3B24.0.0.0%7CHeadlessChrome%3B140.0.7339.16&uamb=0&uam=&uap=Windows&uapv=10.0&uaw=0&ec_mode=c&oidsrc=3&ecsid2=1188187866.1786962128&_tu=ABI&gcl_ctr=1~0~0~0&data=event%3Dpage_view%3Bpage_path%3D%2Fen-us%2Fcollections%2Fcolumbia%2Fproducts%2Fcolumbia-corner-roller-cr&category=acrcp_v1_512&em=tv.1&emd=tvd.1&ept=5&ct_cookie_present=false&eoid=CkUKEQjw4orUBhDQ28bt8Im8nKkBEjAAsOU7gf_uCAlb_fHjG-jGaz9Dbs6a_1lEleEby1sKKFA-rU_Zh-oA3ZRf5cm6hejw_wcB&crd=CLTesQII8t-xAgit4bECCK_hsQIIobixAgixwbECCLDBsQIIscOxAgiKxbECCMLJsQII1-ixAgi0xrECCJPasQII29yxAgiH27ECCNPFsQII68yxAgjtzrECCNXPsQII9NqxAgiR67ECCMnjsQIIl9SxAgjJ27ECCM3msQIIseGxAgiz4bECCKbdsQIIgNuxAkoZdHJpZ2dlcj1uYXZpZ2F0aW9uLXNvdXJjZVoDCgEBYgMKAQM&cerd=ChTs370tp6e-LYKwvi24sr4t-s--LQ&fsk=ChEI8OKK1AYQwdDawfe8iuvkARIsAIFUdcSpcvxFJVblag4vV2OD3yhuvvAv4a8i02uxL5NUh5isvgJPX_4KUbIaAufn&pscrd=IhMIzLv51rinlgMVlz20Ax1kKDY5OhhodHRwczovL2NzcmJ1aWxkaW5nLmNvbS9CWENoRUk4T0tLMUFZUTVObXR1OTZpb3FXdkFSSXRBRWJBRmJfNzYxU2FfTFozdmE5TmdoeXp1LURaX0ZxRFREMVpZT3RJeUxhS1duRE1tTWFTbU9melpPRFp6DAgJYggIABAAGAAgAA,text/html,0,False,False,unknown,,,
csr_building,browser,GET,fetch,200,https://cdn.codeblackbelt.com/also-bought/stats/rendered.json?value=10&shop=csr-building-supplies.myshopify.com,application/json,22,False,True,shopify,,,
csr_building,browser,GET,fetch,200,https://www.google.com/pagead/1p-conversion/669074228/?random=1390481351&cv=11&fst=1786962127849&fmt=8&bg=ffffff&guid=ON&async=1&en=view_item&gtm=45be68d0h2v9188502509za200zb9121004625zd9121004625xec&gcs=G111&gcd=13t3t3t3t5l1&dma=0&tag_exp=115616985~115938466~115938468~118897920~118897930~119367802~119367810~119527019~120213116~120385423&u_w=1280&u_h=720&url=https%3A%2F%2Fcsrbuilding.com%2Fen-us%2Fcollections%2Fcolumbia%2Fproducts%2Fcolumbia-corner-roller-cr&rcb=1&label=vbI8CIK3nMIBELSGhb8C&capi=1&gtm_ee=1&evnid=sh-0f3e29d8-C7AE-470A-75C6-27479566B5FD&excid=shp.8322297f-b3ac-4573-8cce-1f7d92541eea&frm=0&tiba=Columbia+Corner+Roller+%E2%80%93+CSR+Building+Supplies&did=dN2ZkMj%2CdNTU0Yz%2CdYmNjMT%2CdNzYwYj&gdid=dN2ZkMj.dNTU0Yz.dYmNjMT&edid=dNzYwYj&hn=www.googleadservices.com&rdp=0&npa=0&pscdl=noapi&auid=375654125.1786962128&uaa=x86&uab=64&uafvl=Chromium%3B140.0.7339.16%7CNot%253DA%253FBrand%3B24.0.0.0%7CHeadlessChrome%3B140.0.7339.16&uamb=0&uam=&uap=Windows&uapv=10.0&uaw=0&ec_mode=c&oidsrc=3&ecsid2=1188187866.1786962128&_tu=ABI&gcl_ctr=2~0~0~0&data=event%3Dview_item%3Becomm_prodid%3Dshopify_CA_4385033945227_31471150596235%3Becomm_totalvalue%3D138%3Becomm_pagetype%3Dproduct&category=acrcp_v1_512&em=tv.1&emd=tvd.1&ept=5&ct_cookie_present=false&eoid=CkQKEQjw4orUBhDQ28bt8Im8nKkBEi8AsOU7gd8UPF80jIENBCfQ_7TEhUHKYPeCNYb_N-eRE0GokWMgct7VyCof60HXOvD_BwE&crd=CLTesQII8t-xAgit4bECCK_hsQIIobixAgixwbECCLDBsQIIscOxAgiKxbECCMLJsQII1-ixAgi0xrECCJPasQII29yxAgiH27ECCNPFsQII68yxAgjtzrECCNXPsQII9NqxAgiS67ECCMnjsQIIl9SxAgjJ27ECCM3msQII1OaxAgix4bECCLPhsQIIpt2xAgiA27ECCMvhsQJKGW5vdC1ldmVudC1zb3VyY2UsIHRyaWdnZXJaAwoBAWIDCgED&cerd=Chzs370t24m-Laanvi2DsL4tubK-LYO-vi35z74t&fsk=ChEI8OKK1AYQwdDawfe8iuvkARIsAIFUdcQXIH2Pf-0pP-niHihnWvBgEMPrgPfzUEQQBBhQzaqFWsGJBo6wSfYaAhG6&pscrd=IhMIqrf51rinlgMVE_8YAh0WlANIOhhodHRwczovL2NzcmJ1aWxkaW5nLmNvbS9CWENoRUk4T0tLMUFZUTVObXR1OTZpb3FXdkFSSXRBRWJBRmI5dktYbXhwZ3FwMFJpdmU4VVFja1dGY2ZQQnNRR1BkdWNYUHdpMHRqYXc2OG9NQTZiVXFTWTd6DAgJYggIABAAGAAgAA&is_vtc=1&cid=CAQS1AEAEQoqgZP50SqNta5nBcjygjnpRmIPCnuNni8O5trDs-lORvDRSOonSZIlhowrI-n5uln21uASC0v7-ilD3I-fHk4L5AwlVxp5_rg30KD7fzD_N8IrneeaaLKA67Y_k_v6dxcIWBeQpL30Rip9KlgdnGL4K6-Eg2ynX-hh7Pb0AXeuEGk6dxLWD-ctz6SOlBMwgTE5_IZvMs5aPSTA5fkkMb4ZFHUbdPGfAwomWdFgWJaF3X1aI8J3uAKhQxkVVYi4UYYvm9rS9QQhG9TD52XCRpNlDQ&random=1004605541,,,False,False,shopify,,,
csr_building,browser,GET,fetch,200,https://www.google.com/pagead/1p-conversion/669074228/?random=1643623320&cv=11&fst=1786962127832&fmt=8&bg=ffffff&guid=ON&async=1&en=page_view&gtm=45be68d0h2v9188502509za200zb9121004625zd9121004625xec&gcs=G111&gcd=13t3t3t3t5l1&dma=0&tag_exp=115616985~115938466~115938468~118897920~118897930~119367802~119367810~119527019~120213116~120385423&u_w=1280&u_h=720&url=https%3A%2F%2Fcsrbuilding.com%2Fen-us%2Fcollections%2Fcolumbia%2Fproducts%2Fcolumbia-corner-roller-cr&rcb=1&label=6NWRCMi1nMIBELSGhb8C&capi=1&gtm_ee=1&evnid=sh-0f3e29ad-6491-4597-BC32-8B0570027E65&excid=shp.8322297f-b3ac-4573-8cce-1f7d92541eea&tiba=Columbia+Corner+Roller+%E2%80%93+CSR+Building+Supplies&frm=0&did=dN2ZkMj%2CdNTU0Yz%2CdYmNjMT%2CdNzYwYj&gdid=dN2ZkMj.dNTU0Yz.dYmNjMT&edid=dNzYwYj&hn=www.googleadservices.com&rdp=0&npa=0&pscdl=noapi&auid=375654125.1786962128&uaa=x86&uab=64&uafvl=Chromium%3B140.0.7339.16%7CNot%253DA%253FBrand%3B24.0.0.0%7CHeadlessChrome%3B140.0.7339.16&uamb=0&uam=&uap=Windows&uapv=10.0&uaw=0&ec_mode=c&oidsrc=3&ecsid2=1188187866.1786962128&_tu=ABI&gcl_ctr=1~0~0~0&data=event%3Dpage_view%3Bpage_path%3D%2Fen-us%2Fcollections%2Fcolumbia%2Fproducts%2Fcolumbia-corner-roller-cr&category=acrcp_v1_512&em=tv.1&emd=tvd.1&ept=5&ct_cookie_present=false&eoid=CkUKEQjw4orUBhDQ28bt8Im8nKkBEjAAsOU7gf_uCAlb_fHjG-jGaz9Dbs6a_1lEleEby1sKKFA-rU_Zh-oA3ZRf5cm6hejw_wcB&crd=CLTesQII8t-xAgit4bECCK_hsQIIobixAgixwbECCLDBsQIIscOxAgiKxbECCMLJsQII1-ixAgi0xrECCJPasQII29yxAgiH27ECCNPFsQII68yxAgjtzrECCNXPsQII9NqxAgiR67ECCMnjsQIIl9SxAgjJ27ECCM3msQIIseGxAgiz4bECCKbdsQIIgNuxAkoZdHJpZ2dlcj1uYXZpZ2F0aW9uLXNvdXJjZVoDCgEBYgMKAQM&cerd=ChTs370tp6e-LYKwvi24sr4t-s--LQ&fsk=ChEI8OKK1AYQwdDawfe8iuvkARIsAIFUdcSpcvxFJVblag4vV2OD3yhuvvAv4a8i02uxL5NUh5isvgJPX_4KUbIaAufn&pscrd=IhMIzLv51rinlgMVlz20Ax1kKDY5OhhodHRwczovL2NzcmJ1aWxkaW5nLmNvbS9CWENoRUk4T0tLMUFZUTVObXR1OTZpb3FXdkFSSXRBRWJBRmJfNzYxU2FfTFozdmE5TmdoeXp1LURaX0ZxRFREMVpZT3RJeUxhS1duRE1tTWFTbU9melpPRFp6DAgJYggIABAAGAAgAA&is_vtc=1&cid=CAQS1AEAEQoqgcTH567Yepl_zvy_az3ZhHv0OQFA19d-Wsyc9jl54v2wTzU7xbb57Y0jaqIav4R62n5Fcmp-3ojWbQXKxCL5q1Mel04C5x3aS2EKe6N-PNxWxpHckwUa8kStOzwrFm8cQS-Y8ALCuBhXGSOtIPLZ4Cbtg39r_ZCItqU0GpOmVDFchyR8NedDmqaw6cTboKcriwGJBWTugYtTOwhm97i7p4Cc_KpJe47i3PzNOuo0ZafRjPIlVUMolVwa9AbxWXvMsziKRTILYta2eh7WTkKmyQ&random=263967013,,,False,False,unknown,,,
csr_building,browser,GET,fetch,200,https://csrbuilding.com/products/columbia-corner-roller-cr.js,text/javascript,1077,True,True,shopify,available|barcode|compare_at_price|handle|name|price|price_max|price_min|sku|title|variants|vendor,alt|aspect_ratio|available|barcode|compare_at_price|compare_at_price_max|compare_at_price_min|compare_at_price_varies|created_at|description|featured_image|handle|height|id|images|increment|inventory_management|max|media|media_type|min|name|option1|option2|option3|options|position|preview_image|price|price_max|price_min|price_varies|public_title|published_at|quantity_price_breaks|quantity_rule|requires_selling_plan|requires_shipping|selling_plan_allocations|selling_plan_groups|sku|src|tags|taxable|title|type|url|values|variants|vendor|weight|width,
csr_building,browser,GET,fetch,200,https://cdn.codeblackbelt.com/frequently-bought-together/stats/rendered.json?value=3&shop=csr-building-supplies.myshopify.com,application/json,22,False,True,shopify,,,
csr_building,browser,GET,fetch,200,https://platform.smile.io/smile_ui/exchange_tokens?channel_key=channel_yleYDsBSl4eAucWdbk2QM9bJ,application/json,42,False,True,unknown,,publishable_key,
csr_building,browser,POST,fetch,200,https://otlp-http-production.shopifysvc.com/v1/metrics,application/json,21,False,True,shopify,,partialsuccess,
csr_building,browser,GET,fetch,200,https://platform.smile.io/smile_ui/init?publishable_key=pub_0411f526df043e93,application/json,15332,False,True,shopify,currency|name|title,account|account_id|advocate_reward|advocate_reward_id|alternate_symbols|banner_color|banner_color_preset|banner_font_color|banner_image_url|birthday_form_description|birthday_form_title|border_radius_style|button_border_radius_style|button_color|button_color_preset|button_font_color|caption|card_border_radius_style|code_snippet|color|consumable_codes_available_count|created_at|cta|currency|customer_eligibility|customer_locale|customer_login_url|customer_signup_url|decimal_mark|delivery_type|description|disambiguate_symbol|display_setting|earn_more_points_icon_url|email_body_template|email_share_body_template|email_share_title_template|email_title_template|expiry_interval|expiry_interval_count|external_id|facebook_share_message_template|friend_tracking_reward|friend_tracking_reward_id|fulfilled_rewards_count|fulfillment_action_text_template|fulfillment_action_url_template|fulfillment_name_template|fulfillment_usage_instructions_template|header_bar_font_color|hidden_url_paths|hide_on_index_page|hide_smile_branding|html_entity|icon_color|icon_color_preset|icon_url|id|image_svg|image_url|initial_refresh_tiers_task|input_border_radius_style|interaction_medium|is_enabled|is_enhanced_option_active|is_visible|iso_code|join_program_already_have_an_account|join_program_cta|join_program_program_description|join_program_title|key|last_enabled_at|launched_at|launcher|layout|link_color|link_color_preset|milestone|milestone_description|milestone_description_highest_template|milestone_description_to_maintain_tier_template|milestone_description_to_next_tier_template|milestone_description_to_next_tier_within_interval_template|milestone_formatted|milestone_interval|milestone_interval_count|milestone_period|milestone_period_start_date|milestone_type|milestone_verb|milestone_vip_program|mobile_layout|mobile_text|my_rewards_summary_subtitle_template|my_rewards_summary_title_active|my_rewards_summary_title_inactive|name|name_template|nudges|panel|panel_header|points_caption|points_delay_setting|points_earning_title|points_expiry_inactive_floor_date|points_expiry_interval|points_expiry_interval_count|points_expiry_is_available|points_expiry_is_enabled|points_expiry_is_installed|points_explainer_description|points_explainer_earn_more_points_cta|points_explainer_spend_your_points_cta|points_explainer_title|points_history_title|points_label_plural|points_label_singular|points_program|points_summary_expiry_template|points_summary_header_template|points_summary_next_reward|points_title|primary_color|receiver_reward_id|referral_detail_description|referral_detail_they_get_label|referral_detail_title|referral_detail_you_get_label|referral_landing_prompt|referral_reward|referral_share_by_email_message_placeholder|referral_share_by_email_message_title|referral_share_by_email_send_email_cta|referral_share_by_email_title|referral_share_by_email_to_placeholder|referral_share_by_email_to_title|referral_sharing_options|referrals_caption|referrals_explainer_description|referrals_explainer_they_get_label|referrals_explainer_title|referrals_explainer_you_get_label|referrals_history_title|referrals_program|referrals_summary_description_template|referrals_summary_subtitle_template|referrals_summary_title|referrals_summary_your_referral_code_label|referrals_title|requires_customer|requires_upgrade_to_enable|requires_upgrade_to_enable_points_expiry|reward_fulfillments_count|reward_program_card_order|reward_program_definition_id|reward_program_for_banner|reward_program_id|rewards_catalog_title|sales_channel|secondary_color|sender_reward_id|sign_in_cta|smile_ui_desktop_bottom_margin|smile_ui_desktop_position|smile_ui_desktop_side_margin|smile_ui_mobile_bottom_margin|smile_ui_mobile_position|smile_ui_mobile_side_margin|sort_order|spend_your_points_icon_url|subtitle|supports_consumable_codes|supports_expiry|text|text_color|theme|title|twitter_share_message_template|type|updated_at|url|url_path|uses_default_icon|value|vip_caption|vip_explainer_title|vip_history_title|vip_program_details_title|vip_program_tiers_description|vip_program_tiers_title|vip_summary_achieved_expiry_template|vip_tier_benefits|vip_tiers|vip_title|visibility_setting|visitor_caption|visitor_title|wallpaper_url|z_index,
csr_building,browser,POST,ping,200,https://otlp-http-production.shopifysvc.com/v1/metrics,application/json,21,False,True,shopify,,partialsuccess,
csr_building,browser,GET,fetch,200,https://api.smile.io/smile_js/preloadable_program_data?include=points_settings,application/json,77,False,True,unknown,,one|other|points_label|points_settings,
csr_building,browser,POST,fetch,200,https://otlp-http-production.shopifysvc.com/v1/metrics,application/json,21,False,True,shopify,,partialsuccess,
csr_building,direct_probe,GET,probe,200,https://csrbuilding.com/en-us/products/columbia-corner-roller-cr.js,text/javascript,2967,True,True,shopify,available|barcode|compare_at_price|handle|name|price|price_max|price_min|sku|title|variants|vendor,alt|aspect_ratio|available|barcode|compare_at_price|compare_at_price_max|compare_at_price_min|compare_at_price_varies|created_at|description|featured_image|handle|height|id|images|increment|inventory_management|max|media|media_type|min|name|option1|option2|option3|options|position|preview_image|price|price_max|price_min|price_varies|public_title|published_at|quantity_price_breaks|quantity_rule|requires_selling_plan|requires_shipping|selling_plan_allocations|selling_plan_groups|sku|src|tags|taxable|title|type|url|values|variants|vendor|weight|width,219
csr_building,direct_probe,GET,probe,200,https://csrbuilding.com/en-us/products/columbia-corner-roller-cr.json,application/json,3027,True,True,shopify,barcode|compare_at_price|handle|name|price|sku|title|variants|vendor,alt|barcode|body_html|compare_at_price|compare_at_price_currency|created_at|fulfillment_service|grams|handle|height|id|image|image_id|images|increment|inventory_management|max|min|name|option1|option2|option3|options|position|price|price_currency|product|product_id|product_type|published_at|published_scope|quantity_price_breaks|quantity_rule|requires_shipping|sku|src|tags|taxable|template_suffix|title|updated_at|values|variant_ids|variants|vendor|weight|weight_unit|width,172
