sku,name,brand,dtb_price,map_price,competitor_count,site_count,market_low,market_high,market_mean,market_median,market_spread_pct,dtb_vs_market_median,dtb_vs_market_median_pct,market_position,map_floor_status,lowest_competitor,lowest_competitor_url
10FBB,"Columbia Fat Boy Flat Box - 10""",Columbia Tools,454.23,454.23,2,2,448.99,454.23,451.61,451.61,1.17,2.62,0.58,market_aligned,at_or_above_map,All-Wall,https://www.all-wall.com/Columbia-FatBox-InsideTrack-10
10FBBA,"Columbia Automatic Fat Boy Box - 10""",Columbia Tools,492.08,492.08,2,2,492.08,492.08,492.08,492.08,0.00,0.00,0.00,market_aligned,at_or_above_map,Al's Taping Tools,https://www.alstapingtools.com/columbia-10-automatic-assist-drywall-tool-flat-box/
10FFB,"Columbia Flat Finisher Box - 10""",Columbia Tools,400.16,400.16,1,1,400.16,400.16,400.16,400.16,0.00,0.00,0.00,single_source_only,at_or_above_map,Al's Taping Tools,https://www.alstapingtools.com/columbia-10-drywall-flat-finishing-box/
10FFBA,"Columbia Automatic Flat Box - 10""",Columbia Tools,427.19,427.19,1,1,427.99,427.99,427.99,427.99,0.00,-0.80,-0.19,single_source_only,at_or_above_map,All-Wall,https://www.all-wall.com/Columbia-10in-Automatic-Assist-Flat-Box
12FBB,"Columbia Fat Boy Flat Box - 12""",Columbia Tools,465.05,465.05,2,2,459.99,465.05,462.52,462.52,1.10,2.53,0.55,market_aligned,at_or_above_map,All-Wall,https://www.all-wall.com/Columbia-FatBox-InsideTrack-12
12FBBA,"Columbia Automatic Fat Boy Box - 12""",Columbia Tools,502.90,502.90,1,1,502.90,502.90,502.90,502.90,0.00,0.00,0.00,single_source_only,at_or_above_map,Al's Taping Tools,https://www.alstapingtools.com/columbia-12-fat-boy-automatic-assist-drywall-flat-box/
12FFB,"Columbia Flat Finisher Box - 12""",Columbia Tools,410.97,410.97,1,1,410.97,410.97,410.97,410.97,0.00,0.00,0.00,single_source_only,at_or_above_map,Al's Taping Tools,https://www.alstapingtools.com/columbia-12-drywall-flat-finishing-box/
12FFBA,"Columbia Automatic Flat Box - 12""",Columbia Tools,432.60,432.60,1,1,432.99,432.99,432.99,432.99,0.00,-0.39,-0.09,single_source_only,at_or_above_map,All-Wall,https://www.all-wall.com/Columbia-12in-Automatic-Assist-Flat-Box
14FFB,"Columbia Flat Finisher Box - 14""",Columbia Tools,421.79,421.79,1,1,421.79,421.79,421.79,421.79,0.00,0.00,0.00,single_source_only,at_or_above_map,Al's Taping Tools,https://www.alstapingtools.com/columbia-14-drywall-flat-finishing-box/
14FFBA,"Columbia Automatic Flat Box - 14""",Columbia Tools,438.01,438.01,2,2,438.01,438.99,438.50,438.50,0.22,-0.49,-0.11,market_aligned,at_or_above_map,Al's Taping Tools,https://www.alstapingtools.com/columbia-14-automatic-assist-drywall-flat-box/
2.5AH,"Columbia Angle Head - 2.5""",Columbia Tools,421.79,421.79,1,1,421.79,421.79,421.79,421.79,0.00,0.00,0.00,single_source_only,at_or_above_map,Al's Taping Tools,https://www.alstapingtools.com/columbia-2-5-angle-head-w-wheels/
2.5CSF,"Columbia Combo Flusher - 2.5""",Columbia Tools,167.16,163.31,1,1,163.99,163.99,163.99,163.99,0.00,3.17,1.93,single_source_only,at_or_above_map,All-Wall,https://www.all-wall.com/Columbia-Combo-Flusher-25
2.5DF,"Columbia Direct Flusher - 2.5""",Columbia Tools,127.62,127.62,1,1,127.62,127.62,127.62,127.62,0.00,0.00,0.00,single_source_only,at_or_above_map,Al's Taping Tools,https://www.alstapingtools.com/columbia-taping-tools-2-5-direct-drywall-corner-flusher/
2.5SF,"Columbia Standard Flusher - 2.5""",Columbia Tools,116.80,116.80,1,1,116.80,116.80,116.80,116.80,0.00,0.00,0.00,single_source_only,at_or_above_map,Al's Taping Tools,https://www.alstapingtools.com/columbia-taping-tools-2-5-standard-drywall-corner-flusher-with-wheels/
2AH,"Columbia Angle Head - 2""",Columbia Tools,410.97,410.97,1,1,410.97,410.97,410.97,410.97,0.00,0.00,0.00,single_source_only,at_or_above_map,Al's Taping Tools,https://www.alstapingtools.com/columbia-2-angle-head-w-wheels/
2NS,"Columbia Nail Spotter - 2""",Columbia Tools,324.00,297.41,1,1,297.41,297.41,297.41,297.41,0.00,26.59,8.94,single_source_only,at_or_above_map,Al's Taping Tools,https://www.alstapingtools.com/columbia-taping-tools-2-nail-spotter/
3.5AH,"Columbia Angle Head - 3.5""",Columbia Tools,457.35,454.23,1,1,454.23,454.23,454.23,454.23,0.00,3.12,0.69,single_source_only,at_or_above_map,Al's Taping Tools,https://www.alstapingtools.com/columbia-3-5-angle-head-w-wheels/
3.5CSF,"Columbia Combo Flusher - 3.5""",Columbia Tools,181.99,181.69,0,0,,,,,,,,no_market_data,at_or_above_map,,
3.5DF,"Columbia Direct Flusher - 3.5""",Columbia Tools,146.00,146.00,1,1,146.00,146.00,146.00,146.00,0.00,0.00,0.00,single_source_only,at_or_above_map,Al's Taping Tools,https://www.alstapingtools.com/columbia-taping-tools-3-5-direct-drywall-corner-flusher-with-wheels/
3.5SF,"Columbia Standard Flusher - 3.5""",Columbia Tools,133.02,133.02,1,1,133.02,133.02,133.02,133.02,0.00,0.00,0.00,single_source_only,at_or_above_map,Al's Taping Tools,https://www.alstapingtools.com/columbia-taping-tools-3-5-standard-drywall-corner-flusher-with-wheels/
3AH,"Columbia Angle Head - 3""",Columbia Tools,443.42,443.42,1,1,443.42,443.42,443.42,443.42,0.00,0.00,0.00,single_source_only,at_or_above_map,Al's Taping Tools,https://www.alstapingtools.com/columbia-3-angle-head-w-wheels/
3BH,Columbia 180° Grip Flat Box Handle - 3',Columbia Tools,189.26,189.26,1,1,189.26,189.26,189.26,189.26,0.00,0.00,0.00,single_source_only,at_or_above_map,Al's Taping Tools,https://www.alstapingtools.com/columbia-36-180-grip-featherweight-flat-box-handle/
3CSF,"Columbia Combo Flusher - 3""",Columbia Tools,172.42,168.71,1,1,163.31,163.31,163.31,163.31,0.00,9.11,5.58,single_source_only,at_or_above_map,Al's Taping Tools,https://www.alstapingtools.com/columbia-combo-flusher/
3DF,"Columbia Direct Flusher - 3""",Columbia Tools,133.02,133.02,2,2,130.99,133.02,132.00,132.00,1.55,1.02,0.77,market_aligned,at_or_above_map,All-Wall,https://www.all-wall.com/Columbia-DirectFlusher-3DF
3NS,"Columbia Nail Spotter - 3""",Columbia Tools,324.00,308.23,1,1,308.23,308.23,308.23,308.23,0.00,15.77,5.12,single_source_only,at_or_above_map,Al's Taping Tools,https://www.alstapingtools.com/columbia-taping-tools-3-hinged-nail-spotter/
3SF,"Columbia Standard Flusher - 3""",Columbia Tools,122.21,122.21,3,2,122.21,133.99,126.40,122.99,9.64,-0.78,-0.63,market_aligned,at_or_above_map,Al's Taping Tools,https://www.alstapingtools.com/columbia-taping-tools-3-standard-drywall-corner-flusher-with-wheels/
3WTCSF,"Columbia Combo Flusher - 3"" Widetrack",Columbia Tools,122.51,,0,0,,,,,,,,no_market_data,no_map,,
3WTDF,"Columbia Direct Flusher - 3"" Widetrack",Columbia Tools,140.60,140.60,1,1,115.00,115.00,115.00,115.00,0.00,25.60,22.26,single_source_only,at_or_above_map,Al's Taping Tools,https://www.alstapingtools.com/columbia-taping-tools-3-widetrack-direct-drywall-corner-flusher/
3WTSF,"Columbia Standard Flusher - 3"" Widetrack",Columbia Tools,127.62,127.62,0,0,,,,,,,,no_market_data,at_or_above_map,,
42BH,"Columbia 180° Grip Flat Box Handle - 42""",Columbia Tools,205.49,205.49,1,1,205.49,205.49,205.49,205.49,0.00,0.00,0.00,single_source_only,at_or_above_map,Al's Taping Tools,https://www.alstapingtools.com/columbia-42-180-grip-featherweight-flat-box-handle/
4BH,Columbia 180° Grip Flat Box Handle - 4',Columbia Tools,210.89,210.89,1,1,210.89,210.89,210.89,210.89,0.00,0.00,0.00,single_source_only,at_or_above_map,Al's Taping Tools,https://www.alstapingtools.com/columbia-48-180-grip-featherweight-flat-box-handle/
4DF,"Columbia Direct Flusher - 4""",Columbia Tools,151.41,151.41,0,0,,,,,,,,no_market_data,at_or_above_map,,
4SF,"Columbia Standard Flusher - 4""",Columbia Tools,140.60,140.60,1,1,140.60,140.60,140.60,140.60,0.00,0.00,0.00,single_source_only,at_or_above_map,Al's Taping Tools,https://www.alstapingtools.com/columbia-taping-tools-4-standard-drywall-corner-flusher-with-wheels/
5.5FBB,"Columbia Fat Boy Flat Box - 5.5""",Columbia Tools,189.95,,0,0,,,,,,,,no_market_data,no_map,,
5.5FFB,"Columbia Flat Finisher Box - 5.5""",Columbia Tools,367.71,367.71,1,1,367.71,367.71,367.71,367.71,0.00,0.00,0.00,single_source_only,at_or_above_map,Al's Taping Tools,https://www.alstapingtools.com/columbia-5-5-drywall-flat-finisher-box/
5BH,Columbia 180° Grip Flat Box Handle - 5',Columbia Tools,221.71,221.71,1,1,221.71,221.71,221.71,221.71,0.00,0.00,0.00,single_source_only,at_or_above_map,Al's Taping Tools,https://www.alstapingtools.com/columbia-60-180-grip-featherweight-flat-box-handle/
6BH,Columbia 180° Grip Flat Box Handle - 6',Columbia Tools,232.52,232.52,1,1,232.52,232.52,232.52,232.52,0.00,0.00,0.00,single_source_only,at_or_above_map,Al's Taping Tools,https://www.alstapingtools.com/columbia-72-180-grip-featherweight-flat-box-handle/
7CFB,"Columbia Throttle Corner Flusher Box - 7""",Columbia Tools,313.64,313.64,2,2,313.64,313.99,313.82,313.82,0.11,-0.18,-0.06,market_aligned,at_or_above_map,Al's Taping Tools,https://www.alstapingtools.com/columbia-7-throttlebox-angle-box/
7FFB,"Columbia Flat Finisher Box - 7""",Columbia Tools,378.53,378.53,1,1,378.53,378.53,378.53,378.53,0.00,0.00,0.00,single_source_only,at_or_above_map,Al's Taping Tools,https://www.alstapingtools.com/columbia-drywall-taping-tools-7-hinged-flat-finisher-box/
8CFB,"Columbia Throttle Corner Flusher Box - 8""",Columbia Tools,324.82,324.45,2,2,324.45,324.99,324.72,324.72,0.17,0.10,0.03,market_aligned,at_or_above_map,Al's Taping Tools,https://www.alstapingtools.com/columbia-8-throttlebox-angle-box/
8FBB,"Columbia Fat Boy Flat Box - 8""",Columbia Tools,443.42,443.42,3,2,443.42,443.99,443.80,443.99,0.13,-0.57,-0.13,market_aligned,at_or_above_map,Al's Taping Tools,https://www.alstapingtools.com/columbia-8-fat-boy-drywall-flat-finishing-box/
8FBBA,"Columbia Automatic Fat Boy Box - 8""",Columbia Tools,481.27,481.27,1,1,481.27,481.27,481.27,481.27,0.00,0.00,0.00,single_source_only,at_or_above_map,Al's Taping Tools,https://www.alstapingtools.com/columbia-8-fat-boy-automatic-assist-drywall-flat-box/
8FFB,"Columbia Flat Finisher Box - 8""",Columbia Tools,389.34,389.34,1,1,389.34,389.34,389.34,389.34,0.00,0.00,0.00,single_source_only,at_or_above_map,Al's Taping Tools,https://www.alstapingtools.com/columbia-8-drywall-flat-finisher-box/
8FFBA,"Columbia Automatic Flat Box - 8""",Columbia Tools,421.79,421.79,2,2,421.99,431.93,426.96,426.96,2.36,-5.17,-1.21,market_aligned,at_or_above_map,All-Wall,https://www.all-wall.com/Columbia-8in-Automatic-Assist-Flat-Box
AH1-2,"Head Casting - 2""",Columbia Tools,153.00,,1,1,175.48,175.48,175.48,175.48,0.00,-22.48,-12.81,single_source_only,no_map,All-Wall,https://www.all-wall.com/AH1-2-Columbia-Angle-Head-Body-Casting-2in-5797
AH1-2.5,"Head Casting - 2.5""",Columbia Tools,173.85,,1,1,175.48,175.48,175.48,175.48,0.00,-1.63,-0.93,single_source_only,no_map,All-Wall,https://www.all-wall.com/AH1-2-5-Columbia-Angle-Head-Body-Casting-2-5in-5798
AH1-3,"Head Casting - 3""",Columbia Tools,153.00,,0,0,,,,,,,,no_market_data,no_map,,
AH1-3.5,"Head Casting - 3.5""",Columbia Tools,153.00,,1,1,175.48,175.48,175.48,175.48,0.00,-22.48,-12.81,single_source_only,no_map,All-Wall,https://www.all-wall.com/AH1-3-5-Columbia-Angle-Head-Body-Casting-3-5in-5800
AH18,Socket Wear Cap,Columbia Tools,9.00,,1,1,10.16,10.16,10.16,10.16,0.00,-1.16,-11.42,single_source_only,no_map,All-Wall,https://www.all-wall.com/AH18-Columbia-Angle-Head-Socket-Wear-Cup-5817
AH1A,Spring Housing,Columbia Tools,8.00,,1,1,12.18,12.18,12.18,12.18,0.00,-4.18,-34.32,single_source_only,no_map,All-Wall,https://www.all-wall.com/Columbia-Spring-Housing-Angle-Head
AH1B,Return Spring,Columbia Tools,3.00,,0,0,,,,,,,,no_market_data,no_map,,
AH3-2,"Top Blade - 2""",Columbia Tools,38.95,,1,1,36.34,36.34,36.34,36.34,0.00,2.61,7.18,single_source_only,no_map,All-Wall,https://www.all-wall.com/AH3-2-Columbia-Angle-Head-Carbide-Blade-2in-5801
AH3-2.5,"Top Blade - 2.5""",Columbia Tools,25.00,,1,1,36.34,36.34,36.34,36.34,0.00,-11.34,-31.21,single_source_only,no_map,All-Wall,https://www.all-wall.com/Columbia-AngleHead-Blade-25
AH3-3,"Top Blade - 3""",Columbia Tools,44.95,,1,1,36.34,36.34,36.34,36.34,0.00,8.61,23.69,single_source_only,no_map,All-Wall,https://www.all-wall.com/AH3-3-Columbia-Angle-Head-Carbide-Blade-3in-5803
AH3-3.5,"Top Blade - 3.5""",Columbia Tools,25.00,,1,1,36.34,36.34,36.34,36.34,0.00,-11.34,-31.21,single_source_only,no_map,All-Wall,https://www.all-wall.com/AH3-3-5-Columbia-Angle-Head-Carbide-Blade-3-5in-5804
AH4,Side Blade,Columbia Tools,29.50,,0,0,,,,,,,,no_market_data,no_map,,
AH5,Frame Retainer Clip,Columbia Tools,2.00,,1,1,2.28,2.28,2.28,2.28,0.00,-0.28,-12.28,single_source_only,no_map,All-Wall,https://www.all-wall.com/AH5-Columbia-Angle-Head-Frame-Retainer-Clip-5806
AH6A,Funnel Retainer Clip,Columbia Tools,19.00,,0,0,,,,,,,,no_market_data,no_map,,
AH7-2,"Frame Tension Spring - 2""",Columbia Tools,12.50,,1,1,1.90,1.90,1.90,1.90,0.00,10.60,557.89,single_source_only,no_map,All-Wall,https://www.all-wall.com/AH7-2-Columbia-Angle-Head-Frame-Tension-Spring-2in-5808
AH7-2.5,"Frame Tension Spring - 2.5""",Columbia Tools,2.00,,1,1,1.90,1.90,1.90,1.90,0.00,0.10,5.26,single_source_only,no_map,All-Wall,https://www.all-wall.com/AH7-2-5-Columbia-Angle-Head-Frame-Tension-Spring-2-5in-Also-Small-3in-Spring-5809
AH7-3,"Frame Tension Spring - 3""",Columbia Tools,13.25,,1,1,1.90,1.90,1.90,1.90,0.00,11.35,597.37,single_source_only,no_map,All-Wall,https://www.all-wall.com/AH7-3-Columbia-Angle-Head-Tension-Spring-3in-Large-5810
AH7-3.5,"Frame Tension Spring - 3.5""",Columbia Tools,14.50,,1,1,1.90,1.90,1.90,1.90,0.00,12.60,663.16,single_source_only,no_map,All-Wall,https://www.all-wall.com/AH7-3-5-Columbia-Angle-Head-Frame-Tension-Spring-3-5in-5811
AH8,Top Retainer Corner Clip - Standard,Columbia Tools,8.00,,1,1,6.78,6.78,6.78,6.78,0.00,1.22,17.99,single_source_only,no_map,All-Wall,https://www.all-wall.com/AH8-Columbia-Angle-Head-Retainer-Clip-Short-5812
AH8A,"Top Retainer Corner Clip - 3.5""",Columbia Tools,9.75,,0,0,,,,,,,,no_market_data,no_map,,
AH9,Bottom Retainer Corner Clip - Standard,Columbia Tools,10.00,,1,1,12.25,12.25,12.25,12.25,0.00,-2.25,-18.37,single_source_only,no_map,All-Wall,https://www.all-wall.com/AH9-Columbia-Angle-Head-Retainer-Clip-Long-5814
AH9A,"Bottom Retainer Corner Clip - 3.5""",Columbia Tools,11.50,,0,0,,,,,,,,no_market_data,no_map,,
AHA,Angle Head Adapter,Columbia Tools,24.87,24.87,2,2,24.87,24.88,24.88,24.88,0.04,-0.00,-0.02,market_aligned,at_or_above_map,Al's Taping Tools,https://www.alstapingtools.com/columbia-angle-head-ball-adapter/
BF,Columbia Box Filler - Standard,Columbia Tools,75.71,75.71,1,1,75.71,75.71,75.71,75.71,0.00,0.00,0.00,single_source_only,at_or_above_map,Al's Taping Tools,https://www.alstapingtools.com/columbia-box-filler/
BH1,Mounting Plate,Columbia Tools,30.00,,0,0,,,,,,,,no_market_data,no_map,,
BH11,Strap Connecting Pin,Columbia Tools,7.95,,0,0,,,,,,,,no_market_data,no_map,,
BH2,Plate,Columbia Tools,24.50,,1,1,45.84,45.84,45.84,45.84,0.00,-21.34,-46.55,single_source_only,no_map,All-Wall,https://www.all-wall.com/BH2-Columbia-Box-Handle-180-Grip-Plate-COL-handles-12459
BH24A,Bearing Sleeve,Columbia Tools,4.00,,0,0,,,,,,,,no_market_data,no_map,,
BH26,Cam,Columbia Tools,21.95,,1,1,12.38,12.38,12.38,12.38,0.00,9.57,77.30,single_source_only,no_map,All-Wall,https://www.all-wall.com/BH26-Columbia-Box-Handle-Cam-for-180-Handle-11575
BH3,Lower Mounting Bracket,Columbia Tools,32.00,,1,1,35.90,35.90,35.90,35.90,0.00,-3.90,-10.86,single_source_only,no_map,All-Wall,https://www.all-wall.com/Lower-Mounting-Bracket
BH4,Lower Brake Lever,Columbia Tools,19.75,,0,0,,,,,,,,no_market_data,no_map,,
BH5,Upper Mounting Bracket,Columbia Tools,18.50,,1,1,10.54,10.54,10.54,10.54,0.00,7.96,75.52,single_source_only,no_map,All-Wall,https://www.all-wall.com/BH5-Columbia-Box-Handle-Upper-Mounting-Bracket-180-Grip-12460
BH6,Hinge Pin,Columbia Tools,11.25,,0,0,,,,,,,,no_market_data,no_map,,
BH7,Cam Follower,Columbia Tools,15.00,,0,0,,,,,,,,no_market_data,no_map,,
BH9-3,Brake Connecting Strap - 3',Columbia Tools,27.00,,0,0,,,,,,,,no_market_data,no_map,,
BH9-4,Brake Connecting Strap - 4',Columbia Tools,31.00,,0,0,,,,,,,,no_market_data,no_map,,
BH9-42,"Brake Connecting Strap - 42""",Columbia Tools,29.00,,0,0,,,,,,,,no_market_data,no_map,,
BH9-5,Brake Connecting Strap - 5',Columbia Tools,33.00,,0,0,,,,,,,,no_market_data,no_map,,
BH9-6,Brake Connecting Strap - 6',Columbia Tools,35.00,,0,0,,,,,,,,no_market_data,no_map,,
C1H,Columbia One Handle - Fixed,Columbia Tools,64.89,64.89,1,1,64.89,64.89,64.89,64.89,0.00,0.00,0.00,single_source_only,at_or_above_map,Al's Taping Tools,https://www.alstapingtools.com/columbia-one-handle/
C1HEXT,Columbia One Handle - Extendable 3'-5',Columbia Tools,135.19,135.19,1,1,135.19,135.19,135.19,135.19,0.00,0.00,0.00,single_source_only,at_or_above_map,Al's Taping Tools,https://www.alstapingtools.com/columbia-one-extendable-handle-3-5/
C1HS,Columbia One Handle - Stubby,Columbia Tools,49.44,49.44,1,1,49.44,49.44,49.44,49.44,0.00,0.00,0.00,single_source_only,at_or_above_map,All-Wall,https://www.all-wall.com/Columbia-One-Handle-Stubby-C1HS
CBNCR,Columbia Outside Corner Roller - Bullnose,Columbia Tools,86.52,86.52,2,2,86.52,87.00,86.76,86.76,0.55,-0.24,-0.28,market_aligned,at_or_above_map,Al's Taping Tools,https://www.alstapingtools.com/columbia-outside-bullnose-corner-roller/
CC,Columbia Corner Cobra,Columbia Tools,401.00,367.71,2,2,367.70,367.71,367.70,367.70,0.00,33.30,9.05,above_market_median,at_or_above_map,Wall Tools,https://walltools.com/columbia-taping-tools-corner-cobra-COLM-cc/
CEXT90,Columbia Billet Mud Applicator - External 90,Columbia Tools,127.62,127.62,1,1,127.62,127.62,127.62,127.62,0.00,0.00,0.00,single_source_only,at_or_above_map,Al's Taping Tools,https://www.alstapingtools.com/columbia-outside-90-corner-applicator-head/
CFB10,"5/16-18 x 3/4"" Thumb Screw",Columbia Tools,6.00,,1,1,7.30,7.30,7.30,7.30,0.00,-1.30,-17.81,single_source_only,no_map,All-Wall,https://www.all-wall.com/CFB10-Columbia-Angle-Box-5-16-18-X-3-4in-Thumb-Screw-5550
CFB11A,Door Stop,Columbia Tools,3.00,,1,1,3.68,3.68,3.68,3.68,0.00,-0.68,-18.48,single_source_only,no_map,All-Wall,https://www.all-wall.com/CFB11A-Columbia-Angle-Box-Door-Stop-5551
CFB15,Door Hinge,Columbia Tools,24.95,,1,1,30.10,30.10,30.10,30.10,0.00,-5.15,-17.11,single_source_only,no_map,All-Wall,https://www.all-wall.com/CFB15-Columbia-Angle-Box-Door-Hinge-5552
CFB15A,Hinge Bushing (Plastic Washer),Columbia Tools,8.50,,1,1,2.75,2.75,2.75,2.75,0.00,5.75,209.09,single_source_only,no_map,All-Wall,https://www.all-wall.com/CFB15A-Columbia-Angle-Box-Hinge-Bushing-5553
CFB16,Bearing Sleeve,Columbia Tools,18.75,,1,1,7.28,7.28,7.28,7.28,0.00,11.47,157.55,single_source_only,no_map,All-Wall,https://www.all-wall.com/CFB16-Columbia-Angle-Box-Bearing-Sleeve-Ss-5554
CFB3-7,"Side Plate - 7""",Columbia Tools,40.00,,1,1,43.84,43.84,43.84,43.84,0.00,-3.84,-8.76,single_source_only,no_map,All-Wall,https://www.all-wall.com/CFB3-7-Columbia-Angle-Box-Side-Plate-7in-5540
CFB3-8,"Side Plate - 8""",Columbia Tools,40.00,,1,1,43.84,43.84,43.84,43.84,0.00,-3.84,-8.76,single_source_only,no_map,All-Wall,https://www.all-wall.com/CFB3-8-Columbia-Angle-Box-Side-Plate-8in-5541
CFB4-7,"Door - 7""",Columbia Tools,42.50,,0,0,,,,,,,,no_market_data,no_map,,
CFB4-8,"Door - 8""",Columbia Tools,46.95,,0,0,,,,,,,,no_market_data,no_map,,
CFB5B,Cone Ball,Columbia Tools,16.00,,0,0,,,,,,,,no_market_data,no_map,,
CFB6,Mud Supply Valve Unit,Columbia Tools,29.00,,1,1,32.18,32.18,32.18,32.18,0.00,-3.18,-9.88,single_source_only,no_map,All-Wall,https://www.all-wall.com/CFB6-Columbia-Angle-Box-Mud-Supply-Valve-Unit-5545
CFB7-7,"Door Gasket - 7""",Columbia Tools,28.50,,1,1,45.16,45.16,45.16,45.16,0.00,-16.66,-36.89,single_source_only,no_map,All-Wall,https://www.all-wall.com/Columbia-7-inch-Angle-Box-Gasket
CFB7-8,"Door Gasket - 8""",Columbia Tools,31.95,,0,0,,,,,,,,no_market_data,no_map,,
CFB8,Box Mount,Columbia Tools,44.00,,1,1,52.72,52.72,52.72,52.72,0.00,-8.72,-16.54,single_source_only,no_map,All-Wall,https://www.all-wall.com/CFB8-Columbia-Angle-Box-Handle-Mount-Casting-5549
CFLT,Columbia Billet Mud Applicator - Flat,Columbia Tools,91.93,91.93,1,1,91.93,91.93,91.93,91.93,0.00,0.00,0.00,single_source_only,at_or_above_map,Al's Taping Tools,https://www.alstapingtools.com/columbia-4-flat-applicator-head/
CHXL,Columbia One Handle - Long Extendable 4'-8',Columbia Tools,173.04,173.04,0,0,,,,,,,,no_market_data,at_or_above_map,,
CLT24,"Columbia Cam Lock Tube - 24""",Columbia Tools,270.95,257.40,0,0,,,,,,,,no_market_data,at_or_above_map,,
CLT32,"Columbia Cam Lock Tube - 32""",Columbia Tools,279.72,268.21,1,1,268.21,268.21,268.21,268.21,0.00,11.51,4.29,single_source_only,at_or_above_map,Al's Taping Tools,https://www.alstapingtools.com/columbia-32-cam-lock-compound-mud-tube/
CLT42,"Columbia Cam Lock Tube - 42""",Columbia Tools,297.33,280.11,1,1,280.11,280.11,280.11,280.11,0.00,17.22,6.15,single_source_only,at_or_above_map,Al's Taping Tools,https://www.alstapingtools.com/columbia-42-cam-lock-compound-mud-tube/
CLT55,"Columbia Cam Lock Tube - 55""",Columbia Tools,307.89,278.10,1,1,278.10,278.10,278.10,278.10,0.00,29.79,10.71,single_source_only,at_or_above_map,Al's Taping Tools,https://www.alstapingtools.com/columbia-55-cam-lock-compound-mud-tube/
CMH,Columbia Closet Monster Handle,Columbia Tools,119.76,113.56,3,3,113.56,113.99,113.70,113.56,0.38,6.20,5.46,above_market_median,at_or_above_map,Al's Taping Tools,https://www.alstapingtools.com/columbia-closet-monster-18-flat-box-handle/
CMT24,"Columbia Compound Tube - 24""",Columbia Tools,197.91,197.91,2,2,197.91,197.99,197.95,197.95,0.04,-0.04,-0.02,market_aligned,at_or_above_map,Al's Taping Tools,https://www.alstapingtools.com/columbia-24-drywall-corner-finishing-compound-mud-tube/
CMT32,"Columbia Compound Tube - 32""",Columbia Tools,208.73,208.73,2,2,208.73,208.99,208.86,208.86,0.12,-0.13,-0.06,market_aligned,at_or_above_map,Al's Taping Tools,https://www.alstapingtools.com/columbia-32-drywall-corner-finishing-compound-mud-tube/
CMT42,"Columbia Compound Tube - 42""",Columbia Tools,221.71,221.71,2,2,221.71,221.99,221.85,221.85,0.13,-0.14,-0.06,market_aligned,at_or_above_map,Al's Taping Tools,https://www.alstapingtools.com/columbia-42-drywall-corner-finishing-compound-mud-tube/
CMT55,"Columbia Compound Tube - 55""",Columbia Tools,232.52,232.52,1,1,232.99,232.99,232.99,232.99,0.00,-0.47,-0.20,single_source_only,at_or_above_map,All-Wall,https://www.all-wall.com/Columbia-55-Compound-Mud-Tube
COBCR,Columbia Outside Corner Roller - Standard,Columbia Tools,86.52,86.52,1,1,86.52,86.52,86.52,86.52,0.00,0.00,0.00,single_source_only,at_or_above_map,Al's Taping Tools,https://www.alstapingtools.com/columbia-taping-tools-standard-outside-90-corner-bead-roller/
COBCRE,Columbia Outside Corner Roller - European,Columbia Tools,1.00,,0,0,,,,,,,,no_market_data,no_map,,
COBCRW,Columbia Outside Corner Roller - Wide,Columbia Tools,86.52,86.52,1,1,86.52,86.52,86.52,86.52,0.00,0.00,0.00,single_source_only,at_or_above_map,Al's Taping Tools,https://www.alstapingtools.com/columbia-taping-tools-superwide-outside-90-corner-bead-roller/
CPFGN,Columbia Powerfill 5 Gallon Taper Gooseneck Fill Tube,Columbia Tools,275.00,185.00,0,0,,,,,,,,no_market_data,at_or_above_map,,
CPFP,Columbia PowerFill 3.5 Pro Series Cordless Loading Pump,Columbia Tools,1473.00,1249.00,0,0,,,,,,,,no_market_data,at_or_above_map,,
CR,Columbia Corner Roller,Columbia Tools,167.63,167.63,3,2,30.81,167.63,120.40,162.75,444.08,4.88,3.00,market_aligned,at_or_above_map,All-Wall,https://www.all-wall.com/Columbia-MudRoller-2KCMR
CR-3,Bearing Sleeve,Columbia Tools,19.99,,1,1,9.45,9.45,9.45,9.45,0.00,10.54,111.53,single_source_only,no_map,All-Wall,https://www.all-wall.com/CR3-Columbia-Corner-Roller-Bearing-Sleeve-5563
CR1,Head Casting,Columbia Tools,39.00,,1,1,58.50,58.50,58.50,58.50,0.00,-19.50,-33.33,single_source_only,no_map,All-Wall,https://www.all-wall.com/CR1-Columbia-Corner-Roller-Head-Casting-5561
CR11,Handle Connecting Link,Columbia Tools,18.95,,1,1,30.10,30.10,30.10,30.10,0.00,-11.15,-37.04,single_source_only,no_map,All-Wall,https://www.all-wall.com/CR11-Columbia-Corner-Roller-Handle-Connecting-Link-5567
CR12,Swivel Coupling Pin,Columbia Tools,12.50,,1,1,5.38,5.38,5.38,5.38,0.00,7.12,132.34,single_source_only,no_map,All-Wall,https://www.all-wall.com/CR12-Columbia-Corner-Roller-Swivel-Coupling-Pin-5568
CR2,Roller,Columbia Tools,12.00,,1,1,20.64,20.64,20.64,20.64,0.00,-8.64,-41.86,single_source_only,no_map,All-Wall,https://www.all-wall.com/Columbia-RollerWheel-CR2
CR4,Cut Washer,Columbia Tools,3.00,,1,1,5.40,5.40,5.40,5.40,0.00,-2.40,-44.44,single_source_only,no_map,All-Wall,https://www.all-wall.com/CR4-Columbia-Corner-Roller-Washer-5564
CR6,Handle Mounting Swivel,Columbia Tools,24.95,,1,1,17.68,17.68,17.68,17.68,0.00,7.27,41.12,single_source_only,no_map,All-Wall,https://www.all-wall.com/CR6-Columbia-Corner-Roller-Handle-Mounting-Swivel-5565
CT101,Return Spring,Columbia Tools,9.25,,0,0,,,,,,,,no_market_data,no_map,,
CT103,Barrel- Main Body,Columbia Tools,112.50,,0,0,,,,,,,,no_market_data,no_map,,
CT104,Connection Strap,Columbia Tools,18.95,,0,0,,,,,,,,no_market_data,no_map,,
CT105,Crimper Lever,Columbia Tools,34.50,,0,0,,,,,,,,no_market_data,no_map,,
CT107,Piston Body,Columbia Tools,27.00,,0,0,,,,,,,,no_market_data,no_map,,
CT109,1/4 - 20 Hex Nut,Columbia Tools,6.00,,0,0,,,,,,,,no_market_data,no_map,,
CT10A,Crimping Arm Shaft Bushing - L,Columbia Tools,13.95,,0,0,,,,,,,,no_market_data,no_map,,
CT111,Piston Cup,Columbia Tools,11.75,,0,0,,,,,,,,no_market_data,no_map,,
CT112,Connecting Stud,Columbia Tools,11.00,,0,0,,,,,,,,no_market_data,no_map,,
CT115,Guard Ring,Columbia Tools,20.00,,0,0,,,,,,,,no_market_data,no_map,,
CT116A,Strap,Columbia Tools,28.50,,0,0,,,,,,,,no_market_data,no_map,,
CT119,Spool Retaining Spring,Columbia Tools,7.25,,0,0,,,,,,,,no_market_data,no_map,,
CT120,Tape Spool,Columbia Tools,14.50,,0,0,,,,,,,,no_market_data,no_map,,
CT121A,O-Ring,Columbia Tools,2.00,,0,0,,,,,,,,no_market_data,no_map,,
CT124,Hand Grip Guard Ring,Columbia Tools,20.00,,0,0,,,,,,,,no_market_data,no_map,,
CT125,Rollers,Columbia Tools,15.25,,0,0,,,,,,,,no_market_data,no_map,,
CT125A,Bearing,Columbia Tools,19.95,,0,0,,,,,,,,no_market_data,no_map,,
CT126,Hand Grip Body,Columbia Tools,66.00,,0,0,,,,,,,,no_market_data,no_map,,
CT127,Extension Shaft Bracket,Columbia Tools,21.95,,0,0,,,,,,,,no_market_data,no_map,,
CT13,Dog Base Bracket,Columbia Tools,16.00,,0,0,,,,,,,,no_market_data,no_map,,
CT130,Extension Shaft,Columbia Tools,32.50,,0,0,,,,,,,,no_market_data,no_map,,
CT132,Connecting Link,Columbia Tools,2.00,,0,0,,,,,,,,no_market_data,no_map,,
CT14A,Taper Adjustable Brake,Columbia Tools,22.50,,0,0,,,,,,,,no_market_data,no_map,,
CT15,Ratchet Rod for Adjustable Brake,Columbia Tools,6.00,,0,0,,,,,,,,no_market_data,no_map,,
CT16,Brake Dog,Columbia Tools,15.00,,0,0,,,,,,,,no_market_data,no_map,,
CT19,Paper Feed Guide,Columbia Tools,24.95,,0,0,,,,,,,,no_market_data,no_map,,
CT2,Insert Bushing for CT#7A,Columbia Tools,5.00,,0,0,,,,,,,,no_market_data,no_map,,
CT20,Hinge Block,Columbia Tools,24.95,,0,0,,,,,,,,no_market_data,no_map,,
CT28,Roller Bushing,Columbia Tools,10.75,,0,0,,,,,,,,no_market_data,no_map,,
CT29,Nylatron Chain Roller - Right (Small),Columbia Tools,13.50,,0,0,,,,,,,,no_market_data,no_map,,
CT29A,Nylatron Chain Roller - Left (Large),Columbia Tools,4.00,,0,0,,,,,,,,no_market_data,no_map,,
CT3,Insert Bushing - Right,Columbia Tools,12.00,,0,0,,,,,,,,no_market_data,no_map,,
CT31,Chain Tension & Guide Bracket,Columbia Tools,6.00,,0,0,,,,,,,,no_market_data,no_map,,
CT35,Cap Reinforcing Tab,Columbia Tools,4.00,,0,0,,,,,,,,no_market_data,no_map,,
CT36,Return Spring Tube,Columbia Tools,33.00,,0,0,,,,,,,,no_market_data,no_map,,
CT3A,Insert Bushing - Left,Columbia Tools,14.50,,0,0,,,,,,,,no_market_data,no_map,,
CT4,Wafer Bushing - Left,Columbia Tools,2.00,,0,0,,,,,,,,no_market_data,no_map,,
CT40,Return Spring Ring,Columbia Tools,2.00,,0,0,,,,,,,,no_market_data,no_map,,
CT42A,Diamond Blade,Columbia Tools,2.00,,0,0,,,,,,,,no_market_data,no_map,,
CT43,Micro Chain,Columbia Tools,24.50,,0,0,,,,,,,,no_market_data,no_map,,
CT45,Connecting Rod,Columbia Tools,22.95,,0,0,,,,,,,,no_market_data,no_map,,
CT47,Crimping Wheel,Columbia Tools,18.95,,0,0,,,,,,,,no_market_data,no_map,,
CT5,Wafer Bushing - Right,Columbia Tools,11.50,,0,0,,,,,,,,no_market_data,no_map,,
CT50,Crimping Wheel Bushing,Columbia Tools,6.00,,0,0,,,,,,,,no_market_data,no_map,,
CT53,Toe Kicker,Columbia Tools,28.50,,0,0,,,,,,,,no_market_data,no_map,,
CT54,Return Spring,Columbia Tools,3.00,,0,0,,,,,,,,no_market_data,no_map,,
CT55,Carriage Guide Rod,Columbia Tools,12.00,,0,0,,,,,,,,no_market_data,no_map,,
CT56,Carriage Guide Rod Stop,Columbia Tools,7.00,,0,0,,,,,,,,no_market_data,no_map,,
CT57,Tape Advance Carriage,Columbia Tools,82.00,,0,0,,,,,,,,no_market_data,no_map,,
CT58,Guide Rod Bushing,Columbia Tools,8.00,,0,0,,,,,,,,no_market_data,no_map,,
CT62,Needle Holding Shaft,Columbia Tools,16.00,,0,0,,,,,,,,no_market_data,no_map,,
CT63,Needle,Columbia Tools,2.00,,0,0,,,,,,,,no_market_data,no_map,,
CT64,Needle Return Shaft,Columbia Tools,6.00,,0,0,,,,,,,,no_market_data,no_map,,
CT65,Needle Return Spring,Columbia Tools,4.00,,0,0,,,,,,,,no_market_data,no_map,,
CT67,Ratchet Gear,Columbia Tools,34.50,,0,0,,,,,,,,no_market_data,no_map,,
CT68,Hub,Columbia Tools,15.00,,0,0,,,,,,,,no_market_data,no_map,,
CT6A,Stainless Steel Side Plate - Left,Columbia Tools,42.95,,0,0,,,,,,,,no_market_data,no_map,,
CT70,Drive Shaft,Columbia Tools,33.00,,0,0,,,,,,,,no_market_data,no_map,,
CT71,Drive Sprocket - Small,Columbia Tools,15.00,,0,0,,,,,,,,no_market_data,no_map,,
CT72,Cable,Columbia Tools,10.00,,0,0,,,,,,,,no_market_data,no_map,,
CT73,Cable Drum,Columbia Tools,28.95,,0,0,,,,,,,,no_market_data,no_map,,
CT76,Nylatron Washer,Columbia Tools,6.25,,0,0,,,,,,,,no_market_data,no_map,,
CT77,Drive Sprocket - Large,Columbia Tools,26.50,,0,0,,,,,,,,no_market_data,no_map,,
CT78,Drive Chain,Columbia Tools,66.00,,0,0,,,,,,,,no_market_data,no_map,,
CT79,Hollow Shaft,Columbia Tools,38.50,,0,0,,,,,,,,no_market_data,no_map,,
CT7A,Side Plate Hub,Columbia Tools,24.50,,0,0,,,,,,,,no_market_data,no_map,,
CT80,Manual Drive Grip,Columbia Tools,18.75,,0,0,,,,,,,,no_market_data,no_map,,
CT81,Clutch Return Spring,Columbia Tools,3.00,,0,0,,,,,,,,no_market_data,no_map,,
CT82,Clutch Lever,Columbia Tools,19.75,,0,0,,,,,,,,no_market_data,no_map,,
CT83,Clutch Dog,Columbia Tools,3.00,,0,0,,,,,,,,no_market_data,no_map,,
CT85,Clutch Release Shaft,Columbia Tools,40.00,,0,0,,,,,,,,no_market_data,no_map,,
CT86,CT86 – Toe Kicker Cable,Columbia Tools,14.95,,0,0,,,,,,,,no_market_data,no_map,,
CT87,Engraved Cover Plate Cap,Columbia Tools,42.00,,0,0,,,,,,,,no_market_data,no_map,,
CT87-CS,Rubber Seal,Columbia Tools,9.75,,0,0,,,,,,,,no_market_data,no_map,,
CT87A,Bracket Brace,Columbia Tools,14.50,,0,0,,,,,,,,no_market_data,no_map,,
CT88,Clutch Release Rod,Columbia Tools,16.50,,0,0,,,,,,,,no_market_data,no_map,,
CT89,Release Rod Sleeve,Columbia Tools,12.95,,0,0,,,,,,,,no_market_data,no_map,,
CT90,Rod Sleeve Housing,Columbia Tools,22.50,,0,0,,,,,,,,no_market_data,no_map,,
CT92,Release Clip Bushing,Columbia Tools,10.00,,0,0,,,,,,,,no_market_data,no_map,,
CT92A,Toe Kicker Caple Retainer Clip,Columbia Tools,7.95,,0,0,,,,,,,,no_market_data,no_map,,
CT96,Mud Shut-Off Gasket,Columbia Tools,4.00,,0,0,,,,,,,,no_market_data,no_map,,
CT97,Mud Supply Valve Body,Columbia Tools,34.50,,0,0,,,,,,,,no_market_data,no_map,,
CT98,Mud Supply Seal Plate & Shaft,Columbia Tools,24.95,,0,0,,,,,,,,no_market_data,no_map,,
FA199,"2-56 x 3/16"" Binder Slot",Columbia Tools,1.00,,0,0,,,,,,,,no_market_data,no_map,,
FA2,"4-40 x 1/8"" Binder Slot",Columbia Tools,1.65,,0,0,,,,,,,,no_market_data,no_map,,
FA200,"1/16 x 1/4"" Split Pin",Columbia Tools,1.00,,0,0,,,,,,,,no_market_data,no_map,,
FA202,"1/16 X 1/2"" Cotter Pin",Columbia Tools,1.00,,0,0,,,,,,,,no_market_data,no_map,,
FA203,"1/16 x 3/4"" Cotter Pin",Columbia Tools,1.00,,0,0,,,,,,,,no_market_data,no_map,,
FA206,4-40 Hex Nut,Columbia Tools,2.00,,0,0,,,,,,,,no_market_data,no_map,,
FA207,4-40 Nyloc Nut,Columbia Tools,2.50,,0,0,,,,,,,,no_market_data,no_map,,
FA210,"4-40 x 3/16"" Binder Slot",Columbia Tools,1.00,,0,0,,,,,,,,no_market_data,no_map,,
FA212,"4-40 x 3/16"" Truss Slot",Columbia Tools,1.00,,0,0,,,,,,,,no_market_data,no_map,,
FA213,"4-40 x 1/4"" Binder Slot",Columbia Tools,1.00,,0,0,,,,,,,,no_market_data,no_map,,
FA214,"4-40 x 1/4"" Flat Slot",Columbia Tools,1.00,,0,0,,,,,,,,no_market_data,no_map,,
FA215,"4-40 x 5/16"" Binder Slot",Columbia Tools,1.95,,0,0,,,,,,,,no_market_data,no_map,,
FA216,4-40 X 3/8” Fillister Slot,Columbia Tools,2.00,,0,0,,,,,,,,no_market_data,no_map,,
FA218,"4-40 x 3/8"" Flat Slot",Columbia Tools,1.00,,0,0,,,,,,,,no_market_data,no_map,,
FA219,"4-40 x 1/2"" Fillister Slot",Columbia Tools,1.00,,1,1,1.05,1.05,1.05,1.05,0.00,-0.05,-4.76,single_source_only,no_map,All-Wall,https://www.all-wall.com/FA219-Columbia-4-40-X-1-2in-Fill-Head-Screw-6005
FA220,"4-40 x 3/4"" Hex Bolt",Columbia Tools,2.35,,1,1,1.10,1.10,1.10,1.10,0.00,1.25,113.64,single_source_only,no_map,All-Wall,https://www.all-wall.com/FA220-Columbia-4-40-X-3-4in-Bind-Head-Screw-6006
FA224,"1/8"" x 3/8"" Split Pin",Columbia Tools,1.95,,1,1,1.15,1.15,1.15,1.15,0.00,0.80,69.57,single_source_only,no_map,All-Wall,https://www.all-wall.com/FA224-Columbia-1-8in-X-3-8in-Split-Pin-6009
FA225,"1/8"" x 3/8"" Rivet Shoulder Washer",Columbia Tools,2.05,,1,1,2.10,2.10,2.10,2.10,0.00,-0.05,-2.38,single_source_only,no_map,All-Wall,https://www.all-wall.com/FA225-Columbia-1-8in-X-3-8in-Special-Washer-6010
FA227,"6-32 X 1/4"" Flat Slot",Columbia Tools,2.00,,1,1,2.15,2.15,2.15,2.15,0.00,-0.15,-6.98,single_source_only,no_map,All-Wall,https://www.all-wall.com/FA221-Columbia-6-Belleville-Washer-6007
FA228,#6 Flat Washer,Columbia Tools,1.00,,0,0,,,,,,,,no_market_data,no_map,,
FA229,#6 Lock Washer,Columbia Tools,1.00,,0,0,,,,,,,,no_market_data,no_map,,
FA230,#6 Star Washer,Columbia Tools,1.00,,0,0,,,,,,,,no_market_data,no_map,,
FA231,"6-32 x 3/8"" Hex Bolt",Columbia Tools,2.25,,0,0,,,,,,,,no_market_data,no_map,,
FA232,6-32 Hex Nut,Columbia Tools,1.75,,1,1,2.10,2.10,2.10,2.10,0.00,-0.35,-16.67,single_source_only,no_map,All-Wall,https://www.all-wall.com/FA232-Columbia-6-32-Hex-Nut-6012
FA233,6-32 Nyloc Nut,Columbia Tools,2.00,,0,0,,,,,,,,no_market_data,no_map,,
FA234,6-32 Nyloc Jam Nut,Columbia Tools,2.65,,1,1,1.85,1.85,1.85,1.85,0.00,0.80,43.24,single_source_only,no_map,All-Wall,https://www.all-wall.com/FA234-Columbia-6-32-Nyloc-Jam-Nut-6014
FA235,"6-32 X 1/8"" Set Screw",Columbia Tools,2.00,,0,0,,,,,,,,no_market_data,no_map,,
FA236,"6-32 X 1/8"" Binder Slot",Columbia Tools,1.00,,0,0,,,,,,,,no_market_data,no_map,,
FA237,"6-32 x 3/16"" Binder Slot",Columbia Tools,1.00,,0,0,,,,,,,,no_market_data,no_map,,
FA238,"6-32 X 3/16"" Fillister Slot",Columbia Tools,2.00,,0,0,,,,,,,,no_market_data,no_map,,
FA239,"6-32 X 1/4"" Binder Slot",Columbia Tools,1.00,,0,0,,,,,,,,no_market_data,no_map,,
FA241,"6-32 X 3/8"" Binder Slot",Columbia Tools,1.00,,0,0,,,,,,,,no_market_data,no_map,,
FA243,"6-32 x 3/8"" Flat Slot",Columbia Tools,1.00,,0,0,,,,,,,,no_market_data,no_map,,
FA244,"6-32 x 1/2"" Pan Slot",Columbia Tools,1.00,,0,0,,,,,,,,no_market_data,no_map,,
FA245,"6-32 x 1/2"" Fillister Slot",Columbia Tools,2.15,,1,1,1.05,1.05,1.05,1.05,0.00,1.10,104.76,single_source_only,no_map,All-Wall,https://www.all-wall.com/632-12-Fillister-slot
FA247,"6-32 X 5/8"" Hex Bolt",Columbia Tools,2.45,,1,1,1.95,1.95,1.95,1.95,0.00,0.50,25.64,single_source_only,no_map,All-Wall,https://www.all-wall.com/FA247-Columbia-6-32-X-5-8in-Hex-Bolt-6018
FA249,"8-32X3/16"" Set Screw",Columbia Tools,2.00,,0,0,,,,,,,,no_market_data,no_map,,
FA252,#8 Star Washer,Columbia Tools,2.05,,1,1,1.15,1.15,1.15,1.15,0.00,0.90,78.26,single_source_only,no_map,All-Wall,https://www.all-wall.com/FA252-Columbia-8-Star-Washer-10453
FA253,#8 Flat Washer,Columbia Tools,1.85,,1,1,1.05,1.05,1.05,1.05,0.00,0.80,76.19,single_source_only,no_map,All-Wall,https://www.all-wall.com/FA253-Columbia-8-Flat-Washer-6019
FA254,8-32 Nyloc Nut,Columbia Tools,2.00,,0,0,,,,,,,,no_market_data,no_map,,
FA256,"8-32 X 3/16"" Pan Slot",Columbia Tools,2.15,,0,0,,,,,,,,no_market_data,no_map,,
FA257,"8-32 x 1/4"" Fillister Slot",Columbia Tools,1.00,,0,0,,,,,,,,no_market_data,no_map,,
FA258,8-32X 1/4 Half Dog Set,Columbia Tools,2.00,,0,0,,,,,,,,no_market_data,no_map,,
FA259,"FA259 8-32 X 5/16"" Binder Slot",Columbia Tools,1.00,,0,0,,,,,,,,no_market_data,no_map,,
FA260,"8-32 x 3/8"" Pan Slot",Columbia Tools,1.00,,0,0,,,,,,,,no_market_data,no_map,,
FA261,"8-32 X 3/8"" Socket Screw",Columbia Tools,2.75,,0,0,,,,,,,,no_market_data,no_map,,
FA262,"8-32 x 1/2"" Socket",Columbia Tools,2.95,,0,0,,,,,,,,no_market_data,no_map,,
FA264,"8-32 x 5/8"" Truss Slot",Columbia Tools,1.00,,0,0,,,,,,,,no_market_data,no_map,,
FA265,"8-32 x 3/4"" Truss Slot",Columbia Tools,1.00,,0,0,,,,,,,,no_market_data,no_map,,
FA267,"8-32 x 1 1/2"" Pan Slot",Columbia Tools,2.85,,1,1,1.05,1.05,1.05,1.05,0.00,1.80,171.43,single_source_only,no_map,All-Wall,https://www.all-wall.com/FA267-Columbia-8-32-X-1-5in-Pan-Head-Screw-6027
FA268,#10 Flat Washer,Columbia Tools,2.25,,0,0,,,,,,,,no_market_data,no_map,,
FA270,"#10 x 3/4"" Fender Washer",Columbia Tools,2.50,,1,1,2.10,2.10,2.10,2.10,0.00,0.40,19.05,single_source_only,no_map,All-Wall,https://www.all-wall.com/FA270-Columbia-10-X-3-4in-Fender-Washer-6029
FA271,10-24 Nyloc Nut,Columbia Tools,2.00,,0,0,,,,,,,,no_market_data,no_map,,
FA272,10-24 Wing Nut,Columbia Tools,2.00,,0,0,,,,,,,,no_market_data,no_map,,
FA273,"10-24 x 1"" Hex Bolt",Columbia Tools,3.25,,0,0,,,,,,,,no_market_data,no_map,,
FA274,"10-24 x 3/8"" Socket",Columbia Tools,2.65,,1,1,2.75,2.75,2.75,2.75,0.00,-0.10,-3.64,single_source_only,no_map,All-Wall,https://www.all-wall.com/FA274-Columbia-10-24-X-3-8in-Socket-Hd-Screw-6031
FA275,"10-24 x 7/8"" Hex Bolt",Columbia Tools,3.15,,1,1,2.15,2.15,2.15,2.15,0.00,1.00,46.51,single_source_only,no_map,All-Wall,https://www.all-wall.com/FA275-Columbia-10-24-X-3-4in-Hex-Bolt-6032
FA276,"10-24 x 7/8"" Pan Slot",Columbia Tools,3.35,,1,1,1.05,1.05,1.05,1.05,0.00,2.30,219.05,single_source_only,no_map,All-Wall,https://www.all-wall.com/FA276-Columbia-10-24-X-7-8-Pan-Head-Screw-6033
FA280,#10 Belleville Washer,Columbia Tools,1.00,,1,1,1.05,1.05,1.05,1.05,0.00,-0.05,-4.76,single_source_only,no_map,All-Wall,https://www.all-wall.com/FA280-Columbia-10-Belleville-Washer-6037
FA286,"1/4"" x 1/2"" Flat Washer",Columbia Tools,1.00,,0,0,,,,,,,,no_market_data,no_map,,
FA288,"1/4"" X 3/4"" Split Pin",Columbia Tools,2.25,,1,1,2.36,2.36,2.36,2.36,0.00,-0.11,-4.66,single_source_only,no_map,All-Wall,https://www.all-wall.com/FA288-Columbia-1-4in-X-1-2in-Split-Pin-6040
FA291,1/4-20 Hex Nut,Columbia Tools,2.00,,0,0,,,,,,,,no_market_data,no_map,,
FA292,FA292 1/4-20 Nyloc Jam Nut,Columbia Tools,3.15,,1,1,1.93,1.93,1.93,1.93,0.00,1.22,63.21,single_source_only,no_map,All-Wall,https://www.all-wall.com/FA292-Columbia-1-4-20-Nyloc-Jam-Nut-6043
FA294,"1/4-20 x 38"" Socket",Columbia Tools,3.25,,1,1,2.75,2.75,2.75,2.75,0.00,0.50,18.18,single_source_only,no_map,All-Wall,https://www.all-wall.com/FA294-Columbia-1-4-20-X-3-8-Socket-Hd-Screw-6044
FA295,"1/4 x 1/2"" Flathead Socket",Columbia Tools,3.45,,1,1,1.05,1.05,1.05,1.05,0.00,2.40,228.57,single_source_only,no_map,All-Wall,https://www.all-wall.com/FA295-Columbia-1-4-20-X-1-2in-Flat-Socket-6045
FA296,"1/4 -20 x 1/2"" Hex Bolt",Columbia Tools,3.35,,1,1,1.00,1.00,1.00,1.00,0.00,2.35,235.00,single_source_only,no_map,All-Wall,https://www.all-wall.com/FA296-Columbia-1-4-20-X-1-2in-Hex-Bolt-6046
FA297,"1/4-20 x 5/8"" Socket",Columbia Tools,2.00,,1,1,2.75,2.75,2.75,2.75,0.00,-0.75,-27.27,single_source_only,no_map,All-Wall,https://www.all-wall.com/FA297-Columbia-1-4-20-X-5-8in-Socket-Hd-Scre-6047
FA298,"1/4-20 x 7/8"" Flat Socket",Columbia Tools,2.85,,1,1,1.05,1.05,1.05,1.05,0.00,1.80,171.43,single_source_only,no_map,All-Wall,https://www.all-wall.com/FA298-Columbia-1-4-20-X-7-8in-Flat-Socket-6048
FA299,"1/4-20 x 1 1/2"" Pan Phillips",Columbia Tools,4.00,,0,0,,,,,,,,no_market_data,no_map,,
FA3,"1/2"" x 7/8"" Flat Washer",Columbia Tools,2.50,,1,1,2.10,2.10,2.10,2.10,0.00,0.40,19.05,single_source_only,no_map,All-Wall,https://www.all-wall.com/FA308-Columbia-33-64-X-7-8in-Flat-Washer-6055
FA300,"1/4-20 x 2"" Hex Bolt",Columbia Tools,4.25,,1,1,3.83,3.83,3.83,3.83,0.00,0.42,10.97,single_source_only,no_map,All-Wall,https://www.all-wall.com/FA300-Columbia-1-4-20-X-2in-Hex-Bolt-6050
FA301,"1/4-20 x 2 1/4"" Hex Bolt",Columbia Tools,3.00,,0,0,,,,,,,,no_market_data,no_map,,
FA302,"1/4-28 x 1/4"" Set Screw",Columbia Tools,3.85,,1,1,2.15,2.15,2.15,2.15,0.00,1.70,79.07,single_source_only,no_map,All-Wall,https://www.all-wall.com/FA302-Columbia-1-4-28-X-1-4in-Set-Screw-6051
FA303,5-16 Flat Washer,Columbia Tools,3.00,,0,0,,,,,,,,no_market_data,no_map,,
FA305,"5/16 -18 x 3/4"" Hex Bolt",Columbia Tools,4.15,,1,1,3.65,3.65,3.65,3.65,0.00,0.50,13.70,single_source_only,no_map,All-Wall,https://www.all-wall.com/FA305-Columbia-5-16-18-X-3-4in-Hex-Bolt-6053
FA306,"5/16-18 x 1 1/4"" Hex Bolt",Columbia Tools,3.45,,1,1,3.48,3.48,3.48,3.48,0.00,-0.03,-0.86,single_source_only,no_map,All-Wall,https://www.all-wall.com/FA306-Columbia-5-16-18-X-1-1-4in-Hex-Bolt-6054
FA307,5-16 x 24 Jam Nut,Columbia Tools,3.00,,0,0,,,,,,,,no_market_data,no_map,,
FA311,"FA311 1/4-28 X 1/2"" Socket Head",Columbia Tools,2.00,,0,0,,,,,,,,no_market_data,no_map,,
FA312,"10-24 X 1/4"" Socket Hand Set",Columbia Tools,2.85,,1,1,2.15,2.15,2.15,2.15,0.00,0.70,32.56,single_source_only,no_map,All-Wall,https://www.all-wall.com/FA312-Columbia-10-24-X-1-4in-Set-Screw-6796
FA313,1/4-20 X 1/4 Socket Head Set Screw,Columbia Tools,2.00,,0,0,,,,,,,,no_market_data,no_map,,
FA315,"FA315 10-32 X 3/8"" Flat Socket Head",Columbia Tools,2.00,,0,0,,,,,,,,no_market_data,no_map,,
FA316,"10-32 X 1/2"" Flat Socket Head",Columbia Tools,2.00,,0,0,,,,,,,,no_market_data,no_map,,
FA317,"5/32"" x 7/8"" Roll Pin",Columbia Tools,2.00,,0,0,,,,,,,,no_market_data,no_map,,
FA320,"1/4-28-3/8"" Socket Set Screw",Columbia Tools,2.00,,0,0,,,,,,,,no_market_data,no_map,,
FA365,"3/16 x 1"" Sping Pin SS",Columbia Tools,3.00,,0,0,,,,,,,,no_market_data,no_map,,
FA376,8-32 x 5/16 SS Socket Head,Columbia Tools,2.00,,0,0,,,,,,,,no_market_data,no_map,,
FA379,"1/4"" SS E-Clip",Columbia Tools,3.25,,0,0,,,,,,,,no_market_data,no_map,,
FA380,"1/8"" SS E-Clip",Columbia Tools,2.95,,0,0,,,,,,,,no_market_data,no_map,,
FA382,"10-32 x 1/4"" SS Set Screw",Columbia Tools,1.00,,0,0,,,,,,,,no_market_data,no_map,,
FFB11-10,"Adjuster Spring - 10""",Columbia Tools,8.00,,1,1,10.05,10.05,10.05,10.05,0.00,-2.05,-20.40,single_source_only,no_map,All-Wall,https://www.all-wall.com/FFB11-Columbia-Flat-Box-Adjuster-Spring-7-8-10-6086
FFB11-12,"Adjuster Spring - 12""",Columbia Tools,8.00,,0,0,,,,,,,,no_market_data,no_map,,
FFB11-8,"Adjuster Spring - 8""",Columbia Tools,8.00,,1,1,10.05,10.05,10.05,10.05,0.00,-2.05,-20.40,single_source_only,no_map,All-Wall,https://www.all-wall.com/FFB11-8-Columbia-Flat-Box-Adjuster-Spring
FFB16,Door Spring Nut,Columbia Tools,5.00,,1,1,7.35,7.35,7.35,7.35,0.00,-2.35,-31.97,single_source_only,no_map,All-Wall,https://www.all-wall.com/FFB16-Columbia-Flat-Box-Door-Spring-Nut-6100
FFB17,Door Spring,Columbia Tools,5.00,,1,1,73.22,73.22,73.22,73.22,0.00,-68.22,-93.17,single_source_only,no_map,All-Wall,https://www.all-wall.com/FFB1-7-Columbia-Flat-Box-Rear-Plate-7in-6056
FFB25-10,"Rubber Gasket Retainer - 10""",Columbia Tools,24.95,,1,1,7.50,7.50,7.50,7.50,0.00,17.45,232.67,single_source_only,no_map,All-Wall,https://www.all-wall.com/FFB25-10-Columbia-Flat-Box-Rubber-Gasket-Retainer-10in-6105
FFB25-12,"Rubber Gasket Retainer - 12""",Columbia Tools,28.50,,1,1,7.50,7.50,7.50,7.50,0.00,21.00,280.00,single_source_only,no_map,All-Wall,https://www.all-wall.com/FFB25-12-Columbia-Flat-Box-Rubber-Gasket-Retainer-12in-11202
FFB32,Door Stop,Columbia Tools,3.00,,1,1,3.78,3.78,3.78,3.78,0.00,-0.78,-20.63,single_source_only,no_map,All-Wall,https://www.all-wall.com/Thumb-Release-Clip
FFB32A,Thumb Release Clip Screw,Columbia Tools,12.50,,1,1,1.70,1.70,1.70,1.70,0.00,10.80,635.29,single_source_only,no_map,All-Wall,https://www.all-wall.com/Thumb-Release-Clip-Screw
FFB36,Box Wheel,Columbia Tools,5.00,,0,0,,,,,,,,no_market_data,no_map,,
FFB37,Rubber for Box Wheel,Columbia Tools,2.00,,0,0,,,,,,,,no_market_data,no_map,,
FFB38,Nyliner Bearing,Columbia Tools,2.00,,0,0,,,,,,,,no_market_data,no_map,,
FFB39,Hex Bolt,Columbia Tools,3.00,,0,0,,,,,,,,no_market_data,no_map,,
FFB4A,Stainless Steel Washer,Columbia Tools,5.00,,1,1,6.10,6.10,6.10,6.10,0.00,-1.10,-18.03,single_source_only,no_map,All-Wall,https://www.all-wall.com/FFB4A-Columbia-Flat-Box-Stainless-Steel-Washer-6112
FFB4B,Stainless Steel Backing Washer,Columbia Tools,4.00,,1,1,5.20,5.20,5.20,5.20,0.00,-1.20,-23.08,single_source_only,no_map,All-Wall,https://www.all-wall.com/FFB4B-Columbia-Flat-Box-Stainless-Steel-Backing-Washer-6113
FFB5-10,"Axle - 10""",Columbia Tools,44.00,,0,0,,,,,,,,no_market_data,no_map,,
FFB5-12,"Axle - 12""",Columbia Tools,44.00,,0,0,,,,,,,,no_market_data,no_map,,
FFB5-14,"Axle - 14""",Columbia Tools,44.00,,0,0,,,,,,,,no_market_data,no_map,,
FFB5-7,"Axle - 7""",Columbia Tools,44.00,,0,0,,,,,,,,no_market_data,no_map,,
FFB5-8,"Axle - 8""",Columbia Tools,44.00,,0,0,,,,,,,,no_market_data,no_map,,
FFB5A,Axel Bushing,Columbia Tools,3.00,,1,1,3.78,3.78,3.78,3.78,0.00,-0.78,-20.63,single_source_only,no_map,All-Wall,https://www.all-wall.com/FFB5A-Columbia-Flat-Box-Axle-Bushing-6114
FFB7,Shoe - Right,Columbia Tools,42.95,,0,0,,,,,,,,no_market_data,no_map,,
FFB7A,Shoe - Left,Columbia Tools,42.95,,0,0,,,,,,,,no_market_data,no_map,,
FFB8,Bar Retainer Clip,Columbia Tools,2.00,,0,0,,,,,,,,no_market_data,no_map,,
FFB9-10,"Blade - 10""",Columbia Tools,28.95,,0,0,,,,,,,,no_market_data,no_map,,
FFB9-12,"Blade - 12""",Columbia Tools,32.50,,0,0,,,,,,,,no_market_data,no_map,,
FFB9-14,"Blade - 14""",Columbia Tools,36.95,,1,1,7.38,7.38,7.38,7.38,0.00,29.57,400.68,single_source_only,no_map,All-Wall,https://www.all-wall.com/FFB9-14-Columbia-Flat-Box-Blade-14in-13784
FFB9-5.5,"Blade - 5.5""",Columbia Tools,18.75,,1,1,4.70,4.70,4.70,4.70,0.00,14.05,298.94,single_source_only,no_map,All-Wall,https://www.all-wall.com/FFB9-55-Columbia-Flat-Box-Blade-5-5in-13783
FFB9-7,"Blade - 7""",Columbia Tools,22.50,,1,1,4.58,4.58,4.58,4.58,0.00,17.92,391.27,single_source_only,no_map,All-Wall,https://www.all-wall.com/FFB9-7-Columbia-Flat-Box-Blade-7in-6082
FFB9-8,"Blade - 8""",Columbia Tools,24.95,,1,1,4.70,4.70,4.70,4.70,0.00,20.25,430.85,single_source_only,no_map,All-Wall,https://www.all-wall.com/FFB9-8-Columbia-Flat-Box-Blade-8in-6083
FMH,Columbia UHMW Mud Applicator - L-Trim,Columbia Tools,98.00,91.93,1,1,91.93,91.93,91.93,91.93,0.00,6.07,6.60,single_source_only,at_or_above_map,Al's Taping Tools,https://www.alstapingtools.com/columbia-l-trim-mud-applicator-head-fmh/
GN,Columbia Gooseneck - Standard,Columbia Tools,86.00,,1,1,108.15,108.15,108.15,108.15,0.00,-22.15,-20.48,single_source_only,no_map,Al's Taping Tools,https://www.alstapingtools.com/columbia-gooseneck/
HFFB14-10,"Flat Box Hinged Door Gasket - 10""",Columbia Tools,42.00,,1,1,45.20,45.20,45.20,45.20,0.00,-3.20,-7.08,single_source_only,no_map,All-Wall,https://www.all-wall.com/HFFB14-10-Columbia-Flat-Box-Std-Hinged-Flat-Box-Door-Gasket-10in-12385
HFFB14-12,"Flat Box Hinged Door Gasket - 12""",Columbia Tools,42.00,,1,1,45.20,45.20,45.20,45.20,0.00,-3.20,-7.08,single_source_only,no_map,All-Wall,https://www.all-wall.com/HFFB14-12-Columbia-Flat-Box-Std-Hinged-Flat-Box-Door-Gasket-12in-12386
HFFB14-14,"Flat Box Hinged Door Gasket - 14""",Columbia Tools,42.00,,0,0,,,,,,,,no_market_data,no_map,,
HFFB14-8,"Flat Box Hinged Door Gasket - 8""",Columbia Tools,16.50,,2,1,45.20,51.22,48.21,48.21,13.32,-31.71,-65.77,below_market_median,no_map,All-Wall,https://www.all-wall.com/HFFB14-8-Columbia-Flat-Box-Std-Hinged-Flat-Box-Door-Gasket-8in-12384
HFFB1A-10,"Mud Seal Strip - 10""",Columbia Tools,10.00,,0,0,,,,,,,,no_market_data,no_map,,
HFFB3,Hinge Box End Plate - Right,Columbia Tools,36.00,,0,0,,,,,,,,no_market_data,no_map,,
HFFB3A,Hinge Box End Plate - Left,Columbia Tools,36.00,,0,0,,,,,,,,no_market_data,no_map,,
HFFB4D,Nylatron Bushing,Columbia Tools,3.00,,0,0,,,,,,,,no_market_data,no_map,,
HH10A,Top Cap,Columbia Tools,2.00,,0,0,,,,,,,,no_market_data,no_map,,
HH10B,Bottom Cap,Columbia Tools,2.00,,0,0,,,,,,,,no_market_data,no_map,,
HH12,Brake Spring,Columbia Tools,5.00,,1,1,6.55,6.55,6.55,6.55,0.00,-1.55,-23.66,single_source_only,no_map,All-Wall,https://www.all-wall.com/HH12-Columbia-Hydra-Handle-Brake-Spring-6149
HH13,Brake Pin,Columbia Tools,16.00,,1,1,19.46,19.46,19.46,19.46,0.00,-3.46,-17.78,single_source_only,no_map,All-Wall,https://www.all-wall.com/HH13-Columbia-Hydra-Handle-Brake-Pin-6150
HH14,Brake Piston,Columbia Tools,17.00,,0,0,,,,,,,,no_market_data,no_map,,
HH15,Grip Sleeve Octagon,Columbia Tools,15.00,,0,0,,,,,,,,no_market_data,no_map,,
HH16,Piston Housing,Columbia Tools,27.00,,0,0,,,,,,,,no_market_data,no_map,,
HH16A,Bleeder Screw,Columbia Tools,17.00,,0,0,,,,,,,,no_market_data,no_map,,
HH17A,Brass Connector - 1,Columbia Tools,5.00,,0,0,,,,,,,,no_market_data,no_map,,
HH17B,Brass Connector - 2,Columbia Tools,5.00,,0,0,,,,,,,,no_market_data,no_map,,
HH17C,Line Pincher,Columbia Tools,4.00,,0,0,,,,,,,,no_market_data,no_map,,
HH19,Cap,Columbia Tools,17.00,,0,0,,,,,,,,no_market_data,no_map,,
HH2,Upper Mounting Bracket,Columbia Tools,66.00,,0,0,,,,,,,,no_market_data,no_map,,
HH23,Piston O-Ring,Columbia Tools,2.00,,0,0,,,,,,,,no_market_data,no_map,,
HH30,Extension Release Trigger,Columbia Tools,14.25,,0,0,,,,,,,,no_market_data,no_map,,
HH31,Release Clip Pin,Columbia Tools,12.95,,0,0,,,,,,,,no_market_data,no_map,,
HH32,Release Clip Washer,Columbia Tools,22.00,,0,0,,,,,,,,no_market_data,no_map,,
HH33,Rlease Trigger Spring,Columbia Tools,11.75,,0,0,,,,,,,,no_market_data,no_map,,
HH35,Handle Grip,Columbia Tools,7.00,,0,0,,,,,,,,no_market_data,no_map,,
HH5,Extension Housing,Columbia Tools,33.00,,0,0,,,,,,,,no_market_data,no_map,,
HH7,Brake,Columbia Tools,22.00,,1,1,26.52,26.52,26.52,26.52,0.00,-4.52,-17.04,single_source_only,no_map,All-Wall,https://www.all-wall.com/HH7-Columbia-Hydra-Handle-Brake-6148
HH8,Handle Tube,Columbia Tools,45.00,,0,0,,,,,,,,no_market_data,no_map,,
HH9,Coiled Hydraulic Line,Columbia Tools,40.00,,0,0,,,,,,,,no_market_data,no_map,,
HMP,Columbia Hot Mud Pump - Standard,Columbia Tools,410.97,410.97,1,1,410.97,410.97,410.97,410.97,0.00,0.00,0.00,single_source_only,at_or_above_map,Al's Taping Tools,https://www.alstapingtools.com/columbia-hot-mud-pump/
HMP-C,Columbia Hot Mud Pump - CDN,Columbia Tools,380.00,,0,0,,,,,,,,no_market_data,no_map,,
HNS10,Door Spring - Long,Columbia Tools,18.75,,1,1,6.38,6.38,6.38,6.38,0.00,12.37,193.89,single_source_only,no_map,All-Wall,https://www.all-wall.com/HNS10-Columbia-Nail-Spotter-Door-Spring-Long-Left-12531
HNS10A,Door Spring - Short,Columbia Tools,18.75,,1,1,6.05,6.05,6.05,6.05,0.00,12.70,209.92,single_source_only,no_map,All-Wall,https://www.all-wall.com/HNS10A-Columbia-Nail-Spotter-Door-Spring-Short-Right-12532
HNS12,Handle Clamp,Columbia Tools,17.00,,1,1,19.22,19.22,19.22,19.22,0.00,-2.22,-11.55,single_source_only,no_map,All-Wall,https://www.all-wall.com/HNS12-Columbia-Nail-Spotter-Handle-Clamp-12533
HNS12A,Roll Pin,Columbia Tools,6.00,,1,1,8.01,8.01,8.01,8.01,0.00,-2.01,-25.09,single_source_only,no_map,All-Wall,https://www.all-wall.com/HNS12A-Columbia-Nail-Spotter-Handle-Roll-Pin-12534
HNS13,Roll Pin Bushing,Columbia Tools,9.95,,1,1,4.78,4.78,4.78,4.78,0.00,5.17,108.16,single_source_only,no_map,All-Wall,https://www.all-wall.com/HNS13-Columbia-Nail-Spotter-Roll-Pin-Bushing-12535
HNS15-2,"Door Gasket - 2""",Columbia Tools,36.00,,1,1,43.74,43.74,43.74,43.74,0.00,-7.74,-17.70,single_source_only,no_map,All-Wall,https://www.all-wall.com/HNS15-2-Columbia-Nail-Spotter-Door-Gasket-2in-12536
HNS15-3,"Door Gasket - 3""",Columbia Tools,35.00,,1,1,43.74,43.74,43.74,43.74,0.00,-8.74,-19.98,single_source_only,no_map,All-Wall,https://www.all-wall.com/HNS15-3-Columbia-Nail-Spotter-Door-Gasket-3in-12537
HNS17A,Nail Spotter Handle Tightness Screw,Columbia Tools,5.00,,1,1,4.82,4.82,4.82,4.82,0.00,0.18,3.73,single_source_only,no_map,All-Wall,https://www.all-wall.com/HNS17A-Columbia-Nail-Spotter-Handle-Tightness-Screw-12538
HNS18,Pivot,Columbia Tools,4.00,,0,0,,,,,,,,no_market_data,no_map,,
HNS20,Wedge,Columbia Tools,22.50,,1,1,20.44,20.44,20.44,20.44,0.00,2.06,10.08,single_source_only,no_map,All-Wall,https://www.all-wall.com/Columbia-Wedge-for-Skid-Nail-Spotter
HNS4-2,"Door - 2""",Columbia Tools,33.00,,1,1,37.32,37.32,37.32,37.32,0.00,-4.32,-11.58,single_source_only,no_map,All-Wall,https://www.all-wall.com/HNS42-Columbia-Nail-Spotter-Door-2in-12522
HNS4-3,"Door - 3""",Columbia Tools,33.00,,1,1,37.32,37.32,37.32,37.32,0.00,-4.32,-11.58,single_source_only,no_map,All-Wall,https://www.all-wall.com/HNS43-Columbia-Nail-Spotter-Door-3in-12523
HNS7-2,"Blade - 2""",Columbia Tools,23.00,,0,0,,,,,,,,no_market_data,no_map,,
HNS7-3,"Blade - 3""",Columbia Tools,23.00,,0,0,,,,,,,,no_market_data,no_map,,
HNS8-2,"Blade Holder - 2""",Columbia Tools,33.00,,1,1,38.44,38.44,38.44,38.44,0.00,-5.44,-14.15,single_source_only,no_map,All-Wall,https://www.all-wall.com/HNS8-2-Columbia-Nail-Spotter-Blade-Holder-2in-12527
HNS8-3,"Blade Holder - 3""",Columbia Tools,33.00,,1,1,38.44,38.44,38.44,38.44,0.00,-5.44,-14.15,single_source_only,no_map,All-Wall,https://www.all-wall.com/HNS8-3-Columbia-Nail-Spotter-Blade-Holder-3in-12528
HNSA-14,Handle Link Assembly,Columbia Tools,45.00,,0,0,,,,,,,,no_market_data,no_map,,
HP1,Pump Cylinder,Columbia Tools,52.00,,1,1,60.26,60.26,60.26,60.26,0.00,-8.26,-13.71,single_source_only,no_map,All-Wall,https://www.all-wall.com/Columbia-Mud-Pump-Cylinder-Removable-HP1
HP44,Collar O-Ring,Columbia Tools,2.00,,1,1,2.35,2.35,2.35,2.35,0.00,-0.35,-14.89,single_source_only,no_map,All-Wall,https://www.all-wall.com/HP44-Columbia-Mud-Pump-Collar-O-Ring-6153
HP45,O Ring Enclosure,Columbia Tools,22.00,,1,1,22.60,22.60,22.60,22.60,0.00,-0.60,-2.65,single_source_only,no_map,All-Wall,https://www.all-wall.com/HP45-Columbia-Mud-Pump-O-Ring-Enclosure-6154
HP46,Latch Keeper,Columbia Tools,19.75,,1,1,5.48,5.48,5.48,5.48,0.00,14.27,260.40,single_source_only,no_map,All-Wall,https://www.all-wall.com/HP46-Columbia-Mud-Pump-Latch-Keeper-6155
HP47,Latch Clamp Assembly,Columbia Tools,28.95,,0,0,,,,,,,,no_market_data,no_map,,
HPA-48,Handle Pin Assembly,Columbia Tools,5.00,,0,0,,,,,,,,no_market_data,no_map,,
IA90,Columbia UHMW Mud Applicator - Inside 90°,Columbia Tools,98.00,91.93,1,1,91.93,91.93,91.93,91.93,0.00,6.07,6.60,single_source_only,at_or_above_map,Al's Taping Tools,https://www.alstapingtools.com/columbia-90-inside-corner-mud-head/
ICA2-1,"Columbia Billet Mud Applicator - Inside Corner - 2 Wheels - 1""",Columbia Tools,68.13,68.13,1,1,68.13,68.13,68.13,68.13,0.00,0.00,0.00,single_source_only,at_or_above_map,Al's Taping Tools,https://www.alstapingtools.com/columbia-inside-corner-applicator-2-wheels/
ICA4-1,"Columbia Billet Mud Applicator - Inside Corner - 4 Wheels - 1""",Columbia Tools,85.44,85.44,1,1,85.44,85.44,85.44,85.44,0.00,0.00,0.00,single_source_only,at_or_above_map,Al's Taping Tools,https://www.alstapingtools.com/columbia-inside-corner-applicator-4-wheels/
ICATW,Columbia Billet Mud Applicator - Two-Way Internal Corner - 4 Wheels,Columbia Tools,116.80,116.80,1,1,116.80,116.80,116.80,116.80,0.00,0.00,0.00,single_source_only,at_or_above_map,Al's Taping Tools,https://www.alstapingtools.com/columbia-inside-90-applicator-with-wheels/
MH,"Columbia Matrix Flat Box Handle - 40""-60""",Columbia Tools,409.00,351.49,1,1,351.49,351.49,351.49,351.49,0.00,57.51,16.36,single_source_only,at_or_above_map,Al's Taping Tools,https://www.alstapingtools.com/columbia-matrix-extendable-flat-box-handle/
MH1,Handle Mount Plate,Columbia Tools,75.00,,0,0,,,,,,,,no_market_data,no_map,,
MH10,Octagon,Columbia Tools,36.00,,0,0,,,,,,,,no_market_data,no_map,,
MH11,Handle Grip Bushing,Columbia Tools,6.00,,0,0,,,,,,,,no_market_data,no_map,,
MH12,PinchBrake Spring,Columbia Tools,4.00,,0,0,,,,,,,,no_market_data,no_map,,
MH13,Large Nyliner Bushing,Columbia Tools,5.00,,0,0,,,,,,,,no_market_data,no_map,,
MH15,Pinch Brake Activator,Columbia Tools,22.00,,0,0,,,,,,,,no_market_data,no_map,,
MH16,Connecting Rod Housing,Columbia Tools,8.00,,0,0,,,,,,,,no_market_data,no_map,,
MH17,Pinch Brake,Columbia Tools,24.50,,0,0,,,,,,,,no_market_data,no_map,,
MH18,Pinch Brake Housing,Columbia Tools,20.00,,0,0,,,,,,,,no_market_data,no_map,,
MH19,Pinch Brake Sleeve,Columbia Tools,28.00,,0,0,,,,,,,,no_market_data,no_map,,
MH2,Matrix Handle Head,Columbia Tools,4.00,,0,0,,,,,,,,no_market_data,no_map,,
MH20,Small Nyliner Bushing,Columbia Tools,3.00,,0,0,,,,,,,,no_market_data,no_map,,
MH21,Grip Adjuster Housing,Columbia Tools,21.95,,0,0,,,,,,,,no_market_data,no_map,,
MH22,Grip Adjustment Pin,Columbia Tools,11.00,,0,0,,,,,,,,no_market_data,no_map,,
MH23,Grip Adjusting Fastener,Columbia Tools,11.00,,0,0,,,,,,,,no_market_data,no_map,,
MH24,Pinch Brake Bushing,Columbia Tools,12.75,,0,0,,,,,,,,no_market_data,no_map,,
MH25,Pinch Brake Stem,Columbia Tools,14.95,,0,0,,,,,,,,no_market_data,no_map,,
MH3,Lower Mount Bracket,Columbia Tools,33.00,,0,0,,,,,,,,no_market_data,no_map,,
MH3A,Mounting Bracket Stem,Columbia Tools,4.00,,0,0,,,,,,,,no_market_data,no_map,,
MH4,Handle Grip,Columbia Tools,37.00,,0,0,,,,,,,,no_market_data,no_map,,
MH5,Connecting Link Pin,Columbia Tools,5.00,,0,0,,,,,,,,no_market_data,no_map,,
MH6,Hinge Pin,Columbia Tools,4.00,,0,0,,,,,,,,no_market_data,no_map,,
MH7,Connecting Link Fork,Columbia Tools,29.00,,0,0,,,,,,,,no_market_data,no_map,,
MH8,Brake Rod Bushing,Columbia Tools,8.00,,0,0,,,,,,,,no_market_data,no_map,,
MH9A,Brake Activation Rod,Columbia Tools,24.00,,0,0,,,,,,,,no_market_data,no_map,,
MHL,"Columbia Matrix Flat Box Handle - 56""-76""",Columbia Tools,495.00,373.12,1,1,373.12,373.12,373.12,373.12,0.00,121.88,32.67,single_source_only,at_or_above_map,Al's Taping Tools,https://www.alstapingtools.com/columbia-matrix-long-extendable-drywall-flat-box-handle-56-to-76/
MHS,"Columbia Matrix Flat Box Handle - 29""-39""",Columbia Tools,375.00,340.67,1,1,340.67,340.67,340.67,340.67,0.00,34.33,10.08,single_source_only,at_or_above_map,Al's Taping Tools,https://www.alstapingtools.com/columbia-short-matrix-flat-box-handle-29-39/
MP11,Piston Shaft,Columbia Tools,28.50,,1,1,60.26,60.26,60.26,60.26,0.00,-31.76,-52.70,single_source_only,no_map,All-Wall,https://www.all-wall.com/MP11-Columbia-Mud-Pump-Piston-Shaft-6172
MP13,Piston Backing Washer - Large,Columbia Tools,14.25,,1,1,10.98,10.98,10.98,10.98,0.00,3.27,29.78,single_source_only,no_map,All-Wall,https://www.all-wall.com/MP13-Columbia-Mud-Pump-Piston-Backing-Washer-Large-6173
MP13A,Piston Backing Washer - Small,Columbia Tools,12.50,,1,1,13.56,13.56,13.56,13.56,0.00,-1.06,-7.82,single_source_only,no_map,All-Wall,https://www.all-wall.com/MP13A-Columbia-Mud-Pump-Piston-Backing-Washer-Small-6174
MP14,Piston Cup,Columbia Tools,11.75,,1,1,13.56,13.56,13.56,13.56,0.00,-1.81,-13.35,single_source_only,no_map,All-Wall,https://www.all-wall.com/MP14-Columbia-Mud-Pump-Piston-Cup-6175
MP2,Foot Valve Casting,Columbia Tools,29.00,,1,1,33.90,33.90,33.90,33.90,0.00,-4.90,-14.45,single_source_only,no_map,All-Wall,https://www.all-wall.com/Columbia-Foot-Valve-Casting
MP23,Mud Pump Seal,Columbia Tools,16.50,,1,1,5.65,5.65,5.65,5.65,0.00,10.85,192.04,single_source_only,no_map,All-Wall,https://www.all-wall.com/MP23-Columbia-Mud-Pump-Mud-Pump-Seal-6176
MP23A,O-Ring,Columbia Tools,2.00,,0,0,,,,,,,,no_market_data,no_map,,
MP24,Mud Pump Screen,Columbia Tools,4.00,,1,1,5.65,5.65,5.65,5.65,0.00,-1.65,-29.20,single_source_only,no_map,All-Wall,https://www.all-wall.com/MP24-Columbia-Mud-Pump-Mud-Pump-Screen-Coarse-6178
MP25,Filler Studs,Columbia Tools,10.00,,1,1,11.32,11.32,11.32,11.32,0.00,-1.32,-11.66,single_source_only,no_map,All-Wall,https://www.all-wall.com/MP25-Columbia-Mud-Pump-Filler-Stud-5872
MP28,Filler Nut,Columbia Tools,12.25,,1,1,12.28,12.28,12.28,12.28,0.00,-0.03,-0.24,single_source_only,no_map,All-Wall,https://www.all-wall.com/MP28-Columbia-Mud-Pump-Filler-Nut-5875
MP3,Pump Flapper Valve,Columbia Tools,4.00,,1,1,4.70,4.70,4.70,4.70,0.00,-0.70,-14.89,single_source_only,no_map,All-Wall,https://www.all-wall.com/MP3-Columbia-Mud-Pump-Pump-Flapper-Valve-6163
MP32,Backing Washer Locator,Columbia Tools,18.95,,1,1,2.85,2.85,2.85,2.85,0.00,16.10,564.91,single_source_only,no_map,All-Wall,https://www.all-wall.com/MP32-Columbia-Mud-Pump-Backing-Washer-Locator-5876
MP33,Filler Gasket,Columbia Tools,2.00,,0,0,,,,,,,,no_market_data,no_map,,
MP36,Nylatron Bushing,Columbia Tools,11.50,,1,1,7.30,7.30,7.30,7.30,0.00,4.20,57.53,single_source_only,no_map,All-Wall,https://www.all-wall.com/MP36-Columbia-Mud-Pump-Nylatron-Bushing-5879
MP39,Sleeve,Columbia Tools,14.75,,1,1,3.28,3.28,3.28,3.28,0.00,11.47,349.70,single_source_only,no_map,All-Wall,https://www.all-wall.com/MP39-Columbia-Mud-Pump-Sleeve-5880
MP5,Head Bushing,Columbia Tools,13.95,,1,1,26.38,26.38,26.38,26.38,0.00,-12.43,-47.12,single_source_only,no_map,All-Wall,https://www.all-wall.com/MP5-Columbia-Mud-Pump-Head-Bushing-6164
MP6,Handle Link,Columbia Tools,33.00,,1,1,37.66,37.66,37.66,37.66,0.00,-4.66,-12.37,single_source_only,no_map,All-Wall,https://www.all-wall.com/MP6-Columbia-Mud-Pump-Handle-Link-6165
MP7,Pump Handle,Columbia Tools,87.00,,1,1,105.42,105.42,105.42,105.42,0.00,-18.42,-17.47,single_source_only,no_map,All-Wall,https://www.all-wall.com/MP7-Columbia-Mud-Pump-Handle-6167
MP8,Leg,Columbia Tools,71.00,,0,0,,,,,,,,no_market_data,no_map,,
OA90,Columbia UHMW Mud Applicator - Outside 90°,Columbia Tools,98.00,91.93,1,1,91.93,91.93,91.93,91.93,0.00,6.07,6.60,single_source_only,at_or_above_map,Al's Taping Tools,https://www.alstapingtools.com/columbia-tools-drywall-outside-corner-bead-mud-applicator/
OA90-325,Columbia UHMW Mud Applicator - Outside 90° 325,Columbia Tools,91.93,91.93,0,0,,,,,,,,no_market_data,at_or_above_map,,
PC1H,Columbia Predator One Handle - 4' Fixed,Columbia Tools,95.79,95.79,1,1,95.79,95.79,95.79,95.79,0.00,0.00,0.00,single_source_only,at_or_above_map,Al's Taping Tools,https://www.alstapingtools.com/columbia-predator-one-carbon-fiber-handle/
PC1HEXT,Columbia Predator One Handle - Extendable 3'-5',Columbia Tools,164.85,160.27,1,1,160.27,160.27,160.27,160.27,0.00,4.58,2.86,single_source_only,at_or_above_map,Al's Taping Tools,https://www.alstapingtools.com/columbia-predator-one-extendable-carbon-fiber-handle-3-5/
PCHXL,Columbia Predator One Handle - Long Extendable 4'-8',Columbia Tools,216.15,216.15,0,0,,,,,,,,no_market_data,at_or_above_map,,
PCLT42,Columbia Predator Camlock Tube,Columbia Tools,368.05,368.05,0,0,,,,,,,,no_market_data,at_or_above_map,,
PCMT42,"Columbia Predator Compound Tube 42""",Columbia Tools,274.93,274.93,0,0,,,,,,,,no_market_data,at_or_above_map,,
PHMP,Columbia Predator Mud Pump,Columbia Tools,496.42,496.42,1,1,496.42,496.42,496.42,496.42,0.00,0.00,0.00,single_source_only,at_or_above_map,Al's Taping Tools,https://www.alstapingtools.com/columbia-predator-mud-pump/
PMH,"Columbia Predator Matrix Handle - 40""-60""",Columbia Tools,418.00,388.34,0,0,,,,,,,,no_market_data,at_or_above_map,,
PMHL,"Columbia Predator Matrix Handle - Long 56""-76""",Columbia Tools,503.00,433.14,0,0,,,,,,,,no_market_data,at_or_above_map,,
PMHS,"Columbia Predator Matrix Handle - Short 29""-39""",Columbia Tools,384.00,379.28,0,0,,,,,,,,no_market_data,at_or_above_map,,
PTAPER,Columbia One Predator Taper,Columbia Tools,1838.55,,0,0,,,,,,,,no_market_data,no_map,,
RC,Columbia Tool Case - Road Case,Columbia Tools,1020.16,1020.16,1,1,1020.16,1020.16,1020.16,1020.16,0.00,0.00,0.00,single_source_only,at_or_above_map,Al's Taping Tools,https://www.alstapingtools.com/columbia-road-case/
SACS,Columbia Commando Set,Columbia Tools,1157.93,1157.93,0,0,,,,,,,,no_market_data,at_or_above_map,,
SAT,Columbia Semi Automatic Taper,Columbia Tools,243.34,243.34,2,2,243.32,243.34,243.33,243.33,0.01,0.01,0.00,market_aligned,at_or_above_map,Wall Tools,https://walltools.com/columbia-semi-automatic-taper-COLM-sat/
STAPER,Columbia Automatic Taper - Sawed Off 39 in.,Columbia Tools,1683.00,1649.29,1,1,1649.29,1649.29,1649.29,1649.29,0.00,33.71,2.04,single_source_only,at_or_above_map,Al's Taping Tools,https://www.alstapingtools.com/columbia-sawed-off-mini-automatic-taper/
TAPER,Columbia Automatic Taper - Standard 53 in.,Columbia Tools,1683.00,1649.29,63,3,0.48,3895.00,352.73,20.44,811358.33,1662.56,8133.86,above_market_median,at_or_above_map,All-Wall,https://www.all-wall.com/CT167-Columbia-Taper-4-Flat-Washer-5996
TBBF,Columbia Box Filler - Tall Boy,Columbia Tools,75.71,75.71,0,0,,,,,,,,no_market_data,at_or_above_map,,
TBGN,Columbia Gooseneck - Tall Boy,Columbia Tools,146.00,146.00,1,1,146.00,146.00,146.00,146.00,0.00,0.00,0.00,single_source_only,at_or_above_map,Al's Taping Tools,https://www.alstapingtools.com/columbia-tall-boy-gooseneck/
TBMP,Columbia Hot Mud Pump - Tall Boy,Columbia Tools,524.60,492.08,1,1,492.08,492.08,492.08,492.08,0.00,32.52,6.61,single_source_only,at_or_above_map,Al's Taping Tools,https://www.alstapingtools.com/columbia-tall-boy-loading-pump/
TCS,Columbia Tool Case - Gun Case,Columbia Tools,201.88,201.88,0,0,,,,,,,,no_market_data,at_or_above_map,,
D14-22,Dura-III Adjustable - 14”-22”,Dura-Stilts,400.00,,3,2,385.00,415.89,400.30,400.00,8.02,0.00,0.00,market_aligned,no_map,Al's Taping Tools,https://www.alstapingtools.com/dura-stilts-dura-iii-adjustable-drywall-stilts-14-22/
D18-30,Dura-III Adjustable - 18”-30”,Dura-Stilts,415.00,,3,2,415.00,459.93,429.98,415.00,10.83,0.00,0.00,market_aligned,no_map,Al's Taping Tools,https://www.alstapingtools.com/dura-stilts-dura-iii-adjustable-drywall-stilts-18-30/
D24-40,Dura-III Adjustable - 24”-40”,Dura-Stilts,435.00,,3,2,395.00,435.00,416.67,420.00,10.13,15.00,3.57,market_aligned,no_map,Al's Taping Tools,https://www.alstapingtools.com/dura-stilts-iv-adjustable-drywall-stilts-24-40/
D38-64,Dura-III Adjustable - 38”-64”,Dura-Stilts,584.00,,1,1,584.00,584.00,584.00,584.00,0.00,0.00,0.00,single_source_only,no_map,All-Wall,https://www.all-wall.com/Dura-Stilts-DSS3864US
4-600P,LEVEL5 Entry to Automatic Finishing Set - With Automatic Taper,LEVEL5,3850.70,,0,0,,,,,,,,no_market_data,no_map,,
4-602,LEVEL5 Entry to Automatic Finishing Set - Tools Only,LEVEL5,2395.52,,0,0,,,,,,,,no_market_data,no_map,,
4-630,LEVEL5 The Starter Taping Set,LEVEL5,2111.16,,1,1,9.49,9.49,9.49,9.49,0.00,2101.67,22146.15,single_source_only,no_map,All-Wall,https://www.all-wall.com/Loading-Pump-Valve-Disc
4-677P,LEVEL5 The Ultimate Taping & Finishing Set,LEVEL5,6342.64,,0,0,,,,,,,,no_market_data,no_map,,
4-701,"LEVEL5 Corner Applicator - 7""",LEVEL5,285.59,,1,1,45.79,45.79,45.79,45.79,0.00,239.80,523.70,single_source_only,no_map,All-Wall,https://www.all-wall.com/880005-Rear-Brake-Lever
4-702,"LEVEL5 Corner Applicator - 8""",LEVEL5,294.52,,0,0,,,,,,,,no_market_data,no_map,,
4-707,LEVEL5 Corner Roller,LEVEL5,152.14,,1,1,161.09,161.09,161.09,161.09,0.00,-8.95,-5.56,single_source_only,no_map,Wall Tools,https://walltools.com/level-5-corner-roller-LEV5-4707/
4-711,"LEVEL5 Flat Box Handle (Fixed Length) - 34""",LEVEL5,175.09,,0,0,,,,,,,,no_market_data,no_map,,
4-712,"LEVEL5 Flat Box Handle (Fixed Length) - 42""",LEVEL5,184.02,,1,1,5.39,5.39,5.39,5.39,0.00,178.63,3314.10,single_source_only,no_map,All-Wall,https://www.all-wall.com/TapeTech-Replacement-Flat-Box-Washer-209046
4-714,LEVEL5 Gooseneck,LEVEL5,101.14,,1,1,107.09,107.09,107.09,107.09,0.00,-5.95,-5.56,single_source_only,no_map,Wall Tools,https://walltools.com/level-5-gooseneck-LEV5-4714/
4-715,LEVEL5 Box Filler,LEVEL5,67.57,,1,1,71.54,71.54,71.54,71.54,0.00,-3.97,-5.55,single_source_only,no_map,Wall Tools,https://walltools.com/level-5-box-filler-LEV5-4715/
4-732,"LEVEL5 Corner Finisher - 2.5""",LEVEL5,397.37,,1,1,0.99,0.99,0.99,0.99,0.00,396.38,40038.38,single_source_only,no_map,All-Wall,https://www.all-wall.com/219081-TapeTech-Flat-Head-Screw
4-733,"LEVEL5 Corner Finisher - 3""",LEVEL5,406.72,,1,1,8.19,8.19,8.19,8.19,0.00,398.53,4866.06,single_source_only,no_map,All-Wall,https://www.all-wall.com/TapeTech-Replacement-Spring-part-219091
4-734,"LEVEL5 Corner Finisher - 3.5""",LEVEL5,416.07,,1,1,0.99,0.99,0.99,0.99,0.00,415.08,41927.27,single_source_only,no_map,All-Wall,https://www.all-wall.com/219093-6-32-X-3-4-Flat-Head-Screw
4-735,"LEVEL5 Corner Finisher - 4""",LEVEL5,425.42,,1,1,101.07,101.07,101.07,101.07,0.00,324.35,320.92,single_source_only,no_map,All-Wall,https://www.all-wall.com/220002-TapeTech-7-Inch-Blade-Holder
4-740,"LEVEL5 Flat Box Handle (Fixed Length) - 54""",LEVEL5,202.72,,0,0,,,,,,,,no_market_data,no_map,,
4-741,LEVEL5 Compound Tube,LEVEL5,203.84,,1,1,177.89,177.89,177.89,177.89,0.00,25.95,14.59,single_source_only,no_map,All-Wall,https://www.all-wall.com/Brass-Blade-Holder-10
4-743,"LEVEL5 Corner Flusher - 3""",LEVEL5,128.69,,0,0,,,,,,,,no_market_data,no_map,,
4-744,"LEVEL5 Corner Flusher - 3.5""",LEVEL5,132.74,,0,0,,,,,,,,no_market_data,no_map,,
4-746,LEVEL5 Outside Corner Tool,LEVEL5,73.94,,0,0,,,,,,,,no_market_data,no_map,,
4-754,"LEVEL5 Nail Spotter - 2""",LEVEL5,271.14,,1,1,287.09,287.09,287.09,287.09,0.00,-15.95,-5.56,single_source_only,no_map,Wall Tools,https://walltools.com/level-5-2-in-nail-spotter-LEV5-4754/
4-755,"LEVEL5 Nail Spotter - 3""",LEVEL5,289.84,,1,1,306.89,306.89,306.89,306.89,0.00,-17.05,-5.56,single_source_only,no_map,Wall Tools,https://walltools.com/level-5-3-in-nail-spotter-LEV5-4755/
4-759,"LEVEL5 Flat Box Handle (Extendable) - 48""-78""",LEVEL5,313.22,,0,0,,,,,,,,no_market_data,no_map,,
4-760,LEVEL5 Automatic Taper,LEVEL5,1444.99,,0,0,,,,,,,,no_market_data,no_map,,
4-764,"LEVEL5 Flat Box (Standard) - 7""",LEVEL5,379.52,,0,0,,,,,,,,no_market_data,no_map,,
4-765,"LEVEL5 Flat Box (Standard) - 10""",LEVEL5,388.87,,1,1,63.39,63.39,63.39,63.39,0.00,325.48,513.46,single_source_only,no_map,All-Wall,https://www.all-wall.com/TapeTech-AngleBox-Rear-Seal-Holder
4-766,"LEVEL5 Flat Box (Standard) - 12""",LEVEL5,398.64,,0,0,,,,,,,,no_market_data,no_map,,
4-767,"LEVEL5 Flat Box (MEGA) - 7""",LEVEL5,398.64,,0,0,,,,,,,,no_market_data,no_map,,
4-768,"LEVEL5 Flat Box (MEGA) - 10""",LEVEL5,407.99,,0,0,,,,,,,,no_market_data,no_map,,
4-769,"LEVEL5 Flat Box (MEGA) - 12""",LEVEL5,422.02,,0,0,,,,,,,,no_market_data,no_map,,
4-770,"LEVEL5 Flat Box (Standard) - 14""",LEVEL5,412.67,,0,0,,,,,,,,no_market_data,no_map,,
4-771,LEVEL5 Compound Pump,LEVEL5,452.62,,0,0,,,,,,,,no_market_data,no_map,,
4-772,LEVEL5 MiniShot,LEVEL5,934.99,,1,1,1.29,1.29,1.29,1.29,0.00,933.70,72379.84,single_source_only,no_map,All-Wall,https://www.all-wall.com/359046-10-32-Hex-Nut
4-773,LEVEL5 MiniShot Ext. Handle,LEVEL5,73.94,,0,0,,,,,,,,no_market_data,no_map,,
4-777,"LEVEL5 Corner Roller Handle - 54""",LEVEL5,92.22,,1,1,45.00,45.00,45.00,45.00,0.00,47.22,104.93,single_source_only,no_map,Al's Taping Tools,https://www.alstapingtools.com/level5-corner-roller-handle/
4-778,"LEVEL5 50"" Fixed Handle - Corner Applicator",LEVEL5,92.22,,0,0,,,,,,,,no_market_data,no_map,,
4-779,"LEVEL5 50"" Fixed Handle - Corner Finisher",LEVEL5,92.22,,0,0,,,,,,,,no_market_data,no_map,,
4-780,"LEVEL5 Flat Box Handle (Extendable) - 40""-62""",LEVEL5,303.87,,0,0,,,,,,,,no_market_data,no_map,,
4-781,"LEVEL5 Flat Box Handle (Extendable) - 30""-42""",LEVEL5,294.52,,0,0,,,,,,,,no_market_data,no_map,,
4-782,"LEVEL5 Flat Box Handle (Extendable) - 23""-32""",LEVEL5,276.24,,0,0,,,,,,,,no_market_data,no_map,,
4-792,"LEVEL5 31""- 50"" Corner Roller/Nail Spotter Handle",LEVEL5,179.33,,0,0,,,,,,,,no_market_data,no_map,,
4-794,"LEVEL5 Corner Applicator Handle (Extendable) - 31""-50""",LEVEL5,175.08,,0,0,,,,,,,,no_market_data,no_map,,
4-795,"LEVEL5 Corner Finisher Handle (Extendable) - 31""-50""",LEVEL5,186.98,,0,0,,,,,,,,no_market_data,no_map,,
4-798,"LEVEL5 Corner Applicator Handle (Extendable) - 43""-72""",LEVEL5,193.78,,0,0,,,,,,,,no_market_data,no_map,,
4-799,"LEVEL5 Corner Finisher Handle (Extendable) - 43""-72""",LEVEL5,205.68,,0,0,,,,,,,,no_market_data,no_map,,
5-311,LEVEL5 Drywall Banjo,LEVEL5,150.29,,0,0,,,,,,,,no_market_data,no_map,,
5-777,"LEVEL5 Corner Roller Handle - 50""",LEVEL5,89.99,,1,1,297.99,297.99,297.99,297.99,0.00,-208.00,-69.80,single_source_only,no_map,All-Wall,https://www.all-wall.com/Columbia-2-Nail-Spotter-Head
PT-10FB,"Platinum Flat Finishing Box - 10""",Platinum Drywall Tools,195.00,,1,1,120.00,120.00,120.00,120.00,0.00,75.00,62.50,single_source_only,no_map,Al's Taping Tools,https://www.alstapingtools.com/platinum-drywall-tools-10-flat-box/
PT-12FB,"Platinum Flat Finishing Box - 12""",Platinum Drywall Tools,205.00,,1,1,125.00,125.00,125.00,125.00,0.00,80.00,64.00,single_source_only,no_map,Al's Taping Tools,https://www.alstapingtools.com/platinum-drywall-tools-12-flat-box/
PT-14FB,"Platinum Flat Finishing Box - 14""",Platinum Drywall Tools,215.00,,1,1,130.00,130.00,130.00,130.00,0.00,85.00,65.38,single_source_only,no_map,Al's Taping Tools,https://www.alstapingtools.com/platinum-drywall-tools-14-flat-box/
PT-2.5CF,"Platinum Stainless Steel Corner Flusher - 2.5""",Platinum Drywall Tools,75.00,,1,1,40.00,40.00,40.00,40.00,0.00,35.00,87.50,single_source_only,no_map,Al's Taping Tools,https://www.alstapingtools.com/platinum-drywall-tools-2-5-drywall-corner-flusher-glazer/
PT-2NS,"Platinum Nail Spotter - 2""",Platinum Drywall Tools,160.00,,1,1,95.00,95.00,95.00,95.00,0.00,65.00,68.42,single_source_only,no_map,Al's Taping Tools,https://www.alstapingtools.com/platinum-drywall-tools-2-nail-spotter/
PT-3.5CF,"Platinum Stainless Steel Corner Flusher - 3.5""",Platinum Drywall Tools,80.00,,1,1,50.00,50.00,50.00,50.00,0.00,30.00,60.00,single_source_only,no_map,Al's Taping Tools,https://www.alstapingtools.com/platinum-drywall-tools-3-5-drywall-corner-flusher-glazer/
PT-3CF,"Platinum Angle Head Corner Finisher with Wheels - 3""",Platinum Drywall Tools,249.00,,0,0,,,,,,,,no_market_data,no_map,,
PT-3NS,"Platinum Nail Spotter - 3""",Platinum Drywall Tools,160.00,,1,1,95.00,95.00,95.00,95.00,0.00,65.00,68.42,single_source_only,no_map,Al's Taping Tools,https://www.alstapingtools.com/platinum-drywall-tools-3-nail-spotter/
PT-8FB,"Platinum Flat Finishing Box - 8""",Platinum Drywall Tools,185.00,,1,1,115.00,115.00,115.00,115.00,0.00,70.00,60.87,single_source_only,no_map,Al's Taping Tools,https://www.alstapingtools.com/platinum-drywall-tools-8-flat-box/
PT-AICA,Platinum 4 Wheel Inside Angle / Corner Applicator,Platinum Drywall Tools,89.00,,1,1,55.00,55.00,55.00,55.00,0.00,34.00,61.82,single_source_only,no_map,Al's Taping Tools,https://www.alstapingtools.com/platinum-4-wheel-inside-angle-corner-applicator/
PT-BF,Platinum Box Filler Attachment,Platinum Drywall Tools,49.00,,0,0,,,,,,,,no_market_data,no_map,,
PT-BH34,"Platinum Flat Box Handle - 34""",Platinum Drywall Tools,90.00,,0,0,,,,,,,,no_market_data,no_map,,
PT-BH42,"Platinum Flat Box Handle - 42""",Platinum Drywall Tools,95.00,,1,1,60.00,60.00,60.00,60.00,0.00,35.00,58.33,single_source_only,no_map,Al's Taping Tools,https://www.alstapingtools.com/platinum-drywall-tools-42-drywall-flat-finisher-box-handle/
PT-BH54,"Platinum Flat Box Handle - 54""",Platinum Drywall Tools,100.00,,1,1,60.00,60.00,60.00,60.00,0.00,40.00,66.67,single_source_only,no_map,Al's Taping Tools,https://www.alstapingtools.com/platinum-drywall-tools-54-drywall-flat-finisher-box-handle/
PT-CA8,"Platinum 8"" Corner Applicator",Platinum Drywall Tools,159.00,,0,0,,,,,,,,no_market_data,no_map,,
PT-CAH50,"Platinum 50"" Corner Tool Handle - Corner Box",Platinum Drywall Tools,49.00,,1,1,30.00,30.00,30.00,30.00,0.00,19.00,63.33,single_source_only,no_map,Al's Taping Tools,https://www.alstapingtools.com/platinum-corner-box-handle/
PT-CF2.5,"Platinum Angle Head Corner Finisher with Wheels - 2.5""",Platinum Drywall Tools,239.00,,1,1,145.00,145.00,145.00,145.00,0.00,94.00,64.83,single_source_only,no_map,Al's Taping Tools,https://www.alstapingtools.com/platinum-drywall-tools-2-5-angle-head-corner-finisher-with-wheels/
PT-CF3.5,"Platinum Angle Head Corner Finisher with Wheels - 3.5""",Platinum Drywall Tools,259.00,,1,1,155.00,155.00,155.00,155.00,0.00,104.00,67.10,single_source_only,no_map,Al's Taping Tools,https://www.alstapingtools.com/platinum-drywall-tools-3-5-angle-head-corner-finisher/
PT-CFH50,"Platinum 50"" Corner Tool Handle - Angle Head",Platinum Drywall Tools,49.00,,1,1,30.00,30.00,30.00,30.00,0.00,19.00,63.33,single_source_only,no_map,Al's Taping Tools,https://www.alstapingtools.com/platinum-50-angle-head-handle/
PT-CP,Platinum Drywall Pump w/Filler,Platinum Drywall Tools,269.00,,0,0,,,,,,,,no_market_data,no_map,,
PT-CR,Platinum Corner Roller - Inside,Platinum Drywall Tools,79.99,,0,0,,,,,,,,no_market_data,no_map,,
PT-CRE,Platinum Corner Roller - ECO Inside,Platinum Drywall Tools,59.00,,1,1,35.00,35.00,35.00,35.00,0.00,24.00,68.57,single_source_only,no_map,Al's Taping Tools,https://www.alstapingtools.com/platinum-drywall-tools-eco-inside-corner-roller/
PT-CRH50,"Platinum 50"" Corner Tool Handle - Corner Roller",Platinum Drywall Tools,59.00,,1,1,30.00,30.00,30.00,30.00,0.00,29.00,96.67,single_source_only,no_map,Al's Taping Tools,https://www.alstapingtools.com/platinum-corner-roller-handle/
PT-CT24,"Platinum Compound Tube - 24""",Platinum Drywall Tools,150.00,,1,1,75.00,75.00,75.00,75.00,0.00,75.00,100.00,single_source_only,no_map,Al's Taping Tools,https://www.alstapingtools.com/platinum-drywall-tools-24-compound-tube/
PT-CT36,"Platinum Compound Tube - 36""",Platinum Drywall Tools,155.00,,1,1,80.00,80.00,80.00,80.00,0.00,75.00,93.75,single_source_only,no_map,Al's Taping Tools,https://www.alstapingtools.com/platinum-drywall-tools-36-compound-tube/
PT-CT42,"Platinum Compound Tube - 42""",Platinum Drywall Tools,160.00,,1,1,85.00,85.00,85.00,85.00,0.00,75.00,88.24,single_source_only,no_map,Al's Taping Tools,https://www.alstapingtools.com/platinum-drywall-tools-42-compound-tube/
PT-EBH,"Platinum Extendable Flat Box Handle 40"" – 64""",Platinum Drywall Tools,169.00,,1,1,115.00,115.00,115.00,115.00,0.00,54.00,46.96,single_source_only,no_map,Al's Taping Tools,https://www.alstapingtools.com/platinum-drywall-tools-extendable-flat-box-handle-40-64/
PT-EXT3IN1-1,Platinum Extendable Angle Head Handle,Platinum Drywall Tools,75.00,,1,1,60.00,60.00,60.00,60.00,0.00,15.00,25.00,single_source_only,no_map,Al's Taping Tools,https://www.alstapingtools.com/platinum-drywall-tools-extendable-angle-head-handle/
PT-FA,"Platinum 4"" Flat Applicator",Platinum Drywall Tools,59.00,,0,0,,,,,,,,no_market_data,no_map,,
PT-FIN,Platinum Drywall Starter Finishing Set,Platinum Drywall Tools,1399.00,,0,0,,,,,,,,no_market_data,no_map,,
PT-GN,Platinum Gooseneck,Platinum Drywall Tools,59.00,,1,1,45.00,45.00,45.00,45.00,0.00,14.00,31.11,single_source_only,no_map,Al's Taping Tools,https://www.alstapingtools.com/platinum-drywall-tools-gooseneck/
PT-ICA,Platinum 90° Corner Applicator - Inside,Platinum Drywall Tools,59.00,,1,1,40.00,40.00,40.00,40.00,0.00,19.00,47.50,single_source_only,no_map,Al's Taping Tools,https://www.alstapingtools.com/platinum-drywall-tools-inside-90-degree-applicator-mud-head/
PT-MNBH,Platinum Mini Box Handle,Platinum Drywall Tools,62.00,,1,1,45.00,45.00,45.00,45.00,0.00,17.00,37.78,single_source_only,no_map,Al's Taping Tools,https://www.alstapingtools.com/platinum-drywall-tools-mini-flat-box-handle/
PT-OCA,Platinum 90° Corner Applicator - Outside,Platinum Drywall Tools,59.00,,1,1,45.00,45.00,45.00,45.00,0.00,14.00,31.11,single_source_only,no_map,Al's Taping Tools,https://www.alstapingtools.com/platinum-drywall-tools-outside-90-degree-applicator-mud-head/
PT-OCR,Platinum Corner Roller - Outside 90°,Platinum Drywall Tools,69.99,,0,0,,,,,,,,no_market_data,no_map,,
PT-TP,Platinum Semi Automatic Drywall Taper,Platinum Drywall Tools,145.00,,1,1,85.00,85.00,85.00,85.00,0.00,60.00,70.59,single_source_only,no_map,Al's Taping Tools,https://www.alstapingtools.com/platinum-drywall-tools-semi-automatic-super-taper/
S1-A-1624,"SurPro S1 Aluminum Drywall Stilts - 16""-24""",SurPro,322.00,,0,0,,,,,,,,no_market_data,no_map,,
S1-A-2030,"SurPro S1 Aluminum Drywall Stilts - 20""-30""",SurPro,331.00,,0,0,,,,,,,,no_market_data,no_map,,
S1-A-2640,"SurPro S1 Aluminum Drywall Stilts - 26""-40""",SurPro,340.00,,1,1,305.00,305.00,305.00,305.00,0.00,35.00,11.48,single_source_only,no_map,Al's Taping Tools,https://www.alstapingtools.com/surpro-26-40-s1-aluminum-single-sided-drywall-stilts/
S1-M-1624,"SurPro S1 Magnesium Drywall Stilts - 16""-24""",SurPro,368.00,,1,1,339.00,339.00,339.00,339.00,0.00,29.00,8.55,single_source_only,no_map,Al's Taping Tools,https://www.alstapingtools.com/surpro-s1-single-sided-magnesium-16-24-drywall-stilts/
S1-M-2030,"SurPro S1 Magnesium Drywall Stilts - 20""-30""",SurPro,376.50,,1,1,345.00,345.00,345.00,345.00,0.00,31.50,9.13,single_source_only,no_map,Al's Taping Tools,https://www.alstapingtools.com/surpro-s1-single-sided-magnesium-20-30-drywall-stilts/
S1-M-2640,"SurPro S1 Magnesium Drywall Stilts - 26""-40""",SurPro,385.00,,1,1,355.00,355.00,355.00,355.00,0.00,30.00,8.45,single_source_only,no_map,Al's Taping Tools,https://www.alstapingtools.com/surpro-s1-single-sided-magnesium-26-40-drywall-stilts/
S1X-A-2131,"SurPro S1X Aluminum Drywall Stilts - 21""-31""",SurPro,407.00,,0,0,,,,,,,,no_market_data,no_map,,
S1X-A-2640,"SurPro S1X Aluminum Drywall Stilts - 26""-40""",SurPro,407.00,,0,0,,,,,,,,no_market_data,no_map,,
S1X-M-2131,"SurPro S1X Magnesium Drywall Stilts - 21""-31""",SurPro,430.00,,1,1,400.00,400.00,400.00,400.00,0.00,30.00,7.50,single_source_only,no_map,Al's Taping Tools,https://www.alstapingtools.com/surpro-s1x-single-sided-magnesium-20-30-drywall-stilts/
S1X-M-2640,"SurPro S1X Magnesium Drywall Stilts - 26""-40""",SurPro,441.00,,1,1,400.00,400.00,400.00,400.00,0.00,41.00,10.25,single_source_only,no_map,Al's Taping Tools,https://www.alstapingtools.com/surpro-s1x-single-sided-magnesium-26-40-drywall-stilts/
S2-A-1624,"SurPro S2 Aluminum Drywall Stilts - 16""-24""",SurPro,356.00,,0,0,,,,,,,,no_market_data,no_map,,
S2-A-2030,"SurPro S2 Aluminum Drywall Stilts - 20""-30""",SurPro,365.00,,0,0,,,,,,,,no_market_data,no_map,,
S2-A-2640,"SurPro S2 Aluminum Drywall Stilts - 26""-40""",SurPro,374.00,,0,0,,,,,,,,no_market_data,no_map,,
S2-M-1624,"SurPro S2 Magnesium Drywall Stilts - 16""-24""",SurPro,395.00,,1,1,364.00,364.00,364.00,364.00,0.00,31.00,8.52,single_source_only,no_map,Al's Taping Tools,https://www.alstapingtools.com/sur-pro-dual-arm-magnesium-16-24-stilts/
S2-M-2030,"SurPro S2 Magnesium Drywall Stilts - 20""-30""",SurPro,403.50,,1,1,370.00,370.00,370.00,370.00,0.00,33.50,9.05,single_source_only,no_map,Al's Taping Tools,https://www.alstapingtools.com/sur-pro-dual-arm-magnesium-20-30-stilts/
S2-M-2640,"SurPro S2 Magnesium Drywall Stilts - 26""-40""",SurPro,412.00,,1,1,380.00,380.00,380.00,380.00,0.00,32.00,8.42,single_source_only,no_map,Al's Taping Tools,https://www.alstapingtools.com/sur-pro-dual-arm-magnesium-26-40-stilts/
S2X-A-2640,"SurPro S2X Aluminum Drywall Stilts - 26""-40""",SurPro,457.00,,0,0,,,,,,,,no_market_data,no_map,,
S2X-A-3852,"SurPro S2X Aluminum Drywall Stilts - 38""-52""",SurPro,486.00,,0,0,,,,,,,,no_market_data,no_map,,
S2X-M-2131,"SurPro S2X Magnesium Drywall Stilts - 21""-31""",SurPro,479.00,,1,1,450.00,450.00,450.00,450.00,0.00,29.00,6.44,single_source_only,no_map,Al's Taping Tools,https://www.alstapingtools.com/surpro-s2x-magnesium-stilts-21-31/
S2X-M-2640,"SurPro S2X Magnesium Drywall Stilts - 26""-40""",SurPro,490.00,,1,1,460.00,460.00,460.00,460.00,0.00,30.00,6.52,single_source_only,no_map,Al's Taping Tools,https://www.alstapingtools.com/surpro-s2x-magnesium-stilts-26-40/
03TT,"TapeTech EasyClean® Automatic Taper - Mini-Taper 40.5""",TapeTech,1775.00,1775.00,2,2,1775.00,1775.00,1775.00,1775.00,0.00,0.00,0.00,market_aligned,at_or_above_map,Al's Taping Tools,https://www.alstapingtools.com/tapetech-easyclean-automatic-mini-taper-03tt/
07TT,TapeTech EasyClean® Automatic Taper - Standard,TapeTech,1672.12,1599.00,6,2,6.27,1998.00,1146.04,1437.00,31766.03,235.12,16.36,above_market_median,at_or_above_map,All-Wall,https://www.all-wall.com/059328-O-Ring-07TT
07TT-C,TapeTech EasyClean® Automatic Taper - Carbon Fiber,TapeTech,1816.18,1780.00,2,2,1780.00,1780.00,1780.00,1780.00,0.00,36.18,2.03,market_aligned,at_or_above_map,Al's Taping Tools,https://www.alstapingtools.com/tapetech-carbon-fiber-automatic-taper/
14TT,TapeTech MudRunner® Compound Applicator - Standard,TapeTech,900.00,,0,0,,,,,,,,no_market_data,no_map,,
15TTE,TapeTech Corner Roller - Inside Corner,TapeTech,189.00,189.00,2,2,189.00,189.00,189.00,189.00,0.00,0.00,0.00,market_aligned,at_or_above_map,Al's Taping Tools,https://www.alstapingtools.com/tapetech-inside-corner-roller/
16TT,TapeTech Applicator Head - Outside Corner,TapeTech,85.43,85.00,2,2,85.00,85.00,85.00,85.00,0.00,0.43,0.51,market_aligned,at_or_above_map,Al's Taping Tools,https://www.alstapingtools.com/tapetech-90-outside-corner-applicator-head/
16TT90,TapeTech Applicator Head - Inside Corner,TapeTech,85.43,85.00,2,2,85.00,85.00,85.00,85.00,0.00,0.43,0.51,market_aligned,at_or_above_map,Al's Taping Tools,https://www.alstapingtools.com/tapetech-90-inside-corner-mud-applicator/
17TT,TapeTech Corner Roller - Outside Corner,TapeTech,170.00,170.00,2,2,170.00,170.00,170.00,170.00,0.00,0.00,0.00,market_aligned,at_or_above_map,Al's Taping Tools,https://www.alstapingtools.com/tapetech-outside-corner-bead-roller-17tt/
17TTE,TapeTech Corner Roller - Flex Tape Outside Corner,TapeTech,184.06,179.00,2,2,179.00,179.00,179.00,179.00,0.00,5.06,2.83,market_aligned,at_or_above_map,Al's Taping Tools,https://www.alstapingtools.com/tapetech-outside-corner-roller-for-flex-tape-17tte/
40XTT,"TapeTech Corner Finisher - 2""",TapeTech,389.00,389.00,2,2,389.00,389.00,389.00,389.00,0.00,0.00,0.00,market_aligned,at_or_above_map,Al's Taping Tools,https://www.alstapingtools.com/tapetech-2-angle-head-drywall-corner-finisher-40xtt/
42TT,"TapeTech Corner Finisher - 2.5""",TapeTech,399.00,399.00,3,3,389.00,399.00,395.67,399.00,2.57,0.00,0.00,market_aligned,at_or_above_map,Wall Tools,https://walltools.com/tapetech-angle-head-corner-finisher-tape-40tt-42tt-45tt/
48TT,"TapeTech Corner Finisher - 3"" EasyRoll® Adjustable",TapeTech,429.00,429.00,2,2,429.00,429.00,429.00,429.00,0.00,0.00,0.00,market_aligned,at_or_above_map,Al's Taping Tools,https://www.alstapingtools.com/tapetech-3-easyroll-angle-head-drywall-finishing-tool-48tt/
48XTT,"TapeTech Corner Finisher - 3.5"" EasyRoll® Adjustable",TapeTech,448.22,439.00,3,3,429.00,439.00,435.67,439.00,2.33,9.22,2.10,market_aligned,at_or_above_map,Wall Tools,https://walltools.com/tapetech-easy-roll-adjustable-angle-head-corner-finisher-tape-48tt-48xtt/
76TT,TapeTech EasyClean® Pump - Standard,TapeTech,399.00,,2,2,399.00,399.00,399.00,399.00,0.00,0.00,0.00,market_aligned,no_map,Al's Taping Tools,https://www.alstapingtools.com/tapetech-easyclean-loading-pump-76tt/
76TT-CA,TapeTech EasyClean® Pump - Canada,TapeTech,409.00,409.00,0,0,,,,,,,,no_market_data,at_or_above_map,,
76XLTT,TapeTech EasyClean® Pump - Extra Long,TapeTech,659.00,659.00,3,2,199.00,665.00,507.67,659.00,234.17,0.00,0.00,market_aligned,at_or_above_map,All-Wall,https://www.all-wall.com/TapeTech-Long-Gooseneck
8000TT,TapeTech Wizard® Compact Finishing Box Handle - Standard,TapeTech,109.00,,2,2,109.00,109.00,109.00,109.00,0.00,0.00,0.00,market_aligned,no_map,Al's Taping Tools,https://www.alstapingtools.com/tapetech-wizard-flat-box-handle/
8000TT-PA,TapeTech Wizard® Compact Finishing Box Handle - Power Assist,TapeTech,109.00,109.00,2,2,109.00,109.00,109.00,109.00,0.00,0.00,0.00,market_aligned,at_or_above_map,Al's Taping Tools,https://www.alstapingtools.com/tapetech-wizard-compact-handle-for-power-assist-boxes/
8034TT,"TapeTech Flat Box Handle - 34""",TapeTech,229.00,229.00,2,2,229.00,229.00,229.00,229.00,0.00,0.00,0.00,market_aligned,at_or_above_map,Al's Taping Tools,https://www.alstapingtools.com/tapetech-34-drywall-flat-finishing-box-handle-8034tt/
804003F,TapeTech Grip Assembly For Box Handle,TapeTech,73.91,,0,0,,,,,,,,no_market_data,no_map,,
8042TT,"TapeTech Flat Box Handle - 42""",TapeTech,234.00,234.00,2,2,234.00,234.00,234.00,234.00,0.00,0.00,0.00,market_aligned,at_or_above_map,Al's Taping Tools,https://www.alstapingtools.com/tapetech-42-drywall-flat-finisher-box-handle-8042tt/
8054TT,"TapeTech Flat Box Handle - 54""",TapeTech,239.00,239.00,2,2,239.00,239.00,239.00,239.00,0.00,0.00,0.00,market_aligned,at_or_above_map,Al's Taping Tools,https://www.alstapingtools.com/tapetech-54-drywall-flat-finisher-box-handle/
8072TT,"TapeTech Flat Box Handle - 72""",TapeTech,249.00,249.00,2,2,249.00,249.00,249.00,249.00,0.00,0.00,0.00,market_aligned,at_or_above_map,Al's Taping Tools,https://www.alstapingtools.com/tapetech-72-drywall-flat-finisher-box-handle-8072tt/
8134TT,"TapeTech EasyFinish™ Box Handle - 34""",TapeTech,259.76,259.00,2,2,259.00,259.00,259.00,259.00,0.00,0.76,0.29,market_aligned,at_or_above_map,Al's Taping Tools,https://www.alstapingtools.com/tapetech-34-easyfinish-flat-box-handle-8134tt/
8142TT,"TapeTech EasyFinish™ Box Handle - 42""",TapeTech,269.00,269.00,2,2,269.00,269.00,269.00,269.00,0.00,0.00,0.00,market_aligned,at_or_above_map,Al's Taping Tools,https://www.alstapingtools.com/tapetech-42-easyfinish-flat-box-handle-8142tt/
8154TT,"TapeTech EasyFinish™ Box Handle - 54""",TapeTech,279.00,279.00,2,2,279.00,279.00,279.00,279.00,0.00,0.00,0.00,market_aligned,at_or_above_map,Al's Taping Tools,https://www.alstapingtools.com/tapetech-54-easyfinish-flat-box-handle-8154tt/
8172TT,"TapeTech EasyFinish™ Box Handle - 72""",TapeTech,291.28,289.00,2,2,289.00,289.00,289.00,289.00,0.00,2.28,0.79,market_aligned,at_or_above_map,Al's Taping Tools,https://www.alstapingtools.com/tapetech-72-easyfinish-flat-box-handle-8172tt/
85T,TapeTech Gooseneck - Standard,TapeTech,105.00,105.00,2,2,105.00,105.00,105.00,105.00,0.00,0.00,0.00,market_aligned,at_or_above_map,Al's Taping Tools,https://www.alstapingtools.com/tapetech-gooseneck-adapter/
85XLTT,TapeTech Gooseneck - Extra Long,TapeTech,199.00,,1,1,199.00,199.00,199.00,199.00,0.00,0.00,0.00,single_source_only,no_map,Al's Taping Tools,https://www.alstapingtools.com/tapetech-extra-long-gooseneck-adapter/
90T,TapeTech Filler Adapter,TapeTech,79.00,79.00,1,1,79.00,79.00,79.00,79.00,0.00,0.00,0.00,single_source_only,at_or_above_map,Al's Taping Tools,https://www.alstapingtools.com/tapetech-drywall-box-filler-attachment-90t/
BH,"TapeTech Brakeless Box Handle - Fixed 34""",TapeTech,149.00,149.00,0,0,,,,,,,,no_market_data,at_or_above_map,,
BHE,"TapeTech Brakeless Box Handle - Extendable 34""-60""",TapeTech,305.72,299.00,2,2,299.00,299.00,299.00,299.00,0.00,6.72,2.25,market_aligned,at_or_above_map,Al's Taping Tools,https://www.alstapingtools.com/tapetech-brakeless-extendable-flat-box-handle/
BHE-SW,"TapeTech Brakeless Box Handle - Rotational Extendable 34""-60""",TapeTech,329.00,,0,0,,,,,,,,no_market_data,no_map,,
CA07TT,"TapeTech Corner Applicator - 7""",TapeTech,315.00,315.00,2,2,315.00,315.00,315.00,315.00,0.00,0.00,0.00,market_aligned,at_or_above_map,Al's Taping Tools,https://www.alstapingtools.com/tapetech-7-corner-applicator-head/
CA08TT,"TapeTech Corner Applicator - 8""",TapeTech,330.00,330.00,2,2,330.00,330.00,330.00,330.00,0.00,0.00,0.00,market_aligned,at_or_above_map,Al's Taping Tools,https://www.alstapingtools.com/tapetech-8-corner-applicator-ca08tt/
CAA-TT,TapeTech Support Handle Adapter - Corner Applicator,TapeTech,45.00,45.00,2,2,42.00,45.00,43.50,43.50,7.14,1.50,3.45,market_aligned,at_or_above_map,Al's Taping Tools,https://www.alstapingtools.com/tapetech-corner-applicator-adapter-caa-tt/
CF25COMBO,"TapeTech Combo Corner Flusher - 2.5""",TapeTech,179.00,,0,0,,,,,,,,no_market_data,no_map,,
CF25TT,"TapeTech Direct Corner Flusher - 2.5""",TapeTech,114.00,114.00,2,2,114.00,114.00,114.00,114.00,0.00,0.00,0.00,market_aligned,at_or_above_map,Al's Taping Tools,https://www.alstapingtools.com/tapetech-2-5-direct-flusher-cf25tt/
CF30COMBO,"TapeTech Combo Corner Flusher - 3""",TapeTech,184.00,,1,1,184.00,184.00,184.00,184.00,0.00,0.00,0.00,single_source_only,no_map,All-Wall,https://www.all-wall.com/TapeTech-3in-Combo-Flusher
CF30TT,"TapeTech Direct Corner Flusher - 3""",TapeTech,119.00,119.00,2,2,119.00,119.00,119.00,119.00,0.00,0.00,0.00,market_aligned,at_or_above_map,Al's Taping Tools,https://www.alstapingtools.com/tapetech-3-direct-flusher/
CF35COMBO,"TapeTech Combo Corner Flusher - 3.5""",TapeTech,189.00,,0,0,,,,,,,,no_market_data,no_map,,
CF35TT,"TapeTech Direct Corner Flusher - 3.5""",TapeTech,125.00,125.00,2,2,125.00,125.00,125.00,125.00,0.00,0.00,0.00,market_aligned,at_or_above_map,Al's Taping Tools,https://www.alstapingtools.com/tapetech-3-5-direct-flusher/
CF40COMBO,"TapeTech Combo Corner Flusher - 4""",TapeTech,194.00,,1,1,194.00,194.00,194.00,194.00,0.00,0.00,0.00,single_source_only,no_map,All-Wall,https://www.all-wall.com/TapeTech-4in-Combo-Flusher
CF40TT,"TapeTech Direct Corner Flusher - 4""",TapeTech,129.00,129.00,2,2,129.00,129.00,129.00,129.00,0.00,0.00,0.00,market_aligned,at_or_above_map,Al's Taping Tools,https://www.alstapingtools.com/tapetech-4-direct-flusher-cf40tt/
CFA-TT,TapeTech Support Handle Adapter - Corner Finisher,TapeTech,49.00,49.00,2,2,49.00,49.00,49.00,49.00,0.00,0.00,0.00,market_aligned,at_or_above_map,Al's Taping Tools,https://www.alstapingtools.com/tapetech-corner-finisher-ball-adapter-cfa-tt/
CH55TT,TapeTech Cove Applicator Head - 55 mm,TapeTech,99.00,99.00,2,2,99.00,138.19,118.60,118.60,39.59,-19.60,-16.52,below_market_median,at_or_above_map,All-Wall,https://www.all-wall.com/TapeTech-ApplicatorHead-CH55TT
CH75TT,TapeTech Cove Applicator Head - 75 mm,TapeTech,99.00,99.00,2,2,99.00,140.86,119.93,119.93,42.28,-20.93,-17.45,below_market_median,at_or_above_map,All-Wall,https://www.all-wall.com/TapeTech-ApplicatorHead-CH75TT
CH83TT,TapeTech Cove Applicator Head - 83 mm,TapeTech,99.00,99.00,2,2,99.00,144.85,121.92,121.92,46.31,-22.92,-18.80,below_market_median,at_or_above_map,All-Wall,https://www.all-wall.com/TapeTech-ApplicatorHead-CH83TT
CH90TT,TapeTech Cove Applicator Head - 90 mm,TapeTech,99.00,99.00,2,2,99.00,159.46,129.23,129.23,61.07,-30.23,-23.39,below_market_median,at_or_above_map,All-Wall,https://www.all-wall.com/TapeTech-ApplicatorHead-CH90TT
CT24TT,"TapeTech Compound Tube - 24""",TapeTech,189.00,189.00,2,2,189.00,189.00,189.00,189.00,0.00,0.00,0.00,market_aligned,at_or_above_map,Al's Taping Tools,https://www.alstapingtools.com/tapetech-24-drywall-compound-tube-ct24tt/
CT36TT,"TapeTech Compound Tube - 36""",TapeTech,199.00,199.00,2,2,199.00,199.00,199.00,199.00,0.00,0.00,0.00,market_aligned,at_or_above_map,Al's Taping Tools,https://www.alstapingtools.com/tapetech-36-drywall-compound-tube-ct36tt/
CT42TT,"TapeTech Compound Tube - 42""",TapeTech,211.09,209.00,2,2,209.00,209.00,209.00,209.00,0.00,2.09,1.00,market_aligned,at_or_above_map,Al's Taping Tools,https://www.alstapingtools.com/tapetech-42-drywall-compound-tube-ct42tt/
CTA01TT,TapeTech Compound Tube Filler Adapter,TapeTech,19.99,19.99,2,2,19.99,19.99,19.99,19.99,0.00,0.00,0.00,market_aligned,at_or_above_map,Al's Taping Tools,https://www.alstapingtools.com/tapetech-compound-tube-filler-adapter-cta01tt/
EHC07,"TapeTech MaxxBox® High Capacity Finishing Box - 7""",TapeTech,419.00,419.00,2,2,419.00,419.00,419.00,419.00,0.00,0.00,0.00,market_aligned,at_or_above_map,Al's Taping Tools,https://www.alstapingtools.com/tapetech-7-maxxbox-w-easy-roll-wheels/
EHC10,"TapeTech MaxxBox® High Capacity Finishing Box - 10""",TapeTech,419.00,419.00,2,2,419.00,419.00,419.00,419.00,0.00,0.00,0.00,market_aligned,at_or_above_map,Al's Taping Tools,https://www.alstapingtools.com/tapetech-10-maxxbox-w-easy-roll-wheels-ehc10/
EHC12,"TapeTech MaxxBox® High Capacity Finishing Box - 12""",TapeTech,444.00,444.00,2,2,444.00,444.00,444.00,444.00,0.00,0.00,0.00,market_aligned,at_or_above_map,Al's Taping Tools,https://www.alstapingtools.com/tapetech-12-maxxbox-w-easy-roll-wheels-ehc12/
EZ07TT,"TapeTech EasyClean® Finishing Box - 7""",TapeTech,379.00,379.00,2,2,379.00,379.00,379.00,379.00,0.00,0.00,0.00,market_aligned,at_or_above_map,Al's Taping Tools,https://www.alstapingtools.com/tapetech-7-easyclean-drywall-flat-box-ez07tt/
EZ10TT,"TapeTech EasyClean® Finishing Box - 10""",TapeTech,391.69,389.00,2,2,389.00,389.00,389.00,389.00,0.00,2.69,0.69,market_aligned,at_or_above_map,Al's Taping Tools,https://www.alstapingtools.com/tapetech-10-easyclean-drywall-flat-box/
EZ12TT,"TapeTech EasyClean® Finishing Box - 12""",TapeTech,405.72,399.00,2,2,399.00,399.00,399.00,399.00,0.00,6.72,1.68,market_aligned,at_or_above_map,Al's Taping Tools,https://www.alstapingtools.com/tapetech-12-easyclean-drywall-flat-box/
EZ15TT,"TapeTech EasyClean® Finishing Box - 15""",TapeTech,429.00,429.00,3,2,99.69,429.00,319.23,429.00,330.33,0.00,0.00,market_aligned,at_or_above_map,All-Wall,https://www.all-wall.com/TapeTech-WiperGasket-340026
FHTT,TapeTech Support Handle - Fiberglass,TapeTech,59.00,59.00,6,2,59.00,389.00,261.00,342.50,559.32,-283.50,-82.77,below_market_median,at_or_above_map,Al's Taping Tools,https://www.alstapingtools.com/tapetech-interchangeable-fiberglass-handle-fhtt/
FHTT-CC,TapeTech Support Handle - Closet Crusher Fiberglass,TapeTech,50.00,50.00,2,2,50.00,50.00,50.00,50.00,0.00,0.00,0.00,market_aligned,at_or_above_map,Al's Taping Tools,https://www.alstapingtools.com/tapetech-closet-crusher-18-support-handle/
GSR-TT,TapeTech Gooseneck Riser,TapeTech,13.99,,2,2,13.99,105.00,59.50,59.50,650.54,-45.50,-76.49,below_market_median,no_map,All-Wall,https://www.all-wall.com/TapeTech-GooseneckRiser-GSRTT
MR01TT,TapeTech MudRunner® Compound Applicator - Pro,TapeTech,1099.00,1099.00,1,1,1099.00,1099.00,1099.00,1099.00,0.00,0.00,0.00,single_source_only,at_or_above_map,Al's Taping Tools,https://www.alstapingtools.com/tapetech-mudrunner-compound-applicator-tube/
MRX01TT,TapeTech Extension,TapeTech,179.00,179.00,1,1,179.00,179.00,179.00,179.00,0.00,0.00,0.00,single_source_only,at_or_above_map,Wall Tools,https://walltools.com/tapetech-extension-handle/
NS02TT,"TapeTech Nail Spotter - 2""",TapeTech,303.66,278.00,2,2,278.00,278.00,278.00,278.00,0.00,25.66,9.23,above_market_median,at_or_above_map,Al's Taping Tools,https://www.alstapingtools.com/tapetech-2-easyclean-nail-screw-spotter-head/
NS03TT,"TapeTech Nail Spotter - 3""",TapeTech,313.10,289.00,2,2,289.00,289.00,289.00,289.00,0.00,24.10,8.34,above_market_median,at_or_above_map,Al's Taping Tools,https://www.alstapingtools.com/tapetech-3-easyclean-nail-screw-spotter/
NSA-TT,TapeTech Support Handle Adapter - Nail Spotter,TapeTech,40.00,,2,2,40.00,45.00,42.50,42.50,12.50,-2.50,-5.88,below_market_median,no_map,All-Wall,https://www.all-wall.com/TapeTech-NSATT-Nail-Spotter-Adapter
PAHC07,"TapeTech Power Assist® MaxxBox® Finishing Box - 7""",TapeTech,491.26,459.00,2,2,459.00,459.00,459.00,459.00,0.00,32.26,7.03,above_market_median,at_or_above_map,Al's Taping Tools,https://www.alstapingtools.com/tapetech-7-powerassist-maxxbox-w-easyroll-wheels-pahc07/
PAHC10,"TapeTech Power Assist® MaxxBox® Finishing Box - 10""",TapeTech,494.93,469.00,2,2,469.00,469.00,469.00,469.00,0.00,25.93,5.53,above_market_median,at_or_above_map,Al's Taping Tools,https://www.alstapingtools.com/tapetech-10-powerassist-maxxbox-w-easyroll-wheels-pahc10/
PAHC12,"TapeTech Power Assist® MaxxBox® Finishing Box - 12""",TapeTech,520.16,479.00,2,2,479.00,479.00,479.00,479.00,0.00,41.16,8.59,above_market_median,at_or_above_map,Al's Taping Tools,https://www.alstapingtools.com/tapetech-12-powerassist-maxxbox-w-easyroll-wheels-pahc12/
QB06-QSX,"TapeTech QuickBox® QSX Finishing Box - 6.5""",TapeTech,149.00,149.00,1,1,149.00,149.00,149.00,149.00,0.00,0.00,0.00,single_source_only,at_or_above_map,Al's Taping Tools,https://www.alstapingtools.com/tapetech-quickbox-qsx-6-5-finishing-box/
QB08-QSX,"TapeTech QuickBox® QSX Finishing Box - 8.5""",TapeTech,180.19,174.00,1,1,174.00,174.00,174.00,174.00,0.00,6.19,3.56,single_source_only,at_or_above_map,Al's Taping Tools,https://www.alstapingtools.com/tapetech-quickbox-qsx-8-finishing-box/
TTBBS,TapeTech Basic Box Set,TapeTech,1644.00,,1,1,1644.00,1644.00,1644.00,1644.00,0.00,0.00,0.00,single_source_only,no_map,All-Wall,https://www.all-wall.com/TapeTech-Drywall-Box-Set-TTBBS
TTBTS,TapeTech Basic Taping Set,TapeTech,2829.00,,1,1,2829.00,2829.00,2829.00,2829.00,0.00,0.00,0.00,single_source_only,no_map,All-Wall,https://www.all-wall.com/TapeTech-TapingSet-TTBTS
TTCFS,TapeTech Corner Finishing Set,TapeTech,1416.00,,2,2,1392.00,1416.00,1404.00,1404.00,1.72,12.00,0.85,market_aligned,no_map,Al's Taping Tools,https://www.alstapingtools.com/tapetech-corner-finishing-set/
TTCFS-M,TapeTech MudRunner Corner Finishing Set,TapeTech,1928.00,,1,1,1906.00,1906.00,1906.00,1906.00,0.00,22.00,1.15,single_source_only,no_map,Al's Taping Tools,https://www.alstapingtools.com/tapetech-mudrunner-corner-finishing-set/
TTPFB,TapeTech Paper Faced Bead Pro Set,TapeTech,1949.00,,1,1,1949.00,1949.00,1949.00,1949.00,0.00,0.00,0.00,single_source_only,no_map,All-Wall,https://www.all-wall.com/TapeTech-BeadProSet-TTPFB
TTPPS,TapeTech Pro Performance Set,TapeTech,6625.00,,2,1,489.00,6625.00,3557.00,3557.00,1254.81,3068.00,86.25,above_market_median,no_map,All-Wall,https://www.all-wall.com/TapeTech-EIFSSet-ECPROPERF
TTPPS-EF,TapeTech Pro Performance Easy Finish Set,TapeTech,7295.00,,2,2,6930.00,7295.00,7112.50,7112.50,5.27,182.50,2.57,market_aligned,no_map,Al's Taping Tools,https://www.alstapingtools.com/tapetech-ultimate-pro-performance-easy-finish-set-w-free-stilts/
TTPSS,TapeTech Professional Starter Set,TapeTech,4559.00,,4,1,104.99,4559.00,1272.00,212.00,4242.32,4347.00,2050.52,above_market_median,no_map,All-Wall,https://www.all-wall.com/TapeTech-KnifeSet-72028
TTSFS,TapeTech Standard Full Set - Standard,TapeTech,4958.00,,1,1,4958.00,4958.00,4958.00,4958.00,0.00,0.00,0.00,single_source_only,no_map,All-Wall,https://www.all-wall.com/TapeTech-Standard-Full-Set
TTSFS-2,TapeTech Standard Full Set - With 2 Pumps,TapeTech,5357.00,,1,1,5357.00,5357.00,5357.00,5357.00,0.00,0.00,0.00,single_source_only,no_map,All-Wall,https://www.all-wall.com/TapeTech-Standard-Full-Drywall-Tool-Set-w-two-Pumps
XHTT,TapeTech Support Handle - Extension,TapeTech,179.00,179.00,3,2,179.00,509.00,289.00,179.00,184.36,0.00,0.00,market_aligned,at_or_above_map,Al's Taping Tools,https://www.alstapingtools.com/tapetech-extendable-interchangeable-handle-xhtt/
