sku_code,product_title,variant_title,sales_price,cost_price,brand,upc_code,image_url,country_origin_code,weight,weight_unit,product_id,min_reorder_level,quantity_to_reorder,max_reorder_level,width,depth,height,dimensions_unit,tax_rate,estimated_delivery,tags,product_properties,variant_options,tariff_code,hazmat,qty_on_hand,total_qty,total_stock_value
FA280,#10 Belleville Washer,Standard,1.0,0.0,Columbia Tools,"",https://thumbnails.veeqo.com/RF9QSZJvq-PBHjgLyy9pJQg_hTDt-1lmeoPBTwW31h8/rs:fit:1000:1000/aHR0cHM6Ly9kcnl3/YWxsdG9vbGJveC5j/b20vd3AtY29udGVu/dC91cGxvYWRzLzIw/MjYvbWVkaWEvY29s/dW1iaWFfdG9vbHNf/ZmEyODBfMDEud2Vi/cA,US,0.0,oz,716869984,0,0,0,0.0,0.0,0.0,inches,6.875,,"Columbia Tools,Corner Flusher Box,FA280,Flat Finishing Box,Hinged Nailspotter,Repair Parts",{},{},,,100,100,0.0
FA268,#10 Flat Washer,Standard,2.25,0.0,Columbia Tools,"",https://thumbnails.veeqo.com/K3MdZ5MtwuEum4mqVR73lwP7IjN3vbCjySx1q-Y6mC8/rs:fit:1000:1000/aHR0cHM6Ly9kcnl3/YWxsdG9vbGJveC5j/b20vd3AtY29udGVu/dC91cGxvYWRzLzIw/MjYvbWVkaWEvY29s/dW1iaWFfdG9vbHNf/ZmEyNjhfMDEud2Vi/cA,US,0.0,oz,716869992,0,0,0,0.0,0.0,0.0,inches,6.875,,"Columbia Tools,Flat Finishing Box,Repair Parts,180 Grip Box Handle,FA268",{},{},,,100,100,0.0
FA270,"#10 x 3/4"" Fender Washer",Standard,2.5,0.0,Columbia Tools,"",https://thumbnails.veeqo.com/aqtIilKUjoie9TwVrMZk-JxNF0HnvOKtcK4mCufIB6w/rs:fit:1000:1000/aHR0cHM6Ly9kcnl3/YWxsdG9vbGJveC5j/b20vd3AtY29udGVu/dC91cGxvYWRzLzIw/MjYvbWVkaWEvY29s/dW1iaWFfdG9vbHNf/ZmEyNzBfMDEud2Vi/cA,US,0.0,oz,716869999,0,0,0,0.0,0.0,0.0,inches,6.875,,"Columbia Tools,Repair Parts,FA270,Hot Mud Pump",{},{},,,100,100,0.0
FA228,#6 Flat Washer,Standard,1.0,0.0,Columbia Tools,"",https://thumbnails.veeqo.com/rIdiJkPpl0XoXSFWggM3SCzoAub8yXWHqE-95x5s-E4/rs:fit:1000:1000/aHR0cHM6Ly9kcnl3/YWxsdG9vbGJveC5j/b20vd3AtY29udGVu/dC91cGxvYWRzLzIw/MjYvbWVkaWEvY29s/dW1iaWFfdG9vbHNf/ZmEyMjhfMDEud2Vi/cA,US,0.0,oz,716870000,0,0,0,0.0,0.0,0.0,inches,6.875,,"Columbia Tools,Corner Flusher Box,Hinged Nailspotter,Repair Parts,Automatic Taper Head,FA228",{},{},,,100,100,0.0
FA229,#6 Lock Washer,Standard,1.0,0.0,Columbia Tools,"",https://thumbnails.veeqo.com/b5Yad5-qwxC8FV-MCeTfPWt53mDvsNEjFfSxqriC-2s/rs:fit:1000:1000/aHR0cHM6Ly9kcnl3/YWxsdG9vbGJveC5j/b20vd3AtY29udGVu/dC91cGxvYWRzLzIw/MjYvbWVkaWEvY29s/dW1iaWFfdG9vbHNf/ZmEyMjlfMDEud2Vi/cA,US,0.0,oz,716870006,0,0,0,0.0,0.0,0.0,inches,6.875,,"Columbia Tools,Repair Parts,Automatic Taper Head,FA229,Matrix Handle",{},{},,,100,100,0.0
FA230,#6 Star Washer,Standard,1.0,0.0,Columbia Tools,"",https://thumbnails.veeqo.com/s-mfdTbb5BXpWK5NHaSwfqcwj9-CbmgLnmay5cdtC7w/rs:fit:1000:1000/aHR0cHM6Ly9kcnl3/YWxsdG9vbGJveC5j/b20vd3AtY29udGVu/dC91cGxvYWRzLzIw/MjYvbWVkaWEvY29s/dW1iaWFfdG9vbHNf/ZmEyMzBfMDEud2Vi/cA,US,0.0,oz,716870012,0,0,0,0.0,0.0,0.0,inches,6.875,,"Columbia Tools,Repair Parts,Automatic Taper Head,FA230",{},{},,,100,100,0.0
FA253,#8 Flat Washer,Standard,1.85,0.0,Columbia Tools,"",https://thumbnails.veeqo.com/Przt0vIu1CCDSL3j77IVlKe-_Uk_PNJJJa5zPG67mjQ/rs:fit:1000:1000/aHR0cHM6Ly9kcnl3/YWxsdG9vbGJveC5j/b20vd3AtY29udGVu/dC91cGxvYWRzLzIw/MjYvbWVkaWEvY29s/dW1iaWFfdG9vbHNf/ZmEyNTNfMDEud2Vi/cA,US,0.0,oz,716870016,0,0,0,0.0,0.0,0.0,inches,6.875,,"Columbia Tools,Corner Flusher Box,Repair Parts,Automatic Taper Head,FA253",{},{},,,100,100,0.0
FA252,#8 Star Washer,Standard,2.05,0.0,Columbia Tools,"",https://thumbnails.veeqo.com/rbng452hbnIMV49ewUrFYjos9eX9aUzWKJb-i6g7JuA/rs:fit:1000:1000/aHR0cHM6Ly9kcnl3/YWxsdG9vbGJveC5j/b20vd3AtY29udGVu/dC91cGxvYWRzLzIw/MjYvbWVkaWEvY29s/dW1iaWFfdG9vbHNf/ZmEyNTJfMDEud2Vi/cA,US,0.0,oz,716870022,0,0,0,0.0,0.0,0.0,inches,6.875,,"Columbia Tools,Hinged Nailspotter,Repair Parts,FA252,Hydra-Reach Box Handle",{},{},,,100,100,0.0
FA202,"1/16 X 1/2"" Cotter Pin",Standard,1.0,0.0,Columbia Tools,"",https://thumbnails.veeqo.com/Tdx7v9Vcu3KMLMr5z1kOenznblrK8EWo_PlWX6v7DiE/rs:fit:1000:1000/aHR0cHM6Ly9kcnl3/YWxsdG9vbGJveC5j/b20vd3AtY29udGVu/dC91cGxvYWRzLzIw/MjYvbWVkaWEvY29s/dW1iaWFfdG9vbHNf/ZmEyMDJfMDEud2Vi/cA,US,0.0,oz,716870034,0,0,0,0.0,0.0,0.0,inches,6.875,,"Columbia Tools,Repair Parts,180 Grip Box Handle,FA202",{},{},,,100,100,0.0
FA200,"1/16 x 1/4"" Split Pin",Standard,1.0,0.0,Columbia Tools,"",https://thumbnails.veeqo.com/5bQc-2oSkC4R7LB3I7t0V878idldFBhdNzMoJwoJU84/rs:fit:1000:1000/aHR0cHM6Ly9kcnl3/YWxsdG9vbGJveC5j/b20vd3AtY29udGVu/dC91cGxvYWRzLzIw/MjYvbWVkaWEvY29s/dW1iaWFfdG9vbHNf/ZmEyMDBfMDEud2Vi/cA,US,0.0,oz,716870042,0,0,0,0.0,0.0,0.0,inches,6.875,,"Columbia Tools,Repair Parts,Automatic Taper Head,FA200",{},{},,,100,100,0.0
FA203,"1/16 x 3/4"" Cotter Pin",Standard,1.0,0.0,Columbia Tools,"",https://thumbnails.veeqo.com/piSz1bPcyA2LoNEh1lcDBeWfEEd_CqQoFcJDKrHuVr4/rs:fit:1000:1000/aHR0cHM6Ly9kcnl3/YWxsdG9vbGJveC5j/b20vd3AtY29udGVu/dC91cGxvYWRzLzIw/MjYvbWVkaWEvY29s/dW1iaWFfdG9vbHNf/ZmEyMDNfMDEud2Vi/cA,US,0.0,oz,716870051,0,0,0,0.0,0.0,0.0,inches,6.875,,"Columbia Tools,Repair Parts,Automatic Taper Head,FA203",{},{},,,100,100,0.0
FA3,"1/2"" x 7/8"" Flat Washer",Standard,2.5,0.0,Columbia Tools,"",https://thumbnails.veeqo.com/Erwl5L0ilbnBcR6dSnAGK-jYldrSS5bvtA8usitMvKk/rs:fit:1000:1000/aHR0cHM6Ly9kcnl3/YWxsdG9vbGJveC5j/b20vd3AtY29udGVu/dC91cGxvYWRzLzIw/MjYvbWVkaWEvY29s/dW1iaWFfdG9vbHNf/ZmEzXzAxLndlYnA,US,0.0,oz,716870057,0,0,0,0.0,0.0,0.0,inches,6.875,,"Columbia Tools,Repair Parts,Hot Mud Pump,FA308",{},{},,,100,100,0.0
CT109,1/4 - 20 Hex Nut,Standard,6.0,0.0,Columbia Tools,"",https://thumbnails.veeqo.com/AMK85ArmajCKYVVPDp3RP_p-TMrd8UdDRZRATY2sH-A/rs:fit:1000:1000/aHR0cHM6Ly9kcnl3/YWxsdG9vbGJveC5j/b20vd3AtY29udGVu/dC91cGxvYWRzLzIw/MjYvbWVkaWEvY29s/dW1iaWFfdG9vbHNf/Y3QxMDlfMDEud2Vi/cA,US,0.0,oz,716870067,0,0,0,0.0,0.0,0.0,inches,6.875,,"Columbia Tools,Repair Parts,Automatic Taper Body,CT109",{},{},,,100,100,0.0
FA296,"1/4 -20 x 1/2"" Hex Bolt",Standard,3.35,0.0,Columbia Tools,"",https://thumbnails.veeqo.com/QHjcxkKUi5ckxWC3k7txkiUvxiFp7FBXVyXnW__2fyA/rs:fit:1000:1000/aHR0cHM6Ly9kcnl3/YWxsdG9vbGJveC5j/b20vd3AtY29udGVu/dC91cGxvYWRzLzIw/MjYvbWVkaWEvY29s/dW1iaWFfdG9vbHNf/ZmEyOTZfMDEud2Vi/cA,US,0.0,oz,716870079,0,0,0,0.0,0.0,0.0,inches,6.875,,"Columbia Tools,Corner Flusher Box,Repair Parts,FA296",{},{},,,100,100,0.0
FA295,"1/4 x 1/2"" Flathead Socket",Standard,3.45,0.0,Columbia Tools,"",https://thumbnails.veeqo.com/VbafXM7Zwp5FPQV0ca1ZQWjeTKzKsZqsoM1DH4qPpRU/rs:fit:1000:1000/aHR0cHM6Ly9kcnl3/YWxsdG9vbGJveC5j/b20vd3AtY29udGVu/dC91cGxvYWRzLzIw/MjYvbWVkaWEvY29s/dW1iaWFfdG9vbHNf/ZmEyOTVfMDEud2Vi/cA,US,0.0,oz,716870084,0,0,0,0.0,0.0,0.0,inches,6.875,,"Columbia Tools,Repair Parts,Automatic Taper Body,FA295",{},{},,,100,100,0.0
FA379,"1/4"" SS E-Clip",Standard,3.25,0.0,Columbia Tools,"",https://thumbnails.veeqo.com/AZlowFk0wFiPzgAW_ZXXMFFBiAoqlVbGSE5T4BlO2bg/rs:fit:1000:1000/aHR0cHM6Ly9kcnl3/YWxsdG9vbGJveC5j/b20vd3AtY29udGVu/dC91cGxvYWRzLzIw/MjYvbWVkaWEvY29s/dW1iaWFfdG9vbHNf/ZmEzNzlfMDEud2Vi/cA,US,0.0,oz,716870087,0,0,0,0.0,0.0,0.0,inches,6.875,,"Columbia Tools,Repair Parts,Matrix Handle,FA379",{},{},,,100,100,0.0
FA286,"1/4"" x 1/2"" Flat Washer",Standard,1.0,0.0,Columbia Tools,"",https://thumbnails.veeqo.com/z8h6yyGON5sQ4rug2npRSm3NJPFeQJ4Mt1TSfP7WJvU/rs:fit:1000:1000/aHR0cHM6Ly9kcnl3/YWxsdG9vbGJveC5j/b20vd3AtY29udGVu/dC91cGxvYWRzLzIw/MjYvbWVkaWEvY29s/dW1iaWFfdG9vbHNf/ZmEyODZfMDEud2Vi/cA,US,0.0,oz,716870093,0,0,0,0.0,0.0,0.0,inches,6.875,,"Columbia Tools,Repair Parts,Hot Mud Pump,FA286",{},{},,,100,100,0.0
FA288,"1/4"" X 3/4"" Split Pin",Standard,2.25,0.0,Columbia Tools,"",https://thumbnails.veeqo.com/LvdkDyk1TWjFVz_DTPjnDkmvldUUUQUgBG90PPpbTq0/rs:fit:1000:1000/aHR0cHM6Ly9kcnl3/YWxsdG9vbGJveC5j/b20vd3AtY29udGVu/dC91cGxvYWRzLzIw/MjYvbWVkaWEvY29s/dW1iaWFfdG9vbHNf/ZmEyODhfMDEud2Vi/cA,US,0.0,oz,716870098,0,0,0,0.0,0.0,0.0,inches,6.875,,"Columbia Tools,Repair Parts,Corner Roller,FA288",{},{},,,100,100,0.0
FA291,1/4-20 Hex Nut,Standard,2.0,0.0,Columbia Tools,"",https://thumbnails.veeqo.com/j2HRJKdDLwtjgdZifJlemFs8zHf0KPfNY13YQ6ryO0A/rs:fit:1000:1000/aHR0cHM6Ly9kcnl3/YWxsdG9vbGJveC5j/b20vd3AtY29udGVu/dC91cGxvYWRzLzIw/MjYvbWVkaWEvY29s/dW1iaWFfdG9vbHNf/ZmEyOTFfMDEud2Vi/cA,US,0.0,oz,716870104,0,0,0,0.0,0.0,0.0,inches,6.875,,"Columbia Tools,Repair Parts,Automatic Taper Body,FA291",{},{},,,100,100,0.0
FA299,"1/4-20 x 1 1/2"" Pan Phillips",Standard,4.0,0.0,Columbia Tools,"",https://thumbnails.veeqo.com/vpM6znQ8EqfyDhGw2XRTtSoY01uZW2zNKRB1OB91mSU/rs:fit:1000:1000/aHR0cHM6Ly9kcnl3/YWxsdG9vbGJveC5j/b20vd3AtY29udGVu/dC91cGxvYWRzLzIw/MjYvbWVkaWEvY29s/dW1iaWFfdG9vbHNf/ZmEyOTlfMDEud2Vi/cA,US,0.0,oz,716870108,0,0,0,0.0,0.0,0.0,inches,6.875,,"Columbia Tools,Repair Parts,Corner Roller,FA299",{},{},,,100,100,0.0
FA313,1/4-20 X 1/4 Socket Head Set Screw,Standard,2.0,0.0,Columbia Tools,"",https://thumbnails.veeqo.com/bRHyr6sLN_u8nWJAunuCLkRcvfw51UKGbMRh4UwXYgs/rs:fit:1000:1000/aHR0cHM6Ly9kcnl3/YWxsdG9vbGJveC5j/b20vd3AtY29udGVu/dC91cGxvYWRzLzIw/MjYvbWVkaWEvY29s/dW1iaWFfdG9vbHNf/ZmEzMTNfMDEud2Vi/cA,US,0.0,oz,716870114,0,0,0,0.0,0.0,0.0,inches,6.875,,"Columbia Tools,Repair Parts,Hot Mud Pump,FA313",{},{},,,100,100,0.0
FA301,"1/4-20 x 2 1/4"" Hex Bolt",Standard,3.0,0.0,Columbia Tools,"",https://thumbnails.veeqo.com/Z_xvmnvorpcBDFthlHSqIUSdW5n9MpRbR5jh1dtat9M/rs:fit:1000:1000/aHR0cHM6Ly9kcnl3/YWxsdG9vbGJveC5j/b20vd3AtY29udGVu/dC91cGxvYWRzLzIw/MjYvbWVkaWEvY29s/dW1iaWFfdG9vbHNf/ZmEzMDFfMDEud2Vi/cA,US,0.0,oz,716870122,0,0,0,0.0,0.0,0.0,inches,6.875,,"Columbia Tools,Repair Parts,Hot Mud Pump,FA301",{},{},,,100,100,0.0
FA300,"1/4-20 x 2"" Hex Bolt",Standard,4.25,0.0,Columbia Tools,"",https://thumbnails.veeqo.com/pgmHIO-V1HFugiGLf2uxiH2uRudWlMHPjycwbLMpBwU/rs:fit:1000:1000/aHR0cHM6Ly9kcnl3/YWxsdG9vbGJveC5j/b20vd3AtY29udGVu/dC91cGxvYWRzLzIw/MjYvbWVkaWEvY29s/dW1iaWFfdG9vbHNf/ZmEzMDBfMDEud2Vi/cA,US,0.0,oz,716870130,0,0,0,0.0,0.0,0.0,inches,6.875,,"Columbia Tools,Repair Parts,Hot Mud Pump,FA300",{},{},,,100,100,0.0
FA294,"1/4-20 x 38"" Socket",Standard,3.25,0.0,Columbia Tools,"",https://thumbnails.veeqo.com/Wd-Xy1K3xlLj8OB_mlOt5UEQ5eg4LWSyrZb6R9gVBIY/rs:fit:1000:1000/aHR0cHM6Ly9kcnl3/YWxsdG9vbGJveC5j/b20vd3AtY29udGVu/dC91cGxvYWRzLzIw/MjYvbWVkaWEvY29s/dW1iaWFfdG9vbHNf/ZmEyOTRfMDEud2Vi/cA,US,0.0,oz,716870137,0,0,0,0.0,0.0,0.0,inches,6.875,,"Columbia Tools,Repair Parts,Hot Mud Pump,FA294",{},{},,,100,100,0.0
FA297,"1/4-20 x 5/8"" Socket",Standard,2.0,0.0,Columbia Tools,"",https://thumbnails.veeqo.com/dyQ5qgmb-LDdaFSUUX7NJcfOV0oflW_HlH_Hwpbtj24/rs:fit:1000:1000/aHR0cHM6Ly9kcnl3/YWxsdG9vbGJveC5j/b20vd3AtY29udGVu/dC91cGxvYWRzLzIw/MjYvbWVkaWEvY29s/dW1iaWFfdG9vbHNf/ZmEyOTdfMDEud2Vi/cA,US,0.0,oz,716870141,0,0,0,0.0,0.0,0.0,inches,6.875,,"Columbia Tools,Repair Parts,Hot Mud Pump,FA297",{},{},,,100,100,0.0
FA298,"1/4-20 x 7/8"" Flat Socket",Standard,2.85,0.0,Columbia Tools,"",https://thumbnails.veeqo.com/ox_7YE3f6rGVZruw1rkIewkc4xDuPMVZ_TTIswoSM0c/rs:fit:1000:1000/aHR0cHM6Ly9kcnl3/YWxsdG9vbGJveC5j/b20vd3AtY29udGVu/dC91cGxvYWRzLzIw/MjYvbWVkaWEvY29s/dW1iaWFfdG9vbHNf/ZmEyOThfMDEud2Vi/cA,US,0.0,oz,716870145,0,0,0,0.0,0.0,0.0,inches,6.875,,"Columbia Tools,Repair Parts,Automatic Taper Body,FA298",{},{},,,100,100,0.0
FA302,"1/4-28 x 1/4"" Set Screw",Standard,3.85,0.0,Columbia Tools,"",https://thumbnails.veeqo.com/lXOLS8pdKVLuTfH2zVGoFugBOm42pjqwPm8Sd6X59_w/rs:fit:1000:1000/aHR0cHM6Ly9kcnl3/YWxsdG9vbGJveC5j/b20vd3AtY29udGVu/dC91cGxvYWRzLzIw/MjYvbWVkaWEvY29s/dW1iaWFfdG9vbHNf/ZmEzMDJfMDEud2Vi/cA,US,0.0,oz,716870152,0,0,0,0.0,0.0,0.0,inches,6.875,,"Columbia Tools,Repair Parts,180 Grip Box Handle,FA302",{},{},,,100,100,0.0
FA320,"1/4-28-3/8"" Socket Set Screw",Standard,2.0,0.0,Columbia Tools,"",https://thumbnails.veeqo.com/A--PUQs_IKTP6mW1vbNBP8xY2O1QLC2vjC9MKuwSZ10/rs:fit:1000:1000/aHR0cHM6Ly9kcnl3/YWxsdG9vbGJveC5j/b20vd3AtY29udGVu/dC91cGxvYWRzLzIw/MjYvbWVkaWEvY29s/dW1iaWFfdG9vbHNf/ZmEzMjBfMDEud2Vi/cA,US,0.0,oz,716870157,0,0,0,0.0,0.0,0.0,inches,6.875,,"Columbia Tools,Repair Parts,Hydra-Reach Box Handle,FA320",{},{},,,100,100,0.0
FA380,"1/8"" SS E-Clip",Standard,2.95,0.0,Columbia Tools,"",https://thumbnails.veeqo.com/XBXU9xXd4xDQfGXOlIr-f9b7SR26a2kkS9so8xnh1MM/rs:fit:1000:1000/aHR0cHM6Ly9kcnl3/YWxsdG9vbGJveC5j/b20vd3AtY29udGVu/dC91cGxvYWRzLzIw/MjYvbWVkaWEvY29s/dW1iaWFfdG9vbHNf/ZmEzODBfMDEud2Vi/cA,US,0.0,oz,716870161,0,0,0,0.0,0.0,0.0,inches,6.875,,"Columbia Tools,Repair Parts,Matrix Handle,FA380",{},{},,,100,100,0.0
FA225,"1/8"" x 3/8"" Rivet Shoulder Washer",Standard,2.05,0.0,Columbia Tools,"",https://thumbnails.veeqo.com/TgIXKReccpNeYmiaBFvZFE3ycJrSCS1Pzbik8fQ4TH0/rs:fit:1000:1000/aHR0cHM6Ly9kcnl3/YWxsdG9vbGJveC5j/b20vd3AtY29udGVu/dC91cGxvYWRzLzIw/MjYvbWVkaWEvY29s/dW1iaWFfdG9vbHNf/ZmEyMjVfMDEud2Vi/cA,US,0.0,oz,716870163,0,0,0,0.0,0.0,0.0,inches,6.875,,"Columbia Tools,Repair Parts,Automatic Taper Body,FA225",{},{},,,100,100,0.0
FA224,"1/8"" x 3/8"" Split Pin",Standard,1.95,0.0,Columbia Tools,"",https://thumbnails.veeqo.com/IgSQS7OeA4rHex_yTETKCflasiwmx030wJ8rK1JW4pU/rs:fit:1000:1000/aHR0cHM6Ly9kcnl3/YWxsdG9vbGJveC5j/b20vd3AtY29udGVu/dC91cGxvYWRzLzIw/MjYvbWVkaWEvY29s/dW1iaWFfdG9vbHNf/ZmEyMjRfMDEud2Vi/cA,US,0.0,oz,716870168,0,0,0,0.0,0.0,0.0,inches,6.875,,"Columbia Tools,Repair Parts,Automatic Taper Head,FA224",{},{},,,100,100,0.0
FA271,10-24 Nyloc Nut,Standard,2.0,0.0,Columbia Tools,"",https://thumbnails.veeqo.com/NIB_m6RlKs97Rs7geuAdR9t0OSbOOeWE27DIc73mG4A/rs:fit:1000:1000/aHR0cHM6Ly9kcnl3/YWxsdG9vbGJveC5j/b20vd3AtY29udGVu/dC91cGxvYWRzLzIw/MjYvbWVkaWEvY29s/dW1iaWFfdG9vbHNf/ZmEyNzFfMDEud2Vi/cA,US,0.0,oz,716870193,0,0,0,0.0,0.0,0.0,inches,6.875,,"Columbia Tools,Flat Finishing Box,Hinged Nailspotter,Repair Parts,Hot Mud Pump,FA271",{},{},,,100,100,0.0
FA272,10-24 Wing Nut,Standard,2.0,0.0,Columbia Tools,"",https://thumbnails.veeqo.com/hv-Du9hOHWsX6LhtY2442eoaVH4j1JU6UlJTKOiRh4w/rs:fit:1000:1000/aHR0cHM6Ly9kcnl3/YWxsdG9vbGJveC5j/b20vd3AtY29udGVu/dC91cGxvYWRzLzIw/MjYvbWVkaWEvY29s/dW1iaWFfdG9vbHNf/ZmEyNzJfMDEud2Vi/cA,US,0.0,oz,716870198,0,0,0,0.0,0.0,0.0,inches,6.875,,"Columbia Tools,Flat Finishing Box,Repair Parts,FA272",{},{},,,100,100,0.0
FA273,"10-24 x 1"" Hex Bolt",Standard,3.25,0.0,Columbia Tools,"",https://thumbnails.veeqo.com/lMVo7CWim5F75BovZe6ZdyvVTT3t_GtGq2asig-490Q/rs:fit:1000:1000/aHR0cHM6Ly9kcnl3/YWxsdG9vbGJveC5j/b20vd3AtY29udGVu/dC91cGxvYWRzLzIw/MjYvbWVkaWEvY29s/dW1iaWFfdG9vbHNf/ZmEyNzNfMDEud2Vi/cA,US,0.0,oz,716870204,0,0,0,0.0,0.0,0.0,inches,6.875,,"Columbia Tools,Repair Parts,Hot Mud Pump,FA273",{},{},,,100,100,0.0
FA312,"10-24 X 1/4"" Socket Hand Set",Standard,2.85,0.0,Columbia Tools,"",https://thumbnails.veeqo.com/fPn-RO6kxKSdVCPRiObhMdj5sU99yJFmX4o5iQ69M7w/rs:fit:1000:1000/aHR0cHM6Ly9kcnl3/YWxsdG9vbGJveC5j/b20vd3AtY29udGVu/dC91cGxvYWRzLzIw/MjYvbWVkaWEvY29s/dW1iaWFfdG9vbHNf/ZmEzMTJfMDEud2Vi/cA,US,0.0,oz,716870219,0,0,0,0.0,0.0,0.0,inches,6.875,,"Columbia Tools,Repair Parts,180 Grip Box Handle,Hydra-Reach Box Handle,FA312",{},{},,,100,100,0.0
FA274,"10-24 x 3/8"" Socket",Standard,2.65,0.0,Columbia Tools,"",https://thumbnails.veeqo.com/C_35UAWa1YHsNO_V__l2xC22g_ouvmjGLlugcB_359M/rs:fit:1000:1000/aHR0cHM6Ly9kcnl3/YWxsdG9vbGJveC5j/b20vd3AtY29udGVu/dC91cGxvYWRzLzIw/MjYvbWVkaWEvY29s/dW1iaWFfdG9vbHNf/ZmEyNzRfMDEud2Vi/cA,US,0.0,oz,716870228,0,0,0,0.0,0.0,0.0,inches,6.875,,"Columbia Tools,Repair Parts,Hot Mud Pump,FA274",{},{},,,100,100,0.0
FA275,"10-24 x 7/8"" Hex Bolt",Standard,3.15,0.0,Columbia Tools,"",https://thumbnails.veeqo.com/Jep05CLC-_ucyDdXzV323xWup2gPYfmwbFwoPgnkrs0/rs:fit:1000:1000/aHR0cHM6Ly9kcnl3/YWxsdG9vbGJveC5j/b20vd3AtY29udGVu/dC91cGxvYWRzLzIw/MjYvbWVkaWEvY29s/dW1iaWFfdG9vbHNf/ZmEyNzVfMDEud2Vi/cA,US,0.0,oz,716870231,0,0,0,0.0,0.0,0.0,inches,6.875,,"Columbia Tools,Flat Finishing Box,Repair Parts,FA275",{},{},,,100,100,0.0
FA276,"10-24 x 7/8"" Pan Slot",Standard,3.35,0.0,Columbia Tools,"",https://thumbnails.veeqo.com/A-iCQcn-DLG3zuQ8PSykpV-A7GNvwYSp5ZkJGADl4so/rs:fit:1000:1000/aHR0cHM6Ly9kcnl3/YWxsdG9vbGJveC5j/b20vd3AtY29udGVu/dC91cGxvYWRzLzIw/MjYvbWVkaWEvY29s/dW1iaWFfdG9vbHNf/ZmEyNzZfMDEud2Vi/cA,US,0.0,oz,716870235,0,0,0,0.0,0.0,0.0,inches,6.875,,"Columbia Tools,Repair Parts,180 Grip Box Handle,FA276",{},{},,,100,100,0.0
FA316,"10-32 X 1/2"" Flat Socket Head",Standard,2.0,0.0,Columbia Tools,"",https://thumbnails.veeqo.com/-LucrPiQzao_o3Ml70c7NQV4cJhNhbHRgNR2vF-gKJs/rs:fit:1000:1000/aHR0cHM6Ly9kcnl3/YWxsdG9vbGJveC5j/b20vd3AtY29udGVu/dC91cGxvYWRzLzIw/MjYvbWVkaWEvY29s/dW1iaWFfdG9vbHNf/ZmEzMTZfMDEud2Vi/cA,US,0.0,oz,716870238,0,0,0,0.0,0.0,0.0,inches,6.875,,"Columbia Tools,Repair Parts,Hydra-Reach Box Handle,FA316",{},{},,,100,100,0.0
FA382,"10-32 x 1/4"" SS Set Screw",Standard,1.0,0.0,Columbia Tools,"",https://thumbnails.veeqo.com/XPJpHXXSWt8wu1k_SFg3-RN2mvgk6RMLKpwtesWCEV0/rs:fit:1000:1000/aHR0cHM6Ly9kcnl3/YWxsdG9vbGJveC5j/b20vd3AtY29udGVu/dC91cGxvYWRzLzIw/MjYvbWVkaWEvY29s/dW1iaWFfdG9vbHNf/ZmEzODJfMDEud2Vi/cA,US,0.0,oz,716870241,0,0,0,0.0,0.0,0.0,inches,6.875,,"Columbia Tools,Repair Parts,Matrix Handle,FA382",{},{},,,100,100,0.0
FA199,"2-56 x 3/16"" Binder Slot",Standard,1.0,0.0,Columbia Tools,"",https://thumbnails.veeqo.com/Bbm_LvF4f8oW8xEprnm95ns0VjOIpLITSpqVKHzMt2Y/rs:fit:1000:1000/aHR0cHM6Ly9kcnl3/YWxsdG9vbGJveC5j/b20vd3AtY29udGVu/dC91cGxvYWRzLzIw/MjYvbWVkaWEvY29s/dW1iaWFfdG9vbHNf/ZmExOTlfMDEud2Vi/cA,US,0.0,oz,716870256,0,0,0,0.0,0.0,0.0,inches,6.875,,"Columbia Tools,Repair Parts,Automatic Taper Head,FA199",{},{},,,100,100,0.0
FA365,"3/16 x 1"" Sping Pin SS",Standard,3.0,0.0,Columbia Tools,"",https://thumbnails.veeqo.com/OEidoJ4x_UhZ_nNPY-GHWXUu1XoUEPbwsbOI5kV_NO8/rs:fit:1000:1000/aHR0cHM6Ly9kcnl3/YWxsdG9vbGJveC5j/b20vd3AtY29udGVu/dC91cGxvYWRzLzIw/MjYvbWVkaWEvY29s/dW1iaWFfdG9vbHNf/ZmEzNjVfMDEud2Vi/cA,US,0.0,oz,716870260,0,0,0,0.0,0.0,0.0,inches,6.875,,"Columbia Tools,Repair Parts,Matrix Handle,FA365",{},{},,,100,100,0.0
FA206,4-40 Hex Nut,Standard,2.0,0.0,Columbia Tools,"",https://thumbnails.veeqo.com/K8paJSfoEYfnkhawDGGWPSKPSuBNVOzyz5i5Awa5z1I/rs:fit:1000:1000/aHR0cHM6Ly9kcnl3/YWxsdG9vbGJveC5j/b20vd3AtY29udGVu/dC91cGxvYWRzLzIw/MjYvbWVkaWEvY29s/dW1iaWFfdG9vbHNf/ZmEyMDZfMDEud2Vi/cA,US,0.0,oz,716870263,0,0,0,0.0,0.0,0.0,inches,6.875,,"Columbia Tools,Repair Parts,Automatic Taper Head,FA206",{},{},,,100,100,0.0
FA207,4-40 Nyloc Nut,Standard,2.5,0.0,Columbia Tools,"",https://thumbnails.veeqo.com/XxDttP7vjxltkC7tSav7vpogfnd2_SaJ3R7pb-AYbJk/rs:fit:1000:1000/aHR0cHM6Ly9kcnl3/YWxsdG9vbGJveC5j/b20vd3AtY29udGVu/dC91cGxvYWRzLzIw/MjYvbWVkaWEvY29s/dW1iaWFfdG9vbHNf/ZmEyMDdfMDEud2Vi/cA,US,0.0,oz,716870265,0,0,0,0.0,0.0,0.0,inches,6.875,,"Columbia Tools,Repair Parts,Automatic Taper Head,Automatic Taper Body,FA207",{},{},,,100,100,0.0
FA219,"4-40 x 1/2"" Fillister Slot",Standard,1.0,0.0,Columbia Tools,"",https://thumbnails.veeqo.com/Impcq6Puf5qdKLPBPcub8cYvj-hNKUv1K5GxkILPMdw/rs:fit:1000:1000/aHR0cHM6Ly9kcnl3/YWxsdG9vbGJveC5j/b20vd3AtY29udGVu/dC91cGxvYWRzLzIw/MjYvbWVkaWEvY29s/dW1iaWFfdG9vbHNf/ZmEyMTlfMDEud2Vi/cA,US,0.0,oz,716870269,0,0,0,0.0,0.0,0.0,inches,6.875,,"Columbia Tools,Corner Flusher Box,Repair Parts,Automatic Taper Head,Automatic Taper Body,FA219",{},{},,,100,100,0.0
FA213,"4-40 x 1/4"" Binder Slot",Standard,1.0,0.0,Columbia Tools,"",https://thumbnails.veeqo.com/IIS79WXxLqRhbGmkRZJJDGQj9e9G24gnG-YRu0BPB8M/rs:fit:1000:1000/aHR0cHM6Ly9kcnl3/YWxsdG9vbGJveC5j/b20vd3AtY29udGVu/dC91cGxvYWRzLzIw/MjYvbWVkaWEvY29s/dW1iaWFfdG9vbHNf/ZmEyMTNfMDEud2Vi/cA,US,0.0,oz,716870271,0,0,0,0.0,0.0,0.0,inches,6.875,,"Columbia Tools,Corner Flusher Box,Repair Parts,Automatic Taper Head,FA213",{},{},,,100,100,0.0
FA214,"4-40 x 1/4"" Flat Slot",Standard,1.0,0.0,Columbia Tools,"",https://thumbnails.veeqo.com/ZWCFZrQMUNXXuftK-HyRpJMnv9qS4IZVr84cyk89Yc0/rs:fit:1000:1000/aHR0cHM6Ly9kcnl3/YWxsdG9vbGJveC5j/b20vd3AtY29udGVu/dC91cGxvYWRzLzIw/MjYvbWVkaWEvY29s/dW1iaWFfdG9vbHNf/ZmEyMTRfMDEud2Vi/cA,US,0.0,oz,716870277,0,0,0,0.0,0.0,0.0,inches,6.875,,"Columbia Tools,Repair Parts,Automatic Taper Head,FA214",{},{},,,100,100,0.0
FA2,"4-40 x 1/8"" Binder Slot",Standard,1.65,0.0,Columbia Tools,"",https://thumbnails.veeqo.com/3T0YZcj-NWaAdEXp-nAflpecEF2w_DlWNBkevhzq8pE/rs:fit:1000:1000/aHR0cHM6Ly9kcnl3/YWxsdG9vbGJveC5j/b20vd3AtY29udGVu/dC91cGxvYWRzLzIw/MjYvbWVkaWEvY29s/dW1iaWFfdG9vbHNf/ZmEyXzAxLndlYnA,US,0.0,oz,716870280,0,0,0,0.0,0.0,0.0,inches,6.875,,"Columbia Tools,Repair Parts,Automatic Taper Head,Automatic Taper Body,FA208",{},{},,,100,100,0.0
FA210,"4-40 x 3/16"" Binder Slot",Standard,1.0,0.0,Columbia Tools,"",https://thumbnails.veeqo.com/IqEd-DIhy9_Q6KXox4WsMF0MOGpYSX5FVBwwoQVtM-8/rs:fit:1000:1000/aHR0cHM6Ly9kcnl3/YWxsdG9vbGJveC5j/b20vd3AtY29udGVu/dC91cGxvYWRzLzIw/MjYvbWVkaWEvY29s/dW1iaWFfdG9vbHNf/ZmEyMTBfMDEud2Vi/cA,US,0.0,oz,716870284,0,0,0,0.0,0.0,0.0,inches,6.875,,"Columbia Tools,Repair Parts,Automatic Taper Head,FA210",{},{},,,100,100,0.0
FA212,"4-40 x 3/16"" Truss Slot",Standard,1.0,0.0,Columbia Tools,"",https://thumbnails.veeqo.com/8vc2UU-pKy3GqhghDmDtRZEGPlh8FVdI4XoODL94UtA/rs:fit:1000:1000/aHR0cHM6Ly9kcnl3/YWxsdG9vbGJveC5j/b20vd3AtY29udGVu/dC91cGxvYWRzLzIw/MjYvbWVkaWEvY29s/dW1iaWFfdG9vbHNf/ZmEyMTJfMDEud2Vi/cA,US,0.0,oz,716870289,0,0,0,0.0,0.0,0.0,inches,6.875,,"Columbia Tools,Repair Parts,Automatic Taper Head,FA212",{},{},,,100,100,0.0
FA220,"4-40 x 3/4"" Hex Bolt",Standard,2.35,0.0,Columbia Tools,"",https://thumbnails.veeqo.com/7TlyPJ7nPAd_hXk0LuoTtCqEd0zAuS24EUn4HCKQQRQ/rs:fit:1000:1000/aHR0cHM6Ly9kcnl3/YWxsdG9vbGJveC5j/b20vd3AtY29udGVu/dC91cGxvYWRzLzIw/MjYvbWVkaWEvY29s/dW1iaWFfdG9vbHNf/ZmEyMjBfMDEud2Vi/cA,US,0.0,oz,716870293,0,0,0,0.0,0.0,0.0,inches,6.875,,"Columbia Tools,Repair Parts,Automatic Taper Head,Automatic Taper Body,FA220",{},{},,,100,100,0.0
FA218,"4-40 x 3/8"" Flat Slot",Standard,1.0,0.0,Columbia Tools,"",https://thumbnails.veeqo.com/uA5pJ6Y6TifnnQ-Cx3-gIDxE1lNTBgl2cTHHOVlQjPM/rs:fit:1000:1000/aHR0cHM6Ly9kcnl3/YWxsdG9vbGJveC5j/b20vd3AtY29udGVu/dC91cGxvYWRzLzIw/MjYvbWVkaWEvY29s/dW1iaWFfdG9vbHNf/ZmEyMThfMDEud2Vi/cA,US,0.0,oz,716870296,0,0,0,0.0,0.0,0.0,inches,6.875,,"Columbia Tools,Hinged Nailspotter,Repair Parts,FA218",{},{},,,100,100,0.0
FA216,4-40 X 3/8” Fillister Slot,Standard,2.0,0.0,Columbia Tools,"",https://thumbnails.veeqo.com/P-svvjfHCiYtGLdl4TKn5V-DB7xm4YYb2Gj66PrbmWs/rs:fit:1000:1000/aHR0cHM6Ly9kcnl3/YWxsdG9vbGJveC5j/b20vd3AtY29udGVu/dC91cGxvYWRzLzIw/MjYvbWVkaWEvY29s/dW1iaWFfdG9vbHNf/ZmEyMTZfMDEud2Vi/cA,US,0.0,oz,716870300,0,0,0,0.0,0.0,0.0,inches,6.875,,"Columbia Tools,Flat Finishing Box,Repair Parts,FA216",{},{},,,100,100,0.0
FA215,"4-40 x 5/16"" Binder Slot",Standard,1.95,0.0,Columbia Tools,"",https://thumbnails.veeqo.com/OFcCBeW5VoONcXjF9FEGz16_OkE9TWEwrDadP3LaeZE/rs:fit:1000:1000/aHR0cHM6Ly9kcnl3/YWxsdG9vbGJveC5j/b20vd3AtY29udGVu/dC91cGxvYWRzLzIw/MjYvbWVkaWEvY29s/dW1iaWFfdG9vbHNf/ZmEyMTVfMDEud2Vi/cA,US,0.0,oz,716870308,0,0,0,0.0,0.0,0.0,inches,6.875,,"Columbia Tools,Repair Parts,Automatic Taper Head,FA215",{},{},,,100,100,0.0
FA303,5-16 Flat Washer,Standard,3.0,0.0,Columbia Tools,"",https://thumbnails.veeqo.com/W-a9jjs0jInyLYcoMXQs8lKETGpjouEDBIMGOFlq6TA/rs:fit:1000:1000/aHR0cHM6Ly9kcnl3/YWxsdG9vbGJveC5j/b20vd3AtY29udGVu/dC91cGxvYWRzLzIw/MjYvbWVkaWEvY29s/dW1iaWFfdG9vbHNf/ZmEzMDNfMDEud2Vi/cA,US,0.0,oz,716870312,0,0,0,0.0,0.0,0.0,inches,6.875,,"Columbia Tools,Repair Parts,Hot Mud Pump,FA303",{},{},,,100,100,0.0
FA307,5-16 x 24 Jam Nut,Standard,3.0,0.0,Columbia Tools,"",https://thumbnails.veeqo.com/nDDcOb_2APXMpsYxx44qZmpHFaaPrm-VZ9u7bm_TUig/rs:fit:1000:1000/aHR0cHM6Ly9kcnl3/YWxsdG9vbGJveC5j/b20vd3AtY29udGVu/dC91cGxvYWRzLzIw/MjYvbWVkaWEvY29s/dW1iaWFfdG9vbHNf/ZmEzMDdfMDEud2Vi/cA,US,0.0,oz,716870320,0,0,0,0.0,0.0,0.0,inches,6.875,,"Columbia Tools,Repair Parts,Hot Mud Pump,FA307",{},{},,,100,100,0.0
FA305,"5/16 -18 x 3/4"" Hex Bolt",Standard,4.15,0.0,Columbia Tools,"",https://thumbnails.veeqo.com/4FHjV2vOQE6ZNBbM2OieeP4VA8GYF6Q1St7ZnQ39yOY/rs:fit:1000:1000/aHR0cHM6Ly9kcnl3/YWxsdG9vbGJveC5j/b20vd3AtY29udGVu/dC91cGxvYWRzLzIw/MjYvbWVkaWEvY29s/dW1iaWFfdG9vbHNf/ZmEzMDVfMDEud2Vi/cA,US,0.0,oz,716870326,0,0,0,0.0,0.0,0.0,inches,6.875,,"Columbia Tools,Repair Parts,Hot Mud Pump,FA305",{},{},,,100,100,0.0
FA306,"5/16-18 x 1 1/4"" Hex Bolt",Standard,3.45,0.0,Columbia Tools,"",https://thumbnails.veeqo.com/lkXGVXWIucIMbUq9lyFmLSAu_WohF8t51xIML7zR0eU/rs:fit:1000:1000/aHR0cHM6Ly9kcnl3/YWxsdG9vbGJveC5j/b20vd3AtY29udGVu/dC91cGxvYWRzLzIw/MjYvbWVkaWEvY29s/dW1iaWFfdG9vbHNf/ZmEzMDZfMDEud2Vi/cA,US,0.0,oz,716870329,0,0,0,0.0,0.0,0.0,inches,6.875,,"Columbia Tools,Repair Parts,Hot Mud Pump,FA306",{},{},,,100,100,0.0
CFB10,"5/16-18 x 3/4"" Thumb Screw",Standard,6.0,0.0,Columbia Tools,"",https://thumbnails.veeqo.com/FzHiwgbMAUznnO8f4uwiNx7Zir2YxNOghmr9KGOTbuI/rs:fit:1000:1000/aHR0cHM6Ly9kcnl3/YWxsdG9vbGJveC5j/b20vd3AtY29udGVu/dC91cGxvYWRzLzIw/MjYvbWVkaWEvY29s/dW1iaWFfdG9vbHNf/Y2ZiMTBfMDEud2Vi/cA,US,0.0,oz,716870332,0,0,0,0.0,0.0,0.0,inches,6.875,,"Columbia Tools,Corner Flusher Box,Repair Parts,CFB10",{},{},,,100,100,0.0
FA317,"5/32"" x 7/8"" Roll Pin",Standard,2.0,0.0,Columbia Tools,"",https://thumbnails.veeqo.com/pw1LtXhpcqE4ZMklWfd72dvRJ5mT-dtvHmLSITAWbQ4/rs:fit:1000:1000/aHR0cHM6Ly9kcnl3/YWxsdG9vbGJveC5j/b20vd3AtY29udGVu/dC91cGxvYWRzLzIw/MjYvbWVkaWEvY29s/dW1iaWFfdG9vbHNf/ZmEzMTdfMDEud2Vi/cA,US,0.0,oz,716870335,0,0,0,0.0,0.0,0.0,inches,6.875,,"Columbia Tools,Repair Parts,Matrix Handle,FA317",{},{},,,100,100,0.0
FA232,6-32 Hex Nut,Standard,1.75,0.0,Columbia Tools,"",https://thumbnails.veeqo.com/0CZKPMxtRB4jpmu0bYHKqYIbuYMto96OwS4wGzHuG3Y/rs:fit:1000:1000/aHR0cHM6Ly9kcnl3/YWxsdG9vbGJveC5j/b20vd3AtY29udGVu/dC91cGxvYWRzLzIw/MjYvbWVkaWEvY29s/dW1iaWFfdG9vbHNf/ZmEyMzJfMDEud2Vi/cA,US,0.0,oz,716870337,0,0,0,0.0,0.0,0.0,inches,6.875,,"Columbia Tools,Corner Flusher Box,Flat Finishing Box,Repair Parts,FA232",{},{},,,100,100,0.0
FA234,6-32 Nyloc Jam Nut,Standard,2.65,0.0,Columbia Tools,"",https://thumbnails.veeqo.com/kAq9l9FYrxJY-nTjxjb6hPUBKMnXByyn40CVMcI09oY/rs:fit:1000:1000/aHR0cHM6Ly9kcnl3/YWxsdG9vbGJveC5j/b20vd3AtY29udGVu/dC91cGxvYWRzLzIw/MjYvbWVkaWEvY29s/dW1iaWFfdG9vbHNf/ZmEyMzRfMDEud2Vi/cA,US,0.0,oz,716870342,0,0,0,0.0,0.0,0.0,inches,6.875,,"Columbia Tools,Repair Parts,Automatic Taper Head,FA234",{},{},,,100,100,0.0
FA233,6-32 Nyloc Nut,Standard,2.0,0.0,Columbia Tools,"",https://thumbnails.veeqo.com/kVfCmm7Y0pudPPK-FTuq06a6cM1ozU-PLtB7-Al7Rh4/rs:fit:1000:1000/aHR0cHM6Ly9kcnl3/YWxsdG9vbGJveC5j/b20vd3AtY29udGVu/dC91cGxvYWRzLzIw/MjYvbWVkaWEvY29s/dW1iaWFfdG9vbHNf/ZmEyMzNfMDEud2Vi/cA,US,0.0,oz,716870347,0,0,0,0.0,0.0,0.0,inches,6.875,,"Columbia Tools,Flat Finishing Box,Repair Parts,Automatic Taper Head,FA233",{},{},,,100,100,0.0
FA245,"6-32 x 1/2"" Fillister Slot",Standard,2.15,0.0,Columbia Tools,"",https://thumbnails.veeqo.com/7BOfq__0LvDNUq0tKaE3oAGhO6ZZmkNynx2ILXy3u0k/rs:fit:1000:1000/aHR0cHM6Ly9kcnl3/YWxsdG9vbGJveC5j/b20vd3AtY29udGVu/dC91cGxvYWRzLzIw/MjYvbWVkaWEvY29s/dW1iaWFfdG9vbHNf/ZmEyNDVfMDEud2Vi/cA,US,0.0,oz,716870351,0,0,0,0.0,0.0,0.0,inches,6.875,,"Columbia Tools,Repair Parts,Automatic Taper Head,Angle Head,FA245",{},{},,,100,100,0.0
FA244,"6-32 x 1/2"" Pan Slot",Standard,1.0,0.0,Columbia Tools,"",https://thumbnails.veeqo.com/v0eJH0J1e-QBy4SjRGVvS2tBUb3NUnf0GONNv12FKDs/rs:fit:1000:1000/aHR0cHM6Ly9kcnl3/YWxsdG9vbGJveC5j/b20vd3AtY29udGVu/dC91cGxvYWRzLzIw/MjYvbWVkaWEvY29s/dW1iaWFfdG9vbHNf/ZmEyNDRfMDEud2Vi/cA,US,0.0,oz,716870353,0,0,0,0.0,0.0,0.0,inches,6.875,,"Columbia Tools,Repair Parts,Automatic Taper Head,FA244",{},{},,,100,100,0.0
FA239,"6-32 X 1/4"" Binder Slot",Standard,1.0,0.0,Columbia Tools,"",https://thumbnails.veeqo.com/cmP5XRmsQ8pSUDwGUMbHhFIAbhDN_1r4n9FnwoGJ5hI/rs:fit:1000:1000/aHR0cHM6Ly9kcnl3/YWxsdG9vbGJveC5j/b20vd3AtY29udGVu/dC91cGxvYWRzLzIw/MjYvbWVkaWEvY29s/dW1iaWFfdG9vbHNf/ZmEyMzlfMDEud2Vi/cA,US,0.0,oz,716870355,0,0,0,0.0,0.0,0.0,inches,6.875,,"Columbia Tools,Flat Finishing Box,Repair Parts,Automatic Taper Head,Automatic Taper Body,FA239",{},{},,,100,100,0.0
FA227,"6-32 X 1/4"" Flat Slot",Standard,2.0,0.0,Columbia Tools,"",https://thumbnails.veeqo.com/MyhRz_mVmgF-8PZaLrnuW1dwBR05H4L9rHJHQR8ms0U/rs:fit:1000:1000/aHR0cHM6Ly9kcnl3/YWxsdG9vbGJveC5j/b20vd3AtY29udGVu/dC91cGxvYWRzLzIw/MjYvbWVkaWEvY29s/dW1iaWFfdG9vbHNf/ZmEyMjdfMDEud2Vi/cA,US,0.0,oz,716870358,0,0,0,0.0,0.0,0.0,inches,6.875,,"Columbia Tools,Repair Parts,Angle Head,FA227",{},{},,,100,100,0.0
FA236,"6-32 X 1/8"" Binder Slot",Standard,1.0,0.0,Columbia Tools,"",https://thumbnails.veeqo.com/AzSqA6V_qrLpsEf5muhtESMTRDsrcnOjW3kGTtfPEOQ/rs:fit:1000:1000/aHR0cHM6Ly9kcnl3/YWxsdG9vbGJveC5j/b20vd3AtY29udGVu/dC91cGxvYWRzLzIw/MjYvbWVkaWEvY29s/dW1iaWFfdG9vbHNf/ZmEyMzZfMDEud2Vi/cA,US,0.0,oz,716870361,0,0,0,0.0,0.0,0.0,inches,6.875,,"Columbia Tools,Repair Parts,Angle Head,FA236",{},{},,,100,100,0.0
FA235,"6-32 X 1/8"" Set Screw",Standard,2.0,0.0,Columbia Tools,"",https://thumbnails.veeqo.com/TNls2_EB01_1uO94d8sc83JS2G13pdEul75QNGo1bU8/rs:fit:1000:1000/aHR0cHM6Ly9kcnl3/YWxsdG9vbGJveC5j/b20vd3AtY29udGVu/dC91cGxvYWRzLzIw/MjYvbWVkaWEvY29s/dW1iaWFfdG9vbHNf/ZmEyMzVfMDEud2Vi/cA,US,0.0,oz,716870364,0,0,0,0.0,0.0,0.0,inches,6.875,,"Columbia Tools,Repair Parts,Angle Head,FA235",{},{},,,100,100,0.0
FA237,"6-32 x 3/16"" Binder Slot",Standard,1.0,0.0,Columbia Tools,"",https://thumbnails.veeqo.com/mauUblRk8cmtkZcwLSDbCTS9k7Br3a4N79CKCpHUvag/rs:fit:1000:1000/aHR0cHM6Ly9kcnl3/YWxsdG9vbGJveC5j/b20vd3AtY29udGVu/dC91cGxvYWRzLzIw/MjYvbWVkaWEvY29s/dW1iaWFfdG9vbHNf/ZmEyMzdfMDEud2Vi/cA,US,0.0,oz,716870368,0,0,0,0.0,0.0,0.0,inches,6.875,,"Columbia Tools,Repair Parts,Matrix Handle,FA237",{},{},,,100,100,0.0
FA238,"6-32 X 3/16"" Fillister Slot",Standard,2.0,0.0,Columbia Tools,"",https://thumbnails.veeqo.com/ukQEdt3pSDJetRSrGYyyjpCbJCnipivC9sG8Lqf6CiQ/rs:fit:1000:1000/aHR0cHM6Ly9kcnl3/YWxsdG9vbGJveC5j/b20vd3AtY29udGVu/dC91cGxvYWRzLzIw/MjYvbWVkaWEvY29s/dW1iaWFfdG9vbHNf/ZmEyMzhfMDEud2Vi/cA,US,0.0,oz,716870372,0,0,0,0.0,0.0,0.0,inches,6.875,,"Columbia Tools,Corner Flusher Box,Flat Finishing Box,Repair Parts,Automatic Taper Head,FA238",{},{},,,100,100,0.0
FA241,"6-32 X 3/8"" Binder Slot",Standard,1.0,0.0,Columbia Tools,"",https://thumbnails.veeqo.com/M9-iZMBQIDZrlLt2tRxDx7EcBYyMa9X4kzWH92C0Wi0/rs:fit:1000:1000/aHR0cHM6Ly9kcnl3/YWxsdG9vbGJveC5j/b20vd3AtY29udGVu/dC91cGxvYWRzLzIw/MjYvbWVkaWEvY29s/dW1iaWFfdG9vbHNf/ZmEyNDFfMDEud2Vi/cA,US,0.0,oz,716870376,0,0,0,0.0,0.0,0.0,inches,6.875,,"Columbia Tools,Corner Flusher Box,Flat Finishing Box,Hinged Nailspotter,Repair Parts,Automatic Taper Head,FA241",{},{},,,100,100,0.0
FA243,"6-32 x 3/8"" Flat Slot",Standard,1.0,0.0,Columbia Tools,"",https://thumbnails.veeqo.com/Hd75bo0k46a84umfLSquZooKo_uF2slwde16PdE_yE8/rs:fit:1000:1000/aHR0cHM6Ly9kcnl3/YWxsdG9vbGJveC5j/b20vd3AtY29udGVu/dC91cGxvYWRzLzIw/MjYvbWVkaWEvY29s/dW1iaWFfdG9vbHNf/ZmEyNDNfMDEud2Vi/cA,US,0.0,oz,716870382,0,0,0,0.0,0.0,0.0,inches,6.875,,"Columbia Tools,Repair Parts,Automatic Taper Head,FA243",{},{},,,100,100,0.0
FA231,"6-32 x 3/8"" Hex Bolt",Standard,2.25,0.0,Columbia Tools,"",https://thumbnails.veeqo.com/MDfAmHcNy1TY5PUAfW7L5ixI44Oc9EyiKQ9ZRyPDXL4/rs:fit:1000:1000/aHR0cHM6Ly9kcnl3/YWxsdG9vbGJveC5j/b20vd3AtY29udGVu/dC91cGxvYWRzLzIw/MjYvbWVkaWEvY29s/dW1iaWFfdG9vbHNf/ZmEyMzFfMDEud2Vi/cA,US,0.0,oz,716870384,0,0,0,0.0,0.0,0.0,inches,6.875,,"Columbia Tools,Corner Flusher Box,Flat Finishing Box,Hinged Nailspotter,Repair Parts,FA231",{},{},,,100,100,0.0
FA247,"6-32 X 5/8"" Hex Bolt",Standard,2.45,0.0,Columbia Tools,"",https://thumbnails.veeqo.com/E6QTHga1gnBCB0XK7ZQCvrJlSXFZ0Wh4oVJNYstdFjs/rs:fit:1000:1000/aHR0cHM6Ly9kcnl3/YWxsdG9vbGJveC5j/b20vd3AtY29udGVu/dC91cGxvYWRzLzIw/MjYvbWVkaWEvY29s/dW1iaWFfdG9vbHNf/ZmEyNDdfMDEud2Vi/cA,US,0.0,oz,716870389,0,0,0,0.0,0.0,0.0,inches,6.875,,"Columbia Tools,Corner Flusher Box,Flat Finishing Box,Hinged Nailspotter,Repair Parts,FA247",{},{},,,100,100,0.0
FA254,8-32 Nyloc Nut,Standard,2.0,0.0,Columbia Tools,"",https://thumbnails.veeqo.com/Xe-3uIkrlG--GdBrEC4OIpzn33sgy-UNz8nJ_f26P80/rs:fit:1000:1000/aHR0cHM6Ly9kcnl3/YWxsdG9vbGJveC5j/b20vd3AtY29udGVu/dC91cGxvYWRzLzIw/MjYvbWVkaWEvY29s/dW1iaWFfdG9vbHNf/ZmEyNTRfMDEud2Vi/cA,US,0.0,oz,716870393,0,0,0,0.0,0.0,0.0,inches,6.875,,"Columbia Tools,Hinged Nailspotter,Repair Parts,Automatic Taper Head,FA254",{},{},,,100,100,0.0
FA267,"8-32 x 1 1/2"" Pan Slot",Standard,2.85,0.0,Columbia Tools,"",https://thumbnails.veeqo.com/joVIVh0ILyNmkIsc4MQ7hNdq9bWWAVnjAVlF4OU4ZGA/rs:fit:1000:1000/aHR0cHM6Ly9kcnl3/YWxsdG9vbGJveC5j/b20vd3AtY29udGVu/dC91cGxvYWRzLzIw/MjYvbWVkaWEvY29s/dW1iaWFfdG9vbHNf/ZmEyNjdfMDEud2Vi/cA,US,0.0,oz,716870399,0,0,0,0.0,0.0,0.0,inches,6.875,,"Columbia Tools,Repair Parts,Automatic Taper Head,FA267",{},{},,,100,100,0.0
FA262,"8-32 x 1/2"" Socket",Standard,2.95,0.0,Columbia Tools,"",https://thumbnails.veeqo.com/3RdMbEWbjS7bQ44rLle6mblAz5OGY9tvCvUz4LRxYjs/rs:fit:1000:1000/aHR0cHM6Ly9kcnl3/YWxsdG9vbGJveC5j/b20vd3AtY29udGVu/dC91cGxvYWRzLzIw/MjYvbWVkaWEvY29s/dW1iaWFfdG9vbHNf/ZmEyNjJfMDEud2Vi/cA,US,0.0,oz,716870407,0,0,0,0.0,0.0,0.0,inches,6.875,,"Columbia Tools,Corner Flusher Box,Repair Parts,Corner Roller,FA262",{},{},,,100,100,0.0
FA257,"8-32 x 1/4"" Fillister Slot",Standard,1.0,0.0,Columbia Tools,"",https://thumbnails.veeqo.com/M48rDt5zBxzD6ALoMaMbyzHzkSQa8iKCnAz-DDBs56c/rs:fit:1000:1000/aHR0cHM6Ly9kcnl3/YWxsdG9vbGJveC5j/b20vd3AtY29udGVu/dC91cGxvYWRzLzIw/MjYvbWVkaWEvY29s/dW1iaWFfdG9vbHNf/ZmEyNTdfMDEud2Vi/cA,US,0.0,oz,716870414,0,0,0,0.0,0.0,0.0,inches,6.875,,"Columbia Tools,Repair Parts,180 Grip Box Handle,Automatic Taper Head,FA257",{},{},,,100,100,0.0
FA256,"8-32 X 3/16"" Pan Slot",Standard,2.15,0.0,Columbia Tools,"",https://thumbnails.veeqo.com/EiqWw8J5gi8YUw5NMIJibbkAOzqdXiHmP9a4mJdkccM/rs:fit:1000:1000/aHR0cHM6Ly9kcnl3/YWxsdG9vbGJveC5j/b20vd3AtY29udGVu/dC91cGxvYWRzLzIw/MjYvbWVkaWEvY29s/dW1iaWFfdG9vbHNf/ZmEyNTZfMDEud2Vi/cA,US,0.0,oz,716870418,0,0,0,0.0,0.0,0.0,inches,6.875,,"Columbia Tools,Repair Parts,Hot Mud Pump,Matrix Handle,Hydra-Reach Box Handle,FA256",{},{},,,100,100,0.0
FA265,"8-32 x 3/4"" Truss Slot",Standard,1.0,0.0,Columbia Tools,"",https://thumbnails.veeqo.com/eKlzus5gRWM3Yxe43OirP71NINdhVAO3ILfGx8tGgAE/rs:fit:1000:1000/aHR0cHM6Ly9kcnl3/YWxsdG9vbGJveC5j/b20vd3AtY29udGVu/dC91cGxvYWRzLzIw/MjYvbWVkaWEvY29s/dW1iaWFfdG9vbHNf/ZmEyNjVfMDEud2Vi/cA,US,0.0,oz,716870421,0,0,0,0.0,0.0,0.0,inches,6.875,,"Columbia Tools,Repair Parts,180 Grip Box Handle,Automatic Taper Head,FA265",{},{},,,100,100,0.0
FA260,"8-32 x 3/8"" Pan Slot",Standard,1.0,0.0,Columbia Tools,"",https://thumbnails.veeqo.com/qsZi1aUg11Ut3OrD-zs4PgYcC5YgkYlkUPDx86fSu8c/rs:fit:1000:1000/aHR0cHM6Ly9kcnl3/YWxsdG9vbGJveC5j/b20vd3AtY29udGVu/dC91cGxvYWRzLzIw/MjYvbWVkaWEvY29s/dW1iaWFfdG9vbHNf/ZmEyNjBfMDEud2Vi/cA,US,0.0,oz,716870422,0,0,0,0.0,0.0,0.0,inches,6.875,,"Columbia Tools,Hinged Nailspotter,Repair Parts,180 Grip Box Handle,Hot Mud Pump,FA260",{},{},,,100,100,0.0
FA261,"8-32 X 3/8"" Socket Screw",Standard,2.75,0.0,Columbia Tools,"",https://thumbnails.veeqo.com/2x9QY5GvNVR_cl_Y19ozLGI--8JPHK8_tADAEsjRxXM/rs:fit:1000:1000/aHR0cHM6Ly9kcnl3/YWxsdG9vbGJveC5j/b20vd3AtY29udGVu/dC91cGxvYWRzLzIw/MjYvbWVkaWEvY29s/dW1iaWFfdG9vbHNf/ZmEyNjFfMDEud2Vi/cA,US,0.0,oz,716870426,0,0,0,0.0,0.0,0.0,inches,6.875,,"Columbia Tools,Corner Flusher Box,Repair Parts,FA261",{},{},,,100,100,0.0
FA376,8-32 x 5/16 SS Socket Head,Standard,2.0,0.0,Columbia Tools,"",https://thumbnails.veeqo.com/ozZ1aOt1SZbOLYw2CYSzuyB7cOsVWaMwF3HmcNeyYw0/rs:fit:1000:1000/aHR0cHM6Ly9kcnl3/YWxsdG9vbGJveC5j/b20vd3AtY29udGVu/dC91cGxvYWRzLzIw/MjYvbWVkaWEvY29s/dW1iaWFfdG9vbHNf/ZmEzNzZfMDEud2Vi/cA,US,0.0,oz,716870433,0,0,0,0.0,0.0,0.0,inches,6.875,,"Columbia Tools,Repair Parts,Matrix Handle,FA376",{},{},,,100,100,0.0
FA264,"8-32 x 5/8"" Truss Slot",Standard,1.0,0.0,Columbia Tools,"",https://thumbnails.veeqo.com/qJS4Bkyhx4O5lHYqp6zWo2daWrGcEji8keEO4ozcXts/rs:fit:1000:1000/aHR0cHM6Ly9kcnl3/YWxsdG9vbGJveC5j/b20vd3AtY29udGVu/dC91cGxvYWRzLzIw/MjYvbWVkaWEvY29s/dW1iaWFfdG9vbHNf/ZmEyNjRfMDEud2Vi/cA,US,0.0,oz,716870435,0,0,0,0.0,0.0,0.0,inches,6.875,,"Columbia Tools,Repair Parts,Automatic Taper Head,FA264",{},{},,,100,100,0.0
FA258,8-32X 1/4 Half Dog Set,Standard,2.0,0.0,Columbia Tools,"",https://thumbnails.veeqo.com/pEfTcVplcdPMX3upx1HXRyyJ193bESmbPwnvYBx-Ovw/rs:fit:1000:1000/aHR0cHM6Ly9kcnl3/YWxsdG9vbGJveC5j/b20vd3AtY29udGVu/dC91cGxvYWRzLzIw/MjYvbWVkaWEvY29s/dW1iaWFfdG9vbHNf/ZmEyNThfMDEud2Vi/cA,US,0.0,oz,716870442,0,0,0,0.0,0.0,0.0,inches,6.875,,"Columbia Tools,Corner Flusher Box,Flat Finishing Box,Repair Parts,Automatic Taper Head,Matrix Handle,Angle Head,FA258",{},{},,,100,100,0.0
FA249,"8-32X3/16"" Set Screw",Standard,2.0,0.0,Columbia Tools,"",https://thumbnails.veeqo.com/_HsBpboJOHqIm3JlXEXNGZhPJ-1sqlpLG5m5-FtRsLw/rs:fit:1000:1000/aHR0cHM6Ly9kcnl3/YWxsdG9vbGJveC5j/b20vd3AtY29udGVu/dC91cGxvYWRzLzIw/MjYvbWVkaWEvY29s/dW1iaWFfdG9vbHNf/ZmEyNDlfMDEud2Vi/cA,US,0.0,oz,716870446,0,0,0,0.0,0.0,0.0,inches,6.875,,"Columbia Tools,Repair Parts,Hot Mud Pump,Automatic Taper Body,FA249",{},{},,,100,100,0.0
FFB11-8,Adjuster Spring,"8""",8.0,0.0,Columbia Tools,"",https://thumbnails.veeqo.com/1ml-swnJGw-_Rq8ti6BEVBbD61TfmWMlsx7MEpNQJ44/rs:fit:1000:1000/aHR0cHM6Ly9kcnl3/YWxsdG9vbGJveC5j/b20vd3AtY29udGVu/dC91cGxvYWRzLzIw/MjYvbWVkaWEvY29s/dW1iaWFfdG9vbHNf/ZmZiMTFfOF8wMS53/ZWJw,US,0.0,oz,716870448,0,0,0,0.0,0.0,0.0,inches,6.875,,"Columbia Tools,Repair Parts,Adjuster Spring,FFB11",{},"{""Size"":""8\""""}",,,100,100,0.0
FFB11-10,Adjuster Spring,"10""",8.0,0.0,Columbia Tools,"",https://thumbnails.veeqo.com/1ml-swnJGw-_Rq8ti6BEVBbD61TfmWMlsx7MEpNQJ44/rs:fit:1000:1000/aHR0cHM6Ly9kcnl3/YWxsdG9vbGJveC5j/b20vd3AtY29udGVu/dC91cGxvYWRzLzIw/MjYvbWVkaWEvY29s/dW1iaWFfdG9vbHNf/ZmZiMTFfOF8wMS53/ZWJw,US,0.0,oz,716870451,0,0,0,0.0,0.0,0.0,inches,6.875,,"Columbia Tools,Repair Parts,Adjuster Spring,FFB11",{},"{""Size"":""10\""""}",,,100,100,0.0
FFB11-12,Adjuster Spring,"12""",8.0,0.0,Columbia Tools,"",https://thumbnails.veeqo.com/1ml-swnJGw-_Rq8ti6BEVBbD61TfmWMlsx7MEpNQJ44/rs:fit:1000:1000/aHR0cHM6Ly9kcnl3/YWxsdG9vbGJveC5j/b20vd3AtY29udGVu/dC91cGxvYWRzLzIw/MjYvbWVkaWEvY29s/dW1iaWFfdG9vbHNf/ZmZiMTFfOF8wMS53/ZWJw,US,0.0,oz,716870454,0,0,0,0.0,0.0,0.0,inches,6.875,,"Columbia Tools,Repair Parts,Adjuster Spring,FFB11",{},"{""Size"":""12\""""}",,,100,100,0.0
FFB5A,Axel Bushing,Standard,3.0,0.0,Columbia Tools,"",https://thumbnails.veeqo.com/8K3yufvjKfKKglv9pzfmrM7XUThY5E0iRMm_1vc2mGk/rs:fit:1000:1000/aHR0cHM6Ly9kcnl3/YWxsdG9vbGJveC5j/b20vd3AtY29udGVu/dC91cGxvYWRzLzIw/MjYvbWVkaWEvY29s/dW1iaWFfdG9vbHNf/ZmZiNWFfMDEud2Vi/cA,US,0.0,oz,716870456,0,0,0,0.0,0.0,0.0,inches,6.875,,"Columbia Tools,Flat Finishing Box,Repair Parts,FFB5A",{},{},,,100,100,0.0
FFB5-7,Axle,"7""",44.0,0.0,Columbia Tools,"",https://thumbnails.veeqo.com/OJdc8z5Zw5U3x28TXnoohYW50Ut2qJvbcqLjLRRIqlo/rs:fit:1000:1000/aHR0cHM6Ly9kcnl3/YWxsdG9vbGJveC5j/b20vd3AtY29udGVu/dC91cGxvYWRzLzIw/MjYvbWVkaWEvY29s/dW1iaWFfdG9vbHNf/ZmZiNV83XzAxLndl/YnA,US,0.0,oz,716870461,0,0,0,0.0,0.0,0.0,inches,6.875,,"Columbia Tools,Flat Finishing Box,Repair Parts,Axle,FFB5",{},"{""Size"":""7\""""}",,,100,100,0.0
FFB5-8,Axle,"8""",44.0,0.0,Columbia Tools,"",https://thumbnails.veeqo.com/OJdc8z5Zw5U3x28TXnoohYW50Ut2qJvbcqLjLRRIqlo/rs:fit:1000:1000/aHR0cHM6Ly9kcnl3/YWxsdG9vbGJveC5j/b20vd3AtY29udGVu/dC91cGxvYWRzLzIw/MjYvbWVkaWEvY29s/dW1iaWFfdG9vbHNf/ZmZiNV83XzAxLndl/YnA,US,0.0,oz,716870463,0,0,0,0.0,0.0,0.0,inches,6.875,,"Columbia Tools,Flat Finishing Box,Repair Parts,Axle,FFB5",{},"{""Size"":""8\""""}",,,100,100,0.0
FFB5-10,Axle,"10""",44.0,0.0,Columbia Tools,"",https://thumbnails.veeqo.com/OJdc8z5Zw5U3x28TXnoohYW50Ut2qJvbcqLjLRRIqlo/rs:fit:1000:1000/aHR0cHM6Ly9kcnl3/YWxsdG9vbGJveC5j/b20vd3AtY29udGVu/dC91cGxvYWRzLzIw/MjYvbWVkaWEvY29s/dW1iaWFfdG9vbHNf/ZmZiNV83XzAxLndl/YnA,US,0.0,oz,716870465,0,0,0,0.0,0.0,0.0,inches,6.875,,"Columbia Tools,Flat Finishing Box,Repair Parts,Axle,FFB5",{},"{""Size"":""10\""""}",,,100,100,0.0
FFB5-12,Axle,"12""",44.0,0.0,Columbia Tools,"",https://thumbnails.veeqo.com/OJdc8z5Zw5U3x28TXnoohYW50Ut2qJvbcqLjLRRIqlo/rs:fit:1000:1000/aHR0cHM6Ly9kcnl3/YWxsdG9vbGJveC5j/b20vd3AtY29udGVu/dC91cGxvYWRzLzIw/MjYvbWVkaWEvY29s/dW1iaWFfdG9vbHNf/ZmZiNV83XzAxLndl/YnA,US,0.0,oz,716870467,0,0,0,0.0,0.0,0.0,inches,6.875,,"Columbia Tools,Flat Finishing Box,Repair Parts,Axle,FFB5",{},"{""Size"":""12\""""}",,,100,100,0.0
FFB5-14,Axle,"14""",44.0,0.0,Columbia Tools,"",https://thumbnails.veeqo.com/OJdc8z5Zw5U3x28TXnoohYW50Ut2qJvbcqLjLRRIqlo/rs:fit:1000:1000/aHR0cHM6Ly9kcnl3/YWxsdG9vbGJveC5j/b20vd3AtY29udGVu/dC91cGxvYWRzLzIw/MjYvbWVkaWEvY29s/dW1iaWFfdG9vbHNf/ZmZiNV83XzAxLndl/YnA,US,0.0,oz,716870470,0,0,0,0.0,0.0,0.0,inches,6.875,,"Columbia Tools,Flat Finishing Box,Repair Parts,Axle,FFB5",{},"{""Size"":""14\""""}",,,100,100,0.0
MP32,Backing Washer Locator,Standard,18.95,0.0,Columbia Tools,"",https://thumbnails.veeqo.com/v_Ma9HsTLy-X9K74UiZpCHl4lQEPKAohThAZG9312KE/rs:fit:1000:1000/aHR0cHM6Ly9kcnl3/YWxsdG9vbGJveC5j/b20vd3AtY29udGVu/dC91cGxvYWRzLzIw/MjYvbWVkaWEvY29s/dW1iaWFfdG9vbHNf/bXAzMl8wMS53ZWJw,US,0.0,oz,716870472,0,0,0,0.0,0.0,0.0,inches,6.875,,"Columbia Tools,Repair Parts,Hot Mud Pump,MP32",{},{},,,100,100,0.0
FFB8,Bar Retainer Clip,Standard,2.0,0.0,Columbia Tools,"",https://thumbnails.veeqo.com/M7MyWXlxLrjKMSwSCSxK2DBvbPX8LEXv3_AF87okq0U/rs:fit:1000:1000/aHR0cHM6Ly9kcnl3/YWxsdG9vbGJveC5j/b20vd3AtY29udGVu/dC91cGxvYWRzLzIw/MjYvbWVkaWEvY29s/dW1iaWFfdG9vbHNf/ZmZiOF8wMS53ZWJw,US,0.0,oz,716870475,0,0,0,0.0,0.0,0.0,inches,6.875,,"Columbia Tools,Flat Finishing Box,Repair Parts,FFB8",{},{},,,100,100,0.0
CT103,Barrel- Main Body,Standard,112.5,0.0,Columbia Tools,"",https://thumbnails.veeqo.com/VoIOcg-bzSD8oKCNnLgnTmgPQ3agM9Hmr7T94mR220M/rs:fit:1000:1000/aHR0cHM6Ly9kcnl3/YWxsdG9vbGJveC5j/b20vd3AtY29udGVu/dC91cGxvYWRzLzIw/MjYvbWVkaWEvY29s/dW1iaWFfdG9vbHNf/Y3QxMDNfMDEud2Vi/cA,US,0.0,oz,716870478,0,0,0,0.0,0.0,0.0,inches,6.875,,"Columbia Tools,Repair Parts,Automatic Taper Body,CT103",{},{},,,100,100,0.0
CFB16,Bearing Sleeve,Standard,18.75,0.0,Columbia Tools,"",https://thumbnails.veeqo.com/x6hJJ8NOzkc_4IDTmToUGO0mEVwtb-B3vVOYQ227CkE/rs:fit:1000:1000/aHR0cHM6Ly9kcnl3/YWxsdG9vbGJveC5j/b20vd3AtY29udGVu/dC91cGxvYWRzLzIw/MjYvbWVkaWEvY29s/dW1iaWFfdG9vbHNf/YmgyNGFfMDEud2Vi/cA,US,0.0,oz,716870501,0,0,0,0.0,0.0,0.0,inches,6.875,,"Columbia Tools,Repair Parts,Corner Roller,CR-3",{},{},,,100,100,0.0
3BH,Columbia 180° Grip Flat Box Handle,3',174.0,0.0,Columbia Tools,"",https://thumbnails.veeqo.com/eNLdXbHOSWfS2jXX00kj9IwAaKg_jqD2f3j5n6pwn5M/rs:fit:1000:1000/aHR0cHM6Ly9kcnl3/YWxsdG9vbGJveC5j/b20vd3AtY29udGVu/dC91cGxvYWRzLzIw/MjYvbWVkaWEvY29s/dW1iaWFfdG9vbHNf/M2JoXzAxLndlYnA,US,0.0,oz,716869394,0,0,0,0.0,0.0,0.0,inches,6.875,,"Columbia,Drywall Finishing Tools",{},"{""Handle Length"":""3'""}",,,100,100,0.0
42BH,Columbia 180° Grip Flat Box Handle,"42""",175.0,0.0,Columbia Tools,"",https://thumbnails.veeqo.com/eNLdXbHOSWfS2jXX00kj9IwAaKg_jqD2f3j5n6pwn5M/rs:fit:1000:1000/aHR0cHM6Ly9kcnl3/YWxsdG9vbGJveC5j/b20vd3AtY29udGVu/dC91cGxvYWRzLzIw/MjYvbWVkaWEvY29s/dW1iaWFfdG9vbHNf/M2JoXzAxLndlYnA,US,0.0,oz,716869404,0,0,0,0.0,0.0,0.0,inches,6.875,,"Columbia,Drywall Finishing Tools",{},"{""Handle Length"":""42\""""}",,,100,100,0.0
4BH,Columbia 180° Grip Flat Box Handle,4',176.0,0.0,Columbia Tools,"",https://thumbnails.veeqo.com/eNLdXbHOSWfS2jXX00kj9IwAaKg_jqD2f3j5n6pwn5M/rs:fit:1000:1000/aHR0cHM6Ly9kcnl3/YWxsdG9vbGJveC5j/b20vd3AtY29udGVu/dC91cGxvYWRzLzIw/MjYvbWVkaWEvY29s/dW1iaWFfdG9vbHNf/M2JoXzAxLndlYnA,US,0.0,oz,716869408,0,0,0,0.0,0.0,0.0,inches,6.875,,"Columbia,Drywall Finishing Tools",{},"{""Handle Length"":""4'""}",,,100,100,0.0
5BH,Columbia 180° Grip Flat Box Handle,5',177.0,0.0,Columbia Tools,"",https://thumbnails.veeqo.com/eNLdXbHOSWfS2jXX00kj9IwAaKg_jqD2f3j5n6pwn5M/rs:fit:1000:1000/aHR0cHM6Ly9kcnl3/YWxsdG9vbGJveC5j/b20vd3AtY29udGVu/dC91cGxvYWRzLzIw/MjYvbWVkaWEvY29s/dW1iaWFfdG9vbHNf/M2JoXzAxLndlYnA,US,0.0,oz,716869411,0,0,0,0.0,0.0,0.0,inches,6.875,,"Columbia,Drywall Finishing Tools",{},"{""Handle Length"":""5'""}",,,100,100,0.0
6BH,Columbia 180° Grip Flat Box Handle,6',178.0,0.0,Columbia Tools,"",https://thumbnails.veeqo.com/eNLdXbHOSWfS2jXX00kj9IwAaKg_jqD2f3j5n6pwn5M/rs:fit:1000:1000/aHR0cHM6Ly9kcnl3/YWxsdG9vbGJveC5j/b20vd3AtY29udGVu/dC91cGxvYWRzLzIw/MjYvbWVkaWEvY29s/dW1iaWFfdG9vbHNf/M2JoXzAxLndlYnA,US,0.0,oz,716869416,0,0,0,0.0,0.0,0.0,inches,6.875,,"Columbia,Drywall Finishing Tools",{},"{""Handle Length"":""6'""}",,,100,100,0.0
2AH,Columbia Angle Head,"2""",358.0,0.0,Columbia Tools,"",https://thumbnails.veeqo.com/NbMyKtC72lk8oArcT7bcRBtoqGpI0Xpkf9Vf39acYho/rs:fit:1000:1000/aHR0cHM6Ly9kcnl3/YWxsdG9vbGJveC5j/b20vd3AtY29udGVu/dC91cGxvYWRzLzIw/MjYvbWVkaWEvY29s/dW1iaWFfdG9vbHNf/MmFoXzAxLndlYnA,US,0.0,oz,716869425,0,0,0,0.0,0.0,0.0,inches,6.875,,"Columbia,Drywall Finishing Tools",{},"{""Size"":""2\""""}",,,100,100,0.0
2.5AH,Columbia Angle Head,"2.5""",421.79,0.0,Columbia Tools,"",https://thumbnails.veeqo.com/NbMyKtC72lk8oArcT7bcRBtoqGpI0Xpkf9Vf39acYho/rs:fit:1000:1000/aHR0cHM6Ly9kcnl3/YWxsdG9vbGJveC5j/b20vd3AtY29udGVu/dC91cGxvYWRzLzIw/MjYvbWVkaWEvY29s/dW1iaWFfdG9vbHNf/MmFoXzAxLndlYnA,US,0.0,oz,716869432,0,0,0,0.0,0.0,0.0,inches,6.875,,"Columbia,Drywall Finishing Tools",{},"{""Size"":""2.5\""""}",,,100,100,0.0
3AH,Columbia Angle Head,"3""",367.0,0.0,Columbia Tools,"",https://thumbnails.veeqo.com/NbMyKtC72lk8oArcT7bcRBtoqGpI0Xpkf9Vf39acYho/rs:fit:1000:1000/aHR0cHM6Ly9kcnl3/YWxsdG9vbGJveC5j/b20vd3AtY29udGVu/dC91cGxvYWRzLzIw/MjYvbWVkaWEvY29s/dW1iaWFfdG9vbHNf/MmFoXzAxLndlYnA,US,0.0,oz,716869440,0,0,0,0.0,0.0,0.0,inches,6.875,,"Columbia,Drywall Finishing Tools",{},"{""Size"":""3\""""}",,,100,100,0.0
3.5AH,Columbia Angle Head,"3.5""",454.23,0.0,Columbia Tools,"",https://thumbnails.veeqo.com/NbMyKtC72lk8oArcT7bcRBtoqGpI0Xpkf9Vf39acYho/rs:fit:1000:1000/aHR0cHM6Ly9kcnl3/YWxsdG9vbGJveC5j/b20vd3AtY29udGVu/dC91cGxvYWRzLzIw/MjYvbWVkaWEvY29s/dW1iaWFfdG9vbHNf/MmFoXzAxLndlYnA,US,0.0,oz,716869443,0,0,0,0.0,0.0,0.0,inches,6.875,,"Columbia,Drywall Finishing Tools",{},"{""Size"":""3.5\""""}",,,100,100,0.0
8FBBA,Columbia Automatic Fat Boy Box,"8""",431.0,0.0,Columbia Tools,"",https://thumbnails.veeqo.com/XLTpUiMgtXfWOYKagTLCvFm0RximTkhTFofuSHpoRCY/rs:fit:1000:1000/aHR0cHM6Ly9kcnl3/YWxsdG9vbGJveC5j/b20vd3AtY29udGVu/dC91cGxvYWRzLzIw/MjYvbWVkaWEvY29s/dW1iaWFfdG9vbHNf/OGZiYmFfMDEud2Vi/cA,US,0.0,oz,716869451,0,0,0,0.0,0.0,0.0,inches,6.875,,"Columbia,Drywall Finishing Tools",{},"{""Size"":""8\""""}",,,100,100,0.0
10FBBA,Columbia Automatic Fat Boy Box,"10""",435.0,0.0,Columbia Tools,"",https://thumbnails.veeqo.com/XLTpUiMgtXfWOYKagTLCvFm0RximTkhTFofuSHpoRCY/rs:fit:1000:1000/aHR0cHM6Ly9kcnl3/YWxsdG9vbGJveC5j/b20vd3AtY29udGVu/dC91cGxvYWRzLzIw/MjYvbWVkaWEvY29s/dW1iaWFfdG9vbHNf/OGZiYmFfMDEud2Vi/cA,US,0.0,oz,716869456,0,0,0,0.0,0.0,0.0,inches,6.875,,"Columbia,Drywall Finishing Tools",{},"{""Size"":""10\""""}",,,100,100,0.0
12FBBA,Columbia Automatic Fat Boy Box,"12""",443.0,0.0,Columbia Tools,"",https://thumbnails.veeqo.com/XLTpUiMgtXfWOYKagTLCvFm0RximTkhTFofuSHpoRCY/rs:fit:1000:1000/aHR0cHM6Ly9kcnl3/YWxsdG9vbGJveC5j/b20vd3AtY29udGVu/dC91cGxvYWRzLzIw/MjYvbWVkaWEvY29s/dW1iaWFfdG9vbHNf/OGZiYmFfMDEud2Vi/cA,US,0.0,oz,716869461,0,0,0,0.0,0.0,0.0,inches,6.875,,"Columbia,Drywall Finishing Tools",{},"{""Size"":""12\""""}",,,100,100,0.0
8FFBA,Columbia Automatic Flat Box,"8""",397.0,0.0,Columbia Tools,"",https://thumbnails.veeqo.com/UlVTPE30rE41_tS95bXxDnAYrix_9Y_L_uHi3YG985w/rs:fit:1000:1000/aHR0cHM6Ly9kcnl3/YWxsdG9vbGJveC5j/b20vd3AtY29udGVu/dC91cGxvYWRzLzIw/MjYvbWVkaWEvY29s/dW1iaWFfdG9vbHNf/OGZmYmFfMDEud2Vi/cA,US,0.0,oz,716869470,0,0,0,0.0,0.0,0.0,inches,6.875,,"Columbia,Drywall Finishing Tools",{},"{""Size"":""8\""""}",,,100,100,0.0
10FFBA,Columbia Automatic Flat Box,"10""",401.0,0.0,Columbia Tools,"",https://thumbnails.veeqo.com/UlVTPE30rE41_tS95bXxDnAYrix_9Y_L_uHi3YG985w/rs:fit:1000:1000/aHR0cHM6Ly9kcnl3/YWxsdG9vbGJveC5j/b20vd3AtY29udGVu/dC91cGxvYWRzLzIw/MjYvbWVkaWEvY29s/dW1iaWFfdG9vbHNf/OGZmYmFfMDEud2Vi/cA,US,0.0,oz,716869482,0,0,0,0.0,0.0,0.0,inches,6.875,,"Columbia,Drywall Finishing Tools",{},"{""Size"":""10\""""}",,,100,100,0.0
12FFBA,Columbia Automatic Flat Box,"12""",405.0,0.0,Columbia Tools,"",https://thumbnails.veeqo.com/UlVTPE30rE41_tS95bXxDnAYrix_9Y_L_uHi3YG985w/rs:fit:1000:1000/aHR0cHM6Ly9kcnl3/YWxsdG9vbGJveC5j/b20vd3AtY29udGVu/dC91cGxvYWRzLzIw/MjYvbWVkaWEvY29s/dW1iaWFfdG9vbHNf/OGZmYmFfMDEud2Vi/cA,US,0.0,oz,716869492,0,0,0,0.0,0.0,0.0,inches,6.875,,"Columbia,Drywall Finishing Tools",{},"{""Size"":""12\""""}",,,100,100,0.0
14FFBA,Columbia Automatic Flat Box,"14""",409.0,0.0,Columbia Tools,"",https://thumbnails.veeqo.com/UlVTPE30rE41_tS95bXxDnAYrix_9Y_L_uHi3YG985w/rs:fit:1000:1000/aHR0cHM6Ly9kcnl3/YWxsdG9vbGJveC5j/b20vd3AtY29udGVu/dC91cGxvYWRzLzIw/MjYvbWVkaWEvY29s/dW1iaWFfdG9vbHNf/OGZmYmFfMDEud2Vi/cA,US,0.0,oz,716869494,0,0,0,0.0,0.0,0.0,inches,6.875,,"Columbia,Drywall Finishing Tools",{},"{""Size"":""14\""""}",,,100,100,0.0
STAPER,Columbia Automatic Taper,Sawed Off 39 in.,1683.0,0.0,Columbia Tools,"",https://thumbnails.veeqo.com/XpNhZKcTjP645mUsTAwuNStfLNre2ch8goXw3ck1NgA/rs:fit:1000:1000/aHR0cHM6Ly9kcnl3/YWxsdG9vbGJveC5j/b20vd3AtY29udGVu/dC91cGxvYWRzLzIw/MjYvbWVkaWEvY29s/dW1iaWFfdG9vbHNf/dGFwZXJfMDQud2Vi/cA,US,0.0,oz,716869510,0,0,0,0.0,0.0,0.0,inches,6.875,,"Columbia,Drywall Finishing Tools,Automatic Tapers",{},"{""Model"":""Sawed Off 39 in.""}",,,100,100,0.0
TAPER,Columbia Automatic Taper,Standard 53 in.,1683.0,0.0,Columbia Tools,"",https://thumbnails.veeqo.com/XpNhZKcTjP645mUsTAwuNStfLNre2ch8goXw3ck1NgA/rs:fit:1000:1000/aHR0cHM6Ly9kcnl3/YWxsdG9vbGJveC5j/b20vd3AtY29udGVu/dC91cGxvYWRzLzIw/MjYvbWVkaWEvY29s/dW1iaWFfdG9vbHNf/dGFwZXJfMDQud2Vi/cA,US,0.0,oz,716869524,0,0,0,0.0,0.0,0.0,inches,6.875,,"Columbia,Drywall Finishing Tools,Automatic Tapers",{},"{""Model"":""Standard 53 in.""}",,,100,100,0.0
ICA2-1,Columbia Billet Mud Applicator,"Inside Corner - 2 Wheels - 1""",49.0,0.0,Columbia Tools,"",https://thumbnails.veeqo.com/u-PJdcy5Eo4pq-u2-SUOPvNAwsW2U9Q3zaPwdjtpF4A/rs:fit:1000:1000/aHR0cHM6Ly9kcnl3/YWxsdG9vbGJveC5j/b20vd3AtY29udGVu/dC91cGxvYWRzLzIw/MjYvbWVkaWEvY29s/dW1iaWFfdG9vbHNf/aWNhMjFfMDEud2Vi/cA,US,0.0,oz,716869528,0,0,0,0.0,0.0,0.0,inches,6.875,,"Columbia,Drywall Finishing Tools",{},"{""Applicator Type"":""Inside Corner - 2 Wheels - 1\""""}",,,100,100,0.0
ICA4-1,Columbia Billet Mud Applicator,"Inside Corner - 4 Wheels - 1""",63.0,0.0,Columbia Tools,"",https://thumbnails.veeqo.com/u-PJdcy5Eo4pq-u2-SUOPvNAwsW2U9Q3zaPwdjtpF4A/rs:fit:1000:1000/aHR0cHM6Ly9kcnl3/YWxsdG9vbGJveC5j/b20vd3AtY29udGVu/dC91cGxvYWRzLzIw/MjYvbWVkaWEvY29s/dW1iaWFfdG9vbHNf/aWNhMjFfMDEud2Vi/cA,US,0.0,oz,716869534,0,0,0,0.0,0.0,0.0,inches,6.875,,"Columbia,Drywall Finishing Tools",{},"{""Applicator Type"":""Inside Corner - 4 Wheels - 1\""""}",,,100,100,0.0
ICATW,Columbia Billet Mud Applicator,Two-Way Internal Corner - 4 Wheels,83.0,0.0,Columbia Tools,"",https://thumbnails.veeqo.com/u-PJdcy5Eo4pq-u2-SUOPvNAwsW2U9Q3zaPwdjtpF4A/rs:fit:1000:1000/aHR0cHM6Ly9kcnl3/YWxsdG9vbGJveC5j/b20vd3AtY29udGVu/dC91cGxvYWRzLzIw/MjYvbWVkaWEvY29s/dW1iaWFfdG9vbHNf/aWNhMjFfMDEud2Vi/cA,US,0.0,oz,716869540,0,0,0,0.0,0.0,0.0,inches,6.875,,"Columbia,Drywall Finishing Tools",{},"{""Applicator Type"":""Two-Way Internal Corner - 4 Wheels""}",,,100,100,0.0
CEXT90,Columbia Billet Mud Applicator,External 90,98.0,0.0,Columbia Tools,"",https://thumbnails.veeqo.com/u-PJdcy5Eo4pq-u2-SUOPvNAwsW2U9Q3zaPwdjtpF4A/rs:fit:1000:1000/aHR0cHM6Ly9kcnl3/YWxsdG9vbGJveC5j/b20vd3AtY29udGVu/dC91cGxvYWRzLzIw/MjYvbWVkaWEvY29s/dW1iaWFfdG9vbHNf/aWNhMjFfMDEud2Vi/cA,US,0.0,oz,716869544,0,0,0,0.0,0.0,0.0,inches,6.875,,"Columbia,Drywall Finishing Tools",{},"{""Applicator Type"":""External 90""}",,,100,100,0.0
CFLT,Columbia Billet Mud Applicator,Flat,60.0,0.0,Columbia Tools,"",https://thumbnails.veeqo.com/u-PJdcy5Eo4pq-u2-SUOPvNAwsW2U9Q3zaPwdjtpF4A/rs:fit:1000:1000/aHR0cHM6Ly9kcnl3/YWxsdG9vbGJveC5j/b20vd3AtY29udGVu/dC91cGxvYWRzLzIw/MjYvbWVkaWEvY29s/dW1iaWFfdG9vbHNf/aWNhMjFfMDEud2Vi/cA,US,0.0,oz,716869548,0,0,0,0.0,0.0,0.0,inches,6.875,,"Columbia,Drywall Finishing Tools",{},"{""Applicator Type"":""Flat""}",,,100,100,0.0
BF,Columbia Box Filler,Standard,52.0,0.0,Columbia Tools,"",https://thumbnails.veeqo.com/cO7cbtaNjZ-cqCt3_KVXGXIJFH_quhXCnZGcyovxI2g/rs:fit:1000:1000/aHR0cHM6Ly9kcnl3/YWxsdG9vbGJveC5j/b20vd3AtY29udGVu/dC91cGxvYWRzLzIw/MjYvbWVkaWEvY29s/dW1iaWFfdG9vbHNf/YmZfMDEud2VicA,US,0.0,oz,716869551,0,0,0,0.0,0.0,0.0,inches,6.875,,"Columbia,Drywall Finishing Tools",{},"{""Model"":""Standard""}",,,100,100,0.0
TBBF,Columbia Box Filler,Tall Boy,52.0,0.0,Columbia Tools,"",https://thumbnails.veeqo.com/cO7cbtaNjZ-cqCt3_KVXGXIJFH_quhXCnZGcyovxI2g/rs:fit:1000:1000/aHR0cHM6Ly9kcnl3/YWxsdG9vbGJveC5j/b20vd3AtY29udGVu/dC91cGxvYWRzLzIw/MjYvbWVkaWEvY29s/dW1iaWFfdG9vbHNf/YmZfMDEud2VicA,US,0.0,oz,716869557,0,0,0,0.0,0.0,0.0,inches,6.875,,"Columbia,Drywall Finishing Tools",{},"{""Model"":""Tall Boy""}",,,100,100,0.0
CLT24,Columbia Cam Lock Tube,"24""",236.0,0.0,Columbia Tools,"",https://thumbnails.veeqo.com/-aHse7b3b8DzeyIAe9_z6i4ELPva-6RyFlVBGLHILvQ/rs:fit:1000:1000/aHR0cHM6Ly9kcnl3/YWxsdG9vbGJveC5j/b20vd3AtY29udGVu/dC91cGxvYWRzLzIw/MjYvbWVkaWEvY29s/dW1iaWFfdG9vbHNf/Y2x0MjRfMDEud2Vi/cA,US,0.0,oz,716869564,0,0,0,0.0,0.0,0.0,inches,6.875,,"Columbia,Drywall Finishing Tools",{},"{""Size"":""24\""""}",,,100,100,0.0
CLT32,Columbia Cam Lock Tube,"32""",242.0,0.0,Columbia Tools,"",https://thumbnails.veeqo.com/-aHse7b3b8DzeyIAe9_z6i4ELPva-6RyFlVBGLHILvQ/rs:fit:1000:1000/aHR0cHM6Ly9kcnl3/YWxsdG9vbGJveC5j/b20vd3AtY29udGVu/dC91cGxvYWRzLzIw/MjYvbWVkaWEvY29s/dW1iaWFfdG9vbHNf/Y2x0MjRfMDEud2Vi/cA,US,0.0,oz,716869572,0,0,0,0.0,0.0,0.0,inches,6.875,,"Columbia,Drywall Finishing Tools",{},"{""Size"":""32\""""}",,,100,100,0.0
CLT42,Columbia Cam Lock Tube,"42""",256.0,0.0,Columbia Tools,"",https://thumbnails.veeqo.com/-aHse7b3b8DzeyIAe9_z6i4ELPva-6RyFlVBGLHILvQ/rs:fit:1000:1000/aHR0cHM6Ly9kcnl3/YWxsdG9vbGJveC5j/b20vd3AtY29udGVu/dC91cGxvYWRzLzIw/MjYvbWVkaWEvY29s/dW1iaWFfdG9vbHNf/Y2x0MjRfMDEud2Vi/cA,US,0.0,oz,716869577,0,0,0,0.0,0.0,0.0,inches,6.875,,"Columbia,Drywall Finishing Tools",{},"{""Size"":""42\""""}",,,100,100,0.0
CLT55,Columbia Cam Lock Tube,"55""",220.0,0.0,Columbia Tools,"",https://thumbnails.veeqo.com/-aHse7b3b8DzeyIAe9_z6i4ELPva-6RyFlVBGLHILvQ/rs:fit:1000:1000/aHR0cHM6Ly9kcnl3/YWxsdG9vbGJveC5j/b20vd3AtY29udGVu/dC91cGxvYWRzLzIw/MjYvbWVkaWEvY29s/dW1iaWFfdG9vbHNf/Y2x0MjRfMDEud2Vi/cA,US,0.0,oz,716869581,0,0,0,0.0,0.0,0.0,inches,6.875,,"Columbia,Drywall Finishing Tools",{},"{""Size"":""55\""""}",,,100,100,0.0
2.5CSF,Columbia Combo Flusher,"2.5""",163.99,0.0,Columbia Tools,"",https://thumbnails.veeqo.com/NCsLpk1_XACvM-UQqC1X62W9l3Ht0iDyVM5FX4MVu6c/rs:fit:1000:1000/aHR0cHM6Ly9kcnl3/YWxsdG9vbGJveC5j/b20vd3AtY29udGVu/dC91cGxvYWRzLzIw/MjYvbWVkaWEvY29s/dW1iaWFfdG9vbHNf/Ml81Y3NmXzAxLndl/YnA,US,0.0,oz,716869583,0,0,0,0.0,0.0,0.0,inches,6.875,,"Columbia,Drywall Finishing Tools",{},"{""Size"":""2.5\""""}",,,100,100,0.0
3CSF,Columbia Combo Flusher,"3""",150.0,0.0,Columbia Tools,"",https://thumbnails.veeqo.com/NCsLpk1_XACvM-UQqC1X62W9l3Ht0iDyVM5FX4MVu6c/rs:fit:1000:1000/aHR0cHM6Ly9kcnl3/YWxsdG9vbGJveC5j/b20vd3AtY29udGVu/dC91cGxvYWRzLzIw/MjYvbWVkaWEvY29s/dW1iaWFfdG9vbHNf/Ml81Y3NmXzAxLndl/YnA,US,0.0,oz,716869587,0,0,0,0.0,0.0,0.0,inches,6.875,,"Columbia,Drywall Finishing Tools",{},"{""Size"":""3\""""}",,,100,100,0.0
3WTCSF,Columbia Combo Flusher,"3"" Widetrack",122.51,0.0,Columbia Tools,"",https://thumbnails.veeqo.com/NCsLpk1_XACvM-UQqC1X62W9l3Ht0iDyVM5FX4MVu6c/rs:fit:1000:1000/aHR0cHM6Ly9kcnl3/YWxsdG9vbGJveC5j/b20vd3AtY29udGVu/dC91cGxvYWRzLzIw/MjYvbWVkaWEvY29s/dW1iaWFfdG9vbHNf/Ml81Y3NmXzAxLndl/YnA,US,0.0,oz,716869590,0,0,0,0.0,0.0,0.0,inches,6.875,,"Columbia,Drywall Finishing Tools",{},"{""Size"":""3\"" Widetrack""}",,,100,100,0.0
3.5CSF,Columbia Combo Flusher,"3.5""",181.99,0.0,Columbia Tools,"",https://thumbnails.veeqo.com/NCsLpk1_XACvM-UQqC1X62W9l3Ht0iDyVM5FX4MVu6c/rs:fit:1000:1000/aHR0cHM6Ly9kcnl3/YWxsdG9vbGJveC5j/b20vd3AtY29udGVu/dC91cGxvYWRzLzIw/MjYvbWVkaWEvY29s/dW1iaWFfdG9vbHNf/Ml81Y3NmXzAxLndl/YnA,US,0.0,oz,716869597,0,0,0,0.0,0.0,0.0,inches,6.875,,"Columbia,Drywall Finishing Tools",{},"{""Size"":""3.5\""""}",,,100,100,0.0
CMT24,Columbia Compound Tube,"24""",158.0,0.0,Columbia Tools,"",https://thumbnails.veeqo.com/1y2FHh__6nH9QRJ2WdLXIe6ft5zjQwWqIHZVct0Tza0/rs:fit:1000:1000/aHR0cHM6Ly9kcnl3/YWxsdG9vbGJveC5j/b20vd3AtY29udGVu/dC91cGxvYWRzLzIw/MjYvbWVkaWEvY29s/dW1iaWFfdG9vbHNf/Y210MjRfMDEud2Vi/cA,US,0.0,oz,716869600,0,0,0,0.0,0.0,0.0,inches,6.875,,"Columbia,Drywall Finishing Tools",{},"{""Size"":""24\""""}",,,100,100,0.0
CMT32,Columbia Compound Tube,"32""",167.0,0.0,Columbia Tools,"",https://thumbnails.veeqo.com/1y2FHh__6nH9QRJ2WdLXIe6ft5zjQwWqIHZVct0Tza0/rs:fit:1000:1000/aHR0cHM6Ly9kcnl3/YWxsdG9vbGJveC5j/b20vd3AtY29udGVu/dC91cGxvYWRzLzIw/MjYvbWVkaWEvY29s/dW1iaWFfdG9vbHNf/Y210MjRfMDEud2Vi/cA,US,0.0,oz,716869608,0,0,0,0.0,0.0,0.0,inches,6.875,,"Columbia,Drywall Finishing Tools",{},"{""Size"":""32\""""}",,,100,100,0.0
CMT42,Columbia Compound Tube,"42""",182.0,0.0,Columbia Tools,"",https://thumbnails.veeqo.com/1y2FHh__6nH9QRJ2WdLXIe6ft5zjQwWqIHZVct0Tza0/rs:fit:1000:1000/aHR0cHM6Ly9kcnl3/YWxsdG9vbGJveC5j/b20vd3AtY29udGVu/dC91cGxvYWRzLzIw/MjYvbWVkaWEvY29s/dW1iaWFfdG9vbHNf/Y210MjRfMDEud2Vi/cA,US,0.0,oz,716869614,0,0,0,0.0,0.0,0.0,inches,6.875,,"Columbia,Drywall Finishing Tools",{},"{""Size"":""42\""""}",,,100,100,0.0
CMT55,Columbia Compound Tube,"55""",190.0,0.0,Columbia Tools,"",https://thumbnails.veeqo.com/1y2FHh__6nH9QRJ2WdLXIe6ft5zjQwWqIHZVct0Tza0/rs:fit:1000:1000/aHR0cHM6Ly9kcnl3/YWxsdG9vbGJveC5j/b20vd3AtY29udGVu/dC91cGxvYWRzLzIw/MjYvbWVkaWEvY29s/dW1iaWFfdG9vbHNf/Y210MjRfMDEud2Vi/cA,US,0.0,oz,716869618,0,0,0,0.0,0.0,0.0,inches,6.875,,"Columbia,Drywall Finishing Tools",{},"{""Size"":""55\""""}",,,100,100,0.0
2.5DF,Columbia Direct Flusher,"2.5""",127.62,0.0,Columbia Tools,"",https://thumbnails.veeqo.com/lI4432As_aiVwcHSA0aXg6UTGupZRj9e-8ZEDEBxfCU/rs:fit:1000:1000/aHR0cHM6Ly9kcnl3/YWxsdG9vbGJveC5j/b20vd3AtY29udGVu/dC91cGxvYWRzLzIw/MjYvbWVkaWEvY29s/dW1iaWFfdG9vbHNf/Ml81ZGZfMDEud2Vi/cA,US,0.0,oz,716869620,0,0,0,0.0,0.0,0.0,inches,6.875,,"Columbia,Drywall Finishing Tools",{},"{""Size"":""2.5\""""}",,,100,100,0.0
3DF,Columbia Direct Flusher,"3""",98.0,0.0,Columbia Tools,"",https://thumbnails.veeqo.com/lI4432As_aiVwcHSA0aXg6UTGupZRj9e-8ZEDEBxfCU/rs:fit:1000:1000/aHR0cHM6Ly9kcnl3/YWxsdG9vbGJveC5j/b20vd3AtY29udGVu/dC91cGxvYWRzLzIw/MjYvbWVkaWEvY29s/dW1iaWFfdG9vbHNf/Ml81ZGZfMDEud2Vi/cA,US,0.0,oz,716869625,0,0,0,0.0,0.0,0.0,inches,6.875,,"Columbia,Drywall Finishing Tools",{},"{""Size"":""3\""""}",,,100,100,0.0
3WTDF,Columbia Direct Flusher,"3"" Widetrack",101.0,0.0,Columbia Tools,"",https://thumbnails.veeqo.com/lI4432As_aiVwcHSA0aXg6UTGupZRj9e-8ZEDEBxfCU/rs:fit:1000:1000/aHR0cHM6Ly9kcnl3/YWxsdG9vbGJveC5j/b20vd3AtY29udGVu/dC91cGxvYWRzLzIw/MjYvbWVkaWEvY29s/dW1iaWFfdG9vbHNf/Ml81ZGZfMDEud2Vi/cA,US,0.0,oz,716869630,0,0,0,0.0,0.0,0.0,inches,6.875,,"Columbia,Drywall Finishing Tools",{},"{""Size"":""3\"" Widetrack""}",,,100,100,0.0
3.5DF,Columbia Direct Flusher,"3.5""",146.0,0.0,Columbia Tools,"",https://thumbnails.veeqo.com/lI4432As_aiVwcHSA0aXg6UTGupZRj9e-8ZEDEBxfCU/rs:fit:1000:1000/aHR0cHM6Ly9kcnl3/YWxsdG9vbGJveC5j/b20vd3AtY29udGVu/dC91cGxvYWRzLzIw/MjYvbWVkaWEvY29s/dW1iaWFfdG9vbHNf/Ml81ZGZfMDEud2Vi/cA,US,0.0,oz,716869638,0,0,0,0.0,0.0,0.0,inches,6.875,,"Columbia,Drywall Finishing Tools",{},"{""Size"":""3.5\""""}",,,100,100,0.0
4DF,Columbia Direct Flusher,"4""",108.0,0.0,Columbia Tools,"",https://thumbnails.veeqo.com/lI4432As_aiVwcHSA0aXg6UTGupZRj9e-8ZEDEBxfCU/rs:fit:1000:1000/aHR0cHM6Ly9kcnl3/YWxsdG9vbGJveC5j/b20vd3AtY29udGVu/dC91cGxvYWRzLzIw/MjYvbWVkaWEvY29s/dW1iaWFfdG9vbHNf/Ml81ZGZfMDEud2Vi/cA,US,0.0,oz,716869642,0,0,0,0.0,0.0,0.0,inches,6.875,,"Columbia,Drywall Finishing Tools",{},"{""Size"":""4\""""}",,,100,100,0.0
SACS,Columbia Commando Set,Standard,919.0,0.0,Columbia Tools,"",https://thumbnails.veeqo.com/-iTGJ-Aiqkb9cWzuWQQgGCDPucN2RBhMNX9g0Tw3OTs/rs:fit:1000:1000/aHR0cHM6Ly9kcnl3/YWxsdG9vbGJveC5j/b20vd3AtY29udGVu/dC91cGxvYWRzLzIw/MjYvbWVkaWEvY29s/dW1iaWFfdG9vbHNf/c2Fjc18wMS53ZWJw,US,0.0,oz,716869932,0,0,0,0.0,0.0,0.0,inches,6.875,,"Columbia,Drywall Finishing Tools,Tool Sets & Kits",{},,,false,98,100,0
CT125A,Bearing,Standard,19.95,0.0,Columbia Tools,"",https://thumbnails.veeqo.com/RhQX7jrA257JM_akQUOWiVlaP2OAxpy-hr0apyH4i5U/rs:fit:1000:1000/aHR0cHM6Ly9kcnl3/YWxsdG9vbGJveC5j/b20vd3AtY29udGVu/dC91cGxvYWRzLzIw/MjYvbWVkaWEvY29s/dW1iaWFfdG9vbHNf/Y3QxMjVhXzAxLndl/YnA,US,0.0,oz,716870482,0,0,0,0.0,0.0,0.0,inches,6.875,,"Automatic Taper Body,Columbia Tools,CT125A,Repair Parts",{},{},,,100,100,0.0
BH24A,Bearing Sleeve,Standard,4.0,0.0,Columbia Tools,"",https://thumbnails.veeqo.com/x6hJJ8NOzkc_4IDTmToUGO0mEVwtb-B3vVOYQ227CkE/rs:fit:1000:1000/aHR0cHM6Ly9kcnl3/YWxsdG9vbGJveC5j/b20vd3AtY29udGVu/dC91cGxvYWRzLzIw/MjYvbWVkaWEvY29s/dW1iaWFfdG9vbHNf/YmgyNGFfMDEud2Vi/cA,US,0.0,oz,716870492,0,0,0,0.0,0.0,0.0,inches,6.875,,"Columbia Tools,Repair Parts,Corner Roller,CR-3",{},{},,,100,100,0.0
CR-3,Bearing Sleeve,Standard,19.99,0.0,Columbia Tools,"",https://thumbnails.veeqo.com/x6hJJ8NOzkc_4IDTmToUGO0mEVwtb-B3vVOYQ227CkE/rs:fit:1000:1000/aHR0cHM6Ly9kcnl3/YWxsdG9vbGJveC5j/b20vd3AtY29udGVu/dC91cGxvYWRzLzIw/MjYvbWVkaWEvY29s/dW1iaWFfdG9vbHNf/YmgyNGFfMDEud2Vi/cA,US,0.0,oz,716870506,0,0,0,0.0,0.0,0.0,inches,6.875,,"Columbia Tools,Repair Parts,Corner Roller,CR-3",{},{},,,100,100,0.0
FFB9-5.5,Blade,"5.5""",18.75,0.0,Columbia Tools,"",https://thumbnails.veeqo.com/w_AmC8idVYTl0rJ0sApAPJIYhLi5JPoc6M6BNE8MLxw/rs:fit:1000:1000/aHR0cHM6Ly9kcnl3/YWxsdG9vbGJveC5j/b20vd3AtY29udGVu/dC91cGxvYWRzLzIw/MjYvbWVkaWEvY29s/dW1iaWFfdG9vbHNf/ZmZiOV81XzVfMDEu/d2VicA,US,0.0,oz,716870508,0,0,0,0.0,0.0,0.0,inches,6.875,,"Columbia Tools,Repair Parts,Blade,HNS7",{},"{""Size"":""5.5\""""}",,,100,100,0.0
FFB9-7,Blade,"7""",22.5,0.0,Columbia Tools,"",https://thumbnails.veeqo.com/w_AmC8idVYTl0rJ0sApAPJIYhLi5JPoc6M6BNE8MLxw/rs:fit:1000:1000/aHR0cHM6Ly9kcnl3/YWxsdG9vbGJveC5j/b20vd3AtY29udGVu/dC91cGxvYWRzLzIw/MjYvbWVkaWEvY29s/dW1iaWFfdG9vbHNf/ZmZiOV81XzVfMDEu/d2VicA,US,0.0,oz,716870517,0,0,0,0.0,0.0,0.0,inches,6.875,,"Columbia Tools,Repair Parts,Blade,HNS7",{},"{""Size"":""7\""""}",,,100,100,0.0
FFB9-8,Blade,"8""",24.95,0.0,Columbia Tools,"",https://thumbnails.veeqo.com/w_AmC8idVYTl0rJ0sApAPJIYhLi5JPoc6M6BNE8MLxw/rs:fit:1000:1000/aHR0cHM6Ly9kcnl3/YWxsdG9vbGJveC5j/b20vd3AtY29udGVu/dC91cGxvYWRzLzIw/MjYvbWVkaWEvY29s/dW1iaWFfdG9vbHNf/ZmZiOV81XzVfMDEu/d2VicA,US,0.0,oz,716870526,0,0,0,0.0,0.0,0.0,inches,6.875,,"Columbia Tools,Repair Parts,Blade,HNS7",{},"{""Size"":""8\""""}",,,100,100,0.0
FFB9-10,Blade,"10""",28.95,0.0,Columbia Tools,"",https://thumbnails.veeqo.com/w_AmC8idVYTl0rJ0sApAPJIYhLi5JPoc6M6BNE8MLxw/rs:fit:1000:1000/aHR0cHM6Ly9kcnl3/YWxsdG9vbGJveC5j/b20vd3AtY29udGVu/dC91cGxvYWRzLzIw/MjYvbWVkaWEvY29s/dW1iaWFfdG9vbHNf/ZmZiOV81XzVfMDEu/d2VicA,US,0.0,oz,716870536,0,0,0,0.0,0.0,0.0,inches,6.875,,"Columbia Tools,Repair Parts,Blade,HNS7",{},"{""Size"":""10\""""}",,,100,100,0.0
FFB9-12,Blade,"12""",32.5,0.0,Columbia Tools,"",https://thumbnails.veeqo.com/w_AmC8idVYTl0rJ0sApAPJIYhLi5JPoc6M6BNE8MLxw/rs:fit:1000:1000/aHR0cHM6Ly9kcnl3/YWxsdG9vbGJveC5j/b20vd3AtY29udGVu/dC91cGxvYWRzLzIw/MjYvbWVkaWEvY29s/dW1iaWFfdG9vbHNf/ZmZiOV81XzVfMDEu/d2VicA,US,0.0,oz,716870547,0,0,0,0.0,0.0,0.0,inches,6.875,,"Columbia Tools,Repair Parts,Blade,HNS7",{},"{""Size"":""12\""""}",,,100,100,0.0
FFB9-14,Blade,"14""",36.95,0.0,Columbia Tools,"",https://thumbnails.veeqo.com/w_AmC8idVYTl0rJ0sApAPJIYhLi5JPoc6M6BNE8MLxw/rs:fit:1000:1000/aHR0cHM6Ly9kcnl3/YWxsdG9vbGJveC5j/b20vd3AtY29udGVu/dC91cGxvYWRzLzIw/MjYvbWVkaWEvY29s/dW1iaWFfdG9vbHNf/ZmZiOV81XzVfMDEu/d2VicA,US,0.0,oz,716870556,0,0,0,0.0,0.0,0.0,inches,6.875,,"Columbia Tools,Repair Parts,Blade,HNS7",{},"{""Size"":""14\""""}",,,100,100,0.0
HNS7-2,Blade,"2""",23.0,0.0,Columbia Tools,"",https://thumbnails.veeqo.com/w_AmC8idVYTl0rJ0sApAPJIYhLi5JPoc6M6BNE8MLxw/rs:fit:1000:1000/aHR0cHM6Ly9kcnl3/YWxsdG9vbGJveC5j/b20vd3AtY29udGVu/dC91cGxvYWRzLzIw/MjYvbWVkaWEvY29s/dW1iaWFfdG9vbHNf/ZmZiOV81XzVfMDEu/d2VicA,US,0.0,oz,716870565,0,0,0,0.0,0.0,0.0,inches,6.875,,"Columbia Tools,Repair Parts,Blade,HNS7",{},"{""Size"":""2\""""}",,,100,100,0.0
HNS7-3,Blade,"3""",23.0,0.0,Columbia Tools,"",https://thumbnails.veeqo.com/w_AmC8idVYTl0rJ0sApAPJIYhLi5JPoc6M6BNE8MLxw/rs:fit:1000:1000/aHR0cHM6Ly9kcnl3/YWxsdG9vbGJveC5j/b20vd3AtY29udGVu/dC91cGxvYWRzLzIw/MjYvbWVkaWEvY29s/dW1iaWFfdG9vbHNf/ZmZiOV81XzVfMDEu/d2VicA,US,0.0,oz,716870585,0,0,0,0.0,0.0,0.0,inches,6.875,,"Columbia Tools,Repair Parts,Blade,HNS7",{},"{""Size"":""3\""""}",,,100,100,0.0
HNS8-2,Blade Holder,"2""",33.0,0.0,Columbia Tools,"",https://thumbnails.veeqo.com/QTdMh0K13i56VE_yiwNM0t5Jt24V5TlUe3BqUZl-Vbc/rs:fit:1000:1000/aHR0cHM6Ly9kcnl3/YWxsdG9vbGJveC5j/b20vd3AtY29udGVu/dC91cGxvYWRzLzIw/MjYvbWVkaWEvY29s/dW1iaWFfdG9vbHNf/aG5zOF8yXzAxLndl/YnA,US,0.0,oz,716870599,0,0,0,0.0,0.0,0.0,inches,6.875,,"Columbia Tools,Repair Parts,Blade Holder,HNS8",{},"{""Size"":""2\""""}",,,100,100,0.0
HNS8-3,Blade Holder,"3""",33.0,0.0,Columbia Tools,"",https://thumbnails.veeqo.com/QTdMh0K13i56VE_yiwNM0t5Jt24V5TlUe3BqUZl-Vbc/rs:fit:1000:1000/aHR0cHM6Ly9kcnl3/YWxsdG9vbGJveC5j/b20vd3AtY29udGVu/dC91cGxvYWRzLzIw/MjYvbWVkaWEvY29s/dW1iaWFfdG9vbHNf/aG5zOF8yXzAxLndl/YnA,US,0.0,oz,716870610,0,0,0,0.0,0.0,0.0,inches,6.875,,"Columbia Tools,Repair Parts,Blade Holder,HNS8",{},"{""Size"":""3\""""}",,,100,100,0.0
HH16A,Bleeder Screw,Standard,17.0,0.0,Columbia Tools,"",https://thumbnails.veeqo.com/7I0nfTr1g86Z0z8iEm1mZgYphUucCqCZ1VpSp-p82GU/rs:fit:1000:1000/aHR0cHM6Ly9kcnl3/YWxsdG9vbGJveC5j/b20vd3AtY29udGVu/dC91cGxvYWRzLzIw/MjYvbWVkaWEvY29s/dW1iaWFfdG9vbHNf/aGgxNmFfMDEud2Vi/cA,US,0.0,oz,716870613,0,0,0,0.0,0.0,0.0,inches,6.875,,"Columbia Tools,Repair Parts,HH16A,Hydra-Reach Box Handle",{},{},,,100,100,0.0
HH10B,Bottom Cap,Standard,2.0,0.0,Columbia Tools,"",https://thumbnails.veeqo.com/7_uZDFDeNeNRLbHPu2A91NFX-uSbQs4g8NFIR_hKlgs/rs:fit:1000:1000/aHR0cHM6Ly9kcnl3/YWxsdG9vbGJveC5j/b20vd3AtY29udGVu/dC91cGxvYWRzLzIw/MjYvbWVkaWEvY29s/dW1iaWFfdG9vbHNf/aGgxMGJfMDEud2Vi/cA,US,0.0,oz,716870615,0,0,0,0.0,0.0,0.0,inches,6.875,,"Columbia Tools,Repair Parts,Hydra-Reach Box Handle,HH10B",{},{},,,100,100,0.0
AH9A,Bottom Retainer Corner Clip,"3.5"" / All Sizes Post 2014",11.5,0.0,Columbia Tools,"",https://thumbnails.veeqo.com/8YR61IAUd3GeuheObAKLIf7Sux7YVlq_8y64pz_nlGo/rs:fit:1000:1000/aHR0cHM6Ly9kcnl3/YWxsdG9vbGJveC5j/b20vd3AtY29udGVu/dC91cGxvYWRzLzIw/MjYvbWVkaWEvY29s/dW1iaWFfdG9vbHNf/YWg5YV8wMS53ZWJw,US,0.0,oz,716870621,0,0,0,0.0,0.0,0.0,inches,6.875,,"Columbia Tools,Repair Parts,AH9,Angle Head",{},"{""Model"":""3.5\"" / All Sizes Post 2014""}",,,100,100,0.0
AH9,Bottom Retainer Corner Clip,Standard,10.0,0.0,Columbia Tools,"",https://thumbnails.veeqo.com/8YR61IAUd3GeuheObAKLIf7Sux7YVlq_8y64pz_nlGo/rs:fit:1000:1000/aHR0cHM6Ly9kcnl3/YWxsdG9vbGJveC5j/b20vd3AtY29udGVu/dC91cGxvYWRzLzIw/MjYvbWVkaWEvY29s/dW1iaWFfdG9vbHNf/YWg5YV8wMS53ZWJw,US,0.0,oz,716870628,0,0,0,0.0,0.0,0.0,inches,6.875,,"Columbia Tools,Repair Parts,AH9,Angle Head",{},"{""Model"":""Standard""}",,,100,100,0.0
CFB8,Box Mount,Standard,44.0,0.0,Columbia Tools,"",https://thumbnails.veeqo.com/MDFHfhHNSXNLHJ7MPOUqQSsaPCkTBV4_8s8A85KyU2E/rs:fit:1000:1000/aHR0cHM6Ly9kcnl3/YWxsdG9vbGJveC5j/b20vd3AtY29udGVu/dC91cGxvYWRzLzIw/MjYvbWVkaWEvY29s/dW1iaWFfdG9vbHNf/Y2ZiOF8wMS53ZWJw,US,0.0,oz,716870630,0,0,0,0.0,0.0,0.0,inches,6.875,,"Columbia Tools,Repair Parts,CFB8,Corner Flusher Box",{},{},,,100,100,0.0
FFB36,Box Wheel,Standard,5.0,0.0,Columbia Tools,"",https://thumbnails.veeqo.com/p496caC9I795CzKHvIRVuVn43mK69tpNB33dOFF6vQ8/rs:fit:1000:1000/aHR0cHM6Ly9kcnl3/YWxsdG9vbGJveC5j/b20vd3AtY29udGVu/dC91cGxvYWRzLzIw/MjYvbWVkaWEvY29s/dW1iaWFfdG9vbHNf/ZmZiMzZfMDEud2Vi/cA,US,0.0,oz,716870631,0,0,0,0.0,0.0,0.0,inches,6.875,,"Columbia Tools,Repair Parts,FFB36,Flat Finishing Box",{},{},,,100,100,0.0
CT87A,Bracket Brace,Standard,14.5,0.0,Columbia Tools,"",https://thumbnails.veeqo.com/fu0wcAoeCVWXGhYtPZqIgAjxU8cVBfjoX3KO5SNkNdw/rs:fit:1000:1000/aHR0cHM6Ly9kcnl3/YWxsdG9vbGJveC5j/b20vd3AtY29udGVu/dC91cGxvYWRzLzIw/MjYvbWVkaWEvY29s/dW1iaWFfdG9vbHNf/Y3Q4N2FfMDEud2Vi/cA,US,0.0,oz,716870633,0,0,0,0.0,0.0,0.0,inches,6.875,,"Columbia Tools,Repair Parts,Automatic Taper Head,CT87A",{},{},,,100,100,0.0
HH7,Brake,Standard,22.0,0.0,Columbia Tools,"",https://thumbnails.veeqo.com/eUQ1ocYPiCd2x2hDCoiL8hkTOrhM8Pfzki7NYfHIA98/rs:fit:1000:1000/aHR0cHM6Ly9kcnl3/YWxsdG9vbGJveC5j/b20vd3AtY29udGVu/dC91cGxvYWRzLzIw/MjYvbWVkaWEvY29s/dW1iaWFfdG9vbHNf/aGg3XzAxLndlYnA,US,0.0,oz,716870636,0,0,0,0.0,0.0,0.0,inches,6.875,,"Columbia Tools,Repair Parts,Hydra-Reach Box Handle,HH7",{},{},,,100,100,0.0
MH9A,Brake Activation Rod,Standard,24.0,0.0,Columbia Tools,"",https://thumbnails.veeqo.com/SLobD8pceWSpbMODcjxC2FoXPbr2D80X7YRqsMT9VBg/rs:fit:1000:1000/aHR0cHM6Ly9kcnl3/YWxsdG9vbGJveC5j/b20vd3AtY29udGVu/dC91cGxvYWRzLzIw/MjYvbWVkaWEvY29s/dW1iaWFfdG9vbHNf/bWg5YV8wMS53ZWJw,US,0.0,oz,716870640,0,0,0,0.0,0.0,0.0,inches,6.875,,"Columbia Tools,Repair Parts,Matrix Handle,MH9A",{},{},,,100,100,0.0
BH9-3,Brake Connecting Strap,3',27.0,0.0,Columbia Tools,"",https://thumbnails.veeqo.com/TGH5B_wF7Y-Y9z3n8m7mtaeT_mlGG1Vs-fjBfNbMsKM/rs:fit:1000:1000/aHR0cHM6Ly9kcnl3/YWxsdG9vbGJveC5j/b20vd3AtY29udGVu/dC91cGxvYWRzLzIw/MjYvbWVkaWEvY29s/dW1iaWFfdG9vbHNf/Ymg5XzNfMDEud2Vi/cA,US,0.0,oz,716870646,0,0,0,0.0,0.0,0.0,inches,6.875,,"Columbia Tools,Repair Parts,BH9,Brake Connecting Strap",{},"{""Length"":""3'""}",,,100,100,0.0
BH9-42,Brake Connecting Strap,"42""",29.0,0.0,Columbia Tools,"",https://thumbnails.veeqo.com/TGH5B_wF7Y-Y9z3n8m7mtaeT_mlGG1Vs-fjBfNbMsKM/rs:fit:1000:1000/aHR0cHM6Ly9kcnl3/YWxsdG9vbGJveC5j/b20vd3AtY29udGVu/dC91cGxvYWRzLzIw/MjYvbWVkaWEvY29s/dW1iaWFfdG9vbHNf/Ymg5XzNfMDEud2Vi/cA,US,0.0,oz,716870650,0,0,0,0.0,0.0,0.0,inches,6.875,,"Columbia Tools,Repair Parts,BH9,Brake Connecting Strap",{},"{""Length"":""42\""""}",,,100,100,0.0
BH9-4,Brake Connecting Strap,4',31.0,0.0,Columbia Tools,"",https://thumbnails.veeqo.com/TGH5B_wF7Y-Y9z3n8m7mtaeT_mlGG1Vs-fjBfNbMsKM/rs:fit:1000:1000/aHR0cHM6Ly9kcnl3/YWxsdG9vbGJveC5j/b20vd3AtY29udGVu/dC91cGxvYWRzLzIw/MjYvbWVkaWEvY29s/dW1iaWFfdG9vbHNf/Ymg5XzNfMDEud2Vi/cA,US,0.0,oz,716870654,0,0,0,0.0,0.0,0.0,inches,6.875,,"Columbia Tools,Repair Parts,BH9,Brake Connecting Strap",{},"{""Length"":""4'""}",,,100,100,0.0
BH9-5,Brake Connecting Strap,5',33.0,0.0,Columbia Tools,"",https://thumbnails.veeqo.com/TGH5B_wF7Y-Y9z3n8m7mtaeT_mlGG1Vs-fjBfNbMsKM/rs:fit:1000:1000/aHR0cHM6Ly9kcnl3/YWxsdG9vbGJveC5j/b20vd3AtY29udGVu/dC91cGxvYWRzLzIw/MjYvbWVkaWEvY29s/dW1iaWFfdG9vbHNf/Ymg5XzNfMDEud2Vi/cA,US,0.0,oz,716870656,0,0,0,0.0,0.0,0.0,inches,6.875,,"Columbia Tools,Repair Parts,BH9,Brake Connecting Strap",{},"{""Length"":""5'""}",,,100,100,0.0
BH9-6,Brake Connecting Strap,6',35.0,0.0,Columbia Tools,"",https://thumbnails.veeqo.com/TGH5B_wF7Y-Y9z3n8m7mtaeT_mlGG1Vs-fjBfNbMsKM/rs:fit:1000:1000/aHR0cHM6Ly9kcnl3/YWxsdG9vbGJveC5j/b20vd3AtY29udGVu/dC91cGxvYWRzLzIw/MjYvbWVkaWEvY29s/dW1iaWFfdG9vbHNf/Ymg5XzNfMDEud2Vi/cA,US,0.0,oz,716870658,0,0,0,0.0,0.0,0.0,inches,6.875,,"Columbia Tools,Repair Parts,BH9,Brake Connecting Strap",{},"{""Length"":""6'""}",,,100,100,0.0
CT16,Brake Dog,Standard,15.0,0.0,Columbia Tools,"",https://thumbnails.veeqo.com/e1iNnlnFDXK4jmNP2nmzaoSt5bnla9mukx9eCI2-KnY/rs:fit:1000:1000/aHR0cHM6Ly9kcnl3/YWxsdG9vbGJveC5j/b20vd3AtY29udGVu/dC91cGxvYWRzLzIw/MjYvbWVkaWEvY29s/dW1iaWFfdG9vbHNf/Y3QxNl8wMS53ZWJw,US,0.0,oz,716870660,0,0,0,0.0,0.0,0.0,inches,6.875,,"Columbia Tools,Repair Parts,Automatic Taper Head,CT16",{},{},,,100,100,0.0
HH13,Brake Pin,Standard,16.0,0.0,Columbia Tools,"",https://thumbnails.veeqo.com/740UrU5VDBqIFh4w1UosZTB-gaKM7168RvcLptw6M3w/rs:fit:1000:1000/aHR0cHM6Ly9kcnl3/YWxsdG9vbGJveC5j/b20vd3AtY29udGVu/dC91cGxvYWRzLzIw/MjYvbWVkaWEvY29s/dW1iaWFfdG9vbHNf/aGgxM18wMS53ZWJw,US,0.0,oz,716870669,0,0,0,0.0,0.0,0.0,inches,6.875,,"Columbia Tools,Repair Parts,Hydra-Reach Box Handle,HH13",{},{},,,100,100,0.0
HH14,Brake Piston,Standard,17.0,0.0,Columbia Tools,"",https://thumbnails.veeqo.com/AB65gr6kTt-6babjKV1IDVsc0XjtvRCW1EwE8z5AxGo/rs:fit:1000:1000/aHR0cHM6Ly9kcnl3/YWxsdG9vbGJveC5j/b20vd3AtY29udGVu/dC91cGxvYWRzLzIw/MjYvbWVkaWEvY29s/dW1iaWFfdG9vbHNf/aGgxNF8wMS53ZWJw,US,0.0,oz,716870677,0,0,0,0.0,0.0,0.0,inches,6.875,,"Columbia Tools,Repair Parts,Hydra-Reach Box Handle,HH14",{},{},,,100,100,0.0
MH8,Brake Rod Bushing,Standard,8.0,0.0,Columbia Tools,"",https://thumbnails.veeqo.com/EcNYQFTbhMlgEvv6DcEl3N8qANXy56ULlpEn68gLO3Q/rs:fit:1000:1000/aHR0cHM6Ly9kcnl3/YWxsdG9vbGJveC5j/b20vd3AtY29udGVu/dC91cGxvYWRzLzIw/MjYvbWVkaWEvY29s/dW1iaWFfdG9vbHNf/bWg4XzAxLndlYnA,US,0.0,oz,716870684,0,0,0,0.0,0.0,0.0,inches,6.875,,"Columbia Tools,Repair Parts,Matrix Handle,MH8",{},{},,,100,100,0.0
HH12,Brake Spring,Standard,5.0,0.0,Columbia Tools,"",https://thumbnails.veeqo.com/NT-cd2Jd_poHjh-ZjanjvbMN2rsDV3K1ndb-aBRLSMk/rs:fit:1000:1000/aHR0cHM6Ly9kcnl3/YWxsdG9vbGJveC5j/b20vd3AtY29udGVu/dC91cGxvYWRzLzIw/MjYvbWVkaWEvY29s/dW1iaWFfdG9vbHNf/aGgxMl8wMS53ZWJw,US,0.0,oz,716870689,0,0,0,0.0,0.0,0.0,inches,6.875,,"Columbia Tools,Repair Parts,Hydra-Reach Box Handle,HH12",{},{},,,100,100,0.0
HH17A,Brass Connector,1,5.0,0.0,Columbia Tools,"",https://thumbnails.veeqo.com/ZHNJnfw7BxrgF2D1qiRbQMC3ciUhN2Cy0ZL1lPzkcCE/rs:fit:1000:1000/aHR0cHM6Ly9kcnl3/YWxsdG9vbGJveC5j/b20vd3AtY29udGVu/dC91cGxvYWRzLzIw/MjYvbWVkaWEvY29s/dW1iaWFfdG9vbHNf/aGgxN2FfMDEud2Vi/cA,US,0.0,oz,716870690,0,0,0,0.0,0.0,0.0,inches,6.875,,"Columbia Tools,Repair Parts,Brass Connector,HH17A,HH17B",{},"{""Number"":""1""}",,,100,100,0.0
HH17B,Brass Connector,2,5.0,0.0,Columbia Tools,"",https://thumbnails.veeqo.com/ZHNJnfw7BxrgF2D1qiRbQMC3ciUhN2Cy0ZL1lPzkcCE/rs:fit:1000:1000/aHR0cHM6Ly9kcnl3/YWxsdG9vbGJveC5j/b20vd3AtY29udGVu/dC91cGxvYWRzLzIw/MjYvbWVkaWEvY29s/dW1iaWFfdG9vbHNf/aGgxN2FfMDEud2Vi/cA,US,0.0,oz,716870693,0,0,0,0.0,0.0,0.0,inches,6.875,,"Columbia Tools,Repair Parts,Brass Connector,HH17A,HH17B",{},"{""Number"":""2""}",,,100,100,0.0
CT72,Cable,Standard,10.0,0.0,Columbia Tools,"",https://thumbnails.veeqo.com/H1hHlO21-VjCU3NHlpIytKrx6QxlPjI9xfX8mt0YTXs/rs:fit:1000:1000/aHR0cHM6Ly9kcnl3/YWxsdG9vbGJveC5j/b20vd3AtY29udGVu/dC91cGxvYWRzLzIw/MjYvbWVkaWEvY29s/dW1iaWFfdG9vbHNf/Y3Q3Ml8wMS53ZWJw,US,0.0,oz,716870694,0,0,0,0.0,0.0,0.0,inches,6.875,,"Automatic Taper Body,Columbia Tools,Repair Parts,Automatic Taper Head,CT72",{},{},,,100,100,0.0
CT73,Cable Drum,Standard,28.95,0.0,Columbia Tools,"",https://thumbnails.veeqo.com/Rps1QN61iMvZZPcvYQ7Audl3Oe8usQvRSdEno54Wk0Y/rs:fit:1000:1000/aHR0cHM6Ly9kcnl3/YWxsdG9vbGJveC5j/b20vd3AtY29udGVu/dC91cGxvYWRzLzIw/MjYvbWVkaWEvY29s/dW1iaWFfdG9vbHNf/Y3Q3M18wMS53ZWJw,US,0.0,oz,716870696,0,0,0,0.0,0.0,0.0,inches,6.875,,"Columbia Tools,Repair Parts,Automatic Taper Head,CT73",{},{},,,100,100,0.0
BH26,Cam,Standard,21.95,0.0,Columbia Tools,"",https://thumbnails.veeqo.com/udXUU9sMNLg927JnADk8GIcpYAXQa39lb7UcSO0KBEk/rs:fit:1000:1000/aHR0cHM6Ly9kcnl3/YWxsdG9vbGJveC5j/b20vd3AtY29udGVu/dC91cGxvYWRzLzIw/MjYvbWVkaWEvY29s/dW1iaWFfdG9vbHNf/YmgyNl8wMS53ZWJw,US,0.0,oz,716870697,0,0,0,0.0,0.0,0.0,inches,6.875,,"Columbia Tools,Repair Parts,180 Grip Box Handle,BH26",{},{},,,100,100,0.0
BH7,Cam Follower,Standard,15.0,0.0,Columbia Tools,"",https://thumbnails.veeqo.com/5FMKotAxgiMb71X3GmOhYi6jPy_43rbAW-63Qv2EJYY/rs:fit:1000:1000/aHR0cHM6Ly9kcnl3/YWxsdG9vbGJveC5j/b20vd3AtY29udGVu/dC91cGxvYWRzLzIw/MjYvbWVkaWEvY29s/dW1iaWFfdG9vbHNf/Ymg3XzAxLndlYnA,US,0.0,oz,716870698,0,0,0,0.0,0.0,0.0,inches,6.875,,"Columbia Tools,Repair Parts,180 Grip Box Handle,BH7",{},{},,,100,100,0.0
HH19,Cap,Standard,17.0,0.0,Columbia Tools,"",,US,0.0,oz,716870699,0,0,0,0.0,0.0,0.0,inches,6.875,,"Columbia Tools,Repair Parts,Hydra-Reach Box Handle,HH19",{},{},,,100,100,0.0
CT35,Cap Reinforcing Tab,Standard,4.0,0.0,Columbia Tools,"",https://thumbnails.veeqo.com/INHI960ENwkrtVcwF_xR9pQuNuOJFa39UOxepVqjLu4/rs:fit:1000:1000/aHR0cHM6Ly9kcnl3/YWxsdG9vbGJveC5j/b20vd3AtY29udGVu/dC91cGxvYWRzLzIw/MjYvbWVkaWEvY29s/dW1iaWFfdG9vbHNf/Y3QzNV8wMS53ZWJw,US,0.0,oz,716870701,0,0,0,0.0,0.0,0.0,inches,6.875,,"Columbia Tools,Repair Parts,Automatic Taper Head,CT35",{},{},,,100,100,0.0
CT55,Carriage Guide Rod,Standard,12.0,0.0,Columbia Tools,"",https://thumbnails.veeqo.com/wFC6nXmvhVABIlBk47j60EHLoktdCArxD2WnV0PN69c/rs:fit:1000:1000/aHR0cHM6Ly9kcnl3/YWxsdG9vbGJveC5j/b20vd3AtY29udGVu/dC91cGxvYWRzLzIw/MjYvbWVkaWEvY29s/dW1iaWFfdG9vbHNf/Y3Q1NV8wMS53ZWJw,US,0.0,oz,716870705,0,0,0,0.0,0.0,0.0,inches,6.875,,"Columbia Tools,Repair Parts,Automatic Taper Head,CT55",{},{},,,100,100,0.0
CT56,Carriage Guide Rod Stop,Standard,7.0,0.0,Columbia Tools,"",https://thumbnails.veeqo.com/B1DdG2p_m4VLHX1pQ0x5wM0n1yXRp2GjQfLySUN4OpY/rs:fit:1000:1000/aHR0cHM6Ly9kcnl3/YWxsdG9vbGJveC5j/b20vd3AtY29udGVu/dC91cGxvYWRzLzIw/MjYvbWVkaWEvY29s/dW1iaWFfdG9vbHNf/Y3Q1Nl8wMS53ZWJw,US,0.0,oz,716870707,0,0,0,0.0,0.0,0.0,inches,6.875,,"Columbia Tools,Repair Parts,Automatic Taper Head,CT56",{},{},,,100,100,0.0
CT31,Chain Tension & Guide Bracket,Standard,6.0,0.0,Columbia Tools,"",https://thumbnails.veeqo.com/ODzGVm6U8kqmsrWB-wt9tX9Fi83mUVjBtH99aHVzgz4/rs:fit:1000:1000/aHR0cHM6Ly9kcnl3/YWxsdG9vbGJveC5j/b20vd3AtY29udGVu/dC91cGxvYWRzLzIw/MjYvbWVkaWEvY29s/dW1iaWFfdG9vbHNf/Y3QzMV8wMS53ZWJw,US,0.0,oz,716870710,0,0,0,0.0,0.0,0.0,inches,6.875,,"Columbia Tools,Repair Parts,Automatic Taper Head,CT31",{},{},,,100,100,0.0
CT83,Clutch Dog,Standard,3.0,0.0,Columbia Tools,"",https://thumbnails.veeqo.com/wi8w6q7moIt7GgP8De4PjoGfyY0tinUN3z0eipunycc/rs:fit:1000:1000/aHR0cHM6Ly9kcnl3/YWxsdG9vbGJveC5j/b20vd3AtY29udGVu/dC91cGxvYWRzLzIw/MjYvbWVkaWEvY29s/dW1iaWFfdG9vbHNf/Y3Q4M18wMS53ZWJw,US,0.0,oz,716870714,0,0,0,0.0,0.0,0.0,inches,6.875,,"Columbia Tools,Repair Parts,Automatic Taper Head,CT83",{},{},,,100,100,0.0
CT82,Clutch Lever,Standard,19.75,0.0,Columbia Tools,"",https://thumbnails.veeqo.com/ZPBavn9am9gNWM1-izKojHqHaqQFRKXhl7UEUciWJcw/rs:fit:1000:1000/aHR0cHM6Ly9kcnl3/YWxsdG9vbGJveC5j/b20vd3AtY29udGVu/dC91cGxvYWRzLzIw/MjYvbWVkaWEvY29s/dW1iaWFfdG9vbHNf/Y3Q4Ml8wMS53ZWJw,US,0.0,oz,716870715,0,0,0,0.0,0.0,0.0,inches,6.875,,"Columbia Tools,Repair Parts,Automatic Taper Head,CT82",{},{},,,100,100,0.0
CT88,Clutch Release Rod,Standard,16.5,0.0,Columbia Tools,"",https://thumbnails.veeqo.com/Ji3mIUO0RN_37IZSH6dNAR4_jCRwkvYP8tXgXnU7Et8/rs:fit:1000:1000/aHR0cHM6Ly9kcnl3/YWxsdG9vbGJveC5j/b20vd3AtY29udGVu/dC91cGxvYWRzLzIw/MjYvbWVkaWEvY29s/dW1iaWFfdG9vbHNf/Y3Q4OF8wMS53ZWJw,US,0.0,oz,716870722,0,0,0,0.0,0.0,0.0,inches,6.875,,"Columbia Tools,Repair Parts,Automatic Taper Head,CT88",{},{},,,100,100,0.0
CT85,Clutch Release Shaft,Standard,40.0,0.0,Columbia Tools,"",https://thumbnails.veeqo.com/7kK06AK4eYO5w7zKOriBXCTHe68ljozlvsCe5ZXACUI/rs:fit:1000:1000/aHR0cHM6Ly9kcnl3/YWxsdG9vbGJveC5j/b20vd3AtY29udGVu/dC91cGxvYWRzLzIw/MjYvbWVkaWEvY29s/dW1iaWFfdG9vbHNf/Y3Q4NV8wMS53ZWJw,US,0.0,oz,716870725,0,0,0,0.0,0.0,0.0,inches,6.875,,"Columbia Tools,Repair Parts,Automatic Taper Head,CT85",{},{},,,100,100,0.0
CT81,Clutch Return Spring,Standard,3.0,0.0,Columbia Tools,"",https://thumbnails.veeqo.com/kBOxhOY9z__F806qfY5tnyF4887SMAozdNT5FaCJFxI/rs:fit:1000:1000/aHR0cHM6Ly9kcnl3/YWxsdG9vbGJveC5j/b20vd3AtY29udGVu/dC91cGxvYWRzLzIw/MjYvbWVkaWEvY29s/dW1iaWFfdG9vbHNf/Y3Q4MV8wMS53ZWJw,US,0.0,oz,716870730,0,0,0,0.0,0.0,0.0,inches,6.875,,"Columbia Tools,Repair Parts,Automatic Taper Head,CT81",{},{},,,100,100,0.0
HH9,Coiled Hydraulic Line,Standard,40.0,0.0,Columbia Tools,"",https://thumbnails.veeqo.com/bNpQQA8zAX7y9dUfEy694X1VscUR0qV5N77jxKw8PB8/rs:fit:1000:1000/aHR0cHM6Ly9kcnl3/YWxsdG9vbGJveC5j/b20vd3AtY29udGVu/dC91cGxvYWRzLzIw/MjYvbWVkaWEvY29s/dW1iaWFfdG9vbHNf/aGg5XzAxLndlYnA,US,0.0,oz,716870733,0,0,0,0.0,0.0,0.0,inches,6.875,,"Columbia Tools,Repair Parts,Hydra-Reach Box Handle,HH9",{},{},,,100,100,0.0
HP44,Collar O-Ring,Standard,2.0,0.0,Columbia Tools,"",https://thumbnails.veeqo.com/zdtkbW0MmZFT1Ysu6h_lEAj8Mi6z4OAS7yrGrkYbrp4/rs:fit:1000:1000/aHR0cHM6Ly9kcnl3/YWxsdG9vbGJveC5j/b20vd3AtY29udGVu/dC91cGxvYWRzLzIw/MjYvbWVkaWEvY29s/dW1iaWFfdG9vbHNf/aHA0NF8wMS53ZWJw,US,0.0,oz,716870737,0,0,0,0.0,0.0,0.0,inches,6.875,,"Columbia Tools,Repair Parts,Hot Mud Pump,HP44",{},{},,,100,100,0.0
AHA,Columbia Angle Head Adapter,Standard,24.87,0.0,Columbia Tools,"",https://thumbnails.veeqo.com/nMJV60yEFgkcz1BKogUHXSpM_dD6MTkphiA0o6S4yO0/rs:fit:1000:1000/aHR0cHM6Ly9kcnl3/YWxsdG9vbGJveC5j/b20vd3AtY29udGVu/dC91cGxvYWRzLzIw/MjYvbWVkaWEvY29s/dW1iaWFfdG9vbHNf/YWhhXzAxLXNjYWxl/ZC53ZWJw,US,0.0,oz,716870740,0,0,0,0.0,0.0,0.0,inches,6.875,,"Columbia,Drywall Finishing Tools",{},{},,,98,100,0.0
CMH,Columbia Closet Monster Handle,Standard,115.0,0.0,Columbia Tools,"",https://thumbnails.veeqo.com/fMAVGNq9Df7wnS5ntmIcI0y0YmtHv2KXd290NDs7m8k/rs:fit:1000:1000/aHR0cHM6Ly9kcnl3/YWxsdG9vbGJveC5j/b20vd3AtY29udGVu/dC91cGxvYWRzLzIw/MjYvbWVkaWEvY29s/dW1iaWFfdG9vbHNf/Y21oXzAxLXNjYWxl/ZC53ZWJw,US,0.0,oz,716870741,0,0,0,0.0,0.0,0.0,inches,6.875,,"Columbia,Drywall Finishing Tools",{},{},,,99,100,0.0
CC,Columbia Corner Cobra,Standard,401.0,0.0,Columbia Tools,"",https://thumbnails.veeqo.com/CA_CU4J2HyiCDEq2unUGCACM7hX8hd_lvQjCwPDhSGc/rs:fit:1000:1000/aHR0cHM6Ly9kcnl3/YWxsdG9vbGJveC5j/b20vd3AtY29udGVu/dC91cGxvYWRzLzIw/MjYvbWVkaWEvY29s/dW1iaWFfdG9vbHNf/Y2NfMDEud2VicA,US,0.0,oz,716870742,0,0,0,0.0,0.0,0.0,inches,6.875,,"Columbia,Drywall Finishing Tools",{},{},,,100,100,0.0
CR,Columbia Corner Roller,"",141.0,0.0,Columbia Tools,"",https://thumbnails.veeqo.com/nnnLVWX7iBRCiXGDWo5xynf_R0RmkNM_CGBKBlhLQec/rs:fit:1000:1000/aHR0cHM6Ly9kcnl3/YWxsdG9vbGJveC5j/b20vd3AtY29udGVu/dC91cGxvYWRzLzIw/MjYvbWVkaWEvY29s/dW1iaWFfdG9vbHNf/Y3JfMDEud2VicA,US,0.0,oz,716870745,0,0,0,0.0,0.0,0.0,inches,6.875,,"Columbia,Drywall Finishing Tools",{},{},,,100,100,0.0
CT86,Columbia CT86 – Toe Kicker Cable,Standard,14.95,0.0,Columbia Tools,"",https://thumbnails.veeqo.com/-pFKS-p6vVbe_K8Fd_NzJgF48f2xtPw5k6sjyXPY-1s/rs:fit:1000:1000/aHR0cHM6Ly9kcnl3/YWxsdG9vbGJveC5j/b20vd3AtY29udGVu/dC91cGxvYWRzLzIw/MjYvbWVkaWEvY29s/dW1iaWFfdG9vbHNf/Y3Q4Nl8wMS53ZWJw,US,0.0,oz,716870749,0,0,0,0.0,0.0,0.0,inches,6.875,,"Columbia Tools,Repair Parts,Automatic Taper Head,CT86",{},{},,,100,100,0.0
FA259,"Columbia FA259 8-32 X 5/16"" Binder Slot",Standard,1.0,0.0,Columbia Tools,"",https://thumbnails.veeqo.com/LvkpopLq94lod5pv2hf2BrfRJOpgaTLDuVlZa8VLhkc/rs:fit:1000:1000/aHR0cHM6Ly9kcnl3/YWxsdG9vbGJveC5j/b20vd3AtY29udGVu/dC91cGxvYWRzLzIw/MjYvbWVkaWEvY29s/dW1iaWFfdG9vbHNf/ZmEyNTlfMDEud2Vi/cA,US,0.0,oz,716870758,0,0,0,0.0,0.0,0.0,inches,6.875,,"Columbia Tools,Repair Parts,Hydra-Reach Box Handle,FA259",{},{},,,100,100,0.0
FA292,Columbia FA292 1/4-20 Nyloc Jam Nut,Standard,3.15,0.0,Columbia Tools,"",https://thumbnails.veeqo.com/_Vs6s29y6u1DLkrLvWfymagFPFR4fN4qjUexWriqhDk/rs:fit:1000:1000/aHR0cHM6Ly9kcnl3/YWxsdG9vbGJveC5j/b20vd3AtY29udGVu/dC91cGxvYWRzLzIw/MjYvbWVkaWEvY29s/dW1iaWFfdG9vbHNf/ZmEyOTJfMDEud2Vi/cA,US,0.0,oz,716870765,0,0,0,0.0,0.0,0.0,inches,6.875,,"Automatic Taper Body,Columbia Tools,Repair Parts,Hot Mud Pump,FA292",{},{},,,100,100,0.0
SPTAPER,Columbia Predator Sawed Off Taper,Standard,1896.0,0.0,Columbia Tools,"",https://thumbnails.veeqo.com/DnVQICI7Mk8J098wtk0iqnbhNc4betfUJ9GCoHuwdV8/rs:fit:1000:1000/aHR0cHM6Ly9kcnl3/YWxsdG9vbGJveC5j/b20vd3AtY29udGVu/dC91cGxvYWRzLzIw/MjYvbWVkaWEvY29s/dW1iaWFfdG9vbHNf/c3B0YXBlcl8wMS53/ZWJw,US,0.0,oz,716869503,0,0,0,0.0,0.0,0.0,inches,6.875,,"Automatic Tapers,Columbia,Drywall Finishing Tools,Predator Family",{},{},,,99,100,0.0
PTAPER,Columbia One Predator Taper,Standard,1838.55,0.0,Columbia Tools,"",https://thumbnails.veeqo.com/CAOKG4lLimXlPcdigDT7VLBpuk55M9Xxv0_8O3rn-Qw/rs:fit:1000:1000/aHR0cHM6Ly9kcnl3/YWxsdG9vbGJveC5j/b20vd3AtY29udGVu/dC91cGxvYWRzLzIw/MjYvbWVkaWEvY29s/dW1iaWFfdG9vbHNf/cHRhcGVyXzAxLXNj/YWxlZC53ZWJw,US,0.0,oz,716869519,0,0,0,0.0,0.0,0.0,inches,6.875,,"Automatic Tapers,Columbia,Drywall Finishing Tools,Predator Family",{},{},,,99,100,0.0
5.5FBB,Columbia Fat Boy Flat Box,"5.5""",189.95,0.0,Columbia Tools,"",https://thumbnails.veeqo.com/vD80YqzIIEK6I_G0gTXGeZ7j8zfucshOy8VDB7kb7AU/rs:fit:1000:1000/aHR0cHM6Ly9kcnl3/YWxsdG9vbGJveC5j/b20vd3AtY29udGVu/dC91cGxvYWRzLzIw/MjYvbWVkaWEvY29s/dW1iaWFfdG9vbHNf/NTVmYmJfMDEud2Vi/cA,US,0.0,oz,716869648,0,0,0,0.0,0.0,0.0,inches,6.875,,"Columbia,Drywall Finishing Tools",{},"{""Size"":""5.5\""""}",,,100,100,0.0
8FBB,Columbia Fat Boy Flat Box,"8""",443.42,0.0,Columbia Tools,"",https://thumbnails.veeqo.com/vD80YqzIIEK6I_G0gTXGeZ7j8zfucshOy8VDB7kb7AU/rs:fit:1000:1000/aHR0cHM6Ly9kcnl3/YWxsdG9vbGJveC5j/b20vd3AtY29udGVu/dC91cGxvYWRzLzIw/MjYvbWVkaWEvY29s/dW1iaWFfdG9vbHNf/NTVmYmJfMDEud2Vi/cA,US,0.0,oz,716869655,0,0,0,0.0,0.0,0.0,inches,6.875,,"Columbia,Drywall Finishing Tools",{},"{""Size"":""8\""""}",,,100,100,0.0
10FBB,Columbia Fat Boy Flat Box,"10""",454.23,0.0,Columbia Tools,"",https://thumbnails.veeqo.com/vD80YqzIIEK6I_G0gTXGeZ7j8zfucshOy8VDB7kb7AU/rs:fit:1000:1000/aHR0cHM6Ly9kcnl3/YWxsdG9vbGJveC5j/b20vd3AtY29udGVu/dC91cGxvYWRzLzIw/MjYvbWVkaWEvY29s/dW1iaWFfdG9vbHNf/NTVmYmJfMDEud2Vi/cA,US,0.0,oz,716869664,0,0,0,0.0,0.0,0.0,inches,6.875,,"Columbia,Drywall Finishing Tools",{},"{""Size"":""10\""""}",,,100,100,0.0
12FBB,Columbia Fat Boy Flat Box,"12""",465.05,0.0,Columbia Tools,"",https://thumbnails.veeqo.com/vD80YqzIIEK6I_G0gTXGeZ7j8zfucshOy8VDB7kb7AU/rs:fit:1000:1000/aHR0cHM6Ly9kcnl3/YWxsdG9vbGJveC5j/b20vd3AtY29udGVu/dC91cGxvYWRzLzIw/MjYvbWVkaWEvY29s/dW1iaWFfdG9vbHNf/NTVmYmJfMDEud2Vi/cA,US,0.0,oz,716869674,0,0,0,0.0,0.0,0.0,inches,6.875,,"Columbia,Drywall Finishing Tools",{},"{""Size"":""12\""""}",,,100,100,0.0
5.5FFB,Columbia Flat Finisher Box,"5.5""",367.71,0.0,Columbia Tools,"",https://thumbnails.veeqo.com/HBOweVkTtQuAeywkw4o-eVU7McWssi3hfPnj30stmuk/rs:fit:1000:1000/aHR0cHM6Ly9kcnl3/YWxsdG9vbGJveC5j/b20vd3AtY29udGVu/dC91cGxvYWRzLzIw/MjYvbWVkaWEvY29s/dW1iaWFfdG9vbHNf/NTVmZmJfMDEud2Vi/cA,US,0.0,oz,716869681,0,0,0,0.0,0.0,0.0,inches,6.875,,"Columbia,Drywall Finishing Tools",{},"{""Size"":""5.5\""""}",,,100,100,0.0
7FFB,Columbia Flat Finisher Box,"7""",367.0,0.0,Columbia Tools,"",https://thumbnails.veeqo.com/HBOweVkTtQuAeywkw4o-eVU7McWssi3hfPnj30stmuk/rs:fit:1000:1000/aHR0cHM6Ly9kcnl3/YWxsdG9vbGJveC5j/b20vd3AtY29udGVu/dC91cGxvYWRzLzIw/MjYvbWVkaWEvY29s/dW1iaWFfdG9vbHNf/NTVmZmJfMDEud2Vi/cA,US,0.0,oz,716869695,0,0,0,0.0,0.0,0.0,inches,6.875,,"Columbia,Drywall Finishing Tools",{},"{""Size"":""7\""""}",,,100,100,0.0
8FFB,Columbia Flat Finisher Box,"8""",371.0,0.0,Columbia Tools,"",https://thumbnails.veeqo.com/HBOweVkTtQuAeywkw4o-eVU7McWssi3hfPnj30stmuk/rs:fit:1000:1000/aHR0cHM6Ly9kcnl3/YWxsdG9vbGJveC5j/b20vd3AtY29udGVu/dC91cGxvYWRzLzIw/MjYvbWVkaWEvY29s/dW1iaWFfdG9vbHNf/NTVmZmJfMDEud2Vi/cA,US,0.0,oz,716869699,0,0,0,0.0,0.0,0.0,inches,6.875,,"Columbia,Drywall Finishing Tools",{},"{""Size"":""8\""""}",,,100,100,0.0
10FFB,Columbia Flat Finisher Box,"10""",375.0,0.0,Columbia Tools,"",https://thumbnails.veeqo.com/HBOweVkTtQuAeywkw4o-eVU7McWssi3hfPnj30stmuk/rs:fit:1000:1000/aHR0cHM6Ly9kcnl3/YWxsdG9vbGJveC5j/b20vd3AtY29udGVu/dC91cGxvYWRzLzIw/MjYvbWVkaWEvY29s/dW1iaWFfdG9vbHNf/NTVmZmJfMDEud2Vi/cA,US,0.0,oz,716869702,0,0,0,0.0,0.0,0.0,inches,6.875,,"Columbia,Drywall Finishing Tools",{},"{""Size"":""10\""""}",,,100,100,0.0
12FFB,Columbia Flat Finisher Box,"12""",380.0,0.0,Columbia Tools,"",https://thumbnails.veeqo.com/HBOweVkTtQuAeywkw4o-eVU7McWssi3hfPnj30stmuk/rs:fit:1000:1000/aHR0cHM6Ly9kcnl3/YWxsdG9vbGJveC5j/b20vd3AtY29udGVu/dC91cGxvYWRzLzIw/MjYvbWVkaWEvY29s/dW1iaWFfdG9vbHNf/NTVmZmJfMDEud2Vi/cA,US,0.0,oz,716869708,0,0,0,0.0,0.0,0.0,inches,6.875,,"Columbia,Drywall Finishing Tools",{},"{""Size"":""12\""""}",,,100,100,0.0
14FFB,Columbia Flat Finisher Box,"14""",384.0,0.0,Columbia Tools,"",https://thumbnails.veeqo.com/HBOweVkTtQuAeywkw4o-eVU7McWssi3hfPnj30stmuk/rs:fit:1000:1000/aHR0cHM6Ly9kcnl3/YWxsdG9vbGJveC5j/b20vd3AtY29udGVu/dC91cGxvYWRzLzIw/MjYvbWVkaWEvY29s/dW1iaWFfdG9vbHNf/NTVmZmJfMDEud2Vi/cA,US,0.0,oz,716869712,0,0,0,0.0,0.0,0.0,inches,6.875,,"Columbia,Drywall Finishing Tools",{},"{""Size"":""14\""""}",,,100,100,0.0
GN,Columbia Gooseneck,Standard,86.0,0.0,Columbia Tools,"",https://thumbnails.veeqo.com/2LjJymEs147qgx5QX9hKv9SHOLEJgJ5mPu6upTymobE/rs:fit:1000:1000/aHR0cHM6Ly9kcnl3/YWxsdG9vbGJveC5j/b20vd3AtY29udGVu/dC91cGxvYWRzLzIw/MjYvbWVkaWEvY29s/dW1iaWFfdG9vbHNf/Z25fMDEtc2NhbGVk/LndlYnA,US,0.0,oz,716869718,0,0,0,0.0,0.0,0.0,inches,6.875,,"Columbia,Drywall Finishing Tools",{},"{""Model"":""Standard""}",,,100,100,0.0
TBGN,Columbia Gooseneck,Tall Boy,124.0,0.0,Columbia Tools,"",https://thumbnails.veeqo.com/2LjJymEs147qgx5QX9hKv9SHOLEJgJ5mPu6upTymobE/rs:fit:1000:1000/aHR0cHM6Ly9kcnl3/YWxsdG9vbGJveC5j/b20vd3AtY29udGVu/dC91cGxvYWRzLzIw/MjYvbWVkaWEvY29s/dW1iaWFfdG9vbHNf/Z25fMDEtc2NhbGVk/LndlYnA,US,0.0,oz,716869726,0,0,0,0.0,0.0,0.0,inches,6.875,,"Columbia,Drywall Finishing Tools",{},"{""Model"":""Tall Boy""}",,,100,100,0.0
HMP,Columbia Hot Mud Pump,Standard,363.0,0.0,Columbia Tools,"",https://thumbnails.veeqo.com/Ogr7lcgWWtoYJR0ti0j7aUe2f4oJbeZVbK48O-_vAR8/rs:fit:1000:1000/aHR0cHM6Ly9kcnl3/YWxsdG9vbGJveC5j/b20vd3AtY29udGVu/dC91cGxvYWRzLzIw/MjYvbWVkaWEvY29s/dW1iaWFfdG9vbHNf/aG1wXzAxLndlYnA,US,0.0,oz,716869731,0,0,0,0.0,0.0,0.0,inches,6.875,,"Columbia,Drywall Finishing Tools",{},"{""Model"":""Standard""}",,,100,100,0.0
TBMP,Columbia Hot Mud Pump,Tall Boy,473.0,0.0,Columbia Tools,"",https://thumbnails.veeqo.com/Ogr7lcgWWtoYJR0ti0j7aUe2f4oJbeZVbK48O-_vAR8/rs:fit:1000:1000/aHR0cHM6Ly9kcnl3/YWxsdG9vbGJveC5j/b20vd3AtY29udGVu/dC91cGxvYWRzLzIw/MjYvbWVkaWEvY29s/dW1iaWFfdG9vbHNf/aG1wXzAxLndlYnA,US,0.0,oz,716869737,0,0,0,0.0,0.0,0.0,inches,6.875,,"Columbia,Drywall Finishing Tools",{},"{""Model"":""Tall Boy""}",,,100,100,0.0
HMP-C,Columbia Hot Mud Pump,CDN,380.0,0.0,Columbia Tools,"",https://thumbnails.veeqo.com/Ogr7lcgWWtoYJR0ti0j7aUe2f4oJbeZVbK48O-_vAR8/rs:fit:1000:1000/aHR0cHM6Ly9kcnl3/YWxsdG9vbGJveC5j/b20vd3AtY29udGVu/dC91cGxvYWRzLzIw/MjYvbWVkaWEvY29s/dW1iaWFfdG9vbHNf/aG1wXzAxLndlYnA,US,0.0,oz,716869743,0,0,0,0.0,0.0,0.0,inches,6.875,,"Columbia,Drywall Finishing Tools",{},"{""Model"":""CDN""}",,,100,100,0.0
MHS,Columbia Matrix Flat Box Handle,"29""-39""",375.0,0.0,Columbia Tools,"",https://thumbnails.veeqo.com/Ahdfu2RZdLrIp5ZjOD2lve_ZG92bgwYoO37uS_WaDtI/rs:fit:1000:1000/aHR0cHM6Ly9kcnl3/YWxsdG9vbGJveC5j/b20vd3AtY29udGVu/dC91cGxvYWRzLzIw/MjYvbWVkaWEvY29s/dW1iaWFfdG9vbHNf/bWhzXzAxLXNjYWxl/ZC53ZWJw,US,0.0,oz,716869748,0,0,0,0.0,0.0,0.0,inches,6.875,,"Columbia,Drywall Finishing Tools",{},"{""Handle Length"":""29\""-39\""""}",,,100,100,0.0
MH,Columbia Matrix Flat Box Handle,"40""-60""",409.0,0.0,Columbia Tools,"",https://thumbnails.veeqo.com/Ahdfu2RZdLrIp5ZjOD2lve_ZG92bgwYoO37uS_WaDtI/rs:fit:1000:1000/aHR0cHM6Ly9kcnl3/YWxsdG9vbGJveC5j/b20vd3AtY29udGVu/dC91cGxvYWRzLzIw/MjYvbWVkaWEvY29s/dW1iaWFfdG9vbHNf/bWhzXzAxLXNjYWxl/ZC53ZWJw,US,0.0,oz,716869754,0,0,0,0.0,0.0,0.0,inches,6.875,,"Columbia,Drywall Finishing Tools",{},"{""Handle Length"":""40\""-60\""""}",,,100,100,0.0
MHL,Columbia Matrix Flat Box Handle,"56""-76""",495.0,0.0,Columbia Tools,"",https://thumbnails.veeqo.com/Ahdfu2RZdLrIp5ZjOD2lve_ZG92bgwYoO37uS_WaDtI/rs:fit:1000:1000/aHR0cHM6Ly9kcnl3/YWxsdG9vbGJveC5j/b20vd3AtY29udGVu/dC91cGxvYWRzLzIw/MjYvbWVkaWEvY29s/dW1iaWFfdG9vbHNf/bWhzXzAxLXNjYWxl/ZC53ZWJw,US,0.0,oz,716869760,0,0,0,0.0,0.0,0.0,inches,6.875,,"Columbia,Drywall Finishing Tools",{},"{""Handle Length"":""56\""-76\""""}",,,100,100,0.0
2NS,Columbia Nail Spotter,"2""",324.0,0.0,Columbia Tools,"",https://thumbnails.veeqo.com/yUEu6a2gqlgL9znaC5D0Ey0E2-ljSUrTb3g8yJ-RSYA/rs:fit:1000:1000/aHR0cHM6Ly9kcnl3/YWxsdG9vbGJveC5j/b20vd3AtY29udGVu/dC91cGxvYWRzLzIw/MjYvbWVkaWEvY29s/dW1iaWFfdG9vbHNf/Mm5zXzAxLndlYnA,US,0.0,oz,716869767,0,0,0,0.0,0.0,0.0,inches,6.875,,"Columbia,Drywall Finishing Tools",{},"{""Size"":""2\""""}",,,100,100,0.0
3NS,Columbia Nail Spotter,"3""",324.0,0.0,Columbia Tools,"",https://thumbnails.veeqo.com/yUEu6a2gqlgL9znaC5D0Ey0E2-ljSUrTb3g8yJ-RSYA/rs:fit:1000:1000/aHR0cHM6Ly9kcnl3/YWxsdG9vbGJveC5j/b20vd3AtY29udGVu/dC91cGxvYWRzLzIw/MjYvbWVkaWEvY29s/dW1iaWFfdG9vbHNf/Mm5zXzAxLndlYnA,US,0.0,oz,716869773,0,0,0,0.0,0.0,0.0,inches,6.875,,"Columbia,Drywall Finishing Tools",{},"{""Size"":""3\""""}",,,100,100,0.0
C1HEXT,Columbia One Handle,Extendible 3'-5',128.0,0.0,Columbia Tools,"",https://thumbnails.veeqo.com/Xp6a4reFLo8i9uS8-XzV7dvaMUiFAdZgqMuThzyBQ0I/rs:fit:1000:1000/aHR0cHM6Ly9kcnl3/YWxsdG9vbGJveC5j/b20vd3AtY29udGVu/dC91cGxvYWRzLzIw/MjYvbWVkaWEvY29s/dW1iaWFfdG9vbHNf/YzFoZXh0XzAxLXNj/YWxlZC53ZWJw,US,0.0,oz,716869777,0,0,0,0.0,0.0,0.0,inches,6.875,,"Columbia,Drywall Finishing Tools",{},"{""Model"":""Extendible 3'-5'""}",,,100,100,0.0
CHXL,Columbia One Handle,Long Extendible 4'-8',150.0,0.0,Columbia Tools,"",https://thumbnails.veeqo.com/Xp6a4reFLo8i9uS8-XzV7dvaMUiFAdZgqMuThzyBQ0I/rs:fit:1000:1000/aHR0cHM6Ly9kcnl3/YWxsdG9vbGJveC5j/b20vd3AtY29udGVu/dC91cGxvYWRzLzIw/MjYvbWVkaWEvY29s/dW1iaWFfdG9vbHNf/YzFoZXh0XzAxLXNj/YWxlZC53ZWJw,US,0.0,oz,716869778,0,0,0,0.0,0.0,0.0,inches,6.875,,"Columbia,Drywall Finishing Tools",{},"{""Model"":""Long Extendible 4'-8'""}",,,100,100,0.0
C1HS,Columbia One Handle,Stubby,40.0,0.0,Columbia Tools,"",https://thumbnails.veeqo.com/Xp6a4reFLo8i9uS8-XzV7dvaMUiFAdZgqMuThzyBQ0I/rs:fit:1000:1000/aHR0cHM6Ly9kcnl3/YWxsdG9vbGJveC5j/b20vd3AtY29udGVu/dC91cGxvYWRzLzIw/MjYvbWVkaWEvY29s/dW1iaWFfdG9vbHNf/YzFoZXh0XzAxLXNj/YWxlZC53ZWJw,US,0.0,oz,716869783,0,0,0,0.0,0.0,0.0,inches,6.875,,"Columbia,Drywall Finishing Tools",{},"{""Model"":""Stubby""}",,,100,100,0.0
C1H,Columbia One Handle,Fixed,35.0,0.0,Columbia Tools,"",https://thumbnails.veeqo.com/Xp6a4reFLo8i9uS8-XzV7dvaMUiFAdZgqMuThzyBQ0I/rs:fit:1000:1000/aHR0cHM6Ly9kcnl3/YWxsdG9vbGJveC5j/b20vd3AtY29udGVu/dC91cGxvYWRzLzIw/MjYvbWVkaWEvY29s/dW1iaWFfdG9vbHNf/YzFoZXh0XzAxLXNj/YWxlZC53ZWJw,US,0.0,oz,716869788,0,0,0,0.0,0.0,0.0,inches,6.875,,"Columbia,Drywall Finishing Tools",{},"{""Model"":""Fixed""}",,,100,100,0.0
COBCR,Columbia Outside Corner Roller,Standard,60.0,0.0,Columbia Tools,"",https://thumbnails.veeqo.com/EhZnT-xzE6cuAFeUVsKXKQ9quq8PLKEEhR0_LCdwpuk/rs:fit:1000:1000/aHR0cHM6Ly9kcnl3/YWxsdG9vbGJveC5j/b20vd3AtY29udGVu/dC91cGxvYWRzLzIw/MjYvbWVkaWEvY29s/dW1iaWFfdG9vbHNf/Y29iY3JfMDEud2Vi/cA,US,0.0,oz,716869794,0,0,0,0.0,0.0,0.0,inches,6.875,,"Columbia,Drywall Finishing Tools",{},"{""Profile"":""Standard""}",,,100,100,0.0
CBNCR,Columbia Outside Corner Roller,Bullnose,64.0,0.0,Columbia Tools,"",https://thumbnails.veeqo.com/EhZnT-xzE6cuAFeUVsKXKQ9quq8PLKEEhR0_LCdwpuk/rs:fit:1000:1000/aHR0cHM6Ly9kcnl3/YWxsdG9vbGJveC5j/b20vd3AtY29udGVu/dC91cGxvYWRzLzIw/MjYvbWVkaWEvY29s/dW1iaWFfdG9vbHNf/Y29iY3JfMDEud2Vi/cA,US,0.0,oz,716869800,0,0,0,0.0,0.0,0.0,inches,6.875,,"Columbia,Drywall Finishing Tools",{},"{""Profile"":""Bullnose""}",,,100,100,0.0
COBCRE,Columbia Outside Corner Roller,European,1.0,0.0,Columbia Tools,"",https://thumbnails.veeqo.com/EhZnT-xzE6cuAFeUVsKXKQ9quq8PLKEEhR0_LCdwpuk/rs:fit:1000:1000/aHR0cHM6Ly9kcnl3/YWxsdG9vbGJveC5j/b20vd3AtY29udGVu/dC91cGxvYWRzLzIw/MjYvbWVkaWEvY29s/dW1iaWFfdG9vbHNf/Y29iY3JfMDEud2Vi/cA,US,0.0,oz,716869805,0,0,0,0.0,0.0,0.0,inches,6.875,,"Columbia,Drywall Finishing Tools",{},"{""Profile"":""European""}",,,100,100,0.0
COBCRW,Columbia Outside Corner Roller,Wide,86.52,0.0,Columbia Tools,"",https://thumbnails.veeqo.com/EhZnT-xzE6cuAFeUVsKXKQ9quq8PLKEEhR0_LCdwpuk/rs:fit:1000:1000/aHR0cHM6Ly9kcnl3/YWxsdG9vbGJveC5j/b20vd3AtY29udGVu/dC91cGxvYWRzLzIw/MjYvbWVkaWEvY29s/dW1iaWFfdG9vbHNf/Y29iY3JfMDEud2Vi/cA,US,0.0,oz,716869811,0,0,0,0.0,0.0,0.0,inches,6.875,,"Columbia,Drywall Finishing Tools",{},"{""Profile"":""Wide""}",,,100,100,0.0
PMHS,Columbia Predator Matrix Handle,"Short 29""-39""",384.0,0.0,Columbia Tools,"",https://thumbnails.veeqo.com/Auqm_AFMZbq5bjhQCVelsNwQJAmENHIIzwIWHznEFP4/rs:fit:1000:1000/aHR0cHM6Ly9kcnl3/YWxsdG9vbGJveC5j/b20vd3AtY29udGVu/dC91cGxvYWRzLzIw/MjYvbWVkaWEvY29s/dW1iaWFfdG9vbHNf/cG1oc18wMS53ZWJw,US,0.0,oz,716869816,0,0,0,0.0,0.0,0.0,inches,6.875,,"Columbia,Drywall Finishing Tools,Predator Family",{},"{""Handle Length"":""Short 29\""-39\""""}",,,100,100,0.0
PMH,Columbia Predator Matrix Handle,"40""-60""",418.0,0.0,Columbia Tools,"",https://thumbnails.veeqo.com/Auqm_AFMZbq5bjhQCVelsNwQJAmENHIIzwIWHznEFP4/rs:fit:1000:1000/aHR0cHM6Ly9kcnl3/YWxsdG9vbGJveC5j/b20vd3AtY29udGVu/dC91cGxvYWRzLzIw/MjYvbWVkaWEvY29s/dW1iaWFfdG9vbHNf/cG1oc18wMS53ZWJw,US,0.0,oz,716869826,0,0,0,0.0,0.0,0.0,inches,6.875,,"Columbia,Drywall Finishing Tools,Predator Family",{},"{""Handle Length"":""40\""-60\""""}",,,100,100,0.0
PMHL,Columbia Predator Matrix Handle,"Long 56""-76""",503.0,0.0,Columbia Tools,"",https://thumbnails.veeqo.com/Auqm_AFMZbq5bjhQCVelsNwQJAmENHIIzwIWHznEFP4/rs:fit:1000:1000/aHR0cHM6Ly9kcnl3/YWxsdG9vbGJveC5j/b20vd3AtY29udGVu/dC91cGxvYWRzLzIw/MjYvbWVkaWEvY29s/dW1iaWFfdG9vbHNf/cG1oc18wMS53ZWJw,US,0.0,oz,716869836,0,0,0,0.0,0.0,0.0,inches,6.875,,"Columbia,Drywall Finishing Tools,Predator Family",{},"{""Handle Length"":""Long 56\""-76\""""}",,,100,100,0.0
PC1HEXT,Columbia Predator One Handle,Extendable 3'-5',138.0,0.0,Columbia Tools,"",https://thumbnails.veeqo.com/8U_ddLBP84U5OyGNw1hYr19BhVvUdb5DgBc_fUKGznI/rs:fit:1000:1000/aHR0cHM6Ly9kcnl3/YWxsdG9vbGJveC5j/b20vd3AtY29udGVu/dC91cGxvYWRzLzIw/MjYvbWVkaWEvY29s/dW1iaWFfdG9vbHNf/cGMxaGV4dF8wMS1z/Y2FsZWQud2VicA,US,0.0,oz,716869842,0,0,0,0.0,0.0,0.0,inches,6.875,,"Columbia,Drywall Finishing Tools,Predator Family",{},"{""Model"":""Extendable 3'-5'""}",,,100,100,0.0
PC1H,Columbia Predator One Handle,4' Fixed,62.0,0.0,Columbia Tools,"",https://thumbnails.veeqo.com/8U_ddLBP84U5OyGNw1hYr19BhVvUdb5DgBc_fUKGznI/rs:fit:1000:1000/aHR0cHM6Ly9kcnl3/YWxsdG9vbGJveC5j/b20vd3AtY29udGVu/dC91cGxvYWRzLzIw/MjYvbWVkaWEvY29s/dW1iaWFfdG9vbHNf/cGMxaGV4dF8wMS1z/Y2FsZWQud2VicA,US,0.0,oz,716869848,0,0,0,0.0,0.0,0.0,inches,6.875,,"Columbia,Drywall Finishing Tools,Predator Family",{},"{""Model"":""4' Fixed""}",,,100,100,0.0
PCHXL,Columbia Predator One Handle,Long Extendable 4'-8',168.0,0.0,Columbia Tools,"",https://thumbnails.veeqo.com/8U_ddLBP84U5OyGNw1hYr19BhVvUdb5DgBc_fUKGznI/rs:fit:1000:1000/aHR0cHM6Ly9kcnl3/YWxsdG9vbGJveC5j/b20vd3AtY29udGVu/dC91cGxvYWRzLzIw/MjYvbWVkaWEvY29s/dW1iaWFfdG9vbHNf/cGMxaGV4dF8wMS1z/Y2FsZWQud2VicA,US,0.0,oz,716869855,0,0,0,0.0,0.0,0.0,inches,6.875,,"Columbia,Drywall Finishing Tools,Predator Family",{},"{""Model"":""Long Extendable 4'-8'""}",,,100,100,0.0
2.5SF,Columbia Standard Flusher,"2.5""",116.8,0.0,Columbia Tools,"",https://thumbnails.veeqo.com/4OHz8v4BgHXe60VIlQgbBjYtozS_h2Z-2v6nEhyW31M/rs:fit:1000:1000/aHR0cHM6Ly9kcnl3/YWxsdG9vbGJveC5j/b20vd3AtY29udGVu/dC91cGxvYWRzLzIw/MjYvbWVkaWEvY29s/dW1iaWFfdG9vbHNf/MjVzZl8wMS1zY2Fs/ZWQud2VicA,US,0.0,oz,716869862,0,0,0,0.0,0.0,0.0,inches,6.875,,"Columbia,Drywall Finishing Tools",{},"{""Size"":""2.5\""""}",,,100,100,0.0
3SF,Columbia Standard Flusher,"3""",92.0,0.0,Columbia Tools,"",https://thumbnails.veeqo.com/4OHz8v4BgHXe60VIlQgbBjYtozS_h2Z-2v6nEhyW31M/rs:fit:1000:1000/aHR0cHM6Ly9kcnl3/YWxsdG9vbGJveC5j/b20vd3AtY29udGVu/dC91cGxvYWRzLzIw/MjYvbWVkaWEvY29s/dW1iaWFfdG9vbHNf/MjVzZl8wMS1zY2Fs/ZWQud2VicA,US,0.0,oz,716869868,0,0,0,0.0,0.0,0.0,inches,6.875,,"Columbia,Drywall Finishing Tools",{},"{""Size"":""3\""""}",,,100,100,0.0
3WTSF,Columbia Standard Flusher,"3"" Widetrack",93.0,0.0,Columbia Tools,"",https://thumbnails.veeqo.com/4OHz8v4BgHXe60VIlQgbBjYtozS_h2Z-2v6nEhyW31M/rs:fit:1000:1000/aHR0cHM6Ly9kcnl3/YWxsdG9vbGJveC5j/b20vd3AtY29udGVu/dC91cGxvYWRzLzIw/MjYvbWVkaWEvY29s/dW1iaWFfdG9vbHNf/MjVzZl8wMS1zY2Fs/ZWQud2VicA,US,0.0,oz,716869872,0,0,0,0.0,0.0,0.0,inches,6.875,,"Columbia,Drywall Finishing Tools",{},"{""Size"":""3\"" Widetrack""}",,,100,100,0.0
3.5SF,Columbia Standard Flusher,"3.5""",133.02,0.0,Columbia Tools,"",https://thumbnails.veeqo.com/4OHz8v4BgHXe60VIlQgbBjYtozS_h2Z-2v6nEhyW31M/rs:fit:1000:1000/aHR0cHM6Ly9kcnl3/YWxsdG9vbGJveC5j/b20vd3AtY29udGVu/dC91cGxvYWRzLzIw/MjYvbWVkaWEvY29s/dW1iaWFfdG9vbHNf/MjVzZl8wMS1zY2Fs/ZWQud2VicA,US,0.0,oz,716869875,0,0,0,0.0,0.0,0.0,inches,6.875,,"Columbia,Drywall Finishing Tools",{},"{""Size"":""3.5\""""}",,,100,100,0.0
4SF,Columbia Standard Flusher,"4""",105.0,0.0,Columbia Tools,"",https://thumbnails.veeqo.com/4OHz8v4BgHXe60VIlQgbBjYtozS_h2Z-2v6nEhyW31M/rs:fit:1000:1000/aHR0cHM6Ly9kcnl3/YWxsdG9vbGJveC5j/b20vd3AtY29udGVu/dC91cGxvYWRzLzIw/MjYvbWVkaWEvY29s/dW1iaWFfdG9vbHNf/MjVzZl8wMS1zY2Fs/ZWQud2VicA,US,0.0,oz,716869884,0,0,0,0.0,0.0,0.0,inches,6.875,,"Columbia,Drywall Finishing Tools",{},"{""Size"":""4\""""}",,,100,100,0.0
7CFB,Columbia Throttle Corner Flusher Box,"7""",299.0,0.0,Columbia Tools,"",https://thumbnails.veeqo.com/7FoELkDnO5x76bMmjFfamv7x5wSBdT1bxxVK6Z5fW7E/rs:fit:1000:1000/aHR0cHM6Ly9kcnl3/YWxsdG9vbGJveC5j/b20vd3AtY29udGVu/dC91cGxvYWRzLzIw/MjYvbWVkaWEvY29s/dW1iaWFfdG9vbHNf/N2NmYl8wMS53ZWJw,US,0.0,oz,716869893,0,0,0,0.0,0.0,0.0,inches,6.875,,"Columbia,Drywall Finishing Tools",{},"{""Size"":""7\""""}",,,100,100,0.0
8CFB,Columbia Throttle Corner Flusher Box,"8""",311.0,0.0,Columbia Tools,"",https://thumbnails.veeqo.com/7FoELkDnO5x76bMmjFfamv7x5wSBdT1bxxVK6Z5fW7E/rs:fit:1000:1000/aHR0cHM6Ly9kcnl3/YWxsdG9vbGJveC5j/b20vd3AtY29udGVu/dC91cGxvYWRzLzIw/MjYvbWVkaWEvY29s/dW1iaWFfdG9vbHNf/N2NmYl8wMS53ZWJw,US,0.0,oz,716869905,0,0,0,0.0,0.0,0.0,inches,6.875,,"Columbia,Drywall Finishing Tools",{},"{""Size"":""8\""""}",,,100,100,0.0
TCS,Columbia Tool Case,Gun Case,175.0,0.0,Columbia Tools,"",https://thumbnails.veeqo.com/zBtnydh8M8tsB4TayMw_5xxpk5AOoxEmb2P90an-VdU/rs:fit:1000:1000/aHR0cHM6Ly9kcnl3/YWxsdG9vbGJveC5j/b20vd3AtY29udGVu/dC91cGxvYWRzLzIw/MjYvbWVkaWEvY29s/dW1iaWFfdG9vbHNf/dGNzXzAxLndlYnA,US,0.0,oz,716869911,0,0,0,0.0,0.0,0.0,inches,6.875,,"Columbia,Drywall Finishing Tools,Tool Sets & Kits",{},"{""Case Type"":""Gun Case""}",,,100,100,0.0
RC,Columbia Tool Case,Road Case,1020.16,0.0,Columbia Tools,"",https://thumbnails.veeqo.com/zBtnydh8M8tsB4TayMw_5xxpk5AOoxEmb2P90an-VdU/rs:fit:1000:1000/aHR0cHM6Ly9kcnl3/YWxsdG9vbGJveC5j/b20vd3AtY29udGVu/dC91cGxvYWRzLzIw/MjYvbWVkaWEvY29s/dW1iaWFfdG9vbHNf/dGNzXzAxLndlYnA,US,0.0,oz,716869916,0,0,0,0.0,0.0,0.0,inches,6.875,,"Columbia,Drywall Finishing Tools,Tool Sets & Kits",{},"{""Case Type"":""Road Case""}",,,100,100,0.0
TS,Columbia Tactical Set,Standard,5435.0,0.0,Columbia Tools,"",https://thumbnails.veeqo.com/wqJ-69-fp9kQm-xq6nNObBInWljg_pd_2feaaTLt2v8/rs:fit:1000:1000/aHR0cHM6Ly9kcnl3/YWxsdG9vbGJveC5j/b20vd3AtY29udGVu/dC91cGxvYWRzLzIw/MjYvbWVkaWEvY29s/dW1iaWFfdG9vbHNf/dHNfMDEud2VicA,US,0.0,oz,716869922,0,0,0,0.0,0.0,0.0,inches,6.875,,"Columbia,Drywall Finishing Tools,Tool Sets & Kits",{},{},,,100,100,0.0
PTS,Columbia Predator Tactical Set,Standard,5861.0,0.0,Columbia Tools,"",https://thumbnails.veeqo.com/bxZYSsM751AEYiba8xKbzpuOnB8s9SQegn9gazQNqnE/rs:fit:1000:1000/aHR0cHM6Ly9kcnl3/YWxsdG9vbGJveC5j/b20vd3AtY29udGVu/dC91cGxvYWRzLzIw/MjYvbWVkaWEvY29s/dW1iaWFfdG9vbHNf/cmNfMDEud2VicA,US,0.0,oz,716869928,0,0,0,0.0,0.0,0.0,inches,6.875,,"Columbia,Drywall Finishing Tools,Tool Sets & Kits",{},{},,,99,100,0.0
TWS,Columbia Warrior Set,Standard,663.0,0.0,Columbia Tools,"",https://thumbnails.veeqo.com/_aJjP0x6qFVBaxpedpqU2oE6jSGobtc8i-1l3-QPjso/rs:fit:1000:1000/aHR0cHM6Ly9kcnl3/YWxsdG9vbGJveC5j/b20vd3AtY29udGVu/dC91cGxvYWRzLzIw/MjYvbWVkaWEvY29s/dW1iaWFfdG9vbHNf/dHdzXzAxLndlYnA,US,0.0,oz,716869935,0,0,0,0.0,0.0,0.0,inches,6.875,,"Columbia,Drywall Finishing Tools,Tool Sets & Kits",{},{},,,100,100,0.0
FMH,Columbia UHMW Mud Applicator,L-Trim,98.0,0.0,Columbia Tools,"",https://thumbnails.veeqo.com/Y1DPQGnRhlq_XTfr6NuNZtI2staCf2p2B2ez9TK5UZ8/rs:fit:1000:1000/aHR0cHM6Ly9kcnl3/YWxsdG9vbGJveC5j/b20vd3AtY29udGVu/dC91cGxvYWRzLzIw/MjYvbWVkaWEvY29s/dW1iaWFfdG9vbHNf/Zm1oXzAxLndlYnA,US,0.0,oz,716869941,0,0,0,0.0,0.0,0.0,inches,6.875,,"Columbia,Drywall Finishing Tools",{},"{""Applicator Type"":""L-Trim""}",,,100,100,0.0
IA90,Columbia UHMW Mud Applicator,Inside 90°,98.0,0.0,Columbia Tools,"",https://thumbnails.veeqo.com/Y1DPQGnRhlq_XTfr6NuNZtI2staCf2p2B2ez9TK5UZ8/rs:fit:1000:1000/aHR0cHM6Ly9kcnl3/YWxsdG9vbGJveC5j/b20vd3AtY29udGVu/dC91cGxvYWRzLzIw/MjYvbWVkaWEvY29s/dW1iaWFfdG9vbHNf/Zm1oXzAxLndlYnA,US,0.0,oz,716869948,0,0,0,0.0,0.0,0.0,inches,6.875,,"Columbia,Drywall Finishing Tools",{},"{""Applicator Type"":""Inside 90°""}",,,100,100,0.0
OA90,Columbia UHMW Mud Applicator,Outside 90°,98.0,0.0,Columbia Tools,"",https://thumbnails.veeqo.com/Y1DPQGnRhlq_XTfr6NuNZtI2staCf2p2B2ez9TK5UZ8/rs:fit:1000:1000/aHR0cHM6Ly9kcnl3/YWxsdG9vbGJveC5j/b20vd3AtY29udGVu/dC91cGxvYWRzLzIw/MjYvbWVkaWEvY29s/dW1iaWFfdG9vbHNf/Zm1oXzAxLndlYnA,US,0.0,oz,716869953,0,0,0,0.0,0.0,0.0,inches,6.875,,"Columbia,Drywall Finishing Tools",{},"{""Applicator Type"":""Outside 90°""}",,,100,100,0.0
OA90-325,Columbia UHMW Mud Applicator,Outside 90° 325,89.25,0.0,Columbia Tools,"",https://thumbnails.veeqo.com/Y1DPQGnRhlq_XTfr6NuNZtI2staCf2p2B2ez9TK5UZ8/rs:fit:1000:1000/aHR0cHM6Ly9kcnl3/YWxsdG9vbGJveC5j/b20vd3AtY29udGVu/dC91cGxvYWRzLzIw/MjYvbWVkaWEvY29s/dW1iaWFfdG9vbHNf/Zm1oXzAxLndlYnA,US,0.0,oz,716869959,0,0,0,0.0,0.0,0.0,inches,6.875,,"Columbia,Drywall Finishing Tools",{},"{""Applicator Type"":""Outside 90° 325""}",,,100,100,0.0
CPFP,Columbia PowerFill 3.5 Pro Series Cordless Loading Pump,Standard,1473.0,0.0,Columbia Tools,"",https://thumbnails.veeqo.com/ravoPzY5-clZGR7rQ4Ggsl4mbNK-z6wkpvzHrAzPngo/rs:fit:1000:1000/aHR0cHM6Ly9kcnl3/YWxsdG9vbGJveC5j/b20vd3AtY29udGVu/dC91cGxvYWRzLzIw/MjYvbWVkaWEvY29s/dW1iaWFfdG9vbHNf/Y3BmcF8wMS1zY2Fs/ZWQud2VicA,US,0.0,oz,716869964,0,0,0,0.0,0.0,0.0,inches,6.875,,"26B418,automatic loading pump,CPFP,Graco,loading pump,mud pump,power fill,powerfill",{},{},,,100,100,0.0
CPFGN,Columbia Powerfill 5 Gallon Taper Gooseneck Fill Tube,Standard,275.0,0.0,Columbia Tools,"",https://thumbnails.veeqo.com/vqLc_9-HXbLua75ycST-5TmIiv7R5RmntVxUESJTImc/rs:fit:1000:1000/aHR0cHM6Ly9kcnl3/YWxsdG9vbGJveC5j/b20vd3AtY29udGVu/dC91cGxvYWRzLzIw/MjYvbWVkaWEvY29s/dW1iaWFfdG9vbHNf/dGJnbl8wMS1zY2Fs/ZWQud2VicA,US,0.0,oz,716869975,0,0,0,0.0,0.0,0.0,inches,6.875,,"CPFGN,goose neck,gooseneck",{},{},,,100,100,0.0
FA311,"Columbia FA311 1/4-28 X 1/2"" Socket Head",Standard,2.0,0.0,Columbia Tools,"",https://thumbnails.veeqo.com/7-_-35nJitkRdySc18zaB5VV7CQsJvmnQ8af5MnSKq8/rs:fit:1000:1000/aHR0cHM6Ly9kcnl3/YWxsdG9vbGJveC5j/b20vd3AtY29udGVu/dC91cGxvYWRzLzIw/MjYvbWVkaWEvY29s/dW1iaWFfdG9vbHNf/ZmEzMTFfMDEud2Vi/cA,US,0.0,oz,716870769,0,0,0,0.0,0.0,0.0,inches,6.875,,"180 Grip Box Handle,Columbia Tools,FA311,Hydra-Reach Box Handle,Repair Parts",{},{},,,100,100,0.0
FA315,"Columbia FA315 10-32 X 3/8"" Flat Socket Head",Standard,2.0,0.0,Columbia Tools,"",https://thumbnails.veeqo.com/ls721HdaaJrnZEYQB13nt-sj9GJPiFu6R5S8xNLmdo8/rs:fit:1000:1000/aHR0cHM6Ly9kcnl3/YWxsdG9vbGJveC5j/b20vd3AtY29udGVu/dC91cGxvYWRzLzIw/MjYvbWVkaWEvY29s/dW1iaWFfdG9vbHNf/ZmEzMTVfMDEud2Vi/cA,US,0.0,oz,716870770,0,0,0,0.0,0.0,0.0,inches,6.875,,"Columbia Tools,Hydra-Reach Box Handle,Repair Parts,FA315",{},{},,,100,100,0.0
PCLT42,Columbia Predator Camlock Tube,Standard,290.0,0.0,Columbia Tools,"",https://thumbnails.veeqo.com/pB4H2jGh8R6pM5eWhgrChkF7MuxBCyQwsfxKAXlY_CU/rs:fit:1000:1000/aHR0cHM6Ly9kcnl3/YWxsdG9vbGJveC5j/b20vd3AtY29udGVu/dC91cGxvYWRzLzIw/MjYvbWVkaWEvY29s/dW1iaWFfdG9vbHNf/cGNsdDQyXzAxLXNj/YWxlZC53ZWJw,US,0.0,oz,716870773,0,0,0,0.0,0.0,0.0,inches,6.875,,"Columbia,Drywall Finishing Tools,Predator Family",{},{},,,100,100,0.0
PCMT42,"Columbia Predator Compound Tube 42""",Standard,217.0,0.0,Columbia Tools,"",https://thumbnails.veeqo.com/p9w_J0l5a7GIBUCg__2Qkunf1rBapXGoYz3aox5hnRg/rs:fit:1000:1000/aHR0cHM6Ly9kcnl3/YWxsdG9vbGJveC5j/b20vd3AtY29udGVu/dC91cGxvYWRzLzIw/MjYvbWVkaWEvY29s/dW1iaWFfdG9vbHNf/cGNtdDQyXzAxLXNj/YWxlZC53ZWJw,US,0.0,oz,716870775,0,0,0,0.0,0.0,0.0,inches,6.875,,"Columbia,Drywall Finishing Tools,Predator Family",{},{},,,100,100,0.0
PHMP,Columbia Predator Mud Pump,Standard,376.0,0.0,Columbia Tools,"",https://thumbnails.veeqo.com/H9OfeGJRzBHScoK0u1qquRwtiLosRbliZoKy8gQivdE/rs:fit:1000:1000/aHR0cHM6Ly9kcnl3/YWxsdG9vbGJveC5j/b20vd3AtY29udGVu/dC91cGxvYWRzLzIw/MjYvbWVkaWEvY29s/dW1iaWFfdG9vbHNf/cGhtcF8wMS1zY2Fs/ZWQud2VicA,US,0.0,oz,716870779,0,0,0,0.0,0.0,0.0,inches,6.875,,"Columbia,Drywall Finishing Tools,Predator Family",{},{},,,100,100,0.0
SAT,Columbia Semi Automatic Taper,Standard,192.0,0.0,Columbia Tools,"",https://thumbnails.veeqo.com/L5Xwutvi4K4K3_KzpLXImNaUFwQ8wIKcFaxGk5ccgMg/rs:fit:1000:1000/aHR0cHM6Ly9kcnl3/YWxsdG9vbGJveC5j/b20vd3AtY29udGVu/dC91cGxvYWRzLzIw/MjYvbWVkaWEvY29s/dW1iaWFfdG9vbHNf/c2F0XzAxLndlYnA,US,0.0,oz,716870783,0,0,0,0.0,0.0,0.0,inches,6.875,,"Columbia,Drywall Finishing Tools",{},{},,,100,100,0.0
CFB5B,Cone Ball,Standard,16.0,0.0,Columbia Tools,"",https://thumbnails.veeqo.com/jN90tQxs__bIjyM4GAnF8fP6IeEVxrl70Enwo8iy7So/rs:fit:1000:1000/aHR0cHM6Ly9kcnl3/YWxsdG9vbGJveC5j/b20vd3AtY29udGVu/dC91cGxvYWRzLzIw/MjYvbWVkaWEvY29s/dW1iaWFfdG9vbHNf/Y2ZiNWJfMDEud2Vi/cA,US,0.0,oz,716870791,0,0,0,0.0,0.0,0.0,inches,6.875,,"Columbia Tools,Repair Parts,CFB5B,Corner Flusher Box",{},{},,,100,100,0.0
CT132,Connecting Link,Standard,2.0,0.0,Columbia Tools,"",https://thumbnails.veeqo.com/qslhcTETdq0M9gO5GSKGpM14qe-hmaRi1AhMjY4zniY/rs:fit:1000:1000/aHR0cHM6Ly9kcnl3/YWxsdG9vbGJveC5j/b20vd3AtY29udGVu/dC91cGxvYWRzLzIw/MjYvbWVkaWEvY29s/dW1iaWFfdG9vbHNf/Y3QxMzJfMDEud2Vi/cA,US,0.0,oz,716870798,0,0,0,0.0,0.0,0.0,inches,6.875,,"Columbia Tools,Repair Parts,Automatic Taper Body,CT132",{},{},,,100,100,0.0
MH7,Connecting Link Fork,Standard,29.0,0.0,Columbia Tools,"",https://thumbnails.veeqo.com/cCDYgUxnsWRNhIJbhx1b5a4Y3j1QXiQskcdF0cfh81s/rs:fit:1000:1000/aHR0cHM6Ly9kcnl3/YWxsdG9vbGJveC5j/b20vd3AtY29udGVu/dC91cGxvYWRzLzIw/MjYvbWVkaWEvY29s/dW1iaWFfdG9vbHNf/bWg3XzAxLndlYnA,US,0.0,oz,716870803,0,0,0,0.0,0.0,0.0,inches,6.875,,"Columbia Tools,Repair Parts,Matrix Handle,MH7",{},{},,,100,100,0.0
MH5,Connecting Link Pin,Standard,5.0,0.0,Columbia Tools,"",https://thumbnails.veeqo.com/jkvM59RPsfFCb-qP3vgQHZA-jMFv3ayDusDaMFCu4Lg/rs:fit:1000:1000/aHR0cHM6Ly9kcnl3/YWxsdG9vbGJveC5j/b20vd3AtY29udGVu/dC91cGxvYWRzLzIw/MjYvbWVkaWEvY29s/dW1iaWFfdG9vbHNf/bWg1XzAxLndlYnA,US,0.0,oz,716870808,0,0,0,0.0,0.0,0.0,inches,6.875,,"Columbia Tools,Repair Parts,Matrix Handle,MH5",{},{},,,100,100,0.0
CT45,Connecting Rod,Standard,22.95,0.0,Columbia Tools,"",https://thumbnails.veeqo.com/HGBIE2Y0ymVwSOlxcTZXNwWyhqbdnvQnyPXUETuWRQ8/rs:fit:1000:1000/aHR0cHM6Ly9kcnl3/YWxsdG9vbGJveC5j/b20vd3AtY29udGVu/dC91cGxvYWRzLzIw/MjYvbWVkaWEvY29s/dW1iaWFfdG9vbHNf/Y3Q0NV8wMS53ZWJw,US,0.0,oz,716870813,0,0,0,0.0,0.0,0.0,inches,6.875,,"Columbia Tools,Repair Parts,Automatic Taper Head,CT45",{},{},,,100,100,0.0
MH16,Connecting Rod Housing,Standard,8.0,0.0,Columbia Tools,"",https://thumbnails.veeqo.com/_hk8gKP1dXKVzHX3LbyTu2ARW5RAO7KYY501mOez4lI/rs:fit:1000:1000/aHR0cHM6Ly9kcnl3/YWxsdG9vbGJveC5j/b20vd3AtY29udGVu/dC91cGxvYWRzLzIw/MjYvbWVkaWEvY29s/dW1iaWFfdG9vbHNf/bWgxNl8wMS53ZWJw,US,0.0,oz,716870818,0,0,0,0.0,0.0,0.0,inches,6.875,,"Columbia Tools,Repair Parts,Matrix Handle,MH16",{},{},,,100,100,0.0
CT112,Connecting Stud,Standard,11.0,0.0,Columbia Tools,"",https://thumbnails.veeqo.com/K2RMx4O7qqkbV1D2M7A1saxwRpqEhMYEECnXDHPB2Tw/rs:fit:1000:1000/aHR0cHM6Ly9kcnl3/YWxsdG9vbGJveC5j/b20vd3AtY29udGVu/dC91cGxvYWRzLzIw/MjYvbWVkaWEvY29s/dW1iaWFfdG9vbHNf/Y3QxMTJfMDEud2Vi/cA,US,0.0,oz,716870824,0,0,0,0.0,0.0,0.0,inches,6.875,,"Columbia Tools,Repair Parts,Automatic Taper Body,CT112",{},{},,,100,100,0.0
CT104,Connection Strap,Standard,18.95,0.0,Columbia Tools,"",https://thumbnails.veeqo.com/I4sa9zHmStWTouMVcxEyKIpAg6d0n96wUDgC6x8RLho/rs:fit:1000:1000/aHR0cHM6Ly9kcnl3/YWxsdG9vbGJveC5j/b20vd3AtY29udGVu/dC91cGxvYWRzLzIw/MjYvbWVkaWEvY29s/dW1iaWFfdG9vbHNf/Y3QxMDRfMDEud2Vi/cA,US,0.0,oz,716870828,0,0,0,0.0,0.0,0.0,inches,6.875,,"Columbia Tools,Repair Parts,Automatic Taper Body,CT104",{},{},,,100,100,0.0
CT105,Crimper Lever,Standard,34.5,0.0,Columbia Tools,"",https://thumbnails.veeqo.com/ckgFKZDPhDczhBl1W9w1UZyPFGJ4WskG51TU6UGxfbU/rs:fit:1000:1000/aHR0cHM6Ly9kcnl3/YWxsdG9vbGJveC5j/b20vd3AtY29udGVu/dC91cGxvYWRzLzIw/MjYvbWVkaWEvY29s/dW1iaWFfdG9vbHNf/Y3QxMDVfMDEud2Vi/cA,US,0.0,oz,716870832,0,0,0,0.0,0.0,0.0,inches,6.875,,"Columbia Tools,Repair Parts,Automatic Taper Body,CT105",{},{},,,100,100,0.0
CT10A,Crimping Arm Shaft Bushing - L,Standard,13.95,0.0,Columbia Tools,"",https://thumbnails.veeqo.com/gh7-Bjvp9jcFVvwl6K9un52o71-CXzve7XkB969zGRg/rs:fit:1000:1000/aHR0cHM6Ly9kcnl3/YWxsdG9vbGJveC5j/b20vd3AtY29udGVu/dC91cGxvYWRzLzIw/MjYvbWVkaWEvY29s/dW1iaWFfdG9vbHNf/Y3QxMGFfMDEud2Vi/cA,US,0.0,oz,716870835,0,0,0,0.0,0.0,0.0,inches,6.875,,"Columbia Tools,Repair Parts,Automatic Taper Head,CT10A",{},{},,,100,100,0.0
CT47,Crimping Wheel,Standard,18.95,0.0,Columbia Tools,"",https://thumbnails.veeqo.com/5GZUH_aEz4D6ai93BUKbVbDrG-BAqN6owa5YaEaUn6w/rs:fit:1000:1000/aHR0cHM6Ly9kcnl3/YWxsdG9vbGJveC5j/b20vd3AtY29udGVu/dC91cGxvYWRzLzIw/MjYvbWVkaWEvY29s/dW1iaWFfdG9vbHNf/Y3Q0N18wMS53ZWJw,US,0.0,oz,716870838,0,0,0,0.0,0.0,0.0,inches,6.875,,"Columbia Tools,Repair Parts,Automatic Taper Head,CT47",{},{},,,100,100,0.0
CT50,Crimping Wheel Bushing,Standard,6.0,0.0,Columbia Tools,"",https://thumbnails.veeqo.com/l-2Cgl9dh4QikvU-NsC_aqkC0qBl3dEXThwaJqjSNOE/rs:fit:1000:1000/aHR0cHM6Ly9kcnl3/YWxsdG9vbGJveC5j/b20vd3AtY29udGVu/dC91cGxvYWRzLzIw/MjYvbWVkaWEvY29s/dW1iaWFfdG9vbHNf/Y3Q1MF8wMS53ZWJw,US,0.0,oz,716870843,0,0,0,0.0,0.0,0.0,inches,6.875,,"Columbia Tools,Repair Parts,Automatic Taper Head,CT50",{},{},,,100,100,0.0
CR4,Cut Washer,Standard,3.0,0.0,Columbia Tools,"",https://thumbnails.veeqo.com/mGf1ic3xh3GrXAbb8kYf9Z0YKyFBnF-8BiVgVoCfz5g/rs:fit:1000:1000/aHR0cHM6Ly9kcnl3/YWxsdG9vbGJveC5j/b20vd3AtY29udGVu/dC91cGxvYWRzLzIw/MjYvbWVkaWEvY29s/dW1iaWFfdG9vbHNf/Y3I0XzAxLndlYnA,US,0.0,oz,716870846,0,0,0,0.0,0.0,0.0,inches,6.875,,"Columbia Tools,Repair Parts,Corner Roller,CR4",{},{},,,100,100,0.0
CT42A,Diamond Blade,Standard,2.0,0.0,Columbia Tools,"",https://thumbnails.veeqo.com/I0BTBivnRKh5wSltCPv-xg6s1xGNGjkKcQfIqHRd_ZA/rs:fit:1000:1000/aHR0cHM6Ly9kcnl3/YWxsdG9vbGJveC5j/b20vd3AtY29udGVu/dC91cGxvYWRzLzIw/MjYvbWVkaWEvY29s/dW1iaWFfdG9vbHNf/Y3Q0MmFfMDEud2Vi/cA,US,0.0,oz,716870850,0,0,0,0.0,0.0,0.0,inches,6.875,,"Columbia Tools,Repair Parts,Automatic Taper Head,CT42A",{},{},,,100,100,0.0
CT13,Dog Base Bracket,Standard,16.0,0.0,Columbia Tools,"",https://thumbnails.veeqo.com/MdeswCzgcVfi1Riz_I518lU3RE6Fw6T1xPBcWiEcgxE/rs:fit:1000:1000/aHR0cHM6Ly9kcnl3/YWxsdG9vbGJveC5j/b20vd3AtY29udGVu/dC91cGxvYWRzLzIw/MjYvbWVkaWEvY29s/dW1iaWFfdG9vbHNf/Y3QxM18wMS53ZWJw,US,0.0,oz,716870855,0,0,0,0.0,0.0,0.0,inches,6.875,,"Columbia Tools,Repair Parts,Automatic Taper Head,CT13",{},{},,,100,100,0.0
HNS4-2,Door,"2""",33.0,0.0,Columbia Tools,"",https://thumbnails.veeqo.com/H_dRqWEqerccR_GNH1j8e2d7QHk83_hdZAmGK2Mofrg/rs:fit:1000:1000/aHR0cHM6Ly9kcnl3/YWxsdG9vbGJveC5j/b20vd3AtY29udGVu/dC91cGxvYWRzLzIw/MjYvbWVkaWEvY29s/dW1iaWFfdG9vbHNf/aG5zNF8yXzAxLndl/YnA,US,0.0,oz,716870859,0,0,0,0.0,0.0,0.0,inches,6.875,,"Columbia Tools,Repair Parts,Door,CFB4",{},"{""Size"":""2\""""}",,,100,100,0.0
HNS4-3,Door,"3""",33.0,0.0,Columbia Tools,"",https://thumbnails.veeqo.com/H_dRqWEqerccR_GNH1j8e2d7QHk83_hdZAmGK2Mofrg/rs:fit:1000:1000/aHR0cHM6Ly9kcnl3/YWxsdG9vbGJveC5j/b20vd3AtY29udGVu/dC91cGxvYWRzLzIw/MjYvbWVkaWEvY29s/dW1iaWFfdG9vbHNf/aG5zNF8yXzAxLndl/YnA,US,0.0,oz,716870864,0,0,0,0.0,0.0,0.0,inches,6.875,,"Columbia Tools,Repair Parts,Door,CFB4",{},"{""Size"":""3\""""}",,,100,100,0.0
CFB4-7,Door,"7""",42.5,0.0,Columbia Tools,"",https://thumbnails.veeqo.com/H_dRqWEqerccR_GNH1j8e2d7QHk83_hdZAmGK2Mofrg/rs:fit:1000:1000/aHR0cHM6Ly9kcnl3/YWxsdG9vbGJveC5j/b20vd3AtY29udGVu/dC91cGxvYWRzLzIw/MjYvbWVkaWEvY29s/dW1iaWFfdG9vbHNf/aG5zNF8yXzAxLndl/YnA,US,0.0,oz,716870870,0,0,0,0.0,0.0,0.0,inches,6.875,,"Columbia Tools,Repair Parts,Door,CFB4",{},"{""Size"":""7\""""}",,,100,100,0.0
CFB4-8,Door,"8""",46.95,0.0,Columbia Tools,"",https://thumbnails.veeqo.com/H_dRqWEqerccR_GNH1j8e2d7QHk83_hdZAmGK2Mofrg/rs:fit:1000:1000/aHR0cHM6Ly9kcnl3/YWxsdG9vbGJveC5j/b20vd3AtY29udGVu/dC91cGxvYWRzLzIw/MjYvbWVkaWEvY29s/dW1iaWFfdG9vbHNf/aG5zNF8yXzAxLndl/YnA,US,0.0,oz,716870880,0,0,0,0.0,0.0,0.0,inches,6.875,,"Columbia Tools,Repair Parts,Door,CFB4",{},"{""Size"":""8\""""}",,,100,100,0.0
HNS15-2,Door Gasket,"2""",36.0,0.0,Columbia Tools,"",https://thumbnails.veeqo.com/D0UdahpKYoeO_W-QIzMmQADwsJ4FMl8DNHHuXJdYt1A/rs:fit:1000:1000/aHR0cHM6Ly9kcnl3/YWxsdG9vbGJveC5j/b20vd3AtY29udGVu/dC91cGxvYWRzLzIw/MjYvbWVkaWEvY29s/dW1iaWFfdG9vbHNf/aG5zMTVfMl8wMS53/ZWJw,US,0.0,oz,716870891,0,0,0,0.0,0.0,0.0,inches,6.875,,"Columbia Tools,Repair Parts,Door Gasket,CFB7",{},"{""Size"":""2\""""}",,,100,100,0.0
HNS15-3,Door Gasket,"3""",35.0,0.0,Columbia Tools,"",https://thumbnails.veeqo.com/D0UdahpKYoeO_W-QIzMmQADwsJ4FMl8DNHHuXJdYt1A/rs:fit:1000:1000/aHR0cHM6Ly9kcnl3/YWxsdG9vbGJveC5j/b20vd3AtY29udGVu/dC91cGxvYWRzLzIw/MjYvbWVkaWEvY29s/dW1iaWFfdG9vbHNf/aG5zMTVfMl8wMS53/ZWJw,US,0.0,oz,716870899,0,0,0,0.0,0.0,0.0,inches,6.875,,"Columbia Tools,Repair Parts,Door Gasket,CFB7",{},"{""Size"":""3\""""}",,,100,100,0.0
CFB7-7,Door Gasket,"7""",28.5,0.0,Columbia Tools,"",https://thumbnails.veeqo.com/D0UdahpKYoeO_W-QIzMmQADwsJ4FMl8DNHHuXJdYt1A/rs:fit:1000:1000/aHR0cHM6Ly9kcnl3/YWxsdG9vbGJveC5j/b20vd3AtY29udGVu/dC91cGxvYWRzLzIw/MjYvbWVkaWEvY29s/dW1iaWFfdG9vbHNf/aG5zMTVfMl8wMS53/ZWJw,US,0.0,oz,716870900,0,0,0,0.0,0.0,0.0,inches,6.875,,"Columbia Tools,Repair Parts,Door Gasket,CFB7",{},"{""Size"":""7\""""}",,,100,100,0.0
CFB7-8,Door Gasket,"8""",31.95,0.0,Columbia Tools,"",https://thumbnails.veeqo.com/D0UdahpKYoeO_W-QIzMmQADwsJ4FMl8DNHHuXJdYt1A/rs:fit:1000:1000/aHR0cHM6Ly9kcnl3/YWxsdG9vbGJveC5j/b20vd3AtY29udGVu/dC91cGxvYWRzLzIw/MjYvbWVkaWEvY29s/dW1iaWFfdG9vbHNf/aG5zMTVfMl8wMS53/ZWJw,US,0.0,oz,716870902,0,0,0,0.0,0.0,0.0,inches,6.875,,"Columbia Tools,Repair Parts,Door Gasket,CFB7",{},"{""Size"":""8\""""}",,,100,100,0.0
CFB15,Door Hinge,Standard,24.95,0.0,Columbia Tools,"",https://thumbnails.veeqo.com/Hv_e9el8-XdIFM5zkH97-xsI6QyBhfDBVO_E6jJzFr4/rs:fit:1000:1000/aHR0cHM6Ly9kcnl3/YWxsdG9vbGJveC5j/b20vd3AtY29udGVu/dC91cGxvYWRzLzIw/MjYvbWVkaWEvY29s/dW1iaWFfdG9vbHNf/Y2ZiMTVfMDEud2Vi/cA,US,0.0,oz,716870904,0,0,0,0.0,0.0,0.0,inches,6.875,,"Columbia Tools,Repair Parts,Corner Flusher Box,CFB15",{},{},,,100,100,0.0
FFB17,Door Spring,Standard,5.0,0.0,Columbia Tools,"",https://thumbnails.veeqo.com/WYfuMklfPSN4YJMbqwCqdLaMMMX1CQUIh2kS455fx0o/rs:fit:1000:1000/aHR0cHM6Ly9kcnl3/YWxsdG9vbGJveC5j/b20vd3AtY29udGVu/dC91cGxvYWRzLzIw/MjYvbWVkaWEvY29s/dW1iaWFfdG9vbHNf/ZmZiMTdfMDEud2Vi/cA,US,0.0,oz,716870905,0,0,0,0.0,0.0,0.0,inches,6.875,,"Columbia Tools,Repair Parts,Door Spring,HNS10,HNS10A",{},{},,,100,100,0.0
HNS10A,Door Spring,Short,18.75,0.0,Columbia Tools,"",https://thumbnails.veeqo.com/WYfuMklfPSN4YJMbqwCqdLaMMMX1CQUIh2kS455fx0o/rs:fit:1000:1000/aHR0cHM6Ly9kcnl3/YWxsdG9vbGJveC5j/b20vd3AtY29udGVu/dC91cGxvYWRzLzIw/MjYvbWVkaWEvY29s/dW1iaWFfdG9vbHNf/ZmZiMTdfMDEud2Vi/cA,US,0.0,oz,716870906,0,0,0,0.0,0.0,0.0,inches,6.875,,"Columbia Tools,Repair Parts,Door Spring,HNS10,HNS10A",{},"{""Length"":""Short""}",,,100,100,0.0
HNS10,Door Spring,Long,18.75,0.0,Columbia Tools,"",https://thumbnails.veeqo.com/WYfuMklfPSN4YJMbqwCqdLaMMMX1CQUIh2kS455fx0o/rs:fit:1000:1000/aHR0cHM6Ly9kcnl3/YWxsdG9vbGJveC5j/b20vd3AtY29udGVu/dC91cGxvYWRzLzIw/MjYvbWVkaWEvY29s/dW1iaWFfdG9vbHNf/ZmZiMTdfMDEud2Vi/cA,US,0.0,oz,716870910,0,0,0,0.0,0.0,0.0,inches,6.875,,"Columbia Tools,Repair Parts,Door Spring,HNS10,HNS10A",{},"{""Length"":""Long""}",,,100,100,0.0
FFB16,Door Spring Nut,Standard,5.0,0.0,Columbia Tools,"",https://thumbnails.veeqo.com/3AYWow53BBP_1PCdaxDUjXUG4wOLrIJZuDUpi_Ga6Kg/rs:fit:1000:1000/aHR0cHM6Ly9kcnl3/YWxsdG9vbGJveC5j/b20vd3AtY29udGVu/dC91cGxvYWRzLzIw/MjYvbWVkaWEvY29s/dW1iaWFfdG9vbHNf/ZmZiMTZfMDEud2Vi/cA,US,0.0,oz,716870912,0,0,0,0.0,0.0,0.0,inches,6.875,,"Columbia Tools,Repair Parts,FFB16,Flat Finishing Box",{},{},,,100,100,0.0
CFB11A,Door Stop,Standard,3.0,0.0,Columbia Tools,"",https://thumbnails.veeqo.com/sJOpk46NFaWDjuqSpdn7Xg89w2mQo607BcbSVFpr0cs/rs:fit:1000:1000/aHR0cHM6Ly9kcnl3/YWxsdG9vbGJveC5j/b20vd3AtY29udGVu/dC91cGxvYWRzLzIw/MjYvbWVkaWEvY29s/dW1iaWFfdG9vbHNf/Y2ZiMTFhXzAxLndl/YnA,US,0.0,oz,716870917,0,0,0,0.0,0.0,0.0,inches,6.875,,"Columbia Tools,Repair Parts,Corner Flusher Box,Flat Finishing Box,FFB32,Hinged Nailspotter",{},{},,,100,100,0.0
FFB32,Door Stop,Standard,3.0,0.0,Columbia Tools,"",https://thumbnails.veeqo.com/sJOpk46NFaWDjuqSpdn7Xg89w2mQo607BcbSVFpr0cs/rs:fit:1000:1000/aHR0cHM6Ly9kcnl3/YWxsdG9vbGJveC5j/b20vd3AtY29udGVu/dC91cGxvYWRzLzIw/MjYvbWVkaWEvY29s/dW1iaWFfdG9vbHNf/Y2ZiMTFhXzAxLndl/YnA,US,0.0,oz,716870919,0,0,0,0.0,0.0,0.0,inches,6.875,,"Columbia Tools,Repair Parts,Corner Flusher Box,Flat Finishing Box,FFB32,Hinged Nailspotter",{},{},,,100,100,0.0
CT78,Drive Chain,Standard,66.0,0.0,Columbia Tools,"",https://thumbnails.veeqo.com/XuegW8a0Y0pMDF8FqWIexhzVv0pEyFk1JroTCAPeRMU/rs:fit:1000:1000/aHR0cHM6Ly9kcnl3/YWxsdG9vbGJveC5j/b20vd3AtY29udGVu/dC91cGxvYWRzLzIw/MjYvbWVkaWEvY29s/dW1iaWFfdG9vbHNf/Y3Q3OF8wMS53ZWJw,US,0.0,oz,716870925,0,0,0,0.0,0.0,0.0,inches,6.875,,"Columbia Tools,Repair Parts,Automatic Taper Head,CT78",{},{},,,100,100,0.0
CT70,Drive Shaft,Standard,33.0,0.0,Columbia Tools,"",https://thumbnails.veeqo.com/XKoHMZOe0U_oJKSgBCe3O-UaHCfaWx6bURg4Yk-2gUQ/rs:fit:1000:1000/aHR0cHM6Ly9kcnl3/YWxsdG9vbGJveC5j/b20vd3AtY29udGVu/dC91cGxvYWRzLzIw/MjYvbWVkaWEvY29s/dW1iaWFfdG9vbHNf/Y3Q3MF8wMS53ZWJw,US,0.0,oz,716870929,0,0,0,0.0,0.0,0.0,inches,6.875,,"Columbia Tools,Repair Parts,Automatic Taper Head,CT70",{},{},,,100,100,0.0
CT71,Drive Sprocket,Small,15.0,0.0,Columbia Tools,"",https://thumbnails.veeqo.com/hLQz4IvDZY8bw-xIrmwJBdl7nmIxodRzZcXYCbWmhLE/rs:fit:1000:1000/aHR0cHM6Ly9kcnl3/YWxsdG9vbGJveC5j/b20vd3AtY29udGVu/dC91cGxvYWRzLzIw/MjYvbWVkaWEvY29s/dW1iaWFfdG9vbHNf/Y3Q3MV8wMS53ZWJw,US,0.0,oz,716870933,0,0,0,0.0,0.0,0.0,inches,6.875,,"Columbia Tools,Repair Parts,Automatic Taper Head,CT71",{},"{""Size"":""Small""}",,,100,100,0.0
CT77,Drive Sprocket,Large,26.5,0.0,Columbia Tools,"",https://thumbnails.veeqo.com/hLQz4IvDZY8bw-xIrmwJBdl7nmIxodRzZcXYCbWmhLE/rs:fit:1000:1000/aHR0cHM6Ly9kcnl3/YWxsdG9vbGJveC5j/b20vd3AtY29udGVu/dC91cGxvYWRzLzIw/MjYvbWVkaWEvY29s/dW1iaWFfdG9vbHNf/Y3Q3MV8wMS53ZWJw,US,0.0,oz,716870940,0,0,0,0.0,0.0,0.0,inches,6.875,,"Columbia Tools,Repair Parts,Automatic Taper Head,CT71",{},"{""Size"":""Large""}",,,100,100,0.0
CT87,Engraved Cover Plate Cap,Standard,42.0,0.0,Columbia Tools,"",https://thumbnails.veeqo.com/eeAI-aRd3hW39IqWyDSbgFzz4KG9jNqLqTQKcAvevjA/rs:fit:1000:1000/aHR0cHM6Ly9kcnl3/YWxsdG9vbGJveC5j/b20vd3AtY29udGVu/dC91cGxvYWRzLzIw/MjYvbWVkaWEvY29s/dW1iaWFfdG9vbHNf/Y3Q4N18wMS53ZWJw,US,0.0,oz,716870943,0,0,0,0.0,0.0,0.0,inches,6.875,,"Columbia Tools,Repair Parts,Automatic Taper Head,CT87",{},{},,,100,100,0.0
HH5,Extension Housing,Standard,33.0,0.0,Columbia Tools,"",https://thumbnails.veeqo.com/HfHUOImESCu8yTIxP2cBv3A0OKwspgM5Ad-ABAzwIRA/rs:fit:1000:1000/aHR0cHM6Ly9kcnl3/YWxsdG9vbGJveC5j/b20vd3AtY29udGVu/dC91cGxvYWRzLzIw/MjYvbWVkaWEvY29s/dW1iaWFfdG9vbHNf/aGg1XzAxLndlYnA,US,0.0,oz,716870946,0,0,0,0.0,0.0,0.0,inches,6.875,,"Columbia Tools,Repair Parts,Matrix Handle,HH5",{},{},,,100,100,0.0
D14-22,Dura-III Adjustable,14”-22”,400.0,0.0,Dura-Stilts,"",https://thumbnails.veeqo.com/oW60via5DpOOruGMzifgGg321D83V-MV-H26S2Rsk90/rs:fit:1000:1000/aHR0cHM6Ly9kcnl3/YWxsdG9vbGJveC5j/b20vd3AtY29udGVu/dC91cGxvYWRzLzIw/MjYvbWVkaWEvZHVy/YV9zdGlsdHNfZF9p/aWlfMDEud2VicA,US,0.0,oz,716871826,0,0,0,0.0,0.0,0.0,inches,6.875,,"adjustable stilts,drywall stilts,Dura-Stilts,stilts",{},"{""Height Range"":""14”-22”""}",,,100,100,0.0
D18-30,Dura-III Adjustable,18”-30”,415.0,0.0,Dura-Stilts,"",https://thumbnails.veeqo.com/oW60via5DpOOruGMzifgGg321D83V-MV-H26S2Rsk90/rs:fit:1000:1000/aHR0cHM6Ly9kcnl3/YWxsdG9vbGJveC5j/b20vd3AtY29udGVu/dC91cGxvYWRzLzIw/MjYvbWVkaWEvZHVy/YV9zdGlsdHNfZF9p/aWlfMDEud2VicA,US,0.0,oz,716871835,0,0,0,0.0,0.0,0.0,inches,6.875,,"adjustable stilts,drywall stilts,Dura-Stilts,stilts",{},"{""Height Range"":""18”-30”""}",,,100,100,0.0
D24-40,Dura-III Adjustable,24”-40”,435.0,0.0,Dura-Stilts,"",https://thumbnails.veeqo.com/oW60via5DpOOruGMzifgGg321D83V-MV-H26S2Rsk90/rs:fit:1000:1000/aHR0cHM6Ly9kcnl3/YWxsdG9vbGJveC5j/b20vd3AtY29udGVu/dC91cGxvYWRzLzIw/MjYvbWVkaWEvZHVy/YV9zdGlsdHNfZF9p/aWlfMDEud2VicA,US,0.0,oz,716871842,0,0,0,0.0,0.0,0.0,inches,6.875,,"adjustable stilts,drywall stilts,Dura-Stilts,stilts",{},"{""Height Range"":""24”-40”""}",,,100,100,0.0
D38-64,Dura-III Adjustable,38”-64”,584.0,0.0,Dura-Stilts,"",https://thumbnails.veeqo.com/oW60via5DpOOruGMzifgGg321D83V-MV-H26S2Rsk90/rs:fit:1000:1000/aHR0cHM6Ly9kcnl3/YWxsdG9vbGJveC5j/b20vd3AtY29udGVu/dC91cGxvYWRzLzIw/MjYvbWVkaWEvZHVy/YV9zdGlsdHNfZF9p/aWlfMDEud2VicA,US,0.0,oz,716871852,0,0,0,0.0,0.0,0.0,inches,6.875,,"adjustable stilts,drywall stilts,Dura-Stilts,stilts",{},"{""Height Range"":""38”-64”""}",,,100,100,0.0
HFFB14-8,Flat Box Hinged Door Gasket,"8""",16.5,0.0,Columbia Tools,"",https://thumbnails.veeqo.com/XQadF2SkAmlMW5j9fVUXVEInp6t5e1JmxZ7Z5R6zpD4/rs:fit:1000:1000/aHR0cHM6Ly9kcnl3/YWxsdG9vbGJveC5j/b20vd3AtY29udGVu/dC91cGxvYWRzLzIw/MjYvbWVkaWEvY29s/dW1iaWFfdG9vbHNf/aGZmYjE0XzhfMDEu/d2VicA,US,0.0,oz,716870174,0,0,0,0.0,0.0,0.0,inches,6.875,,"Columbia Tools,Flat Finishing Box,HFFB14-10,Repair Parts",{},"{""Size"":""8\""""}",,,100,100,0.0
HFFB14-10,Flat Box Hinged Door Gasket,"10""",42.0,0.0,Columbia Tools,"",https://thumbnails.veeqo.com/XQadF2SkAmlMW5j9fVUXVEInp6t5e1JmxZ7Z5R6zpD4/rs:fit:1000:1000/aHR0cHM6Ly9kcnl3/YWxsdG9vbGJveC5j/b20vd3AtY29udGVu/dC91cGxvYWRzLzIw/MjYvbWVkaWEvY29s/dW1iaWFfdG9vbHNf/aGZmYjE0XzhfMDEu/d2VicA,US,0.0,oz,716870181,0,0,0,0.0,0.0,0.0,inches,6.875,,"Columbia Tools,Flat Finishing Box,HFFB14-10,Repair Parts",{},"{""Size"":""10\""""}",,,100,100,0.0
HFFB14-12,Flat Box Hinged Door Gasket,"12""",42.0,0.0,Columbia Tools,"",https://thumbnails.veeqo.com/XQadF2SkAmlMW5j9fVUXVEInp6t5e1JmxZ7Z5R6zpD4/rs:fit:1000:1000/aHR0cHM6Ly9kcnl3/YWxsdG9vbGJveC5j/b20vd3AtY29udGVu/dC91cGxvYWRzLzIw/MjYvbWVkaWEvY29s/dW1iaWFfdG9vbHNf/aGZmYjE0XzhfMDEu/d2VicA,US,0.0,oz,716870183,0,0,0,0.0,0.0,0.0,inches,6.875,,"Columbia Tools,Flat Finishing Box,HFFB14-10,Repair Parts",{},"{""Size"":""12\""""}",,,100,100,0.0
HFFB14-14,Flat Box Hinged Door Gasket,"14""",42.0,0.0,Columbia Tools,"",https://thumbnails.veeqo.com/XQadF2SkAmlMW5j9fVUXVEInp6t5e1JmxZ7Z5R6zpD4/rs:fit:1000:1000/aHR0cHM6Ly9kcnl3/YWxsdG9vbGJveC5j/b20vd3AtY29udGVu/dC91cGxvYWRzLzIw/MjYvbWVkaWEvY29s/dW1iaWFfdG9vbHNf/aGZmYjE0XzhfMDEu/d2VicA,US,0.0,oz,716870184,0,0,0,0.0,0.0,0.0,inches,6.875,,"Columbia Tools,Flat Finishing Box,HFFB14-10,Repair Parts",{},"{""Size"":""14\""""}",,,100,100,0.0
HH30,Extension Release Trigger,Standard,14.25,0.0,Columbia Tools,"",https://thumbnails.veeqo.com/gXjNNwZQc8zRQ24SPkyLrLnxlaFpBLbKfDInYJB31_c/rs:fit:1000:1000/aHR0cHM6Ly9kcnl3/YWxsdG9vbGJveC5j/b20vd3AtY29udGVu/dC91cGxvYWRzLzIw/MjYvbWVkaWEvY29s/dW1iaWFfdG9vbHNf/aGgzMF8wMS53ZWJw,US,0.0,oz,716870949,0,0,0,0.0,0.0,0.0,inches,6.875,,"Columbia Tools,Repair Parts,HH30,Matrix Handle",{},{},,,100,100,0.0
CT130,Extension Shaft,Standard,32.5,0.0,Columbia Tools,"",https://thumbnails.veeqo.com/7wNPNuQoAcr8VIsILrOyLzctBu5rhdJF4Au6HihAhQg/rs:fit:1000:1000/aHR0cHM6Ly9kcnl3/YWxsdG9vbGJveC5j/b20vd3AtY29udGVu/dC91cGxvYWRzLzIw/MjYvbWVkaWEvY29s/dW1iaWFfdG9vbHNf/Y3QxMzBfMDEud2Vi/cA,US,0.0,oz,716870956,0,0,0,0.0,0.0,0.0,inches,6.875,,"Columbia Tools,Repair Parts,Automatic Taper Body,CT130",{},{},,,100,100,0.0
CT127,Extension Shaft Bracket,Standard,21.95,0.0,Columbia Tools,"",https://thumbnails.veeqo.com/mv3VdHdo_-HhUeBVNCWL2ihn-aGCbTPigOkvfodR4lo/rs:fit:1000:1000/aHR0cHM6Ly9kcnl3/YWxsdG9vbGJveC5j/b20vd3AtY29udGVu/dC91cGxvYWRzLzIw/MjYvbWVkaWEvY29s/dW1iaWFfdG9vbHNf/Y3QxMjdfMDEud2Vi/cA,US,0.0,oz,716870961,0,0,0,0.0,0.0,0.0,inches,6.875,,"Columbia Tools,Repair Parts,Automatic Taper Body,CT127",{},{},,,100,100,0.0
MP33,Filler Gasket,Standard,2.0,0.0,Columbia Tools,"",https://thumbnails.veeqo.com/eStvU4M7iOjz8IDj6aVkBiWoCBrzr_BFh32jfQDrhCE/rs:fit:1000:1000/aHR0cHM6Ly9kcnl3/YWxsdG9vbGJveC5j/b20vd3AtY29udGVu/dC91cGxvYWRzLzIw/MjYvbWVkaWEvY29s/dW1iaWFfdG9vbHNf/bXAzM18wMS53ZWJw,US,0.0,oz,716870966,0,0,0,0.0,0.0,0.0,inches,6.875,,"Columbia Tools,Repair Parts,Hot Mud Pump,MP33",{},{},,,100,100,0.0
MP28,Filler Nut,Standard,12.25,0.0,Columbia Tools,"",https://thumbnails.veeqo.com/VbMF_J-jHbL_ev0WpAft9fUkvzAJEj2Rp-SW2g7JOMM/rs:fit:1000:1000/aHR0cHM6Ly9kcnl3/YWxsdG9vbGJveC5j/b20vd3AtY29udGVu/dC91cGxvYWRzLzIw/MjYvbWVkaWEvY29s/dW1iaWFfdG9vbHNf/bXAyOF8wMS53ZWJw,US,0.0,oz,716870968,0,0,0,0.0,0.0,0.0,inches,6.875,,"Columbia Tools,Repair Parts,Hot Mud Pump,MP28",{},{},,,100,100,0.0
MP25,Filler Studs,Standard,10.0,0.0,Columbia Tools,"",https://thumbnails.veeqo.com/j2Ftxvpwxt9uQOUCEC3N6SkI7SkqQLlJ9IUOWKXQw5M/rs:fit:1000:1000/aHR0cHM6Ly9kcnl3/YWxsdG9vbGJveC5j/b20vd3AtY29udGVu/dC91cGxvYWRzLzIw/MjYvbWVkaWEvY29s/dW1iaWFfdG9vbHNf/bXAyNV8wMS53ZWJw,US,0.0,oz,716870970,0,0,0,0.0,0.0,0.0,inches,6.875,,"Columbia Tools,Repair Parts,Hot Mud Pump,MP25",{},{},,,100,100,0.0
MP2,Foot Valve Casting,Standard,29.0,0.0,Columbia Tools,"",https://thumbnails.veeqo.com/-ASTsN_Z3-ZopjGn4EPbe-oEdyIxHPU7jhkRPxp-FGs/rs:fit:1000:1000/aHR0cHM6Ly9kcnl3/YWxsdG9vbGJveC5j/b20vd3AtY29udGVu/dC91cGxvYWRzLzIw/MjYvbWVkaWEvY29s/dW1iaWFfdG9vbHNf/bXAyXzAxLndlYnA,US,0.0,oz,716870980,0,0,0,0.0,0.0,0.0,inches,6.875,,"Columbia Tools,Repair Parts,Hot Mud Pump,MP2",{},{},,,100,100,0.0
AH5,Frame Retainer Clip,Standard,2.0,0.0,Columbia Tools,"",https://thumbnails.veeqo.com/sK0TwnZHlDb5VhskU7B8PTrw7gqbnHzwKSc8Hb2ZCtY/rs:fit:1000:1000/aHR0cHM6Ly9kcnl3/YWxsdG9vbGJveC5j/b20vd3AtY29udGVu/dC91cGxvYWRzLzIw/MjYvbWVkaWEvY29s/dW1iaWFfdG9vbHNf/YWg1XzAxLndlYnA,US,0.0,oz,716870991,0,0,0,0.0,0.0,0.0,inches,6.875,,"Columbia Tools,Repair Parts,AH5,Angle Head",{},{},,,100,100,0.0
AH7-2,Frame Tension Spring,"2""",12.5,0.0,Columbia Tools,"",https://thumbnails.veeqo.com/aRz9QcLlUh3fRuYP2eFoBowUrWTBofEqpYUp9yIJ2Yg/rs:fit:1000:1000/aHR0cHM6Ly9kcnl3/YWxsdG9vbGJveC5j/b20vd3AtY29udGVu/dC91cGxvYWRzLzIw/MjYvbWVkaWEvY29s/dW1iaWFfdG9vbHNf/YWg3XzJfMDEud2Vi/cA,US,0.0,oz,716870997,0,0,0,0.0,0.0,0.0,inches,6.875,,"Columbia Tools,Repair Parts,AH7,Frame Tension Spring",{},"{""Size"":""2\""""}",,,100,100,0.0
AH7-2.5,Frame Tension Spring,"2.5""",2.0,0.0,Columbia Tools,"",https://thumbnails.veeqo.com/aRz9QcLlUh3fRuYP2eFoBowUrWTBofEqpYUp9yIJ2Yg/rs:fit:1000:1000/aHR0cHM6Ly9kcnl3/YWxsdG9vbGJveC5j/b20vd3AtY29udGVu/dC91cGxvYWRzLzIw/MjYvbWVkaWEvY29s/dW1iaWFfdG9vbHNf/YWg3XzJfMDEud2Vi/cA,US,0.0,oz,716871002,0,0,0,0.0,0.0,0.0,inches,6.875,,"Columbia Tools,Repair Parts,AH7,Frame Tension Spring",{},"{""Size"":""2.5\""""}",,,100,100,0.0
AH7-3,Frame Tension Spring,"3""",13.25,0.0,Columbia Tools,"",https://thumbnails.veeqo.com/aRz9QcLlUh3fRuYP2eFoBowUrWTBofEqpYUp9yIJ2Yg/rs:fit:1000:1000/aHR0cHM6Ly9kcnl3/YWxsdG9vbGJveC5j/b20vd3AtY29udGVu/dC91cGxvYWRzLzIw/MjYvbWVkaWEvY29s/dW1iaWFfdG9vbHNf/YWg3XzJfMDEud2Vi/cA,US,0.0,oz,716871005,0,0,0,0.0,0.0,0.0,inches,6.875,,"Columbia Tools,Repair Parts,AH7,Frame Tension Spring",{},"{""Size"":""3\""""}",,,100,100,0.0
AH7-3.5,Frame Tension Spring,"3.5""",14.5,0.0,Columbia Tools,"",https://thumbnails.veeqo.com/aRz9QcLlUh3fRuYP2eFoBowUrWTBofEqpYUp9yIJ2Yg/rs:fit:1000:1000/aHR0cHM6Ly9kcnl3/YWxsdG9vbGJveC5j/b20vd3AtY29udGVu/dC91cGxvYWRzLzIw/MjYvbWVkaWEvY29s/dW1iaWFfdG9vbHNf/YWg3XzJfMDEud2Vi/cA,US,0.0,oz,716871008,0,0,0,0.0,0.0,0.0,inches,6.875,,"Columbia Tools,Repair Parts,AH7,Frame Tension Spring",{},"{""Size"":""3.5\""""}",,,100,100,0.0
AH6A,Funnel Retainer Clip,Standard,19.0,0.0,Columbia Tools,"",https://thumbnails.veeqo.com/UZIBHeUr6GAMYU2o0Wx1S9HryJw6BbHb4gyzC5sAM14/rs:fit:1000:1000/aHR0cHM6Ly9kcnl3/YWxsdG9vbGJveC5j/b20vd3AtY29udGVu/dC91cGxvYWRzLzIw/MjYvbWVkaWEvY29s/dW1iaWFfdG9vbHNf/YWg2YV8wMS53ZWJw,US,0.0,oz,716871011,0,0,0,0.0,0.0,0.0,inches,6.875,,"Columbia Tools,Repair Parts,Angle Head,AH6A",{},{},,,100,100,0.0
MH21,Grip Adjuster Housing,Standard,21.95,0.0,Columbia Tools,"",https://thumbnails.veeqo.com/K55-37kNbAQhEl60t2DX8VO6ZM0SY_8yJp1N1huPqzc/rs:fit:1000:1000/aHR0cHM6Ly9kcnl3/YWxsdG9vbGJveC5j/b20vd3AtY29udGVu/dC91cGxvYWRzLzIw/MjYvbWVkaWEvY29s/dW1iaWFfdG9vbHNf/bWgyMV8wMS53ZWJw,US,0.0,oz,716871015,0,0,0,0.0,0.0,0.0,inches,6.875,,"Columbia Tools,Repair Parts,Matrix Handle,MH21",{},{},,,100,100,0.0
MH23,Grip Adjusting Fastener,Standard,11.0,0.0,Columbia Tools,"",https://thumbnails.veeqo.com/M0wjMGc14fU8VOHoP8noPeASg_YHkV8LvRxCmPbFZz0/rs:fit:1000:1000/aHR0cHM6Ly9kcnl3/YWxsdG9vbGJveC5j/b20vd3AtY29udGVu/dC91cGxvYWRzLzIw/MjYvbWVkaWEvY29s/dW1iaWFfdG9vbHNf/bWgyM18wMS53ZWJw,US,0.0,oz,716871019,0,0,0,0.0,0.0,0.0,inches,6.875,,"Columbia Tools,Repair Parts,Matrix Handle,MH23",{},{},,,100,100,0.0
MH22,Grip Adjustment Pin,Standard,11.0,0.0,Columbia Tools,"",https://thumbnails.veeqo.com/aD_wxNxe8jAum4__vZkAFoexCkMxKImK2ToITM6tQls/rs:fit:1000:1000/aHR0cHM6Ly9kcnl3/YWxsdG9vbGJveC5j/b20vd3AtY29udGVu/dC91cGxvYWRzLzIw/MjYvbWVkaWEvY29s/dW1iaWFfdG9vbHNf/bWgyMl8wMS53ZWJw,US,0.0,oz,716871021,0,0,0,0.0,0.0,0.0,inches,6.875,,"Columbia Tools,Repair Parts,Matrix Handle,MH22",{},{},,,100,100,0.0
HH15,Grip Sleeve Octagon,Standard,15.0,0.0,Columbia Tools,"",https://thumbnails.veeqo.com/j_9mPtPHqn2koUypT6SqOqLdXDnvvK9UwNC-o4mBCmc/rs:fit:1000:1000/aHR0cHM6Ly9kcnl3/YWxsdG9vbGJveC5j/b20vd3AtY29udGVu/dC91cGxvYWRzLzIw/MjYvbWVkaWEvY29s/dW1iaWFfdG9vbHNf/aGgxNV8wMS53ZWJw,US,0.0,oz,716871027,0,0,0,0.0,0.0,0.0,inches,6.875,,"Columbia Tools,Repair Parts,HH15,Hydra-Reach Box Handle",{},{},,,100,100,0.0
CT115,Guard Ring,Standard,20.0,0.0,Columbia Tools,"",https://thumbnails.veeqo.com/VyF-_XLBBpwbJjeHWAoRq849Zi692ycm75XS7j48oo8/rs:fit:1000:1000/aHR0cHM6Ly9kcnl3/YWxsdG9vbGJveC5j/b20vd3AtY29udGVu/dC91cGxvYWRzLzIw/MjYvbWVkaWEvY29s/dW1iaWFfdG9vbHNf/Y3QxMTVfMDEud2Vi/cA,US,0.0,oz,716871031,0,0,0,0.0,0.0,0.0,inches,6.875,,"Columbia Tools,Repair Parts,Automatic Taper Body,CT115",{},{},,,100,100,0.0
CT58,Guide Rod Bushing,Standard,8.0,0.0,Columbia Tools,"",https://thumbnails.veeqo.com/KCDFXSPs4KNr7KxWleUdqbgVsbN6KxEaS16fA3oB_cA/rs:fit:1000:1000/aHR0cHM6Ly9kcnl3/YWxsdG9vbGJveC5j/b20vd3AtY29udGVu/dC91cGxvYWRzLzIw/MjYvbWVkaWEvY29s/dW1iaWFfdG9vbHNf/Y3Q1OF8wMS53ZWJw,US,0.0,oz,716871034,0,0,0,0.0,0.0,0.0,inches,6.875,,"Columbia Tools,Repair Parts,Automatic Taper Head,CT58",{},{},,,100,100,0.0
CT126,Hand Grip Body,Standard,66.0,0.0,Columbia Tools,"",https://thumbnails.veeqo.com/Sgye-Q8KcFPZc5aaVSVfuFnDcnqodT6lmuMCV1CEiy4/rs:fit:1000:1000/aHR0cHM6Ly9kcnl3/YWxsdG9vbGJveC5j/b20vd3AtY29udGVu/dC91cGxvYWRzLzIw/MjYvbWVkaWEvY29s/dW1iaWFfdG9vbHNf/Y3QxMjZfMDEud2Vi/cA,US,0.0,oz,716871037,0,0,0,0.0,0.0,0.0,inches,6.875,,"Columbia Tools,Repair Parts,Automatic Taper Body,CT126",{},{},,,100,100,0.0
CT124,Hand Grip Guard Ring,Standard,20.0,0.0,Columbia Tools,"",https://thumbnails.veeqo.com/G8wxfhKF21IHvkNwAWwKspOMcZrq-IC2DFBxu3nEy0U/rs:fit:1000:1000/aHR0cHM6Ly9kcnl3/YWxsdG9vbGJveC5j/b20vd3AtY29udGVu/dC91cGxvYWRzLzIw/MjYvbWVkaWEvY29s/dW1iaWFfdG9vbHNf/Y3QxMjRfMDEud2Vi/cA,US,0.0,oz,716871041,0,0,0,0.0,0.0,0.0,inches,6.875,,"Columbia Tools,Repair Parts,Automatic Taper Body,CT124",{},{},,,100,100,0.0
HNS12,Handle Clamp,Standard,17.0,0.0,Columbia Tools,"",https://thumbnails.veeqo.com/A9xQZEVx5hDPlzqnHzJ6im2d4Kif2-ASoWPjPaZa6k8/rs:fit:1000:1000/aHR0cHM6Ly9kcnl3/YWxsdG9vbGJveC5j/b20vd3AtY29udGVu/dC91cGxvYWRzLzIw/MjYvbWVkaWEvY29s/dW1iaWFfdG9vbHNf/aG5zMTJfMDEud2Vi/cA,US,0.0,oz,716871045,0,0,0,0.0,0.0,0.0,inches,6.875,,"Columbia Tools,Repair Parts,Hinged Nailspotter,HNS12",{},{},,,100,100,0.0
CR11,Handle Connecting Link,Standard,18.95,0.0,Columbia Tools,"",https://thumbnails.veeqo.com/yoU9Pyq0QypEZLunLXjEa-vlCDP_0OOOplVmxhgxRtY/rs:fit:1000:1000/aHR0cHM6Ly9kcnl3/YWxsdG9vbGJveC5j/b20vd3AtY29udGVu/dC91cGxvYWRzLzIw/MjYvbWVkaWEvY29s/dW1iaWFfdG9vbHNf/Y3IxMV8wMS53ZWJw,US,0.0,oz,716871053,0,0,0,0.0,0.0,0.0,inches,6.875,,"Columbia Tools,Repair Parts,Corner Roller,CR11",{},{},,,100,100,0.0
HH35,Handle Grip,Standard,7.0,0.0,Columbia Tools,"",https://thumbnails.veeqo.com/TZOVg--IWCL5g6mm3Zb6pAK--qwE32AC1jQ6Bq8w3nA/rs:fit:1000:1000/aHR0cHM6Ly9kcnl3/YWxsdG9vbGJveC5j/b20vd3AtY29udGVu/dC91cGxvYWRzLzIw/MjYvbWVkaWEvY29s/dW1iaWFfdG9vbHNf/aGgzNV8wMS53ZWJw,US,0.0,oz,716871059,0,0,0,0.0,0.0,0.0,inches,6.875,,"Columbia Tools,Repair Parts,Matrix Handle,MH4",{},{},,,100,100,0.0
MH4,Handle Grip,Standard,37.0,0.0,Columbia Tools,"",https://thumbnails.veeqo.com/TZOVg--IWCL5g6mm3Zb6pAK--qwE32AC1jQ6Bq8w3nA/rs:fit:1000:1000/aHR0cHM6Ly9kcnl3/YWxsdG9vbGJveC5j/b20vd3AtY29udGVu/dC91cGxvYWRzLzIw/MjYvbWVkaWEvY29s/dW1iaWFfdG9vbHNf/aGgzNV8wMS53ZWJw,US,0.0,oz,716871068,0,0,0,0.0,0.0,0.0,inches,6.875,,"Columbia Tools,Repair Parts,Matrix Handle,MH4",{},{},,,100,100,0.0
MH11,Handle Grip Bushing,Standard,6.0,0.0,Columbia Tools,"",https://thumbnails.veeqo.com/n3XoPaovHAM1T7gdbpdeE6jv7lMkHjO-XJzeV60eNvM/rs:fit:1000:1000/aHR0cHM6Ly9kcnl3/YWxsdG9vbGJveC5j/b20vd3AtY29udGVu/dC91cGxvYWRzLzIw/MjYvbWVkaWEvY29s/dW1iaWFfdG9vbHNf/bWgxMV8wMS53ZWJw,US,0.0,oz,716871074,0,0,0,0.0,0.0,0.0,inches,6.875,,"Columbia Tools,Repair Parts,Matrix Handle,MH11",{},{},,,100,100,0.0
MP6,Handle Link,Standard,33.0,0.0,Columbia Tools,"",https://thumbnails.veeqo.com/h6K_oVTMjMzNPK4KnxdgGhZclgvJl0369zjBGsJqjjA/rs:fit:1000:1000/aHR0cHM6Ly9kcnl3/YWxsdG9vbGJveC5j/b20vd3AtY29udGVu/dC91cGxvYWRzLzIw/MjYvbWVkaWEvY29s/dW1iaWFfdG9vbHNf/bXA2XzAxLndlYnA,US,0.0,oz,716871078,0,0,0,0.0,0.0,0.0,inches,6.875,,"Columbia Tools,Repair Parts,Hot Mud Pump,MP6",{},{},,,100,100,0.0
HNSA-14,Handle Link Assembly,Standard,45.0,0.0,Columbia Tools,"",https://thumbnails.veeqo.com/dBlbkzx3RP8EzVMPZ1OHPW7Hr9HyQ2MvQMsazw3qm_0/rs:fit:1000:1000/aHR0cHM6Ly9kcnl3/YWxsdG9vbGJveC5j/b20vd3AtY29udGVu/dC91cGxvYWRzLzIw/MjYvbWVkaWEvY29s/dW1iaWFfdG9vbHNf/aG5zYV8xNF8wMS53/ZWJw,US,0.0,oz,716871084,0,0,0,0.0,0.0,0.0,inches,6.875,,"Columbia Tools,Repair Parts,Hinged Nailspotter,HNSA-14",{},{},,,100,100,0.0
MH1,Handle Mount Plate,Standard,75.0,0.0,Columbia Tools,"",https://thumbnails.veeqo.com/tdlIUnaGFKv9g7bNDkvsE7p2pn1KPrQ9X5GWcZ3Mn2Q/rs:fit:1000:1000/aHR0cHM6Ly9kcnl3/YWxsdG9vbGJveC5j/b20vd3AtY29udGVu/dC91cGxvYWRzLzIw/MjYvbWVkaWEvY29s/dW1iaWFfdG9vbHNf/bWgxXzAxLndlYnA,US,0.0,oz,716871090,0,0,0,0.0,0.0,0.0,inches,6.875,,"Columbia Tools,Repair Parts,Matrix Handle,MH1",{},{},,,100,100,0.0
CR6,Handle Mounting Swivel,Standard,24.95,0.0,Columbia Tools,"",https://thumbnails.veeqo.com/-PEj_gRyry2ZFT132rfbdwFWujrs0HzuvyRwXfQznEw/rs:fit:1000:1000/aHR0cHM6Ly9kcnl3/YWxsdG9vbGJveC5j/b20vd3AtY29udGVu/dC91cGxvYWRzLzIw/MjYvbWVkaWEvY29s/dW1iaWFfdG9vbHNf/Y3I2XzAxLndlYnA,US,0.0,oz,716871097,0,0,0,0.0,0.0,0.0,inches,6.875,,"Columbia Tools,Repair Parts,Corner Roller,CR6",{},{},,,100,100,0.0
HPA-48,Handle Pin Assembly,Standard,5.0,0.0,Columbia Tools,"",https://thumbnails.veeqo.com/ducRXc0zvSKrQk-KQYWCmvKIuiFN-kU7URoeecA148I/rs:fit:1000:1000/aHR0cHM6Ly9kcnl3/YWxsdG9vbGJveC5j/b20vd3AtY29udGVu/dC91cGxvYWRzLzIw/MjYvbWVkaWEvY29s/dW1iaWFfdG9vbHNf/aHBhXzQ4XzAxLndl/YnA,US,0.0,oz,716871104,0,0,0,0.0,0.0,0.0,inches,6.875,,"Columbia Tools,Repair Parts,Hot Mud Pump,HPA-48",{},{},,,100,100,0.0
HH8,Handle Tube,Standard,45.0,0.0,Columbia Tools,"",https://thumbnails.veeqo.com/-w0cV3JMc_P8K2dSk7JrcITGYgHOUvNosi94v_xOm-c/rs:fit:1000:1000/aHR0cHM6Ly9kcnl3/YWxsdG9vbGJveC5j/b20vd3AtY29udGVu/dC91cGxvYWRzLzIw/MjYvbWVkaWEvY29s/dW1iaWFfdG9vbHNf/aGg4XzAxLndlYnA,US,0.0,oz,716871107,0,0,0,0.0,0.0,0.0,inches,6.875,,"Columbia Tools,Repair Parts,Matrix Handle,Hydra-Reach Box Handle,HH8",{},{},,,100,100,0.0
MP5,Head Bushing,Standard,13.95,0.0,Columbia Tools,"",https://thumbnails.veeqo.com/cg_9EAtrPw-nes7xqXc9XpK1c1-EwiT_iDgteqWIs8g/rs:fit:1000:1000/aHR0cHM6Ly9kcnl3/YWxsdG9vbGJveC5j/b20vd3AtY29udGVu/dC91cGxvYWRzLzIw/MjYvbWVkaWEvY29s/dW1iaWFfdG9vbHNf/bXA1XzAxLndlYnA,US,0.0,oz,716871113,0,0,0,0.0,0.0,0.0,inches,6.875,,"Columbia Tools,Repair Parts,Hot Mud Pump,MP5",{},{},,,100,100,0.0
CR1,Head Casting,Standard,39.0,0.0,Columbia Tools,"",https://thumbnails.veeqo.com/5wK0io1llORxd3h3NAV2ccShll63qgADL_w59Q2PPDA/rs:fit:1000:1000/aHR0cHM6Ly9kcnl3/YWxsdG9vbGJveC5j/b20vd3AtY29udGVu/dC91cGxvYWRzLzIw/MjYvbWVkaWEvY29s/dW1iaWFfdG9vbHNf/Y3IxXzAxLndlYnA,US,0.0,oz,716871123,0,0,0,0.0,0.0,0.0,inches,6.875,,"Columbia Tools,Repair Parts,AH1,Head Casting",{},{},,,100,100,0.0
AH1-2,Head Casting,"2""",153.0,0.0,Columbia Tools,"",https://thumbnails.veeqo.com/5wK0io1llORxd3h3NAV2ccShll63qgADL_w59Q2PPDA/rs:fit:1000:1000/aHR0cHM6Ly9kcnl3/YWxsdG9vbGJveC5j/b20vd3AtY29udGVu/dC91cGxvYWRzLzIw/MjYvbWVkaWEvY29s/dW1iaWFfdG9vbHNf/Y3IxXzAxLndlYnA,US,0.0,oz,716871133,0,0,0,0.0,0.0,0.0,inches,6.875,,"Columbia Tools,Repair Parts,AH1,Head Casting",{},"{""Size"":""2\""""}",,,100,100,0.0
AH1-2.5,Head Casting,"2.5""",173.85,0.0,Columbia Tools,"",https://thumbnails.veeqo.com/5wK0io1llORxd3h3NAV2ccShll63qgADL_w59Q2PPDA/rs:fit:1000:1000/aHR0cHM6Ly9kcnl3/YWxsdG9vbGJveC5j/b20vd3AtY29udGVu/dC91cGxvYWRzLzIw/MjYvbWVkaWEvY29s/dW1iaWFfdG9vbHNf/Y3IxXzAxLndlYnA,US,0.0,oz,716871138,0,0,0,0.0,0.0,0.0,inches,6.875,,"Columbia Tools,Repair Parts,AH1,Head Casting",{},"{""Size"":""2.5\""""}",,,100,100,0.0
AH1-3,Head Casting,"3""",153.0,0.0,Columbia Tools,"",https://thumbnails.veeqo.com/5wK0io1llORxd3h3NAV2ccShll63qgADL_w59Q2PPDA/rs:fit:1000:1000/aHR0cHM6Ly9kcnl3/YWxsdG9vbGJveC5j/b20vd3AtY29udGVu/dC91cGxvYWRzLzIw/MjYvbWVkaWEvY29s/dW1iaWFfdG9vbHNf/Y3IxXzAxLndlYnA,US,0.0,oz,716871143,0,0,0,0.0,0.0,0.0,inches,6.875,,"Columbia Tools,Repair Parts,AH1,Head Casting",{},"{""Size"":""3\""""}",,,100,100,0.0
AH1-3.5,Head Casting,"3.5""",153.0,0.0,Columbia Tools,"",https://thumbnails.veeqo.com/5wK0io1llORxd3h3NAV2ccShll63qgADL_w59Q2PPDA/rs:fit:1000:1000/aHR0cHM6Ly9kcnl3/YWxsdG9vbGJveC5j/b20vd3AtY29udGVu/dC91cGxvYWRzLzIw/MjYvbWVkaWEvY29s/dW1iaWFfdG9vbHNf/Y3IxXzAxLndlYnA,US,0.0,oz,716871146,0,0,0,0.0,0.0,0.0,inches,6.875,,"Columbia Tools,Repair Parts,AH1,Head Casting",{},"{""Size"":""3.5\""""}",,,100,100,0.0
FFB39,Hex Bolt,Standard,3.0,0.0,Columbia Tools,"",https://thumbnails.veeqo.com/6Wn9jTXAcOmS9TBtCLhEfBtC9X0fewfJI0GbA5GKWX8/rs:fit:1000:1000/aHR0cHM6Ly9kcnl3/YWxsdG9vbGJveC5j/b20vd3AtY29udGVu/dC91cGxvYWRzLzIw/MjYvbWVkaWEvY29s/dW1iaWFfdG9vbHNf/ZmZiMzlfMDEud2Vi/cA,US,0.0,oz,716871147,0,0,0,0.0,0.0,0.0,inches,6.875,,"Columbia Tools,Flat Finishing Box,Repair Parts,FFB39",{},{},,,100,100,0.0
CT20,Hinge Block,Standard,24.95,0.0,Columbia Tools,"",https://thumbnails.veeqo.com/dP7dS7u6b8_OOdPNpIU3q2E4sWqFLj4jm48hJmISR1I/rs:fit:1000:1000/aHR0cHM6Ly9kcnl3/YWxsdG9vbGJveC5j/b20vd3AtY29udGVu/dC91cGxvYWRzLzIw/MjYvbWVkaWEvY29s/dW1iaWFfdG9vbHNf/Y3QyMF8wMS53ZWJw,US,0.0,oz,716871151,0,0,0,0.0,0.0,0.0,inches,6.875,,"Columbia Tools,Repair Parts,Automatic Taper Head,CT20",{},{},,,100,100,0.0
HFFB3,Hinge Box End Plate,Right,36.0,0.0,Columbia Tools,"",https://thumbnails.veeqo.com/NJW9GlWEVnrZAv81_yDLu8tC3PGGvTOmILFQIoXvvs4/rs:fit:1000:1000/aHR0cHM6Ly9kcnl3/YWxsdG9vbGJveC5j/b20vd3AtY29udGVu/dC91cGxvYWRzLzIw/MjYvbWVkaWEvY29s/dW1iaWFfdG9vbHNf/aGZmYjNhXzAxLndl/YnA,US,0.0,oz,716871154,0,0,0,0.0,0.0,0.0,inches,6.875,,"Columbia Tools,Flat Finishing Box,Repair Parts,HFFB3",{},"{""Side"":""Right""}",,,100,100,0.0
HFFB3A,Hinge Box End Plate,Left,36.0,0.0,Columbia Tools,"",https://thumbnails.veeqo.com/NJW9GlWEVnrZAv81_yDLu8tC3PGGvTOmILFQIoXvvs4/rs:fit:1000:1000/aHR0cHM6Ly9kcnl3/YWxsdG9vbGJveC5j/b20vd3AtY29udGVu/dC91cGxvYWRzLzIw/MjYvbWVkaWEvY29s/dW1iaWFfdG9vbHNf/aGZmYjNhXzAxLndl/YnA,US,0.0,oz,716871157,0,0,0,0.0,0.0,0.0,inches,6.875,,"Columbia Tools,Flat Finishing Box,Repair Parts,HFFB3",{},"{""Side"":""Left""}",,,100,100,0.0
CFB15A,Hinge Bushing (Plastic Washer),Standard,8.5,0.0,Columbia Tools,"",https://thumbnails.veeqo.com/xCla5csumqfVdXCY5S8SEQMEIuqI12X5NECN88RqGHY/rs:fit:1000:1000/aHR0cHM6Ly9kcnl3/YWxsdG9vbGJveC5j/b20vd3AtY29udGVu/dC91cGxvYWRzLzIw/MjYvbWVkaWEvY29s/dW1iaWFfdG9vbHNf/Y2ZiMTVhXzAxLndl/YnA,US,0.0,oz,716871159,0,0,0,0.0,0.0,0.0,inches,6.875,,"Columbia Tools,Repair Parts,CFB15A,Corner Flusher Box",{},{},,,100,100,0.0
BH6,Hinge Pin,Standard,11.25,0.0,Columbia Tools,"",https://thumbnails.veeqo.com/S0yfImkrOfJ6d8VCa_iUkdIQEUfusa3gl4cYvL12aRk/rs:fit:1000:1000/aHR0cHM6Ly9kcnl3/YWxsdG9vbGJveC5j/b20vd3AtY29udGVu/dC91cGxvYWRzLzIw/MjYvbWVkaWEvY29s/dW1iaWFfdG9vbHNf/Ymg2XzAxLndlYnA,US,0.0,oz,716871166,0,0,0,0.0,0.0,0.0,inches,6.875,,"Columbia Tools,Repair Parts,Matrix Handle,MH6",{},{},,,100,100,0.0
MH6,Hinge Pin,Standard,4.0,0.0,Columbia Tools,"",https://thumbnails.veeqo.com/S0yfImkrOfJ6d8VCa_iUkdIQEUfusa3gl4cYvL12aRk/rs:fit:1000:1000/aHR0cHM6Ly9kcnl3/YWxsdG9vbGJveC5j/b20vd3AtY29udGVu/dC91cGxvYWRzLzIw/MjYvbWVkaWEvY29s/dW1iaWFfdG9vbHNf/Ymg2XzAxLndlYnA,US,0.0,oz,716871169,0,0,0,0.0,0.0,0.0,inches,6.875,,"Columbia Tools,Repair Parts,Matrix Handle,MH6",{},{},,,100,100,0.0
CT79,Hollow Shaft,Standard,38.5,0.0,Columbia Tools,"",https://thumbnails.veeqo.com/LSI3LoTZf0DLeBuL5C0DrYX9J-LxCTQgwRExg5s747A/rs:fit:1000:1000/aHR0cHM6Ly9kcnl3/YWxsdG9vbGJveC5j/b20vd3AtY29udGVu/dC91cGxvYWRzLzIw/MjYvbWVkaWEvY29s/dW1iaWFfdG9vbHNf/Y3Q3OV8wMS53ZWJw,US,0.0,oz,716871171,0,0,0,0.0,0.0,0.0,inches,6.875,,"Columbia Tools,Repair Parts,Automatic Taper Head,CT79",{},{},,,100,100,0.0
CT68,Hub,Standard,15.0,0.0,Columbia Tools,"",https://thumbnails.veeqo.com/cwsY5fWvTAGhXE3klhYSd4obm7ZJ8MYEv8gHYVA_aU4/rs:fit:1000:1000/aHR0cHM6Ly9kcnl3/YWxsdG9vbGJveC5j/b20vd3AtY29udGVu/dC91cGxvYWRzLzIw/MjYvbWVkaWEvY29s/dW1iaWFfdG9vbHNf/Y3Q2OF8wMS53ZWJw,US,0.0,oz,716871175,0,0,0,0.0,0.0,0.0,inches,6.875,,"Columbia Tools,Repair Parts,Automatic Taper Head,CT68",{},{},,,100,100,0.0
CT2,Insert Bushing for CT#7A,Standard,5.0,0.0,Columbia Tools,"",https://thumbnails.veeqo.com/CVykMRK9bpnbZ3hF_IpfAGUzTRS4GwFhI4x3VXEO2Sw/rs:fit:1000:1000/aHR0cHM6Ly9kcnl3/YWxsdG9vbGJveC5j/b20vd3AtY29udGVu/dC91cGxvYWRzLzIw/MjYvbWVkaWEvY29s/dW1iaWFfdG9vbHNf/Y3QyXzAxLndlYnA,US,0.0,oz,716871177,0,0,0,0.0,0.0,0.0,inches,6.875,,"Columbia Tools,Repair Parts,Automatic Taper Head,CT2",{},{},,,100,100,0.0
CT3,Insert Bushing,Right,12.0,0.0,Columbia Tools,"",https://thumbnails.veeqo.com/V7KHhZink1p565-qcG3FR8guGmOY0v5aocdsRy78rfU/rs:fit:1000:1000/aHR0cHM6Ly9kcnl3/YWxsdG9vbGJveC5j/b20vd3AtY29udGVu/dC91cGxvYWRzLzIw/MjYvbWVkaWEvY29s/dW1iaWFfdG9vbHNf/Y3QzXzAxLndlYnA,US,0.0,oz,716871594,0,0,0,0.0,0.0,0.0,inches,6.875,,"Columbia Tools,Repair Parts,CT3,CT3A,Insert Bushing",{},"{""Side"":""Right""}",,,100,100,0.0
CT3A,Insert Bushing,Left,14.5,0.0,Columbia Tools,"",https://thumbnails.veeqo.com/V7KHhZink1p565-qcG3FR8guGmOY0v5aocdsRy78rfU/rs:fit:1000:1000/aHR0cHM6Ly9kcnl3/YWxsdG9vbGJveC5j/b20vd3AtY29udGVu/dC91cGxvYWRzLzIw/MjYvbWVkaWEvY29s/dW1iaWFfdG9vbHNf/Y3QzXzAxLndlYnA,US,0.0,oz,716871601,0,0,0,0.0,0.0,0.0,inches,6.875,,"Columbia Tools,Repair Parts,CT3,CT3A,Insert Bushing",{},"{""Side"":""Left""}",,,100,100,0.0
4-701,LEVEL5 Corner Applicator,"7""",285.59,0.0,LEVEL5,"",https://thumbnails.veeqo.com/pfkv-50RFZff9s_StdD9mFtLu14K9c6DDXT9GO0PLBo/rs:fit:1000:1000/aHR0cHM6Ly9kcnl3/YWxsdG9vbGJveC5j/b20vd3AtY29udGVu/dC91cGxvYWRzLzIw/MjYvbWVkaWEvbGV2/ZWw1XzRfNzAxXzAx/LndlYnA,US,0.0,oz,716871856,0,0,0,0.0,0.0,0.0,inches,6.875,,"Corner Applicators,Drywall Finishing Tools,LEVEL5",{},"{""Size"":""7\""""}",,,54,100,0.0
4-702,LEVEL5 Corner Applicator,"8""",294.52,0.0,LEVEL5,"",https://thumbnails.veeqo.com/pfkv-50RFZff9s_StdD9mFtLu14K9c6DDXT9GO0PLBo/rs:fit:1000:1000/aHR0cHM6Ly9kcnl3/YWxsdG9vbGJveC5j/b20vd3AtY29udGVu/dC91cGxvYWRzLzIw/MjYvbWVkaWEvbGV2/ZWw1XzRfNzAxXzAx/LndlYnA,US,0.0,oz,716871862,0,0,0,0.0,0.0,0.0,inches,6.875,,"Corner Applicators,Drywall Finishing Tools,LEVEL5",{},"{""Size"":""8\""""}",,,100,100,0.0
4-794,LEVEL5 Corner Applicator Handle (Extendable),"31""-50""",175.08,0.0,LEVEL5,"",https://thumbnails.veeqo.com/uVBjtEMTz7DJ77_3NBv1e4Pp-CGPPJrrCDZNY1gmds4/rs:fit:1000:1000/aHR0cHM6Ly9kcnl3/YWxsdG9vbGJveC5j/b20vd3AtY29udGVu/dC91cGxvYWRzLzIw/MjYvbWVkaWEvbGV2/ZWw1XzRfNzk0XzAx/LndlYnA,US,0.0,oz,716871868,0,0,0,0.0,0.0,0.0,inches,6.875,,"Corner Applicators,Drywall Finishing Tools,LEVEL5",{},"{""Length"":""31\""-50\""""}",,,100,100,0.0
4-798,LEVEL5 Corner Applicator Handle (Extendable),"43""-72""",193.78,0.0,LEVEL5,"",https://thumbnails.veeqo.com/uVBjtEMTz7DJ77_3NBv1e4Pp-CGPPJrrCDZNY1gmds4/rs:fit:1000:1000/aHR0cHM6Ly9kcnl3/YWxsdG9vbGJveC5j/b20vd3AtY29udGVu/dC91cGxvYWRzLzIw/MjYvbWVkaWEvbGV2/ZWw1XzRfNzk0XzAx/LndlYnA,US,0.0,oz,716871873,0,0,0,0.0,0.0,0.0,inches,6.875,,"Corner Applicators,Drywall Finishing Tools,LEVEL5",{},"{""Length"":""43\""-72\""""}",,,100,100,0.0
4-732,LEVEL5 Corner Finisher,"2.5""",397.37,0.0,LEVEL5,"",https://thumbnails.veeqo.com/LLN46myL79eDs-KeSrtVBnG67j3IHJTbnn1ChR0fRIQ/rs:fit:1000:1000/aHR0cHM6Ly9kcnl3/YWxsdG9vbGJveC5j/b20vd3AtY29udGVu/dC91cGxvYWRzLzIw/MjYvbWVkaWEvbGV2/ZWw1XzRfNzMyXzAx/LndlYnA,US,0.0,oz,716871880,0,0,0,0.0,0.0,0.0,inches,6.875,,"Drywall Finishing Tools,LEVEL5,Corner Finishers",{},"{""Size"":""2.5\""""}",,,100,100,0.0
4-733,LEVEL5 Corner Finisher,"3""",406.72,0.0,LEVEL5,"",https://thumbnails.veeqo.com/LLN46myL79eDs-KeSrtVBnG67j3IHJTbnn1ChR0fRIQ/rs:fit:1000:1000/aHR0cHM6Ly9kcnl3/YWxsdG9vbGJveC5j/b20vd3AtY29udGVu/dC91cGxvYWRzLzIw/MjYvbWVkaWEvbGV2/ZWw1XzRfNzMyXzAx/LndlYnA,US,0.0,oz,716871883,0,0,0,0.0,0.0,0.0,inches,6.875,,"Drywall Finishing Tools,LEVEL5,Corner Finishers",{},"{""Size"":""3\""""}",,,54,100,0.0
4-734,LEVEL5 Corner Finisher,"3.5""",416.07,0.0,LEVEL5,"",https://thumbnails.veeqo.com/LLN46myL79eDs-KeSrtVBnG67j3IHJTbnn1ChR0fRIQ/rs:fit:1000:1000/aHR0cHM6Ly9kcnl3/YWxsdG9vbGJveC5j/b20vd3AtY29udGVu/dC91cGxvYWRzLzIw/MjYvbWVkaWEvbGV2/ZWw1XzRfNzMyXzAx/LndlYnA,US,0.0,oz,716871887,0,0,0,0.0,0.0,0.0,inches,6.875,,"Drywall Finishing Tools,LEVEL5,Corner Finishers",{},"{""Size"":""3.5\""""}",,,100,100,0.0
4-735,LEVEL5 Corner Finisher,"4""",425.42,0.0,LEVEL5,"",https://thumbnails.veeqo.com/LLN46myL79eDs-KeSrtVBnG67j3IHJTbnn1ChR0fRIQ/rs:fit:1000:1000/aHR0cHM6Ly9kcnl3/YWxsdG9vbGJveC5j/b20vd3AtY29udGVu/dC91cGxvYWRzLzIw/MjYvbWVkaWEvbGV2/ZWw1XzRfNzMyXzAx/LndlYnA,US,0.0,oz,716871889,0,0,0,0.0,0.0,0.0,inches,6.875,,"Drywall Finishing Tools,LEVEL5,Corner Finishers",{},"{""Size"":""4\""""}",,,100,100,0.0
4-795,LEVEL5 Corner Finisher Handle (Extendable),"31""-50""",186.98,0.0,LEVEL5,"",https://thumbnails.veeqo.com/kGzoZSHzL8IagRnjiL49SDzrQBHFEwAPrIM1bQP01JA/rs:fit:1000:1000/aHR0cHM6Ly9kcnl3/YWxsdG9vbGJveC5j/b20vd3AtY29udGVu/dC91cGxvYWRzLzIw/MjYvbWVkaWEvbGV2/ZWw1XzRfNzk1XzAx/LndlYnA,US,0.0,oz,716871893,0,0,0,0.0,0.0,0.0,inches,6.875,,"Drywall Finishing Tools,LEVEL5,Corner Finishers",{},"{""Length"":""31\""-50\""""}",,,100,100,0.0
4-799,LEVEL5 Corner Finisher Handle (Extendable),"43""-72""",205.68,0.0,LEVEL5,"",https://thumbnails.veeqo.com/kGzoZSHzL8IagRnjiL49SDzrQBHFEwAPrIM1bQP01JA/rs:fit:1000:1000/aHR0cHM6Ly9kcnl3/YWxsdG9vbGJveC5j/b20vd3AtY29udGVu/dC91cGxvYWRzLzIw/MjYvbWVkaWEvbGV2/ZWw1XzRfNzk1XzAx/LndlYnA,US,0.0,oz,716871897,0,0,0,0.0,0.0,0.0,inches,6.875,,"Drywall Finishing Tools,LEVEL5,Corner Finishers",{},"{""Length"":""43\""-72\""""}",,,100,100,0.0
4-743,LEVEL5 Corner Flusher,"3""",128.69,0.0,LEVEL5,"",https://thumbnails.veeqo.com/d3Wo0U23Qfn0QoEM310qgAIKwYfyBBci8EJo6iQmkgU/rs:fit:1000:1000/aHR0cHM6Ly9kcnl3/YWxsdG9vbGJveC5j/b20vd3AtY29udGVu/dC91cGxvYWRzLzIw/MjYvbWVkaWEvbGV2/ZWw1XzRfNzQzXzAx/LndlYnA,US,0.0,oz,716871900,0,0,0,0.0,0.0,0.0,inches,6.875,,"Drywall Finishing Tools,LEVEL5,Corner Flushers",{},"{""Size"":""3\""""}",,,100,100,0.0
4-744,LEVEL5 Corner Flusher,"3.5""",132.74,0.0,LEVEL5,"",https://thumbnails.veeqo.com/d3Wo0U23Qfn0QoEM310qgAIKwYfyBBci8EJo6iQmkgU/rs:fit:1000:1000/aHR0cHM6Ly9kcnl3/YWxsdG9vbGJveC5j/b20vd3AtY29udGVu/dC91cGxvYWRzLzIw/MjYvbWVkaWEvbGV2/ZWw1XzRfNzQzXzAx/LndlYnA,US,0.0,oz,716871904,0,0,0,0.0,0.0,0.0,inches,6.875,,"Drywall Finishing Tools,LEVEL5,Corner Flushers",{},"{""Size"":""3.5\""""}",,,100,100,0.0
4-767,LEVEL5 Flat Box (MEGA),"7""",398.64,0.0,LEVEL5,"",https://thumbnails.veeqo.com/XzIUWMlTH33tEkm2A6Wg2GcPZMDLy2Zp2HRwvS0X-hU/rs:fit:1000:1000/aHR0cHM6Ly9kcnl3/YWxsdG9vbGJveC5j/b20vd3AtY29udGVu/dC91cGxvYWRzLzIw/MjYvbWVkaWEvbGV2/ZWw1XzRfNzY3XzAx/LndlYnA,US,0.0,oz,716871908,0,0,0,0.0,0.0,0.0,inches,6.875,,"Drywall Finishing Tools,LEVEL5,Flat Boxes",{},"{""Size"":""7\""""}",,,100,100,0.0
4-768,LEVEL5 Flat Box (MEGA),"10""",407.99,0.0,LEVEL5,"",https://thumbnails.veeqo.com/XzIUWMlTH33tEkm2A6Wg2GcPZMDLy2Zp2HRwvS0X-hU/rs:fit:1000:1000/aHR0cHM6Ly9kcnl3/YWxsdG9vbGJveC5j/b20vd3AtY29udGVu/dC91cGxvYWRzLzIw/MjYvbWVkaWEvbGV2/ZWw1XzRfNzY3XzAx/LndlYnA,US,0.0,oz,716871914,0,0,0,0.0,0.0,0.0,inches,6.875,,"Drywall Finishing Tools,LEVEL5,Flat Boxes",{},"{""Size"":""10\""""}",,,100,100,0.0
4-769,LEVEL5 Flat Box (MEGA),"12""",422.02,0.0,LEVEL5,"",https://thumbnails.veeqo.com/XzIUWMlTH33tEkm2A6Wg2GcPZMDLy2Zp2HRwvS0X-hU/rs:fit:1000:1000/aHR0cHM6Ly9kcnl3/YWxsdG9vbGJveC5j/b20vd3AtY29udGVu/dC91cGxvYWRzLzIw/MjYvbWVkaWEvbGV2/ZWw1XzRfNzY3XzAx/LndlYnA,US,0.0,oz,716871916,0,0,0,0.0,0.0,0.0,inches,6.875,,"Drywall Finishing Tools,LEVEL5,Flat Boxes",{},"{""Size"":""12\""""}",,,100,100,0.0
4-764,LEVEL5 Flat Box (Standard),"7""",379.52,0.0,LEVEL5,"",https://thumbnails.veeqo.com/4hkFEaz3bGGqZ8Nss7u2TyDGha7p7nwx-wkiJxZmSRg/rs:fit:1000:1000/aHR0cHM6Ly9kcnl3/YWxsdG9vbGJveC5j/b20vd3AtY29udGVu/dC91cGxvYWRzLzIw/MjYvbWVkaWEvbGV2/ZWw1XzRfNzY0XzAx/LndlYnA,US,0.0,oz,716871918,0,0,0,0.0,0.0,0.0,inches,6.875,,"Drywall Finishing Tools,LEVEL5,Flat Boxes",{},"{""Size"":""7\""""}",,,100,100,0.0
4-765,LEVEL5 Flat Box (Standard),"10""",388.87,0.0,LEVEL5,"",https://thumbnails.veeqo.com/4hkFEaz3bGGqZ8Nss7u2TyDGha7p7nwx-wkiJxZmSRg/rs:fit:1000:1000/aHR0cHM6Ly9kcnl3/YWxsdG9vbGJveC5j/b20vd3AtY29udGVu/dC91cGxvYWRzLzIw/MjYvbWVkaWEvbGV2/ZWw1XzRfNzY0XzAx/LndlYnA,US,0.0,oz,716871919,0,0,0,0.0,0.0,0.0,inches,6.875,,"Drywall Finishing Tools,LEVEL5,Flat Boxes",{},"{""Size"":""10\""""}",,,54,100,0.0
4-766,LEVEL5 Flat Box (Standard),"12""",398.64,0.0,LEVEL5,"",https://thumbnails.veeqo.com/4hkFEaz3bGGqZ8Nss7u2TyDGha7p7nwx-wkiJxZmSRg/rs:fit:1000:1000/aHR0cHM6Ly9kcnl3/YWxsdG9vbGJveC5j/b20vd3AtY29udGVu/dC91cGxvYWRzLzIw/MjYvbWVkaWEvbGV2/ZWw1XzRfNzY0XzAx/LndlYnA,US,0.0,oz,716871921,0,0,0,0.0,0.0,0.0,inches,6.875,,"Drywall Finishing Tools,LEVEL5,Flat Boxes",{},"{""Size"":""12\""""}",,,54,100,0.0
4-770,LEVEL5 Flat Box (Standard),"14""",412.67,0.0,LEVEL5,"",https://thumbnails.veeqo.com/4hkFEaz3bGGqZ8Nss7u2TyDGha7p7nwx-wkiJxZmSRg/rs:fit:1000:1000/aHR0cHM6Ly9kcnl3/YWxsdG9vbGJveC5j/b20vd3AtY29udGVu/dC91cGxvYWRzLzIw/MjYvbWVkaWEvbGV2/ZWw1XzRfNzY0XzAx/LndlYnA,US,0.0,oz,716871922,0,0,0,0.0,0.0,0.0,inches,6.875,,"Drywall Finishing Tools,LEVEL5,Flat Boxes",{},"{""Size"":""14\""""}",,,100,100,0.0
4-759,LEVEL5 Flat Box Handle (Extendable),"48""-78""",313.22,0.0,LEVEL5,"",https://thumbnails.veeqo.com/lv7dSUx_2CNAPDAFknJLj451jBkMR-phu2vr2O7H2Vo/rs:fit:1000:1000/aHR0cHM6Ly9kcnl3/YWxsdG9vbGJveC5j/b20vd3AtY29udGVu/dC91cGxvYWRzLzIw/MjYvbWVkaWEvbGV2/ZWw1XzRfNzU5XzAx/LndlYnA,US,0.0,oz,716871927,0,0,0,0.0,0.0,0.0,inches,6.875,,"Drywall Finishing Tools,LEVEL5,Flat Boxes",{},"{""Length"":""48\""-78\""""}",,,100,100,0.0
4-780,LEVEL5 Flat Box Handle (Extendable),"40""-62""",303.87,0.0,LEVEL5,"",https://thumbnails.veeqo.com/lv7dSUx_2CNAPDAFknJLj451jBkMR-phu2vr2O7H2Vo/rs:fit:1000:1000/aHR0cHM6Ly9kcnl3/YWxsdG9vbGJveC5j/b20vd3AtY29udGVu/dC91cGxvYWRzLzIw/MjYvbWVkaWEvbGV2/ZWw1XzRfNzU5XzAx/LndlYnA,US,0.0,oz,716871936,0,0,0,0.0,0.0,0.0,inches,6.875,,"Drywall Finishing Tools,LEVEL5,Flat Boxes",{},"{""Length"":""40\""-62\""""}",,,100,100,0.0
4-781,LEVEL5 Flat Box Handle (Extendable),"30""-42""",294.52,0.0,LEVEL5,"",https://thumbnails.veeqo.com/lv7dSUx_2CNAPDAFknJLj451jBkMR-phu2vr2O7H2Vo/rs:fit:1000:1000/aHR0cHM6Ly9kcnl3/YWxsdG9vbGJveC5j/b20vd3AtY29udGVu/dC91cGxvYWRzLzIw/MjYvbWVkaWEvbGV2/ZWw1XzRfNzU5XzAx/LndlYnA,US,0.0,oz,716871941,0,0,0,0.0,0.0,0.0,inches,6.875,,"Drywall Finishing Tools,LEVEL5,Flat Boxes",{},"{""Length"":""30\""-42\""""}",,,100,100,0.0
4-782,LEVEL5 Flat Box Handle (Extendable),"23""-32""",276.24,0.0,LEVEL5,"",https://thumbnails.veeqo.com/lv7dSUx_2CNAPDAFknJLj451jBkMR-phu2vr2O7H2Vo/rs:fit:1000:1000/aHR0cHM6Ly9kcnl3/YWxsdG9vbGJveC5j/b20vd3AtY29udGVu/dC91cGxvYWRzLzIw/MjYvbWVkaWEvbGV2/ZWw1XzRfNzU5XzAx/LndlYnA,US,0.0,oz,716871947,0,0,0,0.0,0.0,0.0,inches,6.875,,"Drywall Finishing Tools,LEVEL5,Flat Boxes",{},"{""Length"":""23\""-32\""""}",,,100,100,0.0
4-711,LEVEL5 Flat Box Handle (Fixed Length),"34""",175.09,0.0,LEVEL5,"",https://thumbnails.veeqo.com/JdGtASa_E1xn-NKRFaPlX44lTvkvSOZ_NoMZ9pGCKb8/rs:fit:1000:1000/aHR0cHM6Ly9kcnl3/YWxsdG9vbGJveC5j/b20vd3AtY29udGVu/dC91cGxvYWRzLzIw/MjYvbWVkaWEvbGV2/ZWw1XzRfNzExXzAx/LndlYnA,US,0.0,oz,716871950,0,0,0,0.0,0.0,0.0,inches,6.875,,"Drywall Finishing Tools,LEVEL5,Flat Boxes",{},"{""Length"":""34\""""}",,,100,100,0.0
4-712,LEVEL5 Flat Box Handle (Fixed Length),"42""",184.02,0.0,LEVEL5,"",https://thumbnails.veeqo.com/JdGtASa_E1xn-NKRFaPlX44lTvkvSOZ_NoMZ9pGCKb8/rs:fit:1000:1000/aHR0cHM6Ly9kcnl3/YWxsdG9vbGJveC5j/b20vd3AtY29udGVu/dC91cGxvYWRzLzIw/MjYvbWVkaWEvbGV2/ZWw1XzRfNzExXzAx/LndlYnA,US,0.0,oz,716871955,0,0,0,0.0,0.0,0.0,inches,6.875,,"Drywall Finishing Tools,LEVEL5,Flat Boxes",{},"{""Length"":""42\""""}",,,54,100,0.0
4-740,LEVEL5 Flat Box Handle (Fixed Length),"54""",202.72,0.0,LEVEL5,"",https://thumbnails.veeqo.com/JdGtASa_E1xn-NKRFaPlX44lTvkvSOZ_NoMZ9pGCKb8/rs:fit:1000:1000/aHR0cHM6Ly9kcnl3/YWxsdG9vbGJveC5j/b20vd3AtY29udGVu/dC91cGxvYWRzLzIw/MjYvbWVkaWEvbGV2/ZWw1XzRfNzExXzAx/LndlYnA,US,0.0,oz,716871962,0,0,0,0.0,0.0,0.0,inches,6.875,,"Drywall Finishing Tools,LEVEL5,Flat Boxes",{},"{""Length"":""54\""""}",,,100,100,0.0
4-754,LEVEL5 Nail Spotter,"2""",271.14,0.0,LEVEL5,"",https://thumbnails.veeqo.com/GbqBFRjYc3FzQsAK5YN1L-DgIfmzVYiGm6i9kzzQhxw/rs:fit:1000:1000/aHR0cHM6Ly9kcnl3/YWxsdG9vbGJveC5j/b20vd3AtY29udGVu/dC91cGxvYWRzLzIw/MjYvbWVkaWEvbGV2/ZWw1XzRfNzU0XzAx/LndlYnA,US,0.0,oz,716871964,0,0,0,0.0,0.0,0.0,inches,6.875,,"Drywall Finishing Tools,LEVEL5,Nail Spotters",{},"{""Size"":""2\""""}",,,100,100,0.0
4-605,"LEVEL5 10""/12"" Box Set with Extendable Handle",Standard,1453.17,0.0,LEVEL5,"",https://thumbnails.veeqo.com/WJg5TPkhUiKvPfaA-bOt6lfQjfiiQlhd-eLw64gX01A/rs:fit:1000:1000/aHR0cHM6Ly9kcnl3/YWxsdG9vbGJveC5j/b20vd3AtY29udGVu/dC91cGxvYWRzLzIw/MjYvbWVkaWEvbGV2/ZWw1XzRfNjA1XzAx/LndlYnA,US,0.0,oz,716871967,0,0,0,0.0,0.0,0.0,inches,6.875,,"LEVEL5,drywall finishing set,flat box set,tool kit",{},,,false,54,100,0
4-629,"LEVEL5 10""/12"" Box Set with Extendable Handle",Mega,1866.46,0.0,LEVEL5,"",https://thumbnails.veeqo.com/WJg5TPkhUiKvPfaA-bOt6lfQjfiiQlhd-eLw64gX01A/rs:fit:1000:1000/aHR0cHM6Ly9kcnl3/YWxsdG9vbGJveC5j/b20vd3AtY29udGVu/dC91cGxvYWRzLzIw/MjYvbWVkaWEvbGV2/ZWw1XzRfNjA1XzAx/LndlYnA,US,0.0,oz,716871975,0,0,0,0.0,0.0,0.0,inches,6.875,,"LEVEL5,drywall finishing set,flat box set,tool kit",{},,,false,54,100,0
4-792,"LEVEL5 31""- 50"" Corner Roller/Nail Spotter Handle",Standard,179.33,0.0,LEVEL5,"",https://thumbnails.veeqo.com/HzMStwAV-L817jM06hdiI5RZSuy0lFNPwuv6P2hUX18/rs:fit:1000:1000/aHR0cHM6Ly9kcnl3/YWxsdG9vbGJveC5j/b20vd3AtY29udGVu/dC91cGxvYWRzLzIw/MjYvbWVkaWEvbGV2/ZWw1XzRfNzkyXzAx/LndlYnA,US,0.0,oz,716871977,0,0,0,0.0,0.0,0.0,inches,6.875,,"LEVEL5,31""- 50"" corner roller/nail spotter handle,4-792,drywall accessory",{},{},,,100,100,0.0
5-777,LEVEL5 Corner Roller Handle,"50""",89.99,0.0,LEVEL5,"",https://thumbnails.veeqo.com/MwczGUQcR4TuG4OPTF-A8EeFY4V7ObZJGaJOpAwoel0/rs:fit:1000:1000/aHR0cHM6Ly9kcnl3/YWxsdG9vbGJveC5j/b20vd3AtY29udGVu/dC91cGxvYWRzLzIw/MjYvbWVkaWEvbGV2/ZWw1XzRfNzc3XzAx/LndlYnA,US,0.0,oz,716871981,0,0,0,0.0,0.0,0.0,inches,6.875,,"LEVEL5,drywall accessory,4-777,54"" corner roller handle",{},"{""Length"":""50\""""}",,,100,100,0.0
4-777,LEVEL5 Corner Roller Handle,"54""",92.22,0.0,LEVEL5,"",https://thumbnails.veeqo.com/MwczGUQcR4TuG4OPTF-A8EeFY4V7ObZJGaJOpAwoel0/rs:fit:1000:1000/aHR0cHM6Ly9kcnl3/YWxsdG9vbGJveC5j/b20vd3AtY29udGVu/dC91cGxvYWRzLzIw/MjYvbWVkaWEvbGV2/ZWw1XzRfNzc3XzAx/LndlYnA,US,0.0,oz,716871985,0,0,0,0.0,0.0,0.0,inches,6.875,,"LEVEL5,drywall accessory,4-777,54"" corner roller handle",{},"{""Length"":""54\""""}",,,54,100,0.0
4-778,"LEVEL5 50"" Fixed Handle",Corner Applicator,92.22,0.0,LEVEL5,"",https://thumbnails.veeqo.com/qhQOltcoTaloY58kY9kqSd9e93x3eAhqM6WSt5Vi01c/rs:fit:1000:1000/aHR0cHM6Ly9kcnl3/YWxsdG9vbGJveC5j/b20vd3AtY29udGVu/dC91cGxvYWRzLzIw/MjYvbWVkaWEvbGV2/ZWw1XzRfNzc4XzAx/LndlYnA,US,0.0,oz,716871988,0,0,0,0.0,0.0,0.0,inches,6.875,,"Drywall Finishing Tools,LEVEL5,4-778,50” fixed handle (corner applicator)",{},"{""Tool Type"":""Corner Applicator""}",,,54,100,0.0
4-779,"LEVEL5 50"" Fixed Handle",Corner Finisher,92.22,0.0,LEVEL5,"",https://thumbnails.veeqo.com/qhQOltcoTaloY58kY9kqSd9e93x3eAhqM6WSt5Vi01c/rs:fit:1000:1000/aHR0cHM6Ly9kcnl3/YWxsdG9vbGJveC5j/b20vd3AtY29udGVu/dC91cGxvYWRzLzIw/MjYvbWVkaWEvbGV2/ZWw1XzRfNzc4XzAx/LndlYnA,US,0.0,oz,716871991,0,0,0,0.0,0.0,0.0,inches,6.875,,"Drywall Finishing Tools,LEVEL5,4-778,50” fixed handle (corner applicator)",{},"{""Tool Type"":""Corner Finisher""}",,,54,100,0.0
4-760,LEVEL5 Automatic Taper,Standard,1444.99,0.0,LEVEL5,"",https://thumbnails.veeqo.com/vjh8eGKrBQI7F4F1U0XdIobu2jBtpX07Nlaq_29y6DI/rs:fit:1000:1000/aHR0cHM6Ly9kcnl3/YWxsdG9vbGJveC5j/b20vd3AtY29udGVu/dC91cGxvYWRzLzIw/MjYvbWVkaWEvbGV2/ZWw1XzRfNzYwXzAz/LndlYnA,US,0.0,oz,716871996,0,0,0,0.0,0.0,0.0,inches,6.875,,"Drywall Finishing Tools,LEVEL5,4-760,automatic taper",{},{},,,100,100,0.0
4-715,LEVEL5 Box Filler,Standard,67.57,0.0,LEVEL5,"",https://thumbnails.veeqo.com/AOGM6rSYoFEHolGXd4DtQTe3fu3y8Et_zB0Dc2T_xZE/rs:fit:1000:1000/aHR0cHM6Ly9kcnl3/YWxsdG9vbGJveC5j/b20vd3AtY29udGVu/dC91cGxvYWRzLzIw/MjYvbWVkaWEvbGV2/ZWw1XzRfNzE1XzAx/LndlYnA,US,0.0,oz,716872002,0,0,0,0.0,0.0,0.0,inches,6.875,,"Drywall Finishing Tools,LEVEL5,4-715,box filler,Mud Pans & Pumps,Pumps",{},{},,,100,100,0.0
4-771,LEVEL5 Compound Pump,Standard,452.62,0.0,LEVEL5,"",https://thumbnails.veeqo.com/cmotiAryBJpk0gts86YGsdBs2i6a21ejJKAVq3ebmcY/rs:fit:1000:1000/aHR0cHM6Ly9kcnl3/YWxsdG9vbGJveC5j/b20vd3AtY29udGVu/dC91cGxvYWRzLzIw/MjYvbWVkaWEvbGV2/ZWw1XzRfNzcxXzAx/LndlYnA,US,0.0,oz,716872011,0,0,0,0.0,0.0,0.0,inches,6.875,,"Drywall Finishing Tools,LEVEL5,Mud Pans & Pumps,Pumps,4-771,compound pump",{},{},,,54,100,0.0
4-741,LEVEL5 Compound Tube,Standard,203.84,0.0,LEVEL5,"",https://thumbnails.veeqo.com/4l_5983jZV1FH2259plLxd1eg4IYa-PwWf4S9gSuA5g/rs:fit:1000:1000/aHR0cHM6Ly9kcnl3/YWxsdG9vbGJveC5j/b20vd3AtY29udGVu/dC91cGxvYWRzLzIw/MjYvbWVkaWEvbGV2/ZWw1XzRfNzQxXzAx/LndlYnA,US,0.0,oz,716872023,0,0,0,0.0,0.0,0.0,inches,6.875,,"Drywall Finishing Tools,LEVEL5,4-741,compound tube",{},{},,,100,100,0.0
4-707,LEVEL5 Corner Roller,Standard,152.14,0.0,LEVEL5,"",https://thumbnails.veeqo.com/L34r6rXKAcRCJxFex_-GcKr2YUNHyEyyY0WB9xnalv0/rs:fit:1000:1000/aHR0cHM6Ly9kcnl3/YWxsdG9vbGJveC5j/b20vd3AtY29udGVu/dC91cGxvYWRzLzIw/MjYvbWVkaWEvbGV2/ZWw1XzRfNzA3XzAx/LndlYnA,US,0.0,oz,716872039,0,0,0,0.0,0.0,0.0,inches,6.875,,"Corner Roller,LEVEL5,drywall accessory,4-707",{},{},,,54,100,0.0
5-311,LEVEL5 Drywall Banjo,Standard,150.29,0.0,LEVEL5,"",https://thumbnails.veeqo.com/Xf5GQ_M3vdMkEo-WWznzfmQ2AR1E7Y9B4E3Q46yJ93A/rs:fit:1000:1000/aHR0cHM6Ly9kcnl3/YWxsdG9vbGJveC5j/b20vd3AtY29udGVu/dC91cGxvYWRzLzIw/MjYvbWVkaWEvbGV2/ZWw1XzVfMzExXzAx/LndlYnA,US,0.0,oz,716872044,0,0,0,0.0,0.0,0.0,inches,6.875,,"Drywall Finishing Tools,LEVEL5,5-311,drywall banjo",{},{},,,100,100,0.0
4-687P,LEVEL5 Finishing Set w/ Ext. Handles & MiniShot,Standard,1.0,0.0,LEVEL5,"",https://thumbnails.veeqo.com/L34r6rXKAcRCJxFex_-GcKr2YUNHyEyyY0WB9xnalv0/rs:fit:1000:1000/aHR0cHM6Ly9kcnl3/YWxsdG9vbGJveC5j/b20vd3AtY29udGVu/dC91cGxvYWRzLzIw/MjYvbWVkaWEvbGV2/ZWw1XzRfNzA3XzAx/LndlYnA,US,0.0,oz,716872047,0,0,0,0.0,0.0,0.0,inches,6.875,,"LEVEL5,4-687P,drywall kit,professional finishing tools,tool set",{},{},,,100,100,0.0
4-714,LEVEL5 Gooseneck,Standard,101.14,0.0,LEVEL5,"",https://thumbnails.veeqo.com/Bdhy4hXp4OIjQlrLXitGZuvfR26_PCSgBp7MFTZYYvc/rs:fit:1000:1000/aHR0cHM6Ly9kcnl3/YWxsdG9vbGJveC5j/b20vd3AtY29udGVu/dC91cGxvYWRzLzIw/MjYvbWVkaWEvbGV2/ZWw1XzRfNzE0XzAx/LndlYnA,US,0.0,oz,716872057,0,0,0,0.0,0.0,0.0,inches,6.875,,"Drywall Finishing Tools,LEVEL5,Mud Pans & Pumps,Pumps,4-714,gooseneck",{},{},,,100,100,0.0
4-772,LEVEL5 MiniShot,Standard,934.99,0.0,LEVEL5,"",https://thumbnails.veeqo.com/dgQUdLn6TmvtvOHP5z_TdHH9sWnEia8LFbtjZEuGeMU/rs:fit:1000:1000/aHR0cHM6Ly9kcnl3/YWxsdG9vbGJveC5j/b20vd3AtY29udGVu/dC91cGxvYWRzLzIw/MjYvbWVkaWEvbGV2/ZWw1XzRfNzcyXzAx/LndlYnA,US,0.0,oz,716872062,0,0,0,0.0,0.0,0.0,inches,6.875,,"Drywall Finishing Tools,LEVEL5,4-772,minishot",{},{},,,100,100,0.0
4-773,LEVEL5 MiniShot Ext. Handle,Standard,73.94,0.0,LEVEL5,"",https://thumbnails.veeqo.com/dgQUdLn6TmvtvOHP5z_TdHH9sWnEia8LFbtjZEuGeMU/rs:fit:1000:1000/aHR0cHM6Ly9kcnl3/YWxsdG9vbGJveC5j/b20vd3AtY29udGVu/dC91cGxvYWRzLzIw/MjYvbWVkaWEvbGV2/ZWw1XzRfNzcyXzAx/LndlYnA,US,0.0,oz,716872067,0,0,0,0.0,0.0,0.0,inches,6.875,,"Drywall Finishing Tools,LEVEL5,4-773,minishot ext. handle",{},{},,,100,100,0.0
4-600P,LEVEL5 Entry to Automatic Finishing Set,With Automatic Taper,3850.7,0.0,LEVEL5,"",https://thumbnails.veeqo.com/krlLeo73yMc2LhaI6Et0VhHKiKXS3CFgshxmgDxA_ME/rs:fit:1000:1000/aHR0cHM6Ly9kcnl3/YWxsdG9vbGJveC5j/b20vd3AtY29udGVu/dC91cGxvYWRzLzIw/MjYvbWVkaWEvbGV2/ZWw1XzRfNjAwcF8w/MS53ZWJw,US,0.0,oz,716872075,0,0,0,0.0,0.0,0.0,inches,6.875,,"LEVEL5,automatic taper,drywall kit,finishing set",{},"{""Configuration"":""With Automatic Taper""}",,,99,100,0.0
4-602,LEVEL5 Entry to Automatic Finishing Set,Tools Only,2395.52,0.0,LEVEL5,"",https://thumbnails.veeqo.com/krlLeo73yMc2LhaI6Et0VhHKiKXS3CFgshxmgDxA_ME/rs:fit:1000:1000/aHR0cHM6Ly9kcnl3/YWxsdG9vbGJveC5j/b20vd3AtY29udGVu/dC91cGxvYWRzLzIw/MjYvbWVkaWEvbGV2/ZWw1XzRfNjAwcF8w/MS53ZWJw,US,0.0,oz,716872077,0,0,0,0.0,0.0,0.0,inches,6.875,,"LEVEL5,automatic taper,drywall kit,finishing set",{},,,false,54,100,0
MH13,Large Nyliner Bushing,Standard,5.0,0.0,Columbia Tools,"",https://thumbnails.veeqo.com/A1KoUr1-tCMEr-mOHbW-HS__ERdCN7LSsKuDpoR3OeU/rs:fit:1000:1000/aHR0cHM6Ly9kcnl3/YWxsdG9vbGJveC5j/b20vd3AtY29udGVu/dC91cGxvYWRzLzIw/MjYvbWVkaWEvY29s/dW1iaWFfdG9vbHNf/bWgxM18wMS53ZWJw,US,0.0,oz,716871182,0,0,0,0.0,0.0,0.0,inches,6.875,,"Columbia Tools,Matrix Handle,MH13,Repair Parts",{},{},,,100,100,0.0
HP47,Latch Clamp Assembly,Standard,28.95,0.0,Columbia Tools,"",https://thumbnails.veeqo.com/AShUXqPV9Akk0vZgZIpdDt_8xDFQV76OF2JmykAItn4/rs:fit:1000:1000/aHR0cHM6Ly9kcnl3/YWxsdG9vbGJveC5j/b20vd3AtY29udGVu/dC91cGxvYWRzLzIw/MjYvbWVkaWEvY29s/dW1iaWFfdG9vbHNf/aHA0N18wMS53ZWJw,US,0.0,oz,716871187,0,0,0,0.0,0.0,0.0,inches,6.875,,"Columbia Tools,Repair Parts,Hot Mud Pump,HP47",{},{},,,100,100,0.0
HP46,Latch Keeper,Standard,19.75,0.0,Columbia Tools,"",https://thumbnails.veeqo.com/uGS8V4IToJoazcfPPdxA1O416rEWW5GS6DnJ6kHjYag/rs:fit:1000:1000/aHR0cHM6Ly9kcnl3/YWxsdG9vbGJveC5j/b20vd3AtY29udGVu/dC91cGxvYWRzLzIw/MjYvbWVkaWEvY29s/dW1iaWFfdG9vbHNf/aHA0Nl8wMS53ZWJw,US,0.0,oz,716871189,0,0,0,0.0,0.0,0.0,inches,6.875,,"Columbia Tools,Repair Parts,Hot Mud Pump,HP46",{},{},,,100,100,0.0
MP8,Leg,Standard,71.0,0.0,Columbia Tools,"",https://thumbnails.veeqo.com/5VKT7Gkqf-UYJtWhpHik0HPfnQ1ngv7SKikaLqzJsV4/rs:fit:1000:1000/aHR0cHM6Ly9kcnl3/YWxsdG9vbGJveC5j/b20vd3AtY29udGVu/dC91cGxvYWRzLzIw/MjYvbWVkaWEvY29s/dW1iaWFfdG9vbHNf/bXA4XzAxLndlYnA,US,0.0,oz,716871207,0,0,0,0.0,0.0,0.0,inches,6.875,,"Columbia Tools,Repair Parts,Hot Mud Pump,MP8",{},{},,,100,100,0.0
HH17C,Line Pincher,Standard,4.0,0.0,Columbia Tools,"",https://thumbnails.veeqo.com/ChsLWdz_Wtm50pIBr72WsNB4CI3aLk5StT4b63Ya_xs/rs:fit:1000:1000/aHR0cHM6Ly9kcnl3/YWxsdG9vbGJveC5j/b20vd3AtY29udGVu/dC91cGxvYWRzLzIw/MjYvbWVkaWEvY29s/dW1iaWFfdG9vbHNf/aGgxN2NfMDEud2Vi/cA,US,0.0,oz,716871213,0,0,0,0.0,0.0,0.0,inches,6.875,,"Columbia Tools,Repair Parts,HH17C,Hydra-Reach Box Handle",{},{},,,100,100,0.0
BH4,Lower Brake Lever,Standard,19.75,0.0,Columbia Tools,"",https://thumbnails.veeqo.com/reubWiHT1_EnQdtNUhcgRWYzpcEiYFLzL5UJCQVfyQk/rs:fit:1000:1000/aHR0cHM6Ly9kcnl3/YWxsdG9vbGJveC5j/b20vd3AtY29udGVu/dC91cGxvYWRzLzIw/MjYvbWVkaWEvY29s/dW1iaWFfdG9vbHNf/Ymg0XzAxLndlYnA,US,0.0,oz,716871219,0,0,0,0.0,0.0,0.0,inches,6.875,,"Columbia Tools,Repair Parts,180 Grip Box Handle,BH4",{},{},,,100,100,0.0
MH3,Lower Mount Bracket,Standard,33.0,0.0,Columbia Tools,"",https://thumbnails.veeqo.com/hxBzCh57kaZVqG6gzpinY1cJXgKnmfCzfNLTbifR99M/rs:fit:1000:1000/aHR0cHM6Ly9kcnl3/YWxsdG9vbGJveC5j/b20vd3AtY29udGVu/dC91cGxvYWRzLzIw/MjYvbWVkaWEvY29s/dW1iaWFfdG9vbHNf/bWgzXzAxLndlYnA,US,0.0,oz,716871223,0,0,0,0.0,0.0,0.0,inches,6.875,,"Columbia Tools,Matrix Handle,Repair Parts,MH3",{},{},,,100,100,0.0
BH3,Lower Mounting Bracket,Standard,32.0,0.0,Columbia Tools,"",https://thumbnails.veeqo.com/ah2rJ6xs6qhF0Ien-Oq5QLI-0TGU0-QYllL2jhSQgP8/rs:fit:1000:1000/aHR0cHM6Ly9kcnl3/YWxsdG9vbGJveC5j/b20vd3AtY29udGVu/dC91cGxvYWRzLzIw/MjYvbWVkaWEvY29s/dW1iaWFfdG9vbHNf/YmgzXzAxLndlYnA,US,0.0,oz,716871229,0,0,0,0.0,0.0,0.0,inches,6.875,,"Columbia Tools,Repair Parts,180 Grip Box Handle,BH3",{},{},,,100,100,0.0
CT80,Manual Drive Grip,Standard,18.75,0.0,Columbia Tools,"",https://thumbnails.veeqo.com/CBj9hQqJU4stn5IfXx4xocKLPKhqVbtpeqSBRVMm6oo/rs:fit:1000:1000/aHR0cHM6Ly9kcnl3/YWxsdG9vbGJveC5j/b20vd3AtY29udGVu/dC91cGxvYWRzLzIw/MjYvbWVkaWEvY29s/dW1iaWFfdG9vbHNf/Y3Q4MF8wMS53ZWJw,US,0.0,oz,716871234,0,0,0,0.0,0.0,0.0,inches,6.875,,"Columbia Tools,Repair Parts,Automatic Taper Head,CT80",{},{},,,100,100,0.0
MH2,Matrix Handle Head,Standard,4.0,0.0,Columbia Tools,"",https://thumbnails.veeqo.com/TZNmoFwmRmli7r1XDoPs7ZEx_UWfHISy-FtkxVeu-hU/rs:fit:1000:1000/aHR0cHM6Ly9kcnl3/YWxsdG9vbGJveC5j/b20vd3AtY29udGVu/dC91cGxvYWRzLzIw/MjYvbWVkaWEvY29s/dW1iaWFfdG9vbHNf/bWgyXzAxLndlYnA,US,0.0,oz,716871242,0,0,0,0.0,0.0,0.0,inches,6.875,,"Columbia Tools,Matrix Handle,Repair Parts,MH2",{},{},,,100,100,0.0
CT43,Micro Chain,Standard,24.5,0.0,Columbia Tools,"",https://thumbnails.veeqo.com/n5RIPgyFq31lFP-GB0SJQfXrTzEQOG7Sc0RUCqyJQyU/rs:fit:1000:1000/aHR0cHM6Ly9kcnl3/YWxsdG9vbGJveC5j/b20vd3AtY29udGVu/dC91cGxvYWRzLzIw/MjYvbWVkaWEvY29s/dW1iaWFfdG9vbHNf/Y3Q0M18wMS53ZWJw,US,0.0,oz,716871252,0,0,0,0.0,0.0,0.0,inches,6.875,,"Columbia Tools,Repair Parts,Automatic Taper Head,CT43",{},{},,,100,100,0.0
MH3A,Mounting Bracket Stem,Standard,4.0,0.0,Columbia Tools,"",https://thumbnails.veeqo.com/KF6F8oQgOf4ci-Kv9CXVgJGA0K-RsOj4UAddftoSJSs/rs:fit:1000:1000/aHR0cHM6Ly9kcnl3/YWxsdG9vbGJveC5j/b20vd3AtY29udGVu/dC91cGxvYWRzLzIw/MjYvbWVkaWEvY29s/dW1iaWFfdG9vbHNf/bWgzYV8wMS53ZWJw,US,0.0,oz,716871265,0,0,0,0.0,0.0,0.0,inches,6.875,,"Columbia Tools,Matrix Handle,Repair Parts,MH3A",{},{},,,100,100,0.0
BH1,Mounting Plate,Standard,30.0,0.0,Columbia Tools,"",https://thumbnails.veeqo.com/FGf7d8joMgOTGujMTToPS_1sAl7GFYlThYmbH6UbnsI/rs:fit:1000:1000/aHR0cHM6Ly9kcnl3/YWxsdG9vbGJveC5j/b20vd3AtY29udGVu/dC91cGxvYWRzLzIw/MjYvbWVkaWEvY29s/dW1iaWFfdG9vbHNf/YmgxXzAxLndlYnA,US,0.0,oz,716871276,0,0,0,0.0,0.0,0.0,inches,6.875,,"Columbia Tools,Repair Parts,Hydra-Reach Box Handle,180 Grip Box Handle,BH1",{},{},,,100,100,0.0
MP24,Mud Pump Screen,Standard,4.0,0.0,Columbia Tools,"",https://thumbnails.veeqo.com/fUDC2ZW9uwuKHtGXx9uLbOQBGklTfHf_8CRz1YdVHwQ/rs:fit:1000:1000/aHR0cHM6Ly9kcnl3/YWxsdG9vbGJveC5j/b20vd3AtY29udGVu/dC91cGxvYWRzLzIw/MjYvbWVkaWEvY29s/dW1iaWFfdG9vbHNf/bXAyNF8wMS53ZWJw,US,0.0,oz,716871284,0,0,0,0.0,0.0,0.0,inches,6.875,,"Columbia Tools,Repair Parts,Hot Mud Pump,MP24",{},{},,,100,100,0.0
MP23,Mud Pump Seal,Standard,16.5,0.0,Columbia Tools,"",https://thumbnails.veeqo.com/UEsQw0sHvGuRHd63EUIOPMYXuUkluLS_28Gb8NDpPBg/rs:fit:1000:1000/aHR0cHM6Ly9kcnl3/YWxsdG9vbGJveC5j/b20vd3AtY29udGVu/dC91cGxvYWRzLzIw/MjYvbWVkaWEvY29s/dW1iaWFfdG9vbHNf/bXAyM18wMS53ZWJw,US,0.0,oz,716871292,0,0,0,0.0,0.0,0.0,inches,6.875,,"Columbia Tools,Repair Parts,Hot Mud Pump,MP23",{},{},,,100,100,0.0
HFFB1A-10,"Mud Seal Strip - 10""",Standard,10.0,0.0,Columbia Tools,"",https://thumbnails.veeqo.com/1MBqcWJxMx_5q1F6FaC24iJ-TU6o-Qc99VI1bPdOjgU/rs:fit:1000:1000/aHR0cHM6Ly9kcnl3/YWxsdG9vbGJveC5j/b20vd3AtY29udGVu/dC91cGxvYWRzLzIw/MjYvbWVkaWEvY29s/dW1iaWFfdG9vbHNf/aGZmYjFhXzEwXzAx/LndlYnA,US,0.0,oz,716871298,0,0,0,0.0,0.0,0.0,inches,6.875,,"Columbia Tools,Repair Parts,Flat Finishing Box,HFFB1A-10",{},{},,,100,100,0.0
CT96,Mud Shut-Off Gasket,Standard,4.0,0.0,Columbia Tools,"",https://thumbnails.veeqo.com/K6AI6d-ZgLB5aNMUdCDa9iYzbNlc0PPR9r4_bTWzxY0/rs:fit:1000:1000/aHR0cHM6Ly9kcnl3/YWxsdG9vbGJveC5j/b20vd3AtY29udGVu/dC91cGxvYWRzLzIw/MjYvbWVkaWEvY29s/dW1iaWFfdG9vbHNf/Y3Q5Nl8wMS53ZWJw,US,0.0,oz,716871304,0,0,0,0.0,0.0,0.0,inches,6.875,,"Columbia Tools,Repair Parts,Automatic Taper Head,CT96",{},{},,,100,100,0.0
CT98,Mud Supply Seal Plate & Shaft,Standard,24.95,0.0,Columbia Tools,"",https://thumbnails.veeqo.com/2NwKVRhDJpsYBlckqXFXo9yOuPbGH2COj_LQkJmF6WU/rs:fit:1000:1000/aHR0cHM6Ly9kcnl3/YWxsdG9vbGJveC5j/b20vd3AtY29udGVu/dC91cGxvYWRzLzIw/MjYvbWVkaWEvY29s/dW1iaWFfdG9vbHNf/Y3Q5OF8wMS53ZWJw,US,0.0,oz,716871311,0,0,0,0.0,0.0,0.0,inches,6.875,,"Columbia Tools,Repair Parts,Automatic Taper Head,CT98",{},{},,,100,100,0.0
CT97,Mud Supply Valve Body,Standard,34.5,0.0,Columbia Tools,"",https://thumbnails.veeqo.com/8_ujQ7_5JtS60ZKX59XgjjRxg356mLW4GA6jAMYVK-c/rs:fit:1000:1000/aHR0cHM6Ly9kcnl3/YWxsdG9vbGJveC5j/b20vd3AtY29udGVu/dC91cGxvYWRzLzIw/MjYvbWVkaWEvY29s/dW1iaWFfdG9vbHNf/Y3Q5N18wMS53ZWJw,US,0.0,oz,716871319,0,0,0,0.0,0.0,0.0,inches,6.875,,"Columbia Tools,Repair Parts,Automatic Taper Head,CT97",{},{},,,100,100,0.0
CFB6,Mud Supply Valve Unit,Standard,29.0,0.0,Columbia Tools,"",https://thumbnails.veeqo.com/UM8feuusLboALvThUOmHogq12yo3XFqNx5N8b76-O1E/rs:fit:1000:1000/aHR0cHM6Ly9kcnl3/YWxsdG9vbGJveC5j/b20vd3AtY29udGVu/dC91cGxvYWRzLzIw/MjYvbWVkaWEvY29s/dW1iaWFfdG9vbHNf/Y2ZiNl8wMS53ZWJw,US,0.0,oz,716871327,0,0,0,0.0,0.0,0.0,inches,6.875,,"Columbia Tools,Repair Parts,CFB6,Corner Flusher Box",{},{},,,100,100,0.0
HNS17A,Nail Spotter Handle Tightness Screw,Standard,5.0,0.0,Columbia Tools,"",https://thumbnails.veeqo.com/Z0xnTTW_zEKD423kF3d0Sx3MHqnRdASGM3sMmtyIWPI/rs:fit:1000:1000/aHR0cHM6Ly9kcnl3/YWxsdG9vbGJveC5j/b20vd3AtY29udGVu/dC91cGxvYWRzLzIw/MjYvbWVkaWEvY29s/dW1iaWFfdG9vbHNf/aG5zMTdhXzAxLndl/YnA,US,0.0,oz,716871331,0,0,0,0.0,0.0,0.0,inches,6.875,,"Columbia Tools,Repair Parts,Hinged Nailspotter,HNS17A",{},{},,,100,100,0.0
CT63,Needle,Standard,2.0,0.0,Columbia Tools,"",https://thumbnails.veeqo.com/-VmsFTDX0mM6mFxUrTsd6hRQEf1V1UjgK942aNmRzWk/rs:fit:1000:1000/aHR0cHM6Ly9kcnl3/YWxsdG9vbGJveC5j/b20vd3AtY29udGVu/dC91cGxvYWRzLzIw/MjYvbWVkaWEvY29s/dW1iaWFfdG9vbHNf/Y3Q2M18wMS53ZWJw,US,0.0,oz,716871336,0,0,0,0.0,0.0,0.0,inches,6.875,,"Columbia Tools,Repair Parts,Automatic Taper Head,CT63",{},{},,,100,100,0.0
CT62,Needle Holding Shaft,Standard,16.0,0.0,Columbia Tools,"",https://thumbnails.veeqo.com/omzO9z6QsWPa186UUJOlxw8--dEe6N5VZzOp26POdn8/rs:fit:1000:1000/aHR0cHM6Ly9kcnl3/YWxsdG9vbGJveC5j/b20vd3AtY29udGVu/dC91cGxvYWRzLzIw/MjYvbWVkaWEvY29s/dW1iaWFfdG9vbHNf/Y3Q2Ml8wMS53ZWJw,US,0.0,oz,716871342,0,0,0,0.0,0.0,0.0,inches,6.875,,"Columbia Tools,Repair Parts,Automatic Taper Head,CT62",{},{},,,100,100,0.0
CT64,Needle Return Shaft,Standard,6.0,0.0,Columbia Tools,"",https://thumbnails.veeqo.com/pDg3lKXaycF4i0dbpWlC4v4esW2Rv9jx4GEOZh9tD6I/rs:fit:1000:1000/aHR0cHM6Ly9kcnl3/YWxsdG9vbGJveC5j/b20vd3AtY29udGVu/dC91cGxvYWRzLzIw/MjYvbWVkaWEvY29s/dW1iaWFfdG9vbHNf/Y3Q2NF8wMS53ZWJw,US,0.0,oz,716871356,0,0,0,0.0,0.0,0.0,inches,6.875,,"Columbia Tools,Repair Parts,Automatic Taper Head,CT64",{},{},,,100,100,0.0
CT65,Needle Return Spring,Standard,4.0,0.0,Columbia Tools,"",https://thumbnails.veeqo.com/jhEmg9UMwhJEpf9gUNN5IJ506RULWV8wmfiwpSEGIPs/rs:fit:1000:1000/aHR0cHM6Ly9kcnl3/YWxsdG9vbGJveC5j/b20vd3AtY29udGVu/dC91cGxvYWRzLzIw/MjYvbWVkaWEvY29s/dW1iaWFfdG9vbHNf/Y3Q2NV8wMS53ZWJw,US,0.0,oz,716871369,0,0,0,0.0,0.0,0.0,inches,6.875,,"Columbia Tools,Repair Parts,Automatic Taper Head,CT65",{},{},,,100,100,0.0
HFFB4D,Nylatron Bushing,Standard,3.0,0.0,Columbia Tools,"",https://thumbnails.veeqo.com/g45WvsF7D3-zigofPXhZpH5cAChuxwzCvPemqu3UYRw/rs:fit:1000:1000/aHR0cHM6Ly9kcnl3/YWxsdG9vbGJveC5j/b20vd3AtY29udGVu/dC91cGxvYWRzLzIw/MjYvbWVkaWEvY29s/dW1iaWFfdG9vbHNf/aGZmYjRkXzAxLndl/YnA,US,0.0,oz,716871376,0,0,0,0.0,0.0,0.0,inches,6.875,,"Columbia Tools,Repair Parts,Hot Mud Pump,MP36",{},{},,,100,100,0.0
MP36,Nylatron Bushing,Standard,11.5,0.0,Columbia Tools,"",https://thumbnails.veeqo.com/g45WvsF7D3-zigofPXhZpH5cAChuxwzCvPemqu3UYRw/rs:fit:1000:1000/aHR0cHM6Ly9kcnl3/YWxsdG9vbGJveC5j/b20vd3AtY29udGVu/dC91cGxvYWRzLzIw/MjYvbWVkaWEvY29s/dW1iaWFfdG9vbHNf/aGZmYjRkXzAxLndl/YnA,US,0.0,oz,716871386,0,0,0,0.0,0.0,0.0,inches,6.875,,"Columbia Tools,Repair Parts,Hot Mud Pump,MP36",{},{},,,100,100,0.0
CT76,Nylatron Washer,Standard,6.25,0.0,Columbia Tools,"",https://thumbnails.veeqo.com/Da-wwSQddcoBNmSO2w75FZdpU195wCAGQzsem6UftiA/rs:fit:1000:1000/aHR0cHM6Ly9kcnl3/YWxsdG9vbGJveC5j/b20vd3AtY29udGVu/dC91cGxvYWRzLzIw/MjYvbWVkaWEvY29s/dW1iaWFfdG9vbHNf/Y3Q3Nl8wMS53ZWJw,US,0.0,oz,716871393,0,0,0,0.0,0.0,0.0,inches,6.875,,"Columbia Tools,Repair Parts,Automatic Taper Head,CT76",{},{},,,100,100,0.0
FFB38,Nyliner Bearing,Standard,2.0,0.0,Columbia Tools,"",https://thumbnails.veeqo.com/g45WvsF7D3-zigofPXhZpH5cAChuxwzCvPemqu3UYRw/rs:fit:1000:1000/aHR0cHM6Ly9kcnl3/YWxsdG9vbGJveC5j/b20vd3AtY29udGVu/dC91cGxvYWRzLzIw/MjYvbWVkaWEvY29s/dW1iaWFfdG9vbHNf/aGZmYjRkXzAxLndl/YnA,US,0.0,oz,716871400,0,0,0,0.0,0.0,0.0,inches,6.875,,"Columbia Tools,Repair Parts,Flat Finishing Box,FFB38",{},{},,,100,100,0.0
HP45,O Ring Enclosure,Standard,22.0,0.0,Columbia Tools,"",https://thumbnails.veeqo.com/_WYxxd_x_3tRuT0-JCZKw8Z5HiSLshOW6UAH1B1TaCE/rs:fit:1000:1000/aHR0cHM6Ly9kcnl3/YWxsdG9vbGJveC5j/b20vd3AtY29udGVu/dC91cGxvYWRzLzIw/MjYvbWVkaWEvY29s/dW1iaWFfdG9vbHNf/aHA0NV8wMS53ZWJw,US,0.0,oz,716871405,0,0,0,0.0,0.0,0.0,inches,6.875,,"Columbia Tools,Repair Parts,Hot Mud Pump,HP45",{},{},,,100,100,0.0
CT121A,O-Ring,Standard,2.0,0.0,Columbia Tools,"",https://thumbnails.veeqo.com/HmTN8yWtYSdm2y56AZaNl2YejXWLiCWGOt-QtoArKk8/rs:fit:1000:1000/aHR0cHM6Ly9kcnl3/YWxsdG9vbGJveC5j/b20vd3AtY29udGVu/dC91cGxvYWRzLzIw/MjYvbWVkaWEvY29s/dW1iaWFfdG9vbHNf/Y3QxMjFhXzAxLndl/YnA,US,0.0,oz,716871409,0,0,0,0.0,0.0,0.0,inches,6.875,,"Columbia Tools,Repair Parts,Hot Mud Pump,MP23A",{},{},,,100,100,0.0
MP23A,O-Ring,Standard,2.0,0.0,Columbia Tools,"",https://thumbnails.veeqo.com/HmTN8yWtYSdm2y56AZaNl2YejXWLiCWGOt-QtoArKk8/rs:fit:1000:1000/aHR0cHM6Ly9kcnl3/YWxsdG9vbGJveC5j/b20vd3AtY29udGVu/dC91cGxvYWRzLzIw/MjYvbWVkaWEvY29s/dW1iaWFfdG9vbHNf/Y3QxMjFhXzAxLndl/YnA,US,0.0,oz,716871411,0,0,0,0.0,0.0,0.0,inches,6.875,,"Columbia Tools,Repair Parts,Hot Mud Pump,MP23A",{},{},,,100,100,0.0
MH10,Octagon,Standard,36.0,0.0,Columbia Tools,"",https://thumbnails.veeqo.com/NiJmuIpdnBbI2wZF0uefcqCGr2YTGm5BL5fecdjEEpA/rs:fit:1000:1000/aHR0cHM6Ly9kcnl3/YWxsdG9vbGJveC5j/b20vd3AtY29udGVu/dC91cGxvYWRzLzIw/MjYvbWVkaWEvY29s/dW1iaWFfdG9vbHNf/bWgxMF8wMS53ZWJw,US,0.0,oz,716871415,0,0,0,0.0,0.0,0.0,inches,6.875,,"Columbia Tools,Matrix Handle,Repair Parts,MH10",{},{},,,100,100,0.0
CT19,Paper Feed Guide,Standard,24.95,0.0,Columbia Tools,"",https://thumbnails.veeqo.com/D1u27ZoiVxp3vZNyQUCaSJn0Gj4dap2wEqpO7iWXbjY/rs:fit:1000:1000/aHR0cHM6Ly9kcnl3/YWxsdG9vbGJveC5j/b20vd3AtY29udGVu/dC91cGxvYWRzLzIw/MjYvbWVkaWEvY29s/dW1iaWFfdG9vbHNf/Y3QxOV8wMS53ZWJw,US,0.0,oz,716871419,0,0,0,0.0,0.0,0.0,inches,6.875,,"Columbia Tools,Repair Parts,Automatic Taper Head,CT19",{},{},,,100,100,0.0
MH17,Pinch Brake,Standard,24.5,0.0,Columbia Tools,"",https://thumbnails.veeqo.com/b8o7NGfs1ycVNJmLb-idubKz8HbZW2tZwAfwn9DSm0k/rs:fit:1000:1000/aHR0cHM6Ly9kcnl3/YWxsdG9vbGJveC5j/b20vd3AtY29udGVu/dC91cGxvYWRzLzIw/MjYvbWVkaWEvY29s/dW1iaWFfdG9vbHNf/bWgxN18wMS53ZWJw,US,0.0,oz,716871424,0,0,0,0.0,0.0,0.0,inches,6.875,,"Columbia Tools,Matrix Handle,Repair Parts,MH17",{},{},,,100,100,0.0
MH15,Pinch Brake Activator,Standard,22.0,0.0,Columbia Tools,"",https://thumbnails.veeqo.com/sjiHXnF-o7mnooPMDJTaLyAFcYlcAnk9viXVmH_g74Q/rs:fit:1000:1000/aHR0cHM6Ly9kcnl3/YWxsdG9vbGJveC5j/b20vd3AtY29udGVu/dC91cGxvYWRzLzIw/MjYvbWVkaWEvY29s/dW1iaWFfdG9vbHNf/bWgxNV8wMS53ZWJw,US,0.0,oz,716871432,0,0,0,0.0,0.0,0.0,inches,6.875,,"Columbia Tools,Matrix Handle,Repair Parts,MH15",{},{},,,100,100,0.0
MH24,Pinch Brake Bushing,Standard,12.75,0.0,Columbia Tools,"",https://thumbnails.veeqo.com/r__Qze72kyn-SOHdY9t3NeQAdelGpfjoWpBoYOS7dSs/rs:fit:1000:1000/aHR0cHM6Ly9kcnl3/YWxsdG9vbGJveC5j/b20vd3AtY29udGVu/dC91cGxvYWRzLzIw/MjYvbWVkaWEvY29s/dW1iaWFfdG9vbHNf/bWgyNF8wMS53ZWJw,US,0.0,oz,716871441,0,0,0,0.0,0.0,0.0,inches,6.875,,"Columbia Tools,Matrix Handle,Repair Parts,MH24",{},{},,,100,100,0.0
MH18,Pinch Brake Housing,Standard,20.0,0.0,Columbia Tools,"",https://thumbnails.veeqo.com/6eA2KbfRvANWcEBMRkojs1bAiERscp2-LPENhpuidjg/rs:fit:1000:1000/aHR0cHM6Ly9kcnl3/YWxsdG9vbGJveC5j/b20vd3AtY29udGVu/dC91cGxvYWRzLzIw/MjYvbWVkaWEvY29s/dW1iaWFfdG9vbHNf/bWgxOF8wMS53ZWJw,US,0.0,oz,716871451,0,0,0,0.0,0.0,0.0,inches,6.875,,"Columbia Tools,Matrix Handle,Repair Parts,MH18",{},{},,,100,100,0.0
MH19,Pinch Brake Sleeve,Standard,28.0,0.0,Columbia Tools,"",https://thumbnails.veeqo.com/MXCDIWsFnihghdu2sFcWmX8ETdc-PArxnwRqUoP-cu4/rs:fit:1000:1000/aHR0cHM6Ly9kcnl3/YWxsdG9vbGJveC5j/b20vd3AtY29udGVu/dC91cGxvYWRzLzIw/MjYvbWVkaWEvY29s/dW1iaWFfdG9vbHNf/bWgxOV8wMS53ZWJw,US,0.0,oz,716871454,0,0,0,0.0,0.0,0.0,inches,6.875,,"Columbia Tools,Matrix Handle,Repair Parts,MH19",{},{},,,100,100,0.0
MH25,Pinch Brake Stem,Standard,14.95,0.0,Columbia Tools,"",https://thumbnails.veeqo.com/mG9m_muNFu9X0gjgQ9R6adwEXiKD7qB3E4FNmjb6Eq4/rs:fit:1000:1000/aHR0cHM6Ly9kcnl3/YWxsdG9vbGJveC5j/b20vd3AtY29udGVu/dC91cGxvYWRzLzIw/MjYvbWVkaWEvY29s/dW1iaWFfdG9vbHNf/bWgyNV8wMS53ZWJw,US,0.0,oz,716871460,0,0,0,0.0,0.0,0.0,inches,6.875,,"Columbia Tools,Matrix Handle,Repair Parts,MH25",{},{},,,100,100,0.0
MH12,PinchBrake Spring,Standard,4.0,0.0,Columbia Tools,"",https://thumbnails.veeqo.com/OFaGjgexOlXFLIXJ2Vk278p5CyBaPceN7ahPTlHqA0c/rs:fit:1000:1000/aHR0cHM6Ly9kcnl3/YWxsdG9vbGJveC5j/b20vd3AtY29udGVu/dC91cGxvYWRzLzIw/MjYvbWVkaWEvY29s/dW1iaWFfdG9vbHNf/bWgxMl8wMS53ZWJw,US,0.0,oz,716871464,0,0,0,0.0,0.0,0.0,inches,6.875,,"Columbia Tools,Matrix Handle,Repair Parts,MH12",{},{},,,100,100,0.0
MP13A,Piston Backing Washer,Small,12.5,0.0,Columbia Tools,"",https://thumbnails.veeqo.com/za1GeY3TIAsKxyA5HvmpHkW7cuoEHIFivf_UlpswU1c/rs:fit:1000:1000/aHR0cHM6Ly9kcnl3/YWxsdG9vbGJveC5j/b20vd3AtY29udGVu/dC91cGxvYWRzLzIw/MjYvbWVkaWEvY29s/dW1iaWFfdG9vbHNf/bXAxM2FfMDEud2Vi/cA,US,0.0,oz,716871471,0,0,0,0.0,0.0,0.0,inches,6.875,,"Columbia Tools,Repair Parts,MP13,MP13A,Piston Backing Washer",{},"{""Size"":""Small""}",,,100,100,0.0
MP13,Piston Backing Washer,Large,14.25,0.0,Columbia Tools,"",https://thumbnails.veeqo.com/za1GeY3TIAsKxyA5HvmpHkW7cuoEHIFivf_UlpswU1c/rs:fit:1000:1000/aHR0cHM6Ly9kcnl3/YWxsdG9vbGJveC5j/b20vd3AtY29udGVu/dC91cGxvYWRzLzIw/MjYvbWVkaWEvY29s/dW1iaWFfdG9vbHNf/bXAxM2FfMDEud2Vi/cA,US,0.0,oz,716871474,0,0,0,0.0,0.0,0.0,inches,6.875,,"Columbia Tools,Repair Parts,MP13,MP13A,Piston Backing Washer",{},"{""Size"":""Large""}",,,100,100,0.0
CT107,Piston Body,Standard,27.0,0.0,Columbia Tools,"",https://thumbnails.veeqo.com/qnAmYnDRfdsHlrhUUMJHcwq3kk4tcoS76bgymRcuFJU/rs:fit:1000:1000/aHR0cHM6Ly9kcnl3/YWxsdG9vbGJveC5j/b20vd3AtY29udGVu/dC91cGxvYWRzLzIw/MjYvbWVkaWEvY29s/dW1iaWFfdG9vbHNf/Y3QxMDdfMDEud2Vi/cA,US,0.0,oz,716871476,0,0,0,0.0,0.0,0.0,inches,6.875,,"Columbia Tools,Repair Parts,Automatic Taper Body,CT107",{},{},,,100,100,0.0
CT111,Piston Cup,Standard,11.75,0.0,Columbia Tools,"",https://thumbnails.veeqo.com/_JtQwc2dBQ1ecJvJ8RTbsGbvGBT2bFy5L-FuYzJmHZk/rs:fit:1000:1000/aHR0cHM6Ly9kcnl3/YWxsdG9vbGJveC5j/b20vd3AtY29udGVu/dC91cGxvYWRzLzIw/MjYvbWVkaWEvY29s/dW1iaWFfdG9vbHNf/Y3QxMTFfMDEud2Vi/cA,US,0.0,oz,716871481,0,0,0,0.0,0.0,0.0,inches,6.875,,"Columbia Tools,Repair Parts,Hot Mud Pump,MP14",{},{},,,100,100,0.0
MP14,Piston Cup,Standard,11.75,0.0,Columbia Tools,"",https://thumbnails.veeqo.com/_JtQwc2dBQ1ecJvJ8RTbsGbvGBT2bFy5L-FuYzJmHZk/rs:fit:1000:1000/aHR0cHM6Ly9kcnl3/YWxsdG9vbGJveC5j/b20vd3AtY29udGVu/dC91cGxvYWRzLzIw/MjYvbWVkaWEvY29s/dW1iaWFfdG9vbHNf/Y3QxMTFfMDEud2Vi/cA,US,0.0,oz,716871484,0,0,0,0.0,0.0,0.0,inches,6.875,,"Columbia Tools,Repair Parts,Hot Mud Pump,MP14",{},{},,,100,100,0.0
HH16,Piston Housing,Standard,27.0,0.0,Columbia Tools,"",https://thumbnails.veeqo.com/onKSAC1Jh889FgNeufsJeEW1J7yrIRMwC_b-yoyFqY0/rs:fit:1000:1000/aHR0cHM6Ly9kcnl3/YWxsdG9vbGJveC5j/b20vd3AtY29udGVu/dC91cGxvYWRzLzIw/MjYvbWVkaWEvY29s/dW1iaWFfdG9vbHNf/aGgxNl8wMS53ZWJw,US,0.0,oz,716871494,0,0,0,0.0,0.0,0.0,inches,6.875,,"Columbia Tools,Repair Parts,Hydra-Reach Box Handle,HH16",{},{},,,100,100,0.0
HH23,Piston O-Ring,Standard,2.0,0.0,Columbia Tools,"",https://thumbnails.veeqo.com/Ga5Z7pqHIxEHNVu954dijfd-cAMYl2tLgqlV0YTyWCQ/rs:fit:1000:1000/aHR0cHM6Ly9kcnl3/YWxsdG9vbGJveC5j/b20vd3AtY29udGVu/dC91cGxvYWRzLzIw/MjYvbWVkaWEvY29s/dW1iaWFfdG9vbHNf/aGgyM18wMS53ZWJw,US,0.0,oz,716871509,0,0,0,0.0,0.0,0.0,inches,6.875,,"Columbia Tools,Repair Parts,Hydra-Reach Box Handle,HH23",{},{},,,100,100,0.0
MP11,Piston Shaft,Standard,28.5,0.0,Columbia Tools,"",https://thumbnails.veeqo.com/iFMeFfT75-KQT594KCcnIa2PV1WtqxMBe3qE9H3dGRc/rs:fit:1000:1000/aHR0cHM6Ly9kcnl3/YWxsdG9vbGJveC5j/b20vd3AtY29udGVu/dC91cGxvYWRzLzIw/MjYvbWVkaWEvY29s/dW1iaWFfdG9vbHNf/bXAxMV8wMS53ZWJw,US,0.0,oz,716871514,0,0,0,0.0,0.0,0.0,inches,6.875,,"Columbia Tools,Repair Parts,Hot Mud Pump,MP11",{},{},,,100,100,0.0
HNS18,Pivot,Standard,4.0,0.0,Columbia Tools,"",https://thumbnails.veeqo.com/w66yEXafm4jYykiYjbfoDiXTCgxZ5oOaPzd0OP9OJss/rs:fit:1000:1000/aHR0cHM6Ly9kcnl3/YWxsdG9vbGJveC5j/b20vd3AtY29udGVu/dC91cGxvYWRzLzIw/MjYvbWVkaWEvY29s/dW1iaWFfdG9vbHNf/aG5zMThfMDEud2Vi/cA,US,0.0,oz,716871518,0,0,0,0.0,0.0,0.0,inches,6.875,,"Columbia Tools,Repair Parts,Hinged Nailspotter,HNS18",{},{},,,100,100,0.0
BH2,Plate,Standard,24.5,0.0,Columbia Tools,"",https://thumbnails.veeqo.com/OY4TstxamvSRzflvm_uywvkX80rDAfU-x2nKpaVqezo/rs:fit:1000:1000/aHR0cHM6Ly9kcnl3/YWxsdG9vbGJveC5j/b20vd3AtY29udGVu/dC91cGxvYWRzLzIw/MjYvbWVkaWEvY29s/dW1iaWFfdG9vbHNf/YmgyXzAxLndlYnA,US,0.0,oz,716871520,0,0,0,0.0,0.0,0.0,inches,6.875,,"Columbia Tools,Repair Parts,180 Grip Box Handle,BH2",{},{},,,100,100,0.0
HP1,Pump Cylinder,Standard,52.0,0.0,Columbia Tools,"",https://thumbnails.veeqo.com/n8iU-G60G9HB4uTpa4VJEEz1ThvemJtyu-YyQi0rexM/rs:fit:1000:1000/aHR0cHM6Ly9kcnl3/YWxsdG9vbGJveC5j/b20vd3AtY29udGVu/dC91cGxvYWRzLzIw/MjYvbWVkaWEvY29s/dW1iaWFfdG9vbHNf/aHAxXzAxLndlYnA,US,0.0,oz,716871526,0,0,0,0.0,0.0,0.0,inches,6.875,,"Columbia Tools,Repair Parts,Hot Mud Pump,HP1",{},{},,,100,100,0.0
MP3,Pump Flapper Valve,Standard,4.0,0.0,Columbia Tools,"",https://thumbnails.veeqo.com/VVyPfDWD4ucrw1C8MqFuNFdM7JQUQzHzuprH1YYD8Io/rs:fit:1000:1000/aHR0cHM6Ly9kcnl3/YWxsdG9vbGJveC5j/b20vd3AtY29udGVu/dC91cGxvYWRzLzIw/MjYvbWVkaWEvY29s/dW1iaWFfdG9vbHNf/bXAzXzAxLndlYnA,US,0.0,oz,716871529,0,0,0,0.0,0.0,0.0,inches,6.875,,"Columbia Tools,Repair Parts,Hot Mud Pump,MP3",{},{},,,100,100,0.0
MP7,Pump Handle,Standard,87.0,0.0,Columbia Tools,"",https://thumbnails.veeqo.com/cWrgsOp4a6IBHt-Iz0TecS1scSuFsg8u6H6lbmvVc8w/rs:fit:1000:1000/aHR0cHM6Ly9kcnl3/YWxsdG9vbGJveC5j/b20vd3AtY29udGVu/dC91cGxvYWRzLzIw/MjYvbWVkaWEvY29s/dW1iaWFfdG9vbHNf/bXA3XzAxLndlYnA,US,0.0,oz,716871532,0,0,0,0.0,0.0,0.0,inches,6.875,,"Columbia Tools,Repair Parts,Hot Mud Pump,MP7",{},{},,,100,100,0.0
CT67,Ratchet Gear,Standard,34.5,0.0,Columbia Tools,"",https://thumbnails.veeqo.com/6Hc6vtayUsPxkkG4BuNeErOm5MA6n25HZ-MM1aDfak8/rs:fit:1000:1000/aHR0cHM6Ly9kcnl3/YWxsdG9vbGJveC5j/b20vd3AtY29udGVu/dC91cGxvYWRzLzIw/MjYvbWVkaWEvY29s/dW1iaWFfdG9vbHNf/Y3Q2N18wMS53ZWJw,US,0.0,oz,716871534,0,0,0,0.0,0.0,0.0,inches,6.875,,"Columbia Tools,Repair Parts,Automatic Taper Head,CT67",{},{},,,100,100,0.0
CT15,Ratchet Rod for Adjustable Brake,Standard,6.0,0.0,Columbia Tools,"",https://thumbnails.veeqo.com/0UWtyZfLx3gFubBiTFHQyVGdEkjbQCzR4LLoBuJ31rY/rs:fit:1000:1000/aHR0cHM6Ly9kcnl3/YWxsdG9vbGJveC5j/b20vd3AtY29udGVu/dC91cGxvYWRzLzIw/MjYvbWVkaWEvY29s/dW1iaWFfdG9vbHNf/Y3QxNV8wMS53ZWJw,US,0.0,oz,716871539,0,0,0,0.0,0.0,0.0,inches,6.875,,"Columbia Tools,Repair Parts,Automatic Taper Head,CT15",{},{},,,100,100,0.0
CT92,Release Clip Bushing,Standard,10.0,0.0,Columbia Tools,"",https://thumbnails.veeqo.com/wM-hGLjHh77jUuCvUOibe-9pJeX10-ORTvCvOef-FFA/rs:fit:1000:1000/aHR0cHM6Ly9kcnl3/YWxsdG9vbGJveC5j/b20vd3AtY29udGVu/dC91cGxvYWRzLzIw/MjYvbWVkaWEvY29s/dW1iaWFfdG9vbHNf/Y3Q5Ml8wMS53ZWJw,US,0.0,oz,716871545,0,0,0,0.0,0.0,0.0,inches,6.875,,"Columbia Tools,Repair Parts,Automatic Taper Head,CT92",{},{},,,100,100,0.0
CT29,Nylatron Chain Roller,Right (Small),13.5,0.0,Columbia Tools,"",https://thumbnails.veeqo.com/k3pNDtX5E9KzhBXwqOfU6vKnvxMlAMuE6JICzVcYEJs/rs:fit:1000:1000/aHR0cHM6Ly9kcnl3/YWxsdG9vbGJveC5j/b20vd3AtY29udGVu/dC91cGxvYWRzLzIw/MjYvbWVkaWEvY29s/dW1iaWFfdG9vbHNf/Y3QyOV8wMS53ZWJw,US,0.0,oz,716871607,0,0,0,0.0,0.0,0.0,inches,6.875,,"Columbia Tools,Repair Parts,CT29,CT29A,Nylatron Chain Roller",{},"{""Side"":""Right (Small)""}",,,100,100,0.0
CT29A,Nylatron Chain Roller,Left (Large),4.0,0.0,Columbia Tools,"",https://thumbnails.veeqo.com/k3pNDtX5E9KzhBXwqOfU6vKnvxMlAMuE6JICzVcYEJs/rs:fit:1000:1000/aHR0cHM6Ly9kcnl3/YWxsdG9vbGJveC5j/b20vd3AtY29udGVu/dC91cGxvYWRzLzIw/MjYvbWVkaWEvY29s/dW1iaWFfdG9vbHNf/Y3QyOV8wMS53ZWJw,US,0.0,oz,716871612,0,0,0,0.0,0.0,0.0,inches,6.875,,"Columbia Tools,Repair Parts,CT29,CT29A,Nylatron Chain Roller",{},"{""Side"":""Left (Large)""}",,,100,100,0.0
4-755,LEVEL5 Nail Spotter,"3""",289.84,0.0,LEVEL5,"",https://thumbnails.veeqo.com/GbqBFRjYc3FzQsAK5YN1L-DgIfmzVYiGm6i9kzzQhxw/rs:fit:1000:1000/aHR0cHM6Ly9kcnl3/YWxsdG9vbGJveC5j/b20vd3AtY29udGVu/dC91cGxvYWRzLzIw/MjYvbWVkaWEvbGV2/ZWw1XzRfNzU0XzAx/LndlYnA,US,0.0,oz,716871966,0,0,0,0.0,0.0,0.0,inches,6.875,,"Drywall Finishing Tools,LEVEL5,Nail Spotters",{},"{""Size"":""3\""""}",,,100,100,0.0
4-746,LEVEL5 Outside Corner Tool,Standard,73.94,0.0,LEVEL5,"",https://thumbnails.veeqo.com/qSV5hPpXh4S63L1mlrwn9hHDEDijaHrYXN3QZj6Vk4U/rs:fit:1000:1000/aHR0cHM6Ly9kcnl3/YWxsdG9vbGJveC5j/b20vd3AtY29udGVu/dC91cGxvYWRzLzIw/MjYvbWVkaWEvbGV2/ZWw1XzRfNzQ2XzAx/LndlYnA,US,0.0,oz,716872072,0,0,0,0.0,0.0,0.0,inches,6.875,,"Drywall Finishing Tools,LEVEL5,4-746,outside corner tool",{},{},,,100,100,0.0
4-661P,LEVEL5 The Full Taping Set w/ Ext. Handles & MiniShot,Standard,1.0,0.0,LEVEL5,"",https://thumbnails.veeqo.com/L34r6rXKAcRCJxFex_-GcKr2YUNHyEyyY0WB9xnalv0/rs:fit:1000:1000/aHR0cHM6Ly9kcnl3/YWxsdG9vbGJveC5j/b20vd3AtY29udGVu/dC91cGxvYWRzLzIw/MjYvbWVkaWEvbGV2/ZWw1XzRfNzA3XzAx/LndlYnA,US,0.0,oz,716872082,0,0,0,0.0,0.0,0.0,inches,6.875,,"LEVEL5,4-661P,drywall kit,professional finishing tools,tool set",{},{},,,100,100,0.0
4-630,LEVEL5 The Starter Taping Set,Standard,2111.16,0.0,LEVEL5,"",https://thumbnails.veeqo.com/L34r6rXKAcRCJxFex_-GcKr2YUNHyEyyY0WB9xnalv0/rs:fit:1000:1000/aHR0cHM6Ly9kcnl3/YWxsdG9vbGJveC5j/b20vd3AtY29udGVu/dC91cGxvYWRzLzIw/MjYvbWVkaWEvbGV2/ZWw1XzRfNzA3XzAx/LndlYnA,US,0.0,oz,716872085,0,0,0,0.0,0.0,0.0,inches,6.875,,"LEVEL5,drywall kit,professional finishing tools,tool set,4-630",{},,,false,54,100,0
4-677P,LEVEL5 The Ultimate Taping & Finishing Set,Standard,6342.64,0.0,LEVEL5,"",https://thumbnails.veeqo.com/L34r6rXKAcRCJxFex_-GcKr2YUNHyEyyY0WB9xnalv0/rs:fit:1000:1000/aHR0cHM6Ly9kcnl3/YWxsdG9vbGJveC5j/b20vd3AtY29udGVu/dC91cGxvYWRzLzIw/MjYvbWVkaWEvbGV2/ZWw1XzRfNzA3XzAx/LndlYnA,US,0.0,oz,716872089,0,0,0,0.0,0.0,0.0,inches,6.875,,"LEVEL5,drywall kit,professional finishing tools,tool set,4-677P",{},{},,,99,100,0.0
PT-CF2.5,Platinum Angle Head Corner Finisher with Wheels,"2.5""",239.0,0.0,Platinum Drywall Tools,"",https://thumbnails.veeqo.com/4mUzk1D08sKisTlxHVoOBSNqk17ZP0jADsOp0uieTsM/rs:fit:1000:1000/aHR0cHM6Ly9kcnl3/YWxsdG9vbGJveC5j/b20vd3AtY29udGVu/dC91cGxvYWRzLzIw/MjYvbWVkaWEvcGxh/dGludW1fcHRfY2Yy/XzVfMDIud2VicA,US,0.0,oz,716872095,0,0,0,0.0,0.0,0.0,inches,6.875,,"Angle Head,corner finisher,PT-3CF,PT-CF2.5,PT-CF3.5",{},"{""Size"":""2.5\""""}",,,100,100,0.0
PT-3CF,Platinum Angle Head Corner Finisher with Wheels,"3""",249.0,0.0,Platinum Drywall Tools,"",https://thumbnails.veeqo.com/4mUzk1D08sKisTlxHVoOBSNqk17ZP0jADsOp0uieTsM/rs:fit:1000:1000/aHR0cHM6Ly9kcnl3/YWxsdG9vbGJveC5j/b20vd3AtY29udGVu/dC91cGxvYWRzLzIw/MjYvbWVkaWEvcGxh/dGludW1fcHRfY2Yy/XzVfMDIud2VicA,US,0.0,oz,716872099,0,0,0,0.0,0.0,0.0,inches,6.875,,"Angle Head,corner finisher,PT-3CF,PT-CF2.5,PT-CF3.5",{},"{""Size"":""3\""""}",,,100,100,0.0
PT-CF3.5,Platinum Angle Head Corner Finisher with Wheels,"3.5""",259.0,0.0,Platinum Drywall Tools,"",https://thumbnails.veeqo.com/4mUzk1D08sKisTlxHVoOBSNqk17ZP0jADsOp0uieTsM/rs:fit:1000:1000/aHR0cHM6Ly9kcnl3/YWxsdG9vbGJveC5j/b20vd3AtY29udGVu/dC91cGxvYWRzLzIw/MjYvbWVkaWEvcGxh/dGludW1fcHRfY2Yy/XzVfMDIud2VicA,US,0.0,oz,716872106,0,0,0,0.0,0.0,0.0,inches,6.875,,"Angle Head,corner finisher,PT-3CF,PT-CF2.5,PT-CF3.5",{},"{""Size"":""3.5\""""}",,,100,100,0.0
PT-CT24,Platinum Compound Tube,"24""",150.0,0.0,Platinum Drywall Tools,"",https://thumbnails.veeqo.com/TwicxeOSoHRiAJ6k0M9qNC0J39BmMV9ArRkjoOQuTT0/rs:fit:1000:1000/aHR0cHM6Ly9kcnl3/YWxsdG9vbGJveC5j/b20vd3AtY29udGVu/dC91cGxvYWRzLzIw/MjYvbWVkaWEvcGxh/dGludW1fcHRfY3Qy/NF8wMi53ZWJw,US,0.0,oz,716872107,0,0,0,0.0,0.0,0.0,inches,6.875,,"compound tube,mud tube,PT-CT24,PT-CT36,PT-CT42",{},"{""Size"":""24\""""}",,,100,100,0.0
PT-CT36,Platinum Compound Tube,"36""",155.0,0.0,Platinum Drywall Tools,"",https://thumbnails.veeqo.com/TwicxeOSoHRiAJ6k0M9qNC0J39BmMV9ArRkjoOQuTT0/rs:fit:1000:1000/aHR0cHM6Ly9kcnl3/YWxsdG9vbGJveC5j/b20vd3AtY29udGVu/dC91cGxvYWRzLzIw/MjYvbWVkaWEvcGxh/dGludW1fcHRfY3Qy/NF8wMi53ZWJw,US,0.0,oz,716872112,0,0,0,0.0,0.0,0.0,inches,6.875,,"compound tube,mud tube,PT-CT24,PT-CT36,PT-CT42",{},"{""Size"":""36\""""}",,,100,100,0.0
PT-CT42,Platinum Compound Tube,"42""",160.0,0.0,Platinum Drywall Tools,"",https://thumbnails.veeqo.com/TwicxeOSoHRiAJ6k0M9qNC0J39BmMV9ArRkjoOQuTT0/rs:fit:1000:1000/aHR0cHM6Ly9kcnl3/YWxsdG9vbGJveC5j/b20vd3AtY29udGVu/dC91cGxvYWRzLzIw/MjYvbWVkaWEvcGxh/dGludW1fcHRfY3Qy/NF8wMi53ZWJw,US,0.0,oz,716872113,0,0,0,0.0,0.0,0.0,inches,6.875,,"compound tube,mud tube,PT-CT24,PT-CT36,PT-CT42",{},"{""Size"":""42\""""}",,,100,100,0.0
PT-BH34,Platinum Flat Box Handle,"34""",90.0,0.0,Platinum Drywall Tools,"",https://thumbnails.veeqo.com/fBZJd1TYnw1YecFx6MXokP25qGpEVV2SyceBjLOQjFs/rs:fit:1000:1000/aHR0cHM6Ly9kcnl3/YWxsdG9vbGJveC5j/b20vd3AtY29udGVu/dC91cGxvYWRzLzIw/MjYvbWVkaWEvcGxh/dGludW1fcHRfYmgz/NF8wMS53ZWJw,US,0.0,oz,716872117,0,0,0,0.0,0.0,0.0,inches,6.875,,"finishing box handle,flat box handle,PT-BH34,PT-BH42,PT-BH54",{},"{""Size"":""34\""""}",,,100,100,0.0
PT-BH42,Platinum Flat Box Handle,"42""",95.0,0.0,Platinum Drywall Tools,"",https://thumbnails.veeqo.com/fBZJd1TYnw1YecFx6MXokP25qGpEVV2SyceBjLOQjFs/rs:fit:1000:1000/aHR0cHM6Ly9kcnl3/YWxsdG9vbGJveC5j/b20vd3AtY29udGVu/dC91cGxvYWRzLzIw/MjYvbWVkaWEvcGxh/dGludW1fcHRfYmgz/NF8wMS53ZWJw,US,0.0,oz,716872120,0,0,0,0.0,0.0,0.0,inches,6.875,,"finishing box handle,flat box handle,PT-BH34,PT-BH42,PT-BH54",{},"{""Size"":""42\""""}",,,100,100,0.0
PT-BH54,Platinum Flat Box Handle,"54""",100.0,0.0,Platinum Drywall Tools,"",https://thumbnails.veeqo.com/fBZJd1TYnw1YecFx6MXokP25qGpEVV2SyceBjLOQjFs/rs:fit:1000:1000/aHR0cHM6Ly9kcnl3/YWxsdG9vbGJveC5j/b20vd3AtY29udGVu/dC91cGxvYWRzLzIw/MjYvbWVkaWEvcGxh/dGludW1fcHRfYmgz/NF8wMS53ZWJw,US,0.0,oz,716872125,0,0,0,0.0,0.0,0.0,inches,6.875,,"finishing box handle,flat box handle,PT-BH34,PT-BH42,PT-BH54",{},"{""Size"":""54\""""}",,,100,100,0.0
PT-10FB,Platinum Flat Finishing Box,"10""",195.0,0.0,Platinum Drywall Tools,"",https://thumbnails.veeqo.com/XdGk_Fo6NvTGV97LGBITTUqx-iuPVCQi0JOapzWq6Pc/rs:fit:1000:1000/aHR0cHM6Ly9kcnl3/YWxsdG9vbGJveC5j/b20vd3AtY29udGVu/dC91cGxvYWRzLzIw/MjYvbWVkaWEvcGxh/dGludW1fcHRfMTBm/Yl8wMS53ZWJw,US,0.0,oz,716872127,0,0,0,0.0,0.0,0.0,inches,6.875,,"flat box,PT-10FB,PT-14FB,PT-8FB,PT-FB12",{},"{""Size"":""10\""""}",,,100,100,0.0
PT-12FB,Platinum Flat Finishing Box,"12""",205.0,0.0,Platinum Drywall Tools,"",https://thumbnails.veeqo.com/XdGk_Fo6NvTGV97LGBITTUqx-iuPVCQi0JOapzWq6Pc/rs:fit:1000:1000/aHR0cHM6Ly9kcnl3/YWxsdG9vbGJveC5j/b20vd3AtY29udGVu/dC91cGxvYWRzLzIw/MjYvbWVkaWEvcGxh/dGludW1fcHRfMTBm/Yl8wMS53ZWJw,US,0.0,oz,716872130,0,0,0,0.0,0.0,0.0,inches,6.875,,"flat box,PT-10FB,PT-14FB,PT-8FB,PT-FB12",{},"{""Size"":""12\""""}",,,100,100,0.0
PT-14FB,Platinum Flat Finishing Box,"14""",215.0,0.0,Platinum Drywall Tools,"",https://thumbnails.veeqo.com/XdGk_Fo6NvTGV97LGBITTUqx-iuPVCQi0JOapzWq6Pc/rs:fit:1000:1000/aHR0cHM6Ly9kcnl3/YWxsdG9vbGJveC5j/b20vd3AtY29udGVu/dC91cGxvYWRzLzIw/MjYvbWVkaWEvcGxh/dGludW1fcHRfMTBm/Yl8wMS53ZWJw,US,0.0,oz,716872135,0,0,0,0.0,0.0,0.0,inches,6.875,,"flat box,PT-10FB,PT-14FB,PT-8FB,PT-FB12",{},"{""Size"":""14\""""}",,,100,100,0.0
PT-8FB,Platinum Flat Finishing Box,"8""",185.0,0.0,Platinum Drywall Tools,"",https://thumbnails.veeqo.com/XdGk_Fo6NvTGV97LGBITTUqx-iuPVCQi0JOapzWq6Pc/rs:fit:1000:1000/aHR0cHM6Ly9kcnl3/YWxsdG9vbGJveC5j/b20vd3AtY29udGVu/dC91cGxvYWRzLzIw/MjYvbWVkaWEvcGxh/dGludW1fcHRfMTBm/Yl8wMS53ZWJw,US,0.0,oz,716872137,0,0,0,0.0,0.0,0.0,inches,6.875,,"flat box,PT-10FB,PT-14FB,PT-8FB,PT-FB12",{},"{""Size"":""8\""""}",,,100,100,0.0
PT-2NS,Platinum Nail Spotter,"2""",160.0,0.0,Platinum Drywall Tools,"",https://thumbnails.veeqo.com/CqV8MelsQAN3L12Uijsig9tx_uO4LG6ZptHGe8Em7y0/rs:fit:1000:1000/aHR0cHM6Ly9kcnl3/YWxsdG9vbGJveC5j/b20vd3AtY29udGVu/dC91cGxvYWRzLzIw/MjYvbWVkaWEvcGxh/dGludW1fcHRfMm5z/XzAxLndlYnA,US,0.0,oz,716872141,0,0,0,0.0,0.0,0.0,inches,6.875,,"anodized aluminum,nail spotter,PT-2NS,PT-3NS,screw spotter",{},"{""Size"":""2\""""}",,,100,100,0.0
PT-3NS,Platinum Nail Spotter,"3""",160.0,0.0,Platinum Drywall Tools,"",https://thumbnails.veeqo.com/CqV8MelsQAN3L12Uijsig9tx_uO4LG6ZptHGe8Em7y0/rs:fit:1000:1000/aHR0cHM6Ly9kcnl3/YWxsdG9vbGJveC5j/b20vd3AtY29udGVu/dC91cGxvYWRzLzIw/MjYvbWVkaWEvcGxh/dGludW1fcHRfMm5z/XzAxLndlYnA,US,0.0,oz,716872152,0,0,0,0.0,0.0,0.0,inches,6.875,,"anodized aluminum,nail spotter,PT-2NS,PT-3NS,screw spotter",{},"{""Size"":""3\""""}",,,100,100,0.0
PT-3.5CF,Platinum Stainless Steel Corner Flusher,"3.5""",80.0,0.0,Platinum Drywall Tools,"",https://thumbnails.veeqo.com/8ZQz5y0Zx_Gaog69wVkds0rVfK1CPlOyz3O-6Q1bHB8/rs:fit:1000:1000/aHR0cHM6Ly9kcnl3/YWxsdG9vbGJveC5j/b20vd3AtY29udGVu/dC91cGxvYWRzLzIw/MjYvbWVkaWEvcGxh/dGludW1fcHRfY2Yz/XzVfMDMud2VicA,US,0.0,oz,716872158,0,0,0,0.0,0.0,0.0,inches,6.875,,"corner flusher,Corner Tools,drywall finishing,PT-2.5CF,stainless steel",{},"{""Size"":""3.5\""""}",,,100,100,0.0
PT-2.5CF,Platinum Stainless Steel Corner Flusher,"2.5""",75.0,0.0,Platinum Drywall Tools,"",https://thumbnails.veeqo.com/8ZQz5y0Zx_Gaog69wVkds0rVfK1CPlOyz3O-6Q1bHB8/rs:fit:1000:1000/aHR0cHM6Ly9kcnl3/YWxsdG9vbGJveC5j/b20vd3AtY29udGVu/dC91cGxvYWRzLzIw/MjYvbWVkaWEvcGxh/dGludW1fcHRfY2Yz/XzVfMDMud2VicA,US,0.0,oz,716872168,0,0,0,0.0,0.0,0.0,inches,6.875,,"corner flusher,Corner Tools,drywall finishing,PT-2.5CF,stainless steel",{},"{""Size"":""2.5\""""}",,,100,100,0.0
PT-FA,"Platinum 4"" Flat Applicator",Standard,59.0,0.0,Platinum Drywall Tools,"",https://thumbnails.veeqo.com/4_9hhYrvXtIlsUpajdQrXppNWUpz9Wi5I-zNqxvu-w0/rs:fit:1000:1000/aHR0cHM6Ly9kcnl3/YWxsdG9vbGJveC5j/b20vd3AtY29udGVu/dC91cGxvYWRzLzIw/MjYvbWVkaWEvcGxh/dGludW1fcHRfZmFf/MDEud2VicA,US,0.0,oz,716872170,0,0,0,0.0,0.0,0.0,inches,6.875,,"Corner Tools,4"" Flat Applicator,Platinum Drywall Tools,PT-FA",{},{},,,100,100,0.0
PT-CFH50,"Platinum 50"" Corner Tool Handle",Angle Head,49.0,0.0,Platinum Drywall Tools,"",https://thumbnails.veeqo.com/40E3tOxn9yupfapitwZEQGOGfs_mi_AGbb5pe4yJMOM/rs:fit:1000:1000/aHR0cHM6Ly9kcnl3/YWxsdG9vbGJveC5j/b20vd3AtY29udGVu/dC91cGxvYWRzLzIw/MjYvbWVkaWEvcGxh/dGludW1fcHRfY2Zo/NTBfMDEud2VicA,US,0.0,oz,716872175,0,0,0,0.0,0.0,0.0,inches,6.875,,"drywall finishing,Platinum Drywall Tools,50 inch handle,corner handle",{},"{""Tool Type"":""Angle Head""}",,,100,100,0.0
PT-CAH50,"Platinum 50"" Corner Tool Handle",Corner Box,49.0,0.0,Platinum Drywall Tools,"",https://thumbnails.veeqo.com/40E3tOxn9yupfapitwZEQGOGfs_mi_AGbb5pe4yJMOM/rs:fit:1000:1000/aHR0cHM6Ly9kcnl3/YWxsdG9vbGJveC5j/b20vd3AtY29udGVu/dC91cGxvYWRzLzIw/MjYvbWVkaWEvcGxh/dGludW1fcHRfY2Zo/NTBfMDEud2VicA,US,0.0,oz,716872187,0,0,0,0.0,0.0,0.0,inches,6.875,,"drywall finishing,Platinum Drywall Tools,50 inch handle,corner handle",{},"{""Tool Type"":""Corner Box""}",,,100,100,0.0
PT-CRH50,"Platinum 50"" Corner Tool Handle",Corner Roller,59.0,0.0,Platinum Drywall Tools,"",https://thumbnails.veeqo.com/40E3tOxn9yupfapitwZEQGOGfs_mi_AGbb5pe4yJMOM/rs:fit:1000:1000/aHR0cHM6Ly9kcnl3/YWxsdG9vbGJveC5j/b20vd3AtY29udGVu/dC91cGxvYWRzLzIw/MjYvbWVkaWEvcGxh/dGludW1fcHRfY2Zo/NTBfMDEud2VicA,US,0.0,oz,716872199,0,0,0,0.0,0.0,0.0,inches,6.875,,"drywall finishing,Platinum Drywall Tools,50 inch handle,corner handle",{},"{""Tool Type"":""Corner Roller""}",,,100,100,0.0
PT-CA8,"Platinum 8"" Corner Applicator",Standard,159.0,0.0,Platinum Drywall Tools,"",https://thumbnails.veeqo.com/aLCWdtsVErOqA2Lr0Wc9y92BqpccmH8w1uax9jxUMwo/rs:fit:1000:1000/aHR0cHM6Ly9kcnl3/YWxsdG9vbGJveC5j/b20vd3AtY29udGVu/dC91cGxvYWRzLzIw/MjYvbWVkaWEvcGxh/dGludW1fcHRfY2E4/XzAxLndlYnA,US,0.0,oz,716872206,0,0,0,0.0,0.0,0.0,inches,6.875,,"Corner Tools,Platinum Drywall Tools,8"" Corner Applicator,PT-CA8",{},{},,,100,100,0.0
PT-BF,Platinum Box Filler Attachment,Standard,49.0,0.0,Platinum Drywall Tools,"",https://thumbnails.veeqo.com/D7rey19ubgJcbIftsGbTYPoC9h-5xTIEWdn4XXpwKfw/rs:fit:1000:1000/aHR0cHM6Ly9kcnl3/YWxsdG9vbGJveC5j/b20vd3AtY29udGVu/dC91cGxvYWRzLzIw/MjYvbWVkaWEvcGxh/dGludW1fcHRfYmZf/MDEud2VicA,US,0.0,oz,716872218,0,0,0,0.0,0.0,0.0,inches,6.875,,"Platinum Drywall Tools,Box Filler Attachment,Mud Pans & Pumps,PT-BF",{},{},,,100,100,0.0
PT-CP,Platinum Drywall Pump w/Filler,Standard,269.0,0.0,Platinum Drywall Tools,"",https://thumbnails.veeqo.com/s_PAlfq4Gt2BduK7NHvD2OBwxdm7rLFx19XN0DNB1a0/rs:fit:1000:1000/aHR0cHM6Ly9kcnl3/YWxsdG9vbGJveC5j/b20vd3AtY29udGVu/dC91cGxvYWRzLzIw/MjYvbWVkaWEvcGxh/dGludW1fcHRfY3Bf/MDEud2VicA,US,0.0,oz,716872224,0,0,0,0.0,0.0,0.0,inches,6.875,,"drywall pump,joint compound pump,loading pump,mud pump,PT-CP",{},{},,,100,100,0.0
PT-FIN,Platinum Drywall Starter Finishing Set,Standard,1399.0,0.0,Platinum Drywall Tools,"",https://thumbnails.veeqo.com/rI0Drmz7Jvo7I3s3RuCaICyAp2UqCyuePHghk3BcSDQ/rs:fit:1000:1000/aHR0cHM6Ly9kcnl3/YWxsdG9vbGJveC5j/b20vd3AtY29udGVu/dC91cGxvYWRzLzIw/MjYvbWVkaWEvcGxh/dGludW1fcHRfZmlu/XzAxLndlYnA,US,0.0,oz,716872232,0,0,0,0.0,0.0,0.0,inches,6.875,,"Platinum Drywall Tools,Platinum Drywall Starter Finishing Set,PT-FIN,Tool Sets & Kits",{},,,false,100,100,0
PT-EXT3IN1-1,Platinum Extendable Angle Head Handle,Standard,75.0,0.0,Platinum Drywall Tools,"",https://thumbnails.veeqo.com/R6u3Jo5HWCmnIO3st1j0u9jE7Cf59a7nLygWseq47Dw/rs:fit:1000:1000/aHR0cHM6Ly9kcnl3/YWxsdG9vbGJveC5j/b20vd3AtY29udGVu/dC91cGxvYWRzLzIw/MjYvbWVkaWEvcGxh/dGludW1fcHRfZXh0/M2luMV8xXzAxLndl/YnA,US,0.0,oz,716872236,0,0,0,0.0,0.0,0.0,inches,6.875,,"Platinum Drywall Tools,Extendable Angle Head Handle,Handles & Extensions,PT-EXT3IN1-1",{},{},,,100,100,0.0
PT-EBH,"Platinum Extendable Flat Box Handle 40"" – 64""",Standard,169.0,0.0,Platinum Drywall Tools,"",https://thumbnails.veeqo.com/ntWaRDM10817dZxbgY85jHJuMnIOtIEXSfaSaDhkjoU/rs:fit:1000:1000/aHR0cHM6Ly9kcnl3/YWxsdG9vbGJveC5j/b20vd3AtY29udGVu/dC91cGxvYWRzLzIw/MjYvbWVkaWEvcGxh/dGludW1fcHRfZWJo/XzAxLndlYnA,US,0.0,oz,716872241,0,0,0,0.0,0.0,0.0,inches,6.875,,"Platinum Drywall Tools,Handles & Extensions,Extendable Flat Box Handle 40"" – 64"",PT-EBH",{},{},,,100,100,0.0
PT-ICA,Platinum 90° Corner Applicator,Inside,59.0,0.0,Platinum Drywall Tools,"",https://thumbnails.veeqo.com/Li4Wp4xrxFM2vHULMioPqARHJLyra72wS2Pcha6vVG8/rs:fit:1000:1000/aHR0cHM6Ly9kcnl3/YWxsdG9vbGJveC5j/b20vd3AtY29udGVu/dC91cGxvYWRzLzIw/MjYvbWVkaWEvcGxh/dGludW1fcHRfaWNh/XzAxLndlYnA,US,0.0,oz,716872246,0,0,0,0.0,0.0,0.0,inches,6.875,,"drywall finishing,Platinum Drywall Tools,90 degree applicator,corner applicator",{},"{""Type"":""Inside""}",,,100,100,0.0
PT-OCA,Platinum 90° Corner Applicator,Outside,59.0,0.0,Platinum Drywall Tools,"",https://thumbnails.veeqo.com/Li4Wp4xrxFM2vHULMioPqARHJLyra72wS2Pcha6vVG8/rs:fit:1000:1000/aHR0cHM6Ly9kcnl3/YWxsdG9vbGJveC5j/b20vd3AtY29udGVu/dC91cGxvYWRzLzIw/MjYvbWVkaWEvcGxh/dGludW1fcHRfaWNh/XzAxLndlYnA,US,0.0,oz,716872251,0,0,0,0.0,0.0,0.0,inches,6.875,,"drywall finishing,Platinum Drywall Tools,90 degree applicator,corner applicator",{},"{""Type"":""Outside""}",,,100,100,0.0
PT-CRE,Platinum Corner Roller,ECO Inside,59.0,0.0,Platinum Drywall Tools,"",https://thumbnails.veeqo.com/tV8AkuXEykI53cPbItCgM3yZ1YRyNPRef0wpjzAVzz4/rs:fit:1000:1000/aHR0cHM6Ly9kcnl3/YWxsdG9vbGJveC5j/b20vd3AtY29udGVu/dC91cGxvYWRzLzIw/MjYvbWVkaWEvcGxh/dGludW1fcHRfY3Jl/XzAxLndlYnA,US,0.0,oz,716872253,0,0,0,0.0,0.0,0.0,inches,6.875,,"drywall finishing,Platinum Drywall Tools,Corner Roller",{},"{""Model"":""ECO Inside""}",,,100,100,0.0
PT-CR,Platinum Corner Roller,Inside,79.99,0.0,Platinum Drywall Tools,"",https://thumbnails.veeqo.com/tV8AkuXEykI53cPbItCgM3yZ1YRyNPRef0wpjzAVzz4/rs:fit:1000:1000/aHR0cHM6Ly9kcnl3/YWxsdG9vbGJveC5j/b20vd3AtY29udGVu/dC91cGxvYWRzLzIw/MjYvbWVkaWEvcGxh/dGludW1fcHRfY3Jl/XzAxLndlYnA,US,0.0,oz,716872256,0,0,0,0.0,0.0,0.0,inches,6.875,,"drywall finishing,Platinum Drywall Tools,Corner Roller",{},"{""Model"":""Inside""}",,,100,100,0.0
PT-OCR,Platinum Corner Roller,Outside 90°,69.99,0.0,Platinum Drywall Tools,"",https://thumbnails.veeqo.com/tV8AkuXEykI53cPbItCgM3yZ1YRyNPRef0wpjzAVzz4/rs:fit:1000:1000/aHR0cHM6Ly9kcnl3/YWxsdG9vbGJveC5j/b20vd3AtY29udGVu/dC91cGxvYWRzLzIw/MjYvbWVkaWEvcGxh/dGludW1fcHRfY3Jl/XzAxLndlYnA,US,0.0,oz,716872261,0,0,0,0.0,0.0,0.0,inches,6.875,,"drywall finishing,Platinum Drywall Tools,Corner Roller",{},"{""Model"":""Outside 90°""}",,,100,100,0.0
PT-MNBH,Platinum Mini Box Handle,Standard,62.0,0.0,Platinum Drywall Tools,"",https://thumbnails.veeqo.com/0a4WYFG7m6iR_ATnmTPQXnMUhw-Y6gcGCzXiK5qiJB4/rs:fit:1000:1000/aHR0cHM6Ly9kcnl3/YWxsdG9vbGJveC5j/b20vd3AtY29udGVu/dC91cGxvYWRzLzIw/MjYvbWVkaWEvcGxh/dGludW1fcHRfbW5i/aF8wMS53ZWJw,US,0.0,oz,716872265,0,0,0,0.0,0.0,0.0,inches,6.875,,"Platinum Drywall Tools,Handles & Extensions,Mini Box Handle,PT-MNBH",{},{},,,100,100,0.0
PT-AICA,Platinum 4 Wheel Inside Angle / Corner Applicator,Standard,89.0,0.0,Platinum Drywall Tools,"",https://thumbnails.veeqo.com/SBRuLwOevl4T_NU9txY9q8nlbFdoiKh2etSqKleILqE/rs:fit:1000:1000/aHR0cHM6Ly9kcnl3/YWxsdG9vbGJveC5j/b20vd3AtY29udGVu/dC91cGxvYWRzLzIw/MjYvbWVkaWEvcGxh/dGludW1fcHRfYWlj/YV8wMS53ZWJw,US,0.0,oz,716872272,0,0,0,0.0,0.0,0.0,inches,6.875,,"Corner Tools,Platinum Drywall Tools,4 Wheel Inside Angle / Corner Applicator,PT-AICA",{},{},,,100,100,0.0
PT-TP,Platinum Semi Automatic Drywall Taper,Standard,145.0,0.0,Platinum Drywall Tools,"",https://thumbnails.veeqo.com/kLKsjcQZ6DvDnZ1HxfSeKe7Zye0Ijn6oc0pulR1JV7A/rs:fit:1000:1000/aHR0cHM6Ly9kcnl3/YWxsdG9vbGJveC5j/b20vd3AtY29udGVu/dC91cGxvYWRzLzIw/MjYvbWVkaWEvcGxh/dGludW1fcHRfdHBf/MDEud2VicA,US,0.0,oz,716872275,0,0,0,0.0,0.0,0.0,inches,6.875,,"Platinum Drywall Tools,PT-TP,Semi Automatic Drywall Taper,Semi-Automatic Tapers",{},{},,,100,100,0.0
PT-GN,Platinum Gooseneck,Standard,59.0,0.0,Platinum Drywall Tools,"",https://thumbnails.veeqo.com/g6R3AHknggjse6RP5N2Mpxl0aRr8dkuqOLEk1pRMvmU/rs:fit:1000:1000/aHR0cHM6Ly9kcnl3/YWxsdG9vbGJveC5j/b20vd3AtY29udGVu/dC91cGxvYWRzLzIw/MjYvbWVkaWEvcGxh/dGludW1fcHRfZ25f/MDEud2VicA,US,0.0,oz,716872281,0,0,0,0.0,0.0,0.0,inches,6.875,,"Platinum Drywall Tools,Mud Pans & Pumps,GN,gooseneck",{},{},,,100,100,0.0
FFB25-10,Rubber Gasket Retainer,"10""",24.95,0.0,Columbia Tools,"",https://thumbnails.veeqo.com/Sz9jjfsnp_KGINu1LLEd2vI81VuaeN_pj0ET5uQalbY/rs:fit:1000:1000/aHR0cHM6Ly9kcnl3/YWxsdG9vbGJveC5j/b20vd3AtY29udGVu/dC91cGxvYWRzLzIw/MjYvbWVkaWEvY29s/dW1iaWFfdG9vbHNf/ZmZiMjVfMTBfMDEu/d2VicA,US,0.0,oz,716870187,0,0,0,0.0,0.0,0.0,inches,6.875,,"Columbia Tools,FFB25-10,Flat Finishing Box,Repair Parts",{},"{""Size"":""10\""""}",,,100,100,0.0
FFB25-12,Rubber Gasket Retainer,"12""",28.5,0.0,Columbia Tools,"",https://thumbnails.veeqo.com/Sz9jjfsnp_KGINu1LLEd2vI81VuaeN_pj0ET5uQalbY/rs:fit:1000:1000/aHR0cHM6Ly9kcnl3/YWxsdG9vbGJveC5j/b20vd3AtY29udGVu/dC91cGxvYWRzLzIw/MjYvbWVkaWEvY29s/dW1iaWFfdG9vbHNf/ZmZiMjVfMTBfMDEu/d2VicA,US,0.0,oz,716870191,0,0,0,0.0,0.0,0.0,inches,6.875,,"Columbia Tools,FFB25-10,Flat Finishing Box,Repair Parts",{},"{""Size"":""12\""""}",,,100,100,0.0
HH31,Release Clip Pin,Standard,12.95,0.0,Columbia Tools,"",https://thumbnails.veeqo.com/EormSR4pY09LxBxn4_dNmgQ5skT7ldIgQNlotu3RZ4k/rs:fit:1000:1000/aHR0cHM6Ly9kcnl3/YWxsdG9vbGJveC5j/b20vd3AtY29udGVu/dC91cGxvYWRzLzIw/MjYvbWVkaWEvY29s/dW1iaWFfdG9vbHNf/aGgzMV8wMS53ZWJw,US,0.0,oz,716871547,0,0,0,0.0,0.0,0.0,inches,6.875,,"Columbia Tools,Repair Parts,HH31,Matrix Handle",{},{},,,100,100,0.0
HH32,Release Clip Washer,Standard,22.0,0.0,Columbia Tools,"",https://thumbnails.veeqo.com/v3Q71sL2hwLy-H6gEvmY9RHuZrnQc_aFjsFe_7LFDSo/rs:fit:1000:1000/aHR0cHM6Ly9kcnl3/YWxsdG9vbGJveC5j/b20vd3AtY29udGVu/dC91cGxvYWRzLzIw/MjYvbWVkaWEvY29s/dW1iaWFfdG9vbHNf/aGgzMl8wMS53ZWJw,US,0.0,oz,716871549,0,0,0,0.0,0.0,0.0,inches,6.875,,"Columbia Tools,Repair Parts,Matrix Handle,HH32",{},{},,,100,100,0.0
CT89,Release Rod Sleeve,Standard,12.95,0.0,Columbia Tools,"",https://thumbnails.veeqo.com/2kLypGyMR_sLe1PZTaXmbmDWzfBB70ghzzw5HPEtLBs/rs:fit:1000:1000/aHR0cHM6Ly9kcnl3/YWxsdG9vbGJveC5j/b20vd3AtY29udGVu/dC91cGxvYWRzLzIw/MjYvbWVkaWEvY29s/dW1iaWFfdG9vbHNf/Y3Q4OV8wMS53ZWJw,US,0.0,oz,716871553,0,0,0,0.0,0.0,0.0,inches,6.875,,"Columbia Tools,Repair Parts,Automatic Taper Head,CT89",{},{},,,100,100,0.0
AH1B,Return Spring,Standard,3.0,0.0,Columbia Tools,"",https://thumbnails.veeqo.com/3iW9BiVTLr76Bir05WcF6qoyWG_s5HD7_oJQUnbrhJc/rs:fit:1000:1000/aHR0cHM6Ly9kcnl3/YWxsdG9vbGJveC5j/b20vd3AtY29udGVu/dC91cGxvYWRzLzIw/MjYvbWVkaWEvY29s/dW1iaWFfdG9vbHNf/YWgxYl8wMS53ZWJw,US,0.0,oz,716871557,0,0,0,0.0,0.0,0.0,inches,6.875,,"Columbia Tools,Repair Parts,Automatic Taper Head,CT54",{},{},,,100,100,0.0
CT101,Return Spring,Standard,9.25,0.0,Columbia Tools,"",https://thumbnails.veeqo.com/3iW9BiVTLr76Bir05WcF6qoyWG_s5HD7_oJQUnbrhJc/rs:fit:1000:1000/aHR0cHM6Ly9kcnl3/YWxsdG9vbGJveC5j/b20vd3AtY29udGVu/dC91cGxvYWRzLzIw/MjYvbWVkaWEvY29s/dW1iaWFfdG9vbHNf/YWgxYl8wMS53ZWJw,US,0.0,oz,716871563,0,0,0,0.0,0.0,0.0,inches,6.875,,"Columbia Tools,Repair Parts,Automatic Taper Head,CT54",{},{},,,100,100,0.0
CT54,Return Spring,Standard,3.0,0.0,Columbia Tools,"",https://thumbnails.veeqo.com/3iW9BiVTLr76Bir05WcF6qoyWG_s5HD7_oJQUnbrhJc/rs:fit:1000:1000/aHR0cHM6Ly9kcnl3/YWxsdG9vbGJveC5j/b20vd3AtY29udGVu/dC91cGxvYWRzLzIw/MjYvbWVkaWEvY29s/dW1iaWFfdG9vbHNf/YWgxYl8wMS53ZWJw,US,0.0,oz,716871572,0,0,0,0.0,0.0,0.0,inches,6.875,,"Columbia Tools,Repair Parts,Automatic Taper Head,CT54",{},{},,,100,100,0.0
CT40,Return Spring Ring,Standard,2.0,0.0,Columbia Tools,"",https://thumbnails.veeqo.com/C_4XRW4BQhKzhZK85ctKXWAXO7ojbC1_vKHcoma8rAE/rs:fit:1000:1000/aHR0cHM6Ly9kcnl3/YWxsdG9vbGJveC5j/b20vd3AtY29udGVu/dC91cGxvYWRzLzIw/MjYvbWVkaWEvY29s/dW1iaWFfdG9vbHNf/Y3Q0MF8wMS53ZWJw,US,0.0,oz,716871580,0,0,0,0.0,0.0,0.0,inches,6.875,,"Columbia Tools,Repair Parts,Automatic Taper Head,CT40",{},{},,,100,100,0.0
CT36,Return Spring Tube,Standard,33.0,0.0,Columbia Tools,"",https://thumbnails.veeqo.com/jY92rSfaSZhj5qNf5n8tc4IG0PpRQRRNe5aeCSFx8iE/rs:fit:1000:1000/aHR0cHM6Ly9kcnl3/YWxsdG9vbGJveC5j/b20vd3AtY29udGVu/dC91cGxvYWRzLzIw/MjYvbWVkaWEvY29s/dW1iaWFfdG9vbHNf/Y3QzNl8wMS53ZWJw,US,0.0,oz,716871590,0,0,0,0.0,0.0,0.0,inches,6.875,,"Columbia Tools,Repair Parts,Automatic Taper Head,CT36",{},{},,,100,100,0.0
HH33,Rlease Trigger Spring,Standard,11.75,0.0,Columbia Tools,"",https://thumbnails.veeqo.com/O2Hqp-QNX1Hhj5U00wXWlCixWAWBNrC-FyoyL3qtIEM/rs:fit:1000:1000/aHR0cHM6Ly9kcnl3/YWxsdG9vbGJveC5j/b20vd3AtY29udGVu/dC91cGxvYWRzLzIw/MjYvbWVkaWEvY29s/dW1iaWFfdG9vbHNf/aGgzM18wMS53ZWJw,US,0.0,oz,716871617,0,0,0,0.0,0.0,0.0,inches,6.875,,"Columbia Tools,Repair Parts,Matrix Handle,HH33",{},{},,,100,100,0.0
CT90,Rod Sleeve Housing,Standard,22.5,0.0,Columbia Tools,"",https://thumbnails.veeqo.com/ciZSmn8JvodEITYuH_5-CnwIeG_B8FAM0tmwBPKXz4g/rs:fit:1000:1000/aHR0cHM6Ly9kcnl3/YWxsdG9vbGJveC5j/b20vd3AtY29udGVu/dC91cGxvYWRzLzIw/MjYvbWVkaWEvY29s/dW1iaWFfdG9vbHNf/Y3Q5MF8wMS53ZWJw,US,0.0,oz,716871621,0,0,0,0.0,0.0,0.0,inches,6.875,,"Columbia Tools,Repair Parts,Automatic Taper Head,CT90",{},{},,,100,100,0.0
HNS12A,Roll Pin,Standard,6.0,0.0,Columbia Tools,"",https://thumbnails.veeqo.com/XciQ-pP_8sDjfQHmCiMcpbiPGNqaSVjXP6HHzEThFys/rs:fit:1000:1000/aHR0cHM6Ly9kcnl3/YWxsdG9vbGJveC5j/b20vd3AtY29udGVu/dC91cGxvYWRzLzIw/MjYvbWVkaWEvY29s/dW1iaWFfdG9vbHNf/aG5zMTJhXzAxLndl/YnA,US,0.0,oz,716871628,0,0,0,0.0,0.0,0.0,inches,6.875,,"Columbia Tools,Repair Parts,Hinged Nailspotter,HNS12A",{},{},,,100,100,0.0
HNS13,Roll Pin Bushing,Standard,9.95,0.0,Columbia Tools,"",https://thumbnails.veeqo.com/XLmAsUEnzWN4PdC1wDgpqRdlhKh-_LkH8urxtAUJQaA/rs:fit:1000:1000/aHR0cHM6Ly9kcnl3/YWxsdG9vbGJveC5j/b20vd3AtY29udGVu/dC91cGxvYWRzLzIw/MjYvbWVkaWEvY29s/dW1iaWFfdG9vbHNf/aG5zMTNfMDEud2Vi/cA,US,0.0,oz,716871633,0,0,0,0.0,0.0,0.0,inches,6.875,,"Columbia Tools,Repair Parts,Hinged Nailspotter,HNS13",{},{},,,100,100,0.0
CR2,Roller,Standard,12.0,0.0,Columbia Tools,"",https://thumbnails.veeqo.com/fQSYV1vj5h-yMN-U3zeIWCPC2JYIZWZlhvnYZg0X9iU/rs:fit:1000:1000/aHR0cHM6Ly9kcnl3/YWxsdG9vbGJveC5j/b20vd3AtY29udGVu/dC91cGxvYWRzLzIw/MjYvbWVkaWEvY29s/dW1iaWFfdG9vbHNf/Y3IyXzAxLndlYnA,US,0.0,oz,716871641,0,0,0,0.0,0.0,0.0,inches,6.875,,"Columbia Tools,Repair Parts,Corner Roller,CR2",{},{},,,100,100,0.0
CT28,Roller Bushing,Standard,10.75,0.0,Columbia Tools,"",https://thumbnails.veeqo.com/HyrY2fJUVKkLI3xSv3Q-SEzxk6WX2siohQlnFj9JQp8/rs:fit:1000:1000/aHR0cHM6Ly9kcnl3/YWxsdG9vbGJveC5j/b20vd3AtY29udGVu/dC91cGxvYWRzLzIw/MjYvbWVkaWEvY29s/dW1iaWFfdG9vbHNf/Y3QyOF8wMS53ZWJw,US,0.0,oz,716871647,0,0,0,0.0,0.0,0.0,inches,6.875,,"Columbia Tools,Repair Parts,Automatic Taper Head,CT28",{},{},,,100,100,0.0
CT125,Rollers,Standard,15.25,0.0,Columbia Tools,"",https://thumbnails.veeqo.com/gRATuoyPOufQXaFsW4bG57SH4tMK2HgIpvfDK6_GJBY/rs:fit:1000:1000/aHR0cHM6Ly9kcnl3/YWxsdG9vbGJveC5j/b20vd3AtY29udGVu/dC91cGxvYWRzLzIw/MjYvbWVkaWEvY29s/dW1iaWFfdG9vbHNf/Y3QxMjVfMDEud2Vi/cA,US,0.0,oz,716871652,0,0,0,0.0,0.0,0.0,inches,6.875,,"Columbia Tools,Repair Parts,Automatic Taper Body,CT125",{},{},,,100,100,0.0
FFB37,Rubber for Box Wheel,Standard,2.0,0.0,Columbia Tools,"",https://thumbnails.veeqo.com/_b9m1MPUV2AhvNC1-iTESSIMs13ivcp_UoPlJzqaTcI/rs:fit:1000:1000/aHR0cHM6Ly9kcnl3/YWxsdG9vbGJveC5j/b20vd3AtY29udGVu/dC91cGxvYWRzLzIw/MjYvbWVkaWEvY29s/dW1iaWFfdG9vbHNf/ZmZiMzdfMDEud2Vi/cA,US,0.0,oz,716871656,0,0,0,0.0,0.0,0.0,inches,6.875,,"Columbia Tools,Flat Finishing Box,Repair Parts,FFB37",{},{},,,100,100,0.0
CT87-CS,Rubber Seal,Standard,9.75,0.0,Columbia Tools,"",https://thumbnails.veeqo.com/FMO8_CLh0p9iNLWUEmfQlLekR1xkzPp8pr8vYcWZKJ0/rs:fit:1000:1000/aHR0cHM6Ly9kcnl3/YWxsdG9vbGJveC5j/b20vd3AtY29udGVu/dC91cGxvYWRzLzIw/MjYvbWVkaWEvY29s/dW1iaWFfdG9vbHNf/Y3Q4N19jc18wMS53/ZWJw,US,0.0,oz,716871661,0,0,0,0.0,0.0,0.0,inches,6.875,,"Columbia Tools,Repair Parts,Automatic Taper Head,CT87-CS",{},{},,,100,100,0.0
FFB7,Shoe,Right,42.95,0.0,Columbia Tools,"",https://thumbnails.veeqo.com/OL07hlnRjBn9aw9pITv466ldN7GVwudTKoxItLeVcIQ/rs:fit:1000:1000/aHR0cHM6Ly9kcnl3/YWxsdG9vbGJveC5j/b20vd3AtY29udGVu/dC91cGxvYWRzLzIw/MjYvbWVkaWEvY29s/dW1iaWFfdG9vbHNf/ZmZiN18wMS53ZWJw,US,0.0,oz,716871665,0,0,0,0.0,0.0,0.0,inches,6.875,,"Columbia Tools,Flat Finishing Box,Repair Parts,FFB7",{},"{""Side"":""Right""}",,,100,100,0.0
FFB7A,Shoe,Left,42.95,0.0,Columbia Tools,"",https://thumbnails.veeqo.com/OL07hlnRjBn9aw9pITv466ldN7GVwudTKoxItLeVcIQ/rs:fit:1000:1000/aHR0cHM6Ly9kcnl3/YWxsdG9vbGJveC5j/b20vd3AtY29udGVu/dC91cGxvYWRzLzIw/MjYvbWVkaWEvY29s/dW1iaWFfdG9vbHNf/ZmZiN18wMS53ZWJw,US,0.0,oz,716871669,0,0,0,0.0,0.0,0.0,inches,6.875,,"Columbia Tools,Flat Finishing Box,Repair Parts,FFB7",{},"{""Side"":""Left""}",,,100,100,0.0
AH4,Side Blade,Standard,29.5,0.0,Columbia Tools,"",https://thumbnails.veeqo.com/Ns_lnedPBDeaw5OMvOSMwurWhtn9i8_XQ8Mep2oaTcU/rs:fit:1000:1000/aHR0cHM6Ly9kcnl3/YWxsdG9vbGJveC5j/b20vd3AtY29udGVu/dC91cGxvYWRzLzIw/MjYvbWVkaWEvY29s/dW1iaWFfdG9vbHNf/YWg0XzAxLndlYnA,US,0.0,oz,716871675,0,0,0,0.0,0.0,0.0,inches,6.875,,"Columbia Tools,Repair Parts,AH4,Angle Head",{},{},,,100,100,0.0
CFB3-7,Side Plate,"7""",40.0,0.0,Columbia Tools,"",https://thumbnails.veeqo.com/QmRfWeQ9OAU0LGnSwpLMx20gY0I9dQ9_ogkSSCv0OR4/rs:fit:1000:1000/aHR0cHM6Ly9kcnl3/YWxsdG9vbGJveC5j/b20vd3AtY29udGVu/dC91cGxvYWRzLzIw/MjYvbWVkaWEvY29s/dW1iaWFfdG9vbHNf/Y2ZiM183XzAxLndl/YnA,US,0.0,oz,716871679,0,0,0,0.0,0.0,0.0,inches,6.875,,"Columbia Tools,Repair Parts,CFB3,Side Plate",{},"{""Size"":""7\""""}",,,100,100,0.0
CFB3-8,Side Plate,"8""",40.0,0.0,Columbia Tools,"",https://thumbnails.veeqo.com/QmRfWeQ9OAU0LGnSwpLMx20gY0I9dQ9_ogkSSCv0OR4/rs:fit:1000:1000/aHR0cHM6Ly9kcnl3/YWxsdG9vbGJveC5j/b20vd3AtY29udGVu/dC91cGxvYWRzLzIw/MjYvbWVkaWEvY29s/dW1iaWFfdG9vbHNf/Y2ZiM183XzAxLndl/YnA,US,0.0,oz,716871684,0,0,0,0.0,0.0,0.0,inches,6.875,,"Columbia Tools,Repair Parts,CFB3,Side Plate",{},"{""Size"":""8\""""}",,,100,100,0.0
CT7A,Side Plate Hub,Standard,24.5,0.0,Columbia Tools,"",https://thumbnails.veeqo.com/hRFpk3sbrbYVz_5hZiqRmdDgih5rmljoDKpWtUYXThw/rs:fit:1000:1000/aHR0cHM6Ly9kcnl3/YWxsdG9vbGJveC5j/b20vd3AtY29udGVu/dC91cGxvYWRzLzIw/MjYvbWVkaWEvY29s/dW1iaWFfdG9vbHNf/Y3Q3YV8wMS53ZWJw,US,0.0,oz,716871690,0,0,0,0.0,0.0,0.0,inches,6.875,,"Columbia Tools,Repair Parts,Automatic Taper Head,CT7A",{},{},,,100,100,0.0
MP39,Sleeve,Standard,14.75,0.0,Columbia Tools,"",https://thumbnails.veeqo.com/OoBv3faQS4119VYmN9G3iujhtWq7DIGux1abpGj_rQA/rs:fit:1000:1000/aHR0cHM6Ly9kcnl3/YWxsdG9vbGJveC5j/b20vd3AtY29udGVu/dC91cGxvYWRzLzIw/MjYvbWVkaWEvY29s/dW1iaWFfdG9vbHNf/bXAzOV8wMS53ZWJw,US,0.0,oz,716871697,0,0,0,0.0,0.0,0.0,inches,6.875,,"Columbia Tools,Repair Parts,Hot Mud Pump,MP39",{},{},,,100,100,0.0
MH20,Small Nyliner Bushing,Standard,3.0,0.0,Columbia Tools,"",https://thumbnails.veeqo.com/sXGSAT3OdRMo2u11zS-_dtjHXY7eEJSbwodJsAsk5OY/rs:fit:1000:1000/aHR0cHM6Ly9kcnl3/YWxsdG9vbGJveC5j/b20vd3AtY29udGVu/dC91cGxvYWRzLzIw/MjYvbWVkaWEvY29s/dW1iaWFfdG9vbHNf/bWgyMF8wMS53ZWJw,US,0.0,oz,716871706,0,0,0,0.0,0.0,0.0,inches,6.875,,"Columbia Tools,Repair Parts,Matrix Handle,MH20",{},{},,,100,100,0.0
AH18,Socket Wear Cap,Standard,9.0,0.0,Columbia Tools,"",https://thumbnails.veeqo.com/skvaZnzYibhU676ENUAUWPI411xIHrL1siZlzHKTMJw/rs:fit:1000:1000/aHR0cHM6Ly9kcnl3/YWxsdG9vbGJveC5j/b20vd3AtY29udGVu/dC91cGxvYWRzLzIw/MjYvbWVkaWEvY29s/dW1iaWFfdG9vbHNf/YWgxOF8wMS53ZWJw,US,0.0,oz,716871721,0,0,0,0.0,0.0,0.0,inches,6.875,,"Columbia Tools,Repair Parts,Angle Head,AH18",{},{},,,100,100,0.0
CT119,Spool Retaining Spring,Standard,7.25,0.0,Columbia Tools,"",https://thumbnails.veeqo.com/GYWS4ldQGPxXWBgZ9gMZ7plj_mAVoTl-8ej_e_vuS1w/rs:fit:1000:1000/aHR0cHM6Ly9kcnl3/YWxsdG9vbGJveC5j/b20vd3AtY29udGVu/dC91cGxvYWRzLzIw/MjYvbWVkaWEvY29s/dW1iaWFfdG9vbHNf/Y3QxMTlfMDEud2Vi/cA,US,0.0,oz,716871731,0,0,0,0.0,0.0,0.0,inches,6.875,,"Columbia Tools,Repair Parts,Automatic Taper Body,CT119",{},{},,,100,100,0.0
AH1A,Spring Housing,Standard,8.0,0.0,Columbia Tools,"",https://thumbnails.veeqo.com/PqysYRrSIrdGt_VIKtxiUNeniX6HxPcEvFR7uqQqcCw/rs:fit:1000:1000/aHR0cHM6Ly9kcnl3/YWxsdG9vbGJveC5j/b20vd3AtY29udGVu/dC91cGxvYWRzLzIw/MjYvbWVkaWEvY29s/dW1iaWFfdG9vbHNf/YWgxYV8wMS53ZWJw,US,0.0,oz,716871736,0,0,0,0.0,0.0,0.0,inches,6.875,,"Columbia Tools,Repair Parts,Angle Head,AH1A",{},{},,,100,100,0.0
FFB4B,Stainless Steel Backing Washer,Standard,4.0,0.0,Columbia Tools,"",https://thumbnails.veeqo.com/trKUoucEgi9UVQLtURGOj69hPOXHUc4gSYXDkeO5k4o/rs:fit:1000:1000/aHR0cHM6Ly9kcnl3/YWxsdG9vbGJveC5j/b20vd3AtY29udGVu/dC91cGxvYWRzLzIw/MjYvbWVkaWEvY29s/dW1iaWFfdG9vbHNf/ZmZiNGJfMDEud2Vi/cA,US,0.0,oz,716871742,0,0,0,0.0,0.0,0.0,inches,6.875,,"Columbia Tools,Flat Finishing Box,Repair Parts,FFB4B",{},{},,,100,100,0.0
CT6A,Stainless Steel Side Plate - Left,Standard,42.95,0.0,Columbia Tools,"",https://thumbnails.veeqo.com/-dJn0IB3Ybx49JxD8ZgVUUbNFrWmJiZxountYR1VMl0/rs:fit:1000:1000/aHR0cHM6Ly9kcnl3/YWxsdG9vbGJveC5j/b20vd3AtY29udGVu/dC91cGxvYWRzLzIw/MjYvbWVkaWEvY29s/dW1iaWFfdG9vbHNf/Y3Q2YV8wMS53ZWJw,US,0.0,oz,716871749,0,0,0,0.0,0.0,0.0,inches,6.875,,"Columbia Tools,Repair Parts,Automatic Taper Head,CT6A",{},{},,,100,100,0.0
FFB4A,Stainless Steel Washer,Standard,5.0,0.0,Columbia Tools,"",https://thumbnails.veeqo.com/9lX5yOI3Rgvnrvsi8nGpv8N2TBf9xqU67Pg-VpJYDvo/rs:fit:1000:1000/aHR0cHM6Ly9kcnl3/YWxsdG9vbGJveC5j/b20vd3AtY29udGVu/dC91cGxvYWRzLzIw/MjYvbWVkaWEvY29s/dW1iaWFfdG9vbHNf/ZmZiNGFfMDEud2Vi/cA,US,0.0,oz,716871759,0,0,0,0.0,0.0,0.0,inches,6.875,,"Columbia Tools,Flat Finishing Box,Repair Parts,FFB4A",{},{},,,100,100,0.0
CT116A,Strap,Standard,28.5,0.0,Columbia Tools,"",https://thumbnails.veeqo.com/KR1k9Ji8fFDOi6itVOvMVlqJg80214Rte3JR_b5enmY/rs:fit:1000:1000/aHR0cHM6Ly9kcnl3/YWxsdG9vbGJveC5j/b20vd3AtY29udGVu/dC91cGxvYWRzLzIw/MjYvbWVkaWEvY29s/dW1iaWFfdG9vbHNf/Y3QxMTZhXzAxLndl/YnA,US,0.0,oz,716871767,0,0,0,0.0,0.0,0.0,inches,6.875,,"Columbia Tools,Repair Parts,Automatic Taper Body,CT116A",{},{},,,100,100,0.0
BH11,Strap Connecting Pin,Standard,7.95,0.0,Columbia Tools,"",https://thumbnails.veeqo.com/KvDv4XCrzBz76wReWZAYg60kHDsRgZlWXv3m6ldkz9c/rs:fit:1000:1000/aHR0cHM6Ly9kcnl3/YWxsdG9vbGJveC5j/b20vd3AtY29udGVu/dC91cGxvYWRzLzIw/MjYvbWVkaWEvY29s/dW1iaWFfdG9vbHNf/YmgxMV8wMS53ZWJw,US,0.0,oz,716871772,0,0,0,0.0,0.0,0.0,inches,6.875,,"Columbia Tools,Repair Parts,180 Grip Box Handle,BH11",{},{},,,100,100,0.0
CR12,Swivel Coupling Pin,Standard,12.5,0.0,Columbia Tools,"",https://thumbnails.veeqo.com/fkaBg8LSt65MN-tFvxG_xfa_hJSvgkYdeg23JhR1dmY/rs:fit:1000:1000/aHR0cHM6Ly9kcnl3/YWxsdG9vbGJveC5j/b20vd3AtY29udGVu/dC91cGxvYWRzLzIw/MjYvbWVkaWEvY29s/dW1iaWFfdG9vbHNf/Y3IxMl8wMS53ZWJw,US,0.0,oz,716871775,0,0,0,0.0,0.0,0.0,inches,6.875,,"Columbia Tools,Repair Parts,Corner Roller,CR12",{},{},,,100,100,0.0
CT57,Tape Advance Carriage,Standard,82.0,0.0,Columbia Tools,"",https://thumbnails.veeqo.com/D5u-y4H93agwLh0_y3psLNimTHUzxGceB3JvVTini6o/rs:fit:1000:1000/aHR0cHM6Ly9kcnl3/YWxsdG9vbGJveC5j/b20vd3AtY29udGVu/dC91cGxvYWRzLzIw/MjYvbWVkaWEvY29s/dW1iaWFfdG9vbHNf/Y3Q1N18wMS53ZWJw,US,0.0,oz,716871781,0,0,0,0.0,0.0,0.0,inches,6.875,,"Columbia Tools,Repair Parts,Automatic Taper Head,CT57",{},{},,,100,100,0.0
CT120,Tape Spool,Standard,14.5,0.0,Columbia Tools,"",https://thumbnails.veeqo.com/DsXDVVLg0kj3eqf--25JmBVR36Cqs2CIsqwmWq3BK38/rs:fit:1000:1000/aHR0cHM6Ly9kcnl3/YWxsdG9vbGJveC5j/b20vd3AtY29udGVu/dC91cGxvYWRzLzIw/MjYvbWVkaWEvY29s/dW1iaWFfdG9vbHNf/Y3QxMjBfMDEud2Vi/cA,US,0.0,oz,716871785,0,0,0,0.0,0.0,0.0,inches,6.875,,"Columbia Tools,Repair Parts,Automatic Taper Body,CT120",{},{},,,100,100,0.0
S1-A-1624,SurPro S1 Aluminum Drywall Stilts,"16""-24""",322.0,0.0,SurPro,"",https://thumbnails.veeqo.com/wLL6sizlEQRg2UbY9MbYsBG5W1zxq0Cbr0J5aqk1bGU/rs:fit:1000:1000/aHR0cHM6Ly9kcnl3/YWxsdG9vbGJveC5j/b20vd3AtY29udGVu/dC91cGxvYWRzLzIw/MjYvbWVkaWEvc3Vy/cHJvX3MxX2FfMTYy/NF8wMS53ZWJw,US,0.0,oz,716872287,0,0,0,0.0,0.0,0.0,inches,6.875,,"Aluminum,drywall stilts,Professional Drywall Tools,Single,SurPro",{},"{""Height Range"":""16\""-24\""""}",,,100,100,0.0
S1-A-2030,SurPro S1 Aluminum Drywall Stilts,"20""-30""",331.0,0.0,SurPro,"",https://thumbnails.veeqo.com/wLL6sizlEQRg2UbY9MbYsBG5W1zxq0Cbr0J5aqk1bGU/rs:fit:1000:1000/aHR0cHM6Ly9kcnl3/YWxsdG9vbGJveC5j/b20vd3AtY29udGVu/dC91cGxvYWRzLzIw/MjYvbWVkaWEvc3Vy/cHJvX3MxX2FfMTYy/NF8wMS53ZWJw,US,0.0,oz,716872291,0,0,0,0.0,0.0,0.0,inches,6.875,,"Aluminum,drywall stilts,Professional Drywall Tools,Single,SurPro",{},"{""Height Range"":""20\""-30\""""}",,,100,100,0.0
S1-A-2640,SurPro S1 Aluminum Drywall Stilts,"26""-40""",340.0,0.0,SurPro,"",https://thumbnails.veeqo.com/wLL6sizlEQRg2UbY9MbYsBG5W1zxq0Cbr0J5aqk1bGU/rs:fit:1000:1000/aHR0cHM6Ly9kcnl3/YWxsdG9vbGJveC5j/b20vd3AtY29udGVu/dC91cGxvYWRzLzIw/MjYvbWVkaWEvc3Vy/cHJvX3MxX2FfMTYy/NF8wMS53ZWJw,US,0.0,oz,716872293,0,0,0,0.0,0.0,0.0,inches,6.875,,"Aluminum,drywall stilts,Professional Drywall Tools,Single,SurPro",{},"{""Height Range"":""26\""-40\""""}",,,100,100,0.0
S1-M-1624,SurPro S1 Magnesium Drywall Stilts,"16""-24""",368.0,0.0,SurPro,"",https://thumbnails.veeqo.com/Jq02aBc2x5Vzk6S3Bz-lOBbO9zZHpI6kdTsz6Gohq9Y/rs:fit:1000:1000/aHR0cHM6Ly9kcnl3/YWxsdG9vbGJveC5j/b20vd3AtY29udGVu/dC91cGxvYWRzLzIw/MjYvbWVkaWEvc3Vy/cHJvX3MxX21fMTYy/NF8wMS53ZWJw,US,0.0,oz,716872298,0,0,0,0.0,0.0,0.0,inches,6.875,,"drywall stilts,Professional Drywall Tools,Single,SurPro,Magnesium",{},"{""Height Range"":""16\""-24\""""}",,,100,100,0.0
S1-M-2030,SurPro S1 Magnesium Drywall Stilts,"20""-30""",376.5,0.0,SurPro,"",https://thumbnails.veeqo.com/Jq02aBc2x5Vzk6S3Bz-lOBbO9zZHpI6kdTsz6Gohq9Y/rs:fit:1000:1000/aHR0cHM6Ly9kcnl3/YWxsdG9vbGJveC5j/b20vd3AtY29udGVu/dC91cGxvYWRzLzIw/MjYvbWVkaWEvc3Vy/cHJvX3MxX21fMTYy/NF8wMS53ZWJw,US,0.0,oz,716872308,0,0,0,0.0,0.0,0.0,inches,6.875,,"drywall stilts,Professional Drywall Tools,Single,SurPro,Magnesium",{},"{""Height Range"":""20\""-30\""""}",,,100,100,0.0
S1-M-2640,SurPro S1 Magnesium Drywall Stilts,"26""-40""",385.0,0.0,SurPro,"",https://thumbnails.veeqo.com/Jq02aBc2x5Vzk6S3Bz-lOBbO9zZHpI6kdTsz6Gohq9Y/rs:fit:1000:1000/aHR0cHM6Ly9kcnl3/YWxsdG9vbGJveC5j/b20vd3AtY29udGVu/dC91cGxvYWRzLzIw/MjYvbWVkaWEvc3Vy/cHJvX3MxX21fMTYy/NF8wMS53ZWJw,US,0.0,oz,716872314,0,0,0,0.0,0.0,0.0,inches,6.875,,"drywall stilts,Professional Drywall Tools,Single,SurPro,Magnesium",{},"{""Height Range"":""26\""-40\""""}",,,100,100,0.0
S1X-A-2131,SurPro S1X Aluminum Drywall Stilts,"21""-31""",407.0,0.0,SurPro,"",https://thumbnails.veeqo.com/jV5Q2IzFtZYmiXZuisCk0KP6q5qt6MBAFpypF1YKPdc/rs:fit:1000:1000/aHR0cHM6Ly9kcnl3/YWxsdG9vbGJveC5j/b20vd3AtY29udGVu/dC91cGxvYWRzLzIw/MjYvbWVkaWEvc3Vy/cHJvX3MxeF9hXzIx/MzFfMDEud2VicA,US,0.0,oz,716872322,0,0,0,0.0,0.0,0.0,inches,6.875,,"Aluminum,drywall stilts,Professional Drywall Tools,Single,SurPro",{},"{""Height Range"":""21\""-31\""""}",,,100,100,0.0
S1X-A-2640,SurPro S1X Aluminum Drywall Stilts,"26""-40""",407.0,0.0,SurPro,"",https://thumbnails.veeqo.com/jV5Q2IzFtZYmiXZuisCk0KP6q5qt6MBAFpypF1YKPdc/rs:fit:1000:1000/aHR0cHM6Ly9kcnl3/YWxsdG9vbGJveC5j/b20vd3AtY29udGVu/dC91cGxvYWRzLzIw/MjYvbWVkaWEvc3Vy/cHJvX3MxeF9hXzIx/MzFfMDEud2VicA,US,0.0,oz,716872331,0,0,0,0.0,0.0,0.0,inches,6.875,,"Aluminum,drywall stilts,Professional Drywall Tools,Single,SurPro",{},"{""Height Range"":""26\""-40\""""}",,,100,100,0.0
S1X-M-2131,SurPro S1X Magnesium Drywall Stilts,"21""-31""",430.0,0.0,SurPro,"",https://thumbnails.veeqo.com/O9dxG4qA2F8vPgnuuShDvORtkBCiukdpWAc0y8L706Q/rs:fit:1000:1000/aHR0cHM6Ly9kcnl3/YWxsdG9vbGJveC5j/b20vd3AtY29udGVu/dC91cGxvYWRzLzIw/MjYvbWVkaWEvc3Vy/cHJvX3MxeF9tXzIx/MzFfMDEud2VicA,US,0.0,oz,716872338,0,0,0,0.0,0.0,0.0,inches,6.875,,"drywall stilts,Professional Drywall Tools,Single,SurPro,Magnesium",{},"{""Height Range"":""21\""-31\""""}",,,100,100,0.0
S1X-M-2640,SurPro S1X Magnesium Drywall Stilts,"26""-40""",441.0,0.0,SurPro,"",https://thumbnails.veeqo.com/O9dxG4qA2F8vPgnuuShDvORtkBCiukdpWAc0y8L706Q/rs:fit:1000:1000/aHR0cHM6Ly9kcnl3/YWxsdG9vbGJveC5j/b20vd3AtY29udGVu/dC91cGxvYWRzLzIw/MjYvbWVkaWEvc3Vy/cHJvX3MxeF9tXzIx/MzFfMDEud2VicA,US,0.0,oz,716872345,0,0,0,0.0,0.0,0.0,inches,6.875,,"drywall stilts,Professional Drywall Tools,Single,SurPro,Magnesium",{},"{""Height Range"":""26\""-40\""""}",,,99,100,0.0
S2-A-1624,SurPro S2 Aluminum Drywall Stilts,"16""-24""",356.0,0.0,SurPro,"",https://thumbnails.veeqo.com/JlMehHA0--OrayJKFWgV-kmFJgwR-Ce1ybV1ypjjxqw/rs:fit:1000:1000/aHR0cHM6Ly9kcnl3/YWxsdG9vbGJveC5j/b20vd3AtY29udGVu/dC91cGxvYWRzLzIw/MjYvbWVkaWEvc3Vy/cHJvX3MyX2FfMTYy/NF8wMS53ZWJw,US,0.0,oz,716872348,0,0,0,0.0,0.0,0.0,inches,6.875,,"Aluminum,drywall stilts,Professional Drywall Tools,SurPro,Double",{},"{""Height Range"":""16\""-24\""""}",,,100,100,0.0
S2-A-2030,SurPro S2 Aluminum Drywall Stilts,"20""-30""",365.0,0.0,SurPro,"",https://thumbnails.veeqo.com/JlMehHA0--OrayJKFWgV-kmFJgwR-Ce1ybV1ypjjxqw/rs:fit:1000:1000/aHR0cHM6Ly9kcnl3/YWxsdG9vbGJveC5j/b20vd3AtY29udGVu/dC91cGxvYWRzLzIw/MjYvbWVkaWEvc3Vy/cHJvX3MyX2FfMTYy/NF8wMS53ZWJw,US,0.0,oz,716872352,0,0,0,0.0,0.0,0.0,inches,6.875,,"Aluminum,drywall stilts,Professional Drywall Tools,SurPro,Double",{},"{""Height Range"":""20\""-30\""""}",,,100,100,0.0
S2-A-2640,SurPro S2 Aluminum Drywall Stilts,"26""-40""",374.0,0.0,SurPro,"",https://thumbnails.veeqo.com/JlMehHA0--OrayJKFWgV-kmFJgwR-Ce1ybV1ypjjxqw/rs:fit:1000:1000/aHR0cHM6Ly9kcnl3/YWxsdG9vbGJveC5j/b20vd3AtY29udGVu/dC91cGxvYWRzLzIw/MjYvbWVkaWEvc3Vy/cHJvX3MyX2FfMTYy/NF8wMS53ZWJw,US,0.0,oz,716872353,0,0,0,0.0,0.0,0.0,inches,6.875,,"Aluminum,drywall stilts,Professional Drywall Tools,SurPro,Double",{},"{""Height Range"":""26\""-40\""""}",,,100,100,0.0
S2-M-1624,SurPro S2 Magnesium Drywall Stilts,"16""-24""",395.0,0.0,SurPro,"",https://thumbnails.veeqo.com/edqkctBfeIFvy9mqwItwYUkiHV5j5GipnNQ-7RbljcQ/rs:fit:1000:1000/aHR0cHM6Ly9kcnl3/YWxsdG9vbGJveC5j/b20vd3AtY29udGVu/dC91cGxvYWRzLzIw/MjYvbWVkaWEvc3Vy/cHJvX3MyX21fMTYy/NF8wMS53ZWJw,US,0.0,oz,716872355,0,0,0,0.0,0.0,0.0,inches,6.875,,"drywall stilts,Professional Drywall Tools,SurPro,Magnesium,Double",{},"{""Height Range"":""16\""-24\""""}",,,100,100,0.0
S2-M-2030,SurPro S2 Magnesium Drywall Stilts,"20""-30""",403.5,0.0,SurPro,"",https://thumbnails.veeqo.com/edqkctBfeIFvy9mqwItwYUkiHV5j5GipnNQ-7RbljcQ/rs:fit:1000:1000/aHR0cHM6Ly9kcnl3/YWxsdG9vbGJveC5j/b20vd3AtY29udGVu/dC91cGxvYWRzLzIw/MjYvbWVkaWEvc3Vy/cHJvX3MyX21fMTYy/NF8wMS53ZWJw,US,0.0,oz,716872356,0,0,0,0.0,0.0,0.0,inches,6.875,,"drywall stilts,Professional Drywall Tools,SurPro,Magnesium,Double",{},"{""Height Range"":""20\""-30\""""}",,,100,100,0.0
S2-M-2640,SurPro S2 Magnesium Drywall Stilts,"26""-40""",412.0,0.0,SurPro,"",https://thumbnails.veeqo.com/edqkctBfeIFvy9mqwItwYUkiHV5j5GipnNQ-7RbljcQ/rs:fit:1000:1000/aHR0cHM6Ly9kcnl3/YWxsdG9vbGJveC5j/b20vd3AtY29udGVu/dC91cGxvYWRzLzIw/MjYvbWVkaWEvc3Vy/cHJvX3MyX21fMTYy/NF8wMS53ZWJw,US,0.0,oz,716872357,0,0,0,0.0,0.0,0.0,inches,6.875,,"drywall stilts,Professional Drywall Tools,SurPro,Magnesium,Double",{},"{""Height Range"":""26\""-40\""""}",,,100,100,0.0
S2X-A-3852,SurPro S2X Aluminum Drywall Stilts,"38""-52""",486.0,0.0,SurPro,"",https://thumbnails.veeqo.com/KIHoeZA03o0W9jgxOZyY6phoS09S0opcRaLzZXjkfuA/rs:fit:1000:1000/aHR0cHM6Ly9kcnl3/YWxsdG9vbGJveC5j/b20vd3AtY29udGVu/dC91cGxvYWRzLzIw/MjYvbWVkaWEvc3Vy/cHJvX3MyeF9hXzIx/MzFfMDEud2VicA,US,0.0,oz,716872361,0,0,0,0.0,0.0,0.0,inches,6.875,,"Aluminum,drywall stilts,Professional Drywall Tools,SurPro,Double",{},"{""Height Range"":""38\""-52\""""}",,,100,100,0.0
S2X-A-2640,SurPro S2X Aluminum Drywall Stilts,"26""-40""",457.0,0.0,SurPro,"",https://thumbnails.veeqo.com/KIHoeZA03o0W9jgxOZyY6phoS09S0opcRaLzZXjkfuA/rs:fit:1000:1000/aHR0cHM6Ly9kcnl3/YWxsdG9vbGJveC5j/b20vd3AtY29udGVu/dC91cGxvYWRzLzIw/MjYvbWVkaWEvc3Vy/cHJvX3MyeF9hXzIx/MzFfMDEud2VicA,US,0.0,oz,716872366,0,0,0,0.0,0.0,0.0,inches,6.875,,"Aluminum,drywall stilts,Professional Drywall Tools,SurPro,Double",{},"{""Height Range"":""26\""-40\""""}",,,100,100,0.0
S2X-M-2131,SurPro S2X Magnesium Drywall Stilts,"21""-31""",479.0,0.0,SurPro,"",https://thumbnails.veeqo.com/wyziFdKZDACFxCmePS0Myl7VZar2-iK4_TO6VJQx5pQ/rs:fit:1000:1000/aHR0cHM6Ly9kcnl3/YWxsdG9vbGJveC5j/b20vd3AtY29udGVu/dC91cGxvYWRzLzIw/MjYvbWVkaWEvc3Vy/cHJvX3MyeF9tXzIx/MzFfMDEud2VicA,US,0.0,oz,716872368,0,0,0,0.0,0.0,0.0,inches,6.875,,"drywall stilts,Professional Drywall Tools,SurPro,Magnesium,Double",{},"{""Height Range"":""21\""-31\""""}",,,100,100,0.0
S2X-M-2640,SurPro S2X Magnesium Drywall Stilts,"26""-40""",490.0,0.0,SurPro,"",https://thumbnails.veeqo.com/wyziFdKZDACFxCmePS0Myl7VZar2-iK4_TO6VJQx5pQ/rs:fit:1000:1000/aHR0cHM6Ly9kcnl3/YWxsdG9vbGJveC5j/b20vd3AtY29udGVu/dC91cGxvYWRzLzIw/MjYvbWVkaWEvc3Vy/cHJvX3MyeF9tXzIx/MzFfMDEud2VicA,US,0.0,oz,716872375,0,0,0,0.0,0.0,0.0,inches,6.875,,"drywall stilts,Professional Drywall Tools,SurPro,Magnesium,Double",{},"{""Height Range"":""26\""-40\""""}",,,100,100,0.0
16TT,TapeTech Applicator Head,Outside Corner,85.0,0.0,TapeTech,"",https://thumbnails.veeqo.com/91ercVx0E0v97vo55M73E7ZbM7AcGGo6kpq4bulaXRU/rs:fit:1000:1000/aHR0cHM6Ly9kcnl3/YWxsdG9vbGJveC5j/b20vd3AtY29udGVu/dC91cGxvYWRzLzIw/MjYvbWVkaWEvdGFw/ZXRlY2hfMTZ0dF8w/MS53ZWJw,US,0.0,oz,716872381,0,0,0,0.0,0.0,0.0,inches,6.875,,"Drywall Finishing Tools,TapeTech",{},"{""Corner Type"":""Outside Corner""}",,,100,100,0.0
16TT90,TapeTech Applicator Head,Inside Corner,85.0,0.0,TapeTech,"",https://thumbnails.veeqo.com/91ercVx0E0v97vo55M73E7ZbM7AcGGo6kpq4bulaXRU/rs:fit:1000:1000/aHR0cHM6Ly9kcnl3/YWxsdG9vbGJveC5j/b20vd3AtY29udGVu/dC91cGxvYWRzLzIw/MjYvbWVkaWEvdGFw/ZXRlY2hfMTZ0dF8w/MS53ZWJw,US,0.0,oz,716872393,0,0,0,0.0,0.0,0.0,inches,6.875,,"Drywall Finishing Tools,TapeTech",{},"{""Corner Type"":""Inside Corner""}",,,100,100,0.0
BHE-SW,TapeTech Brakeless Box Handle,"Rotational Extendable 34""-60""",329.0,0.0,TapeTech,"",https://thumbnails.veeqo.com/K1WEIru3RufKytnHmnvAz8IB4De2begDdr7PPOIS6hs/rs:fit:1000:1000/aHR0cHM6Ly9kcnl3/YWxsdG9vbGJveC5j/b20vd3AtY29udGVu/dC91cGxvYWRzLzIw/MjYvbWVkaWEvdGFw/ZXRlY2hfYmhlc3df/MDEud2VicA,US,0.0,oz,716872400,0,0,0,0.0,0.0,0.0,inches,6.875,,"Drywall Finishing Tools,TapeTech",{},"{""Model"":""Rotational Extendable 34\""-60\""""}",,,100,100,0.0
BH,TapeTech Brakeless Box Handle,"Fixed 34""",149.0,0.0,TapeTech,"",https://thumbnails.veeqo.com/K1WEIru3RufKytnHmnvAz8IB4De2begDdr7PPOIS6hs/rs:fit:1000:1000/aHR0cHM6Ly9kcnl3/YWxsdG9vbGJveC5j/b20vd3AtY29udGVu/dC91cGxvYWRzLzIw/MjYvbWVkaWEvdGFw/ZXRlY2hfYmhlc3df/MDEud2VicA,US,0.0,oz,716872403,0,0,0,0.0,0.0,0.0,inches,6.875,,"Drywall Finishing Tools,TapeTech",{},"{""Model"":""Fixed 34\""""}",,,100,100,0.0
BHE,TapeTech Brakeless Box Handle,"Extendable 34""-60""",299.0,0.0,TapeTech,"",https://thumbnails.veeqo.com/K1WEIru3RufKytnHmnvAz8IB4De2begDdr7PPOIS6hs/rs:fit:1000:1000/aHR0cHM6Ly9kcnl3/YWxsdG9vbGJveC5j/b20vd3AtY29udGVu/dC91cGxvYWRzLzIw/MjYvbWVkaWEvdGFw/ZXRlY2hfYmhlc3df/MDEud2VicA,US,0.0,oz,716872405,0,0,0,0.0,0.0,0.0,inches,6.875,,"Drywall Finishing Tools,TapeTech",{},"{""Model"":""Extendable 34\""-60\""""}",,,100,100,0.0
FBH2642TT-CF,TapeTech Carbon Fiber Box Handle,"26""-42""",1.0,0.0,TapeTech,"",https://thumbnails.veeqo.com/m9_HWW6s4LOL4wknxj6A1Nx_UTcfny5LC99Q7anxbr8/rs:fit:1000:1000/aHR0cHM6Ly9kcnl3/YWxsdG9vbGJveC5j/b20vd3AtY29udGVu/dC91cGxvYWRzLzIw/MjYvbWVkaWEvdGFw/ZXRlY2hfYmhfMDEu/d2VicA,US,0.0,oz,716872409,0,0,0,0.0,0.0,0.0,inches,6.875,,"Drywall Finishing Tools,TapeTech",{},"{""Extension Range"":""26\""-42\""""}",,,100,100,0.0
FBH4272TT-CF,TapeTech Carbon Fiber Box Handle,"42""-72""",1.0,0.0,TapeTech,"",https://thumbnails.veeqo.com/m9_HWW6s4LOL4wknxj6A1Nx_UTcfny5LC99Q7anxbr8/rs:fit:1000:1000/aHR0cHM6Ly9kcnl3/YWxsdG9vbGJveC5j/b20vd3AtY29udGVu/dC91cGxvYWRzLzIw/MjYvbWVkaWEvdGFw/ZXRlY2hfYmhfMDEu/d2VicA,US,0.0,oz,716872414,0,0,0,0.0,0.0,0.0,inches,6.875,,"Drywall Finishing Tools,TapeTech",{},"{""Extension Range"":""42\""-72\""""}",,,100,100,0.0
CF25COMBO,TapeTech Combo Corner Flusher,"2.5""",179.0,0.0,TapeTech,"",https://thumbnails.veeqo.com/fURVPfqfiopcMiiGtIHn5KUiEAMNKRs9y7wVGho97i0/rs:fit:1000:1000/aHR0cHM6Ly9kcnl3/YWxsdG9vbGJveC5j/b20vd3AtY29udGVu/dC91cGxvYWRzLzIw/MjYvbWVkaWEvdGFw/ZXRlY2hfY2YyNWNv/bWJvXzAxLndlYnA,US,0.0,oz,716872417,0,0,0,0.0,0.0,0.0,inches,6.875,,"Drywall Finishing Tools,TapeTech",{},"{""Size"":""2.5\""""}",,,100,100,0.0
CF30COMBO,TapeTech Combo Corner Flusher,"3""",184.0,0.0,TapeTech,"",https://thumbnails.veeqo.com/fURVPfqfiopcMiiGtIHn5KUiEAMNKRs9y7wVGho97i0/rs:fit:1000:1000/aHR0cHM6Ly9kcnl3/YWxsdG9vbGJveC5j/b20vd3AtY29udGVu/dC91cGxvYWRzLzIw/MjYvbWVkaWEvdGFw/ZXRlY2hfY2YyNWNv/bWJvXzAxLndlYnA,US,0.0,oz,716872422,0,0,0,0.0,0.0,0.0,inches,6.875,,"Drywall Finishing Tools,TapeTech",{},"{""Size"":""3\""""}",,,100,100,0.0
CF35COMBO,TapeTech Combo Corner Flusher,"3.5""",189.0,0.0,TapeTech,"",https://thumbnails.veeqo.com/fURVPfqfiopcMiiGtIHn5KUiEAMNKRs9y7wVGho97i0/rs:fit:1000:1000/aHR0cHM6Ly9kcnl3/YWxsdG9vbGJveC5j/b20vd3AtY29udGVu/dC91cGxvYWRzLzIw/MjYvbWVkaWEvdGFw/ZXRlY2hfY2YyNWNv/bWJvXzAxLndlYnA,US,0.0,oz,716872428,0,0,0,0.0,0.0,0.0,inches,6.875,,"Drywall Finishing Tools,TapeTech",{},"{""Size"":""3.5\""""}",,,100,100,0.0
CF40COMBO,TapeTech Combo Corner Flusher,"4""",194.0,0.0,TapeTech,"",https://thumbnails.veeqo.com/fURVPfqfiopcMiiGtIHn5KUiEAMNKRs9y7wVGho97i0/rs:fit:1000:1000/aHR0cHM6Ly9kcnl3/YWxsdG9vbGJveC5j/b20vd3AtY29udGVu/dC91cGxvYWRzLzIw/MjYvbWVkaWEvdGFw/ZXRlY2hfY2YyNWNv/bWJvXzAxLndlYnA,US,0.0,oz,716872441,0,0,0,0.0,0.0,0.0,inches,6.875,,"Drywall Finishing Tools,TapeTech",{},"{""Size"":""4\""""}",,,100,100,0.0
CT24TT,TapeTech Compound Tube,"24""",189.0,0.0,TapeTech,"",https://thumbnails.veeqo.com/UHwgc1WhWL7MqE0KfFahdsI4ut6o8B8x_2AXjWehRtE/rs:fit:1000:1000/aHR0cHM6Ly9kcnl3/YWxsdG9vbGJveC5j/b20vd3AtY29udGVu/dC91cGxvYWRzLzIw/MjYvbWVkaWEvdGFw/ZXRlY2hfY3QyNHR0/XzAxLndlYnA,US,103.99822201594793,oz,716872456,0,0,0,0.0,0.0,0.0,inches,6.875,,"Drywall Finishing Tools,TapeTech",{},"{""Size"":""24\""""}",,,100,100,0.0
CT36TT,TapeTech Compound Tube,"36""",199.0,0.0,TapeTech,"",https://thumbnails.veeqo.com/UHwgc1WhWL7MqE0KfFahdsI4ut6o8B8x_2AXjWehRtE/rs:fit:1000:1000/aHR0cHM6Ly9kcnl3/YWxsdG9vbGJveC5j/b20vd3AtY29udGVu/dC91cGxvYWRzLzIw/MjYvbWVkaWEvdGFw/ZXRlY2hfY3QyNHR0/XzAxLndlYnA,US,103.99822201594793,oz,716872471,0,0,0,0.0,0.0,0.0,inches,6.875,,"Drywall Finishing Tools,TapeTech",{},"{""Size"":""36\""""}",,,100,100,0.0
CT42TT,TapeTech Compound Tube,"42""",209.0,0.0,TapeTech,"",https://thumbnails.veeqo.com/UHwgc1WhWL7MqE0KfFahdsI4ut6o8B8x_2AXjWehRtE/rs:fit:1000:1000/aHR0cHM6Ly9kcnl3/YWxsdG9vbGJveC5j/b20vd3AtY29udGVu/dC91cGxvYWRzLzIw/MjYvbWVkaWEvdGFw/ZXRlY2hfY3QyNHR0/XzAxLndlYnA,US,103.99822201594793,oz,716872480,0,0,0,0.0,0.0,0.0,inches,6.875,,"Drywall Finishing Tools,TapeTech",{},"{""Size"":""42\""""}",,,100,100,0.0
CA07TT,TapeTech Corner Applicator,"7""",315.0,0.0,TapeTech,"",https://thumbnails.veeqo.com/4CZa4RFqp7lOUgMHBcr9Ee0Z94JcdyvWSseq5NkbDSI/rs:fit:1000:1000/aHR0cHM6Ly9kcnl3/YWxsdG9vbGJveC5j/b20vd3AtY29udGVu/dC91cGxvYWRzLzIw/MjYvbWVkaWEvdGFw/ZXRlY2hfY2EwN3R0/XzAxLndlYnA,US,0.0,oz,716872493,0,0,0,0.0,0.0,0.0,inches,6.875,,"Drywall Finishing Tools,TapeTech",{},"{""Size"":""7\""""}",,,100,100,0.0
CA08TT,TapeTech Corner Applicator,"8""",330.0,0.0,TapeTech,"",https://thumbnails.veeqo.com/4CZa4RFqp7lOUgMHBcr9Ee0Z94JcdyvWSseq5NkbDSI/rs:fit:1000:1000/aHR0cHM6Ly9kcnl3/YWxsdG9vbGJveC5j/b20vd3AtY29udGVu/dC91cGxvYWRzLzIw/MjYvbWVkaWEvdGFw/ZXRlY2hfY2EwN3R0/XzAxLndlYnA,US,0.0,oz,716872506,0,0,0,0.0,0.0,0.0,inches,6.875,,"Drywall Finishing Tools,TapeTech",{},"{""Size"":""8\""""}",,,98,100,0.0
CA07FHTT,TapeTech Corner Applicator with FHTT Fiberglass Handle,"7""",1.0,0.0,TapeTech,"",https://thumbnails.veeqo.com/wqwjQQwZ_zp9HN06LKGNu8Xg5zj4UatyXDNNSKGFUDg/rs:fit:1000:1000/aHR0cHM6Ly9kcnl3/YWxsdG9vbGJveC5j/b20vd3AtY29udGVu/dC91cGxvYWRzLzIw/MjYvbWVkaWEvdGFw/ZXRlY2hfY2EwN2Zo/dHRfMDEud2VicA,US,0.0,oz,716872518,0,0,0,0.0,0.0,0.0,inches,6.875,,"Drywall Finishing Tools,TapeTech",{},"{""Size"":""7\""""}",,,100,100,0.0
CA08FHTT,TapeTech Corner Applicator with FHTT Fiberglass Handle,"8""",1.0,0.0,TapeTech,"",https://thumbnails.veeqo.com/wqwjQQwZ_zp9HN06LKGNu8Xg5zj4UatyXDNNSKGFUDg/rs:fit:1000:1000/aHR0cHM6Ly9kcnl3/YWxsdG9vbGJveC5j/b20vd3AtY29udGVu/dC91cGxvYWRzLzIw/MjYvbWVkaWEvdGFw/ZXRlY2hfY2EwN2Zo/dHRfMDEud2VicA,US,0.0,oz,716872529,0,0,0,0.0,0.0,0.0,inches,6.875,,"Drywall Finishing Tools,TapeTech",{},"{""Size"":""8\""""}",,,100,100,0.0
40XTT,TapeTech Corner Finisher,"2""",389.0,0.0,TapeTech,"",https://thumbnails.veeqo.com/MmNB_VhGQg8GEWUbHs7GUitwhfqOl7K80OBGvd85bEU/rs:fit:1000:1000/aHR0cHM6Ly9kcnl3/YWxsdG9vbGJveC5j/b20vd3AtY29udGVu/dC91cGxvYWRzLzIw/MjYvbWVkaWEvdGFw/ZXRlY2hfNDB4dHRf/MDEud2VicA,US,0.0,oz,716872536,0,0,0,0.0,0.0,0.0,inches,6.875,,"Drywall Finishing Tools,TapeTech",{},"{""Size / Model"":""2\""""}",,,100,100,0.0
42TT,TapeTech Corner Finisher,"2.5""",399.0,0.0,TapeTech,"",https://thumbnails.veeqo.com/MmNB_VhGQg8GEWUbHs7GUitwhfqOl7K80OBGvd85bEU/rs:fit:1000:1000/aHR0cHM6Ly9kcnl3/YWxsdG9vbGJveC5j/b20vd3AtY29udGVu/dC91cGxvYWRzLzIw/MjYvbWVkaWEvdGFw/ZXRlY2hfNDB4dHRf/MDEud2VicA,US,0.0,oz,716872540,0,0,0,0.0,0.0,0.0,inches,6.875,,"Drywall Finishing Tools,TapeTech",{},"{""Size / Model"":""2.5\""""}",,,71,100,0.0
48TT,TapeTech Corner Finisher,"3"" EasyRoll® Adjustable",429.0,0.0,TapeTech,"",https://thumbnails.veeqo.com/MmNB_VhGQg8GEWUbHs7GUitwhfqOl7K80OBGvd85bEU/rs:fit:1000:1000/aHR0cHM6Ly9kcnl3/YWxsdG9vbGJveC5j/b20vd3AtY29udGVu/dC91cGxvYWRzLzIw/MjYvbWVkaWEvdGFw/ZXRlY2hfNDB4dHRf/MDEud2VicA,US,0.0,oz,716872543,0,0,0,0.0,0.0,0.0,inches,6.875,,"Drywall Finishing Tools,TapeTech",{},"{""Size / Model"":""3\"" EasyRoll® Adjustable""}",,,71,100,0.0
48XTT,TapeTech Corner Finisher,"3.5"" EasyRoll® Adjustable",439.0,0.0,TapeTech,"",https://thumbnails.veeqo.com/MmNB_VhGQg8GEWUbHs7GUitwhfqOl7K80OBGvd85bEU/rs:fit:1000:1000/aHR0cHM6Ly9kcnl3/YWxsdG9vbGJveC5j/b20vd3AtY29udGVu/dC91cGxvYWRzLzIw/MjYvbWVkaWEvdGFw/ZXRlY2hfNDB4dHRf/MDEud2VicA,US,0.0,oz,716872551,0,0,0,0.0,0.0,0.0,inches,6.875,,"Drywall Finishing Tools,TapeTech",{},"{""Size / Model"":""3.5\"" EasyRoll® Adjustable""}",,,100,100,0.0
15TTE,TapeTech Corner Roller,Inside Corner,189.0,0.0,TapeTech,"",https://thumbnails.veeqo.com/Kk_N58RxiTOVMQ_1AYh7_7o5xK2lPyu9cyX0am-C8p0/rs:fit:1000:1000/aHR0cHM6Ly9kcnl3/YWxsdG9vbGJveC5j/b20vd3AtY29udGVu/dC91cGxvYWRzLzIw/MjYvbWVkaWEvdGFw/ZXRlY2hfMTV0dGVf/MDEud2VicA,US,0.0,oz,716872554,0,0,0,0.0,0.0,0.0,inches,6.875,,"Drywall Finishing Tools,TapeTech",{},"{""Model"":""Inside Corner""}",,,71,100,0.0
17TT,TapeTech Corner Roller,Outside Corner,170.0,0.0,TapeTech,"",https://thumbnails.veeqo.com/Kk_N58RxiTOVMQ_1AYh7_7o5xK2lPyu9cyX0am-C8p0/rs:fit:1000:1000/aHR0cHM6Ly9kcnl3/YWxsdG9vbGJveC5j/b20vd3AtY29udGVu/dC91cGxvYWRzLzIw/MjYvbWVkaWEvdGFw/ZXRlY2hfMTV0dGVf/MDEud2VicA,US,0.0,oz,716872561,0,0,0,0.0,0.0,0.0,inches,6.875,,"Drywall Finishing Tools,TapeTech",{},"{""Model"":""Outside Corner""}",,,100,100,0.0
17TTE,TapeTech Corner Roller,Flex Tape Outside Corner,179.0,0.0,TapeTech,"",https://thumbnails.veeqo.com/Kk_N58RxiTOVMQ_1AYh7_7o5xK2lPyu9cyX0am-C8p0/rs:fit:1000:1000/aHR0cHM6Ly9kcnl3/YWxsdG9vbGJveC5j/b20vd3AtY29udGVu/dC91cGxvYWRzLzIw/MjYvbWVkaWEvdGFw/ZXRlY2hfMTV0dGVf/MDEud2VicA,US,0.0,oz,716872564,0,0,0,0.0,0.0,0.0,inches,6.875,,"Drywall Finishing Tools,TapeTech",{},"{""Model"":""Flex Tape Outside Corner""}",,,100,100,0.0
CH55TT,TapeTech Cove Applicator Head,55 mm,99.0,0.0,TapeTech,"",https://thumbnails.veeqo.com/amzXqAaa7Hfm-t3q_P6KjIt5VBqHXJRvhqv9NFYGRH4/rs:fit:1000:1000/aHR0cHM6Ly9kcnl3/YWxsdG9vbGJveC5j/b20vd3AtY29udGVu/dC91cGxvYWRzLzIw/MjYvbWVkaWEvdGFw/ZXRlY2hfY2g1NXR0/XzAxLndlYnA,US,0.0,oz,716872570,0,0,0,0.0,0.0,0.0,inches,6.875,,"Drywall Finishing Tools,TapeTech",{},"{""Size"":""55 mm""}",,,100,100,0.0
CH75TT,TapeTech Cove Applicator Head,75 mm,99.0,0.0,TapeTech,"",https://thumbnails.veeqo.com/amzXqAaa7Hfm-t3q_P6KjIt5VBqHXJRvhqv9NFYGRH4/rs:fit:1000:1000/aHR0cHM6Ly9kcnl3/YWxsdG9vbGJveC5j/b20vd3AtY29udGVu/dC91cGxvYWRzLzIw/MjYvbWVkaWEvdGFw/ZXRlY2hfY2g1NXR0/XzAxLndlYnA,US,0.0,oz,716872574,0,0,0,0.0,0.0,0.0,inches,6.875,,"Drywall Finishing Tools,TapeTech",{},"{""Size"":""75 mm""}",,,100,100,0.0
CH83TT,TapeTech Cove Applicator Head,83 mm,99.0,0.0,TapeTech,"",https://thumbnails.veeqo.com/amzXqAaa7Hfm-t3q_P6KjIt5VBqHXJRvhqv9NFYGRH4/rs:fit:1000:1000/aHR0cHM6Ly9kcnl3/YWxsdG9vbGJveC5j/b20vd3AtY29udGVu/dC91cGxvYWRzLzIw/MjYvbWVkaWEvdGFw/ZXRlY2hfY2g1NXR0/XzAxLndlYnA,US,0.0,oz,716872578,0,0,0,0.0,0.0,0.0,inches,6.875,,"Drywall Finishing Tools,TapeTech",{},"{""Size"":""83 mm""}",,,100,100,0.0
CH90TT,TapeTech Cove Applicator Head,90 mm,99.0,0.0,TapeTech,"",https://thumbnails.veeqo.com/amzXqAaa7Hfm-t3q_P6KjIt5VBqHXJRvhqv9NFYGRH4/rs:fit:1000:1000/aHR0cHM6Ly9kcnl3/YWxsdG9vbGJveC5j/b20vd3AtY29udGVu/dC91cGxvYWRzLzIw/MjYvbWVkaWEvdGFw/ZXRlY2hfY2g1NXR0/XzAxLndlYnA,US,0.0,oz,716872582,0,0,0,0.0,0.0,0.0,inches,6.875,,"Drywall Finishing Tools,TapeTech",{},"{""Size"":""90 mm""}",,,100,100,0.0
CF25TT,TapeTech Direct Corner Flusher,"2.5""",114.0,0.0,TapeTech,"",https://thumbnails.veeqo.com/Purcf52F_QQtPr8QPDEd8xAYEY2seSLimJgoJDnATuM/rs:fit:1000:1000/aHR0cHM6Ly9kcnl3/YWxsdG9vbGJveC5j/b20vd3AtY29udGVu/dC91cGxvYWRzLzIw/MjYvbWVkaWEvdGFw/ZXRlY2hfY2YyNXR0/XzAxLndlYnA,US,0.0,oz,716872587,0,0,0,0.0,0.0,0.0,inches,6.875,,"Drywall Finishing Tools,TapeTech",{},"{""Size"":""2.5\""""}",,,100,100,0.0
NS02WX1HDL,"TapeTech 2"" Nail Spotter with X1 Extension Handle",Standard,1.0,0.0,TapeTech,"",https://thumbnails.veeqo.com/rtA16AUPMyy8Qn6WBG1-SAcZ0y9x_Z-h9RrnU_7dt4s/rs:fit:1000:1000/aHR0cHM6Ly9kcnl3/YWxsdG9vbGJveC5j/b20vd3AtY29udGVu/dC91cGxvYWRzLzIw/MjYvbWVkaWEvdGFw/ZXRlY2hfbnMwMnd4/MWhkbF8wMS53ZWJw,US,0.0,oz,716872758,0,0,0,0.0,0.0,0.0,inches,6.875,,"Drywall Finishing Tools,TapeTech",{},{},,,100,100,0.0
CA07XHTT,TapeTech Angle Box with Extendable XHTT Handle,"7""",494.0,0.0,TapeTech,"",https://thumbnails.veeqo.com/A6cpi-YWdVvlpSWeGgv85qt412DV6X64kA3Ds7nAQqM/rs:fit:1000:1000/aHR0cHM6Ly9kcnl3/YWxsdG9vbGJveC5j/b20vd3AtY29udGVu/dC91cGxvYWRzLzIw/MjYvbWVkaWEvdGFw/ZXRlY2hfY2EwN3ho/dHRfMDEud2VicA,US,0.0,oz,716872762,0,0,0,0.0,0.0,0.0,inches,6.875,,"Drywall Finishing Tools,TapeTech",{},"{""Size"":""7\""""}",,,100,100,0.0
CA08TTXHTT,TapeTech Angle Box with Extendable XHTT Handle,"8""",509.0,0.0,TapeTech,"",https://thumbnails.veeqo.com/A6cpi-YWdVvlpSWeGgv85qt412DV6X64kA3Ds7nAQqM/rs:fit:1000:1000/aHR0cHM6Ly9kcnl3/YWxsdG9vbGJveC5j/b20vd3AtY29udGVu/dC91cGxvYWRzLzIw/MjYvbWVkaWEvdGFw/ZXRlY2hfY2EwN3ho/dHRfMDEud2VicA,US,0.0,oz,716872766,0,0,0,0.0,0.0,0.0,inches,6.875,,"Drywall Finishing Tools,TapeTech",{},"{""Size"":""8\""""}",,,100,100,0.0
ATX01TT,TapeTech Automatic Taper Extension,Standard,399.0,0.0,TapeTech,"",https://thumbnails.veeqo.com/gL-4WGujxzYG3UlClQIiJaXCzH_HQbsRwUPmj-lu0HE/rs:fit:1000:1000/aHR0cHM6Ly9kcnl3/YWxsdG9vbGJveC5j/b20vd3AtY29udGVu/dC91cGxvYWRzLzIw/MjYvbWVkaWEvdGFw/ZXRlY2hfYXR4MDF0/dF8wMy53ZWJw,US,0.0,oz,716872768,0,0,0,0.0,0.0,0.0,inches,6.875,,"Drywall Finishing Tools,TapeTech",{},{},,,88,100,0.0
TTBBS,TapeTech Basic Box Set,Standard,1644.0,0.0,TapeTech,"",https://thumbnails.veeqo.com/DbvUSSQpmS-ZWZDpUAIYo6Juq5N-S3t8ppreVX_TVqk/rs:fit:1000:1000/aHR0cHM6Ly9kcnl3/YWxsdG9vbGJveC5j/b20vd3AtY29udGVu/dC91cGxvYWRzLzIw/MjYvbWVkaWEvdGFw/ZXRlY2hfdHRiYnNf/MDEud2VicA,US,0.0,oz,716872770,0,0,0,0.0,0.0,0.0,inches,6.875,,"Drywall Finishing Tools,TapeTech",{},,,false,42,100,0
TTBTS,TapeTech Basic Taping Set,Standard,2829.0,0.0,TapeTech,"",https://thumbnails.veeqo.com/Xt2Hsp1K1CD24GzXKgHHVzqX8jtN49v47BUWNfYKzEE/rs:fit:1000:1000/aHR0cHM6Ly9kcnl3/YWxsdG9vbGJveC5j/b20vd3AtY29udGVu/dC91cGxvYWRzLzIw/MjYvbWVkaWEvdGFw/ZXRlY2hfdHRidHNf/MDEud2VicA,US,0.0,oz,716872773,0,0,0,0.0,0.0,0.0,inches,6.875,,"Drywall Finishing Tools,TapeTech",{},,,false,-1,100,0
88TTE,TapeTech Box XTender Handle,Standard,378.0,0.0,TapeTech,"",https://thumbnails.veeqo.com/f87RcBJjJBW8DiOpzFZ7rauVRSzHp0n08O6A0g9cHjI/rs:fit:1000:1000/aHR0cHM6Ly9kcnl3/YWxsdG9vbGJveC5j/b20vd3AtY29udGVu/dC91cGxvYWRzLzIw/MjYvbWVkaWEvdGFw/ZXRlY2hfODh0dGVf/MDIud2VicA,US,0.0,oz,716872780,0,0,0,0.0,0.0,0.0,inches,6.875,,"Drywall Finishing Tools,TapeTech",{},{},,,44,100,0.0
CROLLHAN2,TapeTech Compound Roller Support Handle,Standard,24.99,0.0,TapeTech,"",https://thumbnails.veeqo.com/c4oQykftABbXjmCNPDN77esRQTDv8YuiPUe_xouuNZY/rs:fit:1000:1000/aHR0cHM6Ly9kcnl3/YWxsdG9vbGJveC5j/b20vd3AtY29udGVu/dC91cGxvYWRzLzIw/MjYvbWVkaWEvdGFw/ZXRlY2hfY3JvbGxo/YW4yXzAxLndlYnA,US,0.0,oz,716872787,0,0,0,0.0,0.0,0.0,inches,6.875,,"Drywall Finishing Tools,TapeTech",{},{},,,100,100,0.0
CTA01TT,TapeTech Compound Tube Filler Adapter,Standard,19.99,0.0,TapeTech,"",https://thumbnails.veeqo.com/_eILW96sgErV11wfm5P2kbHBKJyxcelUU1aOHyC29eg/rs:fit:1000:1000/aHR0cHM6Ly9kcnl3/YWxsdG9vbGJveC5j/b20vd3AtY29udGVu/dC91cGxvYWRzLzIw/MjYvbWVkaWEvdGFw/ZXRlY2hfY3RhMDF0/dF8wMS53ZWJw,US,48.00080742098902,oz,716872794,0,0,0,0.0,0.0,0.0,inches,6.875,,"Drywall Finishing Tools,TapeTech",{},{},,,100,100,0.0
TTCFS,TapeTech Corner Finishing Set,Standard,1416.0,0.0,TapeTech,"",https://thumbnails.veeqo.com/GfKYfPoX267W0isbsNTaTNIfvJ9f0okAyUWrj4bCYFY/rs:fit:1000:1000/aHR0cHM6Ly9kcnl3/YWxsdG9vbGJveC5j/b20vd3AtY29udGVu/dC91cGxvYWRzLzIw/MjYvbWVkaWEvdGFw/ZXRlY2hfdHRjZnNf/MDEud2VicA,US,0.0,oz,716872797,0,0,0,0.0,0.0,0.0,inches,6.875,,"Drywall Finishing Tools,TapeTech",{},,,false,14,100,0
15TTEWHANDLE,TapeTech Corner Roller with Handle,Standard Handle,1.0,0.0,TapeTech,"",https://thumbnails.veeqo.com/cHb71sUZBS-puINN7ye4P9pPH2Zno-HcqtjVBjkONSQ/rs:fit:1000:1000/aHR0cHM6Ly9kcnl3/YWxsdG9vbGJveC5j/b20vd3AtY29udGVu/dC91cGxvYWRzLzIw/MjYvbWVkaWEvdGFw/ZXRlY2hfMTV0dGV3/aGFuZGxlXzAxLndl/YnA,US,0.0,oz,716872798,0,0,0,0.0,0.0,0.0,inches,6.875,,"Drywall Finishing Tools,TapeTech",{},"{""Handle Type"":""Standard Handle""}",,,100,100,0.0
15TTEXHTT,TapeTech Corner Roller with Handle,Extendable XHTT Handle,368.0,0.0,TapeTech,"",https://thumbnails.veeqo.com/cHb71sUZBS-puINN7ye4P9pPH2Zno-HcqtjVBjkONSQ/rs:fit:1000:1000/aHR0cHM6Ly9kcnl3/YWxsdG9vbGJveC5j/b20vd3AtY29udGVu/dC91cGxvYWRzLzIw/MjYvbWVkaWEvdGFw/ZXRlY2hfMTV0dGV3/aGFuZGxlXzAxLndl/YnA,US,0.0,oz,716872802,0,0,0,0.0,0.0,0.0,inches,6.875,,"Drywall Finishing Tools,TapeTech",{},"{""Handle Type"":""Extendable XHTT Handle""}",,,100,100,0.0
AH3-2,Top Blade,"2""",38.95,0.0,Columbia Tools,"",https://thumbnails.veeqo.com/pTHsRuqK-9WPE6xlCesz5n7SJjFOUxrO5m41xmAdJ_w/rs:fit:1000:1000/aHR0cHM6Ly9kcnl3/YWxsdG9vbGJveC5j/b20vd3AtY29udGVu/dC91cGxvYWRzLzIw/MjYvbWVkaWEvY29s/dW1iaWFfdG9vbHNf/YWgzXzJfMDEud2Vi/cA,US,0.0,oz,716870245,0,0,0,0.0,0.0,0.0,inches,6.875,,"AH3-3,Angle Head,Columbia Tools,Repair Parts",{},"{""Size"":""2\""""}",,,100,100,0.0
AH3-2.5,Top Blade,"2.5""",25.0,0.0,Columbia Tools,"",https://thumbnails.veeqo.com/pTHsRuqK-9WPE6xlCesz5n7SJjFOUxrO5m41xmAdJ_w/rs:fit:1000:1000/aHR0cHM6Ly9kcnl3/YWxsdG9vbGJveC5j/b20vd3AtY29udGVu/dC91cGxvYWRzLzIw/MjYvbWVkaWEvY29s/dW1iaWFfdG9vbHNf/YWgzXzJfMDEud2Vi/cA,US,0.0,oz,716870248,0,0,0,0.0,0.0,0.0,inches,6.875,,"AH3-3,Angle Head,Columbia Tools,Repair Parts",{},"{""Size"":""2.5\""""}",,,100,100,0.0
AH3-3,Top Blade,"3""",44.95,0.0,Columbia Tools,"",https://thumbnails.veeqo.com/pTHsRuqK-9WPE6xlCesz5n7SJjFOUxrO5m41xmAdJ_w/rs:fit:1000:1000/aHR0cHM6Ly9kcnl3/YWxsdG9vbGJveC5j/b20vd3AtY29udGVu/dC91cGxvYWRzLzIw/MjYvbWVkaWEvY29s/dW1iaWFfdG9vbHNf/YWgzXzJfMDEud2Vi/cA,US,0.0,oz,716870251,0,0,0,0.0,0.0,0.0,inches,6.875,,"AH3-3,Angle Head,Columbia Tools,Repair Parts",{},"{""Size"":""3\""""}",,,100,100,0.0
AH3-3.5,Top Blade,"3.5""",25.0,0.0,Columbia Tools,"",https://thumbnails.veeqo.com/pTHsRuqK-9WPE6xlCesz5n7SJjFOUxrO5m41xmAdJ_w/rs:fit:1000:1000/aHR0cHM6Ly9kcnl3/YWxsdG9vbGJveC5j/b20vd3AtY29udGVu/dC91cGxvYWRzLzIw/MjYvbWVkaWEvY29s/dW1iaWFfdG9vbHNf/YWgzXzJfMDEud2Vi/cA,US,0.0,oz,716870254,0,0,0,0.0,0.0,0.0,inches,6.875,,"AH3-3,Angle Head,Columbia Tools,Repair Parts",{},"{""Size"":""3.5\""""}",,,100,100,0.0
CT4,Wafer Bushing,Left,2.0,0.0,Columbia Tools,"",https://thumbnails.veeqo.com/Ke7YQES-_mogDtzauegfD9np5YqMGI6uIViT4PIRawM/rs:fit:1000:1000/aHR0cHM6Ly9kcnl3/YWxsdG9vbGJveC5j/b20vd3AtY29udGVu/dC91cGxvYWRzLzIw/MjYvbWVkaWEvY29s/dW1iaWFfdG9vbHNf/Y3Q0XzAxLndlYnA,US,0.0,oz,716871197,0,0,0,0.0,0.0,0.0,inches,6.875,,"Columbia Tools,Repair Parts,CT4,CT5,Wafer Bushing",{},"{""Side"":""Left""}",,,100,100,0.0
CT5,Wafer Bushing,Right,11.5,0.0,Columbia Tools,"",https://thumbnails.veeqo.com/Ke7YQES-_mogDtzauegfD9np5YqMGI6uIViT4PIRawM/rs:fit:1000:1000/aHR0cHM6Ly9kcnl3/YWxsdG9vbGJveC5j/b20vd3AtY29udGVu/dC91cGxvYWRzLzIw/MjYvbWVkaWEvY29s/dW1iaWFfdG9vbHNf/Y3Q0XzAxLndlYnA,US,0.0,oz,716871203,0,0,0,0.0,0.0,0.0,inches,6.875,,"Columbia Tools,Repair Parts,CT4,CT5,Wafer Bushing",{},"{""Side"":""Right""}",,,100,100,0.0
CT14A,Taper Adjustable Brake,Standard,22.5,0.0,Columbia Tools,"",https://thumbnails.veeqo.com/xDeE7EK15TXAdB9JdKy0y1EpxwDiasXBtrt4eG4HVQE/rs:fit:1000:1000/aHR0cHM6Ly9kcnl3/YWxsdG9vbGJveC5j/b20vd3AtY29udGVu/dC91cGxvYWRzLzIw/MjYvbWVkaWEvY29s/dW1iaWFfdG9vbHNf/Y3QxNGFfMDEud2Vi/cA,US,0.0,oz,716871792,0,0,0,0.0,0.0,0.0,inches,6.875,,"Columbia Tools,Repair Parts,Automatic Taper Head,CT14A",{},{},,,100,100,0.0
FFB32A,Thumb Release Clip Screw,Standard,12.5,0.0,Columbia Tools,"",https://thumbnails.veeqo.com/LlSPhtsUzP6M0AI8oq8g5m3jIEBePRVxD0P82wrX1b8/rs:fit:1000:1000/aHR0cHM6Ly9kcnl3/YWxsdG9vbGJveC5j/b20vd3AtY29udGVu/dC91cGxvYWRzLzIw/MjYvbWVkaWEvY29s/dW1iaWFfdG9vbHNf/ZmZiMzJhXzAxLndl/YnA,US,0.0,oz,716871798,0,0,0,0.0,0.0,0.0,inches,6.875,,"Columbia Tools,Repair Parts,Corner Flusher Box,FFB32A,Flat Finishing Box,Hinged Nailspotter",{},{},,,100,100,0.0
CT53,Toe Kicker,Standard,28.5,0.0,Columbia Tools,"",https://thumbnails.veeqo.com/DJj8vjEGzaDucEwG2WKANnp2TsNXU2K9C4rpghe4lF4/rs:fit:1000:1000/aHR0cHM6Ly9kcnl3/YWxsdG9vbGJveC5j/b20vd3AtY29udGVu/dC91cGxvYWRzLzIw/MjYvbWVkaWEvY29s/dW1iaWFfdG9vbHNf/Y3Q1M18wMS53ZWJw,US,0.0,oz,716871800,0,0,0,0.0,0.0,0.0,inches,6.875,,"Columbia Tools,Repair Parts,Automatic Taper Head,CT53",{},{},,,100,100,0.0
CT92A,Toe Kicker Caple Retainer Clip,Standard,7.95,0.0,Columbia Tools,"",https://thumbnails.veeqo.com/CVFl8Cs4iwg5SH4wSEPV_-Eh1aT5eVMyjMPgCf-gG1E/rs:fit:1000:1000/aHR0cHM6Ly9kcnl3/YWxsdG9vbGJveC5j/b20vd3AtY29udGVu/dC91cGxvYWRzLzIw/MjYvbWVkaWEvY29s/dW1iaWFfdG9vbHNf/Y3Q5MmFfMDEud2Vi/cA,US,0.0,oz,716871803,0,0,0,0.0,0.0,0.0,inches,6.875,,"Columbia Tools,Repair Parts,Automatic Taper Head,CT92A",{},{},,,100,100,0.0
HH10A,Top Cap,Standard,2.0,0.0,Columbia Tools,"",https://thumbnails.veeqo.com/dwx2NRdyQp6vF2yj_Efpj_blv7j0jK2kWos99pwktts/rs:fit:1000:1000/aHR0cHM6Ly9kcnl3/YWxsdG9vbGJveC5j/b20vd3AtY29udGVu/dC91cGxvYWRzLzIw/MjYvbWVkaWEvY29s/dW1iaWFfdG9vbHNf/aGgxMGFfMDEud2Vi/cA,US,0.0,oz,716871806,0,0,0,0.0,0.0,0.0,inches,6.875,,"Columbia Tools,Repair Parts,HH10A,Hydra-Reach Box Handle",{},{},,,100,100,0.0
AH8A,Top Retainer Corner Clip,"3.5"" / All Sizes Post 2014",9.75,0.0,Columbia Tools,"",https://thumbnails.veeqo.com/VD-Qzdy-rw-JQqAXx3bXndXkyCB6yzd0jZJNkbMmCjo/rs:fit:1000:1000/aHR0cHM6Ly9kcnl3/YWxsdG9vbGJveC5j/b20vd3AtY29udGVu/dC91cGxvYWRzLzIw/MjYvbWVkaWEvY29s/dW1iaWFfdG9vbHNf/YWg4YV8wMS53ZWJw,US,0.0,oz,716871811,0,0,0,0.0,0.0,0.0,inches,6.875,,"Angle Head,Columbia Tools,Repair Parts,AH8",{},"{""Model"":""3.5\"" / All Sizes Post 2014""}",,,100,100,0.0
AH8,Top Retainer Corner Clip,Standard,8.0,0.0,Columbia Tools,"",https://thumbnails.veeqo.com/VD-Qzdy-rw-JQqAXx3bXndXkyCB6yzd0jZJNkbMmCjo/rs:fit:1000:1000/aHR0cHM6Ly9kcnl3/YWxsdG9vbGJveC5j/b20vd3AtY29udGVu/dC91cGxvYWRzLzIw/MjYvbWVkaWEvY29s/dW1iaWFfdG9vbHNf/YWg4YV8wMS53ZWJw,US,0.0,oz,716871815,0,0,0,0.0,0.0,0.0,inches,6.875,,"Angle Head,Columbia Tools,Repair Parts,AH8",{},"{""Model"":""Standard""}",,,100,100,0.0
BH5,Upper Mounting Bracket,Standard,18.5,0.0,Columbia Tools,"",https://thumbnails.veeqo.com/9UaeyBdQGfd3ikLp3PKQM45TrUbvb33jlIykVj5VBw0/rs:fit:1000:1000/aHR0cHM6Ly9kcnl3/YWxsdG9vbGJveC5j/b20vd3AtY29udGVu/dC91cGxvYWRzLzIw/MjYvbWVkaWEvY29s/dW1iaWFfdG9vbHNf/Ymg1XzAxLndlYnA,US,0.0,oz,716871818,0,0,0,0.0,0.0,0.0,inches,6.875,,"Columbia Tools,Repair Parts,Hydra-Reach Box Handle,HH2",{},{},,,100,100,0.0
HH2,Upper Mounting Bracket,Standard,66.0,0.0,Columbia Tools,"",https://thumbnails.veeqo.com/9UaeyBdQGfd3ikLp3PKQM45TrUbvb33jlIykVj5VBw0/rs:fit:1000:1000/aHR0cHM6Ly9kcnl3/YWxsdG9vbGJveC5j/b20vd3AtY29udGVu/dC91cGxvYWRzLzIw/MjYvbWVkaWEvY29s/dW1iaWFfdG9vbHNf/Ymg1XzAxLndlYnA,US,0.0,oz,716871821,0,0,0,0.0,0.0,0.0,inches,6.875,,"Columbia Tools,Repair Parts,Hydra-Reach Box Handle,HH2",{},{},,,100,100,0.0
HNS20,Wedge,Standard,22.5,0.0,Columbia Tools,"",https://thumbnails.veeqo.com/L8cW3pHnB5_TyYXfiJeyCIqdBs2C0xR-9K4IxpLF0lI/rs:fit:1000:1000/aHR0cHM6Ly9kcnl3/YWxsdG9vbGJveC5j/b20vd3AtY29udGVu/dC91cGxvYWRzLzIw/MjYvbWVkaWEvY29s/dW1iaWFfdG9vbHNf/aG5zMjBfMDEud2Vi/cA,US,0.0,oz,716871823,0,0,0,0.0,0.0,0.0,inches,6.875,,"Columbia Tools,Repair Parts,Hinged Nailspotter,HNS20",{},{},,,100,100,0.0
CF30TT,TapeTech Direct Corner Flusher,"3""",119.0,0.0,TapeTech,"",https://thumbnails.veeqo.com/Purcf52F_QQtPr8QPDEd8xAYEY2seSLimJgoJDnATuM/rs:fit:1000:1000/aHR0cHM6Ly9kcnl3/YWxsdG9vbGJveC5j/b20vd3AtY29udGVu/dC91cGxvYWRzLzIw/MjYvbWVkaWEvdGFw/ZXRlY2hfY2YyNXR0/XzAxLndlYnA,US,0.0,oz,716872592,0,0,0,0.0,0.0,0.0,inches,6.875,,"Drywall Finishing Tools,TapeTech",{},"{""Size"":""3\""""}",,,100,100,0.0
CF35TT,TapeTech Direct Corner Flusher,"3.5""",125.0,0.0,TapeTech,"",https://thumbnails.veeqo.com/Purcf52F_QQtPr8QPDEd8xAYEY2seSLimJgoJDnATuM/rs:fit:1000:1000/aHR0cHM6Ly9kcnl3/YWxsdG9vbGJveC5j/b20vd3AtY29udGVu/dC91cGxvYWRzLzIw/MjYvbWVkaWEvdGFw/ZXRlY2hfY2YyNXR0/XzAxLndlYnA,US,0.0,oz,716872598,0,0,0,0.0,0.0,0.0,inches,6.875,,"Drywall Finishing Tools,TapeTech",{},"{""Size"":""3.5\""""}",,,100,100,0.0
CF40TT,TapeTech Direct Corner Flusher,"4""",129.0,0.0,TapeTech,"",https://thumbnails.veeqo.com/Purcf52F_QQtPr8QPDEd8xAYEY2seSLimJgoJDnATuM/rs:fit:1000:1000/aHR0cHM6Ly9kcnl3/YWxsdG9vbGJveC5j/b20vd3AtY29udGVu/dC91cGxvYWRzLzIw/MjYvbWVkaWEvdGFw/ZXRlY2hfY2YyNXR0/XzAxLndlYnA,US,0.0,oz,716872601,0,0,0,0.0,0.0,0.0,inches,6.875,,"Drywall Finishing Tools,TapeTech",{},"{""Size"":""4\""""}",,,100,100,0.0
03TT,TapeTech EasyClean® Automatic Taper,"Mini-Taper 40.5""",1775.0,0.0,TapeTech,"",https://thumbnails.veeqo.com/5RdyaXA01m0s1K73-PKwTFUflUyNAWYo-cVJJ7KsJfg/rs:fit:1000:1000/aHR0cHM6Ly9kcnl3/YWxsdG9vbGJveC5j/b20vd3AtY29udGVu/dC91cGxvYWRzLzIw/MjYvbWVkaWEvdGFw/ZXRlY2hfMDN0dF8w/MS53ZWJw,US,0.0,oz,716872607,0,0,0,0.0,0.0,0.0,inches,6.875,,"Drywall Finishing Tools,TapeTech",{},"{""Model"":""Mini-Taper 40.5\""""}",,,100,100,0.0
07TT,TapeTech EasyClean® Automatic Taper,Standard,1599.0,0.0,TapeTech,"",https://thumbnails.veeqo.com/5RdyaXA01m0s1K73-PKwTFUflUyNAWYo-cVJJ7KsJfg/rs:fit:1000:1000/aHR0cHM6Ly9kcnl3/YWxsdG9vbGJveC5j/b20vd3AtY29udGVu/dC91cGxvYWRzLzIw/MjYvbWVkaWEvdGFw/ZXRlY2hfMDN0dF8w/MS53ZWJw,US,0.0,oz,716872613,0,0,0,0.0,0.0,0.0,inches,6.875,,"Drywall Finishing Tools,TapeTech",{},"{""Model"":""Standard""}",,,-1,100,0.0
07TT-C,TapeTech EasyClean® Automatic Taper,Carbon Fiber,1780.0,0.0,TapeTech,"",https://thumbnails.veeqo.com/5RdyaXA01m0s1K73-PKwTFUflUyNAWYo-cVJJ7KsJfg/rs:fit:1000:1000/aHR0cHM6Ly9kcnl3/YWxsdG9vbGJveC5j/b20vd3AtY29udGVu/dC91cGxvYWRzLzIw/MjYvbWVkaWEvdGFw/ZXRlY2hfMDN0dF8w/MS53ZWJw,US,0.0,oz,716872617,0,0,0,0.0,0.0,0.0,inches,6.875,,"Drywall Finishing Tools,TapeTech",{},"{""Model"":""Carbon Fiber""}",,,100,100,0.0
EZ07TT,TapeTech EasyClean® Finishing Box,"7""",379.0,0.0,TapeTech,"",https://thumbnails.veeqo.com/6gCgfSNRIF0H6ZO5dBWhyM9CtSoCMTShtDqZY5VfXxA/rs:fit:1000:1000/aHR0cHM6Ly9kcnl3/YWxsdG9vbGJveC5j/b20vd3AtY29udGVu/dC91cGxvYWRzLzIw/MjYvbWVkaWEvdGFw/ZXRlY2hfZXowN3R0/XzAxLndlYnA,US,0.0,oz,716872623,0,0,0,0.0,0.0,0.0,inches,6.875,,"Drywall Finishing Tools,TapeTech",{},"{""Size"":""7\""""}",,,100,100,0.0
EZ10TT,TapeTech EasyClean® Finishing Box,"10""",389.0,0.0,TapeTech,"",https://thumbnails.veeqo.com/6gCgfSNRIF0H6ZO5dBWhyM9CtSoCMTShtDqZY5VfXxA/rs:fit:1000:1000/aHR0cHM6Ly9kcnl3/YWxsdG9vbGJveC5j/b20vd3AtY29udGVu/dC91cGxvYWRzLzIw/MjYvbWVkaWEvdGFw/ZXRlY2hfZXowN3R0/XzAxLndlYnA,US,0.0,oz,716872627,0,0,0,0.0,0.0,0.0,inches,6.875,,"Drywall Finishing Tools,TapeTech",{},"{""Size"":""10\""""}",,,98,100,0.0
EZ12TT,TapeTech EasyClean® Finishing Box,"12""",399.0,0.0,TapeTech,"",https://thumbnails.veeqo.com/6gCgfSNRIF0H6ZO5dBWhyM9CtSoCMTShtDqZY5VfXxA/rs:fit:1000:1000/aHR0cHM6Ly9kcnl3/YWxsdG9vbGJveC5j/b20vd3AtY29udGVu/dC91cGxvYWRzLzIw/MjYvbWVkaWEvdGFw/ZXRlY2hfZXowN3R0/XzAxLndlYnA,US,0.0,oz,716872632,0,0,0,0.0,0.0,0.0,inches,6.875,,"Drywall Finishing Tools,TapeTech",{},"{""Size"":""12\""""}",,,98,100,0.0
EZ15TT,TapeTech EasyClean® Finishing Box,"15""",429.0,0.0,TapeTech,"",https://thumbnails.veeqo.com/6gCgfSNRIF0H6ZO5dBWhyM9CtSoCMTShtDqZY5VfXxA/rs:fit:1000:1000/aHR0cHM6Ly9kcnl3/YWxsdG9vbGJveC5j/b20vd3AtY29udGVu/dC91cGxvYWRzLzIw/MjYvbWVkaWEvdGFw/ZXRlY2hfZXowN3R0/XzAxLndlYnA,US,0.0,oz,716872634,0,0,0,0.0,0.0,0.0,inches,6.875,,"Drywall Finishing Tools,TapeTech",{},"{""Size"":""15\""""}",,,100,100,0.0
NS02FHTT,TapeTech EasyClean® Nail Spotter with Fiberglass Handle,"2""",337.0,0.0,TapeTech,"",https://thumbnails.veeqo.com/z0AtdGh9_WU1zze1NS9dC5MQ8BNVn22besM2IpmWBcY/rs:fit:1000:1000/aHR0cHM6Ly9kcnl3/YWxsdG9vbGJveC5j/b20vd3AtY29udGVu/dC91cGxvYWRzLzIw/MjYvbWVkaWEvdGFw/ZXRlY2hfbnMwMmZo/dHRfMDEud2VicA,US,0.0,oz,716872636,0,0,0,0.0,0.0,0.0,inches,6.875,,"Drywall Finishing Tools,TapeTech",{},"{""Size"":""2\""""}",,,100,100,0.0
NS03FHTT,TapeTech EasyClean® Nail Spotter with Fiberglass Handle,"3""",348.0,0.0,TapeTech,"",https://thumbnails.veeqo.com/z0AtdGh9_WU1zze1NS9dC5MQ8BNVn22besM2IpmWBcY/rs:fit:1000:1000/aHR0cHM6Ly9kcnl3/YWxsdG9vbGJveC5j/b20vd3AtY29udGVu/dC91cGxvYWRzLzIw/MjYvbWVkaWEvdGFw/ZXRlY2hfbnMwMmZo/dHRfMDEud2VicA,US,0.0,oz,716872638,0,0,0,0.0,0.0,0.0,inches,6.875,,"Drywall Finishing Tools,TapeTech",{},"{""Size"":""3\""""}",,,100,100,0.0
76TT,TapeTech EasyClean® Pump,Standard,399.0,0.0,TapeTech,"",https://thumbnails.veeqo.com/4PE2Pd0RvFEcv9RqfS88dmNjthnBM0pA5kEo-bSvo4M/rs:fit:1000:1000/aHR0cHM6Ly9kcnl3/YWxsdG9vbGJveC5j/b20vd3AtY29udGVu/dC91cGxvYWRzLzIw/MjYvbWVkaWEvdGFw/ZXRlY2hfNzZ0dF8w/MS53ZWJw,US,0.0,oz,716872645,0,0,0,0.0,0.0,0.0,inches,6.875,,"Drywall Finishing Tools,TapeTech",{},"{""Model"":""Standard""}",,,42,100,0.0
76TT-CA,TapeTech EasyClean® Pump,Canada,409.0,0.0,TapeTech,"",https://thumbnails.veeqo.com/4PE2Pd0RvFEcv9RqfS88dmNjthnBM0pA5kEo-bSvo4M/rs:fit:1000:1000/aHR0cHM6Ly9kcnl3/YWxsdG9vbGJveC5j/b20vd3AtY29udGVu/dC91cGxvYWRzLzIw/MjYvbWVkaWEvdGFw/ZXRlY2hfNzZ0dF8w/MS53ZWJw,US,0.0,oz,716872653,0,0,0,0.0,0.0,0.0,inches,6.875,,"Drywall Finishing Tools,TapeTech",{},"{""Model"":""Canada""}",,,100,100,0.0
76XLTT,TapeTech EasyClean® Pump,Extra Long,659.0,0.0,TapeTech,"",https://thumbnails.veeqo.com/4PE2Pd0RvFEcv9RqfS88dmNjthnBM0pA5kEo-bSvo4M/rs:fit:1000:1000/aHR0cHM6Ly9kcnl3/YWxsdG9vbGJveC5j/b20vd3AtY29udGVu/dC91cGxvYWRzLzIw/MjYvbWVkaWEvdGFw/ZXRlY2hfNzZ0dF8w/MS53ZWJw,US,0.0,oz,716872659,0,0,0,0.0,0.0,0.0,inches,6.875,,"Drywall Finishing Tools,TapeTech",{},"{""Model"":""Extra Long""}",,,100,100,0.0
8134TT,TapeTech EasyFinish™ Box Handle,"34""",259.0,0.0,TapeTech,"",https://thumbnails.veeqo.com/J4N0kjskcnLRwwCxijnnjTidoyXmCo0pwc6svr9KpDo/rs:fit:1000:1000/aHR0cHM6Ly9kcnl3/YWxsdG9vbGJveC5j/b20vd3AtY29udGVu/dC91cGxvYWRzLzIw/MjYvbWVkaWEvdGFw/ZXRlY2hfODEzNHR0/XzAxLndlYnA,US,0.0,oz,716872662,0,0,0,0.0,0.0,0.0,inches,6.875,,"Drywall Finishing Tools,TapeTech",{},"{""Length"":""34\""""}",,,100,100,0.0
8142TT,TapeTech EasyFinish™ Box Handle,"42""",269.0,0.0,TapeTech,"",https://thumbnails.veeqo.com/J4N0kjskcnLRwwCxijnnjTidoyXmCo0pwc6svr9KpDo/rs:fit:1000:1000/aHR0cHM6Ly9kcnl3/YWxsdG9vbGJveC5j/b20vd3AtY29udGVu/dC91cGxvYWRzLzIw/MjYvbWVkaWEvdGFw/ZXRlY2hfODEzNHR0/XzAxLndlYnA,US,0.0,oz,716872665,0,0,0,0.0,0.0,0.0,inches,6.875,,"Drywall Finishing Tools,TapeTech",{},"{""Length"":""42\""""}",,,100,100,0.0
8154TT,TapeTech EasyFinish™ Box Handle,"54""",279.0,0.0,TapeTech,"",https://thumbnails.veeqo.com/J4N0kjskcnLRwwCxijnnjTidoyXmCo0pwc6svr9KpDo/rs:fit:1000:1000/aHR0cHM6Ly9kcnl3/YWxsdG9vbGJveC5j/b20vd3AtY29udGVu/dC91cGxvYWRzLzIw/MjYvbWVkaWEvdGFw/ZXRlY2hfODEzNHR0/XzAxLndlYnA,US,0.0,oz,716872669,0,0,0,0.0,0.0,0.0,inches,6.875,,"Drywall Finishing Tools,TapeTech",{},"{""Length"":""54\""""}",,,100,100,0.0
8172TT,TapeTech EasyFinish™ Box Handle,"72""",289.0,0.0,TapeTech,"",https://thumbnails.veeqo.com/J4N0kjskcnLRwwCxijnnjTidoyXmCo0pwc6svr9KpDo/rs:fit:1000:1000/aHR0cHM6Ly9kcnl3/YWxsdG9vbGJveC5j/b20vd3AtY29udGVu/dC91cGxvYWRzLzIw/MjYvbWVkaWEvdGFw/ZXRlY2hfODEzNHR0/XzAxLndlYnA,US,0.0,oz,716872671,0,0,0,0.0,0.0,0.0,inches,6.875,,"Drywall Finishing Tools,TapeTech",{},"{""Length"":""72\""""}",,,100,100,0.0
8034TT,TapeTech Flat Box Handle,"34""",229.0,0.0,TapeTech,"",https://thumbnails.veeqo.com/R70mTYiez09LW-Ubt9iBOGG2l8hkLVSrP59hdlw8Y58/rs:fit:1000:1000/aHR0cHM6Ly9kcnl3/YWxsdG9vbGJveC5j/b20vd3AtY29udGVu/dC91cGxvYWRzLzIw/MjYvbWVkaWEvdGFw/ZXRlY2hfODAzNHR0/XzAyLndlYnA,US,0.0,oz,716872676,0,0,0,0.0,0.0,0.0,inches,6.875,,"Drywall Finishing Tools,TapeTech",{},"{""Length"":""34\""""}",,,100,100,0.0
8042TT,TapeTech Flat Box Handle,"42""",234.0,0.0,TapeTech,"",https://thumbnails.veeqo.com/R70mTYiez09LW-Ubt9iBOGG2l8hkLVSrP59hdlw8Y58/rs:fit:1000:1000/aHR0cHM6Ly9kcnl3/YWxsdG9vbGJveC5j/b20vd3AtY29udGVu/dC91cGxvYWRzLzIw/MjYvbWVkaWEvdGFw/ZXRlY2hfODAzNHR0/XzAyLndlYnA,US,0.0,oz,716872680,0,0,0,0.0,0.0,0.0,inches,6.875,,"Drywall Finishing Tools,TapeTech",{},"{""Length"":""42\""""}",,,99,100,0.0
8054TT,TapeTech Flat Box Handle,"54""",239.0,0.0,TapeTech,"",https://thumbnails.veeqo.com/R70mTYiez09LW-Ubt9iBOGG2l8hkLVSrP59hdlw8Y58/rs:fit:1000:1000/aHR0cHM6Ly9kcnl3/YWxsdG9vbGJveC5j/b20vd3AtY29udGVu/dC91cGxvYWRzLzIw/MjYvbWVkaWEvdGFw/ZXRlY2hfODAzNHR0/XzAyLndlYnA,US,0.0,oz,716872687,0,0,0,0.0,0.0,0.0,inches,6.875,,"Drywall Finishing Tools,TapeTech",{},"{""Length"":""54\""""}",,,100,100,0.0
8072TT,TapeTech Flat Box Handle,"72""",249.0,0.0,TapeTech,"",https://thumbnails.veeqo.com/R70mTYiez09LW-Ubt9iBOGG2l8hkLVSrP59hdlw8Y58/rs:fit:1000:1000/aHR0cHM6Ly9kcnl3/YWxsdG9vbGJveC5j/b20vd3AtY29udGVu/dC91cGxvYWRzLzIw/MjYvbWVkaWEvdGFw/ZXRlY2hfODAzNHR0/XzAyLndlYnA,US,0.0,oz,716872690,0,0,0,0.0,0.0,0.0,inches,6.875,,"Drywall Finishing Tools,TapeTech",{},"{""Length"":""72\""""}",,,100,100,0.0
85T,TapeTech Gooseneck,Standard,105.0,0.0,TapeTech,"",https://thumbnails.veeqo.com/bVb2PPlBXg664m9Bh_GDHY4fK0YwC0MGuQhRZtSXdi4/rs:fit:1000:1000/aHR0cHM6Ly9kcnl3/YWxsdG9vbGJveC5j/b20vd3AtY29udGVu/dC91cGxvYWRzLzIw/MjYvbWVkaWEvdGFw/ZXRlY2hfODV0XzAx/LndlYnA,US,0.0,oz,716872694,0,0,0,0.0,0.0,0.0,inches,6.875,,"Drywall Finishing Tools,TapeTech",{},"{""Model"":""Standard""}",,,71,100,0.0
85XLTT,TapeTech Gooseneck,Extra Long,199.0,0.0,TapeTech,"",https://thumbnails.veeqo.com/bVb2PPlBXg664m9Bh_GDHY4fK0YwC0MGuQhRZtSXdi4/rs:fit:1000:1000/aHR0cHM6Ly9kcnl3/YWxsdG9vbGJveC5j/b20vd3AtY29udGVu/dC91cGxvYWRzLzIw/MjYvbWVkaWEvdGFw/ZXRlY2hfODV0XzAx/LndlYnA,US,0.0,oz,716872698,0,0,0,0.0,0.0,0.0,inches,6.875,,"Drywall Finishing Tools,TapeTech",{},"{""Model"":""Extra Long""}",,,100,100,0.0
EHC07,TapeTech MaxxBox® High Capacity Finishing Box,"7""",419.0,0.0,TapeTech,"",https://thumbnails.veeqo.com/M85TDbI9cscibrG7zAGslOxZk001SVF38WPmcjrzaL8/rs:fit:1000:1000/aHR0cHM6Ly9kcnl3/YWxsdG9vbGJveC5j/b20vd3AtY29udGVu/dC91cGxvYWRzLzIw/MjYvbWVkaWEvdGFw/ZXRlY2hfZWhjMDdf/MDEud2VicA,US,0.0,oz,716872700,0,0,0,0.0,0.0,0.0,inches,6.875,,"Drywall Finishing Tools,TapeTech",{},"{""Size"":""7\""""}",,,100,100,0.0
EHC10,TapeTech MaxxBox® High Capacity Finishing Box,"10""",419.0,0.0,TapeTech,"",https://thumbnails.veeqo.com/M85TDbI9cscibrG7zAGslOxZk001SVF38WPmcjrzaL8/rs:fit:1000:1000/aHR0cHM6Ly9kcnl3/YWxsdG9vbGJveC5j/b20vd3AtY29udGVu/dC91cGxvYWRzLzIw/MjYvbWVkaWEvdGFw/ZXRlY2hfZWhjMDdf/MDEud2VicA,US,0.0,oz,716872703,0,0,0,0.0,0.0,0.0,inches,6.875,,"Drywall Finishing Tools,TapeTech",{},"{""Size"":""10\""""}",,,100,100,0.0
EHC12,TapeTech MaxxBox® High Capacity Finishing Box,"12""",444.0,0.0,TapeTech,"",https://thumbnails.veeqo.com/M85TDbI9cscibrG7zAGslOxZk001SVF38WPmcjrzaL8/rs:fit:1000:1000/aHR0cHM6Ly9kcnl3/YWxsdG9vbGJveC5j/b20vd3AtY29udGVu/dC91cGxvYWRzLzIw/MjYvbWVkaWEvdGFw/ZXRlY2hfZWhjMDdf/MDEud2VicA,US,0.0,oz,716872704,0,0,0,0.0,0.0,0.0,inches,6.875,,"Drywall Finishing Tools,TapeTech",{},"{""Size"":""12\""""}",,,100,100,0.0
NS02TT,TapeTech Nail Spotter,"2""",278.0,0.0,TapeTech,"",https://thumbnails.veeqo.com/0JJ0i_BWN1YBpWCw1ZHs0vgXR-TXXivgeYJ-d9h-24Y/rs:fit:1000:1000/aHR0cHM6Ly9kcnl3/YWxsdG9vbGJveC5j/b20vd3AtY29udGVu/dC91cGxvYWRzLzIw/MjYvbWVkaWEvdGFw/ZXRlY2hfbnMwMnR0/XzAxLndlYnA,US,0.0,oz,716872706,0,0,0,0.0,0.0,0.0,inches,6.875,,"Drywall Finishing Tools,TapeTech",{},"{""Size"":""2\""""}",,,72,100,0.0
NS03TT,TapeTech Nail Spotter,"3""",289.0,0.0,TapeTech,"",https://thumbnails.veeqo.com/0JJ0i_BWN1YBpWCw1ZHs0vgXR-TXXivgeYJ-d9h-24Y/rs:fit:1000:1000/aHR0cHM6Ly9kcnl3/YWxsdG9vbGJveC5j/b20vd3AtY29udGVu/dC91cGxvYWRzLzIw/MjYvbWVkaWEvdGFw/ZXRlY2hfbnMwMnR0/XzAxLndlYnA,US,0.0,oz,716872708,0,0,0,0.0,0.0,0.0,inches,6.875,,"Drywall Finishing Tools,TapeTech",{},"{""Size"":""3\""""}",,,72,100,0.0
PAHC07,TapeTech Power Assist® MaxxBox® Finishing Box,"7""",459.0,0.0,TapeTech,"",https://thumbnails.veeqo.com/9WZ82FBW5mI2yseyDDGA-zfE-WSkoQ_FwjtOh4V8kmo/rs:fit:1000:1000/aHR0cHM6Ly9kcnl3/YWxsdG9vbGJveC5j/b20vd3AtY29udGVu/dC91cGxvYWRzLzIw/MjYvbWVkaWEvdGFw/ZXRlY2hfcGFoYzA3/XzAxLndlYnA,US,0.0,oz,716872711,0,0,0,0.0,0.0,0.0,inches,6.875,,"Drywall Finishing Tools,TapeTech",{},"{""Size"":""7\""""}",,,100,100,0.0
PAHC10,TapeTech Power Assist® MaxxBox® Finishing Box,"10""",469.0,0.0,TapeTech,"",https://thumbnails.veeqo.com/9WZ82FBW5mI2yseyDDGA-zfE-WSkoQ_FwjtOh4V8kmo/rs:fit:1000:1000/aHR0cHM6Ly9kcnl3/YWxsdG9vbGJveC5j/b20vd3AtY29udGVu/dC91cGxvYWRzLzIw/MjYvbWVkaWEvdGFw/ZXRlY2hfcGFoYzA3/XzAxLndlYnA,US,0.0,oz,716872714,0,0,0,0.0,0.0,0.0,inches,6.875,,"Drywall Finishing Tools,TapeTech",{},"{""Size"":""10\""""}",,,73,100,0.0
PAHC12,TapeTech Power Assist® MaxxBox® Finishing Box,"12""",479.0,0.0,TapeTech,"",https://thumbnails.veeqo.com/9WZ82FBW5mI2yseyDDGA-zfE-WSkoQ_FwjtOh4V8kmo/rs:fit:1000:1000/aHR0cHM6Ly9kcnl3/YWxsdG9vbGJveC5j/b20vd3AtY29udGVu/dC91cGxvYWRzLzIw/MjYvbWVkaWEvdGFw/ZXRlY2hfcGFoYzA3/XzAxLndlYnA,US,0.0,oz,716872719,0,0,0,0.0,0.0,0.0,inches,6.875,,"Drywall Finishing Tools,TapeTech",{},"{""Size"":""12\""""}",,,73,100,0.0
QB06-QSX,TapeTech QuickBox® QSX Finishing Box,"6.5""",149.0,0.0,TapeTech,"",https://thumbnails.veeqo.com/RbkI0ILhoxYD5lHbf8A7x5gwcMnvt3H3drvv6mgrGu8/rs:fit:1000:1000/aHR0cHM6Ly9kcnl3/YWxsdG9vbGJveC5j/b20vd3AtY29udGVu/dC91cGxvYWRzLzIw/MjYvbWVkaWEvdGFw/ZXRlY2hfcWIwNnFz/eF8wMS53ZWJw,US,0.0,oz,716872721,0,0,0,0.0,0.0,0.0,inches,6.875,,"Drywall Finishing Tools,TapeTech",{},"{""Size"":""6.5\""""}",,,100,100,0.0
QB08-QSX,TapeTech QuickBox® QSX Finishing Box,"8.5""",174.0,0.0,TapeTech,"",https://thumbnails.veeqo.com/RbkI0ILhoxYD5lHbf8A7x5gwcMnvt3H3drvv6mgrGu8/rs:fit:1000:1000/aHR0cHM6Ly9kcnl3/YWxsdG9vbGJveC5j/b20vd3AtY29udGVu/dC91cGxvYWRzLzIw/MjYvbWVkaWEvdGFw/ZXRlY2hfcWIwNnFz/eF8wMS53ZWJw,US,0.0,oz,716872722,0,0,0,0.0,0.0,0.0,inches,6.875,,"Drywall Finishing Tools,TapeTech",{},"{""Size"":""8.5\""""}",,,100,100,0.0
TTSFS,TapeTech Standard Full Set - Standard,Standard,4958.0,0.0,TapeTech,"",https://thumbnails.veeqo.com/up09NxVjJZXwQGsBQ-8SLy8qhzyJh9DPaR3ZdQmXVg0/rs:fit:1000:1000/aHR0cHM6Ly9kcnl3/YWxsdG9vbGJveC5j/b20vd3AtY29udGVu/dC91cGxvYWRzLzIw/MjYvbWVkaWEvdGFw/ZXRlY2hfdHRzZnNf/MDEud2VicA,US,0.0,oz,716872723,0,0,0,0.0,0.0,0.0,inches,6.875,,"Drywall Finishing Tools,TapeTech",{},,,false,-1,50,0
TTSFS-2,TapeTech Standard Full Set - With 2 Pumps,Standard,5357.0,0.0,TapeTech,"",https://thumbnails.veeqo.com/uMe1WgEzkneGqarC-eAjDyTkKBRrlYviM6kU2FLU3R4/rs:fit:1000:1000/aHR0cHM6Ly9kcnl3/YWxsdG9vbGJveC5j/b20vd3AtY29udGVu/dC91cGxvYWRzLzIw/MjYvbWVkaWEvdGFw/ZXRlY2hfdHRzZnMy/XzAxLndlYnA,US,0.0,oz,716872725,0,0,0,0.0,0.0,0.0,inches,6.875,,"Drywall Finishing Tools,TapeTech",{},,,false,-1,50,0
FHTT,TapeTech Support Handle,Fiberglass,59.0,0.0,TapeTech,"",https://thumbnails.veeqo.com/j-ZPbzoBMUEe4vP5n5b_lXGbBWb6FjdvoY8SorThOpY/rs:fit:1000:1000/aHR0cHM6Ly9kcnl3/YWxsdG9vbGJveC5j/b20vd3AtY29udGVu/dC91cGxvYWRzLzIw/MjYvbWVkaWEvdGFw/ZXRlY2hfZmh0dF8w/MS53ZWJw,US,0.0,oz,716872726,0,0,0,0.0,0.0,0.0,inches,6.875,,"Drywall Finishing Tools,TapeTech",{},"{""Model"":""Fiberglass""}",,,100,100,0.0
FHTT-CC,TapeTech Support Handle,Closet Crusher Fiberglass,50.0,0.0,TapeTech,"",https://thumbnails.veeqo.com/j-ZPbzoBMUEe4vP5n5b_lXGbBWb6FjdvoY8SorThOpY/rs:fit:1000:1000/aHR0cHM6Ly9kcnl3/YWxsdG9vbGJveC5j/b20vd3AtY29udGVu/dC91cGxvYWRzLzIw/MjYvbWVkaWEvdGFw/ZXRlY2hfZmh0dF8w/MS53ZWJw,US,0.0,oz,716872730,0,0,0,0.0,0.0,0.0,inches,6.875,,"Drywall Finishing Tools,TapeTech",{},"{""Model"":""Closet Crusher Fiberglass""}",,,100,100,0.0
XHTT,TapeTech Support Handle,Extension,179.0,0.0,TapeTech,"",https://thumbnails.veeqo.com/j-ZPbzoBMUEe4vP5n5b_lXGbBWb6FjdvoY8SorThOpY/rs:fit:1000:1000/aHR0cHM6Ly9kcnl3/YWxsdG9vbGJveC5j/b20vd3AtY29udGVu/dC91cGxvYWRzLzIw/MjYvbWVkaWEvdGFw/ZXRlY2hfZmh0dF8w/MS53ZWJw,US,0.0,oz,716872733,0,0,0,0.0,0.0,0.0,inches,6.875,,"Drywall Finishing Tools,TapeTech",{},"{""Model"":""Extension""}",,,14,100,0.0
CAA-TT,TapeTech Support Handle Adapter,Corner Applicator,45.0,0.0,TapeTech,"",https://thumbnails.veeqo.com/XGo79e5mamhaTRg_y_SYgVsEj5vLq1B7Bi-4qiuOcyc/rs:fit:1000:1000/aHR0cHM6Ly9kcnl3/YWxsdG9vbGJveC5j/b20vd3AtY29udGVu/dC91cGxvYWRzLzIw/MjYvbWVkaWEvdGFw/ZXRlY2hfY2FhdHRf/MDEud2VicA,US,0.0,oz,716872737,0,0,0,0.0,0.0,0.0,inches,6.875,,"Drywall Finishing Tools,TapeTech",{},"{""Adapter Type"":""Corner Applicator""}",,,100,100,0.0
CFA-TT,TapeTech Support Handle Adapter,Corner Finisher,49.0,0.0,TapeTech,"",https://thumbnails.veeqo.com/XGo79e5mamhaTRg_y_SYgVsEj5vLq1B7Bi-4qiuOcyc/rs:fit:1000:1000/aHR0cHM6Ly9kcnl3/YWxsdG9vbGJveC5j/b20vd3AtY29udGVu/dC91cGxvYWRzLzIw/MjYvbWVkaWEvdGFw/ZXRlY2hfY2FhdHRf/MDEud2VicA,US,0.0,oz,716872739,0,0,0,0.0,0.0,0.0,inches,6.875,,"Drywall Finishing Tools,TapeTech",{},"{""Adapter Type"":""Corner Finisher""}",,,71,100,0.0
NSA-TT,TapeTech Support Handle Adapter,Nail Spotter,40.0,0.0,TapeTech,"",https://thumbnails.veeqo.com/XGo79e5mamhaTRg_y_SYgVsEj5vLq1B7Bi-4qiuOcyc/rs:fit:1000:1000/aHR0cHM6Ly9kcnl3/YWxsdG9vbGJveC5j/b20vd3AtY29udGVu/dC91cGxvYWRzLzIw/MjYvbWVkaWEvdGFw/ZXRlY2hfY2FhdHRf/MDEud2VicA,US,0.0,oz,716872745,0,0,0,0.0,0.0,0.0,inches,6.875,,"Drywall Finishing Tools,TapeTech",{},"{""Adapter Type"":""Nail Spotter""}",,,100,100,0.0
8000TT,TapeTech Wizard® Compact Finishing Box Handle,Standard,109.0,0.0,TapeTech,"",https://thumbnails.veeqo.com/SUHzRrfC7ux6wEXE7-8OpyLIWRAyK9WJkudY5qzYxok/rs:fit:1000:1000/aHR0cHM6Ly9kcnl3/YWxsdG9vbGJveC5j/b20vd3AtY29udGVu/dC91cGxvYWRzLzIw/MjYvbWVkaWEvdGFw/ZXRlY2hfODAwMHR0/XzAxLndlYnA,US,0.0,oz,716872748,0,0,0,0.0,0.0,0.0,inches,6.875,,"Drywall Finishing Tools,TapeTech",{},"{""Model"":""Standard""}",,,100,100,0.0
8000TT-PA,TapeTech Wizard® Compact Finishing Box Handle,Power Assist,109.0,0.0,TapeTech,"",https://thumbnails.veeqo.com/SUHzRrfC7ux6wEXE7-8OpyLIWRAyK9WJkudY5qzYxok/rs:fit:1000:1000/aHR0cHM6Ly9kcnl3/YWxsdG9vbGJveC5j/b20vd3AtY29udGVu/dC91cGxvYWRzLzIw/MjYvbWVkaWEvdGFw/ZXRlY2hfODAwMHR0/XzAxLndlYnA,US,0.0,oz,716872753,0,0,0,0.0,0.0,0.0,inches,6.875,,"Drywall Finishing Tools,TapeTech",{},"{""Model"":""Power Assist""}",,,100,100,0.0
TTFINISH7/10,TapeTech Drywall Finishing Set - 7 in. & 10 in. Boxes,Standard,2654.0,0.0,TapeTech,"",https://thumbnails.veeqo.com/v3VwgxYmQvpXBM9jzOMCNp3j-nk4K_gaK_GfYfEJeOg/rs:fit:1000:1000/aHR0cHM6Ly9kcnl3/YWxsdG9vbGJveC5j/b20vd3AtY29udGVu/dC91cGxvYWRzLzIw/MjYvbWVkaWEvdGFw/ZXRlY2hfdHRmaW5p/c2g3XzEwXzAxLndl/YnA,US,0.0,oz,716872804,0,0,0,0.0,0.0,0.0,inches,6.875,,"Drywall Finishing Tools,TapeTech",{},,,false,42,100,0
MRX01TT,TapeTech Extension,Standard,179.0,0.0,TapeTech,"",https://thumbnails.veeqo.com/7P6DDAVfFYW6ZqKmHRehae57GuK6jBYFOarmLH1tpxo/rs:fit:1000:1000/aHR0cHM6Ly9kcnl3/YWxsdG9vbGJveC5j/b20vd3AtY29udGVu/dC91cGxvYWRzLzIw/MjYvbWVkaWEvdGFw/ZXRlY2hfbXJ4MDF0/dF8wMS53ZWJw,US,0.0,oz,716872807,0,0,0,0.0,0.0,0.0,inches,6.875,,"Drywall Finishing Tools,TapeTech",{},{},,,100,100,0.0
FHTTCAATT,TapeTech Fiberglass Handle with Adapter,Angle Box,115.0,0.0,TapeTech,"",https://thumbnails.veeqo.com/NUJX_2yj0ZA0RDj2Ru5XX1rP26zQsJYVNUBItbh4TMo/rs:fit:1000:1000/aHR0cHM6Ly9kcnl3/YWxsdG9vbGJveC5j/b20vd3AtY29udGVu/dC91cGxvYWRzLzIw/MjYvbWVkaWEvdGFw/ZXRlY2hfZmh0dGNh/YXR0XzAxLndlYnA,US,0.0,oz,716872809,0,0,0,0.0,0.0,0.0,inches,6.875,,"Drywall Finishing Tools,TapeTech",{},"{""Tool Application"":""Angle Box""}",,,100,100,0.0
FHTTCFA,TapeTech Fiberglass Handle with Adapter,Angle Head,125.0,0.0,TapeTech,"",https://thumbnails.veeqo.com/NUJX_2yj0ZA0RDj2Ru5XX1rP26zQsJYVNUBItbh4TMo/rs:fit:1000:1000/aHR0cHM6Ly9kcnl3/YWxsdG9vbGJveC5j/b20vd3AtY29udGVu/dC91cGxvYWRzLzIw/MjYvbWVkaWEvdGFw/ZXRlY2hfZmh0dGNh/YXR0XzAxLndlYnA,US,0.0,oz,716872813,0,0,0,0.0,0.0,0.0,inches,6.875,,"Drywall Finishing Tools,TapeTech",{},"{""Tool Application"":""Angle Head""}",,,100,100,0.0
FHTTNSA,TapeTech Fiberglass Handle with Adapter,Nail Spotter,120.0,0.0,TapeTech,"",https://thumbnails.veeqo.com/NUJX_2yj0ZA0RDj2Ru5XX1rP26zQsJYVNUBItbh4TMo/rs:fit:1000:1000/aHR0cHM6Ly9kcnl3/YWxsdG9vbGJveC5j/b20vd3AtY29udGVu/dC91cGxvYWRzLzIw/MjYvbWVkaWEvdGFw/ZXRlY2hfZmh0dGNh/YXR0XzAxLndlYnA,US,0.0,oz,716872814,0,0,0,0.0,0.0,0.0,inches,6.875,,"Drywall Finishing Tools,TapeTech",{},"{""Tool Application"":""Nail Spotter""}",,,100,100,0.0
90T,TapeTech Filler Adapter,Standard,79.0,0.0,TapeTech,"",https://thumbnails.veeqo.com/VZmX3waJdZqj1Jr9bc9MshyFDvy1jxyUUVZH2tGKB0E/rs:fit:1000:1000/aHR0cHM6Ly9kcnl3/YWxsdG9vbGJveC5j/b20vd3AtY29udGVu/dC91cGxvYWRzLzIw/MjYvbWVkaWEvdGFw/ZXRlY2hfOTB0XzAx/LndlYnA,US,0.0,oz,716872818,0,0,0,0.0,0.0,0.0,inches,6.875,,"Drywall Finishing Tools,TapeTech",{},{},,,71,100,0.0
TTFBC,TapeTech Flat Box Combo,Standard,1480.0,0.0,TapeTech,"",https://thumbnails.veeqo.com/hX9v8LLn1vWeH99D75PaVqX2ETEp6nGx1l4scWjQiCQ/rs:fit:1000:1000/aHR0cHM6Ly9kcnl3/YWxsdG9vbGJveC5j/b20vd3AtY29udGVu/dC91cGxvYWRzLzIw/MjYvbWVkaWEvdGFw/ZXRlY2hfdHRmYmNf/MDEud2VicA,US,0.0,oz,716872819,0,0,0,0.0,0.0,0.0,inches,6.875,,"Drywall Finishing Tools,TapeTech",{},,,false,42,100,0
TTFULL2SET,TapeTech Full Set X2 Contractors Pack,Standard,8756.0,0.0,TapeTech,"",https://thumbnails.veeqo.com/HGZ9A7qR6GgHoj7dB0e-LkHJMzjxN5YUIEjhhEJYEYI/rs:fit:1000:1000/aHR0cHM6Ly9kcnl3/YWxsdG9vbGJveC5j/b20vd3AtY29udGVu/dC91cGxvYWRzLzIw/MjYvbWVkaWEvdGFw/ZXRlY2hfdHRmdWxs/MnNldF8wMS53ZWJw,US,0.0,oz,716872821,0,0,0,0.0,0.0,0.0,inches,6.875,,"Drywall Finishing Tools,TapeTech",{},,,false,0,16,0
GSR-TT,TapeTech Gooseneck Riser,Standard,13.99,0.0,TapeTech,"",https://thumbnails.veeqo.com/0yVUrUwcgmQBI3sLp7YLeJY6sZb8Wsrq5Wt3sC37NJg/rs:fit:1000:1000/aHR0cHM6Ly9kcnl3/YWxsdG9vbGJveC5j/b20vd3AtY29udGVu/dC91cGxvYWRzLzIw/MjYvbWVkaWEvdGFw/ZXRlY2hfZ3NydHRf/MDIud2VicA,US,0.0,oz,716872823,0,0,0,0.0,0.0,0.0,inches,6.875,,"Drywall Finishing Tools,TapeTech",{},{},,,100,100,0.0
804003F,TapeTech Grip Assembly For Box Handle,Standard,73.91,0.0,TapeTech,"",https://thumbnails.veeqo.com/1TClZBc8QozKGNYCwc0xUT2I1cEPbPeH-ibhXT7eny4/rs:fit:1000:1000/aHR0cHM6Ly9kcnl3/YWxsdG9vbGJveC5j/b20vd3AtY29udGVu/dC91cGxvYWRzLzIw/MjYvbWVkaWEvdGFw/ZXRlY2hfODA0MDAz/Zl8wMS53ZWJw,US,0.0,oz,716872824,0,0,0,0.0,0.0,0.0,inches,6.875,,"Drywall Finishing Tools,TapeTech",{},{},,,100,100,0.0
14TT,TapeTech MudRunner® Compound Applicator,Standard,900.0,0.0,TapeTech,"",https://thumbnails.veeqo.com/7HN9-_vXOSxsnyutheX1_8u9_BxvRc5OR3p2p3zeIZk/rs:fit:1000:1000/aHR0cHM6Ly9kcnl3/YWxsdG9vbGJveC5j/b20vd3AtY29udGVu/dC91cGxvYWRzLzIw/MjYvbWVkaWEvdGFw/ZXRlY2hfMTR0dF8w/MS53ZWJw,US,111.99835658611276,oz,716872825,0,0,0,0.0,0.0,0.0,inches,6.875,,"Drywall Finishing Tools,TapeTech",{},"{""Model"":""Standard""}",,,73,100,0.0
MR01TT,TapeTech MudRunner® Compound Applicator,Pro,1099.0,0.0,TapeTech,"",https://thumbnails.veeqo.com/7HN9-_vXOSxsnyutheX1_8u9_BxvRc5OR3p2p3zeIZk/rs:fit:1000:1000/aHR0cHM6Ly9kcnl3/YWxsdG9vbGJveC5j/b20vd3AtY29udGVu/dC91cGxvYWRzLzIw/MjYvbWVkaWEvdGFw/ZXRlY2hfMTR0dF8w/MS53ZWJw,US,0.0,oz,716872826,0,0,0,0.0,0.0,0.0,inches,6.875,,"Drywall Finishing Tools,TapeTech",{},"{""Model"":""Pro""}",,,100,100,0.0
TTPFB,TapeTech Paper Faced Bead Pro Set,Standard,1949.0,0.0,TapeTech,"",https://thumbnails.veeqo.com/GadMwuccUalBAYMdwAWLZPqzovi93fQ0sa4i4SsiLX4/rs:fit:1000:1000/aHR0cHM6Ly9kcnl3/YWxsdG9vbGJveC5j/b20vd3AtY29udGVu/dC91cGxvYWRzLzIw/MjYvbWVkaWEvdGFw/ZXRlY2hfdHRwZmJf/MDEud2VicA,US,111.99835658611276,oz,716872829,0,0,0,0.0,0.0,0.0,inches,6.875,,"Drywall Finishing Tools,TapeTech",{},,,false,14,100,0
TTPPS-EF,TapeTech Pro Performance Easy Finish Set,Standard,7295.0,0.0,TapeTech,"",https://thumbnails.veeqo.com/opAOaEi8XJSBQ8jiei1MfL7wuWfa_pSP6QZDpfyyJWo/rs:fit:1000:1000/aHR0cHM6Ly9kcnl3/YWxsdG9vbGJveC5j/b20vd3AtY29udGVu/dC91cGxvYWRzLzIw/MjYvbWVkaWEvdGFw/ZXRlY2hfdHRwcHNl/Zl8wMS53ZWJw,US,111.99835658611276,oz,716872831,0,0,0,0.0,0.0,0.0,inches,6.875,,"Drywall Finishing Tools,TapeTech",{},,,false,-1,33,0
TTPPS,TapeTech Pro Performance Set,Standard,6625.0,0.0,TapeTech,"",https://thumbnails.veeqo.com/hKaTyld9F5nrBFwelteVVkTWBqmswIHiqMiEKWkUnb4/rs:fit:1000:1000/aHR0cHM6Ly9kcnl3/YWxsdG9vbGJveC5j/b20vd3AtY29udGVu/dC91cGxvYWRzLzIw/MjYvbWVkaWEvdGFw/ZXRlY2hfdHRwcHNf/MDEud2VicA,US,0.0,oz,716872835,0,0,0,0.0,0.0,0.0,inches,6.875,,"Drywall Finishing Tools,TapeTech",{},,,false,-1,33,0
TTPSS,TapeTech Professional Starter Set,Standard,4559.0,0.0,TapeTech,"",https://thumbnails.veeqo.com/aYAY_76vGkGviJhv_iotUXZQhpO2548lKLJgh91Z5c8/rs:fit:1000:1000/aHR0cHM6Ly9kcnl3/YWxsdG9vbGJveC5j/b20vd3AtY29udGVu/dC91cGxvYWRzLzIw/MjYvbWVkaWEvdGFw/ZXRlY2hfdHRwc3Nf/MDEud2VicA,US,0.0,oz,716872840,0,0,0,0.0,0.0,0.0,inches,6.875,,"Drywall Finishing Tools,TapeTech",{},,,false,-1,50,0
TTFFS,TapeTech Value Drywall Finishing Set,Standard,2556.0,0.0,TapeTech,"",https://thumbnails.veeqo.com/w9LM-fGnYfwB3DitypEWfIRVnj0T-2NFsBSp2Sn86f4/rs:fit:1000:1000/aHR0cHM6Ly9kcnl3/YWxsdG9vbGJveC5j/b20vd3AtY29udGVu/dC91cGxvYWRzLzIw/MjYvbWVkaWEvdGFw/ZXRlY2hfdHRmZnNf/MDEud2VicA,US,0.0,oz,716872845,0,0,0,0.0,0.0,0.0,inches,6.875,,"Drywall Finishing Tools,TapeTech",{},,,false,42,100,0
TTFTFS,TapeTech Value Full Drywall Taping & Finishing Set,Standard,4260.0,0.0,TapeTech,"",https://thumbnails.veeqo.com/pLhbUxQyVwj-i7GBlA_yDxBgzezyhs9FJgDqmnS5cJM/rs:fit:1000:1000/aHR0cHM6Ly9kcnl3/YWxsdG9vbGJveC5j/b20vd3AtY29udGVu/dC91cGxvYWRzLzIw/MjYvbWVkaWEvdGFw/ZXRlY2hfdHRmdGZz/XzAxLndlYnA,US,0.0,oz,716872849,0,0,0,0.0,0.0,0.0,inches,6.875,,"Drywall Finishing Tools,TapeTech",{},,,false,-1,100,0
